span_m,load_kNm,grade,section_type,h,b,tf,tw,util,mass,cost,co2,governing
6.0,20.0,355,rolled,250.11605146522834,125.47865021305653,8.000000001533492,6.0,1.0009999999168862,168.7580023099868,241.32394330328114,433.2017919297361,GA_co2
6.0,20.0,355,welded,265.79868832828356,138.0158657690052,8.18750133236517,6.000000044992405,0.9998912311182758,176.9336130919573,300.7871422563275,511.1612082226646,GA_co2
6.0,20.0,460,rolled,256.80849351583,121.58252434154068,8.000164455500684,6.0004335427750535,1.0009999258808997,167.66796737484748,268.68791771819303,394.18739129826645,GA_co2
6.0,20.0,460,welded,250.07060860641442,138.31077250132654,8.000033919840758,6.0,1.000999950810211,170.37977491503582,325.9365094124636,450.65450465026976,GA_co2
6.0,20.0,500,rolled,250.0003879315594,120.0,8.194771528653462,6.000000000776154,0.9952543275961959,166.58472823639767,291.8564438701687,370.05131530433374,GA_co2
6.0,20.0,500,welded,252.23397664546786,133.85836354652673,8.002746932328877,6.000031950991983,1.000892073122435,167.6688248282148,351.7021269596634,418.93732571577755,GA_co2
6.0,20.0,550,rolled,250.00013765933886,122.76733254501504,8.000081311298825,6.000021953719851,1.0009999998159418,166.57938890395053,318.66637097325736,352.04888050960903,GA_co2
6.0,20.0,550,welded,250.0,131.0181614102756,8.000001152580086,6.0,1.000999562210991,164.86370001238606,401.6747276330808,403.995084923823,GA_co2
6.0,20.0,620,rolled,250.0,120.0,8.0,6.0,0.9973738693832656,164.38842,348.5034504,324.33835266,GA_co2
6.0,20.0,620,welded,250.00011755713334,127.34576299791478,8.000013489255133,6.000000051602495,1.0009999756523213,162.0963549781911,449.0227391230936,374.17978941767706,GA_co2
6.0,20.0,690,rolled,250.0,120.0,8.0,6.0,0.9614782660824716,164.38842,395.76512115,303.033613428,GA_co2
6.0,20.0,690,welded,250.00001173282556,125.00081043667511,8.000000086936986,6.000000242059116,0.9958598671903235,160.3290177031582,523.2878207016804,352.08800632715145,GA_co2
6.0,30.909090909090907,355,rolled,288.4877152662101,145.34119790131402,8.664552898692595,6.000001333388901,1.000996012726102,205.01990684379967,293.1784667866335,526.2861008680337,GA_co2
6.0,30.909090909090907,355,welded,323.28740073338054,171.27212173707517,8.00191141605489,6.004998920120112,1.00098864114102,216.01219817847354,367.220736903405,624.05924053761,GA_co2
6.0,30.909090909090907,460,rolled,287.041863603607,144.82095288485135,8.0,6.008536281194792,1.0009908639775527,195.13459930317552,312.70319538333877,458.7614429617656,GA_co2
6.0,30.909090909090907,460,welded,297.3808657573104,161.22143633858175,8.0,6.000419684141751,1.0009999727276815,201.0202691779759,384.5517749374679,531.6986119757464,GA_co2
6.0,30.909090909090907,500,rolled,277.7003407827395,143.34749938090346,8.000001968387792,6.000302121680052,1.000964519904821,191.08628834787135,334.7831771854706,424.4790809359614,GA_co2
6.0,30.909090909090907,500,welded,300.19783704579004,154.91664390537622,8.000265689171464,6.0,1.0007419143841314,197.06321867007495,413.35980748234925,492.38215816904926,GA_co2
6.0,30.909090909090907,550,rolled,279.8575556587542,140.3199887776697,8.000037604457829,6.000293496627239,1.0009999615700624,189.33118266656015,362.19055244112957,400.13252144750817,GA_co2
6.0,30.909090909090907,550,welded,297.3624996683766,150.83739654869262,8.000001190342676,6.0,1.000999573475913,193.1841206860358,470.674739561673,473.39368970365126,GA_co2
6.0,30.909090909090907,620,rolled,286.16683709854414,139.9121605228813,8.000000343056321,6.000000730692025,1.000887605587576,190.87631425751377,404.65778622592927,376.59896803007473,GA_co2
6.0,30.909090909090907,620,welded,278.8819918019256,146.6495417533627,8.51196391680787,6.000009070244307,1.0009999952662252,191.58876300217815,531.4001482407507,442.6229076032757,GA_co2
6.0,30.909090909090907,690,rolled,286.2352312314712,136.60540362290777,8.000352139144832,6.006591167521027,1.0009999983472595,188.37266025816368,453.50717957152915,347.2461619198989,GA_co2
6.0,30.909090909090907,690,welded,278.2017628988277,142.25211090281786,8.590997834352832,6.000368005427646,1.000999811707586,188.88936021435455,617.4914004811046,415.2280892801162,GA_co2
6.0,41.81818181818181,355,rolled,395.43636487654663,147.11014292402587,8.740630742089067,6.000028784051295,1.000998282653467,239.33313899885005,342.24638876835553,614.3681678100481,GA_co2
6.0,41.81818181818181,355,welded,370.00597722237285,188.85292281007517,8.172810751511287,6.000000621415728,0.9999235585753649,245.338283328732,417.0750816588444,708.7823005367065,GA_co2
6.0,41.81818181818181,460,rolled,310.3925951760842,164.8286728062941,8.327494104041046,6.000056950688157,1.0009999992066676,222.9264228405671,357.2395926020087,524.1000200981733,GA_co2
6.0,41.81818181818181,460,welded,336.0502020763098,172.12621955202601,8.63517443712994,6.0000000314789,1.0009999994255754,230.10040849108157,440.182081443439,608.6155804589108,GA_co2
6.0,41.81818181818181,500,rolled,316.8388245869219,158.6988127817467,8.000008889850632,6.000671956147453,1.000999924872653,214.85323261720634,376.42286354534554,477.2749709358621,GA_co2
6.0,41.81818181818181,500,welded,331.1787748037299,169.03567729897802,8.568818170693346,6.0,0.9953048582144439,225.1906953407695,472.3600025467981,562.6614713784467,GA_co2
6.0,41.81818181818181,550,rolled,304.70386013052547,153.5232729487731,8.397364109731962,6.017628311886154,1.0008555874137004,213.19614247434276,407.84422055341776,450.568727505276,GA_co2
6.0,41.81818181818181,550,welded,322.52610559389456,164.34038503458663,8.651639442088808,6.000000177820471,1.0009961009322672,220.19082930270025,537.2976699600605,540.1183053414414,GA_co2
6.0,41.81818181818181,620,rolled,352.97715366399007,145.68547614411685,8.025073155429764,6.000690044169043,1.0009999955308184,215.62715038416238,457.1295588144243,425.4323677079524,GA_co2
6.0,41.81818181818181,620,welded,298.33334812738815,158.9302699405249,9.377490998167781,6.000001217184861,1.0009999158322662,219.401450247981,609.8603803112783,507.58157350252753,GA_co2
6.0,41.81818181818181,690,rolled,311.5542862918327,147.10206975984676,8.625436161018246,6.001121181887671,1.000999910847145,212.8439084965314,512.4217097053994,392.3564609225059,GA_co2
6.0,41.81818181818181,690,welded,300.09399100909314,154.0464398251273,9.29704088022487,6.000653657102638,1.0009955317412356,214.47152473100505,702.4600349840782,472.0347559815905,GA_co2
6.0,52.72727272727273,355,rolled,423.54898462271683,157.10200673233555,9.437667010935717,6.000002920343435,0.9954236450487924,266.73039611231815,381.42446644061494,684.6969268203206,GA_co2
6.0,52.72727272727273,355,welded,394.5261886981269,204.67471407736687,8.738961246749525,6.0028903517531065,1.0009876287503057,275.09547167214663,467.66230184264924,794.7508176608317,GA_co2
6.0,52.72727272727273,460,rolled,402.0306850586134,169.42449487148917,8.113869793898248,6.000312045984983,1.0009971226333125,250.45568070188477,401.35522832477034,588.8213053301312,GA_co2
6.0,52.72727272727273,460,welded,366.4020722669818,184.5777476673467,8.96846621436756,6.000128365377021,1.000995998790703,254.4150848251197,486.69605727045393,672.9278993624416,GA_co2
6.0,52.72727272727273,500,rolled,331.9369779632634,170.62545670818218,8.78891486654719,6.0000146068094775,1.000990125547743,241.606700700169,423.294939626696,536.7051249353555,GA_co2
6.0,52.72727272727273,500,welded,348.56406843529277,180.92803477951819,9.259915695744713,6.02499722395152,1.0001857973351773,251.47972580478324,527.5038728481134,628.3472428958314,GA_co2
6.0,52.72727272727273,550,rolled,324.90712525878126,164.98490743856445,8.80282555440799,6.000430422885279,1.0009744587820342,234.84240038450702,449.25351193556185,496.3159289726171,GA_co2
6.0,52.72727272727273,550,welded,342.3173667701362,174.85792886889388,9.338760408093327,6.000833379629257,1.000994310008183,245.29780779411158,599.5310565463457,602.3458616988374,GA_co2
6.0,52.72727272727273,620,rolled,377.18471996670945,153.9086612071769,8.56433752457154,6.001379488710503,1.0009997837755178,237.2398093887824,502.94839590421867,468.07414392406764,GA_co2
6.0,52.72727272727273,620,welded,321.6301588492133,171.55125061897678,9.603878852503549,6.000566274003818,1.0009999898309005,240.6725463360722,669.3656776627399,556.9943035492297,GA_co2
6.0,52.72727272727273,690,rolled,352.35363602466373,152.6998429611405,8.91651356596181,6.000614058632488,1.0009997998636977,233.94339147592964,563.2187149783007,431.2512478467287,GA_co2
6.0,52.72727272727273,690,welded,314.47391417510346,161.8401543895189,10.290413824529962,6.0,1.00078951195197,239.93506992151174,787.966153085516,528.9748422054952,GA_co2
6.0,63.63636363636363,355,rolled,420.6024064508294,173.23245248592693,10.211370408193924,6.000252989463326,1.0009619042760391,293.71624756897177,420.0142340236296,753.9696075095505,GA_co2
6.0,63.63636363636363,355,welded,576.7941959730945,188.65648972221416,8.074420851832796,6.000615059218141,1.0009861034199643,301.9487150708049,513.3128156203684,872.3298378395554,GA_co2
6.0,63.63636363636363,460,rolled,366.65645755710455,185.62559078651506,9.139320170628274,6.018443967685866,1.0009999955840687,271.4919159282962,435.0657952750947,638.2774943474244,GA_co2
6.0,63.63636363636363,460,welded,381.0648347784071,193.89304214710398,9.802178293032346,6.000046149859457,1.0009631247767292,281.1836035395432,537.904233571146,743.7306313620918,GA_co2
6.0,63.63636363636363,500,rolled,485.71455077550826,160.90940161258044,8.014346113350273,6.001804939074293,1.0009999135605805,266.96452807574656,467.721853188708,593.0350026674632,GA_co2
6.0,63.63636363636363,500,welded,355.32695100743905,194.263647247737,9.994075397664767,6.003054569454445,1.0001747739910858,277.70292785107256,582.5096614604099,693.8685355286899,GA_co2
6.0,63.63636363636363,550,rolled,344.11126610246157,174.65233331297614,9.256706300153537,6.0,1.0009911555311726,256.52297764518346,490.72845623523597,542.1356609553306,GA_co2
6.0,63.63636363636363,550,welded,364.5833450791155,182.97793336071655,9.880142230203704,6.006167925415295,0.9996164932245822,267.84645345337356,655.4826746015381,658.2720821479546,GA_co2
6.0,63.63636363636363,620,rolled,393.61014285353014,162.73858142637852,9.005734873131184,6.000270581935942,0.9995228335689599,256.41698942442923,543.60401757979,505.91072013439884,GA_co2
6.0,63.63636363636363,620,welded,333.7299252270523,180.59844685136036,10.33120462175426,6.00165178739022,1.000999921321065,264.2555501431264,736.2909824471437,612.2863041042026,GA_co2
6.0,63.63636363636363,690,rolled,356.5723513083676,161.81714337354356,9.623097057624909,6.005814104793959,1.0009973965499164,254.21266338823585,612.0169871071779,468.6156236898739,GA_co2
6.0,63.63636363636363,690,welded,332.0323338944718,172.50193508110496,10.505061644162618,6.001238284959081,1.0009819830057454,258.6169306328016,849.8123553002079,570.3721848749922,GA_co2
6.0,74.54545454545453,355,rolled,568.0086626091173,187.91661471935495,8.000001091111505,6.000002016163906,1.000997836146796,312.49226402435477,446.8639375548273,802.1676417505187,GA_co2
6.0,74.54545454545453,355,welded,577.3764270111778,201.89499589339877,8.777865705239716,6.00337044037883,0.9981079635633703,325.23611336826804,552.9013927260557,939.6071315209263,GA_co2
6.0,74.54545454545453,460,rolled,468.3826498532611,182.03234595684864,8.803552320099165,6.001068277588913,1.0009763854237432,292.2888118163184,468.3928209356502,687.1709965801647,GA_co2
6.0,74.54545454545453,460,welded,545.0509609072094,184.17232085039248,9.01268667128514,6.000000010489502,1.0009999498394406,305.2988263971269,584.0366548977037,807.5153958204006,GA_co2
6.0,74.54545454545453,500,rolled,478.21629679134696,168.42227807097947,9.111503452453476,6.002463422693715,1.000875041182007,288.33517366054286,505.1632242532711,640.5077547695297,GA_co2
6.0,74.54545454545453,500,welded,371.3121839758387,204.29665370300697,10.448328988095664,6.0009632002357405,1.0009998081350397,300.1187495955245,629.5290891515722,749.8767077393775,GA_co2
6.0,74.54545454545453,550,rolled,362.4916989154527,182.96566934463098,9.67234262181805,6.0,1.0004061751028472,276.863697320287,529.6402529737089,585.1237379166944,GA_co2
6.0,74.54545454545453,550,welded,377.4324466380911,191.29739090247057,10.49277690886174,6.0000014425525485,1.000999575248417,289.8140038215136,710.251329362646,712.9284609763555,GA_co2
6.0,74.54545454545453,620,rolled,402.12554637118126,171.46121001699888,9.492010839108255,6.003449459608506,1.000999937871197,274.7321245768923,582.4321041030117,542.0464817902085,GA_co2
6.0,74.54545454545453,620,welded,365.596495618675,185.5767444124734,10.4934590206615,6.00358716053642,1.0009995609022155,280.8845031090357,782.9439538653828,650.9868752832017,GA_co2
6.0,74.54545454545453,690,rolled,425.25221360996807,160.80375558856477,9.376307395888766,6.006440246329511,1.0009999970850973,269.8811987964293,649.7389861024036,497.4990018613377,GA_co2
6.0,74.54545454545453,690,welded,355.9283098278113,179.60021293642444,10.67617483407291,6.000910169199884,1.0008314718820224,275.1886656357232,904.6822790331838,607.0976306881107,GA_co2
6.0,85.45454545454545,355,rolled,608.9506847270294,189.5227660319929,8.436093436941388,6.000072266607512,1.0009999457458263,333.8300183700286,477.37692626914094,856.9416571558635,GA_co2
6.0,85.45454545454545,355,welded,616.5232703092339,206.24841995551628,9.070251217510199,6.0001964421458345,1.0009979296735203,345.3308000172583,587.0623600293391,997.6606812498592,GA_co2
6.0,85.45454545454545,460,rolled,521.9861243988194,183.3253607241537,8.77662520704693,6.000197689164032,1.000985128120693,308.8293105971016,494.89897023185523,726.0577092137859,GA_co2
6.0,85.45454545454545,460,welded,423.68146843972363,212.30222980423028,10.466251737891373,6.0,0.9975259472488852,323.13006588993244,618.1478160474406,854.6790242788713,GA_co2
6.0,85.45454545454545,500,rolled,526.8896418878853,173.93186964924686,8.823839450261477,6.0105970924267815,1.000999869677612,303.1760659942785,531.1644676219759,673.4753129996901,GA_co2
6.0,85.45454545454545,500,welded,395.68400017524147,207.36707050069936,11.011303018235553,6.004427810126698,0.999815886309857,320.7691883767552,672.8454495390818,801.4738940781607,GA_co2
6.0,85.45454545454545,550,rolled,495.1986912014677,171.41930679302084,9.205944040722175,6.012349081358108,0.9994966173788019,297.85568429547993,569.7979240572531,629.4882031900673,GA_co2
6.0,85.45454545454545,550,welded,377.9348308616672,204.48567593917844,10.992991976356118,6.001110475724503,1.0009917209678272,312.3628264713634,766.4109621177305,768.9925295530244,GA_co2
6.0,85.45454545454545,620,rolled,435.03111010679874,174.74513169407982,9.682511093513773,6.0000005824090215,1.0008282232684742,290.6935287304048,616.2702809084583,573.5383321850886,GA_co2
6.0,85.45454545454545,620,welded,371.3406783050872,191.70619419097468,11.358653461750995,6.0026719068319885,1.000999928208469,303.68762000841974,848.3270168011302,704.8087243602383,GA_co2
6.0,85.45454545454545,690,rolled,406.35472487661406,171.6910321967762,10.158997449669092,6.0,1.000994018866364,287.0683671615097,691.1170939413346,529.1818280255269,GA_co2
6.0,85.45454545454545,690,welded,366.45685510610434,185.4515591862203,11.315478048731803,6.000518571833971,1.000992833615292,294.84975795019693,970.9830862353222,651.1815644521242,GA_co2
6.0,96.36363636363636,355,rolled,601.0096612160404,196.30706974070412,9.564269154272456,6.0,1.000945744108907,358.36843910844755,512.46686792508,919.9317831913849,GA_co2
6.0,96.36363636363636,355,welded,594.5146457872418,224.6733891698249,9.671834203316829,6.000000095588815,1.000921291215161,367.2402759263988,624.3084690748778,1060.9571571513663,GA_co2
6.0,96.36363636363636,460,rolled,551.0514988545818,180.12467716499265,9.69129245546308,6.000094383870473,1.000990627475514,330.4259424114609,529.5075727143661,776.8313906093446,GA_co2
6.0,96.36363636363636,460,welded,437.00944049836744,221.74120331355797,10.783203357680941,6.000000437383789,1.0009996651012374,342.64399188520304,655.4779564763932,906.293358536362,GA_co2
6.0,96.36363636363636,500,rolled,516.5024029778442,181.49547107901105,9.769477347586719,6.000001943488945,1.0009992536882162,322.8429047904771,565.6207691929159,717.1632287015658,GA_co2
6.0,96.36363636363636,500,welded,508.1657997169218,203.62373539803423,10.539115337411038,6.004018044623627,1.0008900328562609,339.89765017512104,712.9693110073339,849.2682687275574,GA_co2
6.0,96.36363636363636,550,rolled,503.25485982443985,180.86310698422588,9.5168787207814,6.00137141658312,0.9919075658561414,313.9648297011786,600.6147192183546,663.5332710904709,GA_co2
6.0,96.36363636363636,550,welded,499.3711503463372,197.40191453492062,10.591092354142894,6.0027292302259,1.0009984122604911,332.1417910312883,814.1772936719568,817.1803033885323,GA_co2
6.0,96.36363636363636,620,rolled,460.9930866963798,174.65782592450984,10.323052657314586,6.00051630717283,1.0009956963868218,309.01032488754805,655.1018887616019,609.6773710031324,GA_co2
6.0,96.36363636363636,620,welded,384.7311885819515,197.14188457132266,11.869711042701045,6.0,1.0009999933616247,322.44589385464144,901.8641409673924,748.9510261324178,GA_co2
6.0,96.36363636363636,690,rolled,446.9049359225518,171.03847371750314,10.402182105826183,6.000000704214245,1.0009999810696204,302.4148736024709,728.0638081979487,557.4715779987947,GA_co2
6.0,96.36363636363636,690,welded,382.9593792602409,192.80156027759764,11.432466783981017,6.0,1.0009928009301525,309.3980886140875,1019.2113491234379,683.44752757393,GA_co2
6.0,107.27272727272727,355,rolled,617.7332296012947,214.96714073936093,9.236029829985613,6.003260503690549,0.9996898354286187,374.29555639369374,535.2426456429821,960.8166932626118,GA_co2
6.0,107.27272727272727,355,welded,610.8345011377863,233.03203760538426,10.014880766698763,6.0000124422970655,1.0009999029055516,386.8046019723303,657.5678233529617,1117.4784950980625,GA_co2
6.0,107.27272727272727,460,rolled,535.312180700723,200.8628455134833,9.691048958431361,6.0000776893165835,1.0009988405255548,345.6293195924195,553.8709846468522,812.5745303617783,GA_co2
6.0,107.27272727272727,460,welded,534.2203906492282,218.36576031298313,10.623032669057007,6.000003899816902,1.000999917118066,363.4830008050519,695.3429805400641,961.4125371293622,GA_co2
6.0,107.27272727272727,500,rolled,519.6670406001376,194.43495448999454,9.843027412923249,6.001575431537073,1.000999594670023,337.69509845832135,591.641812498979,750.155891715315,GA_co2
6.0,107.27272727272727,500,welded,518.72190783091,205.85964187141943,11.409056210238225,6.0127359674287355,1.000968173971307,361.68405749497174,758.6684790014529,903.7037860569363,GA_co2
6.0,107.27272727272727,550,rolled,499.79408632240904,184.7051759932919,10.426227107707659,6.000122408352285,1.0009995417374626,332.5979630109745,636.2599032399942,702.9125350273935,GA_co2
6.0,107.27272727272727,550,welded,419.99646089427245,215.16984519272737,11.473548784789319,6.00381768230213,1.0009963675685378,344.83489827937393,847.0407889205753,849.5673659807921,GA_co2
6.0,107.27272727272727,620,rolled,470.8102099823285,183.1935710048462,10.423382347689365,6.001024312884332,1.0009998523630583,322.40875918629985,683.5065694749558,636.1124818745695,GA_co2
6.0,107.27272727272727,620,welded,402.311433266196,204.3105505942706,11.981353362815659,6.000017364553575,0.9971445807397255,337.51543176870985,944.2743294439214,784.0929732433464,GA_co2
6.0,107.27272727272727,690,rolled,450.01524620101054,177.90182475315564,10.801675662666579,6.00002340083925,1.000999829525742,317.1923532268844,763.6405903937242,584.7123839384385,GA_co2
6.0,107.27272727272727,690,welded,388.89752013295356,198.5881493160727,12.018143662220673,6.00126242897298,1.000999972200492,327.95493673077885,1082.0421439559364,725.1636155996504,GA_co2
6.0,118.18181818181817,355,rolled,619.1120644606839,227.2604541979939,9.651231036099963,6.0,0.9999470103779133,394.9250741678912,564.7428560600844,1013.7726653889766,GA_co2
6.0,118.18181818181817,355,welded,627.3999193028505,238.73403935102476,10.442125699849353,6.024439080415226,1.0009999966488161,406.92979407820314,691.7806499329454,1175.6201750919288,GA_co2
6.0,118.18181818181817,460,rolled,548.0475292732317,204.5084098557909,10.271991855348627,6.0,1.0007785222345726,364.30722660844515,583.8023306400333,856.4862897564547,GA_co2
6.0,118.18181818181817,460,welded,549.5659512349151,224.68116976224093,10.933661397791017,6.00020369541756,1.0009982335629177,380.54326900086335,727.9792735986514,1006.5369465072837,GA_co2
6.0,118.18181818181817,500,rolled,522.7351014277581,203.18531679554718,10.246940139158104,6.004834774603383,1.0009828807175705,355.0834928826957,622.1062795304829,788.7824710896201,GA_co2
6.0,118.18181818181817,500,welded,546.1038869469158,211.19362704764947,11.363728854752976,6.161626557202072,1.000993682035295,377.9654580864402,792.820344882117,944.3844935747794,GA_co2
6.0,118.18181818181817,550,rolled,496.4849145643336,193.95782830834116,10.887105554357053,6.0,1.0009222427533429,349.7231551336867,669.0203957707425,739.1049160595335,GA_co2
6.0,118.18181818181817,550,welded,433.8740365886752,218.0189442577123,12.051260512410293,6.0000355574117075,1.0009998821777615,363.30348800933837,893.6033324810775,895.8606333660567,GA_co2
6.0,118.18181818181817,620,rolled,469.81949533850565,191.89219507795426,10.796849232095163,6.0000021043217275,1.000999998615674,337.92690136228714,716.4050308880487,666.7297763877925,GA_co2
6.0,118.18181818181817,620,welded,414.77807446473963,210.91316457328122,12.156355048476893,6.001319189978888,1.0009998784189809,351.8924795658881,984.9277690378024,817.7226526940165,GA_co2
6.0,118.18181818181817,690,rolled,446.7463162827036,187.02296736864366,11.106248617136592,6.0176178212883285,1.0009999703050891,331.79010449908606,798.7846765815497,611.6218786336151,GA_co2
6.0,118.18181818181817,690,welded,396.1255800916444,205.5251922659958,12.351280778134905,6.000326641841383,1.00098240842317,344.09649871550005,1136.3093131039655,761.2857373732555,GA_co2
6.0,129.09090909090907,355,rolled,627.0241923012416,233.19906036302896,10.213969814367715,6.000792219074653,1.0009998599139793,415.61163023868676,594.324631241322,1066.875054822709,GA_co2
6.0,129.09090909090907,355,welded,622.3877142847299,250.49276148415063,10.952407554854142,6.0457229710400355,0.9995437364830009,429.42722663120594,730.0262852730501,1240.615257737554,GA_co2
6.0,129.09090909090907,460,rolled,543.94204480432,218.31746487480257,10.505643140327248,6.0065670979593,1.0009996563788661,382.19563071396817,612.4684982191341,898.5419278085392,GA_co2
6.0,129.09090909090907,460,welded,551.7754812377304,225.1519189038589,12.038627111137332,6.000034497018872,1.0009999708444994,404.4593598965306,773.7307554820629,1069.7950069263234,GA_co2
6.0,129.09090909090907,500,rolled,526.9243154619058,203.26354132806748,11.281009627347528,6.000091192396594,1.0009628719000974,376.46410586462173,659.5651134748174,836.2773647676707,GA_co2
6.0,129.09090909090907,500,welded,462.379514713389,235.0558118621299,11.947122525636345,6.000061765931527,1.0007972033058716,388.4534759138991,814.8200110769949,970.5898549184683,GA_co2
6.0,129.09090909090907,550,rolled,509.43406107008445,203.57654983660734,10.80488433939099,6.009535623980339,0.9999033617923355,362.54667309860713,693.5517856376355,766.2061389265963,GA_co2
6.0,129.09090909090907,550,welded,435.1453782473512,229.16843868320933,12.317654358624821,6.0000171066792625,1.000999897036035,381.91989598570154,939.9773697546511,942.1529345412144,GA_co2
6.0,129.09090909090907,620,rolled,468.1183748822183,199.3617260140565,11.293848422578021,6.0085183427839235,1.0004211914115704,355.0919187424205,752.7948677339315,700.5963556787957,GA_co2
6.0,129.09090909090907,620,welded,425.72648269671606,217.17420958745893,12.60286718047097,6.0,0.9873086390234721,371.0142325581046,1039.5945436959057,862.7695745293896,GA_co2
6.0,129.09090909090907,690,rolled,459.18599844305123,191.99262147185948,11.312838728917988,6.048997128283854,1.0009983307200272,345.42909296910693,831.6205413231249,636.7639899792517,GA_co2
6.0,129.09090909090907,690,welded,410.26538750347225,209.11529641625862,12.668246484245724,6.057231199613755,1.0009845984941501,359.3660078573254,1187.9212795785818,795.5741858549804,GA_co2
6.0,140.0,355,rolled,624.9855268062353,240.47953153943598,10.911900305233882,6.0113794377571255,1.00096071500412,438.8642311021214,627.5758504760335,1126.5644812391452,GA_co2
6.0,140.0,355,welded,614.1397339845116,263.971981065383,11.417845726064236,6.0001916052590065,1.0009999121040478,451.02584442378856,766.7439355204407,1303.0136645403252,GA_co2
6.0,140.0,460,rolled,527.2485988133475,228.61776745552538,11.369690023839958,6.000218407676156,1.000997739966571,406.80653352356745,651.9074699715168,956.4021603139072,GA_co2
6.0,140.0,460,welded,556.2546443250812,232.6221551863533,12.42810073950068,6.000000475424462,1.0009997925461473,422.51027057961807,808.2621476188093,1117.5396656830899,GA_co2
6.0,140.0,500,rolled,518.2126800889201,219.6696736430196,11.476719113855912,6.000438663672719,0.9911658471939594,396.32974828520474,694.3697189956787,880.4069028407538,GA_co2
6.0,140.0,500,welded,474.2526329240078,238.51548366167737,12.431113306612398,6.0147763544234465,1.0009997729049651,406.61471426062616,852.9150246330895,1015.9675250516005,GA_co2
6.0,140.0,550,rolled,495.1131799078966,215.12587938413674,11.369004858769737,6.000000039798666,1.0009999949585109,382.0787157637878,730.9165832561259,807.4851578951891,GA_co2
6.0,140.0,550,welded,452.07176033129235,227.9595608868774,12.976039319148281,6.002760619325676,1.0009978157807604,399.12157994857023,983.828689480462,985.5902271811697,GA_co2
6.0,140.0,620,rolled,474.9566962844097,198.96524764438703,12.220109940029898,6.000001146282746,1.000997906206193,374.1692984804448,793.238912778543,738.2360259019175,GA_co2
6.0,140.0,620,welded,433.1722578759509,223.01905839384727,12.76738663401044,6.00039269629316,1.0005195439639423,383.4281981754146,1074.8176277795187,891.8717617275444,GA_co2
6.0,140.0,690,rolled,456.39372316422157,195.83293068541835,12.114302236090216,6.003488368132406,1.0009137614549426,362.96294916781295,873.8333001215098,669.0859004959464,GA_co2
6.0,140.0,690,welded,420.14223678867637,213.28837135429194,13.057794086039337,6.004129079960674,1.0004747041253803,373.7826858015023,1236.6885823766959,827.9637320304251,GA_co2
6.818181818181818,20.0,355,rolled,265.40544242776167,145.55065613906157,8.499925697406155,6.0065835828256855,1.0009999966396095,222.9076487182779,318.7579376671374,572.2039342598192,GA_co2
6.818181818181818,20.0,355,welded,313.35310293447515,162.6344779172593,8.000000180063486,6.000001586171578,1.0009875627051932,234.7651753629754,399.1007981170582,678.236591623636,GA_co2
6.818181818181818,20.0,460,rolled,274.1688656737796,141.3902985759499,8.000057660301685,6.000051696110821,1.0009999999493622,214.18999450696893,343.2394661974177,503.56067708588404,GA_co2
6.818181818181818,20.0,460,welded,282.678296193814,158.0219421517165,8.000005775067041,6.0,1.0009999891896602,220.96443728586596,422.7049685278615,584.4509366211155,GA_co2
6.818181818181818,20.0,500,rolled,274.9959823920038,138.25123884641434,8.000052961123632,6.0003978141553524,1.000987863732075,211.65125723996596,370.8130026844204,470.16210283286034,GA_co2
6.818181818181818,20.0,500,welded,273.11321967383054,157.16264833423799,8.000000001339044,6.000000003936204,1.000999999970027,217.15678151277402,455.5080649011948,542.5879342878172,GA_co2
6.818181818181818,20.0,550,rolled,275.07516535363663,138.27693219466244,8.000007527212295,6.0,1.0001998743732707,211.6945945508462,404.9717593757688,447.3953561237584,GA_co2
6.818181818181818,20.0,550,welded,271.1051888911763,153.11642026398252,8.043611499469728,6.000085538235318,1.0009998573018488,213.73485486000547,520.7982601398263,523.7883274600131,GA_co2
6.818181818181818,20.0,620,rolled,275.2152645818339,138.00754149701393,8.000253228970996,6.000002370991115,1.0006228458127056,211.50328371214565,448.38696146974877,417.2959787640633,GA_co2
6.818181818181818,20.0,620,welded,270.7773061435067,147.34700396681424,8.206920483732379,6.0000003021246044,1.0008742776083708,211.1316994819622,585.1585356268474,487.5338181654958,GA_co2
6.818181818181818,20.0,690,rolled,279.06222600120157,136.086630493531,8.000329878792414,6.002140489264603,1.0009999742282036,211.105880624335,508.23740760308647,389.15258034289906,GA_co2
6.818181818181818,20.0,690,welded,270.3269295049496,140.20605304782597,8.710819561073457,6.0,1.0009831448610618,211.95272972527852,693.1108053872035,466.0227239089755,GA_co2
6.818181818181818,30.909090909090907,355,rolled,346.3539921675247,180.36857976207955,8.000068572189761,6.0,1.0009992444076132,273.57860515976296,391.217405378461,702.2762794451115,GA_co2
6.818181818181818,30.909090909090907,355,welded,364.0629265962858,190.9029624140248,8.324414575888799,6.0001134567902445,1.0009998125655306,281.68127205405534,478.85816249189406,813.7771949641657,GA_co2
6.818181818181818,30.909090909090907,460,rolled,322.56804480671804,165.9744608849378,8.000009660863864,6.001566949288042,1.0009999628168702,252.64104230833894,404.85727029911317,593.9590904669047,GA_co2
6.818181818181818,30.909090909090907,460,welded,340.90392051962027,172.84951358441396,8.77533237575602,6.002064185714994,1.00098397705474,266.24403586447033,509.3248406087317,704.2154748615241,GA_co2
6.818181818181818,30.909090909090907,500,rolled,316.0917936136598,158.70188143978027,8.37746167396,6.027949950522504,1.0009998958298292,250.8394427678528,439.4707037292781,557.2147381645083,GA_co2
6.818181818181818,30.909090909090907,500,welded,319.66101342543595,171.21664891244757,9.139873725643008,6.000002189343695,1.0009999318182925,264.2997958253856,554.3952517233289,660.3794698493084,GA_co2
6.818181818181818,30.909090909090907,550,rolled,314.9938073056277,157.6013565903434,8.230741266375945,6.017127203121678,1.0007078418266135,246.75004366394884,472.0328335291341,521.4815422793895,GA_co2
6.818181818181818,30.909090909090907,550,welded,320.23892695291835,163.36387789470393,9.391440293786065,6.000677524944902,1.000902750579431,261.0509328686415,638.1118935666021,641.0808609595352,GA_co2
6.818181818181818,30.909090909090907,620,rolled,342.22911993763074,151.27499399731113,8.449195600672534,6.002230051909616,1.0007475699992419,253.40145754662245,537.2110899988395,499.96107573948615,GA_co2
6.818181818181818,30.909090909090907,620,welded,308.1500092546297,162.01606636129114,9.336547280607109,6.007136164903355,1.000832652555613,254.99664736680327,708.7429379928586,589.898518086166,GA_co2
6.818181818181818,30.909090909090907,690,rolled,316.1934614999344,151.32023564993008,8.80763041428875,6.0,0.9992293441637645,250.47915705941807,603.0285706205491,461.7332781233313,GA_co2
6.818181818181818,30.909090909090907,690,welded,307.20217400212243,157.84221435137812,9.372670875515235,6.000460619306087,1.0009974105609394,251.00446968702488,822.2839913462127,552.5121561513585,GA_co2
6.818181818181818,41.81818181818181,355,rolled,463.06758315411827,185.3548344520022,8.000000693725932,6.0,1.0009999607350022,317.41585188771654,453.9046681994346,814.8064917957684,GA_co2
6.818181818181818,41.81818181818181,355,welded,397.9826476973683,210.18377663294385,9.185162407092808,6.0,0.9899870183662388,328.56629147754757,558.5626955118308,949.2280160786347,GA_co2
6.818181818181818,41.81818181818181,460,rolled,353.9145488327625,180.56049958669647,8.750501007296249,6.003662673048279,1.0009983591171876,291.0934293605862,466.4772205503393,684.360652426738,GA_co2
6.818181818181818,41.81818181818181,460,welded,457.983151799315,183.1011881414173,8.852362698329904,6.003902735361579,1.000967705091065,314.9890163856641,602.5739883457754,833.1459483400816,GA_co2
6.818181818181818,41.81818181818181,500,rolled,345.1339051498643,176.1725372968733,8.795143854934334,6.000000386674437,1.0009999032227477,284.60157987096784,498.62196793393565,632.213949525368,GA_co2
6.818181818181818,41.81818181818181,500,welded,360.80531853160215,182.22786220820169,9.85636387401255,6.036893173199211,1.0009573886471184,302.4755453391763,634.4727039034561,755.7653975844659,GA_co2
6.818181818181818,41.81818181818181,550,rolled,376.88954750815026,169.2475324927496,8.888863601091355,6.000023527653677,1.0009998987707496,290.183722193818,555.1214605567739,613.274278484415,GA_co2
6.818181818181818,41.81818181818181,550,welded,357.05557498449247,179.74663462263368,9.68629899725663,6.0,0.9927224855255166,294.8169454738902,721.147262800035,724.3319654897226,GA_co2
6.818181818181818,41.81818181818181,620,rolled,335.88177236892045,168.22653628286534,9.446070027294914,6.002388561921398,1.0009352946462773,285.5382338934508,605.3410558541157,563.3669354717786,GA_co2
6.818181818181818,41.81818181818181,620,welded,329.42640687389326,177.76215724553978,10.011277341189867,6.000000682827354,1.000989131124652,289.861740892173,806.9903482824021,671.2710348795902,GA_co2
6.818181818181818,41.81818181818181,690,rolled,347.8823252376346,161.93623888067137,9.45835275470083,6.000026058921303,1.0004224716098689,283.07943275818013,681.5137343653186,521.8286263464291,GA_co2
6.818181818181818,41.81818181818181,690,welded,327.0516672017202,170.60086564893388,10.307304373374201,6.000000087949724,1.0009993703169147,286.64056314469383,941.3935573544113,631.9627251269,GA_co2
6.818181818181818,52.72727272727273,355,rolled,542.4114656657792,189.88287121269138,8.097373265659034,6.000006376549479,1.0009999599963835,350.25428329569183,500.8636251128394,899.1027452200409,GA_co2
6.818181818181818,52.72727272727273,355,welded,529.9544563029801,206.5890350906107,9.29784818799761,6.03877193301952,1.0009972956207214,370.8935475115817,630.5190307696889,1071.5114587609592,GA_co2
6.818181818181818,52.72727272727273,460,rolled,378.73115266493875,192.4580808973878,9.502732137478388,6.000002701808483,1.0009995608191329,326.85878869802724,523.7912088885885,768.4450122290621,GA_co2
6.818181818181818,52.72727272727273,460,welded,394.5401383403064,203.71136670507036,10.080744349182426,6.003333769041165,1.000988620038054,340.11789953008923,650.6455418010606,899.6118442570861,GA_co2
6.818181818181818,52.72727272727273,500,rolled,358.9757608486597,185.94831031537095,10.007666653969382,6.000542116080394,1.0009025860617118,323.46738099399,566.7148515014705,718.5504401400492,GA_co2
6.818181818181818,52.72727272727273,500,welded,385.7681033345426,198.7332312438125,10.122936145424806,6.020959215276562,1.0005815931148945,333.1426923480239,698.8001114692149,832.3903311007725,GA_co2
6.818181818181818,52.72727272727273,550,rolled,434.0496603835144,173.6179095414257,9.209213970387411,6.008129856806156,1.0009999824861593,320.048896455082,612.2535389185718,676.3913377681704,GA_co2
6.818181818181818,52.72727272727273,550,welded,376.8296491660291,191.97738193720278,10.332155694358503,6.0016362049303975,1.0000727522406676,326.73779461895293,800.4427989380052,803.5618085839328,GA_co2
6.818181818181818,52.72727272727273,620,rolled,425.18437448547115,168.61323087233933,9.35027865590325,6.0002782162936175,1.0009998611087545,314.2740140606836,666.2609098086492,620.0626297417288,GA_co2
6.818181818181818,52.72727272727273,620,welded,354.6816380173804,185.23810694427368,10.943367366512419,6.000449752268315,1.0009998427819806,323.8754643561158,903.7819261696364,751.1602941149579,GA_co2
6.818181818181818,52.72727272727273,690,rolled,376.3654209407902,170.15346771099507,10.012405052052767,6.00005993698333,1.0009926780197091,311.6427001779645,750.2798006784495,574.4821535080598,GA_co2
6.818181818181818,52.72727272727273,690,welded,347.6698276807788,176.63427031175613,11.499177927170761,6.000669402556528,1.000999872497027,321.70070575126965,1059.929902856325,710.7051159002526,GA_co2
6.818181818181818,63.63636363636363,355,rolled,574.8261075495373,198.16747242824778,8.799507735200663,6.000594035315763,0.998997103917746,383.9082611864102,548.9888134965665,985.4925064655149,GA_co2
6.818181818181818,63.63636363636363,355,welded,587.7962093294511,212.6482976740893,9.594512814352036,6.000750253795184,1.0009999790738031,401.0234944539733,681.7399405717547,1158.5568754775286,GA_co2
6.818181818181818,63.63636363636363,460,rolled,526.3560770495569,185.43359757663396,8.883215459900667,6.011484485907296,1.0009024487727918,356.9679866190896,572.041198557091,839.2317365414798,GA_co2
6.818181818181818,63.63636363636363,460,welded,412.23969642784823,213.7906690707729,10.937362417594663,6.000028338759391,1.0009999932560079,375.6660113155413,718.6490796466304,993.6365999296067,GA_co2
6.818181818181818,63.63636363636363,500,rolled,488.2855548951595,184.70407096526188,9.315457947073813,6.000000186359897,1.0009994853851925,351.7562143819161,616.276887597117,781.3912546279884,GA_co2
6.818181818181818,63.63636363636363,500,welded,399.6084321745985,210.49200594175446,10.893281118467332,6.000000357981067,1.0009999902779412,366.782073138031,769.362076614334,916.4416879426843,GA_co2
6.818181818181818,63.63636363636363,550,rolled,493.60345179342664,176.09310248300486,9.426113786134868,6.000616361373399,1.00033438547478,346.6653432397468,663.1708016176354,732.6425364028809,GA_co2
6.818181818181818,63.63636363636363,550,welded,392.58560923941735,200.2218177681161,11.257473168910307,6.00011852242235,1.0009999620349317,360.12506506404213,884.1447097436113,886.9368922887817,GA_co2
6.818181818181818,63.63636363636363,620,rolled,449.6854616524653,175.5937083879107,9.90909993949439,6.003339735324841,1.0009999991965908,340.5982947854872,722.0683849452328,672.0004356117663,GA_co2
6.818181818181818,63.63636363636363,620,welded,381.32529954182417,193.27756384752084,11.399726390556708,6.07082759561933,1.00099993897867,352.3492818037907,984.5265029300406,817.8870078657718,GA_co2
6.818181818181818,63.63636363636363,690,rolled,405.9540387786261,176.99967281072605,10.382423360595805,6.000031506959679,1.0009998869502745,336.4355292006843,809.9685365506475,620.1852545285415,GA_co2
6.818181818181818,63.63636363636363,690,welded,369.1266911734729,190.68096378738935,11.355981894074807,6.003599287931457,1.0009996674071346,343.1060706068999,1130.030304274764,757.8128990970614,GA_co2
6.818181818181818,74.54545454545453,355,rolled,619.9692750395584,203.20590984888747,9.18051466316163,6.0000055470954425,1.0009928799102503,412.5402617288244,589.9325742722189,1058.9908518578923,GA_co2
6.818181818181818,74.54545454545453,355,welded,619.208253245431,216.88235375156324,10.437920596592067,6.0000709217685,1.000986198130003,434.4781505507666,738.6128559363033,1255.2073769411647,GA_co2
6.818181818181818,74.54545454545453,460,rolled,539.4400598965024,192.02223487306236,9.767583928915734,6.0,1.0009999884828487,386.12080847360704,618.7585955789552,907.7700207214501,GA_co2
6.818181818181818,74.54545454545453,460,welded,526.8119992920667,213.52368530354204,10.82898516851462,6.000438746994012,1.0009855918703263,409.75048834860604,783.8526842108835,1083.7900416820628,GA_co2
6.818181818181818,74.54545454545453,500,rolled,486.60353481560486,198.0868842355078,9.968419801878822,6.000254998092532,1.0009998155067317,379.3055535148603,664.5433297580354,842.5893565779106,GA_co2
6.818181818181818,74.54545454545453,500,welded,431.2661011135991,217.832952467772,11.183243928819929,6.0,1.0009999840801445,392.08372337942143,822.4348181606744,979.6603912358224,GA_co2
6.818181818181818,74.54545454545453,550,rolled,487.7472800120245,189.83507620858742,9.950330170975018,6.002001902116878,1.0009998797021435,370.1178297346534,708.035408282392,782.2070213612164,GA_co2
6.818181818181818,74.54545454545453,550,welded,414.09880533143956,210.74897103687817,11.52742447495045,6.000114551614197,1.0009077985074253,385.6362932650377,947.3750228581803,950.1630048406488,GA_co2
6.818181818181818,74.54545454545453,620,rolled,440.5699670280506,188.55634327170176,10.56762372633551,6.000656297158334,1.0009999716046123,365.40886464350064,774.6667930442213,720.9516899416268,GA_co2
6.818181818181818,74.54545454545453,620,welded,399.1047475659096,204.54225817569917,11.765019591607752,6.070848014803365,0.9890398613705655,379.6337245227284,1061.7263386809548,881.7346451485249,GA_co2
6.818181818181818,74.54545454545453,690,rolled,442.02178768244306,180.89176254309947,10.739693033257561,6.000048462738189,0.9965076774726215,360.16271360171527,867.0917329961295,663.9239462534019,GA_co2
6.818181818181818,74.54545454545453,690,welded,385.2479861484013,198.4156968779732,11.916175103814256,6.000165668043444,1.000999998067281,369.160490543295,1217.6579141056604,816.1327761753199,GA_co2
6.818181818181818,85.45454545454545,355,rolled,621.047849949967,218.9324612560175,9.76714494666407,6.000067974009534,0.9976257519657923,443.17369645244133,633.738385926991,1137.6268787934168,GA_co2
6.818181818181818,85.45454545454545,355,welded,616.2778937048816,240.96528105784716,10.412600914431815,6.000001853863137,1.0009992651837591,459.806677877325,781.6713523914525,1328.3814923875918,GA_co2
6.818181818181818,85.45454545454545,460,rolled,532.076460775033,203.1475981878163,10.676838666283155,6.0,1.0009754477362358,416.00000324681315,666.6400052030181,978.0160076332577,GA_co2
6.818181818181818,85.45454545454545,460,welded,459.9504297368472,234.50819464455873,11.517658710601767,6.000586699304611,1.0009996243134502,429.4512548768059,821.5402505793295,1135.8985691491516,GA_co2
6.818181818181818,85.45454545454545,500,rolled,514.3826652169492,203.35150375973558,10.389177027523461,6.000694902960498,1.000999975033253,403.9168796631402,707.6623731698215,897.2609564836997,GA_co2
6.818181818181818,85.45454545454545,500,welded,519.5488171597868,214.97102037762357,11.978027397762474,6.000000974948348,1.000999995206549,434.7873042114991,912.0098493140405,1086.3595583028516,GA_co2
6.818181818181818,85.45454545454545,550,rolled,503.9580641599472,195.76791377726897,10.565168831518696,6.002250096333729,1.000999956894629,395.341858822973,756.2889759283473,835.5154844364711,GA_co2
6.818181818181818,85.45454545454545,550,welded,419.00887744235814,220.0239568727367,12.413251068891899,6.0,0.9963172149772626,418.9501907509973,1031.3458165728048,1033.6546207529,GA_co2
6.818181818181818,85.45454545454545,620,rolled,470.76766197957113,188.11795493191048,11.398653086640344,6.00009398783372,1.00099952788207,392.0683854072725,831.1849770634177,773.5509244085487,GA_co2
6.818181818181818,85.45454545454545,620,welded,421.855301764406,211.41698947469254,11.925222167825549,6.000059302352566,1.000971883614847,397.69751459489225,1112.4922912981206,923.8212489974344,GA_co2
6.818181818181818,85.45454545454545,690,rolled,455.8548454184447,188.08888929918058,11.082737148700229,6.0003763779224935,1.0008839738494415,380.54379938732285,916.1591970249799,701.494439790591,GA_co2
6.818181818181818,85.45454545454545,690,welded,399.6902592664698,205.15313487828618,12.52151350557353,6.045711367940679,0.9963048996733307,396.2107946874318,1309.1613307416696,876.9060814123096,GA_co2
6.818181818181818,96.36363636363636,355,rolled,626.9932119588285,236.00064819723994,10.059761872232098,6.0,0.9969648601317896,471.4782744408262,674.2139324503815,1210.2847304896009,GA_co2
6.818181818181818,96.36363636363636,355,welded,615.0140031738591,254.356414674665,11.077123732579823,6.0021811860354495,1.0009985872440081,492.0626183167917,836.5064511385458,1421.5689043172115,GA_co2
6.818181818181818,96.36363636363636,460,rolled,536.0943712460274,221.21871953906208,10.661124333472591,6.000157131400493,1.0009999873630353,438.6655223681633,702.9614995949815,1031.3026430875518,GA_co2
6.818181818181818,96.36363636363636,460,welded,544.5065245707178,231.15310429814147,12.176387471764963,6.001737718201922,1.0009943702272193,468.37984331761254,896.0106402665926,1238.8646855750853,GA_co2
6.818181818181818,96.36363636363636,500,rolled,435.7149525473667,229.0040423959126,11.50025777632494,6.000651962576378,1.0009999912506298,435.19089077672896,762.4544406408293,966.7330447714259,GA_co2
6.818181818181818,96.36363636363636,500,welded,569.8127544642363,222.98023062515057,11.297079799216503,6.443667138748639,1.000999517735887,458.3764183267425,961.4903750821752,1145.299318831199,GA_co2
6.818181818181818,96.36363636363636,550,rolled,512.4355496649299,205.16743032119956,10.944949944017788,6.030024543607236,1.0009999622980912,418.6307762849748,800.8406750331567,884.7342826006656,GA_co2
6.818181818181818,96.36363636363636,550,welded,445.0548891703898,227.8426860281741,12.375784505681542,6.000365823157184,1.000999837342857,436.8224012054238,1075.2494946262923,1077.6882382299423,GA_co2
6.818181818181818,96.36363636363636,620,rolled,476.68620619644497,200.05782043407345,11.479122209580854,6.00001771852964,1.0009998596808491,411.1144779043299,871.5626931571794,811.1288649052428,GA_co2
6.818181818181818,96.36363636363636,620,welded,428.32888148191853,218.60300132093437,12.64323937936188,6.0103463081416795,1.0009815194224785,425.51234896913684,1192.4498661451953,989.5813878676552,GA_co2
6.818181818181818,96.36363636363636,690,rolled,447.71112025646244,197.94047790311157,11.74297161875414,6.027601289210119,1.0009999971370573,404.9622142432918,974.946530790725,746.5073457360841,GA_co2
6.818181818181818,96.36363636363636,690,welded,409.15557482017164,211.47649212513576,13.104450601734689,6.000000072933045,1.0009999999167247,419.63137830654557,1388.5402140772183,929.5900843361026,GA_co2
6.818181818181818,107.27272727272727,355,rolled,620.6374229866447,247.04526164375,10.904605121127585,6.000326038271605,1.0009841199706035,504.7234874052798,721.7545869895499,1295.625192169353,GA_co2
6.818181818181818,107.27272727272727,355,welded,626.5895602662537,262.37811868572965,11.69617769663804,6.001792095096133,1.0009279678882228,522.2697638406535,887.8585985291108,1508.8373477356477,GA_co2
6.818181818181818,107.27272727272727,460,rolled,541.7882172159057,231.10414976149968,11.187631157559444,6.0000231900167025,1.0009999779351983,465.7484053964076,746.361819647743,1094.9745010869544,GA_co2
6.818181818181818,107.27272727272727,460,welded,493.50962515288444,249.43419767847644,12.451280334237193,6.004410800097348,1.0009193184917198,483.0565059672265,924.0870959153042,1277.684458283314,GA_co2
6.818181818181818,107.27272727272727,500,rolled,531.7539638461499,220.84771489663268,11.362724221288376,6.056464800298905,1.000916287838548,455.3106408528482,797.7042427741902,1011.427057590517,GA_co2
6.818181818181818,107.27272727272727,500,welded,474.8546051403748,244.54885776766886,12.504921630646729,6.001559930502387,1.0009982193053828,471.8509525067071,989.7545579780688,1178.9667899332583,GA_co2
6.818181818181818,107.27272727272727,550,rolled,507.6699814352283,214.64011072261795,11.669111913622054,6.0,1.0004805018030885,444.831398780344,850.962465866798,940.1066781823789,GA_co2
6.818181818181818,107.27272727272727,550,welded,457.3455023763448,237.28989817981915,12.656226596808082,6.000051484419504,1.0009999919301553,460.2210568338723,1133.5859328139231,1135.9051514835953,GA_co2
6.818181818181818,107.27272727272727,620,rolled,477.9485616930011,211.05531045294967,11.769109559408287,6.017773218285388,1.0009999676114125,432.8663820382605,917.6767299211123,854.045371761488,GA_co2
6.818181818181818,107.27272727272727,620,welded,433.093225826616,229.5152705712919,12.966972224804687,6.000002704701518,1.0009999895768467,449.33362891833144,1260.183328496329,1045.502521511194,GA_co2
6.818181818181818,107.27272727272727,690,rolled,460.9337403048391,203.05271682599832,12.184978795699525,6.042065720842944,1.0009910465768235,426.332063231295,1026.394442229343,785.9005253605691,GA_co2
6.818181818181818,107.27272727272727,690,welded,419.2913244603299,214.6714576254799,13.962592496875791,6.001668054618366,1.0003534624949209,446.57168262361915,1481.0780380551712,990.7154508948497,GA_co2
6.818181818181818,118.18181818181817,355,rolled,636.6882706462405,259.01151658496565,11.097640772160934,6.1413912985381955,0.9978041985340981,535.1635379500098,765.2838592685139,1373.7648019176752,GA_co2
6.818181818181818,118.18181818181817,355,welded,625.073648756753,276.7614238456924,12.15534277452191,6.002556310716988,1.0009140580746803,553.123852408882,940.3105490950994,1597.9748096092599,GA_co2
6.818181818181818,118.18181818181817,460,rolled,595.8188021303491,220.86519513515105,11.634253824396705,6.434258422488581,1.0009934327052827,495.8504437794512,794.6003361565706,1165.74439332549,GA_co2
6.818181818181818,118.18181818181817,460,welded,510.22265135616425,256.90538527963685,12.766847451385953,6.0001241549864455,1.0009394873083257,506.749844241558,969.4124520341003,1340.3533380189208,GA_co2
6.818181818181818,118.18181818181817,500,rolled,537.7877926017204,214.52075589906397,13.161029461205354,6.0001405303377675,1.0009813610636438,489.8008731818031,858.131129814519,1088.0436596860575,GA_co2
6.818181818181818,118.18181818181817,500,welded,490.8158110578647,246.93057667187594,13.19922325595863,6.0000057044960755,1.0009996438375766,498.03381877657586,1044.6757382657456,1244.3872995951524,GA_co2
6.818181818181818,118.18181818181817,550,rolled,514.4817059171758,219.8945361268762,12.3337494798583,6.020337221654624,1.000984099803698,470.55842091588823,900.1782592120942,994.4781667636381,GA_co2
6.818181818181818,118.18181818181817,550,welded,475.7393864095162,239.44125763514143,13.250772267928342,6.000073464226391,1.0009647422041315,483.9002193795677,1193.5624371232052,1195.4427083373478,GA_co2
6.818181818181818,118.18181818181817,620,rolled,434.95009913745514,221.07525811922096,12.92559048200297,6.000448584820367,0.9856218838663303,459.1353604229889,973.3669640967365,905.8740661145571,GA_co2
6.818181818181818,118.18181818181817,620,welded,452.64854097873615,233.61764937007734,13.289458313716995,6.000005796959282,1.0008827369063809,469.1654679161296,1316.8527053604068,1092.2076010088037,GA_co2
6.818181818181818,118.18181818181817,690,rolled,452.3009196780816,213.58810019796445,12.726718841660979,6.000382067605379,1.0009299264862888,449.46723645829513,1082.0923717733456,828.5479036872213,GA_co2
6.818181818181818,118.18181818181817,690,welded,439.99582636310015,224.93953646632363,13.504876574361132,6.000077014923991,1.000586642844694,457.8071614769838,1516.4826030513575,1014.849519691083,GA_co2
6.818181818181818,129.09090909090907,355,rolled,643.0088612899019,261.48592375144307,11.994530136694303,6.147629032821076,1.0009999070830216,566.3893269407624,809.9367375252903,1453.9214022569372,GA_co2
6.818181818181818,129.09090909090907,355,welded,623.9218487883926,285.17259015318336,12.985323949030553,6.000109296546859,1.0007019210688064,588.4229487535931,1000.3190128811083,1699.9538989491307,GA_co2
6.818181818181818,129.09090909090907,460,rolled,555.3683299964932,248.28991038894884,12.184050305696173,6.078093313101387,0.997555196182378,521.4030793074708,835.5484345902219,1225.8186394518639,GA_co2
6.818181818181818,129.09090909090907,460,welded,521.0134426537912,261.74732804605975,13.413136226899187,6.000241609906026,1.0007389057577425,534.5286704302802,1022.5533465331259,1413.8283332880912,GA_co2
6.818181818181818,129.09090909090907,500,rolled,536.211008969353,237.92346022980712,12.512526547023754,6.000025534916811,1.0009988176818134,506.9798405893387,888.2286807125214,1126.205017885157,GA_co2
6.818181818181818,129.09090909090907,500,welded,498.1928748085951,256.20564257297616,13.556729700298387,6.042760726859495,1.0009983171321017,524.1609927839304,1099.4800984635724,1309.6686565699285,GA_co2
6.818181818181818,129.09090909090907,550,rolled,564.2015268324462,220.38009291538208,11.841904103218837,6.664619172553531,1.0009626353179462,495.7742699774637,948.416178466888,1047.7693421703718,GA_co2
6.818181818181818,129.09090909090907,550,welded,482.2577658334867,243.36764157726827,14.047935288052738,6.000084405494731,1.0009737315651253,511.8183300268976,1264.7658679367714,1265.962920207295,GA_co2
6.818181818181818,129.09090909090907,620,rolled,484.38568082755523,227.86155749574465,12.788288742575851,6.0,0.988790696912891,482.2297142703556,1022.326994253154,951.4392262554115,GA_co2
6.818181818181818,129.09090909090907,620,welded,472.0248308024189,236.76763279383488,13.621741780433517,6.004301836836392,1.0009999983028648,488.1795415239441,1371.3614265056356,1137.080850766793,GA_co2
6.818181818181818,129.09090909090907,690,rolled,492.53071450226963,209.68706060814128,12.95217284761661,6.412481827604057,1.0009988988763112,473.42143117110646,1139.7620955444388,872.7050662208176,GA_co2
6.818181818181818,129.09090909090907,690,welded,453.8046561387415,230.53237078201326,13.747503232406558,6.003182671047981,1.0009996030118793,476.22936990287866,1578.540333168981,1056.1278053438623,GA_co2
6.818181818181818,140.0,355,rolled,689.0153690716736,227.6355959487446,14.350720506324846,6.554744172921275,1.00007711573767,610.4128650043674,872.8903969562454,1566.9298244662111,GA_co2
6.818181818181818,140.0,355,welded,638.9474048444363,287.3277985001103,13.764663570338442,6.120114629641496,0.9953594775527164,623.640913752691,1060.1895533795746,1801.6985998315238,GA_co2
6.818181818181818,140.0,460,rolled,561.8377793693929,245.5184180397463,13.38741996571155,6.023492227929334,1.0009999580981659,550.5613730093087,882.2746002474171,1294.3697879448848,GA_co2
6.818181818181818,140.0,460,welded,536.070461096052,269.66126564189943,13.613325731679948,6.001645479694576,1.0009998576068955,556.4154990382634,1064.4228496601977,1471.7189949562069,GA_co2
6.818181818181818,140.0,500,rolled,534.1994846805907,249.3027393350556,12.929332676353056,6.00353652585545,1.0009859588424164,533.8037139571845,935.2241068529873,1185.79157018449,GA_co2
6.818181818181818,140.0,500,welded,511.0286302719079,259.7120236182871,14.145284812331502,6.004165346094741,1.000999957613433,548.385311856057,1150.2930301492652,1370.195540203544,GA_co2
6.818181818181818,140.0,550,rolled,484.61832459378735,242.9064721759392,12.950549120928752,6.001582236256519,1.000968308372814,508.29475595364937,972.3678681393312,1074.2301372324423,GA_co2
6.818181818181818,140.0,550,welded,487.8271878689851,256.6788917593021,13.991967226141336,6.034118625929893,1.0009985014271996,532.9597300800363,1316.9417566028317,1318.2109378504658,GA_co2
6.818181818181818,140.0,620,rolled,462.11022631685813,232.1055802009308,13.090887192876812,6.011522926060249,1.0008678371603197,488.7912921813256,1036.2375394244104,964.3852194737555,GA_co2
6.818181818181818,140.0,620,welded,474.98160039907,243.56211142568856,14.154439233596774,6.016194656855212,1.00096465644336,512.8676318093682,1442.6514780710916,1195.6200024161017,GA_co2
6.818181818181818,140.0,690,rolled,474.819584411927,221.12939327904485,13.64915583831522,6.150472095090001,0.9996033453508858,493.9276649403048,1189.1308533437839,910.5062575509577,GA_co2
6.818181818181818,140.0,690,welded,449.7578715643619,237.82382176158703,14.4516935683886,6.00534574800445,1.0009996958346283,503.1827170402803,1671.0229996839382,1117.240180951583,GA_co2
7.636363636363637,20.0,355,rolled,322.1765751740906,170.14431932362487,8.002036005710524,6.0,1.0009999999099022,287.0211625861926,410.44026249825544,736.7833243587563,GA_co2
7.636363636363637,20.0,355,welded,355.95595260121956,180.1567905678419,8.000117436000476,6.0,1.000957696460479,295.0686278673866,501.6166673745572,852.4532659088799,GA_co2
7.636363636363637,20.0,460,rolled,302.76809411687344,160.5182603694263,8.000041493442788,6.006159708893544,1.00099988099307,270.0670986041722,432.78252551318593,634.9277488184089,GA_co2
7.636363636363637,20.0,460,welded,333.31551073690497,169.5075303863214,8.191704354552957,6.004259332951888,1.000998270547486,280.5479452108331,536.6882191883237,742.0493150826535,GA_co2
7.636363636363637,20.0,500,rolled,306.3369332612316,155.72529157759655,8.002367836180811,6.000008231423478,1.0009999946912878,266.5207633200906,466.9443773367988,592.0492236392492,GA_co2
7.636363636363637,20.0,500,welded,292.8781027593138,173.09962432576017,8.723319806689956,6.0000000115885355,1.0004476928379158,280.10086384552324,587.5395720023696,699.8600184044244,GA_co2
7.636363636363637,20.0,550,rolled,306.882514976523,154.07885656033176,8.036827315265837,6.000043854471112,1.0009998052881084,265.71122776097974,508.30557870675415,561.5541087500545,GA_co2
7.636363636363637,20.0,550,welded,297.4098120204029,165.48160421675922,8.883955066585097,6.0000095445302914,1.0009126646682334,276.83508391180624,675.8870898592448,679.3085375897374,GA_co2
7.636363636363637,20.0,620,rolled,302.1896760719713,151.91478415049062,8.574394090197046,6.000683892584023,0.9989549215830255,271.6353014532577,575.8668390809063,535.9364497672775,GA_co2
7.636363636363637,20.0,620,welded,305.81191350036886,158.37893912222458,8.929665067907433,6.00243673297756,1.0009475582242962,273.1689740493676,758.4713837855891,631.5209858824649,GA_co2
7.636363636363637,20.0,690,rolled,311.69671652398483,148.349924631142,8.631522856503501,6.0013224961942475,1.0006007763787486,272.4137911490579,655.836202191357,502.1675826041732,GA_co2
7.636363636363637,20.0,690,welded,303.12859724811227,153.211413597645,9.267128145594443,6.005074726745326,1.0009972490663925,272.6720841697949,893.023286450222,600.10338298612,GA_co2
7.636363636363637,30.909090909090907,355,rolled,459.597465675358,184.8241181848391,8.000011114021746,6.000023591467758,1.0009984028407244,353.6616597291119,505.73617341262997,907.84948052463,GA_co2
7.636363636363637,30.909090909090907,355,welded,404.6408967822983,204.43281552849209,9.026267036218066,6.000768047467008,1.0009999799843827,360.2936100596817,612.499137101459,1040.8882394624204,GA_co2
7.636363636363637,30.909090909090907,460,rolled,339.2485634253262,182.674239522758,8.943736936060942,6.000995063734843,1.000898938597815,327.0546279873679,524.105041349757,768.9054303983019,GA_co2
7.636363636363637,30.909090909090907,460,welded,339.5421201369503,198.80410051314846,9.69064079162802,6.001199338507863,1.0007557491383472,346.1506671098676,662.1862261811767,915.5685145055999,GA_co2
7.636363636363637,30.909090909090907,500,rolled,346.8126140450644,175.34243620396333,8.836649287089749,6.013053792564675,1.000999990004276,319.6239015510839,559.981075517499,710.0125349055778,GA_co2
7.636363636363637,30.909090909090907,500,welded,353.7509372291269,181.49399420714704,10.272063384848993,6.06119279604747,1.000977636700627,344.58243884428015,722.796123719762,860.9736816963184,GA_co2
7.636363636363637,30.909090909090907,550,rolled,337.5972276032252,171.87017443411028,9.548368077003712,6.0000119683771524,1.0009901436938105,326.87203968836167,625.3062119238359,690.8113686773834,GA_co2
7.636363636363637,30.909090909090907,550,welded,347.06732795487125,181.96565127446118,9.885380704750375,6.000056768810618,1.0009995962185534,333.3804983827262,815.8580806285798,819.3305376036496,GA_co2
7.636363636363637,30.909090909090907,620,rolled,351.5761041398043,168.57572823699496,9.439907124462787,6.014410685729815,1.000935251866828,326.2731032872648,691.6989789690014,643.7368327857735,GA_co2
7.636363636363637,30.909090909090907,620,welded,346.13649474653755,175.5465299035538,9.990360086863431,6.000292891858305,1.0008252290381907,327.5765082403705,911.94336854129,758.587055895986,GA_co2
7.636363636363637,30.909090909090907,690,rolled,353.14918528138463,163.90581448033885,9.552962260314052,6.003340058729008,1.0009999150540634,323.3334797555484,778.4253525114829,596.0329365813778,GA_co2
7.636363636363637,30.909090909090907,690,welded,328.75392766779584,169.07835203233418,10.833197601982578,6.000088410882161,1.0007179394472994,330.05192419162523,1085.5008074850425,728.3263639388135,GA_co2
7.636363636363637,41.81818181818181,355,rolled,525.7424082656706,197.52054275734443,8.49746833267108,6.004628988467146,1.00088778405913,403.5691876814358,577.103938384453,1035.9621047782455,GA_co2
7.636363636363637,41.81818181818181,355,welded,445.55547748762444,225.23756702538196,9.714573463023042,6.000029881147535,0.9973429065836985,415.59850936180686,706.5174659150716,1200.6640935462601,GA_co2
7.636363636363637,41.81818181818181,460,rolled,387.6663617033298,195.6674770043455,9.49095757028382,6.001973352800137,1.0009999941402608,373.06013891646415,597.8288726136338,877.0643865926073,GA_co2
7.636363636363637,41.81818181818181,460,welded,522.7204080374587,194.06827345041887,9.623607949822459,6.003832729623999,1.0009999968159393,405.11394675330996,774.982980139082,1071.526389162505,GA_co2
7.636363636363637,41.81818181818181,500,rolled,365.5141229825576,188.54954561103472,10.201516722615725,6.013383621988453,1.0009999785460053,372.7637032594891,653.0820081106248,828.0572904206291,GA_co2
7.636363636363637,41.81818181818181,500,welded,391.0490586805186,203.51319578488057,10.315229816355735,6.000007928930134,1.000999861381988,384.9148770839923,807.3974461713823,961.7483118820631,GA_co2
7.636363636363637,41.81818181818181,550,rolled,469.4625047891174,174.8133458395886,9.235678203617788,6.000000024943633,1.0009990495723224,373.5642377247847,714.6283867675129,789.4906600075598,GA_co2
7.636363636363637,41.81818181818181,550,welded,382.16269831733405,197.5236961629704,10.507853785655588,6.000452707058099,1.0009999663952913,378.7441143862619,928.2273849227045,931.7145888205811,GA_co2
7.636363636363637,41.81818181818181,620,rolled,389.8716107618924,180.89703582792689,10.046929434154979,6.000000053520716,1.0009567137086919,368.44066960601083,781.094219564743,726.9334411326594,GA_co2
7.636363636363637,41.81818181818181,620,welded,370.2448403405789,190.97914755473855,10.816984974899759,6.01423066252413,1.000998624714814,373.356076059756,1041.5670167884712,865.7642688499644,GA_co2
7.636363636363637,41.81818181818181,690,rolled,414.1717687126594,171.57357461190614,10.020710982393453,6.000006386353613,1.0009641078235063,365.27949484725224,879.4103838447597,673.3562208014248,GA_co2
7.636363636363637,41.81818181818181,690,welded,354.6070908118729,181.43758924291436,11.86032735546007,6.0000723988295634,1.0009999994293957,377.0066135602834,1243.3515665625675,833.3994204608392,GA_co2
7.636363636363637,52.72727272727273,355,rolled,617.6096008696179,201.88676657518602,8.596311487327714,6.0,1.000995356732734,445.22317387842764,636.6691386461515,1142.887887345924,GA_co2
7.636363636363637,52.72727272727273,355,welded,606.9223461404911,223.5880122240311,9.564158711730977,6.000024386536688,0.999692887362261,467.79280544372796,795.2477692543375,1351.45341492693,GA_co2
7.636363636363637,52.72727272727273,460,rolled,409.57041295411324,211.46116426166373,10.222591740225354,6.000792910668292,1.000995874408864,419.0992539046384,671.6065543821829,985.3023459298049,GA_co2
7.636363636363637,52.72727272727273,460,welded,433.800848583368,221.55896445016262,10.809706989384631,6.000926391793122,1.0009942832137189,435.4105374047581,832.9403580553021,1151.6608714355852,GA_co2
7.636363636363637,52.72727272727273,500,rolled,521.5477277854117,189.1034442098655,9.45198020512009,6.0000139108806145,1.000999299319361,414.8349721601263,726.7908712245412,921.5144071565045,GA_co2
7.636363636363637,52.72727272727273,500,welded,422.176608390917,215.76078668879677,10.975150761405748,6.001524257114288,1.0009991644791931,427.88958833295885,897.5412004872145,1069.1249254087309,GA_co2
7.636363636363637,52.72727272727273,550,rolled,393.75503921533044,197.95452376704495,10.475259963531093,6.006691669268671,1.0007138909462858,401.9882592957289,769.0035400327292,849.5619871955935,GA_co2
7.636363636363637,52.72727272727273,550,welded,404.06360731243785,210.46905182873112,11.303217535025608,6.000650459058978,1.0009975247373601,422.43238773020886,1037.2279211189693,1040.4652632122575,GA_co2
7.636363636363637,52.72727272727273,620,rolled,433.33784952223556,188.54377516411617,10.513923421762266,6.002585822762893,1.0009999696146685,405.3257224449162,859.2905315832224,799.7076503838197,GA_co2
7.636363636363637,52.72727272727273,620,welded,388.4194757954226,204.03876335154723,11.586806335140825,6.035354953278843,1.0009810060446116,415.5840745739468,1161.652908151654,964.9035703919111,GA_co2
7.636363636363637,52.72727272727273,690,rolled,417.43250754586563,184.70946807235595,10.835851644686985,6.001086836639688,1.000999719664376,401.4464322222587,966.4822855750878,740.0263531585116,GA_co2
7.636363636363637,52.72727272727273,690,welded,381.53275614564706,195.6927701816349,12.043001302671481,6.0,1.0009999954508808,411.1141454158979,1356.5002344660024,909.0791604484613,GA_co2
7.636363636363637,63.63636363636363,355,rolled,621.81369380726,220.02122161757134,9.348346022474415,6.000004286331179,1.000998781060027,486.6966839137353,695.9762579966414,1249.3503876065583,GA_co2
7.636363636363637,63.63636363636363,355,welded,612.6388403343088,241.58364117200722,10.343139142828354,6.000068020227576,0.9998625163640177,512.4870028514898,871.2279048475327,1480.574951237954,GA_co2
7.636363636363637,63.63636363636363,460,rolled,436.60170935698625,223.1082992246144,10.784673442840166,6.0292029692495355,1.0009979914704819,460.40179509535767,737.7938766403107,1082.404620269186,GA_co2
7.636363636363637,63.63636363636363,460,welded,452.28907651703094,232.9811496704117,11.695774230059717,6.000000925197032,1.0009999968263963,480.9528973278869,920.0628925882476,1272.1204134322609,GA_co2
7.636363636363637,63.63636363636363,500,rolled,426.6931161148948,215.47448122801615,10.865509947163698,6.010315752956091,1.0009996757160393,447.9275318146931,784.7690357393424,995.0262191731592,GA_co2
7.636363636363637,63.63636363636363,500,welded,440.44809144026544,228.0932524509192,11.706866258999796,6.004627315109276,1.00099975567611,470.2511282815713,986.398766683424,1174.9694691243342,GA_co2
7.636363636363637,63.63636363636363,550,rolled,486.323046755298,201.3659967783291,10.66262763122218,6.0,1.0008548840571736,445.8968563565686,853.0006862101159,942.358416223972,GA_co2
7.636363636363637,63.63636363636363,550,welded,432.8544862311334,220.9285242847535,11.7526576201303,6.000025135422672,1.0009959116878535,458.52877180708475,1127.0392413767602,1130.1538871885982,GA_co2
7.636363636363637,63.63636363636363,620,rolled,470.49712930193607,193.15839571905144,11.174422811257228,6.000291827316771,1.000510888223951,440.969675695418,934.8557124742863,870.0331701470598,GA_co2
7.636363636363637,63.63636363636363,620,welded,404.8152984673736,215.58842133343794,12.249521651175229,6.000015140151826,1.0009383209196168,453.4042407974952,1269.3426169882914,1053.7685572402527,GA_co2
7.636363636363637,63.63636363636363,690,rolled,442.22487458165165,191.75475709119283,11.493309156494037,6.0,1.0009921134843935,435.7665338999379,1049.1079303641004,803.2920285911454,GA_co2
7.636363636363637,63.63636363636363,690,welded,402.55306585774343,206.61729534860444,12.47739205259438,6.001949488797447,1.0009998908652327,444.9400896731906,1469.8272614695277,984.608042216027,GA_co2
7.636363636363637,74.54545454545453,355,rolled,624.49582015339,233.51211895922035,10.321155518516811,6.000437770029279,1.0009995494028565,531.4641683605804,759.9937607556299,1364.2685201816098,GA_co2
7.636363636363637,74.54545454545453,355,welded,615.6274042897031,253.22791421418918,11.495237567933248,6.0175426178311096,0.9976804901594715,562.770807264116,956.7103723489971,1625.844862186031,GA_co2
7.636363636363637,74.54545454545453,460,rolled,461.54198387793747,233.64016477904272,11.279794544094658,6.000890248715273,1.0009992879513232,497.5692636196636,797.3547449505111,1169.7853387698292,GA_co2
7.636363636363637,74.54545454545453,460,welded,476.51905598380233,239.51923547601544,12.534350624537131,6.014045102227268,1.0009958480918513,522.6931291979081,999.9119561555981,1382.5233267284668,GA_co2
7.636363636363637,74.54545454545453,500,rolled,449.5362617334675,225.82960814302857,11.338242980024006,6.039098349838991,1.0009930253412795,484.58788138409557,848.9979681849354,1076.46351970663,GA_co2
7.636363636363637,74.54545454545453,500,welded,459.29834269268713,239.33702806554695,12.2699047270627,6.000000751259834,1.0009982473743346,508.4475497734038,1066.5195804046919,1270.4070478638266,GA_co2
7.636363636363637,74.54545454545453,550,rolled,427.1364941809471,216.5806186781199,11.903111875434659,6.000207854473989,1.0009998201822843,476.8561238491853,912.2257649234915,1007.7877321428682,GA_co2
7.636363636363637,74.54545454545453,550,welded,445.9403980737073,232.02026510715956,12.430698323328693,6.0000031138855885,1.0009901840087267,497.2369447390781,1224.117142189544,1226.8405422165602,GA_co2
7.636363636363637,74.54545454545453,620,rolled,474.5601171579269,206.0472773164468,11.611764410012473,6.000326991310921,1.0009864640462953,471.6494933472965,999.8969258962687,930.5644503742161,GA_co2
7.636363636363637,74.54545454545453,620,welded,430.4314532256853,220.34994935593545,13.021554397190886,6.000179336283278,1.0009751197196228,489.4546538679281,1372.8911312984258,1138.9548183278414,GA_co2
7.636363636363637,74.54545454545453,690,rolled,450.88879978740755,200.7615760536525,12.158703979077613,6.000051286763324,1.0009979226646963,468.38524445145396,1127.6374760168753,863.4213596218101,GA_co2
7.636363636363637,74.54545454545453,690,welded,410.3248438547161,213.34063825317267,13.633573244234807,6.000130200467269,1.0009112603503858,486.492521266691,1612.0562296315068,1078.6739780144592,GA_co2
7.636363636363637,85.45454545454545,355,rolled,626.5630966362412,252.1976264401827,10.85054840083164,6.033163658193882,1.00099965774713,574.1759289550394,821.0715784057063,1473.9096096275857,GA_co2
7.636363636363637,85.45454545454545,355,welded,627.8520156728612,266.90851073558144,12.036119763931781,6.021652263323535,1.0007804141547274,603.1014745292298,1025.2725066996907,1742.3601599149447,GA_co2
7.636363636363637,85.45454545454545,460,rolled,545.2290978799833,234.0154334948649,11.493733842286282,6.001324938610254,1.0009998097710564,535.8669328435428,858.7267598817774,1259.8231591151693,GA_co2
7.636363636363637,85.45454545454545,460,welded,491.01412397790216,255.45981492842063,12.770846492843571,6.000049599752475,0.9994012332767878,558.5557901537323,1068.51722656409,1477.380064956622,GA_co2
7.636363636363637,85.45454545454545,500,rolled,462.00973217519646,233.38438299816144,12.225266078197304,6.005786008367342,1.0009964486623484,524.5810090450251,919.0659278468839,1165.3042534926187,GA_co2
7.636363636363637,85.45454545454545,500,welded,479.86887354883345,248.57598312028017,12.74877295634791,6.006290561558423,1.0009998419997805,543.5352529729188,1140.1195466359943,1358.0771830781348,GA_co2
7.636363636363637,85.45454545454545,550,rolled,453.17076720381425,227.18711599654628,11.965435656816874,6.006989559933219,1.0006539056099049,504.5001344444265,965.1087571921879,1066.210584134851,GA_co2
7.636363636363637,85.45454545454545,550,welded,467.7219438648037,237.43370294156114,13.136594989881488,6.002884204362714,1.0009681877553704,532.8015863917678,1313.8393263394757,1316.0247476821546,GA_co2
7.636363636363637,85.45454545454545,620,rolled,473.0249622312368,218.1712803647689,12.219193934712631,6.004397056919663,1.000999292638342,505.1308877974912,1070.8774821306815,996.6232416244501,GA_co2
7.636363636363637,85.45454545454545,620,welded,448.83731221551267,231.28380588522592,13.208202699139958,6.000120525091956,1.0009983654062524,518.1842826308739,1454.1468858411204,1206.1665913243287,GA_co2
7.636363636363637,85.45454545454545,690,rolled,461.55590408680456,210.53629221090722,12.640963586008407,6.043447025836082,0.9917060185201286,500.9839437616811,1206.1188446062474,923.513801930283,GA_co2
7.636363636363637,85.45454545454545,690,welded,438.2868261716592,220.61713759958946,13.79181004091332,6.035764963636503,0.9979087349757677,513.3924946044118,1702.0724921299095,1138.692625982671,GA_co2
7.636363636363637,96.36363636363636,355,rolled,628.763244905874,263.7220976574071,11.761469980949055,6.003430737249539,1.000355094914972,619.1699572008732,885.4130387972486,1589.4092801346417,GA_co2
7.636363636363637,96.36363636363636,355,welded,689.8152552130456,265.7433526693027,12.101007850480078,6.611887162460881,1.000998380427402,649.3582028463933,1103.9089448388686,1875.99584802323,GA_co2
7.636363636363637,96.36363636363636,460,rolled,496.51514600819,249.7605431691644,12.600856872162277,6.001154943060834,1.0009998450425976,574.2150860779188,920.1796754398648,1349.9796673691874,GA_co2
7.636363636363637,96.36363636363636,460,welded,518.4081064256222,263.6719003599124,13.008833003264165,6.001612246340577,0.9996793833390897,588.3804581313883,1125.5718164053458,1556.266311757522,GA_co2
7.636363636363637,96.36363636363636,500,rolled,537.2512535193388,232.98984309394467,12.625750543009188,6.007338603042025,1.0009995852603464,563.910134625469,987.9705558638217,1252.6699730570167,GA_co2
7.636363636363637,96.36363636363636,500,welded,499.9699806176896,255.24581823898987,13.30370854105908,6.000244435152542,1.0009998190009435,577.3780152100736,1211.1081247046502,1442.63670880389,GA_co2
7.636363636363637,96.36363636363636,550,rolled,463.5459892160091,235.08764596662624,12.732913095867108,6.000000446013909,0.9967326587664946,542.2630702627791,1037.3492534126963,1146.0187726933573,GA_co2
7.636363636363637,96.36363636363636,550,welded,488.4804430653286,246.02610048202922,13.423248574955608,6.027189330290269,1.0008243355910493,562.7256176939252,1388.6336857423578,1390.6023083239663,GA_co2
7.636363636363637,96.36363636363636,620,rolled,454.2049610037882,229.50816091003247,12.828454928657813,6.00071000366219,0.999503596347468,532.4994238658089,1128.898778595515,1050.621363287241,GA_co2
7.636363636363637,96.36363636363636,620,welded,472.8001904942745,236.66765632646496,13.607900768388307,6.000896793398287,1.0009343203406396,546.4031715985484,1534.8539843635886,1272.6619686635345,GA_co2
7.636363636363637,96.36363636363636,690,rolled,477.0999195140036,216.4982142431773,12.978062454907286,6.2620133529772755,1.0009834444839463,531.5213180552826,1279.637573218093,979.806397703108,GA_co2
7.636363636363637,96.36363636363636,690,welded,447.57634116609086,231.97062415229772,13.960601028631366,6.000248174511387,1.0009999060086086,539.2053862954815,1788.2862406990969,1196.2156026852576,GA_co2
7.636363636363637,107.27272727272727,355,rolled,634.1288831620135,245.4682121181143,14.613234811639947,6.001761775852442,1.0009667955470327,680.0741022648542,972.5059662387415,1745.7502205138805,GA_co2
7.636363636363637,107.27272727272727,355,welded,593.7726273204793,299.6606007052736,13.125713828310234,6.001184977921074,1.0009952564441675,675.7242430173945,1148.7312131295707,1952.167338077253,GA_co2
7.636363636363637,107.27272727272727,460,rolled,585.2028748561931,243.1835233234655,12.770287622138225,6.321381615431234,1.00099995832338,613.621475683566,983.3284147829145,1442.624089332064,GA_co2
7.636363636363637,107.27272727272727,460,welded,523.5877956209541,273.90083319094,13.751093350272717,6.0,0.9980222204318214,629.9898911130939,1205.1706616993488,1666.3232619941332,GA_co2
7.636363636363637,107.27272727272727,500,rolled,551.4459216221841,239.07924430936342,13.225333203849054,6.146332302566676,1.0009997528718182,601.140850873895,1053.1987707310643,1335.37428613127,GA_co2
7.636363636363637,107.27272727272727,500,welded,512.5523015642224,266.6108386918221,13.611755495432803,6.001485483430729,1.0008121014626994,609.691837680641,1278.8895987189126,1523.3760256288494,GA_co2
7.636363636363637,107.27272727272727,550,rolled,479.9991730113817,242.99120402051113,13.047680707961716,6.000568861611427,1.0009958925301257,570.552179414172,1091.4663192193107,1205.804975973911,GA_co2
7.636363636363637,107.27272727272727,550,welded,494.908657743966,255.69436450160745,14.006883740208341,6.000047993705303,1.0009920401993373,597.317743137546,1475.9045212968858,1477.3491639235622,GA_co2
7.636363636363637,107.27272727272727,620,rolled,467.57282713483244,233.8700325068576,13.24143900718423,6.000268005779739,1.0009959192979763,556.4268925379158,1179.6250121803819,1097.830258977308,GA_co2
7.636363636363637,107.27272727272727,620,welded,482.6226891833631,248.41630398923513,14.288467400204679,6.038973411509691,0.9677299280229316,589.9200267329688,1660.0349052768652,1375.590781252966,GA_co2
7.636363636363637,107.27272727272727,690,rolled,521.9777773951474,218.06596167932523,12.788694842891333,6.9121259567925275,1.0009999207353402,567.0346701733664,1365.1359684423796,1045.2717109975836,GA_co2
7.636363636363637,107.27272727272727,690,welded,457.60247940131626,236.63952021715855,14.763064994428781,6.000008269076367,1.0009996685630616,572.8094425583527,1903.796238279599,1272.4957182578228,GA_co2
7.636363636363637,118.18181818181817,355,rolled,716.3845270138319,258.0715878125845,12.570788590450741,6.827050715286787,1.000998968798849,705.4291945541573,1008.7637482124451,1810.8367424205217,GA_co2
7.636363636363637,118.18181818181817,355,welded,673.2717315056022,296.7256984492233,13.476572355646809,6.480464861427933,1.0008586968978102,730.5034365477808,1241.855842131227,2110.424428186538,GA_co2
7.636363636363637,118.18181818181817,460,rolled,553.7359924505411,254.46013570472647,14.510544076087728,6.000510925478358,1.0009943512053523,662.992586407395,1062.4456197178506,1558.6955706437857,GA_co2
7.636363636363637,118.18181818181817,460,welded,550.9596581588976,277.6676725634414,14.051393559425119,6.008583773659153,1.0009856554912748,656.0948955612415,1255.109535208655,1735.3709987594839,GA_co2
7.636363636363637,118.18181818181817,500,rolled,515.2714592424127,259.9644428865372,13.258277371032783,6.0000339560766625,1.0009942153039764,618.4694099365735,1083.5584062088767,1373.8679472331044,GA_co2
7.636363636363637,118.18181818181817,500,welded,534.3972754006364,268.92042703375677,14.22751812127488,6.0038253709989,1.0004920180524728,640.8006848131625,1344.1435164640898,1601.104591074168,GA_co2
7.636363636363637,118.18181818181817,550,rolled,493.4107053953493,247.33003684362154,13.722865224796346,6.0000101734650695,1.0009999991707308,603.2398323009029,1153.997799191627,1274.887061584728,GA_co2
7.636363636363637,118.18181818181817,550,welded,516.3047372411767,261.1583035529002,14.317646101424218,6.016907153668982,1.0009958552936116,624.1884060218133,1543.4727748120406,1544.5855984155098,GA_co2
7.636363636363637,118.18181818181817,620,rolled,478.8994661850967,239.9592094960794,13.601706447842036,6.0,1.0009850059206868,581.4577248356592,1232.6903766515975,1147.2160911007556,GA_co2
7.636363636363637,118.18181818181817,620,welded,481.82659598232783,252.78357966138609,14.934415477911452,6.0001236104291165,1.0009997936502464,615.1693941990807,1733.6778954959598,1435.8518429753024,GA_co2
7.636363636363637,118.18181818181817,690,rolled,483.1363247697817,234.6199449584872,13.865163835091632,6.265152728187762,1.0009798100829619,589.0983615734943,1418.2543054881878,1085.9439197245795,GA_co2
7.636363636363637,118.18181818181817,690,welded,470.71800041161237,244.53636597209533,14.991067991954656,6.099980592364387,0.9996273574537773,600.665611301061,1998.120520965009,1335.1199520937316,GA_co2
7.636363636363637,129.09090909090907,355,rolled,725.170993518202,282.92419476178947,12.0874008391888,6.934727244557603,1.0009203982990615,736.4836425584671,1053.171608858608,1890.5535104475846,GA_co2
7.636363636363637,129.09090909090907,355,welded,642.8319255635633,296.61465045452405,16.16595059162786,6.062884084817586,1.0009992921536632,796.7653957149763,1354.5011727154595,2301.8552282205665,GA_co2
7.636363636363637,129.09090909090907,460,rolled,623.5896414681423,262.35653761382116,12.941281811483885,6.7944971789675375,0.9959912531864534,683.0279668355676,1094.552316853997,1605.7987500304191,GA_co2
7.636363636363637,129.09090909090907,460,welded,558.1034713290239,288.7365101345347,14.47522660492484,6.001942928620593,1.0009741931429077,691.4707607471045,1322.783565309211,1828.940162176091,GA_co2
7.636363636363637,129.09090909090907,500,rolled,526.4720511515305,264.2653321490622,13.972414264352137,6.001154778996111,1.000985562573533,653.1307747833669,1144.2851174204586,1450.8647031037713,GA_co2
7.636363636363637,129.09090909090907,500,welded,535.4703837824459,276.07726016347453,15.230489793203539,6.083617202753282,0.992273675045911,688.2857774098894,1443.748246694984,1719.75084343635,GA_co2
7.636363636363637,129.09090909090907,550,rolled,506.2043319861164,255.69174563759015,13.895732563564124,6.64283714178972,0.9982163523630924,647.3072240113855,1238.2987195337805,1368.0190872256621,GA_co2
7.636363636363637,129.09090909090907,550,welded,520.7711142749365,271.93118126720776,14.775970819818308,6.1425690910374495,0.9943670656320952,662.6036113096935,1640.6858821417277,1641.1163526208818,GA_co2
7.636363636363637,129.09090909090907,620,rolled,525.9233145762145,231.35839268379598,15.260888367859536,6.449428802598809,1.000999821590146,645.5737285038741,1368.616304428213,1273.716966338144,GA_co2
7.636363636363637,129.09090909090907,620,welded,483.06710319935024,264.9157362293597,15.221228165183414,6.000002876587891,1.0009999690823017,646.2380711544488,1822.5215061918725,1509.0550280657703,GA_co2
7.636363636363637,129.09090909090907,690,rolled,505.4926774381511,229.26789183403665,15.025512081036426,6.585315713622775,0.9996513662383351,630.7281948759323,1518.4781291638074,1162.6843544342935,GA_co2
7.636363636363637,129.09090909090907,690,welded,475.09276645724316,252.35713600117109,15.448977183487932,6.158641065172573,1.0009787266115766,631.4028161258009,2103.2509142070962,1404.6686897521429,GA_co2
7.636363636363637,140.0,355,rolled,749.9686105727983,279.2063087876754,12.864080097527726,7.172331065585927,1.0009360751384093,779.1023666819935,1114.1163843552508,1999.955775272677,GA_co2
7.636363636363637,140.0,355,welded,715.5282630075862,299.270346346477,14.870513750300226,6.8223567234742015,1.0009999729998036,814.0168767744378,1383.8286905165444,2351.694757001351,GA_co2
7.636363636363637,140.0,460,rolled,556.0519755290287,279.14691113743476,14.476182540661775,6.007445005412786,1.0009983450273439,708.0103364716139,1134.5865641957614,1664.5323010447642,GA_co2
7.636363636363637,140.0,460,welded,579.8830708759066,295.3504592327238,14.574988832269028,6.222836111580887,1.0009998800532576,721.538323421755,1380.302812705817,1908.468865450542,GA_co2
7.636363636363637,140.0,500,rolled,523.1652954334165,278.2314773647408,14.465828643000512,6.006295527799542,1.0009997522073453,693.516252510688,1215.0404743987256,1540.5770033272424,GA_co2
7.636363636363637,140.0,500,welded,545.6495517387417,281.32972811823345,15.743210072694268,6.048336760471959,1.0009984331879465,717.4210728920116,1504.8624424982836,1792.5482927279802,GA_co2
7.636363636363637,140.0,550,rolled,511.5973343141207,259.5136200609516,15.025726136828762,6.066490641430835,0.9916103326108181,674.7494827576597,1290.7957605154031,1426.015556860038,GA_co2
7.636363636363637,140.0,550,welded,526.8844530394559,279.2016614428833,15.15125805382036,6.429045536150052,1.0009999917246606,698.5480221927744,1732.342160379378,1731.8989867845298,GA_co2
7.636363636363637,140.0,620,rolled,495.9440145573769,251.33341769058137,14.44063335543484,6.1695989242689375,1.0009993389631493,638.265520316182,1353.122903070306,1259.2978715838271,GA_co2
7.636363636363637,140.0,620,welded,503.4960851526908,266.76311799536575,15.611097679594783,6.218783523945882,1.0009963469884249,675.3394525624221,1907.4452603424404,1578.5339477992832,GA_co2
7.636363636363637,140.0,690,rolled,528.919796250288,238.6835849705286,14.391763469539384,6.928912444002351,1.0009999582171243,650.548071067096,1566.1944810940333,1199.2203142050846,GA_co2
7.636363636363637,140.0,690,welded,479.9539226086257,258.94984199085513,15.97131019061228,6.224855156448704,1.0009988289716187,663.0172265386443,2212.0098083347175,1476.469893472382,GA_co2
8.454545454545455,20.0,355,rolled,363.38764851843354,185.5772664670198,8.000029219968493,6.000001774385507,1.00099924270213,352.1662927796868,503.5977986749521,904.0108735654559,GA_co2
8.454545454545455,20.0,355,welded,348.3036167430056,202.4591409771904,9.134029187771851,6.001314876151841,1.0009663036322307,376.9170308168857,640.7589523887057,1088.9133020299826,GA_co2
8.454545454545455,20.0,460,rolled,328.1920472295538,174.09035418874652,8.620844283884228,6.024315367750688,1.0009998872404526,339.71339852470476,544.3907211358394,798.6661999315809,GA_co2
8.454545454545455,20.0,460,welded,344.9119089291452,186.37490895561493,9.016660949378059,6.003139015345147,1.000999981345743,353.29484371744826,675.8530360314784,934.4648616326508,GA_co2
8.454545454545455,20.0,500,rolled,331.13859233857954,167.98876475869162,8.73924754439234,6.000755913842696,1.0009999064729804,335.7770670777762,588.281421520264,745.8951768065721,GA_co2
8.454545454545455,20.0,500,welded,337.30120573669166,182.46930667425852,9.201564124651949,6.007185684201467,1.0009999746379497,350.00495250057054,734.1703883651968,874.5223743179256,GA_co2
8.454545454545455,20.0,550,rolled,329.5571814847032,166.55256212506126,8.94759620914625,6.000055160749936,1.0009996763975046,338.01336480326523,646.6195668686463,714.3574451752207,GA_co2
8.454545454545455,20.0,550,welded,335.372382667136,177.03685545306246,9.382340892995,6.003479787138192,1.000999649698072,346.62695616929255,847.2810651057579,851.2275355524923,GA_co2
8.454545454545455,20.0,620,rolled,327.4232851520749,164.034382491065,9.433349603361165,6.035952470000261,0.987164841773689,345.45177898717793,732.3577714528174,681.5763599417021,GA_co2
8.454545454545455,20.0,620,welded,325.9306635911155,170.37149529738423,9.92412935252218,6.000970422548599,1.0009999978778057,346.3336608084655,964.0040601982818,801.9399027128458,GA_co2
8.454545454545455,20.0,690,rolled,347.0814992159734,158.96376568982456,9.355940542729648,6.001671412919964,0.9983308449237429,344.6195391678464,829.6715405465903,635.2716585020079,GA_co2
8.454545454545455,20.0,690,welded,318.21183219437376,164.17827080068716,10.527006703405785,6.000236856544264,1.0009999464779005,347.744637591168,1142.7493784496837,766.96819593284,GA_co2
8.454545454545455,30.909090909090907,355,rolled,546.8345787633059,190.28112182908035,8.266652112405055,6.004007785571742,1.000760369409541,441.1097550350656,630.7869497001437,1132.328741175013,GA_co2
8.454545454545455,30.909090909090907,355,welded,435.8799454652579,221.49295399852627,9.681257649697917,6.000136342583098,1.0009830736145306,450.4954099922312,765.8421969867932,1301.4812394675557,GA_co2
8.454545454545455,30.909090909090907,460,rolled,376.71860217108906,195.47340739888332,9.458996999771637,6.000004006236428,1.0009999990848633,407.3020841501678,652.7015898506437,957.5671998370445,GA_co2
8.454545454545455,30.909090909090907,460,welded,394.97704449205816,207.39391701764953,10.1324268128398,6.017798516777604,1.0009999998565287,428.5891153603735,819.8909776843946,1133.618210128188,GA_co2
8.454545454545455,30.909090909090907,500,rolled,366.14748894863106,183.5238650344099,10.434314258513481,6.0072792650895055,1.0009999807975998,411.4350614769282,720.8342277075781,913.9618455648482,GA_co2
8.454545454545455,30.909090909090907,500,welded,391.56421240730083,198.35533331858963,10.556294194133029,6.000217032582044,1.0009994433773066,425.4588476889922,892.44247891243,1063.051476835716,GA_co2
8.454545454545455,30.909090909090907,550,rolled,370.22936221159483,186.929366817009,9.905662965525854,6.012297811004557,1.0009999716959195,404.8885848134738,774.5518627481753,855.6915351447955,GA_co2
8.454545454545455,30.909090909090907,550,welded,375.3171794083239,195.1282974168129,10.827019763081095,6.000017800735849,1.000999976800188,421.2588268023855,1033.1933359972872,1036.8114506801517,GA_co2
8.454545454545455,30.909090909090907,620,rolled,381.38897353792464,182.63669923182303,10.15373342946662,6.002181541145267,1.0009996875410385,409.48993929956083,868.118671315069,807.9236502380335,GA_co2
8.454545454545455,30.909090909090907,620,welded,373.3535958851064,190.435838386498,10.752737433210115,6.0000766525072216,1.0009707480977212,411.91603399784236,1148.915265021748,955.060132575294,GA_co2
8.454545454545455,30.909090909090907,690,rolled,401.38434224227353,174.49322835415185,10.21567169621054,6.000698145077308,1.000999961144938,407.7442588803436,981.6443032544272,751.6357668200252,GA_co2
8.454545454545455,30.909090909090907,690,welded,364.7258372302238,183.9144753754146,11.30802881285505,6.0,0.9987842765016032,412.28439192035705,1357.6833617336647,910.5259240959766,GA_co2
8.454545454545455,41.81818181818181,355,rolled,577.0911447510069,211.65045595620504,9.084838559248146,6.00002293273768,1.0008534669716689,501.6850620673885,717.4096387563654,1287.8255543269863,GA_co2
8.454545454545455,41.81818181818181,355,welded,471.02961794748506,240.80084148425794,10.839631845607842,6.003889980727606,1.0009932664003567,525.5188621076258,893.3820655829637,1518.223992628931,GA_co2
8.454545454545455,41.81818181818181,460,rolled,411.8087918817816,206.9283458791121,10.821973355454556,6.001213895329223,0.9982705715017464,475.2770992704564,761.6315515809064,1117.376460384843,GA_co2
8.454545454545455,41.81818181818181,460,welded,431.7069068225143,219.3240005441632,11.553791291848189,6.000069765497731,0.9980164477878148,499.066952318868,954.7150797859944,1320.0320888834058,GA_co2
8.454545454545455,41.81818181818181,500,rolled,401.2135294586978,206.70505258857108,10.48639237857593,6.000090892555818,1.0009967394741681,461.0924511074881,807.8339743403192,1024.270770890174,GA_co2
8.454545454545455,41.81818181818181,500,welded,429.72134678846294,217.06179094525544,11.128464752371935,6.010580454652801,1.000980701440563,483.17540543617446,1013.5087304429196,1207.2620680228254,GA_co2
8.454545454545455,41.81818181818181,550,rolled,398.6906757158129,200.67986869588944,10.939882576662722,6.000179675520652,1.000999228231634,463.53858701456625,886.7493169588652,979.6424497965843,GA_co2
8.454545454545455,41.81818181818181,550,welded,415.5579655813023,212.59436182278694,11.333735943020187,6.004188165156371,1.0000362670388019,476.3884976328978,1169.8032797458116,1173.4226375742885,GA_co2
8.454545454545455,41.81818181818181,620,rolled,411.57118281054943,196.98651147563334,10.99131592637722,6.00000035047148,1.0009998025774016,464.6571849436544,985.0732320805474,916.7686258938301,GA_co2
8.454545454545455,41.81818181818181,620,welded,392.2164215579419,207.30405985356893,11.837255076281181,6.00033689182429,1.0009866955280433,472.4882071447759,1321.4192731173462,1097.4008390543604,GA_co2
8.454545454545455,41.81818181818181,690,rolled,428.70482723254116,187.3070252505766,11.15176217971572,6.001532636127366,1.000623998131128,461.0909094664578,1110.0763645404973,849.9749825104682,GA_co2
8.454545454545455,41.81818181818181,690,welded,395.16274789944265,199.43318855155874,12.004525164413,6.000184157103237,1.0009999881514957,465.5855379587024,1536.0748791173683,1029.462297053638,GA_co2
8.454545454545455,52.72727272727273,355,rolled,577.7390982576754,236.10063166573622,10.03168862147963,6.0020014312231735,1.0009943545581024,563.3566111165701,805.5999538966952,1446.1364207362353,GA_co2
8.454545454545455,52.72727272727273,355,welded,497.6831973196044,260.1550194910921,11.706016779144871,6.0013846556820125,1.0009995746024942,593.1352105537051,1008.3298579412987,1713.5676232896537,GA_co2
8.454545454545455,52.72727272727273,460,rolled,449.01622914271985,226.07693705071904,10.899929819010913,6.000227648987392,1.0009959873348546,522.0808566582571,836.6345727948569,1227.4120940035625,GA_co2
8.454545454545455,52.72727272727273,460,welded,465.16896018689044,239.55149032065648,11.688781829263235,6.000132900462121,1.0009995965345928,547.5997074222537,1047.5582402987711,1448.4012261318612,GA_co2
8.454545454545455,52.72727272727273,500,rolled,430.8705962102391,218.3211249270137,11.349254911859349,6.000069473743895,1.000998897885345,516.003078397924,904.0373933531629,1146.2492383531485,GA_co2
8.454545454545455,52.72727272727273,500,welded,458.87248802172235,231.48214305563556,11.846783039702288,6.0,1.0008475083034867,537.2976185564468,1127.0354846840025,1342.4918297251381,GA_co2
8.454545454545455,52.72727272727273,550,rolled,483.64071789980295,210.0803360147751,11.038979931841702,6.000000524764808,1.0009999753270218,516.2049564565635,987.500081701406,1090.9475549753015,GA_co2
8.454545454545455,52.72727272727273,550,welded,446.9753465581807,225.09067228109248,12.036415204774679,6.0004092551215615,1.000999690645772,528.0357242924972,1298.7448845049057,1302.0405380644825,GA_co2
8.454545454545455,52.72727272727273,620,rolled,469.7386031844026,203.22935839838104,11.39612350853752,6.000233790882928,1.000999443542103,509.6763228639809,1080.5138044716396,1005.5913850106342,GA_co2
8.454545454545455,52.72727272727273,620,welded,429.0043704023853,218.76940656989993,12.356319393486805,6.000890674127495,1.0009877135264433,519.8274437244378,1455.6882120356615,1208.3518556440342,GA_co2
8.454545454545455,52.72727272727273,690,rolled,457.5006339249786,196.61890509013574,11.937618516287092,6.000297122729529,1.0009507570916845,508.4475962591278,1224.0875879938505,937.272298944076,GA_co2
8.454545454545455,52.72727272727273,690,welded,412.61756403767396,207.79166577927862,13.44976533215756,6.003073572831498,1.0000537959427216,524.6399475303269,1737.6240245390336,1162.8989515414617,GA_co2
8.454545454545455,63.63636363636363,355,rolled,622.460797860588,241.38154307264907,10.94913457700928,6.000013976675352,1.0009983335572803,619.4595467090721,885.8271517939731,1590.152656402188,GA_co2
8.454545454545455,63.63636363636363,355,welded,531.1894714104961,275.5751094365372,12.252977604375285,6.019975111962948,1.000992762879488,650.6373807286196,1106.0835472386536,1879.691392924982,GA_co2
8.454545454545455,63.63636363636363,460,rolled,551.1441668190595,230.12749943167975,11.13659935044461,6.0001223844085185,1.0009999157296967,578.3266524885282,926.7684606128665,1359.6459600005296,GA_co2
8.454545454545455,63.63636363636363,460,welded,482.72385315129185,251.5857010076837,12.724664378350502,6.00001273025601,1.000999607170157,607.0259682375429,1161.2406772384195,1605.5836859883013,GA_co2
8.454545454545455,63.63636363636363,500,rolled,451.75438150445655,232.76185856498932,11.936479434923358,6.00270529217943,1.000999988855727,566.2147258038723,992.0081996083844,1257.7893919007217,GA_co2
8.454545454545455,63.63636363636363,500,welded,484.4296030900196,243.3803619516223,12.53465620823917,6.000071089700421,1.0009343974628306,587.8609973876866,1233.0972281204115,1468.8294880728733,GA_co2
8.454545454545455,63.63636363636363,550,rolled,502.8385750433613,219.89291473324616,11.915696131037171,6.000032012388226,0.9999477941261022,565.465760906409,1081.7360006139602,1195.0553390996047,GA_co2
8.454545454545455,63.63636363636363,550,welded,468.3395900539616,236.28164719486625,12.829886354750899,6.000040532456099,1.00091478461849,578.6661822166071,1425.9089141588668,1428.6300397244365,GA_co2
8.454545454545455,63.63636363636363,620,rolled,480.91791837145075,215.1409182903882,12.135883518953289,6.000021978375798,1.0009565851957278,554.8263227226879,1176.2318041720982,1094.6723347318632,GA_co2
8.454545454545455,63.63636363636363,620,welded,434.8284894165924,231.51767067837653,13.40779425534154,6.001525688603543,1.0009996178906115,574.5481882868092,1613.1185147108624,1337.7915961165284,GA_co2
8.454545454545455,63.63636363636363,690,rolled,463.48838058969983,209.75011540373166,12.546484603268855,6.026224683866048,1.0009990632671897,550.8810333022327,1326.2460876751254,1015.4940967893358,GA_co2
8.454545454545455,63.63636363636363,690,welded,433.99453074608914,224.14237668945984,13.362602668616441,6.107955896206628,1.000994061631499,562.6584362525172,1863.6305758260323,1247.2069729129053,GA_co2
8.454545454545455,74.54545454545453,355,rolled,621.4912386739403,264.92459822372984,11.55695626754414,6.006815543646259,1.0009994432302516,677.1993925313101,968.3951313197734,1738.3708406278727,GA_co2
8.454545454545455,74.54545454545453,355,welded,567.4968021009959,286.61679066826207,12.748416630549723,6.003249259914146,1.0004819845338044,700.9529568535656,1191.6200266510618,2025.0530923499512,GA_co2
8.454545454545455,74.54545454545453,460,rolled,496.45998395720056,249.1901591687499,12.322353922859811,6.000366109291892,1.0009973503450513,625.2478193574727,1001.9596305203501,1469.9576233094185,GA_co2
8.454545454545455,74.54545454545453,460,welded,516.1196135936871,259.6529317564455,13.289009866539267,6.0000133598419865,1.0009971325174463,652.9512013089098,1249.0956481039443,1727.0559274620666,GA_co2
8.454545454545455,74.54545454545453,500,rolled,475.459552706521,241.27886489931407,12.679104061751723,6.001416714720184,1.0006431607026718,614.6110212748599,1076.7985092735546,1365.296922659974,GA_co2
8.454545454545455,74.54545454545453,500,welded,501.8783115020454,254.60177957584295,13.281191868674165,6.000013917656561,1.000995486734028,638.1123048160924,1338.5043705822354,1594.3874048134885,GA_co2
8.454545454545455,74.54545454545453,550,rolled,462.1700091668877,233.33729039195296,12.822311243313296,6.009018512022761,0.9971455059240931,599.7880178164347,1147.3944780828394,1267.591996853253,GA_co2
8.454545454545455,74.54545454545453,550,welded,487.51848932577826,249.009367450695,13.282177542502618,6.003979161808087,1.0009999824533793,622.6883341719771,1536.0160059843386,1538.3928954855478,GA_co2
8.454545454545455,74.54545454545453,620,rolled,482.8404597255568,226.04691747253764,13.133721490846684,6.00782943205874,0.9962344690149626,604.9275063416437,1282.4463134442847,1193.521970012063,GA_co2
8.454545454545455,74.54545454545453,620,welded,455.5929742028969,241.15813316451474,13.995859316927232,6.044872325018578,1.0009988493951194,619.5619503154461,1742.2147793414408,1444.052340250232,GA_co2
8.454545454545455,74.54545454545453,690,rolled,462.82956875324453,215.33016644630317,14.103564272774916,6.0013151696023215,1.0007491574817882,605.0295696278099,1456.6086888789523,1115.3115086519047,GA_co2
8.454545454545455,74.54545454545453,690,welded,454.95954958359226,230.3658748104789,14.446307669586819,6.000000342337422,0.988595625824534,611.4018996500425,2030.3508492942067,1357.499601852238,GA_co2
8.454545454545455,85.45454545454545,355,rolled,630.0405985616839,281.8370444294057,12.249990076358962,6.0,0.999943504895988,734.3744173629773,1050.1554168290575,1885.1391293707627,GA_co2
8.454545454545455,85.45454545454545,355,welded,643.0688647528569,270.1218828750266,15.340603334134963,6.1111818930851705,1.0002484397609326,798.4143828689866,1357.3044508772773,2306.6191521085025,GA_co2
8.454545454545455,85.45454545454545,460,rolled,512.2782117997398,259.90732720994515,13.050103093182562,6.0,1.0009847135553926,676.0089119589451,1083.304281414209,1589.2969520154797,GA_co2
8.454545454545455,85.45454545454545,460,welded,519.6439202716924,275.98256327282917,14.002725024203478,6.000621519290586,0.9992827853601368,708.755919791617,1355.850074561363,1874.6594078488267,GA_co2
8.454545454545455,85.45454545454545,500,rolled,491.81831762575365,247.9837503248944,13.622425795282279,6.000000248151227,1.0009401484511813,665.069407974362,1165.201602771082,1477.3851828742477,GA_co2
8.454545454545455,85.45454545454545,500,welded,514.0071664837583,263.05261559530896,14.301907014463685,6.0001343714090885,0.9978985299473851,692.6710043176131,1452.9466986566251,1730.707771387988,GA_co2
8.454545454545455,85.45454545454545,550,rolled,479.0771970175075,246.02300883363546,13.098635029437151,6.000000049869208,1.0008795768864494,638.4971722859393,1221.4450905830017,1349.3999239091038,GA_co2
8.454545454545455,85.45454545454545,550,welded,500.94439559319136,260.06135501376366,13.895835103332603,6.000150537097312,1.0009999472092108,668.0970936427385,1650.3667929055766,1652.1264467151648,GA_co2
8.454545454545455,85.45454545454545,620,rolled,525.6380771888396,222.4196062592832,14.042313651405676,6.481192414544301,1.0009999997721812,660.0234023372782,1399.24961295503,1302.22617281145,GA_co2
8.454545454545455,85.45454545454545,620,welded,484.94214572194505,249.9998975468015,14.159162241462647,6.006760614050041,1.000998655509747,651.8953735943196,1833.702962475325,1519.7163228804786,GA_co2
8.454545454545455,85.45454545454545,690,rolled,520.8578472793148,221.63510884838925,13.651045070456798,6.784168335795892,0.9810704181282801,655.0168157526522,1576.9529839245101,1207.4579981584388,GA_co2
8.454545454545455,85.45454545454545,690,welded,470.3824478359304,239.02413411748805,14.800869277752762,6.16375638682468,1.0009288648152115,649.9034410848445,2161.1844988206913,1444.2531894278256,GA_co2
8.454545454545455,96.36363636363636,355,rolled,667.8921740287947,252.9613933536447,15.0981062454397,6.294863223636947,1.0009999877485045,812.0358815660367,1161.2113106394324,2084.496107980016,GA_co2
8.454545454545455,96.36363636363636,355,welded,589.7923450635775,300.0,15.334107923028398,6.000000005794839,1.0009517764754645,833.2664290091839,1416.5529293156123,2407.306713407532,GA_co2
8.454545454545455,96.36363636363636,460,rolled,591.3439903286527,237.90716951527574,15.422792186414187,6.308165125271145,1.0009993458917779,757.7791092435986,1214.3410225628666,1781.5386858317001,GA_co2
8.454545454545455,96.36363636363636,460,welded,556.0314448018589,284.83876132473347,13.992850920486086,6.002401352938386,1.000965072184963,739.4049356394738,1414.4816418783132,1955.7260547664087,GA_co2
8.454545454545455,96.36363636363636,500,rolled,578.2139146172257,254.54925073241614,13.209120803530206,6.502024433694025,1.0009951128976953,718.6452374014203,1259.0664559272886,1596.398530363515,GA_co2
8.454545454545455,96.36363636363636,500,welded,544.8059380038966,275.6473369081928,14.043298921343743,6.123242990236143,1.0006188832790104,723.8109910879015,1518.2659349059822,1808.5141423322304,GA_co2
8.454545454545455,96.36363636363636,550,rolled,499.46819602404355,254.2303462352869,13.61809545975635,6.0,0.9960955769500875,679.9779406653893,1300.7978004928898,1437.0653798022336,GA_co2
8.454545454545455,96.36363636363636,550,welded,515.1955538250644,268.8122558080626,14.532095085846304,6.001673426099774,1.0009999429377678,712.1579485452361,1761.8153955175644,1762.8097642698074,GA_co2
8.454545454545455,96.36363636363636,620,rolled,485.96424539695334,243.68703906353818,14.561156666145289,6.0004793391107185,1.0009906467588892,685.5767427728489,1453.4226946784397,1352.642913490831,GA_co2
8.454545454545455,96.36363636363636,620,welded,484.84449669642663,258.42725393731115,15.291115674546573,6.004964787825086,0.9990642275381117,705.5675060961725,1990.2088871063406,1647.7931405683073,GA_co2
8.454545454545455,96.36363636363636,690,rolled,539.9918269673997,224.88382075685305,14.127747665291515,7.037944025185652,1.000999891817718,693.7840478333021,1670.285095158675,1278.9215137759095,GA_co2
8.454545454545455,96.36363636363636,690,welded,463.47627380992685,236.30452639457232,17.50209228905673,6.009704215177974,1.0009999975217412,719.8716282526641,2410.0625970355527,1606.644750159992,GA_co2
8.454545454545455,107.27272727272727,355,rolled,750.0,263.16126720495885,13.974619409662036,7.167504686124556,0.9708285591379948,873.2049925002809,1248.6831392754018,2241.5172157482207,GA_co2
8.454545454545455,107.27272727272727,355,welded,733.0932637539587,299.3308417978737,13.977858402121438,7.02484412317772,1.0009967206597312,884.1230436493504,1503.0091742038956,2554.231473102973,GA_co2
8.454545454545455,107.27272727272727,460,rolled,549.2626896604648,277.0133430773784,14.152087441564872,6.390988554407518,0.9973688490955541,778.4043781462907,1247.3930159794309,1830.02869302193,GA_co2
8.454545454545455,107.27272727272727,460,welded,567.7173786555223,295.23236643245934,14.562006824790698,6.1013560711898664,1.0009999467468371,788.7527475606586,1508.8840060835396,2086.2510172979414,GA_co2
8.454545454545455,107.27272727272727,500,rolled,527.8878685652543,273.38754238411406,14.174044641006393,6.022618460667243,0.9917998444668896,749.7268089768368,1313.521369327418,1665.4431334611452,GA_co2
8.454545454545455,107.27272727272727,500,welded,529.936465954562,286.5905809380064,15.483578889057357,6.0031184884489495,1.0009262667029237,787.8080794163787,1652.506227383796,1968.4172672297636,GA_co2
8.454545454545455,107.27272727272727,550,rolled,516.3625449393976,263.0486893378924,13.939066481295054,6.032749753980659,1.0005039243754927,716.3928272783068,1370.4594785834008,1514.0246011699733,GA_co2
8.454545454545455,107.27272727272727,550,welded,507.25392413085683,281.32652001815757,15.528838126832932,6.000020147160422,1.0007576516790688,769.5082110628802,1908.090398577767,1907.6790221084188,GA_co2
8.454545454545455,107.27272727272727,620,rolled,519.7091044941797,255.0286836141154,14.359769694880079,6.3940562733879025,1.0008372607188611,729.181060985556,1545.8638492893785,1438.674233324502,GA_co2
8.454545454545455,107.27272727272727,620,welded,498.3684401595149,267.7353403970871,15.619307743492204,6.1253427028741365,1.000941616944191,744.9836116954991,2103.7093687430975,1741.0844518931406,GA_co2
8.454545454545455,107.27272727272727,690,rolled,510.76031577304184,241.744857709382,14.852393622917898,6.740715702956751,1.0009999853509415,726.3878055343465,1748.7786418239396,1339.0232807220143,GA_co2
8.454545454545455,107.27272727272727,690,welded,487.989278838076,254.04549361965204,16.19949738024407,6.3661692216971595,1.000998951803832,738.7564077850628,2467.1093987287577,1646.1609335480625,GA_co2
8.454545454545455,118.18181818181817,355,rolled,726.8335027793931,289.31541716233977,13.93896864284858,6.912150044043913,1.0009791609769787,898.7342206367978,1285.1899355106207,2307.05074437466,GA_co2
8.454545454545455,118.18181818181817,355,welded,749.9615870272626,299.938884306308,15.108313035858478,7.188054794477979,1.0005513727720914,944.8643804933292,1606.2694468386594,2729.7131952452282,GA_co2
8.454545454545455,118.18181818181817,460,rolled,705.6263779068925,262.7613705773116,12.75227687195811,7.648726314566953,1.0009998446977957,829.5266827440529,1329.3165090973448,1950.2172311312684,GA_co2
8.454545454545455,118.18181818181817,460,welded,593.3383273569134,299.71162444448504,14.837604984834615,6.851519453180136,1.0009997729635913,846.5894875807718,1619.5256897420163,2239.229194651142,GA_co2
8.454545454545455,118.18181818181817,500,rolled,536.8457742710962,284.48497938693384,14.531061701384347,6.000134569452812,1.0009997329185745,788.4694774106198,1381.398524423406,1751.5060971199512,GA_co2
8.454545454545455,118.18181818181817,500,welded,539.1698157875102,296.624906261975,16.065128339351993,6.000423918022739,1.0006474031541022,834.4529023529138,1750.3484079754721,2084.96402181899,GA_co2
8.454545454545455,118.18181818181817,550,rolled,515.3833027200429,268.2428596213881,15.185194872798983,6.000071675085252,1.0007535728186696,770.5073836766078,1473.9806249733506,1628.390304662143,GA_co2
8.454545454545455,118.18181818181817,550,welded,521.9794152662864,288.061796742077,16.081790298859108,6.052274184906352,1.0009995135984848,811.6562200076718,2015.4213498093613,2014.0342790641723,GA_co2
8.454545454545455,118.18181818181817,620,rolled,516.0642858045168,258.50219888181,14.765094221056051,6.504494514308204,1.000994742628086,752.495112727821,1595.2896389829803,1484.672857411991,GA_co2
8.454545454545455,118.18181818181817,620,welded,534.7199692319767,268.21347718627425,15.800665340579874,6.658970997497443,1.0009688808774644,784.880419062376,2220.2649736711887,1836.4059003284135,GA_co2
8.454545454545455,118.18181818181817,690,rolled,541.1176115581964,247.619987556363,14.697033026272498,7.03096871357565,1.0009855160313434,757.9441508684605,1824.7505432158187,1397.1942477109203,GA_co2
8.454545454545455,118.18181818181817,690,welded,493.15369809827644,262.4733985913623,16.790155571900627,6.523273084353997,1.000995366694613,783.9317449017452,2623.1554228099385,1749.0317253989676,GA_co2
8.454545454545455,129.09090909090907,355,rolled,743.0415797225071,293.59764624449093,14.672630790125204,7.092976628753486,1.0008735915476332,953.1683843794896,1363.0307896626703,2446.7832427021494,GA_co2
8.454545454545455,129.09090909090907,355,welded,746.8494859247161,280.1483565783099,18.84516233861405,7.038602029692103,1.0009998690318758,1032.0498916110928,1754.4848157388576,2981.592136864447,GA_co2
8.454545454545455,129.09090909090907,460,rolled,587.1406648868324,297.38690222255036,14.587280777765384,6.2692602036267076,1.0009740310511221,848.3762073244317,1359.5228722374015,1994.5324634197389,GA_co2
8.454545454545455,129.09090909090907,460,welded,594.977615933982,299.73289960389513,16.86766295532298,6.4856238247382105,0.9817938840270715,912.6682525147909,1745.9343670607948,2414.007527901622,GA_co2
8.454545454545455,129.09090909090907,500,rolled,548.0295819201756,285.8942238935794,15.573699963517765,6.046306693642245,0.9997338500599252,838.3359552206322,1468.7645935465475,1862.2794909271124,GA_co2
8.454545454545455,129.09090909090907,500,welded,566.8915100673614,298.12950093495294,16.46007769073521,6.282189282188268,1.0009992032908406,874.001167145251,1833.3048482038787,2183.779316229124,GA_co2
8.454545454545455,129.09090909090907,550,rolled,539.5805046977182,279.5832045353577,14.856464916006004,6.261067107065019,1.0006766212461742,801.3645229361647,1533.010332376883,1693.6037827732905,GA_co2
8.454545454545455,129.09090909090907,550,welded,559.56015859198,280.5310640413427,16.876187531684245,6.508845355912081,1.0009987775709257,855.5516504575896,2130.56168702267,2127.0228534891503,GA_co2
8.454545454545455,129.09090909090907,620,rolled,527.974504010278,265.4895882425436,14.987904148982981,6.693149084571797,1.0003084779827982,786.8622748002506,1668.1480225765315,1552.4792681808945,GA_co2
8.454545454545455,129.09090909090907,620,welded,523.3773672875516,274.44852327342534,17.26628433427575,6.464375383360765,1.000999998513489,838.7271516426357,2379.982909080012,1966.342905079484,GA_co2
8.454545454545455,129.09090909090907,690,rolled,598.6507905204433,244.052128914563,14.536623161982513,7.842268592611664,1.0009980221190602,805.7280537189782,1939.7902893284402,1485.2790942255647,GA_co2
8.454545454545455,129.09090909090907,690,welded,518.9796760437426,270.5113721130815,16.436491063774138,6.734795365761031,1.000999981067425,807.458171154009,2700.864025686203,1801.089425133428,GA_co2
8.454545454545455,140.0,355,rolled,748.6363393446844,282.2321101032277,16.933752822451652,7.054222649069841,1.0009992950181408,1017.4685533541946,1454.9800312964983,2611.8417764602173,GA_co2
8.454545454545455,140.0,355,welded,749.966855242674,298.6669369844615,18.55382116828863,7.278005339383522,1.0009999940369827,1079.8779495585168,1835.7925142494785,3119.7673962745553,GA_co2
8.454545454545455,140.0,460,rolled,691.8275087994894,286.92536029604895,14.120356866017708,7.472986663223794,1.0009999340782354,910.2429216663312,1458.6642819702956,2139.9811088375445,GA_co2
8.454545454545455,140.0,460,welded,692.1382158559486,300.0,16.221308305593222,7.68177494606461,1.0003202453792404,982.2768400872533,1879.0955950869154,2598.1222420307845,GA_co2
8.454545454545455,140.0,500,rolled,580.3117366288077,292.813825946696,15.20000371970369,6.765043433956656,0.9975647764001544,879.5645838500238,1540.9971509052418,1953.864766564443,GA_co2
8.454545454545455,140.0,500,welded,584.4575710484634,299.94022550427746,17.107461958157554,6.695065031169465,1.000701541864509,925.5933815010922,1941.5246770366912,2312.6876230186285,GA_co2
8.454545454545455,140.0,550,rolled,540.6484358436411,276.3159731348843,16.556690993753666,6.222130136748645,1.000976982131483,857.6820397216494,1640.7457419875152,1812.6252227477337,GA_co2
8.454545454545455,140.0,550,welded,570.0831748672431,299.98375877626654,16.21265048242589,6.660291337284638,1.0009999827734697,883.2292066706427,2196.8901792807833,2194.1144934439426,GA_co2
8.454545454545455,140.0,620,rolled,590.5283591797676,267.1081477167764,15.059091392989664,7.30166216625918,1.0009999430022618,845.7678819781338,1793.0279097936439,1668.700031142858,GA_co2
8.454545454545455,140.0,620,welded,546.8883075501993,280.6077743918479,17.193135139689566,6.76907004916256,1.0009999973914037,870.6322085544895,2471.9158258699267,2041.8893190726012,GA_co2
8.454545454545455,140.0,690,rolled,582.4041613739893,256.14423415013937,15.128588351003087,7.602248894948407,1.0009999806818914,832.5986744071706,2004.4813086352635,1534.8123964021784,GA_co2
8.454545454545455,140.0,690,welded,540.5841718577989,272.1841905150718,16.876516428955494,7.004003991204514,1.0009856223917455,845.3241812952267,2832.8208055033997,1887.809512157727,GA_co2
9.272727272727273,20.0,355,rolled,387.18723916851235,198.86742822992596,8.643930552224955,6.003108572740386,1.0009961260253861,432.4846776390122,618.4530890237875,1110.1881674993444,GA_co2
9.272727272727273,20.0,355,welded,415.31835428633605,209.26245750992237,9.116821394808497,6.001603310270647,1.0009999717091675,451.21350800589676,767.0629636100244,1303.5558246290354,GA_co2
9.272727272727273,20.0,460,rolled,364.42622674731905,185.4883067752148,8.974141332732318,6.000010902355751,1.000996605837316,413.3410956863681,662.379105837405,971.7649159586514,GA_co2
9.272727272727273,20.0,460,welded,369.42702619035924,199.99145640003687,9.69399306574887,6.000081756591572,1.0005864569793095,435.1218126611072,832.3880276206979,1150.8971944886284,GA_co2
9.272727272727273,20.0,500,rolled,358.26005244777286,180.25923348096427,9.315977099488597,6.013338252718679,1.0009999667279146,412.7917452213598,723.2111376278224,916.9755828347288,GA_co2
9.272727272727273,20.0,500,welded,357.97103522423674,195.8151811997335,9.997728174339729,6.000020044225043,1.00096200414864,432.61632877718256,907.4560112430182,1080.9351590826684,GA_co2
9.272727272727273,20.0,550,rolled,354.31351453994705,178.98315933174044,9.610556392833395,6.004021836217285,1.000999998118189,416.7108828214987,797.167918837527,880.6767797549554,GA_co2
9.272727272727273,20.0,550,welded,368.130413519774,188.72231166125616,9.989298881795175,6.003800060269339,1.0008511748385223,426.6013896022094,1044.254498951643,1048.6088154160482,GA_co2
9.272727272727273,20.0,620,rolled,351.29092350429903,176.29811905262704,10.018257322929967,6.001114071675647,1.0008850521209325,421.9186819650902,894.4676057659912,832.4455595171229,GA_co2
9.272727272727273,20.0,620,welded,343.43470755571286,185.27923742431963,10.58324750256425,6.0000126488358845,1.0009999928806663,426.2144592615705,1188.2949874794615,987.9443784212363,GA_co2
9.272727272727273,20.0,690,rolled,370.83152458168166,170.93360200331932,10.088981217295629,6.002460655072075,1.0008510966645414,424.4852679625255,1021.9482826197802,782.4961429621195,GA_co2
9.272727272727273,20.0,690,welded,347.7178354444192,178.25499939839952,10.888063818360488,6.083705998278859,1.0009952314799584,426.89226902989617,1404.5194778311893,942.2467783265455,GA_co2
9.272727272727273,30.909090909090907,355,rolled,438.09845506184877,228.21598455833094,9.761517380871007,6.0000002401322305,1.000970058350168,532.4849557822462,761.4534867686122,1366.8888814930258,GA_co2
9.272727272727273,30.909090909090907,355,welded,466.77572884316623,238.96909410622962,10.243875321321687,6.0000513500346555,1.0009999089544999,551.2957800873357,937.2028261484706,1592.6935086723129,GA_co2
9.272727272727273,30.909090909090907,460,rolled,494.9386689987973,200.84574306120345,9.699883554636441,6.001448207247302,1.0009998207862836,515.9271774022518,826.7733017871084,1212.944794072694,GA_co2
9.272727272727273,30.909090909090907,460,welded,427.2253256041075,216.17100609056826,11.323496701525851,6.006093510715817,1.0009985639949646,533.2340733299675,1020.0767822802277,1410.404123957764,GA_co2
9.272727272727273,30.909090909090907,500,rolled,403.1827645756271,203.47832116636363,10.185103305797833,6.010177832166435,1.0009999833247605,492.64525811520036,863.1144922178312,1094.362176377106,GA_co2
9.272727272727273,30.909090909090907,500,welded,394.8549286283108,219.67203303612646,11.433360748821828,6.001013495241622,1.0009792153812909,528.1333818974585,1107.8125818681092,1319.5940680089898,GA_co2
9.272727272727273,30.909090909090907,550,rolled,399.8841245831669,200.5111048941947,10.552807141268694,6.03451427310722,0.9974543256384925,498.1472857648997,952.9557576682531,1052.784473735539,GA_co2
9.272727272727273,30.909090909090907,550,welded,405.7508679268401,211.4406198540594,11.291705603232069,6.00568467265386,1.0009999653525585,515.0854610917663,1264.7063686943209,1268.6602388189253,GA_co2
9.272727272727273,30.909090909090907,620,rolled,438.66286281928785,191.7629570589945,10.659633395924825,6.0512193255944124,1.0009999229305917,505.48681900656845,1071.6320562939252,997.3254938999595,GA_co2
9.272727272727273,30.909090909090907,620,welded,402.27508136620366,203.66885633506337,11.620264517807703,6.011756249834103,0.99725569571442,510.4124246601286,1426.754836408971,1185.0947881546613,GA_co2
9.272727272727273,30.909090909090907,690,rolled,414.43364957558265,189.748649645692,11.120635158874213,6.006896938522473,1.0009868338842391,502.61509260390994,1210.0458354439131,926.5206617060475,GA_co2
9.272727272727273,30.909090909090907,690,welded,387.3978279183761,199.81984811726784,11.94976353779072,6.000002399634273,1.000992944964897,506.37655013571964,1670.4080053748282,1119.5510814140862,GA_co2
9.272727272727273,41.81818181818181,355,rolled,599.2538617722723,229.2575406321819,10.00230545275635,6.002327882432868,1.000999995506785,616.2627161502741,881.2556840948919,1581.9463923577534,GA_co2
9.272727272727273,41.81818181818181,355,welded,500.67294088205455,262.443213428961,11.402475446677196,6.024961845483012,0.9983183425191339,645.2288818019914,1096.8890990633854,1864.066239525953,GA_co2
9.272727272727273,41.81818181818181,460,rolled,432.18321926329514,229.5524433329568,11.172073449950524,6.010774920976544,1.0009999832821732,580.3061697721705,929.9406370599032,1364.2998051343727,GA_co2
9.272727272727273,41.81818181818181,460,welded,461.8387295043407,241.56683151082558,11.773447099795503,6.000760352588888,1.0005540848803955,605.4917342295555,1158.3056875811396,1601.5256370371744,GA_co2
9.272727272727273,41.81818181818181,500,rolled,425.3133258005352,213.73881471235546,12.12122839177257,6.000134961585375,1.0009375765106554,579.9568358983153,1016.0843764938483,1288.3161152645177,GA_co2
9.272727272727273,41.81818181818181,500,welded,454.80734902324286,232.30115974290106,12.185992985233035,6.000807512120109,0.9978861724319807,600.1319557517611,1258.8367903848941,1499.4897046413505,GA_co2
9.272727272727273,41.81818181818181,550,rolled,492.94079491913095,211.3517405439176,11.09848329664543,6.002064700812308,1.000996689809294,574.5126271722578,1099.0426557805292,1214.1749862658496,GA_co2
9.272727272727273,41.81818181818181,550,welded,444.52168711179866,227.98250620744795,12.171727169832819,6.0,1.0007851429669334,587.4918697434356,1445.436840216267,1448.9497952030406,GA_co2
9.272727272727273,41.81818181818181,620,rolled,465.7503439366584,205.95592197483091,11.761316079869792,6.003024451739912,1.0009990487223603,573.1771365434657,1215.1355294721475,1130.878490400258,GA_co2
9.272727272727273,41.81818181818181,620,welded,429.1077215784415,216.42200946174583,13.095105448389285,6.001760433378938,1.0009999941123358,588.6129456306181,1651.3310716969752,1369.858791714162,GA_co2
9.272727272727273,41.81818181818181,690,rolled,448.9362000857445,203.74311641652704,11.957651034176513,6.011711861105106,1.000999161036382,567.7010615912178,1366.740305780857,1046.5001369372508,GA_co2
9.272727272727273,41.81818181818181,690,welded,416.82259275865016,214.9712567744922,13.02536025641625,6.0001576045937215,1.0008492446946715,578.3127776198165,1913.2059423222845,1280.9378091387873,GA_co2
9.272727272727273,52.72727272727273,355,rolled,608.9369524384269,254.37444166202874,10.874977717137472,6.003656621365675,1.0009675163235623,692.2995573288919,989.9883669803154,1777.1329636632652,GA_co2
9.272727272727273,52.72727272727273,355,welded,538.3535869693313,277.9795881165217,12.35850026251669,6.000252936892391,1.000993470714397,724.4712535571947,1231.6011310472309,2092.9974515267354,GA_co2
9.272727272727273,52.72727272727273,460,rolled,556.6893714355914,233.76738844299325,11.405548895658786,6.004808053613132,1.0009992852254648,652.5882377755934,1045.7726510353882,1534.2349470104202,GA_co2
9.272727272727273,52.72727272727273,460,welded,493.3067750986095,252.06564821007544,13.053598380893593,6.002379356713517,1.0009998549741048,683.1453444500986,1306.8570439330388,1806.919436070511,GA_co2
9.272727272727273,52.72727272727273,500,rolled,460.27487232178356,233.6256450452955,12.20212338280828,6.003364761032122,1.000999996015047,635.7598514407761,1113.8512597242395,1412.27693399054,GA_co2
9.272727272727273,52.72727272727273,500,welded,472.3165838551799,248.3493373829635,13.283979591867112,6.00159078398065,1.000997947043031,675.0145502260235,1415.910520554107,1686.5913551947424,GA_co2
9.272727272727273,52.72727272727273,550,rolled,456.53567977302725,229.7097679738829,12.303101252767044,6.001156774300622,1.0006551235343408,630.1203027510297,1205.4201391627196,1331.6962478340258,GA_co2
9.272727272727273,52.72727272727273,550,welded,462.4275697896973,244.44531100251044,13.125904700996188,6.001975689066134,1.0009597557077599,657.6693593219122,1621.7078919032604,1624.4202919212016,GA_co2
9.272727272727273,52.72727272727273,620,rolled,483.2913679367744,218.32076975532723,12.787288924406791,6.00000585153933,1.0009999820376125,636.6477206971223,1349.6931678778992,1256.1059529354222,GA_co2
9.272727272727273,52.72727272727273,620,welded,452.73932253604227,231.62018714862384,13.815057532298477,6.005580397248502,1.000937634336062,651.676623653268,1831.5264073737847,1518.3725491065752,GA_co2
9.272727272727273,52.72727272727273,690,rolled,457.513318647616,215.99297281701985,13.159749540400885,6.005960112339977,1.000999275898201,632.428361367387,1522.5712799919843,1165.818441344641,GA_co2
9.272727272727273,52.72727272727273,690,welded,444.7997849811562,228.64499535270687,13.63771813982384,6.000379895619747,1.0009997103574362,636.3160504657441,2108.5406909156513,1410.8802453271883,GA_co2
9.272727272727273,63.63636363636363,355,rolled,624.5238469566498,267.0810215213854,12.214387315979362,6.0,0.999142343810931,773.8608375746113,1106.6209977316942,1986.5007700540273,GA_co2
9.272727272727273,63.63636363636363,355,welded,581.1162011617181,293.42694674568367,12.799595836089413,6.0023932442742645,1.0009913591397124,789.4846821844536,1342.1239597135711,2280.821246830886,GA_co2
9.272727272727273,63.63636363636363,460,rolled,499.89039818659955,252.9189962040098,12.835902933267581,6.0139635163425895,1.0009997629438747,714.2288924850963,1144.5518002073668,1679.1521262324613,GA_co2
9.272727272727273,63.63636363636363,460,welded,533.333327595655,267.53986963496396,13.22922127021341,6.000105297049396,1.0009010901799444,736.6433412984059,1409.1987119038504,1948.4216377342836,GA_co2
9.272727272727273,63.63636363636363,500,rolled,490.121537406252,248.16910821040693,12.62479232805757,6.002097005550685,1.000999572991623,692.1827402613654,1212.704160937912,1537.6147392165972,GA_co2
9.272727272727273,63.63636363636363,500,welded,510.0126078395022,263.36636839973374,13.46170680853761,6.001317604755111,1.0009999434564842,727.1734190467533,1525.3189637924697,1816.915504830218,GA_co2
9.272727272727273,63.63636363636363,550,rolled,478.5084182749071,243.55024491761012,12.842420630465487,6.000398501489485,0.9997240749042589,685.7853453898044,1311.9073657306958,1449.3387489468125,GA_co2
9.272727272727273,63.63636363636363,550,welded,494.450320051694,255.14803683993074,13.788608767496815,6.001382393686852,1.0009170120065995,716.1283869387255,1768.5803663544866,1770.6138137333478,GA_co2
9.272727272727273,63.63636363636363,620,rolled,473.8411217977293,236.93883792231614,13.56569196486259,6.000148436602418,1.0009999990591896,696.1899777166117,1475.9227527592168,1373.5828260348749,GA_co2
9.272727272727273,63.63636363636363,620,welded,469.61860034809104,246.47685662797886,14.409412509341854,6.0111476859173925,1.0009999740682884,709.9214346871972,1998.1775370051523,1655.6581385059433,GA_co2
9.272727272727273,63.63636363636363,690,rolled,481.4291021639391,224.18949718415516,14.013793268357736,6.226925587039359,1.000999979672746,696.0359487205901,1675.7065465448206,1283.0726678715357,GA_co2
9.272727272727273,63.63636363636363,690,welded,457.7038425755369,233.35994787572764,15.503702802297287,6.020044806342603,1.0009994138002705,713.687073881335,2376.817007487521,1587.4993825508639,GA_co2
9.272727272727273,74.54545454545453,355,rolled,715.3463165132747,242.76168730649448,13.894614591647029,6.792686224351002,1.0009999925344828,872.5697916065849,1247.7748019974165,2239.8866550541034,GA_co2
9.272727272727273,74.54545454545453,355,welded,592.4567680364047,298.2152078227554,14.624817870108389,6.014029280762334,1.000990892843598,881.4855627170656,1498.5254566190115,2546.611790689603,GA_co2
9.272727272727273,74.54545454545453,460,rolled,512.3008778523118,265.55188223053204,13.89771505644938,6.003750663189998,0.999247226915234,786.4677483159636,1260.3145666763314,1848.9856762908307,GA_co2
9.272727272727273,74.54545454545453,460,welded,539.8132261932426,274.644991628633,14.91617698990888,6.000002558398479,1.0009267429625568,819.1301593503989,1566.995994837313,2166.5992714818053,GA_co2
9.272727272727273,74.54545454545453,500,rolled,511.10510553255966,257.05944970352573,13.553417290542582,6.004892452604186,1.0009998089936956,754.7068327741131,1322.2463710202462,1676.5057583244147,GA_co2
9.272727272727273,74.54545454545453,500,welded,533.706450570786,275.2357563171194,14.089853725700342,6.042287862079601,1.0009915326216412,786.9134889553294,1650.6297344326988,1966.1820435037864,GA_co2
9.272727272727273,74.54545454545453,550,rolled,492.648198379988,247.6564873062245,14.143434042184976,6.000150722640102,1.0009613724801718,748.3813576544392,1431.6535371929422,1581.6291612668917,GA_co2
9.272727272727273,74.54545454545453,550,welded,506.7161623363424,269.91816455218986,14.442757664259267,6.000614803366003,1.000861029394237,776.2424680815878,1919.9519984408457,1921.17200325262,GA_co2
9.272727272727273,74.54545454545453,620,rolled,524.2601224214151,240.96296012031712,13.83861032221417,6.53980105194944,1.0009953939092604,757.9408233526635,1606.8345455076467,1495.4172444748053,GA_co2
9.272727272727273,74.54545454545453,620,welded,484.3655561391231,260.93378440594944,14.863068261624631,6.002043578857144,1.000999129638056,763.2358954199723,2150.5930551091988,1781.253884732059,GA_co2
9.272727272727273,74.54545454545453,690,rolled,503.3315111971729,237.39632558157706,14.01059447507492,6.634427138136041,1.000999514513539,749.441802538504,1804.2811396114485,1381.521018799478,GA_co2
9.272727272727273,74.54545454545453,690,welded,479.458199427778,251.14345398390364,15.252012345331748,6.296026653204942,1.000694506425715,763.395646968074,2542.5271041978767,1698.1391350466263,GA_co2
9.272727272727273,85.45454545454545,355,rolled,665.1004921986124,295.73021621234506,13.568377720261966,6.3101361254694135,1.0009997748089798,921.0478599220049,1317.098439688467,2364.3298564197867,GA_co2
9.272727272727273,85.45454545454545,355,welded,596.0062904013693,300.0,16.91975080546077,6.0028641010392585,0.9980297549894913,984.6034161568618,1673.825807466665,2844.519269277174,GA_co2
9.272727272727273,85.45454545454545,460,rolled,538.368960724038,282.0334748918887,13.955549858492875,6.000175915010531,1.0009999757085455,835.7441986630593,1339.2800783575524,1964.8346110568525,GA_co2
9.272727272727273,85.45454545454545,460,welded,564.0453452221221,294.11377310904084,14.743613604369456,6.049185337610631,1.0009982872648457,866.666090411471,1657.932230957144,2292.331809138341,GA_co2
9.272727272727273,85.45454545454545,500,rolled,525.0127718903129,266.92768430732326,14.449778500790137,6.000081315259328,1.000999952896922,817.103579259387,1431.5654708624459,1815.113890966802,GA_co2
9.272727272727273,85.45454545454545,500,welded,536.134488156321,289.27749386635656,15.056938597180233,6.000000716835585,1.0009999935144251,855.1032669799143,1793.6646128170682,2136.5610228760142,GA_co2
9.272727272727273,85.45454545454545,550,rolled,515.120923174933,260.97222013377655,14.108313350658005,6.006493062789492,1.0009996506793453,786.3427315463477,1504.2736454481628,1661.856728850051,GA_co2
9.272727272727273,85.45454545454545,550,welded,534.6120388017217,273.7749926739217,15.318225508436363,6.234935716252786,1.0008042069804048,839.260950978218,2081.167992600778,2080.679749151607,GA_co2
9.272727272727273,85.45454545454545,620,rolled,551.4714807045359,247.81693441775477,14.30050169099039,6.8196064593085355,1.0009972196447778,814.2582572579037,1726.2275053867559,1606.5315415698435,GA_co2
9.272727272727273,85.45454545454545,620,welded,520.519839036836,266.0156201100208,15.208910763092664,6.533269970489462,1.0009837749318689,822.0702789495114,2321.3751630895053,1921.2344456011565,GA_co2
9.272727272727273,85.45454545454545,690,rolled,528.617711386872,238.59645799758056,15.140726332179053,6.871641298247205,1.0009971820083607,813.9411855679662,1959.5634042548784,1500.4191814759886,GA_co2
9.272727272727273,85.45454545454545,690,welded,505.2657530844592,257.98078347240096,15.355761786922008,7.649450764810387,1.0009999779529248,840.9578950142959,2811.682757887072,1875.2869324003852,GA_co2
9.272727272727273,96.36363636363636,355,rolled,712.0255029473121,299.78270832142647,13.824894725735634,6.8020082833747155,1.0008025561709875,989.3202395390673,1414.7279425408663,2539.585054896785,GA_co2
9.272727272727273,96.36363636363636,355,welded,743.0568129232848,291.12476724925295,16.589851276194654,7.037505689621117,1.000995623982223,1066.7651406431726,1813.5007390933936,3081.8844913181256,GA_co2
9.272727272727273,96.36363636363636,460,rolled,549.8862598780843,291.6770463421253,14.882202208419073,6.000179420757958,1.0009782860625656,902.0641739934302,1445.557838824472,2120.7528730585545,GA_co2
9.272727272727273,96.36363636363636,460,welded,572.8351245979472,295.4494007126418,16.436779713112454,6.098424427336051,1.000999264411534,946.6740323881608,1810.9874239585513,2503.9528156666856,GA_co2
9.272727272727273,96.36363636363636,500,rolled,538.1160824870508,273.7293399896511,15.510936100543253,6.004297762627088,0.9986930643651748,881.7278043907659,1544.787113292622,1958.6701446736474,GA_co2
9.272727272727273,96.36363636363636,500,welded,541.721881916125,297.76019386594515,16.240388997566708,6.000512145068788,1.0009997735602627,926.4237434911049,1943.2664443469416,2314.762365486875,GA_co2
9.272727272727273,96.36363636363636,550,rolled,528.6106941953204,267.6438525220596,14.9505133129032,6.369657789073392,1.0009999981363256,854.4493657949456,1634.5616367657308,1805.7932896710379,GA_co2
9.272727272727273,96.36363636363636,550,welded,526.001460455876,289.39891336242795,16.294521703827943,6.088383973115943,1.0009999391182411,905.1781021847971,2248.9382693629923,2246.9543088915084,GA_co2
9.272727272727273,96.36363636363636,620,rolled,599.870179366952,237.92093736672285,15.831671629508044,7.410177677305862,1.0005549384680548,897.5905391001993,1902.8919428924228,1770.9461336446934,GA_co2
9.272727272727273,96.36363636363636,620,welded,519.6265608003973,277.16466190696895,16.194873082313052,6.383712051473574,1.0009874305210968,879.8726751987114,2489.7046637718163,2059.049675795783,GA_co2
9.272727272727273,96.36363636363636,690,rolled,530.6822612168442,254.93168480407397,15.107553608385025,6.949339395089796,1.0003634914289392,854.5463116763497,2057.320245360812,1575.2706709441827,GA_co2
9.272727272727273,96.36363636363636,690,welded,517.9689373029466,265.85399824542617,16.22201657926564,6.804228208139414,1.0006089788462547,868.322622279739,2903.336185445253,1936.3774388926674,GA_co2
9.272727272727273,107.27272727272727,355,rolled,747.3891801622423,293.11991833642355,15.082687246001823,7.096286625107839,1.000299186413149,1064.805995984303,1522.6725742575536,2733.3569916917054,GA_co2
9.272727272727273,107.27272727272727,355,welded,749.8219410205533,300.0,17.68893791621808,7.098776222041217,0.9993785840095882,1141.7284147488674,1940.9383050730748,3298.4533902094777,GA_co2
9.272727272727273,107.27272727272727,460,rolled,584.7341221963918,295.645495265332,15.201688473738182,6.220225920440333,1.0006647979478203,950.5414039331757,1523.242599802914,2234.7228406468967,GA_co2
9.272727272727273,107.27272727272727,460,welded,588.5329614705269,299.63024468235875,17.520647261735636,6.2482963969161025,1.0009972368117122,1016.001798221672,1943.6114399980581,2687.324756296322,GA_co2
9.272727272727273,107.27272727272727,500,rolled,545.7382523617011,293.54222500161893,15.535212687976205,6.020114744239489,1.0009997087338414,933.8915846591206,1636.1780563227796,2074.5467661617704,GA_co2
9.272727272727273,107.27272727272727,500,welded,581.2043849485918,299.99244194802674,16.495162689792526,6.478001320917486,1.0000969724781523,978.9052240385016,2053.3515979431613,2445.8925927826,GA_co2
9.272727272727273,107.27272727272727,550,rolled,541.2184214575368,275.54740573207073,15.725209109891283,6.271143189613168,0.99948222682844,906.6875493760172,1734.4932819563205,1916.1934668512743,GA_co2
9.272727272727273,107.27272727272727,550,welded,575.4964749713429,294.9194892201828,15.759612925495048,7.096133222578934,0.9988851610854358,957.6203866393246,2381.8317136117253,2378.8541942866427,GA_co2
9.272727272727273,107.27272727272727,620,rolled,586.581364963893,263.60053132463577,15.139536053076844,7.304038087720067,1.0009393109189009,920.5920328744139,1951.6551096937576,1816.3280808612187,GA_co2
9.272727272727273,107.27272727272727,620,welded,532.5564781378581,288.3470322819383,16.497182392279292,6.5438851201396835,1.0009045724372223,930.4792210203776,2635.887723623357,2179.0721257634327,GA_co2
9.272727272727273,107.27272727272727,690,rolled,547.2966424257033,253.9183086668777,16.45304969241336,7.093279669066984,1.0009999325502703,917.4847107855852,2208.844441216296,1691.2913158621475,GA_co2
9.272727272727273,107.27272727272727,690,welded,538.1662354428316,273.4299427580471,16.506718211770277,7.103915274250301,1.0000987223436681,918.2882336687518,3075.144933891958,2049.8223878495733,GA_co2
9.272727272727273,118.18181818181817,355,rolled,726.8557671309457,295.7836564116238,17.471742550629145,6.825998636363853,1.0000042822826791,1150.9435980540181,1645.849345217246,2954.472216204664,GA_co2
9.272727272727273,118.18181818181817,355,welded,749.1734464897722,299.8667342312198,19.81297031992952,7.036707896667894,1.0007000769997798,1228.3742476686757,2088.2362210367482,3548.773201514804,GA_co2
9.272727272727273,118.18181818181817,460,rolled,692.2723631472383,254.37636388334226,18.26858143396026,7.438975658866227,1.0009995585411497,1083.1868342187242,1735.8069018355056,2546.572247248221,GA_co2
9.272727272727273,118.18181818181817,460,welded,591.2445689901252,299.9592369390564,19.480036999705817,6.234247304529322,1.0000348190482191,1101.290946570912,2106.7695807901546,2912.9145536800625,GA_co2
9.272727272727273,118.18181818181817,500,rolled,583.0304552160384,297.47924237821155,15.533409134921374,6.674690908252597,0.997545941183916,987.9339586908299,1730.860295626334,2194.596495835809,GA_co2
9.272727272727273,118.18181818181817,500,welded,593.2144600356276,299.51299998590764,17.94363732281996,6.581146004026701,1.0008703786242954,1049.3942804915919,2201.209442759163,2622.016549236292,GA_co2
9.272727272727273,118.18181818181817,550,rolled,569.8729820125025,287.57395537890324,15.308967541282875,6.61597178945804,1.0009106507870187,945.6447316760115,1809.01837169621,1998.5255759240824,GA_co2
9.272727272727273,118.18181818181817,550,welded,583.4052994906305,299.82972911298725,16.72563090122111,7.3526598845110485,1.0009999337545537,1024.4088654716468,2555.1398200067197,2549.524506993114,GA_co2
9.272727272727273,118.18181818181817,620,rolled,554.9840945581922,278.0469563572843,15.618856120807123,6.986967765232493,1.000651500419566,943.5301324079394,2000.2838807048317,1861.5849512408643,GA_co2
9.272727272727273,118.18181818181817,620,welded,660.9933315567624,285.07461220460533,16.225875192479297,8.263915066233443,1.000699330811635,1051.4926625528358,2989.2674192271948,2468.1161301246534,GA_co2
9.272727272727273,118.18181818181817,690,rolled,614.5636984518627,258.81334188133155,15.194771825784846,8.033145950142769,1.0009998662207589,959.8117830130095,2310.7468676038206,1769.3170408061817,GA_co2
9.272727272727273,118.18181818181817,690,welded,546.2140730722381,277.86077230188835,17.50219194253353,7.06438039345958,1.000999889226387,970.8651167081263,3259.4161159435225,2170.680145055953,GA_co2
9.272727272727273,129.09090909090907,355,rolled,748.4230712850205,298.4986087792403,18.30977409750491,7.021310813674745,1.0009939616531922,1217.4360971133817,1740.9336188721359,3125.1584612900506,GA_co2
9.272727272727273,129.09090909090907,355,welded,749.9894728049144,296.1093415383471,22.396572657584716,7.002321488916353,1.000999936385589,1324.9168460170852,2252.3586382290446,3827.6847681433587,GA_co2
9.272727272727273,129.09090909090907,460,rolled,748.5559004321022,281.4667262731866,15.263416917448254,8.094418110234091,1.0009989882400876,1100.9283782786433,1764.237726191526,2588.2826173330905,GA_co2
9.272727272727273,129.09090909090907,460,welded,572.4207685320412,295.95725039301806,20.37710774206873,8.96442482033518,1.0009999757572747,1224.8956030905706,2343.2252887122618,3239.8488701745596,GA_co2
9.272727272727273,129.09090909090907,500,rolled,571.3037609666611,299.675379740338,17.528930049701536,6.2876727745776515,1.0008507148477395,1060.6801640619565,1858.3116474365477,2356.1949164472303,GA_co2
9.272727272727273,129.09090909090907,500,welded,593.9875180634681,298.79851620558156,19.900995688219407,6.5527452774086745,1.0009986396051844,1130.0215450256212,2370.333192845743,2823.4718324010173,GA_co2
9.272727272727273,129.09090909090907,550,rolled,572.5872356405861,289.91487020919664,16.631625519725088,6.6573712254713655,1.0009690345230728,1011.4799540104178,1934.9611520219291,2137.661734805617,GA_co2
9.272727272727273,129.09090909090907,550,welded,597.0063560017835,300.0,18.043384403187382,7.08477716045748,0.9988138896158049,1077.30697748615,2693.5738753164583,2685.473943829681,GA_co2
9.272727272727273,129.09090909090907,620,rolled,561.4709351384138,280.7382207031292,16.62658217307665,7.251992960791152,0.99996562847755,1006.288389606174,2133.3313859650884,1985.4069926929812,GA_co2
9.272727272727273,129.09090909090907,620,welded,573.4431659203419,295.49152602163286,17.653078443059503,7.063463988622318,1.0008668441186699,1036.0898995899693,2947.1092904778493,2432.8325784497097,GA_co2
9.272727272727273,129.09090909090907,690,rolled,602.5994513514844,265.17723296138576,16.418580751707616,7.923932892100379,1.0008858269491019,1010.5960121758162,2433.0098993132783,1862.9326888448995,GA_co2
9.272727272727273,129.09090909090907,690,welded,556.5729309672374,284.3340896009545,18.123513573262603,7.234765339365883,0.9977891887785084,1024.219137614793,3445.7046303221564,2293.0233698786237,GA_co2
9.272727272727273,140.0,355,rolled,750.0,284.34359948469944,21.41056643785979,7.394042917391426,0.999958161088256,1330.2587586188615,1902.270024824972,3414.774233374617,GA_co2
9.272727272727273,140.0,355,welded,749.8792569811206,298.09706661302806,24.430784171289723,6.99102299186776,1.0008534060068401,1416.9712002082529,2408.8510403540295,4093.629797401643,GA_co2
9.272727272727273,140.0,460,rolled,750.0,294.79517037096014,15.529252897890727,8.348752852277277,1.0002502200782608,1158.5452390875462,1856.5687456377927,2723.739857094821,GA_co2
9.272727272727273,140.0,460,welded,591.611793244137,299.96061202153345,23.72646030377945,6.426098074222924,1.0009995719226583,1290.6428991557173,2468.999866084887,3413.7504682668723,GA_co2
9.272727272727273,140.0,500,rolled,713.7343722149385,287.572414201988,16.117515701465397,8.041859882669835,1.000999946550246,1127.381917648229,1975.1731197196975,2504.3661918637767,GA_co2
9.272727272727273,140.0,500,welded,706.0088436752941,299.8329046828811,19.376838896663326,7.878179243081856,1.0009721033256012,1228.447302780979,2576.791062313381,3069.3984307285546,GA_co2
9.272727272727273,140.0,550,rolled,685.0026193744617,286.9101042072797,15.749143606176723,8.03871488548233,1.0009998373464655,1092.2303178445043,2089.4365980365365,2308.319553732575,GA_co2
9.272727272727273,140.0,550,welded,594.2525136851305,299.0416288205926,19.99199222172518,6.932293721548087,1.0004627433912958,1150.0401748793047,2887.2849113807088,2874.6300021900024,GA_co2
9.272727272727273,140.0,620,rolled,680.5811279333528,273.8956243016055,15.488106338477163,8.730596821709586,1.0008120779895573,1081.9256467023356,2293.6823710089516,2134.6393009437083,GA_co2
9.272727272727273,140.0,620,welded,590.2544631318393,297.3674538997583,18.40127152406891,7.296974043024608,1.0009648334240102,1090.582721501076,3109.5400239266205,2564.753989246184,GA_co2
9.272727272727273,140.0,690,rolled,623.3732763326564,262.22176667200966,17.56877674393234,8.080438076445416,1.0009874733126358,1067.5067331901535,2570.0224601552945,1967.841911962729,GA_co2
9.272727272727273,140.0,690,welded,559.1938374049943,298.33766142220486,18.023274020199523,7.354847921616546,1.000992402802591,1062.8718615452444,3575.9275349128434,2379.638559685905,GA_co2
10.09090909090909,20.0,355,rolled,411.18159762599777,214.2834001969521,9.072314105166218,6.0000471976391765,1.000999836812612,519.5344880065843,742.9343178494156,1333.6450307129016,GA_co2
10.09090909090909,20.0,355,welded,428.0526002791373,225.526664284462,9.926568865124604,6.00019556243933,1.0009996213283998,548.6881865510106,932.7699171367179,1585.1601709458696,GA_co2
10.09090909090909,20.0,460,rolled,387.0394272581035,198.7886773170834,9.547182555256994,6.001281767113736,1.0008444831499121,499.3690893331135,800.2389656563143,1174.0167290221498,GA_co2
10.09090909090909,20.0,460,welded,377.51012115057335,214.2389330284569,10.738016675982253,6.000376363647994,1.0009999909726535,533.6892797219484,1020.9475921080871,1411.6081448645537,GA_co2
10.09090909090909,20.0,500,rolled,382.8202875537172,194.40758829448214,9.756456224595572,6.0000743020182705,1.000996877279328,496.8276080175615,870.4419692467677,1103.6528484502112,GA_co2
10.09090909090909,20.0,500,welded,389.2584701796249,206.0026654745403,10.737314710616726,6.0000003817866085,1.000980954948208,525.2287159706331,1101.7197546199998,1312.3364697242237,GA_co2
10.09090909090909,20.0,550,rolled,381.4036838532001,191.95349536561577,10.220319081298026,6.010357632704174,0.983716234984416,506.7951721182595,969.4991642622302,1071.0609167547295,GA_co2
10.09090909090909,20.0,550,welded,386.5371821531574,201.50539163682515,10.827665282548397,6.00257318206946,1.0009998687146135,519.1579252815799,1273.3134430855596,1277.7691706379258,GA_co2
10.09090909090909,20.0,620,rolled,421.9246677548186,183.88585103562284,10.327958918365171,6.004834819521157,1.0007738859182194,516.3364851019682,1094.6333484161726,1018.7318851061831,GA_co2
10.09090909090909,20.0,620,welded,375.6469169661814,193.46382520791875,11.537512795668142,6.0001740868103015,1.0009991606109931,521.2000180145817,1456.568235594334,1209.9596348258017,GA_co2
10.09090909090909,20.0,690,rolled,383.0020565166877,184.638087052463,10.841520065579521,6.0047632316092425,1.0009982866442655,513.4475585672961,1236.1249972507655,946.4892294629536,GA_co2
10.09090909090909,20.0,690,welded,370.2012905816606,190.4009996805772,11.656342223197031,6.00230960948939,1.000991471764124,516.5435072826141,1702.6171684940648,1141.4630707150998,GA_co2
10.09090909090909,30.909090909090907,355,rolled,471.96885394678384,241.80472469025904,10.27829660537403,6.040871071641891,1.0006541531482267,640.2430166635377,915.5475138288589,1643.5038237753013,GA_co2
10.09090909090909,30.909090909090907,355,welded,487.96350874856705,254.03047087723982,11.200350625698668,6.0000000040255514,1.000760141381503,672.0356213650582,1142.4605563205987,1941.5109101236528,GA_co2
10.09090909090909,30.909090909090907,460,rolled,437.08980289181824,221.69015658079303,10.754454332823894,6.0002337564407355,1.00098656828807,604.0032352024699,967.9151844119579,1420.0116059610068,GA_co2
10.09090909090909,30.909090909090907,460,welded,438.8745345497999,238.2743790794638,11.835296446441912,6.001465069600887,1.0009995826642375,644.1595698316788,1232.2772570880013,1703.8020622047904,GA_co2
10.09090909090909,30.909090909090907,500,rolled,428.12525466247075,216.47829526729964,11.029747179450112,6.000016422449563,1.0004487803038828,599.8367943664668,1050.9140637300497,1332.4774550056693,GA_co2
10.09090909090909,30.909090909090907,500,welded,429.5837205144351,231.20116629659728,12.189748607536432,6.0,1.0008462517451573,639.0792629142499,1340.5326618889308,1596.8034463175445,GA_co2
10.09090909090909,30.909090909090907,550,rolled,476.33121682090655,210.52266193235172,11.064316210442982,6.001925159282126,1.0009803152841452,614.2147692236699,1174.9928535248803,1298.0814932773042,GA_co2
10.09090909090909,30.909090909090907,550,welded,420.8264955962918,228.01581896387725,12.142359446961887,6.0034552494923314,1.0009969231860938,627.2073051774145,1543.0574991625406,1546.83947213318,GA_co2
10.09090909090909,30.909090909090907,620,rolled,469.996276165926,204.3504522885477,11.402246030192638,6.000034112050439,1.0009996667377523,610.7718269706887,1294.8362731778602,1205.0528146131692,GA_co2
10.09090909090909,30.909090909090907,620,welded,420.1465621000391,218.86468994539942,12.441537618816822,6.000044876149709,1.0009988349637755,619.2625202834454,1734.5017290531773,1439.684784696135,GA_co2
10.09090909090909,30.909090909090907,690,rolled,446.41754760580045,200.85707126819605,12.002611087597069,6.00552989812731,1.0009930359143953,612.0322709620131,1473.4676923410464,1128.2202882913748,GA_co2
10.09090909090909,30.909090909090907,690,welded,415.3849868521076,212.46027508117214,12.786751118043961,6.000585782949033,1.000961515360598,615.6840733031921,2035.5436088301244,1363.1614544845365,GA_co2
10.09090909090909,41.81818181818181,355,rolled,524.8496615840146,262.52769500237366,11.22992946652751,6.000003910182022,1.0009999999104013,741.1393822175868,1059.829316571149,1902.504794152545,GA_co2
10.09090909090909,41.81818181818181,355,welded,544.4768603653147,277.06888695339705,11.92906825743893,6.0,0.9998202871425459,771.0702632046588,1310.8194474479199,2227.621990398259,GA_co2
10.09090909090909,41.81818181818181,460,rolled,467.1382637496045,241.58798493433358,11.900566227390764,6.014934176985861,1.000999943641949,700.0542230334938,1121.8368924111737,1645.8274783517438,GA_co2
10.09090909090909,41.81818181818181,460,welded,490.9838540196209,255.81466202502236,12.689775818322167,6.000099679810759,1.0009995756684638,735.5884141689996,1407.180636305296,1945.6313554770043,GA_co2
10.09090909090909,41.81818181818181,500,rolled,459.9418697671197,232.36837385827232,12.24389891374837,6.00044902418159,1.000999992591112,690.6054898822043,1209.9408182736222,1534.1110352243288,GA_co2
10.09090909090909,41.81818181818181,500,welded,479.95380098995605,249.09588189823668,12.933637811004607,6.000000653665724,1.0009988429271999,726.2267590833787,1523.3332498532955,1814.5501802457302,GA_co2
10.09090909090909,41.81818181818181,550,rolled,454.72636634297294,227.88776359134047,12.904967576090563,6.0008715028447766,0.9997587225304877,703.29215744063,1345.3978971839251,1486.3376455350278,GA_co2
10.09090909090909,41.81818181818181,550,welded,476.40584919073467,242.28551600191227,12.966530972248654,6.001190228583093,1.0008035878262989,711.8595364046669,1754.6777754611649,1757.8348965530915,GA_co2
10.09090909090909,41.81818181818181,620,rolled,480.24538602863487,223.89354766670004,12.523776183819319,6.0003951258407655,1.0009999899343398,693.6199351720567,1470.4742625647602,1368.512132094468,GA_co2
10.09090909090909,41.81818181818181,620,welded,463.56717185604197,234.6037927204683,13.335902108835763,6.000145784863653,1.000996030235257,703.3174660356482,1974.2973936480337,1637.4300653917492,GA_co2
10.09090909090909,41.81818181818181,690,rolled,460.22285874993656,212.26279675996383,13.947838110002762,6.013659273578055,1.0009905048084429,708.7352372898727,1706.2800837753684,1306.482536420151,GA_co2
10.09090909090909,41.81818181818181,690,welded,451.55059865008826,229.18652330849278,13.659850192125983,6.002506316365299,1.000999827289317,697.6943647513306,2312.0776900431974,1547.035858584825,GA_co2
10.09090909090909,52.72727272727273,355,rolled,671.9547328230115,262.70578097624417,11.451413392159669,6.444966596167722,1.0001254887448512,848.3633111687122,1213.1595349712586,2177.748619770084,GA_co2
10.09090909090909,52.72727272727273,355,welded,582.3682841155601,296.2101779182422,12.847030976316201,6.023887104181995,0.9989480337666002,868.5129897976549,1476.4720826560133,2509.134027525425,GA_co2
10.09090909090909,52.72727272727273,460,rolled,505.6638543308157,257.24758626240606,12.616597211047955,6.000007621271736,1.000898593225466,779.6565941590598,1249.399692139893,1832.9726528679496,GA_co2
10.09090909090909,52.72727272727273,460,welded,532.4757596891858,272.1502373259262,13.377901635873949,6.00550531091446,0.9983392762158193,817.3819154467187,1563.6516042495725,2161.9751663565717,GA_co2
10.09090909090909,52.72727272727273,500,rolled,494.18476501731834,249.47610729432108,12.794692714951033,6.005877302710446,1.0009964773101871,765.0595545335723,1340.384339542819,1699.5032944408774,GA_co2
10.09090909090909,52.72727272727273,500,welded,516.2909564911374,265.6866801998441,13.60042921554093,6.0000836288897865,1.0009989539991686,804.928357167975,1688.4177219955443,2011.193993219902,GA_co2
10.09090909090909,52.72727272727273,550,rolled,480.5177394485849,240.37014103938486,13.942273987785939,6.001574912891306,1.0009988555970408,783.4292778190744,1498.7002084678893,1655.6994357428318,GA_co2
10.09090909090909,52.72727272727273,550,welded,502.917769459694,251.85736976069646,14.516688530724565,6.016167218854463,1.000999966341205,805.0670177453798,1991.659947281744,1992.7854685720135,GA_co2
10.09090909090909,52.72727272727273,620,rolled,500.85736371867887,238.452472051722,13.384731734253455,6.221798311068376,1.0009983859056988,776.2595933900853,1645.6703379869812,1531.5601777586382,GA_co2
10.09090909090909,52.72727272727273,620,welded,481.24563127382646,251.55950945517057,14.248231754938475,6.004006693894756,1.0009774866506038,783.1745618124498,2203.44450261328,1826.0084575680696,GA_co2
10.09090909090909,52.72727272727273,690,rolled,497.3549390409174,230.25109001701458,13.700046027757782,6.657708732924152,1.0009244224056568,784.9762215598591,1889.8302534053607,1447.0251668234441,GA_co2
10.09090909090909,52.72727272727273,690,welded,472.25817271205005,241.89921091642887,14.814377484259,6.1497305834795295,1.0009411856652808,783.3614029455664,2604.981117140397,1740.829700152758,GA_co2
10.09090909090909,63.63636363636363,355,rolled,686.055817565419,273.98941040865554,12.971877828086887,6.521679504051819,1.000999987383202,949.2979055574139,1357.496004947102,2436.847723565881,GA_co2
10.09090909090909,63.63636363636363,355,welded,595.4129342265378,299.60907432075385,15.185422761418735,6.001250496422507,1.000999995787303,989.4052530970501,1681.9889302649854,2858.3917761973776,GA_co2
10.09090909090909,63.63636363636363,460,rolled,524.6527118371947,275.49451788332675,13.390470519230517,6.001551981143607,1.0009964259881594,862.185460711803,1381.652200790664,2026.998018133449,GA_co2
10.09090909090909,63.63636363636363,460,welded,552.9691683496945,288.80428404855496,14.20402984788229,6.001176876774934,1.000999190401504,899.2611891366168,1720.2866548183479,2378.545845266352,GA_co2
10.09090909090909,63.63636363636363,500,rolled,519.2475554122909,263.9217349880147,13.522021340683041,6.000172604019641,1.0009964665203956,839.2967987743486,1470.4479914526587,1864.4139087973379,GA_co2
10.09090909090909,63.63636363636363,500,welded,526.8874851295781,282.70164245187453,14.651539292256862,6.00009524102062,1.0009996572370032,892.7045922587992,1872.537152722057,2230.5116942178356,GA_co2
10.09090909090909,63.63636363636363,550,rolled,511.48922590707343,255.94313680328358,13.908836835255052,6.010778509070765,0.9987370138693085,833.987659877243,1595.418393345166,1762.549520384565,GA_co2
10.09090909090909,63.63636363636363,550,welded,518.2745211700583,274.1112572717804,14.723157095980941,6.03121479095291,1.0009980472517304,872.917964013096,2160.626780493813,2161.4719543233814,GA_co2
10.09090909090909,63.63636363636363,620,rolled,507.2440910053772,252.5121140794341,14.447305929145145,6.237404357214563,0.9982240240911522,855.0235613038061,1812.6499499640693,1686.9614864524096,GA_co2
10.09090909090909,63.63636363636363,620,welded,506.47821510972335,261.8946838007423,15.154417156143234,6.402708841733985,1.0009999832111787,870.2803373289979,2456.3940689021188,2033.3078590371356,GA_co2
10.09090909090909,63.63636363636363,690,rolled,519.0327325644291,228.265138340243,16.132071033732135,6.714170401499664,1.0009999628012065,884.3946973373525,2129.180233839676,1630.2931850716755,GA_co2
10.09090909090909,63.63636363636363,690,welded,490.1270580793271,251.01513309539288,16.155426938124585,6.327848393168417,1.0009999917439745,871.944483948218,2911.2618615638485,1942.6716247531472,GA_co2
10.09090909090909,74.54545454545453,355,rolled,706.8845686930085,291.5436946956542,13.588525240944659,6.735024416282908,1.0009951102548678,1039.774165248112,1486.8770563048004,2669.1002821919037,GA_co2
10.09090909090909,74.54545454545453,355,welded,695.1074944232807,299.924544969215,16.531899500482133,6.5638631104786445,1.0009997357586575,1129.7614422388463,1920.5944518060387,3263.8808066280267,GA_co2
10.09090909090909,74.54545454545453,460,rolled,553.6959325528975,282.30082739680677,14.432268341933918,6.000617109740389,1.0009991623614278,939.6863829465691,1505.8474286718767,2209.2026863073843,GA_co2
10.09090909090909,74.54545454545453,460,welded,557.6683032104987,299.1330526827708,15.918724636949682,6.000303649617846,0.9963800760242185,1004.3321245147993,1921.287354196811,2656.4584693416446,GA_co2
10.09090909090909,74.54545454545453,500,rolled,550.7407683541667,275.55566911003086,13.998190375684562,6.31582068575432,0.9972889727909685,916.2583737429719,1605.2846707976867,2035.3763514326379,GA_co2
10.09090909090909,74.54545454545453,500,welded,527.3426565733488,299.7029882913609,15.811193687560088,6.000026858597146,1.0009873852449662,986.3411820324019,2068.9492634311664,2464.4720774261596,GA_co2
10.09090909090909,74.54545454545453,550,rolled,533.8223637117824,267.8238742851176,14.123302858644639,6.569572761868701,1.0005858494398896,905.4798853966612,1732.1830207638127,1913.6411897973035,GA_co2
10.09090909090909,74.54545454545453,550,welded,543.1569929688021,283.46973924412066,15.537497564750659,6.383081902815881,1.000970599341195,956.7012752211226,2374.409914413576,2373.1712805445627,GA_co2
10.09090909090909,74.54545454545453,620,rolled,545.5538220303206,256.37970382639264,15.168554309718164,6.767943755896353,1.0009999883081098,936.9401182709935,1986.3130507345063,1848.5828533486701,GA_co2
10.09090909090909,74.54545454545453,620,welded,507.04457241432607,276.17259871225946,16.28821583420452,6.215496713339864,1.0009640852379702,946.2681153381857,2677.0868971850114,2214.1636030237214,GA_co2
10.09090909090909,74.54545454545453,690,rolled,524.3087030507887,244.0287005652468,16.432054577937716,6.75586217401525,1.0009999657527098,943.1899308421191,2270.7297585024016,1738.6763185143623,GA_co2
10.09090909090909,74.54545454545453,690,welded,515.83907130241,267.0538491340345,15.969181079360999,6.716369236575512,0.9954107735485336,933.0826432379803,3117.059051203631,2079.596653246968,GA_co2
10.09090909090909,85.45454545454545,355,rolled,749.8001572035072,299.57105487629286,14.051537508740743,7.137823219688272,0.999339647909418,1128.693298616933,1614.0314170222139,2897.3556975496663,GA_co2
10.09090909090909,85.45454545454545,355,welded,748.4791681262403,297.0613665869358,17.71754775518298,7.072323977949352,1.0009984848510345,1233.299014209,2096.6083241552997,3563.0008520498004,GA_co2
10.09090909090909,85.45454545454545,460,rolled,580.8223527565679,297.64064774206975,14.643178109178312,6.190411873119486,1.0006756552325018,1008.9913980603346,1616.908715391686,2372.1387768398467,GA_co2
10.09090909090909,85.45454545454545,460,welded,576.8990181722735,294.5344459733494,18.109957069759492,6.100600389808219,1.0009996374255807,1106.335628164166,2116.4200566780496,2926.257736494219,GA_co2
10.09090909090909,85.45454545454545,500,rolled,560.4085899148403,287.3209386992617,14.936592216310423,6.33998654897103,1.0002159858679245,993.6651751394212,1740.901386844266,2207.32782005471,GA_co2
10.09090909090909,85.45454545454545,500,welded,543.5825854400788,299.58147012875366,17.746068185086166,6.000317203065058,1.0004205597409075,1083.7605938972401,2273.2962217588506,2707.884219911644,GA_co2
10.09090909090909,85.45454545454545,550,rolled,548.2560978760223,275.8754177622605,15.177074552467797,6.440567599615286,0.9963676115826646,973.9335111044173,1863.1348067427505,2058.3110823680754,GA_co2
10.09090909090909,85.45454545454545,550,welded,552.9231698088197,296.6447209028625,16.333949492282482,6.418635929018404,1.0009999884903809,1032.1607278975098,2566.620207115645,2563.6175310518865,GA_co2
10.09090909090909,85.45454545454545,620,rolled,571.1295570363769,254.5726019102594,16.845519936842887,7.001528681753796,1.0007057287143866,1026.346705833422,2175.855016366854,2024.9820506093417,GA_co2
10.09090909090909,85.45454545454545,620,welded,549.6339741065627,283.34392692821626,16.321504458569844,6.805944502458487,1.0004642404290212,1011.3846704364493,2865.6851300717276,2368.866846971962,GA_co2
10.09090909090909,85.45454545454545,690,rolled,569.9215703476726,249.28084866631062,16.511638249667595,7.37378473425983,1.0009999892552028,1013.9816756870006,2441.1608842164537,1869.1738209614168,GA_co2
10.09090909090909,85.45454545454545,690,welded,535.3232558334696,273.8623232798411,16.69698284843933,7.115902252313913,1.0008444939741086,1007.362094629445,3375.2344012025756,2249.4220858912345,GA_co2
10.09090909090909,96.36363636363636,355,rolled,708.0131319338499,299.9269918474224,17.616431019662794,6.647770227858816,1.0009999952757513,1250.923029047616,1788.8199315380907,3211.11941556523,GA_co2
10.09090909090909,96.36363636363636,355,welded,590.376362112748,299.8922841503746,22.130838561216105,8.089356589032546,1.0009987441178638,1401.4042358060035,2382.3872008702056,4048.656837243544,GA_co2
10.09090909090909,96.36363636363636,460,rolled,586.8878144771484,299.2516783774223,16.445815389306013,6.217504938573848,1.000998652859743,1105.166253667773,1771.028921502606,2598.245862372935,GA_co2
10.09090909090909,96.36363636363636,460,welded,579.5942170806609,298.9603004576445,20.094832164966686,6.148593492384384,1.0009997961622963,1214.479189484005,2323.298689482902,3212.2974561851934,GA_co2
10.09090909090909,96.36363636363636,500,rolled,571.4679915471296,290.7754857961183,16.366247114337405,6.45515520817022,1.0009247338884542,1080.8858768553941,1893.7120562506504,2401.079886846572,GA_co2
10.09090909090909,96.36363636363636,500,welded,593.872274849098,299.9793517935894,18.039688285675545,6.583518095185961,1.000804307686505,1148.2260280704916,2408.518916480663,2868.9575537369305,GA_co2
10.09090909090909,96.36363636363636,550,rolled,550.1849022369652,281.4250973452888,16.9627917798206,6.343997478127494,1.000999712403236,1066.5158756467008,2040.2448701121386,2253.9746515917373,GA_co2
10.09090909090909,96.36363636363636,550,welded,594.9892500247546,299.6671137696358,16.670962936383148,6.938864966937491,1.000996318190326,1100.1723429076342,2741.1549473554333,2736.12439824579,GA_co2
10.09090909090909,96.36363636363636,620,rolled,603.1244412123672,274.65743420701085,15.487819846123505,7.73580215510259,1.0008895185877376,1075.7533136624586,2280.5970249644124,2122.461287856031,GA_co2
10.09090909090909,96.36363636363636,620,welded,553.0626770260869,293.14174563134037,17.36119146648966,6.8415959981888355,1.0009904367548177,1087.1956594271712,3088.6017771724864,2550.76372932048,GA_co2
10.09090909090909,96.36363636363636,690,rolled,633.2711142408297,255.9108284460759,15.650356541207728,8.311609197598134,1.0009997912892896,1082.3918291324987,2605.8583286364915,1995.2810978228483,GA_co2
10.09090909090909,96.36363636363636,690,welded,547.2573737578027,276.35312533337424,18.197856302610028,7.111316832276665,1.0009988237626357,1084.511365141837,3648.070613961286,2427.805177001907,GA_co2
10.09090909090909,107.27272727272727,355,rolled,749.9926005161248,297.66239140589954,18.54314146065154,7.116962235570436,1.0009999570800105,1340.1810519545252,1916.4589042949708,3440.2447603672663,GA_co2
10.09090909090909,107.27272727272727,355,welded,749.8973558289902,298.958263979967,22.6674839132364,7.002241093727632,1.000807158576191,1464.4049880809096,2489.488479737546,4230.666010565747,GA_co2
10.09090909090909,107.27272727272727,460,rolled,708.833220044563,300.0,15.509539805901474,7.820440249981546,0.993353739324515,1214.8880797143809,1946.8581477422954,2856.2018754085093,GA_co2
10.09090909090909,107.27272727272727,460,welded,597.0481320216741,299.34639947657786,21.796992030330916,6.255977151678269,1.0009999960390181,1307.9833797681772,2502.1722054965226,3459.616039486829,GA_co2
10.09090909090909,107.27272727272727,500,rolled,687.9447498157225,296.2577119909223,15.23397896827015,7.700517996038615,1.0008566416604308,1171.8662057019587,2053.109592389832,2603.1835893463312,GA_co2
10.09090909090909,107.27272727272727,500,welded,594.3671404529643,299.11144458183344,20.40904758678801,6.607180931889322,0.9999108209919219,1256.8477644112174,2636.3638706289694,3140.359824157868,GA_co2
10.09090909090909,107.27272727272727,550,rolled,647.0492989211805,286.75270880526955,16.17600732992555,7.583238474831266,1.0009926890463938,1159.3189073564372,2217.777069772864,2450.104578807094,GA_co2
10.09090909090909,107.27272727272727,550,welded,593.295981393038,297.5647723373949,19.076124752331673,6.919894776192605,1.0009158163768133,1203.5958855714066,3015.328151604103,3004.2518482814235,GA_co2
10.09090909090909,107.27272727272727,620,rolled,620.1457126649345,281.27224785188724,16.15794404936359,7.6577376269524065,1.000996669315949,1130.4229113599536,2396.4965720831015,2230.324404113188,GA_co2
10.09090909090909,107.27272727272727,620,welded,582.5282357011562,298.5228307478151,17.7069767173782,7.216337054953918,1.000924518663975,1150.184748374807,3273.296881487796,2701.61887019988,GA_co2
10.09090909090909,107.27272727272727,690,rolled,617.6197391629956,267.9840574519399,16.540994058561026,8.086162971052142,1.0009999577699977,1130.5147249286865,2721.7142002658134,2083.990843933541,GA_co2
10.09090909090909,107.27272727272727,690,welded,570.3707956367283,290.48384026159636,17.692267585802565,7.478884699271528,1.0009954849765375,1131.1498323181431,3803.5728479308873,2531.622978052261,GA_co2
10.09090909090909,118.18181818181817,355,rolled,737.9516088894583,299.11964252890914,21.119189395012334,6.931728244572626,1.0009993435130917,1451.959418172909,2076.30196798726,3727.1798264498575,GA_co2
10.09090909090909,118.18181818181817,355,welded,749.4910087250249,299.75444519297434,25.269543393276546,6.9296767808884,1.000999949340582,1583.7045139711306,2692.297673750922,4575.322340862596,GA_co2
10.09090909090909,118.18181818181817,460,rolled,595.4073841274093,298.4241467536737,20.457093303540272,6.217363717903356,1.000999999588561,1302.2825169993105,2086.9077334913945,3061.6661974653794,GA_co2
10.09090909090909,118.18181818181817,460,welded,592.8685309033639,299.8608661507595,24.33062767293186,6.735901834029431,1.0009923301603532,1446.2297341831938,2766.6374814924498,3825.277646914547,GA_co2
10.09090909090909,118.18181818181817,500,rolled,739.7374295809896,298.49391908230734,15.096299930797581,8.397244130208525,1.0009999880083678,1245.1635104948311,2181.5264703869443,2766.006222213218,GA_co2
10.09090909090909,118.18181818181817,500,welded,591.3430083575798,299.92461123739207,22.8155249064679,6.443355881615304,1.0009999463708672,1362.6401996451805,2858.2740827757307,3404.6928028334487,GA_co2
10.09090909090909,118.18181818181817,550,rolled,575.3847989440673,295.75755575595605,18.269705329358008,6.6068448478520105,1.0009924191176862,1194.955004462638,2285.9489235370265,2525.4179064313394,GA_co2
10.09090909090909,118.18181818181817,550,welded,727.0861334805167,299.07062184657747,18.516906072235265,8.550485372027344,1.000432332850701,1344.7312855590076,3377.1800703143813,3362.0093950820674,GA_co2
10.09090909090909,118.18181818181817,620,rolled,678.2240051517231,276.94722928721825,16.39867686406458,8.552548362976326,1.0009995872569488,1214.609447796594,2574.972029328779,2396.4244405026798,GA_co2
10.09090909090909,118.18181818181817,620,welded,592.9751963787162,299.11103317215463,19.203219268365814,7.270195694728994,1.000958615977155,1229.364973309883,3511.857020487772,2894.6634402440714,GA_co2
10.09090909090909,118.18181818181817,690,rolled,668.4774042925766,269.75877463429015,16.40394801712692,8.738832124592546,1.0009999403976222,1198.1449299804035,2884.5339189278216,2208.660363925875,GA_co2
10.09090909090909,118.18181818181817,690,welded,578.1124757910198,299.88274068157585,18.24809886769345,7.514121874484563,1.0009999182616316,1189.3413026331627,4005.4590811573134,2664.5080682901503,GA_co2
10.09090909090909,129.09090909090907,355,rolled,749.8314342752593,299.94779859037146,22.80826486247414,6.959376025355888,1.0009880627672458,1545.6677788802215,2210.3049237987166,3967.729188385528,GA_co2
10.09090909090909,129.09090909090907,355,welded,749.6937406072071,299.8415016504267,28.045408497531746,6.881217882507989,1.0009998944571787,1710.3164862091419,2907.5380265555414,4941.104328658211,GA_co2
10.09090909090909,129.09090909090907,460,rolled,698.8882800283097,298.75987952357923,19.675333126354207,7.3986349910244,1.0009823724662505,1383.6944761438076,2217.370398020452,3253.065713414092,GA_co2
10.09090909090909,129.09090909090907,460,welded,588.2023749708414,299.99949302163213,24.45537511230937,9.093548617144119,1.0009935010168598,1550.787133267285,2966.6557859403156,4101.8319674919685,GA_co2
10.09090909090909,129.09090909090907,500,rolled,587.7275461737112,296.4192841196977,21.36837267667196,6.542391513982003,1.000997195542322,1350.2135092021374,2365.5740681221446,2999.364289341628,GA_co2
10.09090909090909,129.09090909090907,500,welded,729.9625915215839,297.23719721448583,22.102807116770602,8.06724375003234,1.0009999866500665,1479.0549623322324,3102.4656889880903,3695.5667288833165,GA_co2
10.09090909090909,129.09090909090907,550,rolled,586.9279487503096,294.9418632679067,19.723480765487714,6.786596377457678,1.0009602276530138,1276.7335042307327,2442.391193593391,2698.2485878412303,GA_co2
10.09090909090909,129.09090909090907,550,welded,596.3065847559013,299.9345312838665,22.967496360138483,6.839779002556508,1.000820975977834,1389.5585250069291,3511.614757483112,3488.5508135132873,GA_co2
10.09090909090909,129.09090909090907,620,rolled,657.2114056870004,291.83708032519377,17.188762213720526,8.213176017885363,1.0009999767149012,1259.9312801929016,2671.0543140089517,2485.8444158205953,GA_co2
10.09090909090909,129.09090909090907,620,welded,597.8337691251616,299.593161068437,20.8744053826719,7.337142712797877,1.0009996120585478,1313.9746410842788,3769.4030017738282,3102.3485496850853,GA_co2
10.09090909090909,129.09090909090907,690,rolled,633.7243254916583,288.62975017975947,17.025535234002554,8.240820820185439,1.0009999973859283,1228.480671195487,2957.567215903135,2264.5812692817603,GA_co2
10.09090909090909,129.09090909090907,690,welded,587.8088111770595,296.75649562416856,20.096469341934704,7.641513037367621,0.9989305028282798,1276.300364229932,4320.606899074433,2868.8192360170087,GA_co2
10.09090909090909,140.0,355,rolled,734.849681186683,298.09658954829433,21.84916017130763,10.204539423208711,1.0009832747274874,1670.073900408025,2388.205677583476,4287.079702347401,GA_co2
10.09090909090909,140.0,355,welded,749.962340611251,298.6046452625989,31.13693213443739,6.8943380718844445,1.0009998154554378,1848.5628457962878,3142.5568378536896,5340.498061505476,GA_co2
10.09090909090909,140.0,460,rolled,749.997870085286,299.92395764749637,19.338193535990424,8.252006320367428,1.0009999955423858,1453.0390740459845,2328.49511615869,3416.0948630821104,GA_co2
10.09090909090909,140.0,460,welded,749.5707757591141,300.0,24.586636479169268,7.920997059609056,0.9989108402630992,1608.023228903796,3076.1484368929614,4253.221440450539,GA_co2
10.09090909090909,140.0,500,rolled,726.0159424273182,299.8996799646961,18.830472117270578,8.060183541839637,1.0009999831800038,1400.8861398127824,2454.352516951994,3111.928470980115,GA_co2
10.09090909090909,140.0,500,welded,594.5818360550882,299.51975071898073,24.598189698645033,9.70756745789988,1.0009975816469363,1586.621681267066,3328.0976386257976,3964.3329328138907,GA_co2
10.09090909090909,140.0,550,rolled,708.9867794263207,299.71169183659117,17.90808073522193,8.264129318917565,1.0009900632633932,1355.5493692911468,2593.1659434539633,2864.8180370599093,GA_co2
10.09090909090909,140.0,550,welded,598.4453069737924,299.5416063715115,25.11397349959388,6.815384915322829,1.0005805020839702,1487.7645562585737,3777.918762212915,3747.098637723566,GA_co2
10.09090909090909,140.0,620,rolled,655.8424058796089,299.2895729786804,18.09426678283984,8.084735008353503,1.000957785140868,1317.5301158275188,2793.1638455543402,2599.486918527695,GA_co2
10.09090909090909,140.0,620,welded,594.7612162240579,299.46507903158846,22.968016909360585,7.274372807727623,1.0009999798448357,1405.9309072181902,4053.008898076336,3330.0414884060606,GA_co2
10.09090909090909,140.0,690,rolled,617.7911339488152,280.95248876313246,20.50241831258892,8.145428387646136,0.9858830007173022,1348.9695314148767,3247.6441468813164,2486.6904342101834,GA_co2
10.09090909090909,140.0,690,welded,577.6096434576907,299.52255676820636,22.224758950745056,7.37031577817771,0.9952191273291265,1365.8959198170685,4646.330408835096,3079.7597461980868,GA_co2
10.90909090909091,20.0,355,rolled,437.14143089450397,220.82787256319298,10.072511463171663,6.000097145773553,1.0009989159516763,624.985450574465,893.7291943214849,1604.3376516246515,GA_co2
10.90909090909091,20.0,355,welded,461.48038581818264,239.13396564848006,10.314467679255623,6.0,1.0009494007099715,648.9684480418695,1103.2463616711782,1874.8698463929607,GA_co2
10.90909090909091,20.0,460,rolled,413.62067470214083,209.45454672181077,10.221061841272665,6.000000935832995,1.0009999993783059,597.1257326458071,956.893986564906,1403.8425974502925,GA_co2
10.90909090909091,20.0,460,welded,427.1105444759766,223.2293259889318,11.002944202074513,6.000663002600034,1.000968828926573,628.8497546314795,1202.9895806100203,1663.3076010002637,GA_co2
10.90909090909091,20.0,500,rolled,404.99622557269953,203.8460321790974,10.657069831093377,6.000111448619872,1.0009999386340287,597.6805864294768,1047.1363874244435,1327.6876546944397,GA_co2
10.90909090909091,20.0,500,welded,426.2279527729983,215.23562870242816,11.387515484331345,6.000004126672251,1.0009719798187002,627.0908819373906,1315.3858339518706,1566.8492776087644,GA_co2
10.90909090909091,20.0,550,rolled,400.12103256172446,202.6535417166984,11.08504977789554,6.014329522884995,1.0009993004431474,608.3837790627144,1163.8381693469728,1285.7582786711407,GA_co2
10.90909090909091,20.0,550,welded,419.3913192260992,213.24773564519927,11.326728395065285,6.000019137677839,1.0009999964645964,617.5437827832873,1516.3797437299459,1521.0849204053225,GA_co2
10.90909090909091,20.0,620,rolled,398.69579094824104,200.86526146396682,11.302079690497465,6.024134617325064,1.0009999942797054,611.9846741757855,1297.4075092526655,1207.4457621488245,GA_co2
10.90909090909091,20.0,620,welded,407.8504071862711,207.12449647250165,11.811779878060143,6.000000107189606,1.0009999947568526,616.4430055020316,1723.9107615521016,1431.6912087118226,GA_co2
10.90909090909091,20.0,690,rolled,400.27048580151234,195.79650836843288,11.73352141656758,6.0000921473242,1.0009994017167785,616.4449240943344,1484.0911547571104,1136.3545730754959,GA_co2
10.90909090909091,20.0,690,welded,400.9026590522932,202.6166615606695,12.129093185513822,6.004916726001506,1.0009998593867437,614.5977462482742,2028.403147310591,1359.244367932398,GA_co2
10.90909090909091,30.909090909090907,355,rolled,497.1123394553756,256.0116530769717,10.971827758231107,6.000018837353429,1.0009999970095784,761.5038258887439,1088.9504710209037,1954.7803210564055,GA_co2
10.90909090909091,30.909090909090907,355,welded,522.5928137126947,269.8844981113506,11.648336875631145,6.00251823843193,1.0009997513612308,795.0861329752975,1351.6464260580055,2297.0038381656345,GA_co2
10.90909090909091,30.909090909090907,460,rolled,454.4898042680239,233.93690826535743,11.773423356750893,6.000084518192135,1.00098177509555,727.8131115371856,1166.3205112383398,1711.0886252239236,GA_co2
10.90909090909091,30.909090909090907,460,welded,493.47068033234274,247.55133849458988,12.185056256266227,6.0,1.000997836381964,757.6640773361584,1449.4113799440709,2004.021484554139,GA_co2
10.90909090909091,30.909090909090907,500,rolled,452.58075164285503,231.0602525395768,11.791494062009571,6.060474706264179,1.0009733372369676,723.7533594910449,1268.0158858283107,1607.7457127734071,GA_co2
10.90909090909091,30.909090909090907,500,welded,472.03343750526625,244.6363243224706,12.487171884251923,6.0,1.000942774292452,752.913729391181,1579.3118387709414,1881.2302442568048,GA_co2
10.90909090909091,30.909090909090907,550,rolled,481.3904985789422,224.95031293692307,12.208843219330252,6.001624507406263,1.0009998958077908,740.507288081798,1416.5904421004795,1564.9881026320718,GA_co2
10.90909090909091,30.909090909090907,550,welded,458.58630759493946,237.8292940940308,12.942773454304898,6.000011953641777,1.0009997247825586,749.5366474592355,1847.4416024125485,1850.8020894046883,GA_co2
10.90909090909091,30.909090909090907,620,rolled,469.13999273388293,220.8280839711047,12.410990388718384,6.0035202595088535,1.0009985156558308,732.7309126452299,1553.3895348078872,1445.6780906490383,GA_co2
10.90909090909091,30.909090909090907,620,welded,438.19154652407144,232.66677607268983,13.408653479381623,6.001330433322786,1.0000270383116516,745.7462117129273,2093.782592672849,1736.4149594638552,GA_co2
10.90909090909091,30.909090909090907,690,rolled,455.02801472067404,214.69946126418682,13.067115442961878,6.0001508189477795,1.0009998126181852,735.9293058060479,1771.7498037280602,1356.6120823228687,GA_co2
10.90909090909091,30.909090909090907,690,welded,438.61901992537764,226.5436628015049,13.527113748519639,6.002858945673028,1.000993386585727,736.4324085934506,2439.5893773595303,1632.5647554264851,GA_co2
10.90909090909091,41.81818181818181,355,rolled,548.6073297131396,276.19654848608803,12.196310175894608,6.001487857737458,1.0004831683388407,888.6816910873595,1270.8148182549241,2281.245901021252,GA_co2
10.90909090909091,41.81818181818181,355,welded,557.8589386897473,294.68547070616694,13.074245735899158,6.000000074682917,1.0003704059153684,933.080393880301,1586.2366695965115,2695.669257920189,GA_co2
10.90909090909091,41.81818181818181,460,rolled,502.5506367879626,255.96283822180044,12.387199644221386,6.000244077412907,1.000999891539484,827.9755737175714,1326.8308568824082,1946.5705738100103,GA_co2
10.90909090909091,41.81818181818181,460,welded,530.3686245447985,270.3438965897711,13.219148560989256,6.0,1.0009452500523701,871.0086729531508,1666.2395913593773,2303.817939961084,GA_co2
10.90909090909091,41.81818181818181,500,rolled,490.5780003217776,249.85175975582183,12.67683020669854,6.00000196193908,1.0009999858746217,820.5936530221007,1437.6800800947206,1822.8667408232943,GA_co2
10.90909090909091,41.81818181818181,500,welded,507.6991304612879,266.0506365675071,13.561094171447658,6.000460282629472,1.0009998915985865,864.8894495141612,1814.1921093009046,2161.0127785560835,GA_co2
10.90909090909091,41.81818181818181,550,rolled,508.0814258318566,245.93418370016204,13.197114618134993,6.000001047862813,1.0008874019674192,843.5554551507241,1613.7215857033352,1782.7700989155405,GA_co2
10.90909090909091,41.81818181818181,550,welded,506.2903521020096,256.23238055948843,13.872181865602148,6.00840364536265,0.9957446369438794,855.0193019083819,2112.035777608705,2114.3133026761457,GA_co2
10.90909090909091,41.81818181818181,620,rolled,485.52715192076937,241.60266453093067,13.518857987094757,6.01374140525792,1.0009428445355353,835.3058415214067,1770.8483840253823,1648.0584253217355,GA_co2
10.90909090909091,41.81818181818181,620,welded,484.76670817571636,248.71124253478465,14.38741516695952,6.027515223168178,1.000996372994516,848.238611591579,2387.4582940047244,1978.219742851563,GA_co2
10.90909090909091,41.81818181818181,690,rolled,490.1994574862537,229.22898843396533,14.21778548341581,6.399595329636585,1.0009999819568436,851.8272331612175,2050.774063835631,1570.2583216093883,GA_co2
10.90909090909091,41.81818181818181,690,welded,472.57068632920215,244.45923394500736,14.661787083299469,6.127445485044763,1.0009999698427452,846.4633014413303,2813.511147525579,1880.5009214068468,GA_co2
10.90909090909091,52.72727272727273,355,rolled,583.1023810328253,297.98979343900476,13.204273618928413,6.003298164146521,1.0008112974424213,1008.1155919846867,1441.605296538102,2587.8327246246904,GA_co2
10.90909090909091,52.72727272727273,355,welded,595.0497954668051,298.5750841944554,15.328694727534538,6.0,1.0009999718003326,1073.8703294108618,1825.579559998465,3102.41138166798,GA_co2
10.90909090909091,52.72727272727273,460,rolled,527.1656709576444,274.67926001006197,13.440607398659573,6.001860431989854,1.000993034408995,933.9216781322651,1496.6094892069545,2195.6498652889554,GA_co2
10.90909090909091,52.72727272727273,460,welded,558.6082520378523,286.9691361864149,14.42095425499424,6.001684362130142,1.000997149447963,981.0697026797719,1876.7863412264037,2594.9293635879967,GA_co2
10.90909090909091,52.72727272727273,500,rolled,517.673092984206,264.2280451028334,13.753056968077532,6.0000025033303395,1.0009999439999107,917.9648105527301,1608.2743480883828,2039.1670301618344,GA_co2
10.90909090909091,52.72727272727273,500,welded,528.9470090947627,285.64737640307686,14.619648280344213,6.000611291495883,1.0009997506080908,972.0309679394932,2038.932158349881,2428.716576493618,GA_co2
10.90909090909091,52.72727272727273,550,rolled,600.7406514789463,249.00361887106644,13.47478160875102,7.059271614214231,1.0009260017838242,967.6172794169668,1851.0518555246572,2044.9623583198172,GA_co2
10.90909090909091,52.72727272727273,550,welded,511.5567345954939,271.9915656119158,15.583946592421386,6.000000084173995,1.0009999491683093,972.8065816538558,2412.5013785018673,2411.877332680106,GA_co2
10.90909090909091,52.72727272727273,620,rolled,510.3053167635127,245.24650836029718,15.788603081009429,6.251521121287206,0.9976768561861418,965.4495804258963,2046.7531105029004,1904.8320221802933,GA_co2
10.90909090909091,52.72727272727273,620,welded,490.14683407528213,266.7741681967553,16.071373764950575,6.0011954450227085,1.0009986961568904,969.6970928130664,2740.4690162608586,2267.435598697182,GA_co2
10.90909090909091,52.72727272727273,690,rolled,546.796489804736,241.85832657346455,14.285164679450082,7.34834166045304,0.9989684538987925,963.7498105427492,2320.2276688816687,1776.5764007545035,GA_co2
10.90909090909091,52.72727272727273,690,welded,502.7249301562555,256.2467023363772,15.656826090099067,6.5350618137578245,1.0009998310387092,950.9680070388815,3172.6577199130193,2117.690794406739,GA_co2
10.90909090909091,63.63636363636363,355,rolled,597.0170826473333,299.96784307559415,15.76454253192047,6.005898180874404,1.000999989717294,1155.8060590448943,1652.8026644341987,2966.954153568243,GA_co2
10.90909090909091,63.63636363636363,355,welded,595.4437054743678,299.9958628400177,18.888493114687396,6.0014819354677185,0.9950106510415799,1257.1218067566163,2137.107071486247,3631.8248997198634,GA_co2
10.90909090909091,63.63636363636363,460,rolled,566.1224086801551,284.22578238661094,14.375809484634747,6.0600188765958976,1.0009875971005495,1027.62351407912,1646.7666813117896,2415.942881600012,GA_co2
10.90909090909091,63.63636363636363,460,welded,576.5735228570496,299.9850679771812,15.80909092182043,6.158535377659176,1.0006666688928891,1099.6658949376995,2103.660857015819,2908.6162921102155,GA_co2
10.90909090909091,63.63636363636363,500,rolled,540.4246400858518,281.4519799464023,14.457121670059157,6.0108235960061585,1.000999955967256,1008.2138898436383,1766.3907350060542,2239.6463348986586,GA_co2
10.90909090909091,63.63636363636363,500,welded,579.9865105313015,291.5088118646725,15.437568203713816,6.523050581101061,1.000725387756853,1077.49861578656,2260.161096473889,2692.2380414042987,GA_co2
10.90909090909091,63.63636363636363,550,rolled,538.2171238189482,269.7087427650604,14.96491797780247,6.8037118918580095,1.000999998996499,1036.8086712661477,1983.4149881321407,2191.191445853876,GA_co2
10.90909090909091,63.63636363636363,550,welded,552.475122590967,287.24599415054564,15.739366422336603,6.428112454910886,1.0009996930119671,1061.1341655906094,2635.1028936498224,2633.2206793198866,GA_co2
10.90909090909091,63.63636363636363,620,rolled,534.9431972294393,263.5453221075624,15.785218133035501,6.599017557837766,1.0006798965201198,1046.8280556266063,2219.275477928405,2065.3917537512943,GA_co2
10.90909090909091,63.63636363636363,620,welded,537.7263476805485,279.0296215470665,15.843844963106045,6.759805084623692,1.0009998412412557,1050.1182058167049,2971.617321777959,2457.550315665044,GA_co2
10.90909090909091,63.63636363636363,690,rolled,584.5884857608714,248.77245479450417,15.148961369616543,7.643943415588039,1.0009996008836217,1058.7195402287766,2548.8672931007795,1951.6436004577267,GA_co2
10.90909090909091,63.63636363636363,690,welded,519.4424155016453,265.5919375615756,17.140626122896442,6.847025217624939,1.000999903584284,1064.180390886166,3567.2517072520322,2376.9966370482803,GA_co2
10.90909090909091,74.54545454545453,355,rolled,686.0121952359243,299.9339854540531,16.95323039155197,6.432846182740415,1.0009983531171276,1291.6383368833249,1847.0428217431545,3315.6356107794945,GA_co2
10.90909090909091,74.54545454545453,355,welded,737.6350576996659,293.6211962902521,19.850484366674383,6.926653843265125,1.0009183837404456,1412.262994019548,2400.8470898332316,4080.0277897224737,GA_co2
10.90909090909091,74.54545454545453,460,rolled,595.8910670695178,298.9649628197715,14.83922516297876,6.356037647597637,1.0009901459823969,1121.4312849809892,1797.093634182035,2636.4849509903056,GA_co2
10.90909090909091,74.54545454545453,460,welded,571.098383057676,287.7928093806449,20.38350654164165,6.0000628028453455,1.0009999651413874,1277.221383261476,2443.324506179203,3378.2505587266037,GA_co2
10.90909090909091,74.54545454545453,500,rolled,564.940002491695,288.82098922069116,15.5727675487407,6.429548137086383,1.000998863686692,1117.461934359173,1957.7933089972714,2482.3299409854667,GA_co2
10.90909090909091,74.54545454545453,500,welded,593.952843767121,299.8654313650652,16.977197982343625,6.601228735958273,1.0009997814744325,1188.498058817133,2492.993528174818,2969.581249760488,GA_co2
10.90909090909091,74.54545454545453,550,rolled,552.0633253986417,276.13400454072195,16.63435459887466,6.536385849787333,1.0009570425288257,1130.960650071873,2163.5277235874933,2390.1722378618965,GA_co2
10.90909090909091,74.54545454545453,550,welded,583.3837862311586,297.8529028825715,16.363599768835744,6.798641867630188,1.0009687382778403,1155.372275316788,2875.7208697438177,2871.44135504049,GA_co2
10.90909090909091,74.54545454545453,620,rolled,591.3520833141797,266.3653668888939,16.241611726685207,7.278346637417714,1.000999861106237,1143.7635006636663,2424.778621406972,2256.6453868094136,GA_co2
10.90909090909091,74.54545454545453,620,welded,536.7608811130766,295.9709781914868,16.991988643034777,6.587584996859364,1.0009980632334,1144.9887187703534,3247.834368300096,2683.712789101536,GA_co2
10.90909090909091,74.54545454545453,690,rolled,596.015330477667,262.75227881732195,15.576216213162683,7.904050982329807,1.0004607432883434,1137.471991583191,2738.4638197365325,2096.815869284454,GA_co2
10.90909090909091,74.54545454545453,690,welded,541.2445877321884,276.01257711489274,17.826893783810924,6.9971983788622145,1.0008918329136958,1145.695760772483,3848.970219266069,2562.680997427612,GA_co2
10.90909090909091,85.45454545454545,355,rolled,749.8581904966541,297.2870597019952,17.719767474548284,7.051316884064495,1.000999423153596,1400.3234926317332,2002.4625944633783,3594.630405585659,GA_co2
10.90909090909091,85.45454545454545,355,welded,749.5946425319819,298.3914453525042,22.03362586774468,7.0209653270641175,1.0004992066950624,1550.2557615950275,2635.434794711546,4478.688895248034,GA_co2
10.90909090909091,85.45454545454545,460,rolled,580.0092717948804,293.5488030329368,18.482405631515473,6.089319353535839,1.000796596586134,1273.0388908171944,2040.0448225345538,2992.914432311224,GA_co2
10.90909090909091,85.45454545454545,460,welded,580.1951567691318,291.9959967432538,22.64976054323511,6.0419420501626995,1.000970516025352,1409.4963804624724,2696.3665758247093,3728.1179263232393,GA_co2
10.90909090909091,85.45454545454545,500,rolled,589.2747099610908,298.6458348311984,16.246762640916504,6.856456171975641,1.0009994767282282,1215.8378468357491,2130.1479076562323,2700.8621929609326,GA_co2
10.90909090909091,85.45454545454545,500,welded,595.4458225656273,298.92176619182743,19.757809645228498,6.609120444866768,1.0009999612084723,1326.189423331518,2781.8149343801915,3313.616893136131,GA_co2
10.90909090909091,85.45454545454545,550,rolled,576.8268718008029,294.22551307338216,16.273648926938098,6.675112913876743,1.0009998869339967,1187.7628051882223,2272.190246325069,2510.217912484789,GA_co2
10.90909090909091,85.45454545454545,550,welded,571.739944535007,299.90840626921926,19.24305032585697,6.579310893850335,1.0009999275605679,1288.891323094216,3227.731089043619,3216.304152724401,GA_co2
10.90909090909091,85.45454545454545,620,rolled,602.0202418797616,283.3863807915998,16.329199122839245,7.497926767726395,1.0009815778948654,1216.0515746806661,2578.0293383230123,2399.269756844954,GA_co2
10.90909090909091,85.45454545454545,620,welded,557.5737593654728,288.8811580151482,19.494758147914606,6.793145900526301,1.0009964836972312,1266.232550035357,3615.5447008445567,2980.6014054584025,GA_co2
10.90909090909091,85.45454545454545,690,rolled,583.5636060345653,278.4619533410735,16.45093131140395,7.567927683816759,1.0009932750810193,1198.545088941297,2885.497301626173,2209.398016954387,GA_co2
10.90909090909091,85.45454545454545,690,welded,568.5136634026011,290.358541305211,17.61769376396655,7.492711939547592,1.000998652279278,1218.3139680327643,4096.014423260112,2726.426099584914,GA_co2
10.90909090909091,96.36363636363636,355,rolled,750.0,298.8176807828346,20.293898997508652,6.994862360326966,0.9974995645148743,1536.7549925300175,2197.559639317925,3944.8500658245543,GA_co2
10.90909090909091,96.36363636363636,355,welded,743.3287229676297,298.54036849672076,25.433945559931683,6.8645285065809265,1.0009994592581073,1707.549362443154,2902.8339161533618,4933.110108098271,GA_co2
10.90909090909091,96.36363636363636,460,rolled,749.5772527685275,299.8563099000975,15.785171580760075,8.082623630209868,1.000990301101704,1373.045800288378,2200.3058949621254,3228.030676477976,GA_co2
10.90909090909091,96.36363636363636,460,welded,587.5112049419172,299.5012053859686,24.445223921353147,6.1497722436419275,1.0009194235369014,1537.6131587397454,2941.4539726691323,4066.9868048666267,GA_co2
10.90909090909091,96.36363636363636,500,rolled,599.0899770439181,299.91300727146023,18.17006602493123,6.58273800239639,1.0009999093405133,1313.1033605135344,2300.557087619712,2916.927805044765,GA_co2
10.90909090909091,96.36363636363636,500,welded,596.6327243913588,299.6684784705588,22.383189818082492,6.491984378795156,1.0009999829563425,1455.6281171790215,3053.3255385947155,3637.0324135835035,GA_co2
10.90909090909091,96.36363636363636,550,rolled,716.6310612085031,290.1240959271105,15.422034102000799,8.467766065797596,1.000949711987341,1326.8049268836894,2538.1778251284973,2804.069532475989,GA_co2
10.90909090909091,96.36363636363636,550,welded,581.9475179061656,299.10519955553104,21.548693332858505,6.669078603702795,1.0003846176528286,1411.6543375708352,3554.5736957652152,3535.496931257963,GA_co2
10.90909090909091,96.36363636363636,620,rolled,617.310958767547,296.80011866539724,16.635466451444014,7.660560153954619,0.9967046053859941,1290.2261524338137,2735.2794431596853,2545.616198751914,GA_co2
10.90909090909091,96.36363636363636,620,welded,589.739728700285,299.94474408680736,19.36267177664853,7.241060070170192,1.0009986683534586,1336.3889832494754,3818.79477499655,3147.3075823246777,GA_co2
10.90909090909091,96.36363636363636,690,rolled,623.4234281861854,274.25278785261156,17.78941158026234,8.082028864573957,1.0002849057634,1304.5841008431937,3140.7862227799883,2404.870331494343,GA_co2
10.90909090909091,96.36363636363636,690,welded,581.2811609085915,298.20673865802826,18.585441180072912,7.521746115811892,0.9997487360936337,1299.725953754809,4381.174877525215,2913.493502097047,GA_co2
10.90909090909091,107.27272727272727,355,rolled,749.999215790809,298.13949819963096,22.93722119924186,6.954720662065879,1.0009988549909845,1670.1380024248149,2388.2973434674855,4287.2442522245,GA_co2
10.90909090909091,107.27272727272727,355,welded,749.6884362973996,299.1491161738966,28.299169033706892,6.870123894722962,1.000999814041176,1857.7060100767417,3158.1002171304613,5366.912663111706,GA_co2
10.90909090909091,107.27272727272727,460,rolled,727.1694377023275,295.0051336665874,19.16571232577477,7.87034679537014,1.0006031523992323,1504.2737332270933,2410.5986574964163,3536.5475468168966,GA_co2
10.90909090909091,107.27272727272727,460,welded,596.4660957261042,299.5532839785751,27.107331417087714,6.14404579775845,1.0009983810968626,1676.0576044958111,3206.2981974004865,4433.172363891421,GA_co2
10.90909090909091,107.27272727272727,500,rolled,734.4975952762918,299.7131853623888,17.156825751245684,8.212834966870265,1.0006557820357327,1441.81547328376,2526.0607091931474,3202.8488923525447,GA_co2
10.90909090909091,107.27272727272727,500,welded,584.5040564555603,299.7352282263154,25.699145576998532,6.7105400822275465,1.000924957472351,1625.6613072493953,3409.987158086332,4061.877342293339,GA_co2
10.90909090909091,107.27272727272727,550,rolled,749.8782818175905,295.19669637732835,15.837023089057283,8.827656816800049,1.0009741296870092,1410.8283495735182,2698.91463273414,2981.6446339886734,GA_co2
10.90909090909091,107.27272727272727,550,welded,599.5042171532286,300.0,23.17259682124589,6.975072260913595,1.000993585111004,1521.0630075279698,3846.9176721640174,3820.666349836898,GA_co2
10.90909090909091,107.27272727272727,620,rolled,623.8963629901094,299.9924913782278,18.05578786698715,7.6643531613406894,0.9999097932950644,1379.1823158355287,2923.8665095713213,2721.1267091434984,GA_co2
10.90909090909091,107.27272727272727,620,welded,587.0188764469523,299.1787704143189,21.946933651997114,7.116581348093195,1.0009997464581606,1455.5875252814258,4184.252704124669,3441.2978260904397,GA_co2
10.90909090909091,107.27272727272727,690,rolled,636.5102638456208,285.00687275824754,18.019000120338724,8.278966537139736,1.0009997933671781,1370.5659745354342,3299.6375836940583,2526.5013174586193,GA_co2
10.90909090909091,107.27272727272727,690,welded,585.2121076782302,299.7823413666645,20.420071171076653,7.657036622469955,1.000999778150134,1405.4151502694992,4761.906326065361,3160.833110271456,GA_co2
10.90909090909091,118.18181818181817,355,rolled,745.9494563272025,293.45585174511615,26.416584387049735,6.821213334373213,1.0009980145127821,1819.233341174612,2601.5036778796953,4669.971986795229,GA_co2
10.90909090909091,118.18181818181817,355,welded,749.9973449204963,299.99908604316494,31.43329425447178,6.951672591392751,1.0009999348103737,2024.1547970166991,3441.0631549283885,5847.783208581242,GA_co2
10.90909090909091,118.18181818181817,460,rolled,578.1776114313909,296.01899855447436,23.04339553826687,9.011658296091332,1.0009036595413887,1657.8742458969878,2656.743479049923,3897.6623521038177,GA_co2
10.90909090909091,118.18181818181817,460,welded,749.9723861390096,300.0,25.551462277875633,7.913612372669601,0.999726439621881,1786.4995218612437,3417.573585320559,4725.29123532299,GA_co2
10.90909090909091,118.18181818181817,500,rolled,749.9774832234333,299.43871087992625,18.638790782178503,8.377199067700861,1.0009793271346012,1540.5484199047628,2699.040831673144,3422.17425997644,GA_co2
10.90909090909091,118.18181818181817,500,welded,595.1604790721925,299.6615929108996,27.87973446103268,7.0963289649465935,1.0009997485033657,1758.6915880303459,3689.031475052453,4394.266801852622,GA_co2
10.90909090909091,118.18181818181817,550,rolled,716.364134862561,297.8992905405207,18.539189207872226,8.406796965645457,1.0009816614519962,1506.6906403533228,2882.299194995907,3184.2399993227127,GA_co2
10.90909090909091,118.18181818181817,550,welded,592.6881443242469,299.5148889319876,26.10293802483407,6.999359634412609,1.0009779954930724,1663.012532351771,4234.127649878599,4195.892167335931,GA_co2
10.90909090909091,118.18181818181817,620,rolled,709.9269816845225,299.8350288970055,16.944177863064784,8.909947693788169,1.000337147766587,1455.270465374154,3085.173386593206,2871.2486281832053,GA_co2
10.90909090909091,118.18181818181817,620,welded,732.859658686149,299.9352492742134,21.39178057399481,9.040860943627337,1.0003603111946233,1633.1865153990111,4710.2958322099275,3869.463011850832,GA_co2
10.90909090909091,118.18181818181817,690,rolled,632.1290157344629,295.8314746205993,18.782958104318634,8.217912763955994,1.0009199601618182,1438.6232970963874,3463.485587759553,2651.95818586748,GA_co2
10.90909090909091,118.18181818181817,690,welded,591.0144199676187,296.6641280368968,22.805820002932688,7.602524656185097,1.0009954734734834,1513.860410390613,5160.538733299804,3418.0190740505877,GA_co2
10.90909090909091,129.09090909090907,355,rolled,746.1239478039541,298.42177438531786,24.281132528364854,10.260295168434459,1.0009995377556271,1946.6590459470344,2783.7224357042596,4997.073770946036,GA_co2
10.90909090909091,129.09090909090907,355,welded,749.025123678329,299.6383755237889,31.076543306142117,10.201713039916186,1.000999838597264,2194.921771528796,3731.367011598953,6341.128997946691,GA_co2
10.90909090909091,129.09090909090907,460,rolled,738.049628823671,299.96020580711155,22.59234418812305,7.766701439366151,1.0009999156694618,1702.5903021981476,2728.4009592725315,4002.7898004678455,GA_co2
10.90909090909091,129.09090909090907,460,welded,748.582551190781,299.8529569815105,28.188741206619884,7.831168187031592,1.000694072934613,1911.8942575638719,3657.453714719686,5056.960311256442,GA_co2
10.90909090909091,129.09090909090907,500,rolled,748.3071006687587,299.52637487457264,20.68225506859053,8.273066979946549,1.0009955770451542,1639.9588372653625,2873.2078828889153,3643.0045611012765,GA_co2
10.90909090909091,129.09090909090907,500,welded,725.1323905962984,300.0,27.565989604259013,7.996416650600215,1.0001032860080319,1875.1962570924254,3933.411668877072,4685.365367971134,GA_co2
10.90909090909091,129.09090909090907,550,rolled,747.3328208300737,292.9052004828585,19.96927367972995,8.685396487470136,0.9999274790407603,1604.3388993288831,3069.100314416153,3390.6098298416614,GA_co2
10.90909090909091,129.09090909090907,550,welded,593.8430730056368,298.6587809492486,28.948478221414216,6.612995173103643,1.0009999108640764,1784.2887445420251,4568.091978625194,4518.553908444112,GA_co2
10.90909090909091,129.09090909090907,620,rolled,687.3316252010268,300.0,19.700074801032926,8.47358779411326,0.9924349469897618,1556.5151198389842,3299.812054058647,3071.0043314423156,GA_co2
10.90909090909091,129.09090909090907,620,welded,597.5006292930352,299.94236779313496,26.04056268403844,7.14501444955085,1.000991047098248,1671.4819137841719,4852.671044043727,3977.246592412307,GA_co2
10.90909090909091,129.09090909090907,690,rolled,662.2181361638342,299.4108388522521,19.075541885671825,8.571890286032268,1.000999606496134,1508.133129297614,3630.8305087840063,2780.092610547222,GA_co2
10.90909090909091,129.09090909090907,690,welded,590.7219127266758,297.18183761212396,25.227634234379043,7.465833177893454,1.0009998883734275,1629.4827360130118,5587.589386055001,3693.0934241271907,GA_co2
10.90909090909091,140.0,355,rolled,749.9998068342773,297.35526933536624,31.293678518976016,6.77921802204071,1.0009992921199338,2092.4679604655826,2992.2291834657826,5371.365254515151,GA_co2
10.90909090909091,140.0,355,welded,748.8554339027264,298.3257057163629,34.28980157312727,10.113888628634243,1.0009997405212268,2341.2375936950198,3980.1039092815336,6763.835408184912,GA_co2
10.90909090909091,140.0,460,rolled,741.1651518741462,298.25610113367145,24.839096578898427,7.754163342395733,1.0009999944212635,1814.4344459099955,2907.631199570768,4265.735382334399,GA_co2
10.90909090909091,140.0,460,welded,749.6824316759601,299.72914083515326,30.737061543476283,7.791940287756268,1.000991932368158,2037.1233111131326,3897.0168941594225,5388.191157894235,GA_co2
10.90909090909091,140.0,500,rolled,745.2549676597248,299.90579537734084,22.763834810634368,8.193790760567067,1.0004119327729764,1743.2825491547328,3054.231026119092,3872.5278546923228,GA_co2
10.90909090909091,140.0,500,welded,586.9824029641088,295.611254418605,31.766311485074706,9.267313687481169,1.0009999811357642,2023.7526950828053,4245.023653205692,5056.548483933897,GA_co2
10.90909090909091,140.0,550,rolled,747.5364505047366,296.85904414900153,21.32946553732727,8.658817568025482,1.00099999965533,1687.5030920411834,3228.193415074784,3566.3690347198367,GA_co2
10.90909090909091,140.0,550,welded,749.7238624967947,299.85089037426314,27.054931405539016,8.586187751124758,1.000999690242484,1900.918572245624,4867.553872811042,4814.483975623704,GA_co2
10.90909090909091,140.0,620,rolled,716.0014120545496,297.93052004002084,20.502369742335276,8.795659729539318,1.0009989549287686,1632.3391019280325,3460.5588960874284,3220.605048104008,GA_co2
10.90909090909091,140.0,620,welded,743.7046743546142,299.8677565527109,25.238177085631754,9.08357691923488,1.000999918658982,1835.4633517985817,5343.213798927834,4375.163797730657,GA_co2
10.90909090909091,140.0,690,rolled,722.1804943858833,299.7966820031849,18.58700527725024,9.472284823075062,1.0009997136221493,1585.5472206083953,3817.204933614712,2922.7977464695155,GA_co2
10.90909090909091,140.0,690,welded,595.7843171722569,300.0,26.926341927022712,7.489996034452422,1.0009910461302172,1731.1280387409179,5962.497473134243,3934.6944866696117,GA_co2
11.727272727272727,20.0,355,rolled,447.53753903140364,234.5220732079478,10.919927915888303,6.000000031792683,1.0005949136173078,741.9889172069136,1061.0441516058863,1904.6855504701473,GA_co2
11.727272727272727,20.0,355,welded,481.66998923510306,249.95147897539545,11.240871609971135,6.028033490821174,1.000999902477316,772.1315485519287,1312.6236325382788,2230.6880437665222,GA_co2
11.727272727272727,20.0,460,rolled,429.62697646671614,223.03787917716528,10.846379851035156,6.000002522889733,1.0005804757497998,704.2712968121509,1128.5947531414715,1655.741818805367,GA_co2
11.727272727272727,20.0,460,welded,456.6586392727235,235.65075501873883,11.502571047095671,6.000023828736723,1.000999393500168,738.6002515556825,1412.9422812260202,1953.5976653647801,GA_co2
11.727272727272727,20.0,500,rolled,432.69077807905705,217.70946053934662,10.93833576107812,6.000064143736206,1.00098713587586,698.6413028513701,1224.0195625956007,1551.9617901540337,GA_co2
11.727272727272727,20.0,500,welded,435.1064312949875,230.87497121888165,12.106868927197988,6.001360561008313,1.0009992080579673,741.6520854622344,1555.6894144655828,1853.0919007359387,GA_co2
11.727272727272727,20.0,550,rolled,424.51454329115114,216.0663689398143,11.529264910733708,6.003213315524973,1.0009999893871007,714.545065817308,1366.9247109085102,1510.1195420982988,GA_co2
11.727272727272727,20.0,550,welded,424.3418855471808,226.95135165717508,12.329317269116034,6.000253857694602,1.0009999880829616,735.9674524086765,1811.405893038166,1815.5812573224648,GA_co2
11.727272727272727,20.0,620,rolled,437.482516880261,212.08837623953127,11.823906793055313,6.000383148006461,1.0009992827496321,724.8293533410224,1536.6382290829674,1430.0883141418374,GA_co2
11.727272727272727,20.0,620,welded,420.0040169190456,220.8046445595352,12.58455628132834,6.000001792490992,1.0009999906167908,729.7033541641058,2044.5610072766467,1696.8283936419489,GA_co2
11.727272727272727,20.0,690,rolled,436.0393123820315,203.97948038029588,12.514710196784963,6.000078796301134,1.0009988738017488,731.8844008519053,1762.011695050962,1349.155704530402,GA_co2
11.727272727272727,20.0,690,welded,420.7637687283789,214.56063015129257,12.878751985178067,6.0000561447198635,1.0009998730640581,726.9543741444509,2404.007572892931,1609.7709474406456,GA_co2
11.727272727272727,30.909090909090907,355,rolled,517.8882500950987,268.3841208518365,11.863313956979873,6.000073141968288,1.000971122023507,902.1329557748622,1290.0501267580532,2315.775297474071,GA_co2
11.727272727272727,30.909090909090907,355,welded,541.7536358493724,282.42577634673194,12.736268596644681,6.001046571227579,1.0009943213465513,947.5023598665474,1610.7540117731305,2737.334317654455,GA_co2
11.727272727272727,30.909090909090907,460,rolled,486.7266635673109,249.21092074408404,12.045052592822682,6.000585315262613,1.0009997181285506,848.6548127293458,1359.9693373987766,1995.1874647266923,GA_co2
11.727272727272727,30.909090909090907,460,welded,506.94463447736655,262.41941802305814,13.182156687251323,6.00033180082604,1.000999514359353,902.3769402455533,1726.2470866897436,2386.7870069494884,GA_co2
11.727272727272727,30.909090909090907,500,rolled,482.0723340649992,241.4381487013857,12.520059128600527,6.016880654732205,0.9937485451520811,850.1956695792259,1489.5428131028038,1888.6246604032924,GA_co2
11.727272727272727,30.909090909090907,500,welded,481.88768166294483,261.6702803370383,13.365442106542975,6.001757092796803,1.0007523391910162,895.4052451990004,1878.2020423294234,2237.2595456542226,GA_co2
11.727272727272727,30.909090909090907,550,rolled,477.0546987822303,240.5987128715615,12.855095295769406,6.000023107369938,0.9986989128964251,859.7041361048805,1644.6140123686362,1816.898721244054,GA_co2
11.727272727272727,30.909090909090907,550,welded,490.590712297175,248.8616202790725,13.772663210862849,6.007404481516926,0.9997781987223188,887.1435850579652,2190.876057204888,2193.412184827917,GA_co2
11.727272727272727,30.909090909090907,620,rolled,489.4534900448997,234.5624335299004,13.146278402596591,6.160002551509391,1.0009954744987728,871.9224502458181,1848.4755945211348,1720.3029943349993,GA_co2
11.727272727272727,30.909090909090907,620,welded,476.34134654346894,243.30105680561854,14.062441487070377,6.0000546323684745,1.0009898531474113,877.5198683611027,2467.72769729102,2045.3619965547261,GA_co2
11.727272727272727,30.909090909090907,690,rolled,465.0147191557221,220.00555145534705,15.150572805483735,6.002868529197051,1.0009929052597017,896.6321729127642,2158.6419562874803,1652.8517475473896,GA_co2
11.727272727272727,30.909090909090907,690,welded,459.5555852325892,233.4022915949476,15.174580765869372,6.000114721963706,1.000999985656824,889.1851003850323,2958.541035654941,1976.7021201790049,GA_co2
11.727272727272727,41.81818181818181,355,rolled,581.2399768774209,294.29767046873985,12.554144753851464,6.00375610145159,1.0009999893505757,1037.0088012978238,1482.922585855888,2662.001592931513,GA_co2
11.727272727272727,41.81818181818181,355,welded,593.284939534484,299.25115993222795,14.490634416981361,6.000281442325626,1.0009970048330956,1110.1091996691353,1887.1856394375302,3207.1054778441317,GA_co2
11.727272727272727,41.81818181818181,460,rolled,535.5268142895919,268.5780403441573,13.054576878828822,6.000001684725344,1.0009244850973034,973.2758463922809,1559.67454384363,2288.1715148682524,GA_co2
11.727272727272727,41.81818181818181,460,welded,556.8032038091039,285.5153866331334,14.026829685017137,6.001641847903537,1.0009099752280897,1029.5075656295562,1969.4479730493408,2723.047511090176,GA_co2
11.727272727272727,41.81818181818181,500,rolled,508.80113111498173,256.74178401580673,14.563193210012715,6.000001079612793,1.0009997701131177,1001.0330511034148,1753.8099055331827,2223.6948197211254,GA_co2
11.727272727272727,41.81818181818181,500,welded,534.1452897074838,280.0381434682369,14.475605351256322,6.001301126482408,0.9993947018762152,1025.4706177385772,2151.027167768439,2562.2408854816085,GA_co2
11.727272727272727,41.81818181818181,550,rolled,510.8261223102678,256.36819811299017,14.43400586935827,6.004449251273441,1.0008660196167711,995.1099654978017,1903.6453639972942,2103.065401083054,GA_co2
11.727272727272727,41.81818181818181,550,welded,511.9250084188904,275.706455462743,14.745542354525607,6.000778099485528,1.0009999812906922,1015.0307729903209,2512.334274914089,2513.3329025776834,GA_co2
11.727272727272727,41.81818181818181,620,rolled,510.1035535425191,251.81343438768246,15.011185279942984,6.332599019446736,0.9821486066686687,1024.6368081201276,2172.2300332146706,2021.608422421012,GA_co2
11.727272727272727,41.81818181818181,620,welded,500.7555051400273,255.74684996486548,16.39276836676291,6.422792443476332,0.9971443437031702,1048.5964716482408,2968.8529029065708,2454.812483842813,GA_co2
11.727272727272727,41.81818181818181,690,rolled,522.3442757014507,245.80196176021764,14.513978788107522,6.7872283818775765,0.9962414931503216,1013.3448993422904,2439.627845166565,1867.9999874475782,GA_co2
11.727272727272727,41.81818181818181,690,welded,505.12716101549637,255.28196105333737,15.480826793281379,6.7686048528676235,1.0008441266556587,1023.0886355239707,3413.789797775377,2278.5163878335557,GA_co2
11.727272727272727,52.72727272727273,355,rolled,596.5394813454276,299.33877248624844,15.449644468559743,6.003245062721388,1.0009999864125507,1222.294649595679,1747.8813489218207,3137.6303655121073,GA_co2
11.727272727272727,52.72727272727273,355,welded,592.9830162754239,297.7353831777128,18.888651022821957,6.003364483101091,1.0009938576697586,1342.2898317215163,2281.892713926578,3877.8753238434606,GA_co2
11.727272727272727,52.72727272727273,460,rolled,556.0465212561841,281.9108013928712,14.814288436246738,6.000058290019689,1.00099275538049,1112.691710656718,1783.0884663273907,2615.938211753944,GA_co2
11.727272727272727,52.72727272727273,460,welded,573.9569402460247,295.32197898287455,16.369528553516044,6.10676651211096,1.0009999941463528,1194.3428279354669,2284.777829840548,3159.036779889309,GA_co2
11.727272727272727,52.72727272727273,500,rolled,554.1695926566815,279.6419268092555,14.171503034964712,6.191943940658013,1.000132188012956,1080.8538789248198,1893.6559958762841,2401.0088066435956,GA_co2
11.727272727272727,52.72727272727273,500,welded,565.3333055037219,299.1446559661147,15.366870228384462,6.322249413583059,0.9998248945788634,1157.5239439125974,2428.0222247510646,2892.189326260016,GA_co2
11.727272727272727,52.72727272727273,550,rolled,540.7109922759782,273.1529519925817,15.257297193570231,6.338281253723425,1.0008340791388686,1118.2754515830293,2139.260938878335,2363.363339375574,GA_co2
11.727272727272727,52.72727272727273,550,welded,515.2343298152132,299.8619510835019,16.147049604560117,6.0,0.9993178063448243,1158.2334413797055,2876.0926382115667,2874.084105001674,GA_co2
11.727272727272727,52.72727272727273,620,rolled,583.4401329023306,259.5646303497848,15.143251986377889,7.234004015773774,1.0009999660366926,1146.6845215803758,2430.9711857503967,2262.4085610780817,GA_co2
11.727272727272727,52.72727272727273,620,welded,519.8612150086279,279.21248705907,16.849844112676358,6.5830035736318315,1.000999209449064,1160.8445916000778,3291.6287843790687,2720.245841261177,GA_co2
11.727272727272727,52.72727272727273,690,rolled,543.6468646065139,247.17996569224294,17.205546037496664,6.989536965020195,1.000999989055113,1166.2328768955315,2807.705651125992,2149.8336852692228,GA_co2
11.727272727272727,52.72727272727273,690,welded,528.2978327553409,273.124912165972,16.78601958840975,6.977502654368061,0.9831554088551172,1161.9063973422058,3892.538548930563,2594.3008746155633,GA_co2
11.727272727272727,63.63636363636363,355,rolled,571.6604175689994,298.09729937502453,17.729593103982253,7.887697053384159,1.000998434364989,1430.5673910652413,2045.711369223295,3672.2664928644745,GA_co2
11.727272727272727,63.63636363636363,355,welded,749.9250796108736,299.9038837919998,19.398942347886006,7.066626704111085,1.0009999223612052,1533.7879271729075,2607.439476193943,4431.11332160253,GA_co2
11.727272727272727,63.63636363636363,460,rolled,586.6580117671016,296.88986460414424,15.667556609897877,6.254768175733144,1.0008032512524454,1235.0019968260976,1979.0906999138213,2903.489694538155,GA_co2
11.727272727272727,63.63636363636363,460,welded,587.4250321549874,299.92749617141186,18.940007681333604,6.4583532076218715,1.0009187149207353,1372.6391564997984,2625.8587063841146,3630.630568941967,GA_co2
11.727272727272727,63.63636363636363,500,rolled,578.1030196422928,292.7424044146915,15.222808969350657,6.543512587550387,1.0009981148585252,1207.9204802524805,2116.2766814023457,2683.27455483286,GA_co2
11.727272727272727,63.63636363636363,500,welded,583.3480683180061,295.46386060201064,18.45758689468608,6.664501111614233,1.0009994159141247,1339.3495223559264,2809.4195580937912,3346.4987165585176,GA_co2
11.727272727272727,63.63636363636363,550,rolled,573.2909726055251,289.335927136159,15.33450033109478,6.660003193053749,1.000519809502203,1207.0680472250165,2309.1211743414565,2551.01761100535,GA_co2
11.727272727272727,63.63636363636363,550,welded,593.3351847932473,299.6002842143745,16.548366193246004,6.953583156462563,1.0009608405759254,1271.4700002527695,3167.1674532556035,3161.619797578117,GA_co2
11.727272727272727,63.63636363636363,620,rolled,581.6629985436779,277.7473754521004,16.1289867386317,7.1865979638616135,1.0009973741486158,1247.7059985964327,2645.136717024437,2461.723935230761,GA_co2
11.727272727272727,63.63636363636363,620,welded,536.6503592063528,283.8016556373603,19.097367546226682,6.6680580494508055,1.0005555850743748,1303.8752602459938,3718.3012767526807,3066.6846297777092,GA_co2
11.727272727272727,63.63636363636363,690,rolled,587.7319377761426,255.7317630378673,17.84885374556616,7.641087256433867,1.0009999155769198,1290.1656613949253,3106.0738298082824,2378.2913802154058,GA_co2
11.727272727272727,63.63636363636363,690,welded,553.1333907442844,282.3203792064034,17.530331799123935,8.111575311983371,0.9970764454278742,1298.0999969821091,4370.355825529191,2907.574555941,GA_co2
11.727272727272727,74.54545454545453,355,rolled,749.8403402751194,299.7988319668197,18.30110425757732,7.0994904261907745,1.0009999968568213,1550.1621326266154,2216.73184965606,3979.266194452521,GA_co2
11.727272727272727,74.54545454545453,355,welded,747.3575807985357,298.0134133200316,23.460017402310285,6.944381982354562,1.0009954213734709,1735.0289959287873,2949.5492930789383,5012.498769238266,GA_co2
11.727272727272727,74.54545454545453,460,rolled,585.167165750549,298.8773242952539,18.52829920481845,6.258575630037463,1.0009994827918067,1402.1572463170671,2246.9569872231,3296.471686091425,GA_co2
11.727272727272727,74.54545454545453,460,welded,597.0364448523148,299.7800075913577,22.070102861142743,6.362898264983374,1.000685944902357,1542.0241777123674,2949.8922519637586,4078.6539500492117,GA_co2
11.727272727272727,74.54545454545453,500,rolled,585.8637193490796,299.2039514408327,17.22450288890963,6.453437580643981,1.0009950156091074,1340.296501612388,2348.1994708249044,2977.334648681758,GA_co2
11.727272727272727,74.54545454545453,500,welded,591.1521937663304,299.66594392175847,21.04233434924362,6.459019387468717,1.000990833709713,1487.4705157789438,3120.118153897912,3716.5938307252686,GA_co2
11.727272727272727,74.54545454545453,550,rolled,584.6260478985884,294.9516004274146,17.249758693944123,6.745116197079541,1.000882526968482,1342.283501302639,2567.788337991948,2836.7819516529976,GA_co2
11.727272727272727,74.54545454545453,550,welded,571.0801441033656,296.28805315768227,20.91322537610413,6.5752112059255285,1.0009973007055404,1461.2201163662662,3673.2637096097833,3655.5850469339534,GA_co2
11.727272727272727,74.54545454545453,620,rolled,623.097343024458,289.6438888094045,16.157283207790925,7.898292573765405,1.000997840860907,1355.7714002814178,2874.2353685966054,2674.9369727552366,GA_co2
11.727272727272727,74.54545454545453,620,welded,587.7088500813445,299.7636294791401,18.344827529218026,7.221978295244002,1.0009074475294164,1378.8309447899646,3930.1545415305545,3241.9638423348574,GA_co2
11.727272727272727,74.54545454545453,690,rolled,632.3437187271836,276.2480024823904,16.511820772591022,8.29298667868666,1.0009999774120824,1362.245488561711,3279.6060137123195,2511.163333614658,GA_co2
11.727272727272727,74.54545454545453,690,welded,575.8790297382491,293.5529963760487,18.407182053044817,7.455101549137621,0.9984050800487111,1364.8449489208567,4597.726647980034,3058.2070622128135,GA_co2
11.727272727272727,85.45454545454545,355,rolled,749.8414583754993,299.3401945099629,21.43927444738833,7.045555601019885,1.0009999874917106,1722.152233933471,2462.677694524864,4420.764784507221,GA_co2
11.727272727272727,85.45454545454545,355,welded,748.7145045596604,297.44137475623137,27.23467547160359,6.884160581708514,1.000999188158774,1931.467275372523,3283.494368133289,5580.00895855122,GA_co2
11.727272727272727,85.45454545454545,460,rolled,721.5466454676028,299.0411762682986,18.109164436976755,7.703064200851298,1.0009911698464724,1557.2158561340111,2495.4384094547527,3661.01447777106,GA_co2
11.727272727272727,85.45454545454545,460,welded,594.2382805502479,299.70382972463227,23.430087740435248,9.342219201155553,1.0008568068855683,1763.6588850371984,3373.87944707616,4664.87775092339,GA_co2
11.727272727272727,85.45454545454545,500,rolled,586.6633982939263,294.85137920430714,20.434887662853512,6.429266938473715,1.0009318340133302,1504.0191393614007,2635.041532161174,3341.0281161774146,GA_co2
11.727272727272727,85.45454545454545,500,welded,595.3390176016454,300.0,24.18076283170297,6.550641671181422,0.9959093592768437,1665.48807893043,3493.52779436447,4161.388514015573,GA_co2
11.727272727272727,85.45454545454545,550,rolled,593.5283301248907,297.000612780698,19.39577851593344,6.891411247722289,0.9994690872107769,1483.185851814766,2837.334534521647,3134.564979225327,GA_co2
11.727272727272727,85.45454545454545,550,welded,584.6831943627469,299.9234665513717,22.994115289782584,6.72597782832582,1.0009999941387795,1603.3195315994572,4051.0172521728377,4024.676526125885,GA_co2
11.727272727272727,85.45454545454545,620,rolled,628.0777505318316,299.413225382156,17.45223062967856,7.786189790682175,0.9988521439944419,1456.6406840700447,3088.078250228494,2873.9520696701984,GA_co2
11.727272727272727,85.45454545454545,620,welded,596.677585131723,299.9962837233424,20.783186976912432,7.280418818870005,1.0009950466247457,1520.0060454710172,4358.885650584558,3587.9639331182566,GA_co2
11.727272727272727,85.45454545454545,690,rolled,661.4318167288501,284.42653800929685,17.026976337074615,8.626179630197162,1.0009079274888646,1459.376691769327,3513.4493854346547,2690.214993607577,GA_co2
11.727272727272727,85.45454545454545,690,welded,596.4401577838034,298.9922285488473,19.626575580353645,7.727046519075702,1.0009303721874345,1476.793254177649,4994.310352729625,3317.34223813293,GA_co2
11.727272727272727,96.36363636363636,355,rolled,749.7391363552802,299.7549789833458,24.520222588477232,6.934382514593322,1.0009993666960166,1890.6158822326697,2703.5807115927173,4853.210969691262,GA_co2
11.727272727272727,96.36363636363636,355,welded,747.1744182349391,299.08142615923316,30.857886395445846,6.82993809419674,1.0009734707128777,2130.2180388881043,3621.370666109777,6154.199914347733,GA_co2
11.727272727272727,96.36363636363636,460,rolled,746.2851402909786,297.67438016765936,19.95407149391103,7.977935485714623,1.0009794633179143,1693.0417037771508,2713.099330302884,3980.3410455800813,GA_co2
11.727272727272727,96.36363636363636,460,welded,748.7015053095959,299.4721943315369,25.37778220787227,7.958004946015007,1.0009805069071291,1910.6070308341418,3654.9912499857132,5053.555596556305,GA_co2
11.727272727272727,96.36363636363636,500,rolled,733.9558884385818,300.0,19.10202356209717,8.24072336993923,0.9888690048761776,1662.0760904991478,2911.957310554507,3692.1358274348067,GA_co2
11.727272727272727,96.36363636363636,500,welded,593.9387506303594,299.9816769183202,27.44158278878544,6.361721935649102,1.00045159870888,1831.355963334916,3841.4522686913197,4575.826009988621,GA_co2
11.727272727272727,96.36363636363636,550,rolled,748.3558547693344,299.12070818384973,17.237398543349798,8.768227842277895,1.00029767165639,1601.8445093606917,3064.328546407003,3385.338186082886,GA_co2
11.727272727272727,96.36363636363636,550,welded,584.0874917529603,299.91854557120337,26.091879342325917,6.631739310566296,1.0009999907413916,1765.539063685503,4491.328383986452,4452.0329405905795,GA_co2
11.727272727272727,96.36363636363636,620,rolled,662.9655498533198,293.6914284959287,19.226223972549572,8.220826471764047,1.0009999829521814,1587.883679846069,3366.3134012736664,3132.8945003362946,GA_co2
11.727272727272727,96.36363636363636,620,welded,593.0835619002775,299.8672167001447,23.73161474240195,7.169470667611071,1.0009999973458832,1670.3639186421144,4822.948797604043,3960.4459377711596,GA_co2
11.727272727272727,96.36363636363636,690,rolled,652.3760395459764,294.8708338837938,18.234932115668638,8.678126931353974,1.0009800453614104,1556.1440243001466,3746.416738502603,2868.59589439489,GA_co2
11.727272727272727,96.36363636363636,690,welded,595.4192928463655,299.2116429890523,22.216584421831854,7.947945300319694,1.0009887546249894,1627.064250902911,5542.928610997709,3672.1188733887484,GA_co2
11.727272727272727,107.27272727272727,355,rolled,749.7793563153733,296.5832919939,28.090038960361014,6.821495705720282,1.0009999834149714,2067.935308446011,2957.147491077795,5308.38993678091,GA_co2
11.727272727272727,107.27272727272727,355,welded,749.8015224850076,298.0705027150861,34.85447277325153,6.806665927764909,1.0009638653228299,2338.9769371040406,3976.2607930768695,6757.304371293572,GA_co2
11.727272727272727,107.27272727272727,460,rolled,743.3462673514199,297.0002040404461,22.70142627690707,7.850217461911499,1.0009999272589825,1833.0665568470422,2937.489157347384,4309.539475147396,GA_co2
11.727272727272727,107.27272727272727,460,welded,749.9937332148317,299.61542428552184,28.39129925700092,7.82166110076804,1.0009996336969507,2065.34615680561,3951.007197969132,5462.840584750838,GA_co2
11.727272727272727,107.27272727272727,500,rolled,596.0305762373586,299.85772440207336,25.022761600089154,6.586453235218491,1.0009993816561562,1798.169399733103,3150.392788332397,3994.453504567115,GA_co2
11.727272727272727,107.27272727272727,500,welded,749.9342006878669,299.6115027914454,26.84499777577631,8.204258766011788,1.0009452237666534,2006.7324063603885,4209.321895581551,5014.0215905320665,GA_co2
11.727272727272727,107.27272727272727,550,rolled,699.8775011743954,297.2084719452625,21.410371951777456,8.066653591437454,1.000694598807038,1742.5206147150648,3333.4419359499184,3682.6430671388175,GA_co2
11.727272727272727,107.27272727272727,550,welded,593.6557352413222,298.8255226843787,26.50964081947211,9.966334701359592,1.000994183250871,1954.5690116527667,5014.2999449653835,4956.565918921098,GA_co2
11.727272727272727,107.27272727272727,620,rolled,684.7702553902822,297.1428885219366,20.293445569322834,8.414107081512038,1.0009958294772145,1689.684827682978,3582.131834687913,3333.7481650185155,GA_co2
11.727272727272727,107.27272727272727,620,welded,597.3635673249221,299.8029790444303,26.304238511539353,7.1388180198516205,1.0009983090277246,1809.9816656609191,5257.999097942772,4308.529998146444,GA_co2
11.727272727272727,107.27272727272727,690,rolled,705.9298574308339,298.1640075393134,18.19586241781971,9.249160168274676,1.000999992620082,1647.4468070370579,3966.228187941717,3036.9034440921127,GA_co2
11.727272727272727,107.27272727272727,690,welded,595.5430835297509,299.75503458588213,25.209851973339102,8.142753949905192,1.0008860862913107,1799.9730071034537,6182.696391641232,4083.963376496757,GA_co2
11.727272727272727,118.18181818181817,355,rolled,749.6841196194131,297.4425741868482,26.93845206542853,10.22751494969372,1.000999970810113,2236.920553529661,3198.796391547415,5742.17506091064,GA_co2
11.727272727272727,118.18181818181817,355,welded,749.8037614197682,299.98662685692375,34.48943459379085,10.102790798352766,1.0009998752512879,2538.158410530841,4314.86929790243,7332.7396480236,GA_co2
11.727272727272727,118.18181818181817,460,rolled,747.3008008461436,295.4221758249624,25.326851587588745,7.803417326644834,1.000602063536153,1971.9497315210772,3160.0494447625265,4636.053818806052,GA_co2
11.727272727272727,118.18181818181817,460,welded,749.4245730062079,299.499290699761,31.481667499965965,7.796491693049864,1.0009998295330913,2228.7012023380125,4263.505400072618,5894.914680184044,GA_co2
11.727272727272727,118.18181818181817,500,rolled,736.4331280504762,299.54887475645023,23.610212082244175,8.058412806589658,1.0009993440831761,1904.1248900679977,3336.0268073991324,4229.82303079705,GA_co2
11.727272727272727,118.18181818181817,500,welded,748.2343468589179,299.3038764894089,29.8635025350452,8.133273865769711,1.000906336637985,2161.2107868958406,4533.355746592715,5400.001272137947,GA_co2
11.727272727272727,118.18181818181817,550,rolled,747.964498765224,298.51413786312065,21.69666312480451,8.668361697546015,1.000950856988967,1842.4751652260456,3524.6549910774256,3893.887014188725,GA_co2
11.727272727272727,118.18181818181817,550,welded,749.9065047809655,300.0,27.901761296422976,8.577239577758993,1.0009999798926008,2089.239121246991,5359.822275789441,5298.098101690508,GA_co2
11.727272727272727,118.18181818181817,620,rolled,677.3730963552335,296.2337694053423,22.925289163059297,8.21242812761582,1.0009998923328156,1814.232815888395,3846.1735696833975,3579.4813457478035,GA_co2
11.727272727272727,118.18181818181817,620,welded,749.076282070976,299.0805770878502,26.115427568102522,9.186914487208947,1.0009999074789906,2027.4259798706191,5915.829855444808,4840.108997161518,GA_co2
11.727272727272727,118.18181818181817,690,rolled,680.8811613680673,299.59831749066666,20.895263921718943,8.773973554146009,1.000999963216963,1752.2640553508663,4218.575713257211,3230.123559633786,GA_co2
11.727272727272727,118.18181818181817,690,welded,745.886029022033,296.37549360171295,25.150424396592427,9.618831546113917,1.0009996307501297,1988.352596104341,6854.654141437966,4521.984405642838,GA_co2
11.727272727272727,129.09090909090907,355,rolled,749.9345264452403,296.5911302239164,29.938972028334206,10.153138421910317,1.000999997609533,2393.8845733137346,3423.25493983864,6145.101699696356,GA_co2
11.727272727272727,129.09090909090907,355,welded,749.9482063224102,299.998716017023,34.99812712066823,18.225200920781997,1.0009999999164965,3073.9494627662034,5225.714086702545,8880.639997931561,GA_co2
11.727272727272727,129.09090909090907,460,rolled,749.6929615384561,299.81423065999206,27.11909975140978,7.790133023925148,1.0009997256290835,2095.543169010546,3358.1079283393997,4926.621990343795,GA_co2
11.727272727272727,129.09090909090907,460,welded,748.9866905444078,298.19955062705793,34.83301519765339,7.6660661774656,1.000996219701117,2391.8881463515118,4575.682023970441,6326.544147099748,GA_co2
11.727272727272727,129.09090909090907,500,rolled,749.5158755504443,299.94710455407886,25.367699014828833,8.203234767003035,1.0009187328420395,2025.0888023927114,3547.955581792031,4498.532265635169,GA_co2
11.727272727272727,129.09090909090907,500,welded,747.7743524156151,297.1916387015024,33.167333257413325,8.016230975843875,1.0009999886192027,2317.7428402274945,4861.697381661192,5791.112260592418,GA_co2
11.727272727272727,129.09090909090907,550,rolled,750.0,298.7664989305657,24.012636023799036,8.68594311976327,0.9913566107567705,1976.3188279658134,3780.697917898601,4176.752211022949,GA_co2
11.727272727272727,129.09090909090907,550,welded,747.8178792449584,299.5674711893883,30.782180409288912,8.466787668483487,1.0008415714471273,2232.7130639453403,5763.397823127657,5685.434390690437,GA_co2
11.727272727272727,129.09090909090907,620,rolled,727.4344649090598,299.7212572755343,22.625799721455092,8.890886912148805,1.0009997803545179,1897.2900700982652,4022.254948608323,3743.353308303878,GA_co2
11.727272727272727,129.09090909090907,620,welded,748.90986991627,299.8117760239712,28.528301825660236,9.063458446862926,1.0009994896999537,2152.0492582751476,6313.65342598092,5155.8816932752525,GA_co2
11.727272727272727,129.09090909090907,690,rolled,742.8013069428098,300.0,20.669711197742473,9.651871507771768,0.9981253630419601,1853.2285815844286,4461.647810164512,3416.241567292736,GA_co2
11.727272727272727,129.09090909090907,690,welded,722.4885920959432,299.47169005324713,28.007953011574735,9.21031538654231,1.0009947203299208,2109.4053402853124,7317.630513634989,4816.738385608128,GA_co2
11.727272727272727,140.0,355,rolled,749.7013714501788,299.99968990647795,32.30585671653875,10.054352918276788,1.0009999969834373,2539.469222244067,3631.440987809016,6518.817493500519,GA_co2
11.727272727272727,140.0,460,rolled,749.9999992506638,299.9750708873852,29.592032600573322,7.727682510064371,1.000957255211715,2232.1344882582566,3576.995517433856,5247.748181895162,GA_co2
11.727272727272727,140.0,460,welded,749.3008587893312,299.9942014857452,34.20060940858146,11.56713560331667,1.000999971418212,2614.112475930103,5000.797166454287,6914.327498835122,GA_co2
11.727272727272727,140.0,500,rolled,749.7961925697319,299.19111662935177,27.820337875967724,8.100140359211698,1.000992006022381,2152.6592116290653,3771.458938774122,4781.917172712805,GA_co2
11.727272727272727,140.0,500,welded,749.9999789334798,299.99996286329497,35.0,9.791650470007955,1.0009948864542493,2546.1997505099193,5340.9085966696075,6361.934696624085,GA_co2
11.727272727272727,140.0,550,rolled,746.2416220239803,299.98238252046576,25.935125276854862,8.537705478120412,1.0009999986904277,2077.1223255769073,3973.535008828624,4389.790322874235,GA_co2
11.727272727272727,140.0,550,welded,749.3973376676496,299.9933767406179,33.305865930546766,8.440401624016065,1.0009158747789695,2370.1591641787572,6152.170442074643,6057.922348573401,GA_co2
11.727272727272727,140.0,620,rolled,747.4817564220164,297.9341220578136,24.127255898083497,9.172879854444,1.0009999895719865,2009.6612565376365,4260.48186385979,3965.061659148757,GA_co2
11.727272727272727,140.0,620,welded,749.7035874030444,299.98220632038624,30.985447577449616,9.02167394813165,0.9999610387359494,2282.5744085144793,6734.839448575245,5489.023980976227,GA_co2
11.727272727272727,140.0,690,rolled,748.2167600938997,299.95309625621246,22.284799727022413,9.682705152959082,1.000999325346869,1950.8331445647204,4696.630795539564,3596.165818690605,GA_co2
11.727272727272727,140.0,690,welded,747.3333395424709,298.83199803894075,29.43032421352183,9.555985872016489,1.0009999438693615,2224.9283420930124,7753.153568632988,5095.342111378647,GA_co2
12.545454545454547,20.0,355,rolled,488.50082964488814,248.3005343845714,10.869008758944076,6.001861545334075,1.0009999941401206,847.8257868563019,1212.3908752045115,2176.3687948601264,GA_co2
12.545454545454547,20.0,355,welded,514.6406759296486,263.5204258079672,11.570704227762103,6.001506020623683,1.0009976476352256,891.0604993144833,1514.8028488346217,2574.2737825195422,GA_co2
12.545454545454547,20.0,460,rolled,460.8042669859399,233.98008819793577,11.296381238081374,6.021421118078868,1.0009950012406759,819.4827881720174,1313.221168045658,1926.604034992413,GA_co2
12.545454545454547,20.0,460,welded,466.50013521298763,250.8409055861016,12.23366054649082,6.0099359328012945,1.0006774849699676,866.0485057210279,1656.7507914443263,2290.698297632119,GA_co2
12.545454545454547,20.0,500,rolled,455.08721106208986,230.2798303325105,11.57860113740791,6.006697772903809,0.9915381196438785,819.7099780277915,1436.1318815046907,1820.9037451909364,GA_co2
12.545454545454547,20.0,500,welded,465.3434048021243,243.42451883237368,12.513914069347166,6.0008400455126205,1.0009999865088626,860.2042493429534,1804.364433421779,2149.3063374083035,GA_co2
12.545454545454547,20.0,550,rolled,446.15872506885864,224.49772303481788,12.393384636858139,6.086787255420864,1.0009999868774209,840.6253826071085,1608.1163569273986,1776.577683601863,GA_co2
12.545454545454547,20.0,550,welded,462.18949256345235,237.80858166939436,12.699953045776496,6.001604414112677,1.0008777843239978,853.0252778735606,2101.3369123652915,2105.5606652414504,GA_co2
12.545454545454547,20.0,620,rolled,471.9007543213758,221.9616640329482,12.3909827998924,6.000111536833843,1.0009999650048198,846.2128393604642,1793.9712194441843,1669.5779320581958,GA_co2
12.545454545454547,20.0,620,welded,450.82623019370294,231.03064862054174,13.21043564251948,6.0070539756386765,1.0009998406795388,852.2081718882587,2391.5506252163855,1983.6958784622518,GA_co2
12.545454545454547,20.0,690,rolled,451.01764452721505,218.37917156673757,12.962468235465023,6.007361154183052,1.0009936904385834,849.49521649258,2045.159733705886,1565.9594820824218,GA_co2
12.545454545454547,20.0,690,welded,433.3356915351332,224.3038141611542,14.058634328803425,6.0034505832408325,0.9995683270171026,860.6837586622429,2855.2462696550065,1909.7365653415056,GA_co2
12.545454545454547,30.909090909090907,355,rolled,556.8877444634908,282.8486256111704,12.05486352477193,6.000004896611047,1.0009345526362905,1035.721224371092,1481.0813508506612,2658.6963829605925,GA_co2
12.545454545454547,30.909090909090907,355,welded,585.4306969549696,296.5233257826762,12.977214894260177,6.000143624391306,1.0008993968909432,1088.5226678020272,1850.4885352634462,3144.741987280056,GA_co2
12.545454545454547,30.909090909090907,460,rolled,510.3727811579659,261.11266622194717,12.822720511672953,6.00874052190704,1.000999784644512,993.6222404349617,1592.2796402970262,2336.0058872625946,GA_co2
12.545454545454547,30.909090909090907,460,welded,536.517642926121,272.74618049980774,14.098341142937423,6.003444973573075,1.0009862873126125,1057.9127967796153,2023.7871802394038,2798.179347482082,GA_co2
12.545454545454547,30.909090909090907,500,rolled,506.3133301435123,253.18412789050444,13.20928575104873,6.145692907473625,1.0009619110533714,996.6311980666451,1746.097859012762,2213.9165433852454,GA_co2
12.545454545454547,30.909090909090907,500,welded,531.0454539472809,266.4707304925305,14.312023357885307,6.000000214847152,0.9967697749235177,1048.0434292553018,2198.3758972059213,2618.641312337297,GA_co2
12.545454545454547,30.909090909090907,550,rolled,530.3048344109341,246.48072636196193,14.151505031198976,6.182998615337344,1.0009994350371556,1042.3339485130668,1993.9848435054969,2202.8685667875156,GA_co2
12.545454545454547,30.909090909090907,550,welded,509.1753220576807,266.32191679017717,14.223431945644219,6.000227074400218,1.0009898561423924,1030.169377021917,2546.7135296538054,2548.7718204697653,GA_co2
12.545454545454547,30.909090909090907,620,rolled,501.09884340788244,246.31609948212332,14.299552261952766,6.210478303031144,1.0009999497258957,1031.87404665448,2187.572978907498,2035.887494049289,GA_co2
12.545454545454547,30.909090909090907,620,welded,485.59124724830326,259.108751915488,14.931575404848237,6.0006072993509045,1.0009807237397803,1031.345825877436,2906.5345330803866,2407.230071644638,GA_co2
12.545454545454547,30.909090909090907,690,rolled,509.34093044411134,232.72276923686752,15.272553157866929,6.575763907358514,1.0009999769994322,1060.6333783537552,2553.474858386666,1955.1715696573121,GA_co2
12.545454545454547,30.909090909090907,690,welded,487.4631967017243,247.24656941941885,15.658495921932456,6.303403174274094,1.000999998972498,1045.7087251474227,3486.6098741229557,2327.7613613968256,GA_co2
12.545454545454547,41.81818181818181,355,rolled,589.6421592793602,298.4473854008976,14.566830050415708,6.00013008906627,0.998244062024813,1246.8672725099862,1783.0201996892802,3200.7082885331342,GA_co2
12.545454545454547,41.81818181818181,355,welded,595.4937563134017,299.9975309413272,17.37683259135935,6.001302183878027,1.0009999110179548,1358.180922418852,2308.907568112049,3923.7846848680633,GA_co2
12.545454545454547,41.81818181818181,460,rolled,555.2569712199722,282.3828901164457,13.957024969820173,6.000067081427008,1.0009928789235947,1142.2778211656132,1830.500208417895,2685.495157560357,GA_co2
12.545454545454547,41.81818181818181,460,welded,581.6543380124224,299.9990622492808,14.85260829232548,6.3225415131628475,0.99963913247057,1221.2984703151656,2336.3439737129115,3230.334453983613,GA_co2
12.545454545454547,41.81818181818181,500,rolled,541.5895497470741,270.91559732135306,14.892207950115594,6.000018505423578,1.0009919917864651,1151.9318071088717,2018.1845260547434,2558.9013163116474,GA_co2
12.545454545454547,41.81818181818181,500,welded,537.0649067649806,299.1700382340376,15.531309738513576,6.000028473043059,1.0009994968996307,1214.1856047530273,2546.87572452995,3033.764152035914,GA_co2
12.545454545454547,41.81818181818181,550,rolled,590.2812735350507,264.099152130289,14.881718143298889,6.878999255598759,1.0008984056691856,1211.534660225929,2317.665805012202,2560.4573509214783,GA_co2
12.545454545454547,41.81818181818181,550,welded,514.9671710711474,287.92618874016176,16.48472679726959,6.06021938624388,1.000912811435661,1222.5317263353516,3038.5486699372987,3035.4847443295125,GA_co2
12.545454545454547,41.81818181818181,620,rolled,527.6096980500889,257.568450566664,16.721099331795667,6.460212434752199,1.0003026372472301,1220.8186748649955,2588.1355907137904,2408.675245508636,GA_co2
12.545454545454547,41.81818181818181,620,welded,524.216019599509,277.72351115791486,16.27462563529862,6.542035186717263,0.9995342146225694,1207.0122343429205,3417.3788799148783,2825.6759776399654,GA_co2
12.545454545454547,41.81818181818181,690,rolled,579.6283546056261,252.22949842690628,15.215152284197998,7.590001350192389,1.0009726588631858,1224.7224632097298,2948.5193301774248,2257.6533886808156,GA_co2
12.545454545454547,41.81818181818181,690,welded,519.3834322103464,263.57408651824267,17.33730466848954,6.776406337346436,1.0008724087778653,1223.529484098378,4102.770902941333,2733.5060090044562,GA_co2
12.545454545454547,52.72727272727273,355,rolled,750.0,300.0,15.267867947726375,7.33280141968727,0.9783235683965927,1492.8100324187942,2134.718346358876,3832.0433532190445,GA_co2
12.545454545454547,52.72727272727273,355,welded,590.8909386232825,298.53697802783654,22.672606284030085,6.000006465797062,1.0009972789400332,1655.528664798388,2814.3987301572597,4782.822312602542,GA_co2
12.545454545454547,52.72727272727273,460,rolled,594.8778514778845,299.4168565940907,14.867685468579266,6.539349348957324,1.0009958426832135,1302.8043694269322,2087.7440020066583,3062.893072522718,GA_co2
12.545454545454547,52.72727272727273,460,welded,580.0615306270256,298.92896652963555,19.205444879483547,6.11208043584111,1.0009500902449768,1456.8159177212392,2786.8888506007306,3853.2781023726775,GA_co2
12.545454545454547,52.72727272727273,500,rolled,566.1900204261506,296.491211786748,15.807227970410464,6.305511410622386,1.0009712342026669,1317.8235881698067,2308.8269264735013,2927.4133187604084,GA_co2
12.545454545454547,52.72727272727273,500,welded,562.9055518570956,300.0,18.779698395056645,6.216126909797523,0.9959502645574633,1431.2793404211766,3002.25154446746,3576.1945599763517,GA_co2
12.545454545454547,52.72727272727273,550,rolled,570.9122174989798,290.7662254606151,15.543865097073539,7.102973980820853,1.0009944777690338,1331.2085090853225,2546.6018778802218,2813.37606310092,GA_co2
12.545454545454547,52.72727272727273,550,welded,590.1569675555457,299.9924155408692,16.648658049197156,6.8950665173505215,1.0009887917759093,1361.858444806752,3392.6470759364647,3386.594645873321,GA_co2
12.545454545454547,52.72727272727273,620,rolled,612.680390889116,277.302215328434,15.477391769832263,7.589240351606285,1.0009283880946707,1344.1408914679919,2849.578689912143,2651.989978866348,GA_co2
12.545454545454547,52.72727272727273,620,welded,565.0495720185365,292.0264293521312,17.211911282635498,6.9607580419507125,1.0009970184392403,1353.7530776190006,3845.578817149126,3176.0060454876425,GA_co2
12.545454545454547,52.72727272727273,690,rolled,588.7695248074849,267.88561652829213,16.554169563380892,7.777409602169855,1.000999824262602,1364.0120924060511,3283.8591124675686,2514.419891141315,GA_co2
12.545454545454547,52.72727272727273,690,welded,557.2343516011006,287.7153870942005,17.180450376016992,7.457469083771926,0.9962732667628607,1357.6183918843471,4558.691368457522,3035.7557669866883,GA_co2
12.545454545454547,63.63636363636363,355,rolled,742.6303292303969,299.0494529749782,18.857119517284616,6.959541436486927,1.0009308885230805,1673.5538357438381,2393.181985113689,4296.012696354433,GA_co2
12.545454545454547,63.63636363636363,355,welded,748.6566479564499,299.08575390911255,23.771351409515198,6.977829043871762,1.0009293581799696,1882.144955340939,3199.6464240795963,5437.516775979972,GA_co2
12.545454545454547,63.63636363636363,460,rolled,586.2134961502609,299.1788192264575,18.686239866029787,6.160037350634289,1.0005376152446332,1505.7901804135367,2413.028764112692,3540.1127141522247,GA_co2
12.545454545454547,63.63636363636363,460,welded,569.2812236029516,297.29061499266095,24.05953867750871,6.032802756681518,1.0008727605572592,1718.450463277909,3287.3957362506394,4545.30147537007,GA_co2
12.545454545454547,63.63636363636363,500,rolled,592.2077165163663,297.3754801159009,17.503670444746408,6.517743759529534,1.0009845254173368,1452.027230959258,2543.9517086406204,3225.533290852896,GA_co2
12.545454545454547,63.63636363636363,500,welded,595.0239674215444,299.84183854978824,21.364214340474522,6.508963309655272,1.000999992913377,1615.7559355790945,3389.2096504707083,4037.1277806379253,GA_co2
12.545454545454547,63.63636363636363,550,rolled,597.8485389499995,299.9933419092353,16.75279971554784,7.095552409561864,0.9997108970011488,1453.4508795356044,2780.4515325516104,3071.723088810546,GA_co2
12.545454545454547,63.63636363636363,550,welded,572.5734352064842,298.62965239475784,21.139490712222784,6.5877069931894265,1.0009994515715601,1587.4463517530771,3992.7511269398055,3972.809856957488,GA_co2
12.545454545454547,63.63636363636363,620,rolled,617.2879129007043,289.01835615999454,17.155277041343698,7.6384375766724135,1.000013939047999,1485.8825353253656,3150.070974889775,2931.6462421969463,GA_co2
12.545454545454547,63.63636363636363,620,welded,591.4334574714106,299.41518708684146,18.934081864448206,7.286332134045211,1.0004070215816734,1513.8392590710282,4321.8411115132385,3563.0674847568926,GA_co2
12.545454545454547,63.63636363636363,690,rolled,633.0562403777923,279.9693479844639,17.02086609254595,8.286451185473224,0.9934890281388497,1498.8010295287634,3608.3634785904983,2762.8898178333216,GA_co2
12.545454545454547,63.63636363636363,690,welded,583.1635844539938,299.66019991409456,18.186081811129483,7.576274380777948,1.0005935257987986,1481.35677841318,4988.909454827993,3318.7176615433336,GA_co2
12.545454545454547,74.54545454545453,355,rolled,749.2494385319039,299.94076073687825,22.13588919466002,6.967909266660641,1.0009999902590716,1881.0704653492494,2689.930765449427,4828.7078845515225,GA_co2
12.545454545454547,74.54545454545453,355,welded,749.9147298422746,299.912871089055,27.95234808553534,6.905225691301806,1.0009997409399274,2123.1531554823587,3609.36036432001,6133.789466188533,GA_co2
12.545454545454547,74.54545454545453,460,rolled,589.3956563279414,296.053194857592,22.329065677842408,6.256808006620488,1.0009984891328452,1719.5886243727168,2755.6407705572783,4042.7528559002576,GA_co2
12.545454545454547,74.54545454545453,460,welded,589.455034701771,299.9890971722338,26.90212855100363,6.043992488452317,1.0009885283231512,1908.3964089696324,3650.7623303589066,5047.708501724677,GA_co2
12.545454545454547,74.54545454545453,500,rolled,749.8613197235951,299.8175771257865,16.950477588201753,8.390758122843305,1.0009954241057877,1672.2340864017012,2929.754119375781,3714.700799532739,GA_co2
12.545454545454547,74.54545454545453,500,welded,558.8200475602715,300.0,26.93607609119108,6.0,0.9995668817959426,1889.997369829962,3964.4584829553287,4722.347428257144,GA_co2
12.545454545454547,74.54545454545453,550,rolled,749.9925317776626,299.8529394703124,15.922228011138785,8.826193592298111,1.0006690967772593,1642.827017726268,3142.7280849103504,3471.9506192626945,GA_co2
12.545454545454547,74.54545454545453,550,welded,594.3575550201647,299.08468875233797,23.797664649318833,6.875834241694752,1.0004164764254666,1772.1291749023399,4487.237735421219,4454.845239207946,GA_co2
12.545454545454547,74.54545454545453,620,rolled,658.4888007635984,299.7817510519259,17.43881282864867,8.245976749199992,1.000999601965871,1612.921124416646,3419.39278376329,3182.2933784740426,GA_co2
12.545454545454547,74.54545454545453,620,welded,583.7848668698801,299.6941170602632,22.506878177113066,7.279211526400167,1.0005602839722814,1714.7838189090603,4937.939164149697,4058.6808010449486,GA_co2
12.545454545454547,74.54545454545453,690,rolled,624.8486677310285,289.4264815000293,18.80609775529972,8.063055549535948,1.000998765902604,1615.291887063584,3888.8152181055793,2977.62906461301,GA_co2
12.545454545454547,74.54545454545453,690,welded,590.8318662401743,296.6936057281357,21.505161943755112,7.672282787853933,1.0009996045477632,1670.6386569024314,5676.798744939643,3764.2526706518925,GA_co2
12.545454545454547,85.45454545454545,355,rolled,749.8362262779134,299.3879249749112,25.82388181811957,6.885098753940149,0.9999747913884888,2096.018471265195,2997.3064139092285,5380.479415737755,GA_co2
12.545454545454547,85.45454545454545,355,welded,749.8745016712955,299.9661518841355,32.308499192555914,6.792813932661797,1.000997645953975,2367.280248364148,4024.3764222190516,6839.072637524024,GA_co2
12.545454545454547,85.45454545454545,460,rolled,747.7504584353452,299.9679576330155,20.952479434939765,7.995953621220575,1.0009997942447966,1883.4406885480137,3018.2137033981917,4427.969058776382,GA_co2
12.545454545454547,85.45454545454545,460,welded,741.1041466244766,299.5570985138935,27.48398856770032,7.79509932754798,1.0008736906181812,2148.3362843886875,4109.7673120355585,5682.349472208079,GA_co2
12.545454545454547,85.45454545454545,500,rolled,694.4057644041517,298.9381155019333,21.805613358793252,7.616454926572388,1.0002878134557793,1860.665783928163,3259.886453442142,4133.282972418021,GA_co2
12.545454545454547,85.45454545454545,500,welded,594.2377601679004,299.1769263428247,29.143981196392417,6.365408145262012,0.9985291124843483,2053.34124495938,4307.088595426796,5130.478434655507,GA_co2
12.545454545454547,85.45454545454545,550,rolled,703.0699824222999,298.85781906749435,20.13876703530633,8.26391029022582,1.000999894547372,1811.1041725507303,3464.642282089547,3827.587558268713,GA_co2
12.545454545454547,85.45454545454545,550,welded,579.3045142172076,292.15419016165475,29.16515019168915,6.434788988447795,1.0006646608406147,2008.4185828979894,5142.34712865647,5086.436527148537,GA_co2
12.545454545454547,85.45454545454545,620,rolled,736.1278707251906,297.2196844058891,17.929351408776657,9.25741549333775,1.0009978745536707,1772.438806176284,3757.5702690937223,3497.021764585809,GA_co2
12.545454545454547,85.45454545454545,620,welded,736.2235209172607,300.0,23.169755275445638,9.036877262429723,1.0009993741634267,1983.0545401460367,5743.763787221266,4711.431607422046,GA_co2
12.545454545454547,85.45454545454545,690,rolled,655.2049305394637,293.7788576357026,19.91334192999296,8.463086968701546,1.0009993880927073,1748.4116499689508,4209.301047300249,3223.0220355527636,GA_co2
12.545454545454547,85.45454545454545,690,welded,595.0236023146803,299.10729193817286,24.635344524559226,7.901569027849669,1.0009998739218817,1876.0320239074363,6430.425147163088,4250.771968133425,GA_co2
12.545454545454547,96.36363636363636,355,rolled,748.2434791470688,299.7527729759963,25.632171921964954,10.245097339967673,1.0009999984908484,2327.3824723325783,3328.1569354355865,5974.390806477728,GA_co2
12.545454545454547,96.36363636363636,355,welded,749.9842593191753,299.78331710600565,33.47008221561549,10.115144506563482,1.0009999982445392,2656.7079908394226,4516.403584427018,7675.22938553509,GA_co2
12.545454545454547,96.36363636363636,460,rolled,748.9645639960262,299.9232618345218,23.853774134541435,7.876754084502263,1.0009914163651419,2050.770036538796,3286.35898355342,4821.360355902709,GA_co2
12.545454545454547,96.36363636363636,460,welded,590.614389728608,298.172395023863,32.44030529136293,9.052831705581035,1.0009999907655707,2373.9028950706406,4541.276238270135,6278.9731574618445,GA_co2
12.545454545454547,96.36363636363636,500,rolled,728.9524725928791,299.920323992575,23.227971426222716,7.984160006396426,1.0009989826494965,2004.2384502882887,3511.425764905082,4452.2152934704045,GA_co2
12.545454545454547,96.36363636363636,500,welded,748.5873228826377,299.8828984126709,29.164513477814143,8.120060763903016,1.0009962734556492,2274.6165294931275,4771.235632264785,5683.356860591528,GA_co2
12.545454545454547,96.36363636363636,550,rolled,724.5087870876082,299.57671279792766,21.999165003969257,8.37106864394831,1.0009980379304688,1952.0424452595253,3734.257197781472,4125.44650381148,GA_co2
12.545454545454547,96.36363636363636,550,welded,585.7969358217567,299.9983496156683,31.17337525112074,6.465028901624518,1.0009999771635536,2175.2706180967807,5595.00836504095,5525.848769394287,GA_co2
12.545454545454547,96.36363636363636,620,rolled,729.3170851477364,295.0070864002677,20.935604442412316,8.95024955259239,1.0009999844901862,1913.538289416266,4056.701173562484,3775.411045018293,GA_co2
12.545454545454547,96.36363636363636,620,welded,595.2569329020516,300.0,29.48724871998236,7.1422532568325,0.9773369852727173,2119.5861787619406,6204.262189073147,5070.548662585736,GA_co2
12.545454545454547,96.36363636363636,690,rolled,729.1896662270879,299.96415088010986,19.1473560811455,9.533648012410536,1.0001587792189512,1868.9366983420396,4499.465101258461,3445.197909723716,GA_co2
12.545454545454547,96.36363636363636,690,welded,725.2940308951072,296.2672679837668,25.839568018641422,9.326661526912,1.0009999813495047,2126.5587275436023,7338.567720716891,4839.476478950652,GA_co2
12.545454545454547,107.27272727272727,355,rolled,749.7869132966704,299.7991393782117,28.85062925870917,10.207757693948336,1.000765761564842,2519.3226599859818,3602.6314037799543,6467.101268184014,GA_co2
12.545454545454547,107.27272727272727,355,welded,749.992020473891,299.99504021542157,34.999986451272406,17.213522912128987,1.0009994484587068,3220.818651655364,5475.391707814119,9304.945084632347,GA_co2
12.545454545454547,107.27272727272727,460,rolled,749.2416921683857,297.9226457721503,27.049791356601524,7.817468194083938,1.0009996540692456,2228.5774893193184,3571.2954266342076,5239.385677389718,GA_co2
12.545454545454547,107.27272727272727,460,welded,748.7653511822311,299.9624626865465,34.25374796168588,7.706899404859599,1.000946139701554,2540.0781189484346,4859.169441548355,6718.50662461861,GA_co2
12.545454545454547,107.27272727272727,500,rolled,743.1158307693975,298.7174555976317,25.622670011232184,8.082116533793267,1.0009999571554895,2161.1478782418258,3786.3310826796783,4800.773896726393,GA_co2
12.545454545454547,107.27272727272727,500,welded,736.5828778620449,299.1102142964097,33.253908796040946,7.88230362392902,1.000999785703332,2479.270185347421,5200.517140784749,6194.704485109066,GA_co2
12.545454545454547,107.27272727272727,550,rolled,749.802463729094,300.0,23.622280608138745,8.609729707733194,1.0003231385385722,2091.095182617585,4000.2650843474403,4419.320558944004,GA_co2
12.545454545454547,107.27272727272727,550,welded,749.3377381691682,299.97755947490987,30.69611263266235,8.490678348337974,1.0009999745889018,2388.9142328513885,6165.753940806126,6082.62438575012,GA_co2
12.545454545454547,107.27272727272727,620,rolled,740.460178604622,299.95710784483106,22.283075838117735,9.060621072216437,1.0009999234519307,2034.3216199926899,4312.761834384503,4013.716556245577,GA_co2
12.545454545454547,107.27272727272727,620,welded,595.6267300068673,298.2515984441563,32.84414114454442,7.124031545385394,1.000146106898945,2301.2180875921995,6789.226583178572,5533.525259849288,GA_co2
12.545454545454547,107.27272727272727,690,rolled,677.3039676531928,299.7415198514639,23.27482011079781,8.65380734163149,1.000974366243096,2007.2417104103447,4832.434417812905,3700.1493689704294,GA_co2
12.545454545454547,107.27272727272727,690,welded,733.2297044673348,299.92054190195717,27.799760865693955,9.369951218274359,1.0009998456559226,2267.5242109428814,7865.179497593191,5177.381607836332,GA_co2
12.545454545454547,118.18181818181817,355,rolled,748.0965944141673,299.9007027202489,32.23703462232693,10.028768963869595,1.0009967880383237,2708.377690440603,3872.980097330062,6952.405531361028,GA_co2
12.545454545454547,118.18181818181817,460,rolled,749.9562678594295,299.6327013016866,29.667769877046357,7.788996157778151,1.00099541828274,2394.6854439946605,3837.483424001443,5629.905478831448,GA_co2
12.545454545454547,118.18181818181817,460,welded,749.9608335600152,299.9682452306938,34.66538121126685,11.512421488355267,1.0009865978166228,2819.803053952627,5394.283242211375,7458.379077704699,GA_co2
12.545454545454547,118.18181818181817,500,rolled,749.5472867766636,299.8947392227748,27.8958653416321,8.175575643376414,1.000988749028174,2316.654031066672,4058.7778624288094,5146.215264611505,GA_co2
12.545454545454547,118.18181818181817,500,welded,748.8492069881619,299.99242674739946,32.9603910342822,12.010894495010328,1.0009753383738027,2755.3554928847375,5779.633681875025,6884.531234521805,GA_co2
12.545454545454547,118.18181818181817,550,rolled,744.0109666544904,298.7569071702181,26.5725161970456,8.45845683822242,1.0009999897576862,2246.0906291957613,4296.771373651492,4746.887935742322,GA_co2
12.545454545454547,118.18181818181817,550,welded,749.5450286597617,299.56265599250446,33.90904296298898,8.438922582366432,1.0009999203459354,2567.303495075108,6672.7610375001905,6567.676190494519,GA_co2
12.545454545454547,118.18181818181817,620,rolled,749.8090736441105,299.99718880775936,24.292757959023103,9.134460544764195,1.0009853498244816,2169.540467070519,4599.4257901895,4280.503341530133,GA_co2
12.545454545454547,118.18181818181817,620,welded,750.0,300.0,31.722931874575877,9.057070460365443,0.9972087483252757,2486.85581272574,7350.916912602384,5987.392342729622,GA_co2
12.545454545454547,118.18181818181817,690,rolled,746.3090666519621,299.9190577018911,23.00590731315978,9.890463934948379,1.000999972684286,2143.1996407202323,5159.753135033959,3950.7742177036757,GA_co2
12.545454545454547,118.18181818181817,690,welded,746.9555928305349,299.9131000652865,30.06380179275662,9.52078252526817,1.0000900332625928,2419.9145298083135,8445.413141179997,5547.334232386731,GA_co2
12.545454545454547,129.09090909090907,355,rolled,750.0,300.0,35.0,10.964774415454658,1.000996518204339,2942.523368065735,4207.808416334001,7553.457485824742,GA_co2
12.545454545454547,129.09090909090907,460,rolled,749.998717697263,299.94013834587076,32.52164689260807,7.694815670155186,1.0009999617545424,2562.3674329734044,4106.19381133988,6024.125834920474,GA_co2
12.545454545454547,129.09090909090907,460,welded,749.9999835235691,299.99945870737537,34.99998267981467,20.90901153085788,1.0009992993419523,3468.340545186277,6634.935462941347,9173.760742017701,GA_co2
12.545454545454547,129.09090909090907,500,rolled,749.983452496845,299.94753302995787,30.59756045329272,8.030706368508932,1.00099999526909,2470.0344483419085,4327.500353495024,5486.934523546715,GA_co2
12.545454545454547,129.09090909090907,500,welded,749.9943445644221,299.99996852026385,34.99856778340753,15.492994529668147,1.0009996998356496,3105.5583018337325,6514.219093926437,7759.547972961764,GA_co2
12.545454545454547,129.09090909090907,550,rolled,749.8692720360865,298.7455294477326,28.86994381013393,8.468709630608032,1.0009999854016896,2389.8114916132304,4571.70938345611,5050.627606375401,GA_co2
12.545454545454547,129.09090909090907,550,welded,746.7004924327131,299.5424072595458,34.29585270267672,12.519665323219753,1.0009756140909871,2859.500308722092,7505.551954051208,7363.718361986418,GA_co2
12.545454545454547,129.09090909090907,620,rolled,748.3333625282596,299.77901081753305,26.71301985562612,9.035107541337739,1.0009995710823911,2305.3900438528494,4887.426892968041,4548.534556521671,GA_co2
12.545454545454547,129.09090909090907,620,welded,743.4959641031833,299.9994925570128,34.81949521792858,8.827038776640018,1.0009988874585962,2643.2346110073177,7865.729920367593,6391.9695533311715,GA_co2
12.545454545454547,129.09090909090907,690,rolled,749.759289081827,299.9885413984481,25.095853236004782,9.644349046879721,1.0009273446846423,2254.6428736363673,5428.052718279554,4156.208673261279,GA_co2
12.545454545454547,129.09090909090907,690,welded,740.7643583150242,299.93764559439217,33.06021889590903,9.322743066972317,1.0009991933386762,2572.49678931596,9041.545491096016,5924.21460388237,GA_co2
12.545454545454547,140.0,355,rolled,749.992542048165,299.9858503960617,34.99832300166463,19.157741931689362,1.000999978372103,3518.405628166678,5031.3200482783495,9031.747247503863,GA_co2
12.545454545454547,140.0,460,rolled,747.8368371399877,299.81556117794076,31.539173514405473,11.436653049966536,1.000999936433667,2765.406488770301,4431.563898254406,6501.470655098979,GA_co2
12.545454545454547,140.0,500,rolled,749.791243603472,299.7756342412045,29.63637835335892,12.073649265449802,1.0009933298151719,2699.473947382832,4729.478355814722,5996.611426716223,GA_co2
12.545454545454547,140.0,500,welded,750.0,299.99963072093453,34.99950080488201,24.98703264480687,1.000999886264482,3741.4111119305044,7847.9839483854275,9348.289804269556,GA_co2
12.545454545454547,140.0,550,rolled,749.960884760536,299.8776038931804,31.17951332240258,8.46967402875242,1.0009133004015727,2535.909875620561,4851.195592062134,5359.3919311364925,GA_co2
12.545454545454547,140.0,550,welded,750.0,300.0,35.0,19.35423830352401,1.0009970403279111,3364.22577462374,8975.930490124569,8759.849753944402,GA_co2
12.545454545454547,140.0,620,rolled,747.631686349145,299.7300237995562,29.04994486659991,9.022197549455038,1.0009991393632323,2444.0372750103497,5181.359023021941,4822.08554359542,GA_co2
12.545454545454547,140.0,620,welded,749.744112837773,299.99965732343327,34.57603520868569,13.324144487395587,1.0009999991502998,2936.127486667608,8823.975078608846,7146.53460610429,GA_co2
12.545454545454547,140.0,690,rolled,749.5468201533386,299.9998023217422,27.264508526866358,9.528936904758721,1.0009989468609468,2376.4203281028113,5721.2319399075195,4380.693232824721,GA_co2
12.545454545454547,140.0,690,welded,750.0,300.0,34.99995809887205,11.331686707186424,1.0009999959543028,2826.9720742325294,10034.610042231978,6552.278251189125,GA_co2
13.363636363636363,20.0,355,rolled,510.45656697468564,257.85289633323566,11.642084030393658,6.025531576137514,1.0009841456651818,984.6687857983455,1408.076363691634,2527.644773144353,GA_co2
13.363636363636363,20.0,355,welded,528.581229701146,280.595592436602,12.07405368459801,6.070141507630192,1.0009949355286851,1032.0333914828332,1754.4567655208161,2981.5444679939046,GA_co2
13.363636363636363,20.0,460,rolled,478.33836802470023,244.382856295958,12.113249180357146,6.000299442347281,1.0009998905222488,952.2831245903969,1526.033707156111,2238.817625912023,GA_co2
13.363636363636363,20.0,460,welded,480.91734947725104,263.29601777130193,13.059560839055901,6.0,1.0008104783457117,1007.6973376399372,1927.7250069051995,2665.359458057634,GA_co2
13.363636363636363,20.0,500,rolled,476.01421931416,239.22489440800058,12.331178465320743,6.000030409837776,1.0009885871361595,948.1664494035397,1661.1876193550015,2106.2569507050234,GA_co2
13.363636363636363,20.0,500,welded,484.4430991768767,255.37644716604635,13.247619422468603,6.001034925686087,1.000999994252806,998.1060173000454,2093.6271818885757,2493.867694825893,GA_co2
13.363636363636363,20.0,550,rolled,471.28490577868934,238.68250700300197,12.664683092218699,6.0000714998163325,1.000996746913474,960.6648260662586,1837.7518122647525,2030.269043408431,GA_co2
13.363636363636363,20.0,550,welded,454.6004453665021,254.67482304877913,13.615878731633954,6.000842069126703,1.0009999125538944,996.5737760154075,2460.1887062248197,2463.353540472265,GA_co2
13.363636363636363,20.0,620,rolled,481.53080937549294,234.45387983238587,13.179914937773743,6.001205133760219,1.0009475225487898,981.6260039708841,2081.0471284182745,1936.7481058345543,GA_co2
13.363636363636363,20.0,620,welded,468.4577390130381,242.7040538115065,13.979230113436255,6.005778987957751,1.0009998733825327,989.3729112272263,2781.744609442019,2305.7899137605914,GA_co2
13.363636363636363,20.0,690,rolled,478.29562890497823,227.03217239463675,13.780430507325558,6.222766600703989,1.0007439707274626,998.1793783103861,2403.1168532822544,1840.0438659773658,GA_co2
13.363636363636363,20.0,690,welded,462.61547665886616,234.2429485474815,14.70206746643367,6.00297017290059,1.0009811941352613,995.3622349351975,3307.6871351203276,2210.9789002948005,GA_co2
13.363636363636363,30.909090909090907,355,rolled,574.2835672599672,297.1687931612213,12.813215853700044,6.022946028977672,1.0009623480273664,1202.8253953475544,1720.0403153470027,3087.6527898571717,GA_co2
13.363636363636363,30.909090909090907,355,welded,599.2506970256643,299.94683149621676,14.87031358254542,6.00000034000989,1.000999912358564,1294.2774008136291,2200.2715813831696,3739.167410950575,GA_co2
13.363636363636363,30.909090909090907,460,rolled,537.7838957416803,271.7433758439557,13.656152321631383,6.0,0.9958871015829791,1154.8947475774,1850.7188329927835,2715.1575515544673,GA_co2
13.363636363636363,30.909090909090907,460,welded,553.372122719908,292.46502165998635,14.4415456985236,6.003069001526281,1.0009749013980829,1216.4560932190157,2327.0805063279768,3217.5263665642965,GA_co2
13.363636363636363,30.909090909090907,500,rolled,533.7996535733955,267.2236865244965,13.692846892855563,6.000036519214829,1.0009996409366553,1140.7780509126399,1998.6431451989454,2534.124362297338,GA_co2
13.363636363636363,30.909090909090907,500,welded,538.7987778508896,282.3687854164558,15.180101927562903,6.002317396133453,1.0009999973792738,1219.471657096216,2557.9637479250227,3046.9718824206057,GA_co2
13.363636363636363,30.909090909090907,550,rolled,515.5888904630098,257.9544558612594,15.599306562454007,6.000001454396448,1.0009994406269398,1206.5986354498996,2308.2231896156577,2550.0255561598183,GA_co2
13.363636363636363,30.909090909090907,550,welded,534.1678481248216,275.52769675190535,15.310916340117421,6.226989719970045,1.000964420902632,1214.03291296288,3010.407207984303,3009.7368761676566,GA_co2
13.363636363636363,30.909090909090907,620,rolled,540.3144820056197,256.5255491910711,14.83896889691162,6.675627264155463,1.0009993057833997,1214.0673283700257,2573.8227361444547,2395.354838874061,GA_co2
13.363636363636363,30.909090909090907,620,welded,503.91795004703016,270.27411162908265,16.014429569496947,6.408732311440948,1.0004379959206884,1225.367159266966,3466.0010863245952,2866.8589936462117,GA_co2
13.363636363636363,30.909090909090907,690,rolled,525.7744676476942,247.0551128625135,15.886459429502528,6.806642250854415,1.0009999986593137,1235.0162004156246,2973.3015025006157,2276.628863846162,GA_co2
13.363636363636363,30.909090909090907,690,welded,505.2125377606326,261.8906326821936,16.295563167036157,6.922294493190654,1.0009993990327752,1238.601179718209,4143.5025996803,2762.9999198835494,GA_co2
13.363636363636363,41.81818181818181,355,rolled,592.019875722314,297.79192206836285,17.205237904932748,6.001039370666739,1.0009969844775084,1497.3096664792615,2141.152823065344,3843.5939138522644,GA_co2
13.363636363636363,41.81818181818181,355,welded,596.2326401011932,299.20079927893715,20.74973949284175,6.001011142294508,1.0009478636290614,1651.7889094799013,2808.041146115832,4772.018159487436,GA_co2
13.363636363636363,41.81818181818181,460,rolled,573.7493678841684,298.63541678770144,14.70227065173597,6.1260068497260685,0.9955222541427186,1334.563365249072,2138.6377928116376,3137.558471700568,GA_co2
13.363636363636363,41.81818181818181,460,welded,590.6239207896423,299.02474901497476,17.666375771070047,6.274724985365123,1.0009998334499373,1473.8738817183603,2819.5207357272234,3898.3964171450634,GA_co2
13.363636363636363,41.81818181818181,500,rolled,566.2178974504365,289.4712267943535,15.42869143309589,6.275418027250301,1.000635745783974,1353.9539015093842,2372.1272354444413,3007.6731968129457,GA_co2
13.363636363636363,41.81818181818181,500,welded,581.4483298626382,292.8750575300947,17.760545677296513,6.464999873087877,1.0009805804254024,1461.5994903342018,3065.8510909250217,3651.9524865490366,GA_co2
13.363636363636363,41.81818181818181,550,rolled,568.9089052989713,284.79293169451796,15.228003105637521,7.123100673470722,1.0009998291299227,1377.8755689676009,2635.875963435021,2912.0022274561275,GA_co2
13.363636363636363,41.81818181818181,550,welded,562.709634278746,300.0,16.67744097126449,6.629288400002373,1.0009399533860666,1417.8594037550852,3530.2271550584233,3524.577867708057,GA_co2
13.363636363636363,41.81818181818181,620,rolled,564.8125891124412,276.3974667874691,16.379073536225942,6.939062695705744,1.00051577032476,1403.9941171450885,2976.4675283475876,2770.0803931272594,GA_co2
13.363636363636363,41.81818181818181,620,welded,547.1317916790038,290.33655263929796,17.22423410406939,6.78520228657955,1.0009997501779029,1414.1457471841006,4015.533417852448,3316.8363800064776,GA_co2
13.363636363636363,41.81818181818181,690,rolled,581.190476385307,267.6768638616227,16.310760639751027,7.624284968836082,1.0009589511591668,1422.5262161953099,3424.7318654902083,2622.2848269344345,GA_co2
13.363636363636363,41.81818181818181,690,welded,548.3030656069651,280.4354946017669,17.56060647664431,7.181833647738088,1.0009564195302838,1419.8642891217726,4769.015985826909,3175.501932883791,GA_co2
13.363636363636363,52.72727272727273,355,rolled,746.5836439427521,297.91530511301124,18.30387816092506,7.025107668909836,1.00099768236413,1750.6839121640635,2503.477994394611,4494.005602525151,GA_co2
13.363636363636363,52.72727272727273,355,welded,597.6661541158055,299.529128539756,26.32114389073804,6.001058143435466,1.0009970601861404,1997.2376192959541,3395.303952803122,5770.019482146011,GA_co2
13.363636363636363,52.72727272727273,460,rolled,580.0201682110003,299.07658414968967,18.266156139321843,7.092129779281054,0.999243256993167,1628.062720907512,2608.970510254288,3827.575456853561,GA_co2
13.363636363636363,52.72727272727273,460,welded,589.209951172069,297.5809714707284,22.68297944517067,6.167402319490451,1.000998371798412,1768.0770305561302,3382.331359453877,4676.563745820964,GA_co2
13.363636363636363,52.72727272727273,500,rolled,592.4398718516634,299.71172976619744,17.323324820745384,6.659906957977829,1.000993546726192,1552.986032652638,2720.8315292074217,3449.8031729345703,GA_co2
13.363636363636363,52.72727272727273,500,welded,596.8135878084969,298.7765482548611,21.11127403793965,6.530735131587435,1.0009992379208403,1703.3345128294307,3572.9144741110135,4255.951613755615,GA_co2
13.363636363636363,52.72727272727273,550,rolled,593.2363901132989,297.6355553194817,17.32407381533338,6.875724681059003,1.0009982687613452,1558.9739251886406,2982.3171188858687,3294.7354934936725,GA_co2
13.363636363636363,52.72727272727273,550,welded,572.0441253541703,299.82814695827307,20.77739990007756,6.55412308308364,1.0009993672706585,1671.778868436875,4201.06746460957,4181.350358861916,GA_co2
13.363636363636363,52.72727272727273,620,rolled,632.947553879927,291.5145651435108,16.425632348459544,7.8547636568275125,1.000999784499619,1574.0663209136835,3337.0206003370085,3105.632851162698,GA_co2
13.363636363636363,52.72727272727273,620,welded,586.3649009358614,299.0774052586245,19.092441934078067,7.191088832517584,1.0006294340840503,1611.5695582428343,4601.555896201956,3793.468601297943,GA_co2
13.363636363636363,52.72727272727273,690,rolled,614.7824769112513,285.71617926272916,16.881674746641377,8.006042624393631,1.0009984214135288,1574.9654129944538,3791.729231784148,2903.2912423139765,GA_co2
13.363636363636363,52.72727272727273,690,welded,588.9060164626958,300.0,18.675264154076967,8.117950164720275,0.9583977108640619,1645.1821570934233,5555.629570202733,3692.125183610586,GA_co2
13.363636363636363,63.63636363636363,355,rolled,730.089797446779,286.2321746430648,24.66797051492822,6.699020028404122,1.0009995786944121,2057.808956555512,2942.666807874382,5282.395591477998,GA_co2
13.363636363636363,63.63636363636363,355,welded,749.7183026348142,299.9946001201281,28.207940621232858,6.871988571406449,1.0009988449496838,2275.2564382278965,3867.9359449874246,6573.215850040393,GA_co2
13.363636363636363,63.63636363636363,460,rolled,708.409881445861,299.3779959503847,19.71025774975864,7.503776873270111,1.000935208877065,1852.893419037668,2969.261704007863,4356.152428157558,GA_co2
13.363636363636363,63.63636363636363,460,welded,583.0643178751671,299.6036574612175,27.413446492896217,6.001285119574134,1.0009983892302892,2055.755742279509,3932.6607349806995,5437.473938329301,GA_co2
13.363636363636363,63.63636363636363,500,rolled,675.319233239946,299.368270160643,19.77557723163105,7.434614946321392,1.0009999834612762,1824.8569635872564,3197.149400204873,4053.7372589127312,GA_co2
13.363636363636363,63.63636363636363,500,welded,594.9051829058224,298.92214067735523,25.580601363046533,6.407874046896391,1.0009999879684701,1969.8408197819228,4131.938103574562,4921.844272307112,GA_co2
13.363636363636363,63.63636363636363,550,rolled,648.1097867931253,298.6351185177287,19.67290887843768,7.501740271521243,1.0009999963252396,1797.295350899662,3438.226006271053,3798.4039945913455,GA_co2
13.363636363636363,63.63636363636363,550,welded,571.6620198648938,297.40798221908824,25.44089556695307,6.463730469058432,0.9994706159078875,1940.6117580427624,4927.569782990488,4887.461730797609,GA_co2
13.363636363636363,63.63636363636363,620,rolled,696.3519929544259,299.88148494823616,16.862491103134808,8.8922043056151,0.9998976414602471,1763.0255944180121,3737.6142601661863,3478.4494977867384,GA_co2
13.363636363636363,63.63636363636363,620,welded,583.185935326168,298.53182694295947,23.192910990534337,7.449747097439134,0.9993183741623942,1872.1967272857648,5402.356617893284,4437.200227713155,GA_co2
13.363636363636363,63.63636363636363,690,rolled,615.9025430546851,272.1993156694323,22.244866966881872,7.834761512534907,1.0009994628030745,1827.0496777022552,4398.62209906818,3367.983375876337,GA_co2
13.363636363636363,63.63636363636363,690,welded,598.035896299604,299.9968052008285,21.17774664750029,8.599967321236711,1.0006731958022503,1834.2922719476799,6242.622314552816,4137.139878863431,GA_co2
13.363636363636363,74.54545454545453,355,rolled,746.0923132631737,299.66600362689604,26.481768517224626,6.840656221937741,1.0009991319342426,2270.4982265849503,3246.8124640164788,5828.3689476435675,GA_co2
13.363636363636363,74.54545454545453,355,welded,750.0,300.0,33.21378603593189,6.918756025010513,0.9990631259357169,2586.709266360924,4397.405752813572,7473.00307051671,GA_co2
13.363636363636363,74.54545454545453,460,rolled,746.7126493827687,298.75749060133825,21.97188302797711,7.8818481926449175,1.000999916053123,2056.2370664000987,3295.1198989061577,4834.213343106633,GA_co2
13.363636363636363,74.54545454545453,460,welded,749.2814236868705,299.9761884216308,28.146398265034296,7.9699402778440716,1.0008510104507318,2350.8664376470465,4497.2074952187995,6218.0417275764385,GA_co2
13.363636363636363,74.54545454545453,500,rolled,728.7099908423398,299.78066649065715,21.30803843887471,8.021379371271554,1.0009984751044674,2013.416184794774,3527.5051557604443,4472.60271290311,GA_co2
13.363636363636363,74.54545454545453,500,welded,583.9788721728468,299.69389042095037,30.36503827040889,6.155244158681338,1.000997593305382,2247.1767378734876,4713.677925363428,5614.7957972506965,GA_co2
13.363636363636363,74.54545454545453,550,rolled,732.652114869257,299.8949472811094,19.99829250680166,8.506787693542325,1.0009718389036708,1970.2541939007774,3769.096272932187,4163.935213389902,GA_co2
13.363636363636363,74.54545454545453,550,welded,748.8821662927262,299.40947605740246,25.57595316235203,8.612564118920242,1.0009999241551417,2237.0487365862678,5709.606191527108,5653.457612855903,GA_co2
13.363636363636363,74.54545454545453,620,rolled,702.230255179037,300.0,19.711320832662487,8.691420974424707,0.9995854936813356,1937.2627070144642,4106.996938870663,3822.2193209395377,GA_co2
13.363636363636363,74.54545454545453,620,welded,595.4947126560496,298.681226472449,26.421076461552627,7.65911691700513,1.0009979199806767,2091.712549582295,6085.674538166317,4984.108433977321,GA_co2
13.363636363636363,74.54545454545453,690,rolled,666.581898138759,299.2886631784875,19.90974686587119,8.668613873884597,1.0009999995791428,1911.1739347187572,4601.151247835407,3523.058031260557,GA_co2
13.363636363636363,74.54545454545453,690,welded,599.3239214859615,299.6761686644974,25.75964783407095,7.801515200696311,1.0009960251219774,2067.9635041745964,7107.024240332444,4693.631633826115,GA_co2
13.363636363636363,85.45454545454545,355,rolled,749.987055422297,297.9368442782342,30.69865247537854,6.870099858159251,1.0009995554957054,2536.000206838074,3626.480295778446,6509.912530953336,GA_co2
13.363636363636363,85.45454545454545,355,welded,749.9788604167186,299.9981597029889,34.99999878280673,10.316437930733034,1.0009997260151864,2938.883026198736,4996.10114453785,8490.433062688147,GA_co2
13.363636363636363,85.45454545454545,460,rolled,741.7013590778562,298.71553800222955,25.573843972650153,7.754345305645335,1.0009997868707312,2272.7644021230462,3642.104954402181,5343.269109391283,GA_co2
13.363636363636363,85.45454545454545,460,welded,749.6477023358195,299.53477879982773,32.39195185172946,7.749171462941219,1.0009999670460734,2592.4178354163582,4959.2953191514935,6856.945174676269,GA_co2
13.363636363636363,85.45454545454545,500,rolled,745.3357667099991,299.94888653621274,23.92397992533162,8.150957461590785,1.000936806055993,2207.0859460958063,3866.8145775598528,4902.820720657223,GA_co2
13.363636363636363,85.45454545454545,500,welded,746.361888959644,299.2935461026719,31.052892092887927,8.051344176405706,1.000999886861715,2527.889215442312,5302.500418311794,6316.183993704162,GA_co2
13.363636363636363,85.45454545454545,550,rolled,749.9891384636501,299.81500792430967,22.45529261197496,8.659228743717387,1.0009985511077313,2155.664531150129,4123.786248090197,4555.781420132683,GA_co2
13.363636363636363,85.45454545454545,550,welded,749.8333657465538,299.8681430000374,29.226449188977163,8.536950261839982,1.0009999946126886,2457.9599466449067,6323.876539754178,6245.133088383929,GA_co2
13.363636363636363,85.45454545454545,620,rolled,694.455763786423,290.84364642311454,24.26059793466903,8.483805239354776,1.0009999850464566,2158.0614637217122,4575.09030309003,4257.855267922939,GA_co2
13.363636363636363,85.45454545454545,620,welded,589.3936307966105,299.5533087028302,32.112941797550114,7.083059795543049,0.9998628738966379,2408.489873049467,7092.804065922573,5784.580156117373,GA_co2
13.363636363636363,85.45454545454545,690,rolled,707.9753368197939,299.61542255915697,21.37651914507066,9.151916085636977,1.0009907145171004,2081.5584459672295,5011.351958666105,3837.1448392959906,GA_co2
13.363636363636363,85.45454545454545,690,welded,722.0381109677135,297.9217570658978,27.478196536437878,9.274475705610817,1.000999987300812,2366.598118636532,8200.106047821293,5399.878374038156,GA_co2
13.363636363636363,96.36363636363636,355,rolled,748.2606781251454,299.8725068089949,30.64008758962236,10.082547651002137,1.0009999818027084,2787.0925369301212,3985.542327810074,7154.466542299621,GA_co2
13.363636363636363,96.36363636363636,355,welded,749.9899990830634,299.9998961393764,34.99722571850446,23.768272906194458,1.0009999933470404,3898.320878097486,6627.145492765727,11262.249016823638,GA_co2
13.363636363636363,96.36363636363636,460,rolled,748.9174512799895,298.06923717365703,28.732877946433717,7.8786237519447235,1.0009097085107583,2486.792133303281,3985.0843936185074,5846.448305396013,GA_co2
13.363636363636363,96.36363636363636,460,welded,747.1445994631151,299.17268839491913,33.91378282113851,11.45102704465757,1.0009999509110985,2944.7789454148574,5633.362122578622,7788.940310622298,GA_co2
13.363636363636363,96.36363636363636,500,rolled,745.9737213752942,299.5893558028567,27.11703390456358,8.146481673105132,1.000557844937019,2410.4288288866187,4223.071308209356,5354.526600488734,GA_co2
13.363636363636363,96.36363636363636,500,welded,748.1363920716445,299.95003274146234,34.77634892547363,7.984925049420826,1.0003658374410647,2756.972643924572,5783.025817896181,6888.571848109935,GA_co2
13.363636363636363,96.36363636363636,550,rolled,749.9973476618547,298.0648726957853,25.686204231428317,8.560576640659407,1.000995153246009,2345.412801704474,4486.7746896606595,4956.795415122236,GA_co2
13.363636363636363,96.36363636363636,550,welded,749.0417516304691,299.9105582540966,32.94127015958468,8.442537799773692,1.0009325371151685,2677.8424083672735,6945.245488256946,6840.645908463427,GA_co2
13.363636363636363,96.36363636363636,620,rolled,686.2933631665401,299.13552500819577,26.297124940604963,8.25262297772706,0.9995728727778475,2309.0133345882637,4895.10826932712,4555.683309142642,GA_co2
13.363636363636363,96.36363636363636,620,welded,746.540505446862,299.8870564632562,31.094252607821137,8.96898028728014,1.0004191879518836,2600.31799790214,7673.368702365485,6253.6589972496295,GA_co2
13.363636363636363,96.36363636363636,690,rolled,716.9106979621756,299.9999927131725,23.717593560965895,9.230054983139945,1.0009991614270073,2248.140511375602,5412.398281136763,4144.2222186697845,GA_co2
13.363636363636363,96.36363636363636,690,welded,749.9242901642072,299.9999970528315,29.36942590849418,9.577670635434085,1.0009935658111524,2543.054223004968,8860.837690742099,5823.511528073928,GA_co2
13.363636363636363,107.27272727272727,355,rolled,749.8660922197292,299.35337961357004,34.38338446201656,9.996977567859103,1.000999998811584,3017.497876166712,4315.0219629183985,7745.917048119949,GA_co2
13.363636363636363,107.27272727272727,460,rolled,749.7193872637182,298.7421056266801,31.958283547318985,7.6751138752983294,1.0009972838831163,2683.0484954345725,4299.585213933902,6307.847012766681,GA_co2
13.363636363636363,107.27272727272727,460,welded,749.9983758240915,299.99945010370055,34.99999889754269,19.678023826478164,1.0009999989831406,3606.721617405829,6899.658454097351,9539.778678038418,GA_co2
13.363636363636363,107.27272727272727,500,rolled,748.5902891195731,299.25822295690455,30.189155565351733,8.07712791647114,1.000990384810202,2602.5618025962453,4559.688278148622,5781.3307882873,GA_co2
13.363636363636363,107.27272727272727,500,welded,749.974850533103,299.9985442874206,34.99999796385482,14.389457967549019,1.0009999038485125,3229.419971407859,6774.031332025125,8069.028740559677,GA_co2
13.363636363636363,107.27272727272727,550,rolled,748.0081603041157,299.9482792145722,28.398336737103328,8.458313966848614,1.0009961524293758,2520.5074888058557,4821.730826085602,5326.840526842295,GA_co2
13.363636363636363,107.27272727272727,550,welded,748.1835221531443,299.99783128784867,33.9347910516013,12.539646326672262,1.0009999805437442,3030.8626454719106,7949.40575930814,7801.078377487795,GA_co2
13.363636363636363,107.27272727272727,620,rolled,749.6983259857594,299.94055715439345,26.522735504838906,9.098006851422884,1.000999981300396,2450.6827030248237,5195.447330412626,4835.1969730679775,GA_co2
13.363636363636363,107.27272727272727,620,welded,749.9835993846882,297.67499838821806,34.77100612330372,8.913340867539182,1.0009992851344043,2807.867320635366,8356.380138956816,6790.484016925729,GA_co2
13.363636363636363,107.27272727272727,690,rolled,724.6323068175856,298.7219352447167,26.288468816447924,9.236830872345182,1.0009534943203988,2413.7721491041907,5811.15644896834,4449.547579658665,GA_co2
13.363636363636363,107.27272727272727,690,welded,749.194758892725,299.7544251878531,32.668339244129584,9.46077898758573,1.0009988257812574,2733.265761450263,9600.467374233669,6291.837754586488,GA_co2
13.363636363636363,118.18181818181817,355,rolled,750.0,300.0,35.0,17.934266995142007,1.0009540297275805,3656.454922083409,5228.730538579276,9386.11978498811,GA_co2
13.363636363636363,118.18181818181817,460,rolled,750.0,299.9999984247839,35.0,7.772626626201919,1.000999999989878,2895.32929345871,4639.765192767582,6806.919168921427,GA_co2
13.363636363636363,118.18181818181817,500,rolled,749.9544111239286,299.49183861953384,33.203922910390986,7.968023392651364,1.0009282817130631,2790.6580256997736,4889.232861026003,6199.167738289478,GA_co2
13.363636363636363,118.18181818181817,550,rolled,749.5493346648813,299.9951732470787,31.218807616863195,8.420588832542256,1.0008604329412734,2700.527490012996,5166.109088394862,5707.294797393465,GA_co2
13.363636363636363,118.18181818181817,550,welded,749.9960436281648,299.9999557112335,34.99998812949431,20.585649336707036,1.000999999670176,3671.4650563866103,9821.613324613389,9577.026303595918,GA_co2
13.363636363636363,118.18181818181817,620,rolled,745.3354481802231,299.3301758891669,29.484679657981776,8.914988766260027,1.0009998572641312,2618.288149336988,5550.770876594415,5165.882518641877,GA_co2
13.363636363636363,118.18181818181817,620,welded,749.999668086108,299.9995469363638,34.99964727408354,13.374914407204383,1.0009998327679321,3157.071185303713,9498.370867786454,7689.861349228056,GA_co2
13.363636363636363,118.18181818181817,690,rolled,749.8218129805056,299.99048949548245,27.69743030862772,9.552948882572244,1.000975572755712,2561.1756973677006,6166.030491412739,4721.271280527619,GA_co2
13.363636363636363,118.18181818181817,690,welded,732.5790045204784,299.99965581072325,34.08573367481234,13.731295725786689,1.0009999761744635,3102.5092478721435,11053.38675512526,7208.262828325163,GA_co2
13.363636363636363,129.09090909090907,460,rolled,749.7943183221075,299.83914834631,34.40606177745457,11.394302213898397,1.0009998350881368,3127.359729843863,5011.593967074791,7352.422724862922,GA_co2
13.363636363636363,129.09090909090907,500,rolled,749.346982955178,295.384188573163,33.4646014572019,11.951451238622383,1.0009999986613143,3076.0107328121194,5389.170803886833,6833.050241868842,GA_co2
13.363636363636363,129.09090909090907,550,rolled,738.2411162403276,298.7715341789682,34.84364930799511,8.172090110974196,1.0008672255011506,2895.1835836379832,5538.486195499462,6118.680985660513,GA_co2
13.363636363636363,129.09090909090907,620,rolled,741.3532149667346,299.55747893458613,32.26740547482545,8.790678323014196,1.000999927512865,2784.7600867932815,5903.691384001757,5494.331651243145,GA_co2
13.363636363636363,129.09090909090907,620,welded,749.999401168433,299.99985908822913,34.99999993288871,24.49553959734249,1.0009999994567027,3950.384421136339,12189.953446178655,9784.976425667497,GA_co2
13.363636363636363,129.09090909090907,690,rolled,749.695340173815,299.9981108241534,30.173306132908497,9.491158759538825,1.0009999951895463,2714.816054767308,6535.919651852295,5004.491915358055,GA_co2
13.363636363636363,129.09090909090907,690,welded,750.0,299.99746561681053,34.99914015869214,19.048341147097805,1.0009999985615716,3561.7413072279733,12885.638878204363,8358.783476946888,GA_co2
13.363636363636363,140.0,460,rolled,749.9058428526885,299.999774445708,34.99991443209536,18.63908642747244,1.0009999771713243,3709.0468421305873,5943.747564514266,8719.969125849011,GA_co2
13.363636363636363,140.0,500,rolled,749.9999766647608,299.99982657292463,34.99984088970442,13.127151842290862,1.0009999999719525,3296.3816994342824,5775.260737408862,7322.582307123314,GA_co2
13.363636363636363,140.0,550,rolled,733.169815920032,299.99269086764974,34.274490844137425,12.126779343036201,1.0009946747903822,3152.916484524567,6031.529234895497,6663.37369839422,GA_co2
13.363636363636363,140.0,620,rolled,749.9871317635896,299.99752141187275,34.423862867987374,8.84979730296618,1.000999042296544,2939.0264527459576,6230.736079821431,5798.699191267773,GA_co2
13.363636363636363,140.0,690,rolled,749.7019360921623,299.95197674969467,32.61823692138647,9.4312675581468,1.000999034596766,2866.448044920069,6900.973668145068,5284.010326005655,GA_co2
14.181818181818182,20.0,355,rolled,540.9947769677933,271.84458477626214,11.827569385464146,6.001165749860054,1.000483456230639,1114.5997939565934,1593.8777053579288,2861.177671086575,GA_co2
14.181818181818182,20.0,355,welded,569.0158254923724,290.15466956938354,12.475904746521973,6.000001709795732,1.0009607168623547,1169.41162698284,1987.9997658708282,3378.4301903534247,GA_co2
14.181818181818182,20.0,460,rolled,502.96696073872675,256.37605192035244,12.567470891073427,6.0000391978253145,1.0009999986519087,1088.397581351924,1744.1571241164581,2558.8227137583726,GA_co2
14.181818181818182,20.0,460,welded,518.9571782476872,271.39972292257266,13.625952441847893,6.0,1.0009990899070758,1151.835500919631,2203.461313259254,3046.6048999324244,GA_co2
14.181818181818182,20.0,500,rolled,497.68878975347184,251.00876704995892,13.047061993828407,6.000070319901909,0.9915983447549919,1096.3986074918419,1920.8903603257068,2435.5398666823776,GA_co2
14.181818181818182,20.0,500,welded,517.5577063369715,263.55235690511824,13.981441642097861,6.000698347808502,1.0000058410351695,1147.5163997831478,2407.0304001851305,2867.184476498173,GA_co2
14.181818181818182,20.0,550,rolled,491.6221393882568,246.30388018421894,13.605894437453646,6.0,1.00094506237232,1109.1839942968363,2121.8689810898477,2344.1494535469337,GA_co2
14.181818181818182,20.0,550,welded,506.7494217325814,258.73873350902903,14.49332883841779,6.0,0.9841088283100551,1154.0794808448884,2854.8220378354245,2856.5240104584927,GA_co2
14.181818181818182,20.0,620,rolled,487.6852079753578,243.88318167981015,14.051682436444635,6.000130460378442,1.0009999559051967,1123.52190673558,2381.8664422794295,2216.7087219892996,GA_co2
14.181818181818182,20.0,620,welded,487.33154419381805,252.75086060650102,14.863788351866216,6.018618092734292,1.0009999826468674,1143.0877421440293,3221.0503530278197,2667.8323257596207,GA_co2
14.181818181818182,20.0,690,rolled,489.24304392152743,240.33504026367953,14.363912701525917,6.3347422528929,1.000999632430738,1148.0764940796053,2763.99415949665,2116.3642091863444,GA_co2
14.181818181818182,20.0,690,welded,485.3391642014293,248.4563831547923,14.94156105816,6.316438474341674,1.0008796162640152,1146.839292257939,3816.6653057026806,2549.839757642134,GA_co2
14.181818181818182,30.909090909090907,355,rolled,591.6856261040824,299.98976998255074,14.395036238918747,6.0,1.000996972594817,1404.3719000119909,2008.2518170171472,3605.02266733078,GA_co2
14.181818181818182,30.909090909090907,355,welded,589.9614933502228,299.4298258692735,17.984987465683368,6.0,1.0008932488298894,1569.0947242657596,2667.4610312517916,4533.11465840378,GA_co2
14.181818181818182,30.909090909090907,460,rolled,555.3745868950105,285.80926935184766,14.250190784811553,6.000014317894498,1.0009999681905737,1321.707697209959,2118.036584778959,3107.3347961406134,GA_co2
14.181818181818182,30.909090909090907,460,welded,563.1370335087802,299.5784274059571,16.157036451828834,6.00218277474496,1.0009999843820294,1432.414127281344,2740.208225489211,3788.735366659155,GA_co2
14.181818181818182,30.909090909090907,500,rolled,550.8268953453058,279.17379544426853,14.90419710694288,6.103556634255713,1.0004219005643145,1344.4858798717937,2355.5392615353826,2986.6409335472035,GA_co2
14.181818181818182,30.909090909090907,500,welded,576.3470378603597,297.83085402258456,15.197877789919273,6.459679191930829,1.0009997684149097,1400.4374173712922,2937.5575266780224,3499.132931043911,GA_co2
14.181818181818182,30.909090909090907,550,rolled,545.2577556334275,273.2956921401512,15.564237923343578,6.386746744547991,1.000998035479988,1378.2802249881968,2636.6500704024206,2912.8574274900548,GA_co2
14.181818181818182,30.909090909090907,550,welded,547.3722869128968,295.55705928926596,15.922482010481236,6.525036976867939,0.9766848180530336,1422.2992863620577,3534.266683078438,3530.9709797534824,GA_co2
14.181818181818182,30.909090909090907,620,rolled,554.7854416333589,272.5663252809671,15.317422372497466,6.860082056106175,1.0008835028252072,1396.3813572847803,2960.3284774437343,2755.0604179228717,GA_co2
14.181818181818182,30.909090909090907,620,welded,559.9627471052196,281.10874191792124,15.930248937515735,6.921971551246857,1.0009999700025471,1404.0343168207041,3975.5482253717432,3287.0995323210122,GA_co2
14.181818181818182,30.909090909090907,690,rolled,538.1821302618065,261.21765983883483,16.73113175261016,6.984926519715123,1.0009998338188033,1433.860050501887,3452.018071583293,2643.177617095178,GA_co2
14.181818181818182,30.909090909090907,690,welded,538.5547870789271,270.1826883208989,17.215873100332864,7.115283364761842,1.0009957006860843,1434.9907373918165,4814.606137586575,3207.1097371146443,GA_co2
14.181818181818182,41.81818181818181,355,rolled,593.8394335589795,300.0,19.97216725871969,6.0232914298802545,0.9955085399179566,1790.7604737449196,2560.787477455235,4596.882136103209,GA_co2
14.181818181818182,41.81818181818181,355,welded,594.3989851690902,299.4532294875548,24.460365823897398,6.002023935947357,0.9974915434159826,1995.3682068662451,3392.1259516726163,5764.618749636583,GA_co2
14.181818181818182,41.81818181818181,460,rolled,589.3976103839484,296.85556445129725,17.136042461280045,6.233396172769724,0.9931350121311341,1593.7484629449514,2553.981911869284,3746.902636383581,GA_co2
14.181818181818182,41.81818181818181,460,welded,573.2498864557856,299.81824113257886,21.500612953356285,6.00000108985268,1.0008803756997127,1789.4795313265968,3423.2743434277795,4733.173360358848,GA_co2
14.181818181818182,41.81818181818181,500,rolled,581.9405848945412,291.4295841568365,17.62984747666746,6.398182167274246,1.0009864584761365,1610.0324149503563,2820.7767909930244,3576.5260065707216,GA_co2
14.181818181818182,41.81818181818181,500,welded,591.0892520339693,297.43831770252757,20.16149805214982,6.501746825023556,1.0005361866185254,1733.8718283148787,3636.969547073289,4332.252150227556,GA_co2
14.181818181818182,41.81818181818181,550,rolled,595.1617233459813,297.1817917211059,16.96997408970591,6.928269449704272,1.0009972764399149,1633.545351467598,3124.972257357515,3452.3347457916216,GA_co2
14.181818181818182,41.81818181818181,550,welded,580.3435146326038,299.51988316659015,19.308828730967132,6.758980133968337,0.9999507335513148,1695.3218295572924,4247.931198870235,4232.093542481153,GA_co2
14.181818181818182,41.81818181818181,620,rolled,597.6167174901282,287.2782030620823,17.139574343396927,7.370347106396856,1.0009996964285244,1636.4694886952186,3469.3153160338634,3228.7543011956664,GA_co2
14.181818181818182,41.81818181818181,620,welded,575.5775488157946,299.3556161274584,18.40239008720958,7.062255128219605,1.0009713008611743,1650.1672468260097,4702.3890195951,3879.316177057722,GA_co2
14.181818181818182,41.81818181818181,690,rolled,584.6222859647122,277.35612399119265,18.08221706138221,7.5373730218182295,1.0009999945132364,1655.7233941151073,3986.1540713321215,3052.1605047117887,GA_co2
14.181818181818182,41.81818181818181,690,welded,575.6145552124084,293.4473611097866,18.29797328294945,7.467284980833707,1.000791270841327,1643.6346864789743,5535.470724566158,3682.2905516152596,GA_co2
14.181818181818182,52.72727272727273,355,rolled,749.9465668962691,292.68905240985106,22.23168456385963,6.950122270563334,1.0009998680315595,2094.3991640441136,2994.9908045830825,5376.322654101239,GA_co2
14.181818181818182,52.72727272727273,355,welded,747.8544355872078,299.0552887850307,27.602609250914988,6.8981135581571245,1.0009998351217906,2369.8665730937555,4028.773174259384,6846.544529667858,GA_co2
14.181818181818182,52.72727272727273,460,rolled,749.9850676676222,298.5014855811527,18.117631610488473,8.01283792237355,1.0009999933760665,1932.8878743625742,3097.4528186660255,4544.219392626412,GA_co2
14.181818181818182,52.72727272727273,460,welded,580.2420310430497,295.51130101093753,27.305543884580928,6.000134394399918,1.0009986703892948,2147.7313004389807,4108.609977739769,5680.749289661104,GA_co2
14.181818181818182,52.72727272727273,500,rolled,599.0244862669275,300.0,21.20341148436109,6.575795454768642,0.9878083523489125,1914.980866778352,3355.0464785956733,4253.93849746143,GA_co2
14.181818181818182,52.72727272727273,500,welded,572.2061737496207,299.87242625303486,25.755553861952787,6.790831793374903,0.9979538480306476,2113.29371859533,4432.844904125564,5280.275685282291,GA_co2
14.181818181818182,52.72727272727273,550,rolled,663.12354332084,296.5127621432709,19.173866425108056,7.716607130146196,1.0009964099926354,1892.7115620685706,3620.7572182371755,4000.056615275717,GA_co2
14.181818181818182,52.72727272727273,550,welded,581.4958849427909,299.99072621788554,24.09721790685007,6.5813991635398335,1.0009790460268266,2000.3009953738672,5065.054163231831,5028.471081264312,GA_co2
14.181818181818182,52.72727272727273,620,rolled,628.4185567663404,292.9698448887669,19.646177572647538,7.745977615521449,1.0009460106987202,1879.0457490848428,3983.576988059867,3707.357262944395,GA_co2
14.181818181818182,52.72727272727273,620,welded,584.7098585408119,299.9624006778578,22.61083398456104,7.1109022353635405,1.0009962230450775,1937.211201625751,5577.582255387834,4584.676885917316,GA_co2
14.181818181818182,52.72727272727273,690,rolled,638.7124559867794,292.70675742974765,18.58171175185772,8.265146202174142,1.0009960841190877,1852.7496286955895,4460.494731084632,3415.3586655374493,GA_co2
14.181818181818182,52.72727272727273,690,welded,580.310889489142,291.8789156352811,23.575928359022544,7.7107683489771155,1.0009988538946748,1989.8301191232047,6798.500461447251,4499.25223854458,GA_co2
14.181818181818182,63.63636363636363,355,rolled,748.3508646110832,299.81817784261796,26.134236567293847,6.900020747752772,1.00099434125026,2393.282802749569,3422.394407931884,6143.556954658142,GA_co2
14.181818181818182,63.63636363636363,355,welded,749.0754687037435,299.9614983864824,33.1486211886088,6.778799181405745,1.0009999967685492,2729.1921703930097,4639.626689668116,7884.636180265404,GA_co2
14.181818181818182,63.63636363636363,460,rolled,719.3542510307271,299.75038037594635,22.950120174794126,7.572451426221446,1.0009997615114357,2204.416699003553,3532.5777601531927,5182.583659357354,GA_co2
14.181818181818182,63.63636363636363,460,welded,591.2050491079219,299.29419977937437,31.5519605902448,6.000097309667403,1.000997760307763,2455.3559249924874,4697.095884510628,6494.416421605129,GA_co2
14.181818181818182,63.63636363636363,500,rolled,666.8305886850424,298.8686858656431,23.841229714984166,7.235715490965792,1.0009999723258394,2189.5082495488978,3836.0184532096687,4863.773625547921,GA_co2
14.181818181818182,63.63636363636363,500,welded,594.15435957868,299.1771668890207,29.87656887960933,6.475142919320455,1.0009998511983296,2375.401012314751,4982.641163431421,5935.176969369637,GA_co2
14.181818181818182,63.63636363636363,550,rolled,712.2983109377121,299.712871275837,21.027412995324045,8.231261566805424,1.0009982068944063,2118.2672344321327,4052.2452194686693,4476.74597324887,GA_co2
14.181818181818182,63.63636363636363,550,welded,749.7964638894423,299.9640902964387,25.83688627797437,8.740995775747873,1.0009998963784168,2404.9544976134243,6143.526357146551,6081.346445386635,GA_co2
14.181818181818182,63.63636363636363,620,rolled,680.9218261609344,298.55227810459945,20.997477476324487,8.360575245649773,1.0009996725442187,2089.998094316099,4430.79595995013,4123.566240085663,GA_co2
14.181818181818182,63.63636363636363,620,welded,585.3866857830074,296.54760473059906,28.703564536714072,6.955236422335832,1.0009999527636229,2304.0480800921437,6728.684468519397,5503.537130418214,GA_co2
14.181818181818182,63.63636363636363,690,rolled,653.7310026245458,298.57829603508867,20.903599689391065,8.579722537994435,1.000999754394075,2072.858348109837,4990.406473074433,3821.1070789056735,GA_co2
14.181818181818182,63.63636363636363,690,welded,597.5358675470537,299.2277059953085,26.693909611861198,7.673196068769671,1.0009996685206854,2243.2967957555315,7725.576251558928,5098.391018932768,GA_co2
14.181818181818182,74.54545454545453,355,rolled,747.4419439615328,299.49764836346105,30.92523432301355,6.81877552472349,1.0009996740601264,2711.8112947350633,3877.89015147114,6961.219593584907,GA_co2
14.181818181818182,74.54545454545453,355,welded,749.9986988429791,299.99096915015633,34.99999780945225,12.821946044924687,1.0009960311395179,3308.454306586482,5624.372321197019,9558.124491728346,GA_co2
14.181818181818182,74.54545454545453,460,rolled,737.8715174054868,299.8155312923544,26.220685964844215,7.674805773728034,1.0009999361014619,2452.812021827139,3930.6312649779898,5766.561063315603,GA_co2
14.181818181818182,74.54545454545453,460,welded,590.1594363887594,299.5889643054054,34.41648832755369,8.95560633496704,0.9955910744573504,2815.510671658357,5386.071914882435,7447.025726536354,GA_co2
14.181818181818182,74.54545454545453,500,rolled,701.9145962018566,299.56768480266743,26.329276587399765,7.687611881701603,1.0009999125754458,2427.4166812496815,4252.834025549442,5392.263415728043,GA_co2
14.181818181818182,74.54545454545453,500,welded,749.7994906657013,299.86739997251897,31.71756970072633,8.132379943352772,1.0009987248588665,2739.0857537812885,5745.50627713163,6843.8796643979285,GA_co2
14.181818181818182,74.54545454545453,550,rolled,742.7827632253479,299.58002618242244,23.58705405975062,8.568087641363958,1.0009985919847553,2348.6802998601993,4493.025413632561,4963.700945724545,GA_co2
14.181818181818182,74.54545454545453,550,welded,749.8021910930152,299.99255762613325,30.184237241843093,8.610515852960054,1.0009997639761627,2677.028258554663,6903.34770024058,6812.228782145475,GA_co2
14.181818181818182,74.54545454545453,620,rolled,677.2303083291082,298.5013243270218,24.689307203022786,8.163146967097967,0.9985787736448917,2322.0719157440276,4922.792461377339,4581.447889762968,GA_co2
14.181818181818182,74.54545454545453,620,welded,596.0436129247113,298.46616896393334,32.92845355312161,6.9908328542615745,1.0006876777124039,2600.88401089748,7672.441315253735,6253.63289350555,GA_co2
14.181818181818182,74.54545454545453,690,rolled,672.8755931069478,300.0,23.467955101283664,8.58703409426721,1.0009916718592313,2274.252016591895,5475.261729944987,4192.356167385499,GA_co2
14.181818181818182,74.54545454545453,690,welded,749.8864046864051,297.35309759973995,27.682708770722243,9.614394342459251,1.0009999958167766,2576.166200183177,8938.641811268075,5883.331879802071,GA_co2
14.181818181818182,85.45454545454545,355,rolled,742.7517331571868,297.4237820468096,32.38209937152617,9.943930772891227,1.0009999741652533,3039.7341533552744,4346.819839298043,7802.997571662988,GA_co2
14.181818181818182,85.45454545454545,460,rolled,736.6732701308741,298.7984466392402,30.28935993377194,7.616310411765739,1.0009996532491099,2717.7973099394862,4355.270189178026,6389.541475667732,GA_co2
14.181818181818182,85.45454545454545,460,welded,749.9991737728545,299.99831563043614,34.99867577656941,12.072428565967323,1.0009991161689737,3251.687169628629,6220.477555499567,8600.712563667723,GA_co2
14.181818181818182,85.45454545454545,500,rolled,743.0910488439041,299.9071150865051,28.386760020123678,8.024999118806386,1.0009997825762582,2634.1373309216156,4615.008603774671,5851.472666909277,GA_co2
14.181818181818182,85.45454545454545,500,welded,748.2340008739441,299.95181807374513,33.71415391611672,11.965101573151404,1.000999994652183,3158.48306454431,6625.234076188143,7891.785785070413,GA_co2
14.181818181818182,85.45454545454545,550,rolled,735.5888999674505,299.9994131100602,27.21238211992037,8.358741147491521,1.0009999524212132,2574.1231850558916,4924.2976530119195,5440.1519392971195,GA_co2
14.181818181818182,85.45454545454545,550,welded,749.9908702016055,299.74713666378346,34.47026444834681,8.402430794813942,1.0009999999277375,2937.615511600123,7644.099389007628,7520.865895841587,GA_co2
14.181818181818182,85.45454545454545,620,rolled,738.6277471754953,300.0,25.563534006850787,9.138422820170625,1.000314461168054,2527.3330329450814,5357.946029843572,4986.428074000646,GA_co2
14.181818181818182,85.45454545454545,620,welded,745.5003554954457,299.58901550839215,32.769432258927075,8.922671857221099,1.0009999950741344,2861.3109817876684,8475.879814366495,6898.607338414849,GA_co2
14.181818181818182,85.45454545454545,690,rolled,748.8709741568017,299.99984345230774,24.116470478629555,9.711438344972365,1.0007009062779073,2486.8043140890404,5986.981386169366,4584.175072591737,GA_co2
14.181818181818182,85.45454545454545,690,welded,749.9320027418233,298.09953642853714,31.37755109579734,9.509796416402411,1.0009911288897737,2810.142978953294,9839.653002909437,6455.6659558488955,GA_co2
14.181818181818182,96.36363636363636,355,rolled,750.0,300.0,35.0,12.281902135126792,1.0009529675100595,3431.0261810217144,4906.367438861052,8807.444206682738,GA_co2
14.181818181818182,96.36363636363636,460,rolled,749.0518102583869,299.8432774610551,33.390051283565285,7.636031714106123,1.0005146116052936,2949.625429208354,4726.7747503063865,6934.569384068839,GA_co2
14.181818181818182,96.36363636363636,500,rolled,744.5977239425821,299.73260272591244,31.925922554683034,7.9327176559037795,1.0009992946081967,2868.4113958867692,5025.45676559362,6371.889074822869,GA_co2
14.181818181818182,96.36363636363636,500,welded,749.9867939308433,299.99926008548107,34.999274576359404,21.795921178154227,1.0009999990078686,3987.796695541079,8364.802348566967,9963.90882347894,GA_co2
14.181818181818182,96.36363636363636,550,rolled,749.9489046483109,300.0,30.012970727509586,8.492045183546184,1.000724618658287,2789.8582687780254,5336.998868172363,5896.086465235478,GA_co2
14.181818181818182,96.36363636363636,550,welded,749.9861013042914,299.9997936661356,34.99981263006403,16.432329953312177,1.0009999998573076,3581.8030686531524,9496.357466002519,9286.610912734186,GA_co2
14.181818181818182,96.36363636363636,620,rolled,725.0625672501624,299.0251831421064,29.38435672218195,8.689156658960409,1.0009999606105553,2730.969307925754,5789.654932802598,5388.202444537512,GA_co2
14.181818181818182,96.36363636363636,620,welded,740.2106302351831,299.84039171742273,34.479109835012416,13.141192334627556,1.000999944403104,3283.878078680391,9862.696651144723,7989.553803577337,GA_co2
14.181818181818182,96.36363636363636,690,rolled,749.8704357489762,299.97897096738984,27.04052781713164,9.540266973237673,1.0009930796664461,2672.328315864377,6433.630420443489,4926.170017464393,GA_co2
14.181818181818182,96.36363636363636,690,welded,749.0812267853686,300.0,34.739373128504276,9.399586942367728,1.000999905702859,3031.620481298045,10702.277194195629,7001.577300031643,GA_co2
14.181818181818182,107.27272727272727,355,rolled,749.9969050690805,299.9928888680384,34.99986641472935,23.48665355662768,1.0009999477099703,4321.590475393104,6179.874379812138,11093.522750334098,GA_co2
14.181818181818182,107.27272727272727,460,rolled,749.5933228871855,299.68407719092545,33.59781062690944,11.390369106028922,1.0009957278124457,3262.527042683561,5228.199585900407,7670.201077349051,GA_co2
14.181818181818182,107.27272727272727,500,rolled,749.9986183663991,299.999869185926,35.0,8.659581702934451,1.0009999642023697,3143.093891042395,5506.700497106276,6982.068769561576,GA_co2
14.181818181818182,107.27272727272727,550,rolled,748.0628830006382,299.6185069922897,33.437191569748016,8.343463621455268,1.0009202848169525,3006.536391224217,5751.504116411927,6354.01400921326,GA_co2
14.181818181818182,107.27272727272727,620,rolled,743.711751068504,299.9191276987299,31.59283674444649,8.863951603575932,1.000999893294678,2920.3235929038974,6191.086016956264,5761.79844879939,GA_co2
14.181818181818182,107.27272727272727,620,welded,749.9796544785889,299.9999741844144,34.999807392173274,23.19137095357246,1.0009999999392898,4093.45394020122,12594.38570284035,10119.56946807523,GA_co2
14.181818181818182,107.27272727272727,690,rolled,749.9279450809398,299.5692881727226,29.976213695994577,9.515729100006595,1.0009932785216513,2866.8779307303657,6902.008618233356,5284.802777508356,GA_co2
14.181818181818182,107.27272727272727,690,welded,749.9926127103334,300.0,34.999928528561696,17.91957456109283,1.0009999995393868,3694.4109089597,13328.77848061993,8654.444997817822,GA_co2
14.181818181818182,118.18181818181817,460,rolled,749.9939875130005,299.9973183785472,34.99989064185024,17.683854306144333,1.0009991184459945,3860.373198394186,6186.248050426683,9075.737389424732,GA_co2
14.181818181818182,118.18181818181817,500,rolled,749.9931637774195,299.99908135441365,34.99984724077357,12.357035386056817,1.0009991064329993,3436.970684165832,6021.5726386585375,7634.88667780598,GA_co2
14.181818181818182,118.18181818181817,550,rolled,716.7493871192835,299.99977922377684,34.950843961580595,11.795668937202583,1.0009707506193692,3343.2155416904584,6395.571331253847,7065.551725808615,GA_co2
14.181818181818182,118.18181818181817,620,rolled,749.9640586241383,299.82407143093724,34.3538540899587,8.84760150336913,1.0009990580776664,3112.609793308598,6598.732761814228,6141.179122197865,GA_co2
14.181818181818182,118.18181818181817,690,rolled,737.6689622232485,299.5956724041888,33.265342303773785,9.199386604500699,1.0009993992826174,3051.6680155658028,7346.890747474671,5625.444819894,GA_co2
14.181818181818182,129.09090909090907,500,rolled,749.9990411726457,299.9999880920983,34.99988876532661,22.782982743572685,1.0009999999903083,4265.722779638432,7473.5463099265335,9475.876582688814,GA_co2
14.181818181818182,129.09090909090907,550,rolled,749.9994452838068,299.9999236878333,34.999809489876505,17.645710360622978,1.0009999996068903,3857.368469466447,7379.145882089313,8152.16252337039,GA_co2
14.181818181818182,129.09090909090907,620,rolled,738.8832988837711,299.94032512004765,34.876777932415884,12.993641375038385,1.000999999695526,3461.9612270013363,7339.3578012428325,6830.449500873637,GA_co2
14.181818181818182,129.09090909090907,690,rolled,749.98111419041,300.0,34.999993812723154,12.25226735503376,1.0009966380186672,3428.6431166066195,8254.458303230436,6320.360721152641,GA_co2
14.181818181818182,140.0,620,rolled,749.9999053489636,299.9999968796626,34.99978835526902,21.293696778223534,1.0009999999841062,4147.3387128252,8792.358071189423,8182.699280404119,GA_co2
14.181818181818182,140.0,690,rolled,749.9998634063335,299.99999923422496,34.999999993787966,16.089968505173193,1.0009999996693202,3733.7202507819716,8988.931503757598,6882.739910291486,GA_co2
15.0,20.0,355,rolled,551.1549939362203,284.8718872983996,12.555389833404272,6.000033731207735,1.0009994501773223,1274.657896036164,1822.7607913317142,3272.0468191248324,GA_co2
15.0,20.0,355,welded,595.4232468017718,298.95967516903147,13.268820851865998,6.000475626977291,1.0009476935927608,1336.1409190307504,2271.4395623522755,3860.1111150798374,GA_co2
15.0,20.0,460,rolled,527.8363763474065,267.9247547015412,13.033037105439277,6.000001287495191,1.000999840504315,1235.6787969689376,1980.1752721427224,2905.080851673972,GA_co2
15.0,20.0,460,welded,545.3048120999927,283.0895619996258,14.149031953947505,6.0103554717704,1.000209070897281,1309.177570683552,2504.4566927176343,3462.7746744579954,GA_co2
15.0,20.0,500,rolled,521.9745703674672,263.01666904978543,13.295517141613352,6.000045256820067,1.0009990559569313,1232.1971528430802,2158.8094117810765,2737.202755325618,GA_co2
15.0,20.0,500,welded,532.1812620916277,277.60135545932536,14.528053355319242,6.000127369985279,1.000999478695112,1305.2386880580427,2737.868672070551,3261.269385981826,GA_co2
15.0,20.0,550,rolled,508.72009582711934,254.43348506705425,14.727132876120741,6.001687354064882,1.0009938164437346,1282.1895132272696,2452.8285388037666,2709.7793172545116,GA_co2
15.0,20.0,550,welded,514.6966433844184,274.0538835473615,14.830224517983414,6.0,1.0008042817690408,1299.8161580313706,3217.8414915784347,3218.9086826871285,GA_co2
15.0,20.0,620,rolled,526.3535161129889,254.63002715389024,14.57566075909491,6.492784018815322,1.0009992127702472,1316.8665056220627,2791.7569919187727,2598.1776155923294,GA_co2
15.0,20.0,620,welded,502.49901452279863,255.27089782539505,16.707957652557646,6.146009885610252,1.000997704564213,1343.8925328372889,3805.271980993179,3146.305384911567,GA_co2
15.0,20.0,690,rolled,514.2568743248482,239.85260363257666,16.296663016829775,6.6833334523370835,1.0009991195719807,1364.5515065172453,3285.157751940268,2515.41424711389,GA_co2
15.0,20.0,690,welded,503.07279147047865,258.8147123185462,15.748162075085116,6.560777654586791,1.0009929759746445,1324.1718048367507,4419.125162290551,2949.3541467350647,GA_co2
15.0,30.909090909090907,355,rolled,598.691595116589,299.72917732826943,16.62922700044797,6.0000111156124865,1.0009998999176855,1651.9372282589168,2362.270236410251,4240.522864940638,GA_co2
15.0,30.909090909090907,355,welded,594.5902743186289,299.9958127408367,20.759681775491455,6.000372080276409,1.0008467657120705,1857.4198761763432,3157.6137894997837,5366.0860222734555,GA_co2
15.0,30.909090909090907,460,rolled,588.2376565184105,299.99902550480135,14.523030952445119,6.456943978611443,0.9927742785126042,1523.7653077662826,2441.833905695468,3582.37223855853,GA_co2
15.0,30.909090909090907,460,welded,565.2911518217758,298.45691245678086,19.038195124091857,6.0000172816960875,1.0009999971333476,1710.608362198454,3272.3937968856426,4524.55911801491,GA_co2
15.0,30.909090909090907,500,rolled,578.9113136556963,291.2852200443569,15.06961299118409,6.821715392602347,1.0009999868128208,1548.2726098490098,2712.573612455465,3439.33277551859,GA_co2
15.0,30.909090909090907,500,welded,546.5905334481184,299.0334881242839,18.808273976870595,6.000000226347169,1.0009999066545945,1684.113672835286,3532.596840139296,4207.926422946245,GA_co2
15.0,30.909090909090907,550,rolled,576.4750385704641,289.4432625770612,15.385163112983852,6.699429165767058,1.0009995715510664,1553.1557482598453,2971.1869464210836,3282.439358372357,GA_co2
15.0,30.909090909090907,550,welded,573.9362658640842,299.973425345412,16.97884957735763,6.970847480370275,1.000997480985926,1642.6732076008175,4096.037911012545,4087.443457651169,GA_co2
15.0,30.909090909090907,620,rolled,578.0660795280487,283.02291918319816,16.175779583374812,7.136414578596466,1.0009985234926557,1613.553173327383,3420.7327274540517,3183.540410974927,GA_co2
15.0,30.909090909090907,620,welded,572.7209419989271,293.06020774018594,16.985718112633087,7.05955455068293,1.0009996461089359,1620.1231546228069,4600.818800123113,3800.165348714656,GA_co2
15.0,30.909090909090907,690,rolled,571.2752991539854,278.20667696349125,16.389842545518913,7.397304918044035,1.00099259816405,1620.0151788778883,3900.186543148516,2986.335980743499,GA_co2
15.0,30.909090909090907,690,welded,563.2437834332098,287.21520968695336,17.2802302254778,7.410396536052999,1.0009877450701228,1630.1360586101268,5474.526708868961,3645.453081805668,GA_co2
15.0,41.81818181818181,355,rolled,703.02043069878,299.9215363584188,21.095297770511937,6.541790489886381,1.0009993002310682,2098.9788236554487,3001.5397178272915,5388.078640323536,GA_co2
15.0,41.81818181818181,355,welded,598.2541760373709,299.2371839354378,28.058676906104424,6.002725011440528,0.9994763127275663,2360.4985937772385,4012.847609421305,6819.480437422442,GA_co2
15.0,41.81818181818181,460,rolled,597.7498559728933,299.94816806411603,19.513343317553282,6.363560754371715,1.0009969387101842,1886.8877710032098,3023.7376530326437,4436.073149628548,GA_co2
15.0,41.81818181818181,460,welded,579.4662831476696,296.85708104939556,25.143918444057736,6.000190018485074,1.0009986617859008,2131.683792926761,4077.911095868893,5638.303632291282,GA_co2
15.0,41.81818181818181,500,rolled,659.1775379107612,298.37899581546736,18.72469514659951,7.269754546786476,1.000999655202197,1940.3573427962958,3399.5060645791104,4310.309801287692,GA_co2
15.0,41.81818181818181,500,welded,587.9489493225386,297.4572484426743,23.64268601888548,6.614912498725354,1.0009886310307934,2077.324176997518,4357.395193669993,5190.402188645999,GA_co2
15.0,41.81818181818181,550,rolled,652.021865593257,298.7920852665485,18.080480125061058,7.568000488120115,1.000674188537393,1912.1088759004845,3657.864279597627,4041.050898328084,GA_co2
15.0,41.81818181818181,550,welded,588.0162534997227,298.48239235327685,22.475693399234025,6.76354405955675,1.000999795198028,2012.3758335155048,5079.002074966371,5047.818668592776,GA_co2
15.0,41.81818181818181,620,rolled,654.0438373227845,298.499295658296,17.19700029287867,8.08373968193442,1.000998945190064,1888.646011123107,4003.9295435809872,3726.29857994589,GA_co2
15.0,41.81818181818181,620,welded,577.5058659544968,297.1609788789141,21.879032899976796,7.000576314935894,1.0009988000561807,1971.103428266316,5663.646935413675,4658.736465204924,GA_co2
15.0,41.81818181818181,690,rolled,611.736406360355,299.43327378826154,18.12615658516254,8.063228581681852,0.9887529774637851,1915.8135812153375,4612.321196775924,3531.6107556123525,GA_co2
15.0,41.81818181818181,690,welded,591.0073486653403,298.00833439284025,20.445809180537058,7.607193183140748,1.0009994768482575,1927.6710860786375,6531.032442294989,4335.231975478629,GA_co2
15.0,52.72727272727273,355,rolled,747.3700397568311,299.57234468576854,25.082581521346672,6.867986947147086,1.0009461789699103,2450.0612214221446,3503.587546633667,6289.307155390646,GA_co2
15.0,52.72727272727273,355,welded,749.7073076338698,297.0138298791775,32.38810942275421,6.789025775307483,1.0009995552932134,2812.9824620226755,4782.070185438549,8126.7063327835085,GA_co2
15.0,52.72727272727273,460,rolled,667.3816985893415,298.54080641869194,24.234896261354578,6.951907268431984,1.000972963140818,2321.0256609397134,3719.4436216558906,5456.731328869266,GA_co2
15.0,52.72727272727273,460,welded,589.3516226758304,299.4473917982,30.407775202334026,6.000096298944068,1.000971372033288,2517.768801783873,4816.491717812549,6659.498480718345,GA_co2
15.0,52.72727272727273,500,rolled,749.999303930717,299.9360612264672,20.380213028432056,8.31228385313597,1.000999989542323,2240.4248159912063,3925.224277616594,4976.879686242864,GA_co2
15.0,52.72727272727273,500,welded,582.8780106275864,299.0066602532022,29.421654146214262,6.166060432404402,1.0009809161122283,2452.2345039337097,5143.80709545135,6127.153131528766,GA_co2
15.0,52.72727272727273,550,rolled,691.1357839942051,299.2458804334167,21.32542951922887,7.982057413624047,1.000999963511712,2217.9748731762766,4242.9859323862165,4687.468096970743,GA_co2
15.0,52.72727272727273,550,welded,585.4545660773758,298.8112974540121,27.973137533304737,6.535170006982571,1.0009994708059413,2375.9366261481455,6068.4504522955685,6007.341552461978,GA_co2
15.0,52.72727272727273,620,rolled,662.9274140331205,292.8270660894812,22.012889088198925,8.2392363754659,1.0009999971770258,2224.3890085907583,4715.704698212407,4388.719513949566,GA_co2
15.0,52.72727272727273,620,welded,598.1025391706381,299.9963960730217,26.06434705347659,8.50692759071528,0.9882815620819829,2388.3209339116756,6956.771270506691,5695.209634523773,GA_co2
15.0,52.72727272727273,690,rolled,642.5021647005673,299.97874124234187,20.825852552396324,8.246153348332964,1.0009997661711536,2157.3916735270996,5193.920454016493,3976.935810979855,GA_co2
15.0,52.72727272727273,690,welded,588.5711707345283,295.82163415846253,27.3453646286777,8.215059174564315,1.0000610151793898,2421.4769778102795,8364.741259744102,5514.225303270734,GA_co2
15.0,63.63636363636363,355,rolled,749.9560869085036,298.7185581054817,30.423930964538528,6.777938171513319,1.0009848763928817,2824.7606162201528,4039.4076811948185,7251.160501837132,GA_co2
15.0,63.63636363636363,355,welded,749.9848007336504,299.9997723512385,35.0,11.970166370425973,1.0009999492945714,3431.177921715392,5833.002466916167,9912.673015835766,GA_co2
15.0,63.63636363636363,460,rolled,743.7383063058554,299.99284183542295,25.91707192215321,7.748334081773246,1.0005725733872122,2585.3808841301257,4143.072866818526,6078.2304585899265,GA_co2
15.0,63.63636363636363,460,welded,588.9231569750048,296.7399155962327,34.49107892069946,8.765324999402699,1.0009999992181184,2946.95415806055,5637.523304369832,7794.6937480701545,GA_co2
15.0,63.63636363636363,500,rolled,731.2966504163498,298.93015200277466,25.396649979041193,7.954495275471323,1.0002014220495148,2546.525678639278,4461.512988976016,5656.852142529292,GA_co2
15.0,63.63636363636363,500,welded,592.5856321343614,297.51261782390804,34.74478114574412,6.264225507625557,1.0009970587128314,2820.2082698932318,5915.668866928043,7046.5723831552295,GA_co2
15.0,63.63636363636363,550,rolled,727.492989838125,299.83114233688434,24.244296060583178,8.317478351925239,1.0009988548391802,2495.7458758137896,4774.36186043178,5274.509333944863,GA_co2
15.0,63.63636363636363,550,welded,749.9037607310676,299.6754977796836,30.377155752495383,8.527366255991174,1.000990472530886,2835.797777464583,7314.559158930853,7217.432136463398,GA_co2
15.0,63.63636363636363,620,rolled,680.678288082586,299.08299940651204,24.64885214159569,8.238514156315516,1.0008409350986618,2466.0418172895334,5228.008652653811,4865.50050551225,GA_co2
15.0,63.63636363636363,620,welded,741.0046632227153,299.9898799551609,29.096457004709983,8.954476734062345,1.0008666314342127,2775.5449739777073,8151.699534901852,6654.37598992594,GA_co2
15.0,63.63636363636363,690,rolled,700.4611322180684,299.98431518004594,22.949553410403837,8.981839391590556,1.0009999935284437,2429.2522393823283,5848.424766312957,4478.083578077384,GA_co2
15.0,63.63636363636363,690,welded,749.9878278908475,299.7843130213494,27.58739554579293,9.601947041254709,1.0009989513772897,2733.224165809472,9480.989826238541,6240.904752264334,GA_co2
15.0,74.54545454545453,355,rolled,749.6550306569635,299.60544051845994,31.994404210174203,10.094305754479352,0.9999386832175966,3226.0386229827413,4613.23523086532,8281.241145196696,GA_co2
15.0,74.54545454545453,460,rolled,738.2943820145757,297.5610705520899,30.87337188057328,7.563894175211236,1.0009999785558448,2904.339076502007,4654.203370094466,6828.101168856219,GA_co2
15.0,74.54545454545453,460,welded,749.9999490730698,299.99999687625655,34.999999889942735,14.803107978684034,1.0009999997383088,3658.0347339449045,6997.820446036601,9675.501871284272,GA_co2
15.0,74.54545454545453,500,rolled,745.4807107176055,281.96235450222065,32.01326193264641,7.991187743724279,0.9998623446516695,2905.3202449862565,5090.121069215921,6453.878392212469,GA_co2
15.0,74.54545454545453,500,welded,745.4442872086206,299.9369878998316,34.61664661402485,11.886705210298363,1.0009999712195627,3391.617562532142,7114.256999167422,8474.295641742809,GA_co2
15.0,74.54545454545453,550,rolled,749.4361350009278,299.9032678805635,27.40864737278227,8.503198338956803,1.000979417857951,2762.849024050337,5285.3301830082955,5839.005127427982,GA_co2
15.0,74.54545454545453,550,welded,749.9999972368882,300.0,35.0,9.338211428747837,1.000998997939585,3220.460586061592,8407.195449458553,8262.938571259057,GA_co2
15.0,74.54545454545453,620,rolled,720.2184337023612,299.89378407377484,27.004491160523244,8.684184161001927,1.0009999958132427,2717.854376508289,5761.851278197572,5362.326684850855,GA_co2
15.0,74.54545454545453,620,welded,749.3323550560888,299.5402524027258,33.45531216777634,8.939256180722335,1.0009994620546927,3078.310929185563,9133.688597226805,7429.806248227644,GA_co2
15.0,74.54545454545453,690,rolled,707.8317049047914,298.7194419947917,26.533438297908297,8.979280165781523,1.0009999544424326,2686.8190091302376,6468.516764481047,4952.882161430679,GA_co2
15.0,74.54545454545453,690,welded,749.1764569724509,299.8443588391365,31.983337163616472,9.469093504442956,1.0009841373116788,3022.4496199360315,10598.135347282752,6949.82318645894,GA_co2
15.0,85.45454545454545,355,rolled,749.9354418312869,299.99999087529864,34.9989889472663,14.887185651563202,1.0009998890827216,3847.8151167091637,5502.3756168941045,9877.341404592422,GA_co2
15.0,85.45454545454545,460,rolled,748.4430567702614,299.9952665257684,34.30785595198651,7.597032176760305,1.000857290700403,3183.5492813803726,5101.637723412046,7484.524360525256,GA_co2
15.0,85.45454545454545,500,rolled,749.4435538248283,299.8245791769158,32.729750685160276,7.972006535874812,1.0009331902308336,3100.7163345873014,5432.455018196952,6887.9312656522325,GA_co2
15.0,85.45454545454545,550,rolled,749.8352136597216,299.9669492062134,31.165295739580998,8.40921776570493,1.000642102217598,3026.459734056425,5789.617471249941,6396.120001954848,GA_co2
15.0,85.45454545454545,550,welded,749.9996349431274,299.9996865253293,34.99991048357745,21.63330435974828,1.0009999964330507,4204.9192980784055,11273.954093938675,10985.2818004188,GA_co2
15.0,85.45454545454545,620,rolled,708.1818783163015,295.8478749907444,31.778884552896947,8.408126282082488,1.0009999921605353,2994.9344455900964,6349.261024651004,5909.00566114926,GA_co2
15.0,85.45454545454545,620,welded,749.9768760643237,299.99914845633697,34.99920232458261,15.430802826731515,1.0009923463677202,3708.1918909352694,11209.358095140251,9060.502203960476,GA_co2
15.0,85.45454545454545,690,rolled,701.0184332317571,299.9215996067018,30.037640678505873,8.777376097013182,1.0009808398005413,2923.2446925226295,7037.711597248231,5388.709266196214,GA_co2
15.0,85.45454545454545,690,welded,729.0458766728151,299.454941982071,34.96555882366029,13.62976534278996,1.0009999234547182,3523.6449971528764,12578.016213085315,8197.041170977736,GA_co2
15.0,96.36363636363636,460,rolled,749.9999472728814,299.9999983629899,34.9996761448127,11.642655491674622,1.0009999807741052,3575.203114384142,5729.262990800587,8405.302521917118,GA_co2
15.0,96.36363636363636,500,rolled,741.0313028797783,299.9832910918983,33.996782522585235,11.717011222113271,1.000999999566284,3496.830033660323,6126.446218972885,7767.858236773042,GA_co2
15.0,96.36363636363636,550,rolled,748.156364026007,299.99772270991537,34.90291464777391,8.285313093276995,1.000992400534443,3284.051410143552,6282.390347604614,6940.514250197382,GA_co2
15.0,96.36363636363636,620,rolled,749.9998213006645,299.999985545543,32.97733388966486,8.874090224313871,1.0009999998957142,3196.8550002998195,6777.332600635618,6307.394915591543,GA_co2
15.0,96.36363636363636,690,rolled,747.3575874529873,299.99167593092295,31.71381948933413,9.383734576885109,1.0009794566143975,3146.0279990306085,7574.06240766619,5799.388013413023,GA_co2
15.0,107.27272727272727,460,rolled,749.9997313191398,299.9997337453611,34.99999949229872,24.014330294496673,1.0009999999929788,4615.353161299843,7396.103440982998,10850.69528221593,GA_co2
15.0,107.27272727272727,500,rolled,749.9999616135437,299.99981048994,35.0,19.824635745275856,1.0009999999991914,4263.112279104117,7468.972712990413,9470.077616801886,GA_co2
15.0,107.27272727272727,550,rolled,749.9974483448964,299.9999857944651,34.9998843552879,14.61407415261162,1.0009999998110046,3825.0309689654237,7317.284243630855,8083.8204498115265,GA_co2
15.0,107.27272727272727,620,rolled,733.2373128604189,299.5569530908449,34.56029401648223,12.878633907221737,1.0009998577218953,3617.44395081439,7668.981175726508,7137.216914956792,GA_co2
15.0,107.27272727272727,690,rolled,749.1934802398006,299.9252829483382,34.82825490908252,9.303823084152278,1.0009974372356465,3364.6758913144427,8100.457208339521,6202.443538049043,GA_co2
15.0,118.18181818181817,620,rolled,749.9529764393837,300.0,34.99974325407666,20.951532827628544,1.0009876543956366,4357.71666967307,9238.359339706909,8597.774989264966,GA_co2
15.0,118.18181818181817,690,rolled,749.9876044070118,299.9999134716975,34.99999506238186,16.175529311156456,1.0009999999917965,3956.2949781649827,9524.780159932197,7293.03416274933,GA_co2
