span_m,load_kNm,grade,section_type,h,b,tf,tw,util,mass,cost,co2,governing
6.0,20.0,355,rolled,250.11605146522834,125.47865021305653,8.000000001533492,6.0,1.0009999999168862,168.7580023099868,241.32394330328114,433.2017919297361,GA_cost
6.0,20.0,355,welded,265.79868832828356,138.0158657690052,8.18750133236517,6.000000044992405,0.9998912311182758,176.9336130919573,300.7871422563275,511.1612082226646,GA_cost
6.0,20.0,460,rolled,256.80849351583,121.58252434154068,8.000164455500684,6.0004335427750535,1.0009999258808997,167.66796737484748,268.68791771819303,394.18739129826645,GA_cost
6.0,20.0,460,welded,250.07060860641442,138.31077250132654,8.000033919840758,6.0,1.000999950810211,170.37977491503582,325.9365094124636,450.65450465026976,GA_cost
6.0,20.0,500,rolled,250.0003879315594,120.0,8.194771528653462,6.000000000776154,0.9952543275961959,166.58472823639767,291.8564438701687,370.05131530433374,GA_cost
6.0,20.0,500,welded,252.23397664546786,133.85836354652673,8.002746932328877,6.000031950991983,1.000892073122435,167.6688248282148,351.7021269596634,418.93732571577755,GA_cost
6.0,20.0,550,rolled,250.00013765933886,122.76733254501504,8.000081311298825,6.000021953719851,1.0009999998159418,166.57938890395053,318.66637097325736,352.04888050960903,GA_cost
6.0,20.0,550,welded,250.00307619051742,130.9558047961575,8.006663801845196,6.003362629999932,1.0009999996750603,164.9330616165542,401.8532122545476,404.17133731669105,GA_cost
6.0,20.0,620,rolled,250.0,120.0,8.0,6.0,0.9973738693832656,164.38842,348.5034504,324.33835266,GA_cost
6.0,20.0,620,welded,250.00000350340406,127.34513264616866,8.000096764375233,6.000000009894572,1.0009999995713776,162.09679914692296,449.02406312586214,374.18086472317106,GA_cost
6.0,20.0,690,rolled,250.0,120.0,8.0,6.0,0.9614782660824716,164.38842,395.76512115,303.033613428,GA_cost
6.0,20.0,690,welded,250.00001406986812,125.00000937982372,8.00000100138953,6.000000597071463,0.9958725665148546,160.32842885072085,523.2859005820451,352.08671395341605,GA_cost
6.0,30.909090909090907,355,rolled,288.4877152662101,145.34119790131402,8.664552898692595,6.000001333388901,1.000996012726102,205.01990684379967,293.1784667866335,526.2861008680337,GA_cost
6.0,30.909090909090907,355,welded,323.28740073338054,171.27212173707517,8.00191141605489,6.004998920120112,1.00098864114102,216.01219817847354,367.220736903405,624.05924053761,GA_cost
6.0,30.909090909090907,460,rolled,287.041863603607,144.82095288485135,8.0,6.008536281194792,1.0009908639775527,195.13459930317552,312.70319538333877,458.7614429617656,GA_cost
6.0,30.909090909090907,460,welded,297.3808657573104,161.22143633858175,8.0,6.000419684141751,1.0009999727276815,201.0202691779759,384.5517749374679,531.6986119757464,GA_cost
6.0,30.909090909090907,500,rolled,277.7003407827395,143.34749938090346,8.000001968387792,6.000302121680052,1.000964519904821,191.08628834787135,334.7831771854706,424.4790809359614,GA_cost
6.0,30.909090909090907,500,welded,300.19783704579004,154.91664390537622,8.000265689171464,6.0,1.0007419143841314,197.06321867007495,413.35980748234925,492.38215816904926,GA_cost
6.0,30.909090909090907,550,rolled,279.8575556587542,140.3199887776697,8.000037604457829,6.000293496627239,1.0009999615700624,189.33118266656015,362.19055244112957,400.13252144750817,GA_cost
6.0,30.909090909090907,550,welded,295.00124723219204,151.6040132539426,8.000015802029697,6.001572854740202,1.0009997336486187,193.1154224119279,470.50912253563604,473.22651093351374,GA_cost
6.0,30.909090909090907,620,rolled,286.16683709854414,139.9121605228813,8.000000343056321,6.000000730692025,1.000887605587576,190.87631425751377,404.65778622592927,376.59896803007473,GA_cost
6.0,30.909090909090907,620,welded,286.0275895382122,147.2652475920989,8.201449062162473,6.0,1.0004134515799907,189.96960759372953,526.4998810806796,438.66361661681975,GA_cost
6.0,30.909090909090907,690,rolled,286.2352312314712,136.60540362290777,8.000352139144832,6.006591167521027,1.0009999983472595,188.37266025816368,453.50717957152915,347.2461619198989,GA_cost
6.0,30.909090909090907,690,welded,274.8143829808032,143.69860737269664,8.528738421157318,6.011301397876134,1.0009981185864238,188.42779454438403,615.8970346583943,414.17703237552513,GA_cost
6.0,41.81818181818181,355,rolled,395.43636487654663,147.11014292402587,8.740630742089067,6.000028784051295,1.000998282653467,239.33313899885005,342.24638876835553,614.3681678100481,GA_cost
6.0,41.81818181818181,355,welded,370.00597722237285,188.85292281007517,8.172810751511287,6.000000621415728,0.9999235585753649,245.338283328732,417.0750816588444,708.7823005367065,GA_cost
6.0,41.81818181818181,460,rolled,310.3925951760842,164.8286728062941,8.327494104041046,6.000056950688157,1.0009999992066676,222.9264228405671,357.2395926020087,524.1000200981733,GA_cost
6.0,41.81818181818181,460,welded,336.0502020763098,172.12621955202601,8.63517443712994,6.0000000314789,1.0009999994255754,230.10040849108157,440.182081443439,608.6155804589108,GA_cost
6.0,41.81818181818181,500,rolled,316.8388245869219,158.6988127817467,8.000008889850632,6.000671956147453,1.000999924872653,214.85323261720634,376.42286354534554,477.2749709358621,GA_cost
6.0,41.81818181818181,500,welded,331.1787748037299,169.03567729897802,8.568818170693346,6.0,0.9953048582144439,225.1906953407695,472.3600025467981,562.6614713784467,GA_cost
6.0,41.81818181818181,550,rolled,304.70386013052547,153.5232729487731,8.397364109731962,6.017628311886154,1.0008555874137004,213.19614247434276,407.84422055341776,450.568727505276,GA_cost
6.0,41.81818181818181,550,welded,314.2630423476399,165.560200823036,8.822846102874479,6.002451716455719,1.0008785470751105,221.4574019503194,540.6090533265262,543.3712897540574,GA_cost
6.0,41.81818181818181,620,rolled,352.97715366399007,145.68547614411685,8.025073155429764,6.000690044169043,1.0009999955308184,215.62715038416238,457.1295588144243,425.4323677079524,GA_cost
6.0,41.81818181818181,620,welded,296.8894146102889,162.19848364651025,9.076125498283035,6.000007900980507,1.0009801319255849,217.44622948551523,603.9708720066822,502.8153759238012,GA_cost
6.0,41.81818181818181,690,rolled,311.5542862918327,147.10206975984676,8.625436161018246,6.001121181887671,1.000999910847145,212.8439084965314,512.4217097053994,392.3564609225059,GA_cost
6.0,41.81818181818181,690,welded,299.29963879354796,154.1834068100314,9.309015183146157,6.000988401811014,1.0009887624627427,214.5385418995099,702.7028768416941,472.1921987084688,GA_cost
6.0,52.72727272727273,355,rolled,423.54898462271683,157.10200673233555,9.437667010935717,6.000002920343435,0.9954236450487924,266.73039611231815,381.42446644061494,684.6969268203206,GA_cost
6.0,52.72727272727273,355,welded,394.5261886981269,204.67471407736687,8.738961246749525,6.0028903517531065,1.0009876287503057,275.09547167214663,467.66230184264924,794.7508176608317,GA_cost
6.0,52.72727272727273,460,rolled,402.0306850586134,169.42449487148917,8.113869793898248,6.000312045984983,1.0009971226333125,250.45568070188477,401.35522832477034,588.8213053301312,GA_cost
6.0,52.72727272727273,460,welded,366.4020722669818,184.5777476673467,8.96846621436756,6.000128365377021,1.000995998790703,254.4150848251197,486.69605727045393,672.9278993624416,GA_cost
6.0,52.72727272727273,500,rolled,331.9369779632634,170.62545670818218,8.78891486654719,6.0000146068094775,1.000990125547743,241.606700700169,423.294939626696,536.7051249353555,GA_cost
6.0,52.72727272727273,500,welded,348.56406843529277,180.92803477951819,9.259915695744713,6.02499722395152,1.0001857973351773,251.47972580478324,527.5038728481134,628.3472428958314,GA_cost
6.0,52.72727272727273,550,rolled,324.90712525878126,164.98490743856445,8.80282555440799,6.000430422885279,1.0009744587820342,234.84240038450702,449.25351193556185,496.3159289726171,GA_cost
6.0,52.72727272727273,550,welded,334.0545439857803,174.56017512706856,9.675908721474265,6.002538873501495,1.0003321794260285,248.07909080145927,606.8113238559879,609.4949294150227,GA_cost
6.0,52.72727272727273,620,rolled,377.18471996670945,153.9086612071769,8.56433752457154,6.001379488710503,1.0009997837755178,237.2398093887824,502.94839590421867,468.07414392406764,GA_cost
6.0,52.72727272727273,620,welded,326.7234272214047,170.18515601534654,9.558282517758029,6.000515553641726,1.000999573097906,240.17021764440807,667.8925199774352,555.7911270897976,GA_cost
6.0,52.72727272727273,690,rolled,352.35363602466373,152.6998429611405,8.91651356596181,6.000614058632488,1.0009997998636977,233.94339147592964,563.2187149783007,431.2512478467287,GA_cost
6.0,52.72727272727273,690,welded,316.7637497676393,164.99574606395362,9.823438483283603,6.035848024382226,1.0008589533835104,237.1486607349878,777.9117135657004,522.4467930405585,GA_cost
6.0,63.63636363636363,355,rolled,420.6024064508294,173.23245248592693,10.211370408193924,6.000252989463326,1.0009619042760391,293.71624756897177,420.0142340236296,753.9696075095505,GA_cost
6.0,63.63636363636363,355,welded,576.7941959730945,188.65648972221416,8.074420851832796,6.000615059218141,1.0009861034199643,301.9487150708049,513.3128156203684,872.3298378395554,GA_cost
6.0,63.63636363636363,460,rolled,366.65645755710455,185.62559078651506,9.139320170628274,6.018443967685866,1.0009999955840687,271.4919159282962,435.0657952750947,638.2774943474244,GA_cost
6.0,63.63636363636363,460,welded,381.0648347784071,193.89304214710398,9.802178293032346,6.000046149859457,1.0009631247767292,281.1836035395432,537.904233571146,743.7306313620918,GA_cost
6.0,63.63636363636363,500,rolled,485.71455077550826,160.90940161258044,8.014346113350273,6.001804939074293,1.0009999135605805,266.96452807574656,467.721853188708,593.0350026674632,GA_cost
6.0,63.63636363636363,500,welded,355.32695100743905,194.263647247737,9.994075397664767,6.003054569454445,1.0001747739910858,277.70292785107256,582.5096614604099,693.8685355286899,GA_cost
6.0,63.63636363636363,550,rolled,344.11126610246157,174.65233331297614,9.256706300153537,6.0,1.0009911555311726,256.52297764518346,490.72845623523597,542.1356609553306,GA_cost
6.0,63.63636363636363,550,welded,357.9820435287698,182.0978796707469,10.190748214080458,6.0000032931031955,1.0009999846261157,270.21419205462274,661.7493088941007,664.4037487617932,GA_cost
6.0,63.63636363636363,620,rolled,393.61014285353014,162.73858142637852,9.005734873131184,6.000270581935942,0.9995228335689599,256.41698942442923,543.60401757979,505.91072013439884,GA_cost
6.0,63.63636363636363,620,welded,340.40558538604415,179.15336638615338,10.227488530731055,6.001307377772795,1.000560688507602,263.03936746478087,732.7124342999097,609.3669499317672,GA_cost
6.0,63.63636363636363,690,rolled,356.5723513083676,161.81714337354356,9.623097057624909,6.005814104793959,1.0009973965499164,254.21266338823585,612.0169871071779,468.6156236898739,GA_cost
6.0,63.63636363636363,690,welded,333.18985850426975,173.4364412087035,10.354891513877286,6.000393926037782,1.0009989109379007,257.48791029280125,845.7587320752538,567.7357516124227,GA_cost
6.0,74.54545454545453,355,rolled,568.0086626091173,187.91661471935495,8.000001091111505,6.000002016163906,1.000997836146796,312.49226402435477,446.8639375548273,802.1676417505187,GA_cost
6.0,74.54545454545453,355,welded,577.3764270111778,201.89499589339877,8.777865705239716,6.00337044037883,0.9981079635633703,325.23611336826804,552.9013927260557,939.6071315209263,GA_cost
6.0,74.54545454545453,460,rolled,468.3826498532611,182.03234595684864,8.803552320099165,6.001068277588913,1.0009763854237432,292.2888118163184,468.3928209356502,687.1709965801647,GA_cost
6.0,74.54545454545453,460,welded,545.0509609072094,184.17232085039248,9.01268667128514,6.000000010489502,1.0009999498394406,305.2988263971269,584.0366548977037,807.5153958204006,GA_cost
6.0,74.54545454545453,500,rolled,478.21629679134696,168.42227807097947,9.111503452453476,6.002463422693715,1.000875041182007,288.33517366054286,505.1632242532711,640.5077547695297,GA_cost
6.0,74.54545454545453,500,welded,371.3121839758387,204.29665370300697,10.448328988095664,6.0009632002357405,1.0009998081350397,300.1187495955245,629.5290891515722,749.8767077393775,GA_cost
6.0,74.54545454545453,550,rolled,362.4916989154527,182.96566934463098,9.67234262181805,6.0,1.0004061751028472,276.863697320287,529.6402529737089,585.1237379166944,GA_cost
6.0,74.54545454545453,550,welded,492.64145301704434,178.9375119330187,9.615849138644583,6.000000308655912,1.0009997386378982,295.86952607501746,723.6023131205048,726.8388315622992,GA_cost
6.0,74.54545454545453,620,rolled,402.12554637118126,171.46121001699888,9.492010839108255,6.003449459608506,1.000999937871197,274.7321245768923,582.4321041030117,542.0464817902085,GA_cost
6.0,74.54545454545453,620,welded,350.2809457662092,189.73605562173663,10.66141502225387,6.002664771030251,1.0009984939178127,283.5577766030337,790.7241263240957,657.3580511568877,GA_cost
6.0,74.54545454545453,690,rolled,425.25221360996807,160.80375558856477,9.376307395888766,6.006440246329511,1.0009999970850973,269.8811987964293,649.7389861024036,497.4990018613377,GA_cost
6.0,74.54545454545453,690,welded,347.6630884958584,181.44858374193635,10.783225042012221,6.000133963712185,1.0009983612385935,276.4687734986743,909.150315708618,610.032324805902,GA_cost
6.0,85.45454545454545,355,rolled,608.9506847270294,189.5227660319929,8.436093436941388,6.000072266607512,1.0009999457458263,333.8300183700286,477.37692626914094,856.9416571558635,GA_cost
6.0,85.45454545454545,355,welded,616.5232703092339,206.24841995551628,9.070251217510199,6.0001964421458345,1.0009979296735203,345.3308000172583,587.0623600293391,997.6606812498592,GA_cost
6.0,85.45454545454545,460,rolled,521.9861243988194,183.3253607241537,8.77662520704693,6.000197689164032,1.000985128120693,308.8293105971016,494.89897023185523,726.0577092137859,GA_cost
6.0,85.45454545454545,460,welded,423.68146843972363,212.30222980423028,10.466251737891373,6.0,0.9975259472488852,323.13006588993244,618.1478160474406,854.6790242788713,GA_cost
6.0,85.45454545454545,500,rolled,526.8896418878853,173.93186964924686,8.823839450261477,6.0105970924267815,1.000999869677612,303.1760659942785,531.1644676219759,673.4753129996901,GA_cost
6.0,85.45454545454545,500,welded,395.68400017524147,207.36707050069936,11.011303018235553,6.004427810126698,0.999815886309857,320.7691883767552,672.8454495390818,801.4738940781607,GA_cost
6.0,85.45454545454545,550,rolled,495.1986912014677,171.41930679302084,9.205944040722175,6.012349081358108,0.9994966173788019,297.85568429547993,569.7979240572531,629.4882031900673,GA_cost
6.0,85.45454545454545,550,welded,393.98316691773744,197.6693982655616,10.998718235208328,6.000139704735548,1.0009998857843885,309.92677856131206,760.4423546523884,763.0009291554811,GA_cost
6.0,85.45454545454545,620,rolled,435.03111010679874,174.74513169407982,9.682511093513773,6.0000005824090215,1.0008282232684742,290.6935287304048,616.2702809084583,573.5383321850886,GA_cost
6.0,85.45454545454545,620,welded,376.87387645476963,193.16946238617766,10.998319164725144,6.000551960659437,1.0009832288079143,300.4291448599243,838.4691927462145,696.8428303740939,GA_cost
6.0,85.45454545454545,690,rolled,406.35472487661406,171.6910321967762,10.158997449669092,6.0,1.000994018866364,287.0683671615097,691.1170939413346,529.1818280255269,GA_cost
6.0,85.45454545454545,690,welded,356.6185926090624,184.7744563520133,11.782056915606125,6.000156327585146,1.000999492545886,299.19922978597333,986.5394083963866,661.3126875782658,GA_cost
6.0,96.36363636363636,355,rolled,601.0096612160404,196.30706974070412,9.564269154272456,6.0,1.000945744108907,358.36843910844755,512.46686792508,919.9317831913849,GA_cost
6.0,96.36363636363636,355,welded,594.5146457872418,224.6733891698249,9.671834203316829,6.000000095588815,1.000921291215161,367.2402759263988,624.3084690748778,1060.9571571513663,GA_cost
6.0,96.36363636363636,460,rolled,551.0514988545818,180.12467716499265,9.69129245546308,6.000094383870473,1.000990627475514,330.4259424114609,529.5075727143661,776.8313906093446,GA_cost
6.0,96.36363636363636,460,welded,437.00944049836744,221.74120331355797,10.783203357680941,6.000000437383789,1.0009996651012374,342.64399188520304,655.4779564763932,906.293358536362,GA_cost
6.0,96.36363636363636,500,rolled,516.5024029778442,181.49547107901105,9.769477347586719,6.000001943488945,1.0009992536882162,322.8429047904771,565.6207691929159,717.1632287015658,GA_cost
6.0,96.36363636363636,500,welded,508.1657997169218,203.62373539803423,10.539115337411038,6.004018044623627,1.0008900328562609,339.89765017512104,712.9693110073339,849.2682687275574,GA_cost
6.0,96.36363636363636,550,rolled,503.25485982443985,180.86310698422588,9.5168787207814,6.00137141658312,0.9919075658561414,313.9648297011786,600.6147192183546,663.5332710904709,GA_cost
6.0,96.36363636363636,550,welded,495.9029518841215,198.8875641848334,10.542314771182712,6.013064088027688,1.0009653030182346,331.9882882114592,813.7277516629339,816.7541379289859,GA_cost
6.0,96.36363636363636,620,rolled,460.9930866963798,174.65782592450984,10.323052657314586,6.00051630717283,1.0009956963868218,309.01032488754805,655.1018887616019,609.6773710031324,GA_cost
6.0,96.36363636363636,620,welded,393.88875999620876,199.82767446000463,11.249892783837579,6.0000078362477245,1.0009384359793319,316.72002104538234,884.4871249099691,734.9239979348664,GA_cost
6.0,96.36363636363636,690,rolled,446.9049359225518,171.03847371750314,10.402182105826183,6.000000704214245,1.0009999810696204,302.4148736024709,728.0638081979487,557.4715779987947,GA_cost
6.0,96.36363636363636,690,welded,378.9112282452005,192.2123254742182,11.64637106204754,6.022550014703631,1.0009999843759925,311.7493539354898,1027.6083439632575,688.9189321194432,GA_cost
6.0,107.27272727272727,355,rolled,617.7332296012947,214.96714073936093,9.236029829985613,6.003260503690549,0.9996898354286187,374.29555639369374,535.2426456429821,960.8166932626118,GA_cost
6.0,107.27272727272727,355,welded,610.8345011377863,233.03203760538426,10.014880766698763,6.0000124422970655,1.0009999029055516,386.8046019723303,657.5678233529617,1117.4784950980625,GA_cost
6.0,107.27272727272727,460,rolled,535.312180700723,200.8628455134833,9.691048958431361,6.0000776893165835,1.0009988405255548,345.6293195924195,553.8709846468522,812.5745303617783,GA_cost
6.0,107.27272727272727,460,welded,534.2203906492282,218.36576031298313,10.623032669057007,6.000003899816902,1.000999917118066,363.4830008050519,695.3429805400641,961.4125371293622,GA_cost
6.0,107.27272727272727,500,rolled,519.6670406001376,194.43495448999454,9.843027412923249,6.001575431537073,1.000999594670023,337.69509845832135,591.641812498979,750.155891715315,GA_cost
6.0,107.27272727272727,500,welded,518.72190783091,205.85964187141943,11.409056210238225,6.0127359674287355,1.000968173971307,361.68405749497174,758.6684790014529,903.7037860569363,GA_cost
6.0,107.27272727272727,550,rolled,499.79408632240904,184.7051759932919,10.426227107707659,6.000122408352285,1.0009995417374626,332.5979630109745,636.2599032399942,702.9125350273935,GA_cost
6.0,107.27272727272727,550,welded,422.2733647929881,213.174855173268,11.561895413232353,6.000739972157437,1.0009999980861555,344.9888278577629,847.5877592008638,850.0583836848638,GA_cost
6.0,107.27272727272727,620,rolled,470.8102099823285,183.1935710048462,10.423382347689365,6.001024312884332,1.0009998523630583,322.40875918629985,683.5065694749558,636.1124818745695,GA_cost
6.0,107.27272727272727,620,welded,405.5820968481267,204.74783652138663,11.759947278565852,6.0000512143847535,1.0009996983790155,334.7886984413522,936.1314626825898,777.4837765062161,GA_cost
6.0,107.27272727272727,690,rolled,450.01524620101054,177.90182475315564,10.801675662666579,6.00002340083925,1.000999829525742,317.1923532268844,763.6405903937242,584.7123839384385,GA_cost
6.0,107.27272727272727,690,welded,390.9362480894809,199.01389437427812,11.90017660485553,6.005170465700701,1.0004519059388561,326.93591825244914,1078.3504499167377,722.7699860684862,GA_cost
6.0,118.18181818181817,355,rolled,619.1120644606839,227.2604541979939,9.651231036099963,6.0,0.9999470103779133,394.9250741678912,564.7428560600844,1013.7726653889766,GA_cost
6.0,118.18181818181817,355,welded,627.3999193028505,238.73403935102476,10.442125699849353,6.024439080415226,1.0009999966488161,406.92979407820314,691.7806499329454,1175.6201750919288,GA_cost
6.0,118.18181818181817,460,rolled,548.0475292732317,204.5084098557909,10.271991855348627,6.0,1.0007785222345726,364.30722660844515,583.8023306400333,856.4862897564547,GA_cost
6.0,118.18181818181817,460,welded,549.5659512349151,224.68116976224093,10.933661397791017,6.00020369541756,1.0009982335629177,380.54326900086335,727.9792735986514,1006.5369465072837,GA_cost
6.0,118.18181818181817,500,rolled,522.7351014277581,203.18531679554718,10.246940139158104,6.004834774603383,1.0009828807175705,355.0834928826957,622.1062795304829,788.7824710896201,GA_cost
6.0,118.18181818181817,500,welded,546.1038869469158,211.19362704764947,11.363728854752976,6.161626557202072,1.000993682035295,377.9654580864402,792.820344882117,944.3844935747794,GA_cost
6.0,118.18181818181817,550,rolled,496.4849145643336,193.95782830834116,10.887105554357053,6.0,1.0009222427533429,349.7231551336867,669.0203957707425,739.1049160595335,GA_cost
6.0,118.18181818181817,550,welded,436.80160221501626,219.47055840088547,11.808354030953339,6.040458834084092,1.000998284124903,361.6808269919198,889.1917463803952,891.5810690643524,GA_cost
6.0,118.18181818181817,620,rolled,469.81949533850565,191.89219507795426,10.796849232095163,6.0000021043217275,1.000999998615674,337.92690136228714,716.4050308880487,666.7297763877925,GA_cost
6.0,118.18181818181817,620,welded,410.31386812900445,209.81230245517386,12.438606318120863,6.000006899278762,1.0009283208563255,354.76510592661833,993.659624739302,824.767350080107,GA_cost
6.0,118.18181818181817,690,rolled,446.7463162827036,187.02296736864366,11.106248617136592,6.0176178212883285,1.0009999703050891,331.79010449908606,798.7846765815497,611.6218786336151,GA_cost
6.0,118.18181818181817,690,welded,396.940830579234,203.2611504735162,12.555462012510828,6.001955336169951,1.0009999979300883,345.5153227126276,1141.6231944263009,764.6925232834852,GA_cost
6.0,129.09090909090907,355,rolled,627.0241923012416,233.19906036302896,10.213969814367715,6.000792219074653,1.0009998599139793,415.61163023868676,594.324631241322,1066.875054822709,GA_cost
6.0,129.09090909090907,355,welded,622.3877142847299,250.49276148415063,10.952407554854142,6.0457229710400355,0.9995437364830009,429.42722663120594,730.0262852730501,1240.615257737554,GA_cost
6.0,129.09090909090907,460,rolled,543.94204480432,218.31746487480257,10.505643140327248,6.0065670979593,1.0009996563788661,382.19563071396817,612.4684982191341,898.5419278085392,GA_cost
6.0,129.09090909090907,460,welded,551.7754812377304,225.1519189038589,12.038627111137332,6.000034497018872,1.0009999708444994,404.4593598965306,773.7307554820629,1069.7950069263234,GA_cost
6.0,129.09090909090907,500,rolled,526.9243154619058,203.26354132806748,11.281009627347528,6.000091192396594,1.0009628719000974,376.46410586462173,659.5651134748174,836.2773647676707,GA_cost
6.0,129.09090909090907,500,welded,462.379514713389,235.0558118621299,11.947122525636345,6.000061765931527,1.0007972033058716,388.4534759138991,814.8200110769949,970.5898549184683,GA_cost
6.0,129.09090909090907,550,rolled,509.43406107008445,203.57654983660734,10.80488433939099,6.009535623980339,0.9999033617923355,362.54667309860713,693.5517856376355,766.2061389265963,GA_cost
6.0,129.09090909090907,550,welded,440.9103131396432,227.10237523775936,12.296888032732841,6.000050544364492,0.999257396864942,380.7199081178788,936.9786607873668,939.1627063732512,GA_cost
6.0,129.09090909090907,620,rolled,468.1183748822183,199.3617260140565,11.293848422578021,6.0085183427839235,1.0004211914115704,355.0919187424205,752.7948677339315,700.5963556787957,GA_cost
6.0,129.09090909090907,620,welded,426.7756654096831,216.1719518570395,12.456636889940905,6.0003280272057244,1.0009799526899061,367.23197373010964,1028.6247660511874,853.7756292282425,GA_cost
6.0,129.09090909090907,690,rolled,459.18599844305123,191.99262147185948,11.312838728917988,6.048997128283854,1.0009983307200272,345.42909296910693,831.6205413231249,636.7639899792517,GA_cost
6.0,129.09090909090907,690,welded,403.53095608993516,206.73673266148603,13.206671564719258,6.00169837692983,1.0009747160714553,363.79825331687056,1204.1252072618377,806.0478811389386,GA_cost
6.0,140.0,355,rolled,624.9855268062353,240.47953153943598,10.911900305233882,6.0113794377571255,1.00096071500412,438.8642311021214,627.5758504760335,1126.5644812391452,GA_cost
6.0,140.0,355,welded,614.1397339845116,263.971981065383,11.417845726064236,6.0001916052590065,1.0009999121040478,451.02584442378856,766.7439355204407,1303.0136645403252,GA_cost
6.0,140.0,460,rolled,527.2485988133475,228.61776745552538,11.369690023839958,6.000218407676156,1.000997739966571,406.80653352356745,651.9074699715168,956.4021603139072,GA_cost
6.0,140.0,460,welded,556.2546443250812,232.6221551863533,12.42810073950068,6.000000475424462,1.0009997925461473,422.51027057961807,808.2621476188093,1117.5396656830899,GA_cost
6.0,140.0,500,rolled,518.2126800889201,219.6696736430196,11.476719113855912,6.000438663672719,0.9911658471939594,396.32974828520474,694.3697189956787,880.4069028407538,GA_cost
6.0,140.0,500,welded,474.2526329240078,238.51548366167737,12.431113306612398,6.0147763544234465,1.0009997729049651,406.61471426062616,852.9150246330895,1015.9675250516005,GA_cost
6.0,140.0,550,rolled,495.1131799078966,215.12587938413674,11.369004858769737,6.000000039798666,1.0009999949585109,382.0787157637878,730.9165832561259,807.4851578951891,GA_cost
6.0,140.0,550,welded,450.187345946118,232.29551711875123,12.844842237893504,6.0,0.9899096311127749,401.03693036177094,988.2416164342545,990.1158497438813,GA_cost
6.0,140.0,620,rolled,474.9566962844097,198.96524764438703,12.220109940029898,6.000001146282746,1.000997906206193,374.1692984804448,793.238912778543,738.2360259019175,GA_cost
6.0,140.0,620,welded,425.9097650891141,220.56324661027307,13.277039759724575,6.0198937968526005,1.0009999974924397,389.0899350616038,1092.1170234475173,905.804170041613,GA_cost
6.0,140.0,690,rolled,456.39372316422157,195.83293068541835,12.114302236090216,6.003488368132406,1.0009137614549426,362.96294916781295,873.8333001215098,669.0859004959464,GA_cost
6.0,140.0,690,welded,411.08403630244936,214.99728550902904,13.264952118013126,6.00000693803893,0.9996406459096369,377.32680671808095,1249.0916930114618,836.1027554710296,GA_cost
6.818181818181818,20.0,355,rolled,265.40544242776167,145.55065613906157,8.499925697406155,6.0065835828256855,1.0009999966396095,222.9076487182779,318.7579376671374,572.2039342598192,GA_cost
6.818181818181818,20.0,355,welded,313.35310293447515,162.6344779172593,8.000000180063486,6.000001586171578,1.0009875627051932,234.7651753629754,399.1007981170582,678.236591623636,GA_cost
6.818181818181818,20.0,460,rolled,274.1688656737796,141.3902985759499,8.000057660301685,6.000051696110821,1.0009999999493622,214.18999450696893,343.2394661974177,503.56067708588404,GA_cost
6.818181818181818,20.0,460,welded,282.678296193814,158.0219421517165,8.000005775067041,6.0,1.0009999891896602,220.96443728586596,422.7049685278615,584.4509366211155,GA_cost
6.818181818181818,20.0,500,rolled,274.9959823920038,138.25123884641434,8.000052961123632,6.0003978141553524,1.000987863732075,211.65125723996596,370.8130026844204,470.16210283286034,GA_cost
6.818181818181818,20.0,500,welded,273.11321967383054,157.16264833423799,8.000000001339044,6.000000003936204,1.000999999970027,217.15678151277402,455.5080649011948,542.5879342878172,GA_cost
6.818181818181818,20.0,550,rolled,275.07516535363663,138.27693219466244,8.000007527212295,6.0,1.0001998743732707,211.6945945508462,404.9717593757688,447.3953561237584,GA_cost
6.818181818181818,20.0,550,welded,280.9998566188239,150.44286620188146,8.000281514372338,6.001292465166534,1.0009734365462681,213.95757470632296,521.289216554678,524.2998875856198,GA_cost
6.818181818181818,20.0,620,rolled,275.2152645818339,138.00754149701393,8.000253228970996,6.000002370991115,1.0006228458127056,211.50328371214565,448.38696146974877,417.2959787640633,GA_cost
6.818181818181818,20.0,620,welded,279.7187353078229,145.16092791560484,8.137875174227323,6.2092126657333795,1.0009998847266808,214.0040171918173,593.3273862212704,494.2775728257152,GA_cost
6.818181818181818,20.0,690,rolled,279.06222600120157,136.086630493531,8.000329878792414,6.002140489264603,1.0009999742282036,211.105880624335,508.23740760308647,389.15258034289906,GA_cost
6.818181818181818,20.0,690,welded,271.5277282109272,142.57922085150193,8.38373032109568,6.011028995787964,1.000239476760044,209.91949916192095,685.8754964803577,461.30242107476096,GA_cost
6.818181818181818,30.909090909090907,355,rolled,346.3539921675247,180.36857976207955,8.000068572189761,6.0,1.0009992444076132,273.57860515976296,391.217405378461,702.2762794451115,GA_cost
6.818181818181818,30.909090909090907,355,welded,364.0629265962858,190.9029624140248,8.324414575888799,6.0001134567902445,1.0009998125655306,281.68127205405534,478.85816249189406,813.7771949641657,GA_cost
6.818181818181818,30.909090909090907,460,rolled,322.56804480671804,165.9744608849378,8.000009660863864,6.001566949288042,1.0009999628168702,252.64104230833894,404.85727029911317,593.9590904669047,GA_cost
6.818181818181818,30.909090909090907,460,welded,340.90392051962027,172.84951358441396,8.77533237575602,6.002064185714994,1.00098397705474,266.24403586447033,509.3248406087317,704.2154748615241,GA_cost
6.818181818181818,30.909090909090907,500,rolled,316.0917936136598,158.70188143978027,8.37746167396,6.027949950522504,1.0009998958298292,250.8394427678528,439.4707037292781,557.2147381645083,GA_cost
6.818181818181818,30.909090909090907,500,welded,319.66101342543595,171.21664891244757,9.139873725643008,6.000002189343695,1.0009999318182925,264.2997958253856,554.3952517233289,660.3794698493084,GA_cost
6.818181818181818,30.909090909090907,550,rolled,314.9938073056277,157.6013565903434,8.230741266375945,6.017127203121678,1.0007078418266135,246.75004366394884,472.0328335291341,521.4815422793895,GA_cost
6.818181818181818,30.909090909090907,550,welded,318.65069528330014,168.19360920036178,8.928561511084508,6.00911013155742,1.0009919769161104,257.49546844008574,628.7492067228753,631.9047987396107,GA_cost
6.818181818181818,30.909090909090907,620,rolled,342.22911993763074,151.27499399731113,8.449195600672534,6.002230051909616,1.0007475699992419,253.40145754662245,537.2110899988395,499.96107573948615,GA_cost
6.818181818181818,30.909090909090907,620,welded,313.60482732457695,161.1901569550273,9.248300724629011,6.0000024150505675,1.000956257817288,254.34643122099166,706.767390745213,588.3044382745624,GA_cost
6.818181818181818,30.909090909090907,690,rolled,316.1934614999344,151.32023564993008,8.80763041428875,6.0,0.9992293441637645,250.47915705941807,603.0285706205491,461.7332781233313,GA_cost
6.818181818181818,30.909090909090907,690,welded,309.56128914225224,156.47582332710616,9.463199180904265,6.000000081431913,1.0009994879154345,251.8422620921498,825.2290567787027,554.4417163349735,GA_cost
6.818181818181818,41.81818181818181,355,rolled,463.06758315411827,185.3548344520022,8.000000693725932,6.0,1.0009999607350022,317.41585188771654,453.9046681994346,814.8064917957684,GA_cost
6.818181818181818,41.81818181818181,355,welded,397.9826476973683,210.18377663294385,9.185162407092808,6.0,0.9899870183662388,328.56629147754757,558.5626955118308,949.2280160786347,GA_cost
6.818181818181818,41.81818181818181,460,rolled,353.9145488327625,180.56049958669647,8.750501007296249,6.003662673048279,1.0009983591171876,291.0934293605862,466.4772205503393,684.360652426738,GA_cost
6.818181818181818,41.81818181818181,460,welded,457.983151799315,183.1011881414173,8.852362698329904,6.003902735361579,1.000967705091065,314.9890163856641,602.5739883457754,833.1459483400816,GA_cost
6.818181818181818,41.81818181818181,500,rolled,345.1339051498643,176.1725372968733,8.795143854934334,6.000000386674437,1.0009999032227477,284.60157987096784,498.62196793393565,632.213949525368,GA_cost
6.818181818181818,41.81818181818181,500,welded,360.80531853160215,182.22786220820169,9.85636387401255,6.036893173199211,1.0009573886471184,302.4755453391763,634.4727039034561,755.7653975844659,GA_cost
6.818181818181818,41.81818181818181,550,rolled,376.88954750815026,169.2475324927496,8.888863601091355,6.000023527653677,1.0009998987707496,290.183722193818,555.1214605567739,613.274278484415,GA_cost
6.818181818181818,41.81818181818181,550,welded,352.40993997973504,181.0668010643525,9.61148702075225,6.046303431033046,1.000996380988093,294.1176580154594,719.3886142755107,722.5820330436962,GA_cost
6.818181818181818,41.81818181818181,620,rolled,335.88177236892045,168.22653628286534,9.446070027294914,6.002388561921398,1.0009352946462773,285.5382338934508,605.3410558541157,563.3669354717786,GA_cost
6.818181818181818,41.81818181818181,620,welded,330.11767679211255,176.0634187264128,10.168316968838273,6.017072812110216,1.0009998355309468,291.40515162888937,811.6393190736472,675.0333270608053,GA_cost
6.818181818181818,41.81818181818181,690,rolled,347.8823252376346,161.93623888067137,9.45835275470083,6.000026058921303,1.0004224716098689,283.07943275818013,681.5137343653186,521.8286263464291,GA_cost
6.818181818181818,41.81818181818181,690,welded,326.7821156345029,169.94239241679063,10.384942110196835,6.000027577654603,1.000999358017814,287.1904110777896,943.3965218478606,633.2589708213711,GA_cost
6.818181818181818,52.72727272727273,355,rolled,542.4114656657792,189.88287121269138,8.097373265659034,6.000006376549479,1.0009999599963835,350.25428329569183,500.8636251128394,899.1027452200409,GA_cost
6.818181818181818,52.72727272727273,355,welded,529.9544563029801,206.5890350906107,9.29784818799761,6.03877193301952,1.0009972956207214,370.8935475115817,630.5190307696889,1071.5114587609592,GA_cost
6.818181818181818,52.72727272727273,460,rolled,378.73115266493875,192.4580808973878,9.502732137478388,6.000002701808483,1.0009995608191329,326.85878869802724,523.7912088885885,768.4450122290621,GA_cost
6.818181818181818,52.72727272727273,460,welded,394.5401383403064,203.71136670507036,10.080744349182426,6.003333769041165,1.000988620038054,340.11789953008923,650.6455418010606,899.6118442570861,GA_cost
6.818181818181818,52.72727272727273,500,rolled,358.9757608486597,185.94831031537095,10.007666653969382,6.000542116080394,1.0009025860617118,323.46738099399,566.7148515014705,718.5504401400492,GA_cost
6.818181818181818,52.72727272727273,500,welded,385.7681033345426,198.7332312438125,10.122936145424806,6.020959215276562,1.0005815931148945,333.1426923480239,698.8001114692149,832.3903311007725,GA_cost
6.818181818181818,52.72727272727273,550,rolled,434.0496603835144,173.6179095414257,9.209213970387411,6.008129856806156,1.0009999824861593,320.048896455082,612.2535389185718,676.3913377681704,GA_cost
6.818181818181818,52.72727272727273,550,welded,447.06213097420004,187.99286464558858,10.066564256455083,6.0014466916988125,1.0009994736913903,339.71282590722296,831.7107608186436,835.1288261078382,GA_cost
6.818181818181818,52.72727272727273,620,rolled,425.18437448547115,168.61323087233933,9.35027865590325,6.0002782162936175,1.0009998611087545,314.2740140606836,666.2609098086492,620.0626297417288,GA_cost
6.818181818181818,52.72727272727273,620,welded,347.66577499522833,184.53809822721766,11.283041685344788,6.010354293638122,1.0009941776339055,327.46630589370676,914.5965274077528,759.9126902905485,GA_cost
6.818181818181818,52.72727272727273,690,rolled,376.3654209407902,170.15346771099507,10.012405052052767,6.00005993698333,1.0009926780197091,311.6427001779645,750.2798006784495,574.4821535080598,GA_cost
6.818181818181818,52.72727272727273,690,welded,350.3758077100747,180.75048215348934,10.901665054658425,6.000394406085705,1.0009999112285393,316.4545640334556,1040.973092132924,698.4029837794021,GA_cost
6.818181818181818,63.63636363636363,355,rolled,574.8261075495373,198.16747242824778,8.799507735200663,6.000594035315763,0.998997103917746,383.9082611864102,548.9888134965665,985.4925064655149,GA_cost
6.818181818181818,63.63636363636363,355,welded,587.7962093294511,212.6482976740893,9.594512814352036,6.000750253795184,1.0009999790738031,401.0234944539733,681.7399405717547,1158.5568754775286,GA_cost
6.818181818181818,63.63636363636363,460,rolled,526.3560770495569,185.43359757663396,8.883215459900667,6.011484485907296,1.0009024487727918,356.9679866190896,572.041198557091,839.2317365414798,GA_cost
6.818181818181818,63.63636363636363,460,welded,412.23969642784823,213.7906690707729,10.937362417594663,6.000028338759391,1.0009999932560079,375.6660113155413,718.6490796466304,993.6365999296067,GA_cost
6.818181818181818,63.63636363636363,500,rolled,488.2855548951595,184.70407096526188,9.315457947073813,6.000000186359897,1.0009994853851925,351.7562143819161,616.276887597117,781.3912546279884,GA_cost
6.818181818181818,63.63636363636363,500,welded,399.6084321745985,210.49200594175446,10.893281118467332,6.000000357981067,1.0009999902779412,366.782073138031,769.362076614334,916.4416879426843,GA_cost
6.818181818181818,63.63636363636363,550,rolled,493.60345179342664,176.09310248300486,9.426113786134868,6.000616361373399,1.00033438547478,346.6653432397468,663.1708016176354,732.6425364028809,GA_cost
6.818181818181818,63.63636363636363,550,welded,394.0261167466386,203.9155139192492,10.852245526084769,6.0,1.0009999186420806,356.45131214448975,874.2958607908963,877.3399203428361,GA_cost
6.818181818181818,63.63636363636363,620,rolled,449.6854616524653,175.5937083879107,9.90909993949439,6.003339735324841,1.0009999991965908,340.5982947854872,722.0683849452328,672.0004356117663,GA_cost
6.818181818181818,63.63636363636363,620,welded,373.8583329701854,194.62814778767014,11.543182292287721,6.0,1.0009999800155314,353.1369700922691,986.9053982527423,819.8104618005648,GA_cost
6.818181818181818,63.63636363636363,690,rolled,405.9540387786261,176.99967281072605,10.382423360595805,6.000031506959679,1.0009998869502745,336.4355292006843,809.9685365506475,620.1852545285415,GA_cost
6.818181818181818,63.63636363636363,690,welded,372.96926506641955,189.7776690621119,11.323658027896949,6.000974061296489,1.0007331548566063,342.5576459895836,1128.1182373536737,756.5565239336532,GA_cost
6.818181818181818,74.54545454545453,355,rolled,619.9692750395584,203.20590984888747,9.18051466316163,6.0000055470954425,1.0009928799102503,412.5402617288244,589.9325742722189,1058.9908518578923,GA_cost
6.818181818181818,74.54545454545453,355,welded,619.208253245431,216.88235375156324,10.437920596592067,6.0000709217685,1.000986198130003,434.4781505507666,738.6128559363033,1255.2073769411647,GA_cost
6.818181818181818,74.54545454545453,460,rolled,539.4400598965024,192.02223487306236,9.767583928915734,6.0,1.0009999884828487,386.12080847360704,618.7585955789552,907.7700207214501,GA_cost
6.818181818181818,74.54545454545453,460,welded,526.8119992920667,213.52368530354204,10.82898516851462,6.000438746994012,1.0009855918703263,409.75048834860604,783.8526842108835,1083.7900416820628,GA_cost
6.818181818181818,74.54545454545453,500,rolled,486.60353481560486,198.0868842355078,9.968419801878822,6.000254998092532,1.0009998155067317,379.3055535148603,664.5433297580354,842.5893565779106,GA_cost
6.818181818181818,74.54545454545453,500,welded,431.2661011135991,217.832952467772,11.183243928819929,6.0,1.0009999840801445,392.08372337942143,822.4348181606744,979.6603912358224,GA_cost
6.818181818181818,74.54545454545453,550,rolled,487.7472800120245,189.83507620858742,9.950330170975018,6.002001902116878,1.0009998797021435,370.1178297346534,708.035408282392,782.2070213612164,GA_cost
6.818181818181818,74.54545454545453,550,welded,417.68514866493956,210.50004961382226,11.423446056962769,6.0012044097198975,1.0008587246520435,384.22772404955316,943.687724192866,946.5422319642784,GA_cost
6.818181818181818,74.54545454545453,620,rolled,440.5699670280506,188.55634327170176,10.56762372633551,6.000656297158334,1.0009999716046123,365.40886464350064,774.6667930442213,720.9516899416268,GA_cost
6.818181818181818,74.54545454545453,620,welded,394.92540120024955,205.9820820191184,11.62604336916528,6.007828936733567,1.000999720152893,375.8613682540817,1050.6493643874735,872.6916574326034,GA_cost
6.818181818181818,74.54545454545453,690,rolled,442.02178768244306,180.89176254309947,10.739693033257561,6.000048462738189,0.9965076774726215,360.16271360171527,867.0917329961295,663.9239462534019,GA_cost
6.818181818181818,74.54545454545453,690,welded,382.6810679204664,198.9549216965178,11.95002788827554,6.01001504037564,1.0009886047198564,369.9123210498081,1220.2806713180894,817.8557780344062,GA_cost
6.818181818181818,85.45454545454545,355,rolled,621.047849949967,218.9324612560175,9.76714494666407,6.000067974009534,0.9976257519657923,443.17369645244133,633.738385926991,1137.6268787934168,GA_cost
6.818181818181818,85.45454545454545,355,welded,616.2778937048816,240.96528105784716,10.412600914431815,6.000001853863137,1.0009992651837591,459.806677877325,781.6713523914525,1328.3814923875918,GA_cost
6.818181818181818,85.45454545454545,460,rolled,532.076460775033,203.1475981878163,10.676838666283155,6.0,1.0009754477362358,416.00000324681315,666.6400052030181,978.0160076332577,GA_cost
6.818181818181818,85.45454545454545,460,welded,459.9504297368472,234.50819464455873,11.517658710601767,6.000586699304611,1.0009996243134502,429.4512548768059,821.5402505793295,1135.8985691491516,GA_cost
6.818181818181818,85.45454545454545,500,rolled,514.3826652169492,203.35150375973558,10.389177027523461,6.000694902960498,1.000999975033253,403.9168796631402,707.6623731698215,897.2609564836997,GA_cost
6.818181818181818,85.45454545454545,500,welded,519.5488171597868,214.97102037762357,11.978027397762474,6.000000974948348,1.000999995206549,434.7873042114991,912.0098493140405,1086.3595583028516,GA_cost
6.818181818181818,85.45454545454545,550,rolled,503.9580641599472,195.76791377726897,10.565168831518696,6.002250096333729,1.000999956894629,395.341858822973,756.2889759283473,835.5154844364711,GA_cost
6.818181818181818,85.45454545454545,550,welded,429.57021482215356,221.75687518581856,11.789566465382372,6.048507492559966,1.000999061308592,411.29405639688133,1011.1404388678728,1013.8660851110104,GA_cost
6.818181818181818,85.45454545454545,620,rolled,470.76766197957113,188.11795493191048,11.398653086640344,6.00009398783372,1.00099952788207,392.0683854072725,831.1849770634177,773.5509244085487,GA_cost
6.818181818181818,85.45454545454545,620,welded,410.83710815458016,213.26504657695685,12.14244739969401,6.001017304825284,1.0009816411391197,401.35760505857314,1123.3383745257158,932.6478620660412,GA_cost
6.818181818181818,85.45454545454545,690,rolled,455.8548454184447,188.08888929918058,11.082737148700229,6.0003763779224935,1.0008839738494415,380.54379938732285,916.1591970249799,701.494439790591,GA_cost
6.818181818181818,85.45454545454545,690,welded,405.94982197984956,204.7947302797989,12.275493258569519,6.000418475787319,1.0006658389159473,391.5971758264927,1292.908733540334,866.2655406904835,GA_cost
6.818181818181818,96.36363636363636,355,rolled,626.9932119588285,236.00064819723994,10.059761872232098,6.0,0.9969648601317896,471.4782744408262,674.2139324503815,1210.2847304896009,GA_cost
6.818181818181818,96.36363636363636,355,welded,615.0140031738591,254.356414674665,11.077123732579823,6.0021811860354495,1.0009985872440081,492.0626183167917,836.5064511385458,1421.5689043172115,GA_cost
6.818181818181818,96.36363636363636,460,rolled,536.0943712460274,221.21871953906208,10.661124333472591,6.000157131400493,1.0009999873630353,438.6655223681633,702.9614995949815,1031.3026430875518,GA_cost
6.818181818181818,96.36363636363636,460,welded,544.5065245707178,231.15310429814147,12.176387471764963,6.001737718201922,1.0009943702272193,468.37984331761254,896.0106402665926,1238.8646855750853,GA_cost
6.818181818181818,96.36363636363636,500,rolled,435.7149525473667,229.0040423959126,11.50025777632494,6.000651962576378,1.0009999912506298,435.19089077672896,762.4544406408293,966.7330447714259,GA_cost
6.818181818181818,96.36363636363636,500,welded,569.8127544642363,222.98023062515057,11.297079799216503,6.443667138748639,1.000999517735887,458.3764183267425,961.4903750821752,1145.299318831199,GA_cost
6.818181818181818,96.36363636363636,550,rolled,512.4355496649299,205.16743032119956,10.944949944017788,6.030024543607236,1.0009999622980912,418.6307762849748,800.8406750331567,884.7342826006656,GA_cost
6.818181818181818,96.36363636363636,550,welded,452.3948605833434,227.53445858015942,12.14583668606875,6.0,1.0006509129404282,433.30993087650364,1066.030588430597,1068.6433686655823,GA_cost
6.818181818181818,96.36363636363636,620,rolled,476.68620619644497,200.05782043407345,11.479122209580854,6.00001771852964,1.0009998596808491,411.1144779043299,871.5626931571794,811.1288649052428,GA_cost
6.818181818181818,96.36363636363636,620,welded,435.94909531277267,218.68907543015393,12.357551516087407,6.000246556770893,1.0009417570971435,421.3538370217326,1179.9313688812058,979.4484193701321,GA_cost
6.818181818181818,96.36363636363636,690,rolled,447.71112025646244,197.94047790311157,11.74297161875414,6.027601289210119,1.0009999971370573,404.9622142432918,974.946530790725,746.5073457360841,GA_cost
6.818181818181818,96.36363636363636,690,welded,414.13061583793956,209.6767162161466,13.112330563517096,6.000021795549739,1.0009999699346395,418.8766250680279,1386.0720251398957,927.930576720689,GA_cost
6.818181818181818,107.27272727272727,355,rolled,620.6374229866447,247.04526164375,10.904605121127585,6.000326038271605,1.0009841199706035,504.7234874052798,721.7545869895499,1295.625192169353,GA_cost
6.818181818181818,107.27272727272727,355,welded,626.5895602662537,262.37811868572965,11.69617769663804,6.001792095096133,1.0009279678882228,522.2697638406535,887.8585985291108,1508.8373477356477,GA_cost
6.818181818181818,107.27272727272727,460,rolled,541.7882172159057,231.10414976149968,11.187631157559444,6.0000231900167025,1.0009999779351983,465.7484053964076,746.361819647743,1094.9745010869544,GA_cost
6.818181818181818,107.27272727272727,460,welded,493.50962515288444,249.43419767847644,12.451280334237193,6.004410800097348,1.0009193184917198,483.0565059672265,924.0870959153042,1277.684458283314,GA_cost
6.818181818181818,107.27272727272727,500,rolled,531.7539638461499,220.84771489663268,11.362724221288376,6.056464800298905,1.000916287838548,455.3106408528482,797.7042427741902,1011.427057590517,GA_cost
6.818181818181818,107.27272727272727,500,welded,474.8546051403748,244.54885776766886,12.504921630646729,6.001559930502387,1.0009982193053828,471.8509525067071,989.7545579780688,1178.9667899332583,GA_cost
6.818181818181818,107.27272727272727,550,rolled,507.6699814352283,214.64011072261795,11.669111913622054,6.0,1.0004805018030885,444.831398780344,850.962465866798,940.1066781823789,GA_cost
6.818181818181818,107.27272727272727,550,welded,462.3876778252317,232.74001026938055,12.87468683075886,6.003403354673288,1.0007038633161554,461.05683409564983,1136.2316178774793,1138.3566075269312,GA_cost
6.818181818181818,107.27272727272727,620,rolled,477.9485616930011,211.05531045294967,11.769109559408287,6.017773218285388,1.0009999676114125,432.8663820382605,917.6767299211123,854.045371761488,GA_cost
6.818181818181818,107.27272727272727,620,welded,443.6268102514953,226.93035218930683,12.888743722507915,6.0,0.9961087724505643,447.2782049600473,1254.1759853924968,1040.5903289651624,GA_cost
6.818181818181818,107.27272727272727,690,rolled,460.9337403048391,203.05271682599832,12.184978795699525,6.042065720842944,1.0009910465768235,426.332063231295,1026.394442229343,785.9005253605691,GA_cost
6.818181818181818,107.27272727272727,690,welded,424.67324403415495,219.4302890053546,13.216548995290417,6.00142578416623,1.000865075023625,438.36350076319036,1450.9637539259113,971.2738728060303,GA_cost
6.818181818181818,118.18181818181817,355,rolled,636.6882706462405,259.01151658496565,11.097640772160934,6.1413912985381955,0.9978041985340981,535.1635379500098,765.2838592685139,1373.7648019176752,GA_cost
6.818181818181818,118.18181818181817,355,welded,625.073648756753,276.7614238456924,12.15534277452191,6.002556310716988,1.0009140580746803,553.123852408882,940.3105490950994,1597.9748096092599,GA_cost
6.818181818181818,118.18181818181817,460,rolled,595.8188021303491,220.86519513515105,11.634253824396705,6.434258422488581,1.0009934327052827,495.8504437794512,794.6003361565706,1165.74439332549,GA_cost
6.818181818181818,118.18181818181817,460,welded,510.22265135616425,256.90538527963685,12.766847451385953,6.0001241549864455,1.0009394873083257,506.749844241558,969.4124520341003,1340.3533380189208,GA_cost
6.818181818181818,118.18181818181817,500,rolled,537.7877926017204,214.52075589906397,13.161029461205354,6.0001405303377675,1.0009813610636438,489.8008731818031,858.131129814519,1088.0436596860575,GA_cost
6.818181818181818,118.18181818181817,500,welded,490.8158110578647,246.93057667187594,13.19922325595863,6.0000057044960755,1.0009996438375766,498.03381877657586,1044.6757382657456,1244.3872995951524,GA_cost
6.818181818181818,118.18181818181817,550,rolled,514.4817059171758,219.8945361268762,12.3337494798583,6.020337221654624,1.000984099803698,470.55842091588823,900.1782592120942,994.4781667636381,GA_cost
6.818181818181818,118.18181818181817,550,welded,461.2450751544847,245.9664120666604,13.224103260085744,6.00047007135616,1.000999955320871,487.8251937046706,1203.169998898259,1205.0903900481132,GA_cost
6.818181818181818,118.18181818181817,620,rolled,434.95009913745514,221.07525811922096,12.92559048200297,6.000448584820367,0.9856218838663303,459.1353604229889,973.3669640967365,905.8740661145571,GA_cost
6.818181818181818,118.18181818181817,620,welded,454.0550062874675,230.79032227799033,13.506225605048924,6.00000336952464,1.0009990880449302,470.81101605053914,1322.1795269973404,1096.416581984116,GA_cost
6.818181818181818,118.18181818181817,690,rolled,452.3009196780816,213.58810019796445,12.726718841660979,6.000382067605379,1.0009299264862888,449.46723645829513,1082.0923717733456,828.5479036872213,GA_cost
6.818181818181818,118.18181818181817,690,welded,437.26958418506956,225.25041613114772,13.571088345080424,6.000000621291937,1.0009999982923465,458.9333703916775,1520.4814211626488,1017.4603401938575,GA_cost
6.818181818181818,129.09090909090907,355,rolled,643.0088612899019,261.48592375144307,11.994530136694303,6.147629032821076,1.0009999070830216,566.3893269407624,809.9367375252903,1453.9214022569372,GA_cost
6.818181818181818,129.09090909090907,355,welded,623.9218487883926,285.17259015318336,12.985323949030553,6.000109296546859,1.0007019210688064,588.4229487535931,1000.3190128811083,1699.9538989491307,GA_cost
6.818181818181818,129.09090909090907,460,rolled,555.3683299964932,248.28991038894884,12.184050305696173,6.078093313101387,0.997555196182378,521.4030793074708,835.5484345902219,1225.8186394518639,GA_cost
6.818181818181818,129.09090909090907,460,welded,521.0134426537912,261.74732804605975,13.413136226899187,6.000241609906026,1.0007389057577425,534.5286704302802,1022.5533465331259,1413.8283332880912,GA_cost
6.818181818181818,129.09090909090907,500,rolled,536.211008969353,237.92346022980712,12.512526547023754,6.000025534916811,1.0009988176818134,506.9798405893387,888.2286807125214,1126.205017885157,GA_cost
6.818181818181818,129.09090909090907,500,welded,498.1928748085951,256.20564257297616,13.556729700298387,6.042760726859495,1.0009983171321017,524.1609927839304,1099.4800984635724,1309.6686565699285,GA_cost
6.818181818181818,129.09090909090907,550,rolled,564.2015268324462,220.38009291538208,11.841904103218837,6.664619172553531,1.0009626353179462,495.7742699774637,948.416178466888,1047.7693421703718,GA_cost
6.818181818181818,129.09090909090907,550,welded,484.5277421670504,245.3542800723226,13.78417370199133,6.000437714955905,1.0009739496114551,508.78535502631735,1256.5017029199746,1257.9517106580138,GA_cost
6.818181818181818,129.09090909090907,620,rolled,484.38568082755523,227.86155749574465,12.788288742575851,6.0,0.988790696912891,482.2297142703556,1022.326994253154,951.4392262554115,GA_cost
6.818181818181818,129.09090909090907,620,welded,462.3376809769099,238.4850349669366,13.824360342978329,6.004344989883543,1.0009998386407801,492.6140080474605,1384.5111224921138,1147.7796762165208,GA_cost
6.818181818181818,129.09090909090907,690,rolled,492.53071450226963,209.68706060814128,12.95217284761661,6.412481827604057,1.0009988988763112,473.42143117110646,1139.7620955444388,872.7050662208176,GA_cost
6.818181818181818,129.09090909090907,690,welded,449.20494818630254,231.35639001115854,13.840233473010388,6.000073374240011,1.000999911775738,478.1308716479829,1585.2219016308115,1060.5060866725134,GA_cost
6.818181818181818,140.0,355,rolled,689.0153690716736,227.6355959487446,14.350720506324846,6.554744172921275,1.00007711573767,610.4128650043674,872.8903969562454,1566.9298244662111,GA_cost
6.818181818181818,140.0,355,welded,638.9474048444363,287.3277985001103,13.764663570338442,6.120114629641496,0.9953594775527164,623.640913752691,1060.1895533795746,1801.6985998315238,GA_cost
6.818181818181818,140.0,460,rolled,561.8377793693929,245.5184180397463,13.38741996571155,6.023492227929334,1.0009999580981659,550.5613730093087,882.2746002474171,1294.3697879448848,GA_cost
6.818181818181818,140.0,460,welded,536.070461096052,269.66126564189943,13.613325731679948,6.001645479694576,1.0009998576068955,556.4154990382634,1064.4228496601977,1471.7189949562069,GA_cost
6.818181818181818,140.0,500,rolled,534.1994846805907,249.3027393350556,12.929332676353056,6.00353652585545,1.0009859588424164,533.8037139571845,935.2241068529873,1185.79157018449,GA_cost
6.818181818181818,140.0,500,welded,511.0286302719079,259.7120236182871,14.145284812331502,6.004165346094741,1.000999957613433,548.385311856057,1150.2930301492652,1370.195540203544,GA_cost
6.818181818181818,140.0,550,rolled,484.61832459378735,242.9064721759392,12.950549120928752,6.001582236256519,1.000968308372814,508.29475595364937,972.3678681393312,1074.2301372324423,GA_cost
6.818181818181818,140.0,550,welded,484.48261426320477,253.55364646526874,14.399685523554659,6.0,1.0009874821709215,537.1693451110212,1328.4957111789006,1329.385505453466,GA_cost
6.818181818181818,140.0,620,rolled,462.11022631685813,232.1055802009308,13.090887192876812,6.011522926060249,1.0008678371603197,488.7912921813256,1036.2375394244104,964.3852194737555,GA_cost
6.818181818181818,140.0,620,welded,472.3304384358444,245.56915452338228,14.070632876535496,6.01176642307684,1.0009136217726708,512.8006287096822,1442.1490641773235,1195.2961342865071,GA_cost
6.818181818181818,140.0,690,rolled,474.819584411927,221.12939327904485,13.64915583831522,6.150472095090001,0.9996033453508858,493.9276649403048,1189.1308533437839,910.5062575509577,GA_cost
6.818181818181818,140.0,690,welded,458.46711296077933,230.75563379394035,14.852850344275472,6.002454363827666,1.0007156018761434,504.6325364218637,1677.6140310514372,1121.2160241456215,GA_cost
7.636363636363637,20.0,355,rolled,322.1765751740906,170.14431932362487,8.002036005710524,6.0,1.0009999999099022,287.0211625861926,410.44026249825544,736.7833243587563,GA_cost
7.636363636363637,20.0,355,welded,355.95595260121956,180.1567905678419,8.000117436000476,6.0,1.000957696460479,295.0686278673866,501.6166673745572,852.4532659088799,GA_cost
7.636363636363637,20.0,460,rolled,302.76809411687344,160.5182603694263,8.000041493442788,6.006159708893544,1.00099988099307,270.0670986041722,432.78252551318593,634.9277488184089,GA_cost
7.636363636363637,20.0,460,welded,333.31551073690497,169.5075303863214,8.191704354552957,6.004259332951888,1.000998270547486,280.5479452108331,536.6882191883237,742.0493150826535,GA_cost
7.636363636363637,20.0,500,rolled,306.3369332612316,155.72529157759655,8.002367836180811,6.000008231423478,1.0009999946912878,266.5207633200906,466.9443773367988,592.0492236392492,GA_cost
7.636363636363637,20.0,500,welded,292.8781027593138,173.09962432576017,8.723319806689956,6.0000000115885355,1.0004476928379158,280.10086384552324,587.5395720023696,699.8600184044244,GA_cost
7.636363636363637,20.0,550,rolled,306.882514976523,154.07885656033176,8.036827315265837,6.000043854471112,1.0009998052881084,265.71122776097974,508.30557870675415,561.5541087500545,GA_cost
7.636363636363637,20.0,550,welded,302.35043888664916,165.2741677844328,8.74863374077853,6.0,1.000885889049027,275.8069592504301,673.1626852302396,676.643852018621,GA_cost
7.636363636363637,20.0,620,rolled,302.1896760719713,151.91478415049062,8.574394090197046,6.000683892584023,0.9989549215830255,271.6353014532577,575.8668390809063,535.9364497672775,GA_cost
7.636363636363637,20.0,620,welded,303.4438702792245,157.57600965291127,9.094389117897034,6.000001433902581,1.0009999539696994,274.40907358392394,762.2235918962959,634.5529130965854,GA_cost
7.636363636363637,20.0,690,rolled,311.69671652398483,148.349924631142,8.631522856503501,6.0013224961942475,1.0006007763787486,272.4137911490579,655.836202191357,502.1675826041732,GA_cost
7.636363636363637,20.0,690,welded,298.2232563668908,154.80190425575296,9.215176156200814,6.00087544113582,1.0009998313561277,271.6761569819522,889.6267147056388,597.8540825944337,GA_cost
7.636363636363637,30.909090909090907,355,rolled,459.597465675358,184.8241181848391,8.000011114021746,6.000023591467758,1.0009984028407244,353.6616597291119,505.73617341262997,907.84948052463,GA_cost
7.636363636363637,30.909090909090907,355,welded,404.6408967822983,204.43281552849209,9.026267036218066,6.000768047467008,1.0009999799843827,360.2936100596817,612.499137101459,1040.8882394624204,GA_cost
7.636363636363637,30.909090909090907,460,rolled,339.2485634253262,182.674239522758,8.943736936060942,6.000995063734843,1.000898938597815,327.0546279873679,524.105041349757,768.9054303983019,GA_cost
7.636363636363637,30.909090909090907,460,welded,339.5421201369503,198.80410051314846,9.69064079162802,6.001199338507863,1.0007557491383472,346.1506671098676,662.1862261811767,915.5685145055999,GA_cost
7.636363636363637,30.909090909090907,500,rolled,346.8126140450644,175.34243620396333,8.836649287089749,6.013053792564675,1.000999990004276,319.6239015510839,559.981075517499,710.0125349055778,GA_cost
7.636363636363637,30.909090909090907,500,welded,353.7509372291269,181.49399420714704,10.272063384848993,6.06119279604747,1.000977636700627,344.58243884428015,722.796123719762,860.9736816963184,GA_cost
7.636363636363637,30.909090909090907,550,rolled,337.5972276032252,171.87017443411028,9.548368077003712,6.0000119683771524,1.0009901436938105,326.87203968836167,625.3062119238359,690.8113686773834,GA_cost
7.636363636363637,30.909090909090907,550,welded,350.77962309648893,182.77766093536317,9.680680475035038,6.000006344991288,1.0009999561770353,331.3386655107951,810.4718143879785,814.0546440867396,GA_cost
7.636363636363637,30.909090909090907,620,rolled,351.5761041398043,168.57572823699496,9.439907124462787,6.014410685729815,1.000935251866828,326.2731032872648,691.6989789690014,643.7368327857735,GA_cost
7.636363636363637,30.909090909090907,620,welded,331.19114807778,178.26522992524954,10.165084678436212,6.000744588824257,1.0009999930166285,329.07414851908845,916.5126345337078,762.2688388181888,GA_cost
7.636363636363637,30.909090909090907,690,rolled,353.14918528138463,163.90581448033885,9.552962260314052,6.003340058729008,1.0009999150540634,323.3334797555484,778.4253525114829,596.0329365813778,GA_cost
7.636363636363637,30.909090909090907,690,welded,334.88234490045767,172.57923048606995,10.197507264884909,6.000472109957549,1.0009998849977912,324.11478417646396,1064.1543431033365,714.4495415007075,GA_cost
7.636363636363637,41.81818181818181,355,rolled,525.7424082656706,197.52054275734443,8.49746833267108,6.004628988467146,1.00088778405913,403.5691876814358,577.103938384453,1035.9621047782455,GA_cost
7.636363636363637,41.81818181818181,355,welded,445.55547748762444,225.23756702538196,9.714573463023042,6.000029881147535,0.9973429065836985,415.59850936180686,706.5174659150716,1200.6640935462601,GA_cost
7.636363636363637,41.81818181818181,460,rolled,387.6663617033298,195.6674770043455,9.49095757028382,6.001973352800137,1.0009999941402608,373.06013891646415,597.8288726136338,877.0643865926073,GA_cost
7.636363636363637,41.81818181818181,460,welded,522.7204080374587,194.06827345041887,9.623607949822459,6.003832729623999,1.0009999968159393,405.11394675330996,774.982980139082,1071.526389162505,GA_cost
7.636363636363637,41.81818181818181,500,rolled,365.5141229825576,188.54954561103472,10.201516722615725,6.013383621988453,1.0009999785460053,372.7637032594891,653.0820081106248,828.0572904206291,GA_cost
7.636363636363637,41.81818181818181,500,welded,391.0490586805186,203.51319578488057,10.315229816355735,6.000007928930134,1.000999861381988,384.9148770839923,807.3974461713823,961.7483118820631,GA_cost
7.636363636363637,41.81818181818181,550,rolled,469.4625047891174,174.8133458395886,9.235678203617788,6.000000024943633,1.0009990495723224,373.5642377247847,714.6283867675129,789.4906600075598,GA_cost
7.636363636363637,41.81818181818181,550,welded,382.31314128496456,197.76744788622526,10.478725615291856,6.000002047395217,1.0009980082857557,378.4258549165204,927.3831395145041,930.8891327694635,GA_cost
7.636363636363637,41.81818181818181,620,rolled,389.8716107618924,180.89703582792689,10.046929434154979,6.000000053520716,1.0009567137086919,368.44066960601083,781.094219564743,726.9334411326594,GA_cost
7.636363636363637,41.81818181818181,620,welded,369.9526219068679,188.8003352011466,11.073219213670704,6.00000038146192,1.0009999687378446,375.74363798879995,1048.8586166341404,871.6376728395383,GA_cost
7.636363636363637,41.81818181818181,690,rolled,414.1717687126594,171.57357461190614,10.020710982393453,6.000006386353613,1.0009641078235063,365.27949484725224,879.4103838447597,673.3562208014248,GA_cost
7.636363636363637,41.81818181818181,690,welded,360.0293895268691,186.45495654102865,11.05703502728449,6.003098030527044,1.0009988478788276,368.7734519452978,1213.5905986117095,814.088237876926,GA_cost
7.636363636363637,52.72727272727273,355,rolled,617.6096008696179,201.88676657518602,8.596311487327714,6.0,1.000995356732734,445.22317387842764,636.6691386461515,1142.887887345924,GA_cost
7.636363636363637,52.72727272727273,355,welded,606.9223461404911,223.5880122240311,9.564158711730977,6.000024386536688,0.999692887362261,467.79280544372796,795.2477692543375,1351.45341492693,GA_cost
7.636363636363637,52.72727272727273,460,rolled,409.57041295411324,211.46116426166373,10.222591740225354,6.000792910668292,1.000995874408864,419.0992539046384,671.6065543821829,985.3023459298049,GA_cost
7.636363636363637,52.72727272727273,460,welded,433.800848583368,221.55896445016262,10.809706989384631,6.000926391793122,1.0009942832137189,435.4105374047581,832.9403580553021,1151.6608714355852,GA_cost
7.636363636363637,52.72727272727273,500,rolled,521.5477277854117,189.1034442098655,9.45198020512009,6.0000139108806145,1.000999299319361,414.8349721601263,726.7908712245412,921.5144071565045,GA_cost
7.636363636363637,52.72727272727273,500,welded,422.176608390917,215.76078668879677,10.975150761405748,6.001524257114288,1.0009991644791931,427.88958833295885,897.5412004872145,1069.1249254087309,GA_cost
7.636363636363637,52.72727272727273,550,rolled,393.75503921533044,197.95452376704495,10.475259963531093,6.006691669268671,1.0007138909462858,401.9882592957289,769.0035400327292,849.5619871955935,GA_cost
7.636363636363637,52.72727272727273,550,welded,411.757199893101,206.999019989635,11.383328533543398,6.00309249862472,1.000999164351074,422.48488801042106,1037.5570372920915,1040.7271055967897,GA_cost
7.636363636363637,52.72727272727273,620,rolled,433.33784952223556,188.54377516411617,10.513923421762266,6.002585822762893,1.0009999696146685,405.3257224449162,859.2905315832224,799.7076503838197,GA_cost
7.636363636363637,52.72727272727273,620,welded,396.4458092271708,202.15890822347527,11.51922853030487,6.020188414347909,1.0005780060674685,413.94805767911146,1156.8422121866524,960.9781399806694,GA_cost
7.636363636363637,52.72727272727273,690,rolled,417.43250754586563,184.70946807235595,10.835851644686985,6.001086836639688,1.000999719664376,401.4464322222587,966.4822855750878,740.0263531585116,GA_cost
7.636363636363637,52.72727272727273,690,welded,388.9053892225814,195.82404926996014,11.775262938224657,6.000237491504634,1.0008401346674445,407.86739137416043,1344.823029724934,901.4889392139371,GA_cost
7.636363636363637,63.63636363636363,355,rolled,621.81369380726,220.02122161757134,9.348346022474415,6.000004286331179,1.000998781060027,486.6966839137353,695.9762579966414,1249.3503876065583,GA_cost
7.636363636363637,63.63636363636363,355,welded,612.6388403343088,241.58364117200722,10.343139142828354,6.000068020227576,0.9998625163640177,512.4870028514898,871.2279048475327,1480.574951237954,GA_cost
7.636363636363637,63.63636363636363,460,rolled,436.60170935698625,223.1082992246144,10.784673442840166,6.0292029692495355,1.0009979914704819,460.40179509535767,737.7938766403107,1082.404620269186,GA_cost
7.636363636363637,63.63636363636363,460,welded,452.28907651703094,232.9811496704117,11.695774230059717,6.000000925197032,1.0009999968263963,480.9528973278869,920.0628925882476,1272.1204134322609,GA_cost
7.636363636363637,63.63636363636363,500,rolled,426.6931161148948,215.47448122801615,10.865509947163698,6.010315752956091,1.0009996757160393,447.9275318146931,784.7690357393424,995.0262191731592,GA_cost
7.636363636363637,63.63636363636363,500,welded,440.44809144026544,228.0932524509192,11.706866258999796,6.004627315109276,1.00099975567611,470.2511282815713,986.398766683424,1174.9694691243342,GA_cost
7.636363636363637,63.63636363636363,550,rolled,486.323046755298,201.3659967783291,10.66262763122218,6.0,1.0008548840571736,445.8968563565686,853.0006862101159,942.358416223972,GA_cost
7.636363636363637,63.63636363636363,550,welded,427.09470773459304,219.92267136134464,12.046707358184124,6.002080179711767,1.0009995327223473,462.6310955808987,1137.9088891317592,1140.7855906574011,GA_cost
7.636363636363637,63.63636363636363,620,rolled,470.49712930193607,193.15839571905144,11.174422811257228,6.000291827316771,1.000510888223951,440.969675695418,934.8557124742863,870.0331701470598,GA_cost
7.636363636363637,63.63636363636363,620,welded,409.5846306355953,214.08710778741204,12.233222898066055,6.002626863800757,1.0009999547233714,452.5684825661054,1266.959864140448,1051.8031960350932,GA_cost
7.636363636363637,63.63636363636363,690,rolled,442.22487458165165,191.75475709119283,11.493309156494037,6.0,1.0009921134843935,435.7665338999379,1049.1079303641004,803.2920285911454,GA_cost
7.636363636363637,63.63636363636363,690,welded,408.40726388192076,204.44737205820422,12.52461633667212,6.000086349199014,1.0009906647733169,444.8810595912593,1469.8106210653143,984.5533994684761,GA_cost
7.636363636363637,74.54545454545453,355,rolled,624.49582015339,233.51211895922035,10.321155518516811,6.000437770029279,1.0009995494028565,531.4641683605804,759.9937607556299,1364.2685201816098,GA_cost
7.636363636363637,74.54545454545453,355,welded,615.6274042897031,253.22791421418918,11.495237567933248,6.0175426178311096,0.9976804901594715,562.770807264116,956.7103723489971,1625.844862186031,GA_cost
7.636363636363637,74.54545454545453,460,rolled,461.54198387793747,233.64016477904272,11.279794544094658,6.000890248715273,1.0009992879513232,497.5692636196636,797.3547449505111,1169.7853387698292,GA_cost
7.636363636363637,74.54545454545453,460,welded,476.51905598380233,239.51923547601544,12.534350624537131,6.014045102227268,1.0009958480918513,522.6931291979081,999.9119561555981,1382.5233267284668,GA_cost
7.636363636363637,74.54545454545453,500,rolled,449.5362617334675,225.82960814302857,11.338242980024006,6.039098349838991,1.0009930253412795,484.58788138409557,848.9979681849354,1076.46351970663,GA_cost
7.636363636363637,74.54545454545453,500,welded,459.29834269268713,239.33702806554695,12.2699047270627,6.000000751259834,1.0009982473743346,508.4475497734038,1066.5195804046919,1270.4070478638266,GA_cost
7.636363636363637,74.54545454545453,550,rolled,427.1364941809471,216.5806186781199,11.903111875434659,6.000207854473989,1.0009998201822843,476.8561238491853,912.2257649234915,1007.7877321428682,GA_cost
7.636363636363637,74.54545454545453,550,welded,450.1435114167763,231.39363157958294,12.341959206380508,6.004217816311178,1.0009016604328822,495.5243289351464,1219.6605300975002,1222.4558215400348,GA_cost
7.636363636363637,74.54545454545453,620,rolled,474.5601171579269,206.0472773164468,11.611764410012473,6.000326991310921,1.0009864640462953,471.6494933472965,999.8969258962687,930.5644503742161,GA_cost
7.636363636363637,74.54545454545453,620,welded,420.66103438863195,225.32805334643894,13.369112441106404,6.320625985593053,0.9628017805032237,510.41821574710553,1434.058401986138,1189.0002393680954,GA_cost
7.636363636363637,74.54545454545453,690,rolled,450.88879978740755,200.7615760536525,12.158703979077613,6.000051286763324,1.0009979226646963,468.38524445145396,1127.6374760168753,863.4213596218101,GA_cost
7.636363636363637,74.54545454545453,690,welded,414.43009330330835,214.06992495076761,13.385361074471431,6.000047817176672,1.0009977625570763,482.96741390511085,1599.315446178188,1070.406417138937,GA_cost
7.636363636363637,85.45454545454545,355,rolled,626.5630966362412,252.1976264401827,10.85054840083164,6.033163658193882,1.00099965774713,574.1759289550394,821.0715784057063,1473.9096096275857,GA_cost
7.636363636363637,85.45454545454545,355,welded,627.8520156728612,266.90851073558144,12.036119763931781,6.021652263323535,1.0007804141547274,603.1014745292298,1025.2725066996907,1742.3601599149447,GA_cost
7.636363636363637,85.45454545454545,460,rolled,545.2290978799833,234.0154334948649,11.493733842286282,6.001324938610254,1.0009998097710564,535.8669328435428,858.7267598817774,1259.8231591151693,GA_cost
7.636363636363637,85.45454545454545,460,welded,491.01412397790216,255.45981492842063,12.770846492843571,6.000049599752475,0.9994012332767878,558.5557901537323,1068.51722656409,1477.380064956622,GA_cost
7.636363636363637,85.45454545454545,500,rolled,462.00973217519646,233.38438299816144,12.225266078197304,6.005786008367342,1.0009964486623484,524.5810090450251,919.0659278468839,1165.3042534926187,GA_cost
7.636363636363637,85.45454545454545,500,welded,479.86887354883345,248.57598312028017,12.74877295634791,6.006290561558423,1.0009998419997805,543.5352529729188,1140.1195466359943,1358.0771830781348,GA_cost
7.636363636363637,85.45454545454545,550,rolled,453.17076720381425,227.18711599654628,11.965435656816874,6.006989559933219,1.0006539056099049,504.5001344444265,965.1087571921879,1066.210584134851,GA_cost
7.636363636363637,85.45454545454545,550,welded,472.78736448790374,237.96044147334197,12.912159555281038,6.002410357624564,1.000824220436243,529.1997908886251,1304.2744048613476,1306.676002704261,GA_cost
7.636363636363637,85.45454545454545,620,rolled,473.0249622312368,218.1712803647689,12.219193934712631,6.004397056919663,1.000999292638342,505.1308877974912,1070.8774821306815,996.6232416244501,GA_cost
7.636363636363637,85.45454545454545,620,welded,439.79069740683065,234.20163960399654,13.247269153433479,6.0038428447972825,1.0009970051108965,520.7119647313857,1461.3947477953686,1212.1327871177432,GA_cost
7.636363636363637,85.45454545454545,690,rolled,461.55590408680456,210.53629221090722,12.640963586008407,6.043447025836082,0.9917060185201286,500.9839437616811,1206.1188446062474,923.513801930283,GA_cost
7.636363636363637,85.45454545454545,690,welded,437.64677436800736,221.18854566665865,13.710913717520011,6.000670774803102,1.0009197406895478,511.15602867587995,1694.1338186327162,1133.5089546988997,GA_cost
7.636363636363637,96.36363636363636,355,rolled,628.763244905874,263.7220976574071,11.761469980949055,6.003430737249539,1.000355094914972,619.1699572008732,885.4130387972486,1589.4092801346417,GA_cost
7.636363636363637,96.36363636363636,355,welded,689.8152552130456,265.7433526693027,12.101007850480078,6.611887162460881,1.000998380427402,649.3582028463933,1103.9089448388686,1875.99584802323,GA_cost
7.636363636363637,96.36363636363636,460,rolled,496.51514600819,249.7605431691644,12.600856872162277,6.001154943060834,1.0009998450425976,574.2150860779188,920.1796754398648,1349.9796673691874,GA_cost
7.636363636363637,96.36363636363636,460,welded,518.4081064256222,263.6719003599124,13.008833003264165,6.001612246340577,0.9996793833390897,588.3804581313883,1125.5718164053458,1556.266311757522,GA_cost
7.636363636363637,96.36363636363636,500,rolled,537.2512535193388,232.98984309394467,12.625750543009188,6.007338603042025,1.0009995852603464,563.910134625469,987.9705558638217,1252.6699730570167,GA_cost
7.636363636363637,96.36363636363636,500,welded,499.9699806176896,255.24581823898987,13.30370854105908,6.000244435152542,1.0009998190009435,577.3780152100736,1211.1081247046502,1442.63670880389,GA_cost
7.636363636363637,96.36363636363636,550,rolled,463.5459892160091,235.08764596662624,12.732913095867108,6.000000446013909,0.9967326587664946,542.2630702627791,1037.3492534126963,1146.0187726933573,GA_cost
7.636363636363637,96.36363636363636,550,welded,473.24456266435857,251.97715291784476,13.441519009843164,6.00012912331108,1.0009779925506646,566.6127187590611,1398.1972659726569,1400.1891510348241,GA_cost
7.636363636363637,96.36363636363636,620,rolled,454.2049610037882,229.50816091003247,12.828454928657813,6.00071000366219,0.999503596347468,532.4994238658089,1128.898778595515,1050.621363287241,GA_cost
7.636363636363637,96.36363636363636,620,welded,472.7346842943203,236.81445908779583,13.594542270110408,6.000734616756463,1.000998720660682,546.2451168135101,1534.3587620446347,1272.2664650560616,GA_cost
7.636363636363637,96.36363636363636,690,rolled,477.0999195140036,216.4982142431773,12.978062454907286,6.2620133529772755,1.0009834444839463,531.5213180552826,1279.637573218093,979.806397703108,GA_cost
7.636363636363637,96.36363636363636,690,welded,451.89090454302186,228.91877622759546,14.135494515574784,6.003195661479727,1.0009999402649046,540.3982888520904,1793.0919392984679,1199.223895460007,GA_cost
7.636363636363637,107.27272727272727,355,rolled,634.1288831620135,245.4682121181143,14.613234811639947,6.001761775852442,1.0009667955470327,680.0741022648542,972.5059662387415,1745.7502205138805,GA_cost
7.636363636363637,107.27272727272727,355,welded,593.7726273204793,299.6606007052736,13.125713828310234,6.001184977921074,1.0009952564441675,675.7242430173945,1148.7312131295707,1952.167338077253,GA_cost
7.636363636363637,107.27272727272727,460,rolled,585.2028748561931,243.1835233234655,12.770287622138225,6.321381615431234,1.00099995832338,613.621475683566,983.3284147829145,1442.624089332064,GA_cost
7.636363636363637,107.27272727272727,460,welded,523.5877956209541,273.90083319094,13.751093350272717,6.0,0.9980222204318214,629.9898911130939,1205.1706616993488,1666.3232619941332,GA_cost
7.636363636363637,107.27272727272727,500,rolled,551.4459216221841,239.07924430936342,13.225333203849054,6.146332302566676,1.0009997528718182,601.140850873895,1053.1987707310643,1335.37428613127,GA_cost
7.636363636363637,107.27272727272727,500,welded,512.5523015642224,266.6108386918221,13.611755495432803,6.001485483430729,1.0008121014626994,609.691837680641,1278.8895987189126,1523.3760256288494,GA_cost
7.636363636363637,107.27272727272727,550,rolled,479.9991730113817,242.99120402051113,13.047680707961716,6.000568861611427,1.0009958925301257,570.552179414172,1091.4663192193107,1205.804975973911,GA_cost
7.636363636363637,107.27272727272727,550,welded,501.1943118864868,255.6731316086764,13.791254512372628,6.000000494555476,1.0005428904809883,593.0869900912077,1464.7165322609912,1466.399148985366,GA_cost
7.636363636363637,107.27272727272727,620,rolled,467.57282713483244,233.8700325068576,13.24143900718423,6.000268005779739,1.0009959192979763,556.4268925379158,1179.6250121803819,1097.830258977308,GA_cost
7.636363636363637,107.27272727272727,620,welded,483.1374014113501,244.76683159705178,14.098560544197449,6.006559523894422,1.0007432887062762,577.5352419781921,1624.2932448950855,1346.2358246543693,GA_cost
7.636363636363637,107.27272727272727,690,rolled,521.9777773951474,218.06596167932523,12.788694842891333,6.9121259567925275,1.0009999207353402,567.0346701733664,1365.1359684423796,1045.2717109975836,GA_cost
7.636363636363637,107.27272727272727,690,welded,458.70618345976425,234.9938609367418,14.904104852560653,6.000000137779868,1.0009999926389797,574.1656075874196,1909.0192968385688,1275.8133350875414,GA_cost
7.636363636363637,118.18181818181817,355,rolled,716.3845270138319,258.0715878125845,12.570788590450741,6.827050715286787,1.000998968798849,705.4291945541573,1008.7637482124451,1810.8367424205217,GA_cost
7.636363636363637,118.18181818181817,355,welded,673.2717315056022,296.7256984492233,13.476572355646809,6.480464861427933,1.0008586968978102,730.5034365477808,1241.855842131227,2110.424428186538,GA_cost
7.636363636363637,118.18181818181817,460,rolled,553.7359924505411,254.46013570472647,14.510544076087728,6.000510925478358,1.0009943512053523,662.992586407395,1062.4456197178506,1558.6955706437857,GA_cost
7.636363636363637,118.18181818181817,460,welded,550.9596581588976,277.6676725634414,14.051393559425119,6.008583773659153,1.0009856554912748,656.0948955612415,1255.109535208655,1735.3709987594839,GA_cost
7.636363636363637,118.18181818181817,500,rolled,515.2714592424127,259.9644428865372,13.258277371032783,6.0000339560766625,1.0009942153039764,618.4694099365735,1083.5584062088767,1373.8679472331044,GA_cost
7.636363636363637,118.18181818181817,500,welded,534.3972754006364,268.92042703375677,14.22751812127488,6.0038253709989,1.0004920180524728,640.8006848131625,1344.1435164640898,1601.104591074168,GA_cost
7.636363636363637,118.18181818181817,550,rolled,493.4107053953493,247.33003684362154,13.722865224796346,6.0000101734650695,1.0009999991707308,603.2398323009029,1153.997799191627,1274.887061584728,GA_cost
7.636363636363637,118.18181818181817,550,welded,504.15486759033126,264.68109372179833,14.452605254976126,6.003058715810871,1.000996272649189,629.6439352714294,1557.400769710602,1558.375351250648,GA_cost
7.636363636363637,118.18181818181817,620,rolled,478.8994661850967,239.9592094960794,13.601706447842036,6.0,1.0009850059206868,581.4577248356592,1232.6903766515975,1147.2160911007556,GA_cost
7.636363636363637,118.18181818181817,620,welded,486.3954373410414,254.49239283375152,14.594279888191272,6.000014191592179,1.0009998368715416,609.7360406205681,1716.9261141250079,1422.4012175809087,GA_cost
7.636363636363637,118.18181818181817,690,rolled,483.1363247697817,234.6199449584872,13.865163835091632,6.265152728187762,1.0009798100829619,589.0983615734943,1418.2543054881878,1085.9439197245795,GA_cost
7.636363636363637,118.18181818181817,690,welded,462.85202920556304,248.37818423696083,14.889019840283636,6.0,1.0009999968123424,599.1343985507367,1991.9571076681416,1331.2607124246515,GA_cost
7.636363636363637,129.09090909090907,355,rolled,725.170993518202,282.92419476178947,12.0874008391888,6.934727244557603,1.0009203982990615,736.4836425584671,1053.171608858608,1890.5535104475846,GA_cost
7.636363636363637,129.09090909090907,355,welded,642.8319255635633,296.61465045452405,16.16595059162786,6.062884084817586,1.0009992921536632,796.7653957149763,1354.5011727154595,2301.8552282205665,GA_cost
7.636363636363637,129.09090909090907,460,rolled,623.5896414681423,262.35653761382116,12.941281811483885,6.7944971789675375,0.9959912531864534,683.0279668355676,1094.552316853997,1605.7987500304191,GA_cost
7.636363636363637,129.09090909090907,460,welded,558.1034713290239,288.7365101345347,14.47522660492484,6.001942928620593,1.0009741931429077,691.4707607471045,1322.783565309211,1828.940162176091,GA_cost
7.636363636363637,129.09090909090907,500,rolled,526.4720511515305,264.2653321490622,13.972414264352137,6.001154778996111,1.000985562573533,653.1307747833669,1144.2851174204586,1450.8647031037713,GA_cost
7.636363636363637,129.09090909090907,500,welded,535.4703837824459,276.07726016347453,15.230489793203539,6.083617202753282,0.992273675045911,688.2857774098894,1443.748246694984,1719.75084343635,GA_cost
7.636363636363637,129.09090909090907,550,rolled,506.2043319861164,255.69174563759015,13.895732563564124,6.64283714178972,0.9982163523630924,647.3072240113855,1238.2987195337805,1368.0190872256621,GA_cost
7.636363636363637,129.09090909090907,550,welded,515.3009860609301,271.638740459336,14.927017020002541,6.000854096338907,1.0009998360002494,660.7552788980179,1636.144582720449,1636.5618885882104,GA_cost
7.636363636363637,129.09090909090907,620,rolled,525.9233145762145,231.35839268379598,15.260888367859536,6.449428802598809,1.000999821590146,645.5737285038741,1368.616304428213,1273.716966338144,GA_cost
7.636363636363637,129.09090909090907,620,welded,482.03407958244185,264.85745647809773,15.265854521011939,6.008868484450406,1.000999888190875,647.3850824187507,1825.9965850466454,1511.861782989295,GA_cost
7.636363636363637,129.09090909090907,690,rolled,505.4926774381511,229.26789183403665,15.025512081036426,6.585315713622775,0.9996513662383351,630.7281948759323,1518.4781291638074,1162.6843544342935,GA_cost
7.636363636363637,129.09090909090907,690,welded,497.0515327618569,249.50199459403223,14.880946698185088,6.631501264718496,0.9966329345635339,630.8949532420799,2101.028506510161,1403.3127799278407,GA_cost
7.636363636363637,140.0,355,rolled,749.9686105727983,279.2063087876754,12.864080097527726,7.172331065585927,1.0009360751384093,779.1023666819935,1114.1163843552508,1999.955775272677,GA_cost
7.636363636363637,140.0,355,welded,715.5282630075862,299.270346346477,14.870513750300226,6.8223567234742015,1.0009999729998036,814.0168767744378,1383.8286905165444,2351.694757001351,GA_cost
7.636363636363637,140.0,460,rolled,556.0519755290287,279.14691113743476,14.476182540661775,6.007445005412786,1.0009983450273439,708.0103364716139,1134.5865641957614,1664.5323010447642,GA_cost
7.636363636363637,140.0,460,welded,579.8830708759066,295.3504592327238,14.574988832269028,6.222836111580887,1.0009998800532576,721.538323421755,1380.302812705817,1908.468865450542,GA_cost
7.636363636363637,140.0,500,rolled,523.1652954334165,278.2314773647408,14.465828643000512,6.006295527799542,1.0009997522073453,693.516252510688,1215.0404743987256,1540.5770033272424,GA_cost
7.636363636363637,140.0,500,welded,545.6495517387417,281.32972811823345,15.743210072694268,6.048336760471959,1.0009984331879465,717.4210728920116,1504.8624424982836,1792.5482927279802,GA_cost
7.636363636363637,140.0,550,rolled,511.5973343141207,259.5136200609516,15.025726136828762,6.066490641430835,0.9916103326108181,674.7494827576597,1290.7957605154031,1426.015556860038,GA_cost
7.636363636363637,140.0,550,welded,530.3144404639793,278.14854659398287,15.190560635373028,6.197083310342895,0.9999524163785398,692.28566597767,1716.0464052652255,1715.8660064810642,GA_cost
7.636363636363637,140.0,620,rolled,495.9440145573769,251.33341769058137,14.44063335543484,6.1695989242689375,1.0009993389631493,638.265520316182,1353.122903070306,1259.2978715838271,GA_cost
7.636363636363637,140.0,620,welded,524.9460157551865,263.16540084556385,15.132768619794266,6.537990723042281,0.9972860669704471,671.3326593892177,1895.3871901736375,1568.7726474868437,GA_cost
7.636363636363637,140.0,690,rolled,528.919796250288,238.6835849705286,14.391763469539384,6.928912444002351,1.0009999582171243,650.548071067096,1566.1944810940333,1199.2203142050846,GA_cost
7.636363636363637,140.0,690,welded,493.3270419780962,256.1629858880936,15.703204811405431,6.3933370808184655,1.0003132270536306,659.3025270265803,2199.036015846597,1467.9503344623483,GA_cost
8.454545454545455,20.0,355,rolled,363.38764851843354,185.5772664670198,8.000029219968493,6.000001774385507,1.00099924270213,352.1662927796868,503.5977986749521,904.0108735654559,GA_cost
8.454545454545455,20.0,355,welded,348.3036167430056,202.4591409771904,9.134029187771851,6.001314876151841,1.0009663036322307,376.9170308168857,640.7589523887057,1088.9133020299826,GA_cost
8.454545454545455,20.0,460,rolled,328.1920472295538,174.09035418874652,8.620844283884228,6.024315367750688,1.0009998872404526,339.71339852470476,544.3907211358394,798.6661999315809,GA_cost
8.454545454545455,20.0,460,welded,344.9119089291452,186.37490895561493,9.016660949378059,6.003139015345147,1.000999981345743,353.29484371744826,675.8530360314784,934.4648616326508,GA_cost
8.454545454545455,20.0,500,rolled,331.13859233857954,167.98876475869162,8.73924754439234,6.000755913842696,1.0009999064729804,335.7770670777762,588.281421520264,745.8951768065721,GA_cost
8.454545454545455,20.0,500,welded,337.30120573669166,182.46930667425852,9.201564124651949,6.007185684201467,1.0009999746379497,350.00495250057054,734.1703883651968,874.5223743179256,GA_cost
8.454545454545455,20.0,550,rolled,329.5571814847032,166.55256212506126,8.94759620914625,6.000055160749936,1.0009996763975046,338.01336480326523,646.6195668686463,714.3574451752207,GA_cost
8.454545454545455,20.0,550,welded,320.4036749610747,179.35838550615787,9.634586322937578,6.186378945687562,0.9940524502241898,353.0136758851764,863.7742938742349,867.4954106761708,GA_cost
8.454545454545455,20.0,620,rolled,327.4232851520749,164.034382491065,9.433349603361165,6.035952470000261,0.987164841773689,345.45177898717793,732.3577714528174,681.5763599417021,GA_cost
8.454545454545455,20.0,620,welded,316.6471264787352,174.5435585074912,9.789676648527413,6.000013726590704,1.0009942015258577,345.105301333215,960.260742315014,798.9224553418275,GA_cost
8.454545454545455,20.0,690,rolled,347.0814992159734,158.96376568982456,9.355940542729648,6.001671412919964,0.9983308449237429,344.6195391678464,829.6715405465903,635.2716585020079,GA_cost
8.454545454545455,20.0,690,welded,326.3033232031035,164.94328903421436,10.195945051569167,6.000060445164737,1.0008361020559777,345.0476803544148,1132.8765440289142,760.5895746660851,GA_cost
8.454545454545455,30.909090909090907,355,rolled,546.8345787633059,190.28112182908035,8.266652112405055,6.004007785571742,1.000760369409541,441.1097550350656,630.7869497001437,1132.328741175013,GA_cost
8.454545454545455,30.909090909090907,355,welded,435.8799454652579,221.49295399852627,9.681257649697917,6.000136342583098,1.0009830736145306,450.4954099922312,765.8421969867932,1301.4812394675557,GA_cost
8.454545454545455,30.909090909090907,460,rolled,376.71860217108906,195.47340739888332,9.458996999771637,6.000004006236428,1.0009999990848633,407.3020841501678,652.7015898506437,957.5671998370445,GA_cost
8.454545454545455,30.909090909090907,460,welded,394.97704449205816,207.39391701764953,10.1324268128398,6.017798516777604,1.0009999998565287,428.5891153603735,819.8909776843946,1133.618210128188,GA_cost
8.454545454545455,30.909090909090907,500,rolled,366.14748894863106,183.5238650344099,10.434314258513481,6.0072792650895055,1.0009999807975998,411.4350614769282,720.8342277075781,913.9618455648482,GA_cost
8.454545454545455,30.909090909090907,500,welded,391.56421240730083,198.35533331858963,10.556294194133029,6.000217032582044,1.0009994433773066,425.4588476889922,892.44247891243,1063.051476835716,GA_cost
8.454545454545455,30.909090909090907,550,rolled,370.22936221159483,186.929366817009,9.905662965525854,6.012297811004557,1.0009999716959195,404.8885848134738,774.5518627481753,855.6915351447955,GA_cost
8.454545454545455,30.909090909090907,550,welded,381.9792391142255,195.51047332492743,10.575553641617624,6.000064514708615,1.000999994848883,418.13647372116736,1024.931880167847,1028.7271671761662,GA_cost
8.454545454545455,30.909090909090907,620,rolled,381.38897353792464,182.63669923182303,10.15373342946662,6.002181541145267,1.0009996875410385,409.48993929956083,868.118671315069,807.9236502380335,GA_cost
8.454545454545455,30.909090909090907,620,welded,370.0482463943135,191.22517859107876,10.765019659679753,6.000856985877153,1.0009999741276165,412.04642751882244,1149.3163034469897,955.382405425123,GA_cost
8.454545454545455,30.909090909090907,690,rolled,401.38434224227353,174.49322835415185,10.21567169621054,6.000698145077308,1.000999961144938,407.7442588803436,981.6443032544272,751.6357668200252,GA_cost
8.454545454545455,30.909090909090907,690,welded,360.90044904531845,186.22118491334595,11.117797322716447,6.000196919788051,1.0009691486195302,409.677154228656,1348.4094404298223,904.4747267018678,GA_cost
8.454545454545455,41.81818181818181,355,rolled,577.0911447510069,211.65045595620504,9.084838559248146,6.00002293273768,1.0008534669716689,501.6850620673885,717.4096387563654,1287.8255543269863,GA_cost
8.454545454545455,41.81818181818181,355,welded,471.02961794748506,240.80084148425794,10.839631845607842,6.003889980727606,1.0009932664003567,525.5188621076258,893.3820655829637,1518.223992628931,GA_cost
8.454545454545455,41.81818181818181,460,rolled,411.8087918817816,206.9283458791121,10.821973355454556,6.001213895329223,0.9982705715017464,475.2770992704564,761.6315515809064,1117.376460384843,GA_cost
8.454545454545455,41.81818181818181,460,welded,431.7069068225143,219.3240005441632,11.553791291848189,6.000069765497731,0.9980164477878148,499.066952318868,954.7150797859944,1320.0320888834058,GA_cost
8.454545454545455,41.81818181818181,500,rolled,401.2135294586978,206.70505258857108,10.48639237857593,6.000090892555818,1.0009967394741681,461.0924511074881,807.8339743403192,1024.270770890174,GA_cost
8.454545454545455,41.81818181818181,500,welded,429.72134678846294,217.06179094525544,11.128464752371935,6.010580454652801,1.000980701440563,483.17540543617446,1013.5087304429196,1207.2620680228254,GA_cost
8.454545454545455,41.81818181818181,550,rolled,398.6906757158129,200.67986869588944,10.939882576662722,6.000179675520652,1.000999228231634,463.53858701456625,886.7493169588652,979.6424497965843,GA_cost
8.454545454545455,41.81818181818181,550,welded,419.60469389203524,211.2341402292427,11.263837917297389,6.384146338998128,1.0009220732439477,484.0637691467842,1189.5119763426785,1192.898414515107,GA_cost
8.454545454545455,41.81818181818181,620,rolled,411.57118281054943,196.98651147563334,10.99131592637722,6.00000035047148,1.0009998025774016,464.6571849436544,985.0732320805474,916.7686258938301,GA_cost
8.454545454545455,41.81818181818181,620,welded,407.0249408964349,205.13327088192045,11.584227554656907,6.065302312119034,1.0009963070440902,469.94158778397815,1313.6838774253995,1091.1585659102122,GA_cost
8.454545454545455,41.81818181818181,690,rolled,428.70482723254116,187.3070252505766,11.15176217971572,6.001532636127366,1.000623998131128,461.0909094664578,1110.0763645404973,849.9749825104682,GA_cost
8.454545454545455,41.81818181818181,690,welded,391.43029258960684,200.0864749536813,12.044112978369531,6.013929774205312,1.0009998018749735,466.4951546556553,1539.2958128596777,1031.5672423399958,GA_cost
8.454545454545455,52.72727272727273,355,rolled,577.7390982576754,236.10063166573622,10.03168862147963,6.0020014312231735,1.0009943545581024,563.3566111165701,805.5999538966952,1446.1364207362353,GA_cost
8.454545454545455,52.72727272727273,355,welded,497.6831973196044,260.1550194910921,11.706016779144871,6.0013846556820125,1.0009995746024942,593.1352105537051,1008.3298579412987,1713.5676232896537,GA_cost
8.454545454545455,52.72727272727273,460,rolled,449.01622914271985,226.07693705071904,10.899929819010913,6.000227648987392,1.0009959873348546,522.0808566582571,836.6345727948569,1227.4120940035625,GA_cost
8.454545454545455,52.72727272727273,460,welded,465.16896018689044,239.55149032065648,11.688781829263235,6.000132900462121,1.0009995965345928,547.5997074222537,1047.5582402987711,1448.4012261318612,GA_cost
8.454545454545455,52.72727272727273,500,rolled,430.8705962102391,218.3211249270137,11.349254911859349,6.000069473743895,1.000998897885345,516.003078397924,904.0373933531629,1146.2492383531485,GA_cost
8.454545454545455,52.72727272727273,500,welded,458.87248802172235,231.48214305563556,11.846783039702288,6.0,1.0008475083034867,537.2976185564468,1127.0354846840025,1342.4918297251381,GA_cost
8.454545454545455,52.72727272727273,550,rolled,483.64071789980295,210.0803360147751,11.038979931841702,6.000000524764808,1.0009999753270218,516.2049564565635,987.500081701406,1090.9475549753015,GA_cost
8.454545454545455,52.72727272727273,550,welded,445.7461748920069,225.85580778115707,12.051326255979292,6.000008132744328,0.9972381995127104,529.1925790204392,1301.634336124178,1304.9223105622389,GA_cost
8.454545454545455,52.72727272727273,620,rolled,469.7386031844026,203.22935839838104,11.39612350853752,6.000233790882928,1.000999443542103,509.6763228639809,1080.5138044716396,1005.5913850106342,GA_cost
8.454545454545455,52.72727272727273,620,welded,409.08519591381224,221.96420508655052,12.695277606583858,6.000568739524753,1.000999996211931,526.8426048120634,1476.5708419427926,1225.3198857417592,GA_cost
8.454545454545455,52.72727272727273,690,rolled,457.5006339249786,196.61890509013574,11.937618516287092,6.000297122729529,1.0009507570916845,508.4475962591278,1224.0875879938505,937.272298944076,GA_cost
8.454545454545455,52.72727272727273,690,welded,412.68748500438585,209.95225652776858,13.166744567008026,6.0,1.0009990334807766,520.7844488197875,1723.5376311516347,1153.7919798984994,GA_cost
8.454545454545455,63.63636363636363,355,rolled,622.460797860588,241.38154307264907,10.94913457700928,6.000013976675352,1.0009983335572803,619.4595467090721,885.8271517939731,1590.152656402188,GA_cost
8.454545454545455,63.63636363636363,355,welded,531.1894714104961,275.5751094365372,12.252977604375285,6.019975111962948,1.000992762879488,650.6373807286196,1106.0835472386536,1879.691392924982,GA_cost
8.454545454545455,63.63636363636363,460,rolled,551.1441668190595,230.12749943167975,11.13659935044461,6.0001223844085185,1.0009999157296967,578.3266524885282,926.7684606128665,1359.6459600005296,GA_cost
8.454545454545455,63.63636363636363,460,welded,482.72385315129185,251.5857010076837,12.724664378350502,6.00001273025601,1.000999607170157,607.0259682375429,1161.2406772384195,1605.5836859883013,GA_cost
8.454545454545455,63.63636363636363,500,rolled,451.75438150445655,232.76185856498932,11.936479434923358,6.00270529217943,1.000999988855727,566.2147258038723,992.0081996083844,1257.7893919007217,GA_cost
8.454545454545455,63.63636363636363,500,welded,484.4296030900196,243.3803619516223,12.53465620823917,6.000071089700421,1.0009343974628306,587.8609973876866,1233.0972281204115,1468.8294880728733,GA_cost
8.454545454545455,63.63636363636363,550,rolled,502.8385750433613,219.89291473324616,11.915696131037171,6.000032012388226,0.9999477941261022,565.465760906409,1081.7360006139602,1195.0553390996047,GA_cost
8.454545454545455,63.63636363636363,550,welded,465.12383399132773,236.01074174302286,12.962314448784413,6.004605406890238,1.0009993558825803,581.1004747227199,1432.3642984544636,1434.942402261184,GA_cost
8.454545454545455,63.63636363636363,620,rolled,480.91791837145075,215.1409182903882,12.135883518953289,6.000021978375798,1.0009565851957278,554.8263227226879,1176.2318041720982,1094.6723347318632,GA_cost
8.454545454545455,63.63636363636363,620,welded,431.68422816260346,234.18751119662903,13.240916998449716,6.004686208491135,1.0009998133692335,573.0778362357345,1608.3393331604632,1334.0203228557261,GA_cost
8.454545454545455,63.63636363636363,690,rolled,463.48838058969983,209.75011540373166,12.546484603268855,6.026224683866048,1.0009990632671897,550.8810333022327,1326.2460876751254,1015.4940967893358,GA_cost
8.454545454545455,63.63636363636363,690,welded,432.14069984031323,222.74844868452016,13.60639785448422,6.000001240756474,1.0009570225140871,563.5439096811558,1867.2400265762108,1249.4579837232475,GA_cost
8.454545454545455,74.54545454545453,355,rolled,621.4912386739403,264.92459822372984,11.55695626754414,6.006815543646259,1.0009994432302516,677.1993925313101,968.3951313197734,1738.3708406278727,GA_cost
8.454545454545455,74.54545454545453,355,welded,567.4968021009959,286.61679066826207,12.748416630549723,6.003249259914146,1.0004819845338044,700.9529568535656,1191.6200266510618,2025.0530923499512,GA_cost
8.454545454545455,74.54545454545453,460,rolled,496.45998395720056,249.1901591687499,12.322353922859811,6.000366109291892,1.0009973503450513,625.2478193574727,1001.9596305203501,1469.9576233094185,GA_cost
8.454545454545455,74.54545454545453,460,welded,516.1196135936871,259.6529317564455,13.289009866539267,6.0000133598419865,1.0009971325174463,652.9512013089098,1249.0956481039443,1727.0559274620666,GA_cost
8.454545454545455,74.54545454545453,500,rolled,475.459552706521,241.27886489931407,12.679104061751723,6.001416714720184,1.0006431607026718,614.6110212748599,1076.7985092735546,1365.296922659974,GA_cost
8.454545454545455,74.54545454545453,500,welded,501.8783115020454,254.60177957584295,13.281191868674165,6.000013917656561,1.000995486734028,638.1123048160924,1338.5043705822354,1594.3874048134885,GA_cost
8.454545454545455,74.54545454545453,550,rolled,462.1700091668877,233.33729039195296,12.822311243313296,6.009018512022761,0.9971455059240931,599.7880178164347,1147.3944780828394,1267.591996853253,GA_cost
8.454545454545455,74.54545454545453,550,welded,484.2520044283282,249.42909443309458,13.354761265657402,6.000049180462786,1.000999538731689,624.3526582445302,1540.3675314096586,1542.6676002821257,GA_cost
8.454545454545455,74.54545454545453,620,rolled,482.8404597255568,226.04691747253764,13.133721490846684,6.00782943205874,0.9962344690149626,604.9275063416437,1282.4463134442847,1193.521970012063,GA_cost
8.454545454545455,74.54545454545453,620,welded,465.1830025732823,240.57828865745714,13.658132068290138,6.347337006500038,1.0009995026687502,620.6080605665479,1745.004610904192,1446.4094810112829,GA_cost
8.454545454545455,74.54545454545453,690,rolled,462.82956875324453,215.33016644630317,14.103564272774916,6.0013151696023215,1.0007491574817882,605.0295696278099,1456.6086888789523,1115.3115086519047,GA_cost
8.454545454545455,74.54545454545453,690,welded,445.6252683316538,230.94240669960698,14.675154738406277,6.000000436543625,0.9950383480082575,615.6233595726818,2045.6147072561291,1367.4030059310287,GA_cost
8.454545454545455,85.45454545454545,355,rolled,630.0405985616839,281.8370444294057,12.249990076358962,6.0,0.999943504895988,734.3744173629773,1050.1554168290575,1885.1391293707627,GA_cost
8.454545454545455,85.45454545454545,355,welded,643.0688647528569,270.1218828750266,15.340603334134963,6.1111818930851705,1.0002484397609326,798.4143828689866,1357.3044508772773,2306.6191521085025,GA_cost
8.454545454545455,85.45454545454545,460,rolled,512.2782117997398,259.90732720994515,13.050103093182562,6.0,1.0009847135553926,676.0089119589451,1083.304281414209,1589.2969520154797,GA_cost
8.454545454545455,85.45454545454545,460,welded,519.6439202716924,275.98256327282917,14.002725024203478,6.000621519290586,0.9992827853601368,708.755919791617,1355.850074561363,1874.6594078488267,GA_cost
8.454545454545455,85.45454545454545,500,rolled,491.81831762575365,247.9837503248944,13.622425795282279,6.000000248151227,1.0009401484511813,665.069407974362,1165.201602771082,1477.3851828742477,GA_cost
8.454545454545455,85.45454545454545,500,welded,514.0071664837583,263.05261559530896,14.301907014463685,6.0001343714090885,0.9978985299473851,692.6710043176131,1452.9466986566251,1730.707771387988,GA_cost
8.454545454545455,85.45454545454545,550,rolled,479.0771970175075,246.02300883363546,13.098635029437151,6.000000049869208,1.0008795768864494,638.4971722859393,1221.4450905830017,1349.3999239091038,GA_cost
8.454545454545455,85.45454545454545,550,welded,511.16151740603385,256.53595064049,13.873179788798474,6.002216312762492,1.0006785062605728,664.9760692194895,1642.578488277448,1644.3564889257852,GA_cost
8.454545454545455,85.45454545454545,620,rolled,525.6380771888396,222.4196062592832,14.042313651405676,6.481192414544301,1.0009999997721812,660.0234023372782,1399.24961295503,1302.22617281145,GA_cost
8.454545454545455,85.45454545454545,620,welded,476.48230502198504,249.22036091388173,14.539165995479895,6.02114857268315,1.000999945671166,659.7527015052252,1857.6100556346698,1538.9977479103948,GA_cost
8.454545454545455,85.45454545454545,690,rolled,520.8578472793148,221.63510884838925,13.651045070456798,6.784168335795892,0.9810704181282801,655.0168157526522,1576.9529839245101,1207.4579981584388,GA_cost
8.454545454545455,85.45454545454545,690,welded,461.9500480807952,239.5287549978461,15.080701234904035,6.000016637544209,1.0009999040015254,651.4211089474557,2166.8997426025953,1447.910589627898,GA_cost
8.454545454545455,96.36363636363636,355,rolled,667.8921740287947,252.9613933536447,15.0981062454397,6.294863223636947,1.0009999877485045,812.0358815660367,1161.2113106394324,2084.496107980016,GA_cost
8.454545454545455,96.36363636363636,355,welded,589.7923450635775,300.0,15.334107923028398,6.000000005794839,1.0009517764754645,833.2664290091839,1416.5529293156123,2407.306713407532,GA_cost
8.454545454545455,96.36363636363636,460,rolled,591.3439903286527,237.90716951527574,15.422792186414187,6.308165125271145,1.0009993458917779,757.7791092435986,1214.3410225628666,1781.5386858317001,GA_cost
8.454545454545455,96.36363636363636,460,welded,556.0314448018589,284.83876132473347,13.992850920486086,6.002401352938386,1.000965072184963,739.4049356394738,1414.4816418783132,1955.7260547664087,GA_cost
8.454545454545455,96.36363636363636,500,rolled,578.2139146172257,254.54925073241614,13.209120803530206,6.502024433694025,1.0009951128976953,718.6452374014203,1259.0664559272886,1596.398530363515,GA_cost
8.454545454545455,96.36363636363636,500,welded,544.8059380038966,275.6473369081928,14.043298921343743,6.123242990236143,1.0006188832790104,723.8109910879015,1518.2659349059822,1808.5141423322304,GA_cost
8.454545454545455,96.36363636363636,550,rolled,499.46819602404355,254.2303462352869,13.61809545975635,6.0,0.9960955769500875,679.9779406653893,1300.7978004928898,1437.0653798022336,GA_cost
8.454545454545455,96.36363636363636,550,welded,513.0696438904619,268.86297702848555,14.603382482718791,6.000007923354794,1.0009883480575767,713.8428160224558,1766.2688978987744,1767.1691830781117,GA_cost
8.454545454545455,96.36363636363636,620,rolled,485.96424539695334,243.68703906353818,14.561156666145289,6.0004793391107185,1.0009906467588892,685.5767427728489,1453.4226946784397,1352.642913490831,GA_cost
8.454545454545455,96.36363636363636,620,welded,489.38589880365214,252.21967290951434,15.739634095116633,6.00000089349826,1.0009990459059661,709.2854479595678,2002.879030392378,1657.6418935517806,GA_cost
8.454545454545455,96.36363636363636,690,rolled,539.9918269673997,224.88382075685305,14.127747665291515,7.037944025185652,1.000999891817718,693.7840478333021,1670.285095158675,1278.9215137759095,GA_cost
8.454545454545455,96.36363636363636,690,welded,477.16631226843214,244.34863274562275,15.914131472910482,6.166479172798401,1.0009986980432175,698.4162923489896,2329.397630400058,1554.9960243531184,GA_cost
8.454545454545455,107.27272727272727,355,rolled,750.0,263.16126720495885,13.974619409662036,7.167504686124556,0.9708285591379948,873.2049925002809,1248.6831392754018,2241.5172157482207,GA_cost
8.454545454545455,107.27272727272727,355,welded,733.0932637539587,299.3308417978737,13.977858402121438,7.02484412317772,1.0009967206597312,884.1230436493504,1503.0091742038956,2554.231473102973,GA_cost
8.454545454545455,107.27272727272727,460,rolled,549.2626896604648,277.0133430773784,14.152087441564872,6.390988554407518,0.9973688490955541,778.4043781462907,1247.3930159794309,1830.02869302193,GA_cost
8.454545454545455,107.27272727272727,460,welded,567.7173786555223,295.23236643245934,14.562006824790698,6.1013560711898664,1.0009999467468371,788.7527475606586,1508.8840060835396,2086.2510172979414,GA_cost
8.454545454545455,107.27272727272727,500,rolled,527.8878685652543,273.38754238411406,14.174044641006393,6.022618460667243,0.9917998444668896,749.7268089768368,1313.521369327418,1665.4431334611452,GA_cost
8.454545454545455,107.27272727272727,500,welded,529.936465954562,286.5905809380064,15.483578889057357,6.0031184884489495,1.0009262667029237,787.8080794163787,1652.506227383796,1968.4172672297636,GA_cost
8.454545454545455,107.27272727272727,550,rolled,516.3625449393976,263.0486893378924,13.939066481295054,6.032749753980659,1.0005039243754927,716.3928272783068,1370.4594785834008,1514.0246011699733,GA_cost
8.454545454545455,107.27272727272727,550,welded,516.5590533798377,281.07948464623706,15.213851082660742,6.0,1.0000109220493927,761.2026239721353,1886.1192264807949,1886.177567606932,GA_cost
8.454545454545455,107.27272727272727,620,rolled,519.7091044941797,255.0286836141154,14.359769694880079,6.3940562733879025,1.0008372607188611,729.181060985556,1545.8638492893785,1438.674233324502,GA_cost
8.454545454545455,107.27272727272727,620,welded,486.2506664426437,267.99061907140623,16.090921160508913,6.000457867168857,1.0009999525341917,753.2159926863753,2128.7682815729536,1761.291931075547,GA_cost
8.454545454545455,107.27272727272727,690,rolled,510.76031577304184,241.744857709382,14.852393622917898,6.740715702956751,1.0009999853509415,726.3878055343465,1748.7786418239396,1339.0232807220143,GA_cost
8.454545454545455,107.27272727272727,690,welded,493.6699075676439,250.5050603985196,16.387647713767105,6.369545037021296,1.0009999997895227,739.7441580743626,2471.660258167631,1648.8953932083139,GA_cost
8.454545454545455,118.18181818181817,355,rolled,726.8335027793931,289.31541716233977,13.93896864284858,6.912150044043913,1.0009791609769787,898.7342206367978,1285.1899355106207,2307.05074437466,GA_cost
8.454545454545455,118.18181818181817,355,welded,749.9615870272626,299.938884306308,15.108313035858478,7.188054794477979,1.0005513727720914,944.8643804933292,1606.2694468386594,2729.7131952452282,GA_cost
8.454545454545455,118.18181818181817,460,rolled,705.6263779068925,262.7613705773116,12.75227687195811,7.648726314566953,1.0009998446977957,829.5266827440529,1329.3165090973448,1950.2172311312684,GA_cost
8.454545454545455,118.18181818181817,460,welded,593.3383273569134,299.71162444448504,14.837604984834615,6.851519453180136,1.0009997729635913,846.5894875807718,1619.5256897420163,2239.229194651142,GA_cost
8.454545454545455,118.18181818181817,500,rolled,536.8457742710962,284.48497938693384,14.531061701384347,6.000134569452812,1.0009997329185745,788.4694774106198,1381.398524423406,1751.5060971199512,GA_cost
8.454545454545455,118.18181818181817,500,welded,539.1698157875102,296.624906261975,16.065128339351993,6.000423918022739,1.0006474031541022,834.4529023529138,1750.3484079754721,2084.96402181899,GA_cost
8.454545454545455,118.18181818181817,550,rolled,515.3833027200429,268.2428596213881,15.185194872798983,6.000071675085252,1.0007535728186696,770.5073836766078,1473.9806249733506,1628.390304662143,GA_cost
8.454545454545455,118.18181818181817,550,welded,522.118445099388,285.58925112545364,16.300123104006452,6.042599791963174,1.0009994974557965,814.2209466948148,2022.76506697207,2021.0439508516617,GA_cost
8.454545454545455,118.18181818181817,620,rolled,516.0642858045168,258.50219888181,14.765094221056051,6.504494514308204,1.000994742628086,752.495112727821,1595.2896389829803,1484.672857411991,GA_cost
8.454545454545455,118.18181818181817,620,welded,491.36627831943787,279.3473675343654,16.507929082873304,6.004326000167846,1.000997488914411,794.7575444106247,2248.4954839609804,1859.6706431558655,GA_cost
8.454545454545455,118.18181818181817,690,rolled,541.1176115581964,247.619987556363,14.697033026272498,7.03096871357565,1.0009855160313434,757.9441508684605,1824.7505432158187,1397.1942477109203,GA_cost
8.454545454545455,118.18181818181817,690,welded,513.010504586134,261.06173265303323,16.135189596819426,6.6530626269681745,0.9997710305620778,771.3944084377624,2577.6229927351424,1719.5342568552023,GA_cost
8.454545454545455,129.09090909090907,355,rolled,743.0415797225071,293.59764624449093,14.672630790125204,7.092976628753486,1.0008735915476332,953.1683843794896,1363.0307896626703,2446.7832427021494,GA_cost
8.454545454545455,129.09090909090907,355,welded,746.8494859247161,280.1483565783099,18.84516233861405,7.038602029692103,1.0009998690318758,1032.0498916110928,1754.4848157388576,2981.592136864447,GA_cost
8.454545454545455,129.09090909090907,460,rolled,587.1406648868324,297.38690222255036,14.587280777765384,6.2692602036267076,1.0009740310511221,848.3762073244317,1359.5228722374015,1994.5324634197389,GA_cost
8.454545454545455,129.09090909090907,460,welded,594.977615933982,299.73289960389513,16.86766295532298,6.4856238247382105,0.9817938840270715,912.6682525147909,1745.9343670607948,2414.007527901622,GA_cost
8.454545454545455,129.09090909090907,500,rolled,548.0295819201756,285.8942238935794,15.573699963517765,6.046306693642245,0.9997338500599252,838.3359552206322,1468.7645935465475,1862.2794909271124,GA_cost
8.454545454545455,129.09090909090907,500,welded,566.8915100673614,298.12950093495294,16.46007769073521,6.282189282188268,1.0009992032908406,874.001167145251,1833.3048482038787,2183.779316229124,GA_cost
8.454545454545455,129.09090909090907,550,rolled,539.5805046977182,279.5832045353577,14.856464916006004,6.261067107065019,1.0006766212461742,801.3645229361647,1533.010332376883,1693.6037827732905,GA_cost
8.454545454545455,129.09090909090907,550,welded,570.6178464295521,289.62959190517256,15.61098856441576,6.662529270023721,1.0004735961708167,838.6647989510703,2083.15763907267,2081.4974735835563,GA_cost
8.454545454545455,129.09090909090907,620,rolled,527.974504010278,265.4895882425436,14.987904148982981,6.693149084571797,1.0003084779827982,786.8622748002506,1668.1480225765315,1552.4792681808945,GA_cost
8.454545454545455,129.09090909090907,620,welded,530.6053655574381,281.68809889287496,16.242450549770826,6.525032580404314,1.0009999827758311,823.022683364514,2329.9195267891323,1926.5872608534708,GA_cost
8.454545454545455,129.09090909090907,690,rolled,598.6507905204433,244.052128914563,14.536623161982513,7.842268592611664,1.0009980221190602,805.7280537189782,1939.7902893284402,1485.2790942255647,GA_cost
8.454545454545455,129.09090909090907,690,welded,509.79679240357507,265.63323804289473,17.370809921950038,6.564898571590726,1.0009999562819119,819.4624090236816,2746.5534511128194,1830.224321072068,GA_cost
8.454545454545455,140.0,355,rolled,748.6363393446844,282.2321101032277,16.933752822451652,7.054222649069841,1.0009992950181408,1017.4685533541946,1454.9800312964983,2611.8417764602173,GA_cost
8.454545454545455,140.0,355,welded,749.966855242674,298.6669369844615,18.55382116828863,7.278005339383522,1.0009999940369827,1079.8779495585168,1835.7925142494785,3119.7673962745553,GA_cost
8.454545454545455,140.0,460,rolled,691.8275087994894,286.92536029604895,14.120356866017708,7.472986663223794,1.0009999340782354,910.2429216663312,1458.6642819702956,2139.9811088375445,GA_cost
8.454545454545455,140.0,460,welded,692.1382158559486,300.0,16.221308305593222,7.68177494606461,1.0003202453792404,982.2768400872533,1879.0955950869154,2598.1222420307845,GA_cost
8.454545454545455,140.0,500,rolled,580.3117366288077,292.813825946696,15.20000371970369,6.765043433956656,0.9975647764001544,879.5645838500238,1540.9971509052418,1953.864766564443,GA_cost
8.454545454545455,140.0,500,welded,584.4575710484634,299.94022550427746,17.107461958157554,6.695065031169465,1.000701541864509,925.5933815010922,1941.5246770366912,2312.6876230186285,GA_cost
8.454545454545455,140.0,550,rolled,540.6484358436411,276.3159731348843,16.556690993753666,6.222130136748645,1.000976982131483,857.6820397216494,1640.7457419875152,1812.6252227477337,GA_cost
8.454545454545455,140.0,550,welded,581.2482567911782,296.08049110633027,16.112073643692245,6.784496960032438,1.0009914446665524,880.4266119769379,2190.0385959183845,2187.231350736176,GA_cost
8.454545454545455,140.0,620,rolled,590.5283591797676,267.1081477167764,15.059091392989664,7.30166216625918,1.0009999430022618,845.7678819781338,1793.0279097936439,1668.700031142858,GA_cost
8.454545454545455,140.0,620,welded,564.6381238816018,283.2751348677332,16.252285652315678,6.976111587368493,0.998884661664351,857.4742452245429,2430.191691704234,2008.6983555526135,GA_cost
8.454545454545455,140.0,690,rolled,582.4041613739893,256.14423415013937,15.128588351003087,7.602248894948407,1.0009999806818914,832.5986744071706,2004.4813086352635,1534.8123964021784,GA_cost
8.454545454545455,140.0,690,welded,541.3546939616999,275.6292414547698,16.453024964667254,7.137024309164664,1.000999830650672,842.7882973644006,2822.158955616737,1881.2245146776208,GA_cost
9.272727272727273,20.0,355,rolled,387.18723916851235,198.86742822992596,8.643930552224955,6.003108572740386,1.0009961260253861,432.4846776390122,618.4530890237875,1110.1881674993444,GA_cost
9.272727272727273,20.0,355,welded,415.31835428633605,209.26245750992237,9.116821394808497,6.001603310270647,1.0009999717091675,451.21350800589676,767.0629636100244,1303.5558246290354,GA_cost
9.272727272727273,20.0,460,rolled,364.42622674731905,185.4883067752148,8.974141332732318,6.000010902355751,1.000996605837316,413.3410956863681,662.379105837405,971.7649159586514,GA_cost
9.272727272727273,20.0,460,welded,369.42702619035924,199.99145640003687,9.69399306574887,6.000081756591572,1.0005864569793095,435.1218126611072,832.3880276206979,1150.8971944886284,GA_cost
9.272727272727273,20.0,500,rolled,358.26005244777286,180.25923348096427,9.315977099488597,6.013338252718679,1.0009999667279146,412.7917452213598,723.2111376278224,916.9755828347288,GA_cost
9.272727272727273,20.0,500,welded,357.97103522423674,195.8151811997335,9.997728174339729,6.000020044225043,1.00096200414864,432.61632877718256,907.4560112430182,1080.9351590826684,GA_cost
9.272727272727273,20.0,550,rolled,354.31351453994705,178.98315933174044,9.610556392833395,6.004021836217285,1.000999998118189,416.7108828214987,797.167918837527,880.6767797549554,GA_cost
9.272727272727273,20.0,550,welded,350.9237749595675,182.97303376306127,11.14456182857519,6.000942548736406,1.0009998950606804,440.4160262121038,1080.9840464571619,1084.4945423999864,GA_cost
9.272727272727273,20.0,620,rolled,351.29092350429903,176.29811905262704,10.018257322929967,6.001114071675647,1.0008850521209325,421.9186819650902,894.4676057659912,832.4455595171229,GA_cost
9.272727272727273,20.0,620,welded,348.35371287183165,185.46028162821884,10.417789183684135,6.008464900292894,1.0009991651176806,424.5204722941664,1183.10965549736,983.7708106626983,GA_cost
9.272727272727273,20.0,690,rolled,370.83152458168166,170.93360200331932,10.088981217295629,6.002460655072075,1.0008510966645414,424.4852679625255,1021.9482826197802,782.4961429621195,GA_cost
9.272727272727273,20.0,690,welded,342.4788940875839,180.39870521466617,10.784513117508698,6.001184620846722,1.0009999790180593,423.4148018160805,1392.3819156693191,934.2745782201382,GA_cost
9.272727272727273,30.909090909090907,355,rolled,438.09845506184877,228.21598455833094,9.761517380871007,6.0000002401322305,1.000970058350168,532.4849557822462,761.4534867686122,1366.8888814930258,GA_cost
9.272727272727273,30.909090909090907,355,welded,466.77572884316623,238.96909410622962,10.243875321321687,6.0000513500346555,1.0009999089544999,551.2957800873357,937.2028261484706,1592.6935086723129,GA_cost
9.272727272727273,30.909090909090907,460,rolled,494.9386689987973,200.84574306120345,9.699883554636441,6.001448207247302,1.0009998207862836,515.9271774022518,826.7733017871084,1212.944794072694,GA_cost
9.272727272727273,30.909090909090907,460,welded,427.2253256041075,216.17100609056826,11.323496701525851,6.006093510715817,1.0009985639949646,533.2340733299675,1020.0767822802277,1410.404123957764,GA_cost
9.272727272727273,30.909090909090907,500,rolled,403.1827645756271,203.47832116636363,10.185103305797833,6.010177832166435,1.0009999833247605,492.64525811520036,863.1144922178312,1094.362176377106,GA_cost
9.272727272727273,30.909090909090907,500,welded,394.8549286283108,219.67203303612646,11.433360748821828,6.001013495241622,1.0009792153812909,528.1333818974585,1107.8125818681092,1319.5940680089898,GA_cost
9.272727272727273,30.909090909090907,550,rolled,399.8841245831669,200.5111048941947,10.552807141268694,6.03451427310722,0.9974543256384925,498.1472857648997,952.9557576682531,1052.784473735539,GA_cost
9.272727272727273,30.909090909090907,550,welded,406.24065877125713,210.30091034347564,11.397155052905594,6.000002485453099,1.000999999024578,516.4036917268173,1268.238807852578,1272.102827142819,GA_cost
9.272727272727273,30.909090909090907,620,rolled,438.66286281928785,191.7629570589945,10.659633395924825,6.0512193255944124,1.0009999229305917,505.48681900656845,1071.6320562939252,997.3254938999595,GA_cost
9.272727272727273,30.909090909090907,620,welded,397.62711005285297,205.06677648909115,11.558184386955203,6.000676364834578,1.000999636691105,508.64227160200124,1421.5485374227371,1180.84688538305,GA_cost
9.272727272727273,30.909090909090907,690,rolled,414.43364957558265,189.748649645692,11.120635158874213,6.006896938522473,1.0009868338842391,502.61509260390994,1210.0458354439131,926.5206617060475,GA_cost
9.272727272727273,30.909090909090907,690,welded,382.7767090858348,201.7731799038723,12.101448577846075,6.0002829266556414,1.0007405307455262,512.0869457108263,1689.9329529486631,1132.4692447783373,GA_cost
9.272727272727273,41.81818181818181,355,rolled,599.2538617722723,229.2575406321819,10.00230545275635,6.002327882432868,1.000999995506785,616.2627161502741,881.2556840948919,1581.9463923577534,GA_cost
9.272727272727273,41.81818181818181,355,welded,500.67294088205455,262.443213428961,11.402475446677196,6.024961845483012,0.9983183425191339,645.2288818019914,1096.8890990633854,1864.066239525953,GA_cost
9.272727272727273,41.81818181818181,460,rolled,432.18321926329514,229.5524433329568,11.172073449950524,6.010774920976544,1.0009999832821732,580.3061697721705,929.9406370599032,1364.2998051343727,GA_cost
9.272727272727273,41.81818181818181,460,welded,461.8387295043407,241.56683151082558,11.773447099795503,6.000760352588888,1.0005540848803955,605.4917342295555,1158.3056875811396,1601.5256370371744,GA_cost
9.272727272727273,41.81818181818181,500,rolled,425.3133258005352,213.73881471235546,12.12122839177257,6.000134961585375,1.0009375765106554,579.9568358983153,1016.0843764938483,1288.3161152645177,GA_cost
9.272727272727273,41.81818181818181,500,welded,454.80734902324286,232.30115974290106,12.185992985233035,6.000807512120109,0.9978861724319807,600.1319557517611,1258.8367903848941,1499.4897046413505,GA_cost
9.272727272727273,41.81818181818181,550,rolled,492.94079491913095,211.3517405439176,11.09848329664543,6.002064700812308,1.000996689809294,574.5126271722578,1099.0426557805292,1214.1749862658496,GA_cost
9.272727272727273,41.81818181818181,550,welded,436.64163451934405,227.91640320717016,12.4275304725652,6.000161882611696,1.0009818643276756,592.2022472044155,1457.8961675528262,1461.1431566615638,GA_cost
9.272727272727273,41.81818181818181,620,rolled,465.7503439366584,205.95592197483091,11.761316079869792,6.003024451739912,1.0009990487223603,573.1771365434657,1215.1355294721475,1130.878490400258,GA_cost
9.272727272727273,41.81818181818181,620,welded,424.96148755139353,222.31196934789,12.558322380568985,6.001853752415568,1.0009997887251583,581.1292093633604,1628.1717458268506,1351.2864151763154,GA_cost
9.272727272727273,41.81818181818181,690,rolled,448.9362000857445,203.74311641652704,11.957651034176513,6.011711861105106,1.000999161036382,567.7010615912178,1366.740305780857,1046.5001369372508,GA_cost
9.272727272727273,41.81818181818181,690,welded,420.9877248277762,214.88443124316575,12.888014521630284,6.004332012276746,0.9999482854933008,575.9107233217197,1904.5814776320453,1275.3285837667104,GA_cost
9.272727272727273,52.72727272727273,355,rolled,608.9369524384269,254.37444166202874,10.874977717137472,6.003656621365675,1.0009675163235623,692.2995573288919,989.9883669803154,1777.1329636632652,GA_cost
9.272727272727273,52.72727272727273,355,welded,538.3535869693313,277.9795881165217,12.35850026251669,6.000252936892391,1.000993470714397,724.4712535571947,1231.6011310472309,2092.9974515267354,GA_cost
9.272727272727273,52.72727272727273,460,rolled,556.6893714355914,233.76738844299325,11.405548895658786,6.004808053613132,1.0009992852254648,652.5882377755934,1045.7726510353882,1534.2349470104202,GA_cost
9.272727272727273,52.72727272727273,460,welded,493.3067750986095,252.06564821007544,13.053598380893593,6.002379356713517,1.0009998549741048,683.1453444500986,1306.8570439330388,1806.919436070511,GA_cost
9.272727272727273,52.72727272727273,500,rolled,460.27487232178356,233.6256450452955,12.20212338280828,6.003364761032122,1.000999996015047,635.7598514407761,1113.8512597242395,1412.27693399054,GA_cost
9.272727272727273,52.72727272727273,500,welded,472.3165838551799,248.3493373829635,13.283979591867112,6.00159078398065,1.000997947043031,675.0145502260235,1415.910520554107,1686.5913551947424,GA_cost
9.272727272727273,52.72727272727273,550,rolled,456.53567977302725,229.7097679738829,12.303101252767044,6.001156774300622,1.0006551235343408,630.1203027510297,1205.4201391627196,1331.6962478340258,GA_cost
9.272727272727273,52.72727272727273,550,welded,472.2264724476732,241.82628050298413,13.061186682493359,6.000407534812247,1.0009956655344332,654.6729042654018,1614.070004126721,1616.8542511173541,GA_cost
9.272727272727273,52.72727272727273,620,rolled,483.2913679367744,218.32076975532723,12.787288924406791,6.00000585153933,1.0009999820376125,636.6477206971223,1349.6931678778992,1256.1059529354222,GA_cost
9.272727272727273,52.72727272727273,620,welded,453.2785601379765,234.38277101880766,13.489067705227592,6.005635577267067,1.000936392161847,646.6318632735322,1815.885856195746,1505.8375239812947,GA_cost
9.272727272727273,52.72727272727273,690,rolled,457.513318647616,215.99297281701985,13.159749540400885,6.005960112339977,1.000999275898201,632.428361367387,1522.5712799919843,1165.818441344641,GA_cost
9.272727272727273,52.72727272727273,690,welded,444.0353018609875,228.28404794544932,13.705269803182727,6.0005165136687895,1.000999999171811,637.4556645264023,2112.698355222805,1413.5695360075256,GA_cost
9.272727272727273,63.63636363636363,355,rolled,624.5238469566498,267.0810215213854,12.214387315979362,6.0,0.999142343810931,773.8608375746113,1106.6209977316942,1986.5007700540273,GA_cost
9.272727272727273,63.63636363636363,355,welded,581.1162011617181,293.42694674568367,12.799595836089413,6.0023932442742645,1.0009913591397124,789.4846821844536,1342.1239597135711,2280.821246830886,GA_cost
9.272727272727273,63.63636363636363,460,rolled,499.89039818659955,252.9189962040098,12.835902933267581,6.0139635163425895,1.0009997629438747,714.2288924850963,1144.5518002073668,1679.1521262324613,GA_cost
9.272727272727273,63.63636363636363,460,welded,533.333327595655,267.53986963496396,13.22922127021341,6.000105297049396,1.0009010901799444,736.6433412984059,1409.1987119038504,1948.4216377342836,GA_cost
9.272727272727273,63.63636363636363,500,rolled,490.121537406252,248.16910821040693,12.62479232805757,6.002097005550685,1.000999572991623,692.1827402613654,1212.704160937912,1537.6147392165972,GA_cost
9.272727272727273,63.63636363636363,500,welded,510.0126078395022,263.36636839973374,13.46170680853761,6.001317604755111,1.0009999434564842,727.1734190467533,1525.3189637924697,1816.915504830218,GA_cost
9.272727272727273,63.63636363636363,550,rolled,478.5084182749071,243.55024491761012,12.842420630465487,6.000398501489485,0.9997240749042589,685.7853453898044,1311.9073657306958,1449.3387489468125,GA_cost
9.272727272727273,63.63636363636363,550,welded,493.47901796528043,256.2645790932494,13.707813516061048,6.027029498218387,1.0009996064022069,715.8717985523182,1767.7200617377068,1769.8293855911868,GA_cost
9.272727272727273,63.63636363636363,620,rolled,473.8411217977293,236.93883792231614,13.56569196486259,6.000148436602418,1.0009999990591896,696.1899777166117,1475.9227527592168,1373.5828260348749,GA_cost
9.272727272727273,63.63636363636363,620,welded,481.32393785958016,242.7532861295014,14.417568153921032,6.0046905693925705,1.0008623970263029,707.3004802597536,1990.8088136544075,1649.550076585084,GA_cost
9.272727272727273,63.63636363636363,690,rolled,481.4291021639391,224.18949718415516,14.013793268357736,6.226925587039359,1.000999979672746,696.0359487205901,1675.7065465448206,1283.0726678715357,GA_cost
9.272727272727273,63.63636363636363,690,welded,462.8350216667442,239.6105786942261,14.632472707446121,6.0000900021477,1.000509206234355,699.7863221675805,2325.010892813387,1554.2308717292976,GA_cost
9.272727272727273,74.54545454545453,355,rolled,715.3463165132747,242.76168730649448,13.894614591647029,6.792686224351002,1.0009999925344828,872.5697916065849,1247.7748019974165,2239.8866550541034,GA_cost
9.272727272727273,74.54545454545453,355,welded,592.4567680364047,298.2152078227554,14.624817870108389,6.014029280762334,1.000990892843598,881.4855627170656,1498.5254566190115,2546.611790689603,GA_cost
9.272727272727273,74.54545454545453,460,rolled,512.3008778523118,265.55188223053204,13.89771505644938,6.003750663189998,0.999247226915234,786.4677483159636,1260.3145666763314,1848.9856762908307,GA_cost
9.272727272727273,74.54545454545453,460,welded,539.8132261932426,274.644991628633,14.91617698990888,6.000002558398479,1.0009267429625568,819.1301593503989,1566.995994837313,2166.5992714818053,GA_cost
9.272727272727273,74.54545454545453,500,rolled,511.10510553255966,257.05944970352573,13.553417290542582,6.004892452604186,1.0009998089936956,754.7068327741131,1322.2463710202462,1676.5057583244147,GA_cost
9.272727272727273,74.54545454545453,500,welded,533.706450570786,275.2357563171194,14.089853725700342,6.042287862079601,1.0009915326216412,786.9134889553294,1650.6297344326988,1966.1820435037864,GA_cost
9.272727272727273,74.54545454545453,550,rolled,492.648198379988,247.6564873062245,14.143434042184976,6.000150722640102,1.0009613724801718,748.3813576544392,1431.6535371929422,1581.6291612668917,GA_cost
9.272727272727273,74.54545454545453,550,welded,511.5468513280289,266.3496137272751,14.690716232863332,6.001829024095528,0.9959131490040349,780.289981817268,1931.0791662014058,1931.9282661983725,GA_cost
9.272727272727273,74.54545454545453,620,rolled,524.2601224214151,240.96296012031712,13.83861032221417,6.53980105194944,1.0009953939092604,757.9408233526635,1606.8345455076467,1495.4172444748053,GA_cost
9.272727272727273,74.54545454545453,620,welded,482.8786265754002,261.55701369561825,14.85288568785621,6.003984281792332,1.000958722170961,763.6199869975522,2151.631653747264,1782.126962743207,GA_cost
9.272727272727273,74.54545454545453,690,rolled,503.3315111971729,237.39632558157706,14.01059447507492,6.634427138136041,1.000999514513539,749.441802538504,1804.2811396114485,1381.521018799478,GA_cost
9.272727272727273,74.54545454545453,690,welded,471.17854854540536,237.44218808114206,17.070784693430394,6.048004723029934,1.0009956962595754,782.4914016837872,2616.9896985563646,1745.2447042010551,GA_cost
9.272727272727273,85.45454545454545,355,rolled,665.1004921986124,295.73021621234506,13.568377720261966,6.3101361254694135,1.0009997748089798,921.0478599220049,1317.098439688467,2364.3298564197867,GA_cost
9.272727272727273,85.45454545454545,355,welded,596.0062904013693,300.0,16.91975080546077,6.0028641010392585,0.9980297549894913,984.6034161568618,1673.825807466665,2844.519269277174,GA_cost
9.272727272727273,85.45454545454545,460,rolled,538.368960724038,282.0334748918887,13.955549858492875,6.000175915010531,1.0009999757085455,835.7441986630593,1339.2800783575524,1964.8346110568525,GA_cost
9.272727272727273,85.45454545454545,460,welded,564.0453452221221,294.11377310904084,14.743613604369456,6.049185337610631,1.0009982872648457,866.666090411471,1657.932230957144,2292.331809138341,GA_cost
9.272727272727273,85.45454545454545,500,rolled,525.0127718903129,266.92768430732326,14.449778500790137,6.000081315259328,1.000999952896922,817.103579259387,1431.5654708624459,1815.113890966802,GA_cost
9.272727272727273,85.45454545454545,500,welded,536.134488156321,289.27749386635656,15.056938597180233,6.000000716835585,1.0009999935144251,855.1032669799143,1793.6646128170682,2136.5610228760142,GA_cost
9.272727272727273,85.45454545454545,550,rolled,515.120923174933,260.97222013377655,14.108313350658005,6.006493062789492,1.0009996506793453,786.3427315463477,1504.2736454481628,1661.856728850051,GA_cost
9.272727272727273,85.45454545454545,550,welded,534.316078408522,274.679997546172,15.24113283369331,6.235776542239011,1.0008541807534086,838.1628407389641,2078.078065616223,2077.714474806069,GA_cost
9.272727272727273,85.45454545454545,620,rolled,551.4714807045359,247.81693441775477,14.30050169099039,6.8196064593085355,1.0009972196447778,814.2582572579037,1726.2275053867559,1606.5315415698435,GA_cost
9.272727272727273,85.45454545454545,620,welded,518.7524192314513,266.5482035241204,15.227077590093794,6.47131339597457,1.000990869010783,820.8944874930221,2317.8055314087187,1918.3533353590592,GA_cost
9.272727272727273,85.45454545454545,690,rolled,528.617711386872,238.59645799758056,15.140726332179053,6.871641298247205,1.0009971820083607,813.9411855679662,1959.5634042548784,1500.4191814759886,GA_cost
9.272727272727273,85.45454545454545,690,welded,497.6561601730494,257.12768685847476,15.9338453783736,6.436995185547787,1.000998442073439,814.700876050678,2719.3264080825843,1814.789320241355,GA_cost
9.272727272727273,96.36363636363636,355,rolled,712.0255029473121,299.78270832142647,13.824894725735634,6.8020082833747155,1.0008025561709875,989.3202395390673,1414.7279425408663,2539.585054896785,GA_cost
9.272727272727273,96.36363636363636,355,welded,743.0568129232848,291.12476724925295,16.589851276194654,7.037505689621117,1.000995623982223,1066.7651406431726,1813.5007390933936,3081.8844913181256,GA_cost
9.272727272727273,96.36363636363636,460,rolled,549.8862598780843,291.6770463421253,14.882202208419073,6.000179420757958,1.0009782860625656,902.0641739934302,1445.557838824472,2120.7528730585545,GA_cost
9.272727272727273,96.36363636363636,460,welded,572.8351245979472,295.4494007126418,16.436779713112454,6.098424427336051,1.000999264411534,946.6740323881608,1810.9874239585513,2503.9528156666856,GA_cost
9.272727272727273,96.36363636363636,500,rolled,538.1160824870508,273.7293399896511,15.510936100543253,6.004297762627088,0.9986930643651748,881.7278043907659,1544.787113292622,1958.6701446736474,GA_cost
9.272727272727273,96.36363636363636,500,welded,541.721881916125,297.76019386594515,16.240388997566708,6.000512145068788,1.0009997735602627,926.4237434911049,1943.2664443469416,2314.762365486875,GA_cost
9.272727272727273,96.36363636363636,550,rolled,528.6106941953204,267.6438525220596,14.9505133129032,6.369657789073392,1.0009999981363256,854.4493657949456,1634.5616367657308,1805.7932896710379,GA_cost
9.272727272727273,96.36363636363636,550,welded,553.3875952305957,286.3493482964241,15.493072890433387,6.522657829153435,1.0009864743461998,893.8948236195641,2219.0206001135934,2217.698240147398,GA_cost
9.272727272727273,96.36363636363636,620,rolled,599.870179366952,237.92093736672285,15.831671629508044,7.410177677305862,1.0005549384680548,897.5905391001993,1902.8919428924228,1770.9461336446934,GA_cost
9.272727272727273,96.36363636363636,620,welded,499.5899587080051,282.3420731029596,16.485218835771363,6.120791276123049,1.0009992103334298,885.503040839185,2505.8049531619426,2072.315666736481,GA_cost
9.272727272727273,96.36363636363636,690,rolled,530.6822612168442,254.93168480407397,15.107553608385025,6.949339395089796,1.0003634914289392,854.5463116763497,2057.320245360812,1575.2706709441827,GA_cost
9.272727272727273,96.36363636363636,690,welded,507.0489235261045,272.2289780747235,16.322611478805797,6.705544389574272,1.0009997051690465,878.4487530491099,2937.208901734623,1958.9652414522704,GA_cost
9.272727272727273,107.27272727272727,355,rolled,747.3891801622423,293.11991833642355,15.082687246001823,7.096286625107839,1.000299186413149,1064.805995984303,1522.6725742575536,2733.3569916917054,GA_cost
9.272727272727273,107.27272727272727,355,welded,749.8219410205533,300.0,17.68893791621808,7.098776222041217,0.9993785840095882,1141.7284147488674,1940.9383050730748,3298.4533902094777,GA_cost
9.272727272727273,107.27272727272727,460,rolled,584.7341221963918,295.645495265332,15.201688473738182,6.220225920440333,1.0006647979478203,950.5414039331757,1523.242599802914,2234.7228406468967,GA_cost
9.272727272727273,107.27272727272727,460,welded,588.5329614705269,299.63024468235875,17.520647261735636,6.2482963969161025,1.0009972368117122,1016.001798221672,1943.6114399980581,2687.324756296322,GA_cost
9.272727272727273,107.27272727272727,500,rolled,545.7382523617011,293.54222500161893,15.535212687976205,6.020114744239489,1.0009997087338414,933.8915846591206,1636.1780563227796,2074.5467661617704,GA_cost
9.272727272727273,107.27272727272727,500,welded,581.2043849485918,299.99244194802674,16.495162689792526,6.478001320917486,1.0000969724781523,978.9052240385016,2053.3515979431613,2445.8925927826,GA_cost
9.272727272727273,107.27272727272727,550,rolled,541.2184214575368,275.54740573207073,15.725209109891283,6.271143189613168,0.99948222682844,906.6875493760172,1734.4932819563205,1916.1934668512743,GA_cost
9.272727272727273,107.27272727272727,550,welded,560.0903924837246,289.964220704925,16.86179493203118,6.4947552719578505,1.0009999680056882,960.640408826984,2392.1048735257386,2388.1844519700976,GA_cost
9.272727272727273,107.27272727272727,620,rolled,586.581364963893,263.60053132463577,15.139536053076844,7.304038087720067,1.0009393109189009,920.5920328744139,1951.6551096937576,1816.3280808612187,GA_cost
9.272727272727273,107.27272727272727,620,welded,512.4385167755894,294.3117021050719,16.74023054310525,6.2845960016189855,1.0009925530849733,936.3640110526381,2652.452807017192,2192.7972538644744,GA_cost
9.272727272727273,107.27272727272727,690,rolled,547.2966424257033,253.9183086668777,16.45304969241336,7.093279669066984,1.0009999325502703,917.4847107855852,2208.844441216296,1691.2913158621475,GA_cost
9.272727272727273,107.27272727272727,690,welded,539.9402194133481,271.98004640960653,16.54216809789767,7.351709255513039,1.000999898566275,926.2305709934006,3104.060811344299,2068.539264129549,GA_cost
9.272727272727273,118.18181818181817,355,rolled,726.8557671309457,295.7836564116238,17.471742550629145,6.825998636363853,1.0000042822826791,1150.9435980540181,1645.849345217246,2954.472216204664,GA_cost
9.272727272727273,118.18181818181817,355,welded,749.1734464897722,299.8667342312198,19.81297031992952,7.036707896667894,1.0007000769997798,1228.3742476686757,2088.2362210367482,3548.773201514804,GA_cost
9.272727272727273,118.18181818181817,460,rolled,692.2723631472383,254.37636388334226,18.26858143396026,7.438975658866227,1.0009995585411497,1083.1868342187242,1735.8069018355056,2546.572247248221,GA_cost
9.272727272727273,118.18181818181817,460,welded,591.2445689901252,299.9592369390564,19.480036999705817,6.234247304529322,1.0000348190482191,1101.290946570912,2106.7695807901546,2912.9145536800625,GA_cost
9.272727272727273,118.18181818181817,500,rolled,583.0304552160384,297.47924237821155,15.533409134921374,6.674690908252597,0.997545941183916,987.9339586908299,1730.860295626334,2194.596495835809,GA_cost
9.272727272727273,118.18181818181817,500,welded,593.2144600356276,299.51299998590764,17.94363732281996,6.581146004026701,1.0008703786242954,1049.3942804915919,2201.209442759163,2622.016549236292,GA_cost
9.272727272727273,118.18181818181817,550,rolled,569.8729820125025,287.57395537890324,15.308967541282875,6.61597178945804,1.0009106507870187,945.6447316760115,1809.01837169621,1998.5255759240824,GA_cost
9.272727272727273,118.18181818181817,550,welded,585.1456175154159,297.8068434240384,16.96985652674307,6.801115982119776,1.000999864752579,1008.6122439844673,2513.959665932979,2509.032398385045,GA_cost
9.272727272727273,118.18181818181817,620,rolled,554.9840945581922,278.0469563572843,15.618856120807123,6.986967765232493,1.000651500419566,943.5301324079394,2000.2838807048317,1861.5849512408643,GA_cost
9.272727272727273,118.18181818181817,620,welded,542.3121014093548,283.87466433844855,18.42848171140591,6.628731954042022,1.0009427407474094,1005.4815540976658,2862.4219525306585,2362.2307409653667,GA_cost
9.272727272727273,118.18181818181817,690,rolled,614.5636984518627,258.81334188133155,15.194771825784846,8.033145950142769,1.0009998662207589,959.8117830130095,2310.7468676038206,1769.3170408061817,GA_cost
9.272727272727273,118.18181818181817,690,welded,552.2692413621646,280.12834578985496,17.002864062831083,7.169386985811081,1.0009995663636497,963.8681057663463,3232.566316846842,2153.6049929009923,GA_cost
9.272727272727273,129.09090909090907,355,rolled,748.4230712850205,298.4986087792403,18.30977409750491,7.021310813674745,1.0009939616531922,1217.4360971133817,1740.9336188721359,3125.1584612900506,GA_cost
9.272727272727273,129.09090909090907,355,welded,749.9894728049144,296.1093415383471,22.396572657584716,7.002321488916353,1.000999936385589,1324.9168460170852,2252.3586382290446,3827.6847681433587,GA_cost
9.272727272727273,129.09090909090907,460,rolled,748.5559004321022,281.4667262731866,15.263416917448254,8.094418110234091,1.0009989882400876,1100.9283782786433,1764.237726191526,2588.2826173330905,GA_cost
9.272727272727273,129.09090909090907,460,welded,572.4207685320412,295.95725039301806,20.37710774206873,8.96442482033518,1.0009999757572747,1224.8956030905706,2343.2252887122618,3239.8488701745596,GA_cost
9.272727272727273,129.09090909090907,500,rolled,571.3037609666611,299.675379740338,17.528930049701536,6.2876727745776515,1.0008507148477395,1060.6801640619565,1858.3116474365477,2356.1949164472303,GA_cost
9.272727272727273,129.09090909090907,500,welded,593.9875180634681,298.79851620558156,19.900995688219407,6.5527452774086745,1.0009986396051844,1130.0215450256212,2370.333192845743,2823.4718324010173,GA_cost
9.272727272727273,129.09090909090907,550,rolled,572.5872356405861,289.91487020919664,16.631625519725088,6.6573712254713655,1.0009690345230728,1011.4799540104178,1934.9611520219291,2137.661734805617,GA_cost
9.272727272727273,129.09090909090907,550,welded,594.3441891137497,299.8693902593814,18.143917084535836,6.948268124266968,1.000968810173676,1074.330918736176,2685.9110144676424,2677.9084564785317,GA_cost
9.272727272727273,129.09090909090907,620,rolled,561.4709351384138,280.7382207031292,16.62658217307665,7.251992960791152,0.99996562847755,1006.288389606174,2133.3313859650884,1985.4069926929812,GA_cost
9.272727272727273,129.09090909090907,620,welded,566.0919350957184,299.750454972011,17.501487907458753,7.09224284310626,1.0008342851968093,1037.9088159985229,2951.3986938837484,2436.6312121996457,GA_cost
9.272727272727273,129.09090909090907,690,rolled,602.5994513514844,265.17723296138576,16.418580751707616,7.923932892100379,1.0008858269491019,1010.5960121758162,2433.0098993132783,1862.9326888448995,GA_cost
9.272727272727273,129.09090909090907,690,welded,564.4422261998717,285.078678670365,17.65448857158979,7.345849282254556,1.000993645198453,1015.634786939708,3413.611854985513,2272.4358851356387,GA_cost
9.272727272727273,140.0,355,rolled,750.0,284.34359948469944,21.41056643785979,7.394042917391426,0.999958161088256,1330.2587586188615,1902.270024824972,3414.774233374617,GA_cost
9.272727272727273,140.0,355,welded,749.8792569811206,298.09706661302806,24.430784171289723,6.99102299186776,1.0008534060068401,1416.9712002082529,2408.8510403540295,4093.629797401643,GA_cost
9.272727272727273,140.0,460,rolled,750.0,294.79517037096014,15.529252897890727,8.348752852277277,1.0002502200782608,1158.5452390875462,1856.5687456377927,2723.739857094821,GA_cost
9.272727272727273,140.0,460,welded,591.611793244137,299.96061202153345,23.72646030377945,6.426098074222924,1.0009995719226583,1290.6428991557173,2468.999866084887,3413.7504682668723,GA_cost
9.272727272727273,140.0,500,rolled,713.7343722149385,287.572414201988,16.117515701465397,8.041859882669835,1.000999946550246,1127.381917648229,1975.1731197196975,2504.3661918637767,GA_cost
9.272727272727273,140.0,500,welded,706.0088436752941,299.8329046828811,19.376838896663326,7.878179243081856,1.0009721033256012,1228.447302780979,2576.791062313381,3069.3984307285546,GA_cost
9.272727272727273,140.0,550,rolled,685.0026193744617,286.9101042072797,15.749143606176723,8.03871488548233,1.0009998373464655,1092.2303178445043,2089.4365980365365,2308.319553732575,GA_cost
9.272727272727273,140.0,550,welded,729.8811975376068,295.74277304522286,17.539960554353954,8.581925464782817,1.0009998477637938,1189.2117170342174,2980.1512061492617,2968.916832904104,GA_cost
9.272727272727273,140.0,620,rolled,680.5811279333528,273.8956243016055,15.488106338477163,8.730596821709586,1.0008120779895573,1081.9256467023356,2293.6823710089516,2134.6393009437083,GA_cost
9.272727272727273,140.0,620,welded,565.5150675698983,299.6641784662192,19.209484551144648,6.993560316671606,1.0009898695076607,1106.3539167015706,3158.382880194488,2603.913093774871,GA_cost
9.272727272727273,140.0,690,rolled,623.3732763326564,262.22176667200966,17.56877674393234,8.080438076445416,1.0009874733126358,1067.5067331901535,2570.0224601552945,1967.841911962729,GA_cost
9.272727272727273,140.0,690,welded,565.017901786036,295.7853439093199,18.044824509549898,7.468699643130183,1.0009968177189466,1064.5812760309027,3582.9527135527655,2384.008482579457,GA_cost
10.09090909090909,20.0,355,rolled,411.18159762599777,214.2834001969521,9.072314105166218,6.0000471976391765,1.000999836812612,519.5344880065843,742.9343178494156,1333.6450307129016,GA_cost
10.09090909090909,20.0,355,welded,428.0526002791373,225.526664284462,9.926568865124604,6.00019556243933,1.0009996213283998,548.6881865510106,932.7699171367179,1585.1601709458696,GA_cost
10.09090909090909,20.0,460,rolled,387.0394272581035,198.7886773170834,9.547182555256994,6.001281767113736,1.0008444831499121,499.3690893331135,800.2389656563143,1174.0167290221498,GA_cost
10.09090909090909,20.0,460,welded,377.51012115057335,214.2389330284569,10.738016675982253,6.000376363647994,1.0009999909726535,533.6892797219484,1020.9475921080871,1411.6081448645537,GA_cost
10.09090909090909,20.0,500,rolled,382.8202875537172,194.40758829448214,9.756456224595572,6.0000743020182705,1.000996877279328,496.8276080175615,870.4419692467677,1103.6528484502112,GA_cost
10.09090909090909,20.0,500,welded,389.2584701796249,206.0026654745403,10.737314710616726,6.0000003817866085,1.000980954948208,525.2287159706331,1101.7197546199998,1312.3364697242237,GA_cost
10.09090909090909,20.0,550,rolled,381.4036838532001,191.95349536561577,10.220319081298026,6.010357632704174,0.983716234984416,506.7951721182595,969.4991642622302,1071.0609167547295,GA_cost
10.09090909090909,20.0,550,welded,377.33264369005025,202.61114862906584,10.972303789711974,6.000000672325182,1.0009998643053442,521.1109153039462,1278.528417320088,1282.8572546467,GA_cost
10.09090909090909,20.0,620,rolled,421.9246677548186,183.88585103562284,10.327958918365171,6.004834819521157,1.0007738859182194,516.3364851019682,1094.6333484161726,1018.7318851061831,GA_cost
10.09090909090909,20.0,620,welded,364.01247567901163,195.5116225914219,11.628843702273663,6.00059604282366,1.0009995095537423,522.166788146605,1459.6024342556034,1212.3815177704419,GA_cost
10.09090909090909,20.0,690,rolled,383.0020565166877,184.638087052463,10.841520065579521,6.0047632316092425,1.0009982866442655,513.4475585672961,1236.1249972507655,946.4892294629536,GA_cost
10.09090909090909,20.0,690,welded,371.0835236265534,190.29801902951894,11.644997690339997,6.000082987063391,1.0009992168073345,516.3802304028998,1702.0170412845239,1141.0758730570583,GA_cost
10.09090909090909,30.909090909090907,355,rolled,471.96885394678384,241.80472469025904,10.27829660537403,6.040871071641891,1.0006541531482267,640.2430166635377,915.5475138288589,1643.5038237753013,GA_cost
10.09090909090909,30.909090909090907,355,welded,487.96350874856705,254.03047087723982,11.200350625698668,6.0000000040255514,1.000760141381503,672.0356213650582,1142.4605563205987,1941.5109101236528,GA_cost
10.09090909090909,30.909090909090907,460,rolled,437.08980289181824,221.69015658079303,10.754454332823894,6.0002337564407355,1.00098656828807,604.0032352024699,967.9151844119579,1420.0116059610068,GA_cost
10.09090909090909,30.909090909090907,460,welded,438.8745345497999,238.2743790794638,11.835296446441912,6.001465069600887,1.0009995826642375,644.1595698316788,1232.2772570880013,1703.8020622047904,GA_cost
10.09090909090909,30.909090909090907,500,rolled,428.12525466247075,216.47829526729964,11.029747179450112,6.000016422449563,1.0004487803038828,599.8367943664668,1050.9140637300497,1332.4774550056693,GA_cost
10.09090909090909,30.909090909090907,500,welded,429.5837205144351,231.20116629659728,12.189748607536432,6.0,1.0008462517451573,639.0792629142499,1340.5326618889308,1596.8034463175445,GA_cost
10.09090909090909,30.909090909090907,550,rolled,476.33121682090655,210.52266193235172,11.064316210442982,6.001925159282126,1.0009803152841452,614.2147692236699,1174.9928535248803,1298.0814932773042,GA_cost
10.09090909090909,30.909090909090907,550,welded,438.943244761299,223.84899955574073,12.027782066988156,6.006359813159495,1.0008816741810556,623.9482802551795,1534.6396587434047,1538.5371835571307,GA_cost
10.09090909090909,30.909090909090907,620,rolled,469.996276165926,204.3504522885477,11.402246030192638,6.000034112050439,1.0009996667377523,610.7718269706887,1294.8362731778602,1205.0528146131692,GA_cost
10.09090909090909,30.909090909090907,620,welded,430.6583255831776,216.7976367650868,12.366000567298318,6.00012389483517,1.000999979999417,617.6641817070463,1729.7015354050993,1435.7961963459318,GA_cost
10.09090909090909,30.909090909090907,690,rolled,446.41754760580045,200.85707126819605,12.002611087597069,6.00552989812731,1.0009930359143953,612.0322709620131,1473.4676923410464,1128.2202882913748,GA_cost
10.09090909090909,30.909090909090907,690,welded,411.49178665454673,211.888999564728,12.973685360692896,6.000402128795776,1.0008816651067174,618.7681283140859,2046.7612770327557,1370.424837614132,GA_cost
10.09090909090909,41.81818181818181,355,rolled,524.8496615840146,262.52769500237366,11.22992946652751,6.000003910182022,1.0009999999104013,741.1393822175868,1059.829316571149,1902.504794152545,GA_cost
10.09090909090909,41.81818181818181,355,welded,544.4768603653147,277.06888695339705,11.92906825743893,6.0,0.9998202871425459,771.0702632046588,1310.8194474479199,2227.621990398259,GA_cost
10.09090909090909,41.81818181818181,460,rolled,467.1382637496045,241.58798493433358,11.900566227390764,6.014934176985861,1.000999943641949,700.0542230334938,1121.8368924111737,1645.8274783517438,GA_cost
10.09090909090909,41.81818181818181,460,welded,490.9838540196209,255.81466202502236,12.689775818322167,6.000099679810759,1.0009995756684638,735.5884141689996,1407.180636305296,1945.6313554770043,GA_cost
10.09090909090909,41.81818181818181,500,rolled,459.9418697671197,232.36837385827232,12.24389891374837,6.00044902418159,1.000999992591112,690.6054898822043,1209.9408182736222,1534.1110352243288,GA_cost
10.09090909090909,41.81818181818181,500,welded,479.95380098995605,249.09588189823668,12.933637811004607,6.000000653665724,1.0009988429271999,726.2267590833787,1523.3332498532955,1814.5501802457302,GA_cost
10.09090909090909,41.81818181818181,550,rolled,454.72636634297294,227.88776359134047,12.904967576090563,6.0008715028447766,0.9997587225304877,703.29215744063,1345.3978971839251,1486.3376455350278,GA_cost
10.09090909090909,41.81818181818181,550,welded,466.81033737653695,243.69814038014084,13.118444864319606,6.001008010844166,1.0009757592917006,715.9143114383104,1765.2960333393444,1768.260357903096,GA_cost
10.09090909090909,41.81818181818181,620,rolled,480.24538602863487,223.89354766670004,12.523776183819319,6.0003951258407655,1.0009999899343398,693.6199351720567,1470.4742625647602,1368.512132094468,GA_cost
10.09090909090909,41.81818181818181,620,welded,454.9003895200364,236.0200306946488,13.446995864132933,6.0002479694973525,1.0009998456956828,706.2422668348356,1983.0525454610768,1644.5304540860163,GA_cost
10.09090909090909,41.81818181818181,690,rolled,460.22285874993656,212.26279675996383,13.947838110002762,6.013659273578055,1.0009905048084429,708.7352372898727,1706.2800837753684,1306.482536420151,GA_cost
10.09090909090909,41.81818181818181,690,welded,450.6583047163109,228.29034507969283,13.795697551617229,6.001256497377452,1.000989297545315,700.0728614506118,2320.7925736405987,1552.6646263605146,GA_cost
10.09090909090909,52.72727272727273,355,rolled,671.9547328230115,262.70578097624417,11.451413392159669,6.444966596167722,1.0001254887448512,848.3633111687122,1213.1595349712586,2177.748619770084,GA_cost
10.09090909090909,52.72727272727273,355,welded,582.3682841155601,296.2101779182422,12.847030976316201,6.023887104181995,0.9989480337666002,868.5129897976549,1476.4720826560133,2509.134027525425,GA_cost
10.09090909090909,52.72727272727273,460,rolled,505.6638543308157,257.24758626240606,12.616597211047955,6.000007621271736,1.000898593225466,779.6565941590598,1249.399692139893,1832.9726528679496,GA_cost
10.09090909090909,52.72727272727273,460,welded,532.4757596891858,272.1502373259262,13.377901635873949,6.00550531091446,0.9983392762158193,817.3819154467187,1563.6516042495725,2161.9751663565717,GA_cost
10.09090909090909,52.72727272727273,500,rolled,494.18476501731834,249.47610729432108,12.794692714951033,6.005877302710446,1.0009964773101871,765.0595545335723,1340.384339542819,1699.5032944408774,GA_cost
10.09090909090909,52.72727272727273,500,welded,516.2909564911374,265.6866801998441,13.60042921554093,6.0000836288897865,1.0009989539991686,804.928357167975,1688.4177219955443,2011.193993219902,GA_cost
10.09090909090909,52.72727272727273,550,rolled,480.5177394485849,240.37014103938486,13.942273987785939,6.001574912891306,1.0009988555970408,783.4292778190744,1498.7002084678893,1655.6994357428318,GA_cost
10.09090909090909,52.72727272727273,550,welded,491.6650662630616,260.84376516823045,13.969084249004567,6.003642707349881,1.000998908889235,797.8039148212489,1971.126507883569,1973.1089872773505,GA_cost
10.09090909090909,52.72727272727273,620,rolled,500.85736371867887,238.452472051722,13.384731734253455,6.221798311068376,1.0009983859056988,776.2595933900853,1645.6703379869812,1531.5601777586382,GA_cost
10.09090909090909,52.72727272727273,620,welded,482.11398369254505,248.69505556749522,14.534567007185416,6.000242752460072,1.0009904850613147,787.9957856556973,2218.553849312477,1838.0744815239648,GA_cost
10.09090909090909,52.72727272727273,690,rolled,497.3549390409174,230.25109001701458,13.700046027757782,6.657708732924152,1.0009244224056568,784.9762215598591,1889.8302534053607,1447.0251668234441,GA_cost
10.09090909090909,52.72727272727273,690,welded,465.0463658313335,234.8505996140669,15.994391400971564,6.000130686783153,1.0009942138502639,800.9280407654071,2670.6912153920657,1782.9747241468453,GA_cost
10.09090909090909,63.63636363636363,355,rolled,686.055817565419,273.98941040865554,12.971877828086887,6.521679504051819,1.000999987383202,949.2979055574139,1357.496004947102,2436.847723565881,GA_cost
10.09090909090909,63.63636363636363,355,welded,595.4129342265378,299.60907432075385,15.185422761418735,6.001250496422507,1.000999995787303,989.4052530970501,1681.9889302649854,2858.3917761973776,GA_cost
10.09090909090909,63.63636363636363,460,rolled,524.6527118371947,275.49451788332675,13.390470519230517,6.001551981143607,1.0009964259881594,862.185460711803,1381.652200790664,2026.998018133449,GA_cost
10.09090909090909,63.63636363636363,460,welded,552.9691683496945,288.80428404855496,14.20402984788229,6.001176876774934,1.000999190401504,899.2611891366168,1720.2866548183479,2378.545845266352,GA_cost
10.09090909090909,63.63636363636363,500,rolled,519.2475554122909,263.9217349880147,13.522021340683041,6.000172604019641,1.0009964665203956,839.2967987743486,1470.4479914526587,1864.4139087973379,GA_cost
10.09090909090909,63.63636363636363,500,welded,526.8874851295781,282.70164245187453,14.651539292256862,6.00009524102062,1.0009996572370032,892.7045922587992,1872.537152722057,2230.5116942178356,GA_cost
10.09090909090909,63.63636363636363,550,rolled,511.48922590707343,255.94313680328358,13.908836835255052,6.010778509070765,0.9987370138693085,833.987659877243,1595.418393345166,1762.549520384565,GA_cost
10.09090909090909,63.63636363636363,550,welded,509.2507026408538,266.5943523123337,15.794440862528027,6.004171438965924,1.000968555458573,894.2729154735758,2218.8446178673803,2217.898452700378,GA_cost
10.09090909090909,63.63636363636363,620,rolled,507.2440910053772,252.5121140794341,14.447305929145145,6.237404357214563,0.9982240240911522,855.0235613038061,1812.6499499640693,1686.9614864524096,GA_cost
10.09090909090909,63.63636363636363,620,welded,492.0170922282724,258.09337575937235,16.145667204499535,6.022521530271718,1.0009999114645125,879.5001151817079,2486.146089143297,2056.8403009268172,GA_cost
10.09090909090909,63.63636363636363,690,rolled,519.0327325644291,228.265138340243,16.132071033732135,6.714170401499664,1.0009999628012065,884.3946973373525,2129.180233839676,1630.2931850716755,GA_cost
10.09090909090909,63.63636363636363,690,welded,496.9456339219392,251.28308056270552,15.772501137339434,6.455154536291481,1.0008792125012989,865.8809595664666,2889.060619366542,1928.3288391049869,GA_cost
10.09090909090909,74.54545454545453,355,rolled,706.8845686930085,291.5436946956542,13.588525240944659,6.735024416282908,1.0009951102548678,1039.774165248112,1486.8770563048004,2669.1002821919037,GA_cost
10.09090909090909,74.54545454545453,355,welded,695.1074944232807,299.924544969215,16.531899500482133,6.5638631104786445,1.0009997357586575,1129.7614422388463,1920.5944518060387,3263.8808066280267,GA_cost
10.09090909090909,74.54545454545453,460,rolled,553.6959325528975,282.30082739680677,14.432268341933918,6.000617109740389,1.0009991623614278,939.6863829465691,1505.8474286718767,2209.2026863073843,GA_cost
10.09090909090909,74.54545454545453,460,welded,557.6683032104987,299.1330526827708,15.918724636949682,6.000303649617846,0.9963800760242185,1004.3321245147993,1921.287354196811,2656.4584693416446,GA_cost
10.09090909090909,74.54545454545453,500,rolled,550.7407683541667,275.55566911003086,13.998190375684562,6.31582068575432,0.9972889727909685,916.2583737429719,1605.2846707976867,2035.3763514326379,GA_cost
10.09090909090909,74.54545454545453,500,welded,527.3426565733488,299.7029882913609,15.811193687560088,6.000026858597146,1.0009873852449662,986.3411820324019,2068.9492634311664,2464.4720774261596,GA_cost
10.09090909090909,74.54545454545453,550,rolled,533.8223637117824,267.8238742851176,14.123302858644639,6.569572761868701,1.0005858494398896,905.4798853966612,1732.1830207638127,1913.6411897973035,GA_cost
10.09090909090909,74.54545454545453,550,welded,558.1807360163191,282.6059007448663,15.085690644758706,6.551116274922902,1.0009898371046138,949.4277970304491,2354.8115000504363,2354.1050686642593,GA_cost
10.09090909090909,74.54545454545453,620,rolled,545.5538220303206,256.37970382639264,15.168554309718164,6.767943755896353,1.0009999883081098,936.9401182709935,1986.3130507345063,1848.5828533486701,GA_cost
10.09090909090909,74.54545454545453,620,welded,523.7020204430712,265.533917501137,16.830927351360238,6.422286574232671,1.0009993958629828,957.3397709780852,2713.388208139771,2242.7289506389943,GA_cost
10.09090909090909,74.54545454545453,690,rolled,524.3087030507887,244.0287005652468,16.432054577937716,6.75586217401525,1.0009999657527098,943.1899308421191,2270.7297585024016,1738.6763185143623,GA_cost
10.09090909090909,74.54545454545453,690,welded,513.9341437759921,264.3264101657615,16.202672496620156,6.909937921062361,1.0009996977028677,942.0816476454041,3150.677059432917,2101.1679516015215,GA_cost
10.09090909090909,85.45454545454545,355,rolled,749.8001572035072,299.57105487629286,14.051537508740743,7.137823219688272,0.999339647909418,1128.693298616933,1614.0314170222139,2897.3556975496663,GA_cost
10.09090909090909,85.45454545454545,355,welded,748.4791681262403,297.0613665869358,17.71754775518298,7.072323977949352,1.0009984848510345,1233.299014209,2096.6083241552997,3563.0008520498004,GA_cost
10.09090909090909,85.45454545454545,460,rolled,580.8223527565679,297.64064774206975,14.643178109178312,6.190411873119486,1.0006756552325018,1008.9913980603346,1616.908715391686,2372.1387768398467,GA_cost
10.09090909090909,85.45454545454545,460,welded,576.8990181722735,294.5344459733494,18.109957069759492,6.100600389808219,1.0009996374255807,1106.335628164166,2116.4200566780496,2926.257736494219,GA_cost
10.09090909090909,85.45454545454545,500,rolled,560.4085899148403,287.3209386992617,14.936592216310423,6.33998654897103,1.0002159858679245,993.6651751394212,1740.901386844266,2207.32782005471,GA_cost
10.09090909090909,85.45454545454545,500,welded,543.5825854400788,299.58147012875366,17.746068185086166,6.000317203065058,1.0004205597409075,1083.7605938972401,2273.2962217588506,2707.884219911644,GA_cost
10.09090909090909,85.45454545454545,550,rolled,548.2560978760223,275.8754177622605,15.177074552467797,6.440567599615286,0.9963676115826646,973.9335111044173,1863.1348067427505,2058.3110823680754,GA_cost
10.09090909090909,85.45454545454545,550,welded,544.1343795635322,298.9387669482283,16.45590440212046,6.3142599244966515,1.0009984765606108,1035.0535134696593,2573.9179922918192,2570.871594990092,GA_cost
10.09090909090909,85.45454545454545,620,rolled,571.1295570363769,254.5726019102594,16.845519936842887,7.001528681753796,1.0007057287143866,1026.346705833422,2175.855016366854,2024.9820506093417,GA_cost
10.09090909090909,85.45454545454545,620,welded,526.8194529360582,284.71505245581875,17.053022621641414,6.4557390907554755,1.0009999227710389,1021.1694173466461,2896.111209297994,2393.227611854463,GA_cost
10.09090909090909,85.45454545454545,690,rolled,569.9215703476726,249.28084866631062,16.511638249667595,7.37378473425983,1.0009999892552028,1013.9816756870006,2441.1608842164537,1869.1738209614168,GA_cost
10.09090909090909,85.45454545454545,690,welded,539.4048644042018,270.6420976534067,16.948577951713318,6.990067148574381,1.0009829930338956,1006.6096767174336,3373.8322352039427,2248.218603711086,GA_cost
10.09090909090909,96.36363636363636,355,rolled,708.0131319338499,299.9269918474224,17.616431019662794,6.647770227858816,1.0009999952757513,1250.923029047616,1788.8199315380907,3211.11941556523,GA_cost
10.09090909090909,96.36363636363636,355,welded,590.376362112748,299.8922841503746,22.130838561216105,8.089356589032546,1.0009987441178638,1401.4042358060035,2382.3872008702056,4048.656837243544,GA_cost
10.09090909090909,96.36363636363636,460,rolled,586.8878144771484,299.2516783774223,16.445815389306013,6.217504938573848,1.000998652859743,1105.166253667773,1771.028921502606,2598.245862372935,GA_cost
10.09090909090909,96.36363636363636,460,welded,579.5942170806609,298.9603004576445,20.094832164966686,6.148593492384384,1.0009997961622963,1214.479189484005,2323.298689482902,3212.2974561851934,GA_cost
10.09090909090909,96.36363636363636,500,rolled,571.4679915471296,290.7754857961183,16.366247114337405,6.45515520817022,1.0009247338884542,1080.8858768553941,1893.7120562506504,2401.079886846572,GA_cost
10.09090909090909,96.36363636363636,500,welded,593.872274849098,299.9793517935894,18.039688285675545,6.583518095185961,1.000804307686505,1148.2260280704916,2408.518916480663,2868.9575537369305,GA_cost
10.09090909090909,96.36363636363636,550,rolled,550.1849022369652,281.4250973452888,16.9627917798206,6.343997478127494,1.000999712403236,1066.5158756467008,2040.2448701121386,2253.9746515917373,GA_cost
10.09090909090909,96.36363636363636,550,welded,562.5276694243513,295.1711216153508,18.396353735173925,6.514701642642811,1.0009999807804444,1131.5787687164486,2827.858543008641,2819.827262440557,GA_cost
10.09090909090909,96.36363636363636,620,rolled,603.1244412123672,274.65743420701085,15.487819846123505,7.73580215510259,1.0008895185877376,1075.7533136624586,2280.5970249644124,2122.461287856031,GA_cost
10.09090909090909,96.36363636363636,620,welded,566.1155019701632,292.15373285178737,16.965563778557367,6.973520141774275,1.0009999958134446,1079.230665123264,3063.9994680031023,2531.0217579974583,GA_cost
10.09090909090909,96.36363636363636,690,rolled,633.2711142408297,255.9108284460759,15.650356541207728,8.311609197598134,1.0009997912892896,1082.3918291324987,2605.8583286364915,1995.2810978228483,GA_cost
10.09090909090909,96.36363636363636,690,welded,536.9328591059287,287.5254840431543,17.839139687801037,7.177368671349306,1.0009998943602372,1097.5923412319369,3689.233174907053,2455.8789530299496,GA_cost
10.09090909090909,107.27272727272727,355,rolled,749.9926005161248,297.66239140589954,18.54314146065154,7.116962235570436,1.0009999570800105,1340.1810519545252,1916.4589042949708,3440.2447603672663,GA_cost
10.09090909090909,107.27272727272727,355,welded,749.8973558289902,298.958263979967,22.6674839132364,7.002241093727632,1.000807158576191,1464.4049880809096,2489.488479737546,4230.666010565747,GA_cost
10.09090909090909,107.27272727272727,460,rolled,708.833220044563,300.0,15.509539805901474,7.820440249981546,0.993353739324515,1214.8880797143809,1946.8581477422954,2856.2018754085093,GA_cost
10.09090909090909,107.27272727272727,460,welded,597.0481320216741,299.34639947657786,21.796992030330916,6.255977151678269,1.0009999960390181,1307.9833797681772,2502.1722054965226,3459.616039486829,GA_cost
10.09090909090909,107.27272727272727,500,rolled,687.9447498157225,296.2577119909223,15.23397896827015,7.700517996038615,1.0008566416604308,1171.8662057019587,2053.109592389832,2603.1835893463312,GA_cost
10.09090909090909,107.27272727272727,500,welded,594.3671404529643,299.11144458183344,20.40904758678801,6.607180931889322,0.9999108209919219,1256.8477644112174,2636.3638706289694,3140.359824157868,GA_cost
10.09090909090909,107.27272727272727,550,rolled,647.0492989211805,286.75270880526955,16.17600732992555,7.583238474831266,1.0009926890463938,1159.3189073564372,2217.777069772864,2450.104578807094,GA_cost
10.09090909090909,107.27272727272727,550,welded,592.5662988196582,297.78542705163153,19.094522811458567,6.844424004515148,1.0009907342860758,1201.3963280930284,3009.424076211155,2998.501062008464,GA_cost
10.09090909090909,107.27272727272727,620,rolled,620.1457126649345,281.27224785188724,16.15794404936359,7.6577376269524065,1.000996669315949,1130.4229113599536,2396.4965720831015,2230.324404113188,GA_cost
10.09090909090909,107.27272727272727,620,welded,583.4136882915859,298.8183542049501,17.636834728152998,7.245474232326564,1.0009978857346185,1149.544665766793,3271.148223717262,2699.940736497595,GA_cost
10.09090909090909,107.27272727272727,690,rolled,617.6197391629956,267.9840574519399,16.540994058561026,8.086162971052142,1.0009999577699977,1130.5147249286865,2721.7142002658134,2083.990843933541,GA_cost
10.09090909090909,107.27272727272727,690,welded,559.953674136782,288.2076976175969,18.376718784284428,7.272444559222603,1.0009071833900103,1140.483742608012,3839.7771565601274,2554.565879517694,GA_cost
10.09090909090909,118.18181818181817,355,rolled,737.9516088894583,299.11964252890914,21.119189395012334,6.931728244572626,1.0009993435130917,1451.959418172909,2076.30196798726,3727.1798264498575,GA_cost
10.09090909090909,118.18181818181817,355,welded,749.4910087250249,299.75444519297434,25.269543393276546,6.9296767808884,1.000999949340582,1583.7045139711306,2692.297673750922,4575.322340862596,GA_cost
10.09090909090909,118.18181818181817,460,rolled,595.4073841274093,298.4241467536737,20.457093303540272,6.217363717903356,1.000999999588561,1302.2825169993105,2086.9077334913945,3061.6661974653794,GA_cost
10.09090909090909,118.18181818181817,460,welded,592.8685309033639,299.8608661507595,24.33062767293186,6.735901834029431,1.0009923301603532,1446.2297341831938,2766.6374814924498,3825.277646914547,GA_cost
10.09090909090909,118.18181818181817,500,rolled,739.7374295809896,298.49391908230734,15.096299930797581,8.397244130208525,1.0009999880083678,1245.1635104948311,2181.5264703869443,2766.006222213218,GA_cost
10.09090909090909,118.18181818181817,500,welded,591.3430083575798,299.92461123739207,22.8155249064679,6.443355881615304,1.0009999463708672,1362.6401996451805,2858.2740827757307,3404.6928028334487,GA_cost
10.09090909090909,118.18181818181817,550,rolled,575.3847989440673,295.75755575595605,18.269705329358008,6.6068448478520105,1.0009924191176862,1194.955004462638,2285.9489235370265,2525.4179064313394,GA_cost
10.09090909090909,118.18181818181817,550,welded,588.9248161130427,299.2268106816212,21.245417290508733,6.747247573759295,1.0009993008497953,1299.2083782569953,3269.7537055160838,3252.7640005540025,GA_cost
10.09090909090909,118.18181818181817,620,rolled,678.2240051517231,276.94722928721825,16.39867686406458,8.552548362976326,1.0009995872569488,1214.609447796594,2574.972029328779,2396.4244405026798,GA_cost
10.09090909090909,118.18181818181817,620,welded,580.1103776600947,294.7651692763049,20.248979155530968,7.096765393074786,1.0009969325909127,1248.9527132422627,3575.3715791573786,2944.8220159476305,GA_cost
10.09090909090909,118.18181818181817,690,rolled,668.4774042925766,269.75877463429015,16.40394801712692,8.738832124592546,1.0009999403976222,1198.1449299804035,2884.5339189278216,2208.660363925875,GA_cost
10.09090909090909,118.18181818181817,690,welded,585.8053765310724,298.3074880786957,18.125636472428816,7.5946057143966055,1.0009111050292157,1187.228071616116,3997.901661848679,2659.586093845924,GA_cost
10.09090909090909,129.09090909090907,355,rolled,749.8314342752593,299.94779859037146,22.80826486247414,6.959376025355888,1.0009880627672458,1545.6677788802215,2210.3049237987166,3967.729188385528,GA_cost
10.09090909090909,129.09090909090907,355,welded,749.6937406072071,299.8415016504267,28.045408497531746,6.881217882507989,1.0009998944571787,1710.3164862091419,2907.5380265555414,4941.104328658211,GA_cost
10.09090909090909,129.09090909090907,460,rolled,698.8882800283097,298.75987952357923,19.675333126354207,7.3986349910244,1.0009823724662505,1383.6944761438076,2217.370398020452,3253.065713414092,GA_cost
10.09090909090909,129.09090909090907,460,welded,588.2023749708414,299.99949302163213,24.45537511230937,9.093548617144119,1.0009935010168598,1550.787133267285,2966.6557859403156,4101.8319674919685,GA_cost
10.09090909090909,129.09090909090907,500,rolled,587.7275461737112,296.4192841196977,21.36837267667196,6.542391513982003,1.000997195542322,1350.2135092021374,2365.5740681221446,2999.364289341628,GA_cost
10.09090909090909,129.09090909090907,500,welded,729.9625915215839,297.23719721448583,22.102807116770602,8.06724375003234,1.0009999866500665,1479.0549623322324,3102.4656889880903,3695.5667288833165,GA_cost
10.09090909090909,129.09090909090907,550,rolled,586.9279487503096,294.9418632679067,19.723480765487714,6.786596377457678,1.0009602276530138,1276.7335042307327,2442.391193593391,2698.2485878412303,GA_cost
10.09090909090909,129.09090909090907,550,welded,586.7452511082353,297.08167393824414,23.83155476546561,6.668450518091693,1.000997511843253,1406.4126821654297,3559.8002600668715,3534.5661080220784,GA_cost
10.09090909090909,129.09090909090907,620,rolled,657.2114056870004,291.83708032519377,17.188762213720526,8.213176017885363,1.0009999767149012,1259.9312801929016,2671.0543140089517,2485.8444158205953,GA_cost
10.09090909090909,129.09090909090907,620,welded,590.4314338586563,299.7940547656803,21.189500165479213,7.180540261404084,1.0009999414519901,1318.1374778829197,3782.794477838227,3112.951339251142,GA_cost
10.09090909090909,129.09090909090907,690,rolled,633.7243254916583,288.62975017975947,17.025535234002554,8.240820820185439,1.0009999973859283,1228.480671195487,2957.567215903135,2264.5812692817603,GA_cost
10.09090909090909,129.09090909090907,690,welded,581.169984648046,297.06363351449517,20.254830466434463,7.78263231551638,1.00099999959158,1286.5647178673291,4358.759825439293,2893.34183183509,GA_cost
10.09090909090909,140.0,355,rolled,734.849681186683,298.09658954829433,21.84916017130763,10.204539423208711,1.0009832747274874,1670.073900408025,2388.205677583476,4287.079702347401,GA_cost
10.09090909090909,140.0,355,welded,749.962340611251,298.6046452625989,31.13693213443739,6.8943380718844445,1.0009998154554378,1848.5628457962878,3142.5568378536896,5340.498061505476,GA_cost
10.09090909090909,140.0,460,rolled,749.997870085286,299.92395764749637,19.338193535990424,8.252006320367428,1.0009999955423858,1453.0390740459845,2328.49511615869,3416.0948630821104,GA_cost
10.09090909090909,140.0,460,welded,749.5707757591141,300.0,24.586636479169268,7.920997059609056,0.9989108402630992,1608.023228903796,3076.1484368929614,4253.221440450539,GA_cost
10.09090909090909,140.0,500,rolled,726.0159424273182,299.8996799646961,18.830472117270578,8.060183541839637,1.0009999831800038,1400.8861398127824,2454.352516951994,3111.928470980115,GA_cost
10.09090909090909,140.0,500,welded,594.5818360550882,299.51975071898073,24.598189698645033,9.70756745789988,1.0009975816469363,1586.621681267066,3328.0976386257976,3964.3329328138907,GA_cost
10.09090909090909,140.0,550,rolled,708.9867794263207,299.71169183659117,17.90808073522193,8.264129318917565,1.0009900632633932,1355.5493692911468,2593.1659434539633,2864.8180370599093,GA_cost
10.09090909090909,140.0,550,welded,749.6154603849149,299.4861982953867,21.449660535019067,8.723482819515517,1.0009998885437392,1506.07149475452,3809.2228993112817,3783.1558630305035,GA_cost
10.09090909090909,140.0,620,rolled,655.8424058796089,299.2895729786804,18.09426678283984,8.084735008353503,1.000957785140868,1317.5301158275188,2793.1638455543402,2599.486918527695,GA_cost
10.09090909090909,140.0,620,welded,584.7071571989592,299.64427067434997,23.43823140314241,7.177682744280388,1.0004394276178452,1418.4501965028526,4092.7755709085354,3361.657599046826,GA_cost
10.09090909090909,140.0,690,rolled,617.7911339488152,280.95248876313246,20.50241831258892,8.145428387646136,0.9858830007173022,1348.9695314148767,3247.6441468813164,2486.6904342101834,GA_cost
10.09090909090909,140.0,690,welded,597.4114834835523,299.9075050682534,20.85656094478976,8.855868138811145,1.0009751842649732,1380.7942617281938,4698.441876754258,3113.961984773864,GA_cost
10.90909090909091,20.0,355,rolled,437.14143089450397,220.82787256319298,10.072511463171663,6.000097145773553,1.0009989159516763,624.985450574465,893.7291943214849,1604.3376516246515,GA_cost
10.90909090909091,20.0,355,welded,461.48038581818264,239.13396564848006,10.314467679255623,6.0,1.0009494007099715,648.9684480418695,1103.2463616711782,1874.8698463929607,GA_cost
10.90909090909091,20.0,460,rolled,413.62067470214083,209.45454672181077,10.221061841272665,6.000000935832995,1.0009999993783059,597.1257326458071,956.893986564906,1403.8425974502925,GA_cost
10.90909090909091,20.0,460,welded,427.1105444759766,223.2293259889318,11.002944202074513,6.000663002600034,1.000968828926573,628.8497546314795,1202.9895806100203,1663.3076010002637,GA_cost
10.90909090909091,20.0,500,rolled,404.99622557269953,203.8460321790974,10.657069831093377,6.000111448619872,1.0009999386340287,597.6805864294768,1047.1363874244435,1327.6876546944397,GA_cost
10.90909090909091,20.0,500,welded,426.2279527729983,215.23562870242816,11.387515484331345,6.000004126672251,1.0009719798187002,627.0908819373906,1315.3858339518706,1566.8492776087644,GA_cost
10.90909090909091,20.0,550,rolled,400.12103256172446,202.6535417166984,11.08504977789554,6.014329522884995,1.0009993004431474,608.3837790627144,1163.8381693469728,1285.7582786711407,GA_cost
10.90909090909091,20.0,550,welded,413.755516210638,214.037390623819,11.394116426782594,6.001011769968331,1.0009999927379536,618.6142402159288,1519.25107765824,1523.88232899013,GA_cost
10.90909090909091,20.0,620,rolled,398.69579094824104,200.86526146396682,11.302079690497465,6.024134617325064,1.0009999942797054,611.9846741757855,1297.4075092526655,1207.4457621488245,GA_cost
10.90909090909091,20.0,620,welded,404.2937301034934,203.55673850264841,12.33210694747867,6.003078246682646,1.000999972857403,625.1037178429506,1750.4009588971337,1453.0181616442233,GA_cost
10.90909090909091,20.0,690,rolled,400.27048580151234,195.79650836843288,11.73352141656758,6.0000921473242,1.0009994017167785,616.4449240943344,1484.0911547571104,1136.3545730754959,GA_cost
10.90909090909091,20.0,690,welded,383.2534710244096,198.78298058193303,13.088272645002775,6.00194442085018,1.0009959735762932,629.1367561859231,2081.7043692678144,1393.6639903830396,GA_cost
10.90909090909091,30.909090909090907,355,rolled,497.1123394553756,256.0116530769717,10.971827758231107,6.000018837353429,1.0009999970095784,761.5038258887439,1088.9504710209037,1954.7803210564055,GA_cost
10.90909090909091,30.909090909090907,355,welded,522.5928137126947,269.8844981113506,11.648336875631145,6.00251823843193,1.0009997513612308,795.0861329752975,1351.6464260580055,2297.0038381656345,GA_cost
10.90909090909091,30.909090909090907,460,rolled,454.4898042680239,233.93690826535743,11.773423356750893,6.000084518192135,1.00098177509555,727.8131115371856,1166.3205112383398,1711.0886252239236,GA_cost
10.90909090909091,30.909090909090907,460,welded,493.47068033234274,247.55133849458988,12.185056256266227,6.0,1.000997836381964,757.6640773361584,1449.4113799440709,2004.021484554139,GA_cost
10.90909090909091,30.909090909090907,500,rolled,452.58075164285503,231.0602525395768,11.791494062009571,6.060474706264179,1.0009733372369676,723.7533594910449,1268.0158858283107,1607.7457127734071,GA_cost
10.90909090909091,30.909090909090907,500,welded,472.03343750526625,244.6363243224706,12.487171884251923,6.0,1.000942774292452,752.913729391181,1579.3118387709414,1881.2302442568048,GA_cost
10.90909090909091,30.909090909090907,550,rolled,481.3904985789422,224.95031293692307,12.208843219330252,6.001624507406263,1.0009998958077908,740.507288081798,1416.5904421004795,1564.9881026320718,GA_cost
10.90909090909091,30.909090909090907,550,welded,445.85971845591655,241.9079187816302,12.90258676657123,6.002468025505706,1.0007672827464307,750.5033717982384,1849.6618142769787,1853.0815817179523,GA_cost
10.90909090909091,30.909090909090907,620,rolled,469.13999273388293,220.8280839711047,12.410990388718384,6.0035202595088535,1.0009985156558308,732.7309126452299,1553.3895348078872,1445.6780906490383,GA_cost
10.90909090909091,30.909090909090907,620,welded,451.20347123579967,230.81126412780864,13.234316625526688,6.004965059777702,0.9999763397089332,741.5917746884817,2081.2401115206776,1726.2725596382832,GA_cost
10.90909090909091,30.909090909090907,690,rolled,455.02801472067404,214.69946126418682,13.067115442961878,6.0001508189477795,1.0009998126181852,735.9293058060479,1771.7498037280602,1356.6120823228687,GA_cost
10.90909090909091,30.909090909090907,690,welded,439.8527875597091,225.32223965501316,13.620846292182161,6.15367943510085,1.000987142425093,743.0869027672414,2463.2399544340965,1648.0010580989695,GA_cost
10.90909090909091,41.81818181818181,355,rolled,548.6073297131396,276.19654848608803,12.196310175894608,6.001487857737458,1.0004831683388407,888.6816910873595,1270.8148182549241,2281.245901021252,GA_cost
10.90909090909091,41.81818181818181,355,welded,557.8589386897473,294.68547070616694,13.074245735899158,6.000000074682917,1.0003704059153684,933.080393880301,1586.2366695965115,2695.669257920189,GA_cost
10.90909090909091,41.81818181818181,460,rolled,502.5506367879626,255.96283822180044,12.387199644221386,6.000244077412907,1.000999891539484,827.9755737175714,1326.8308568824082,1946.5705738100103,GA_cost
10.90909090909091,41.81818181818181,460,welded,530.3686245447985,270.3438965897711,13.219148560989256,6.0,1.0009452500523701,871.0086729531508,1666.2395913593773,2303.817939961084,GA_cost
10.90909090909091,41.81818181818181,500,rolled,490.5780003217776,249.85175975582183,12.67683020669854,6.00000196193908,1.0009999858746217,820.5936530221007,1437.6800800947206,1822.8667408232943,GA_cost
10.90909090909091,41.81818181818181,500,welded,507.6991304612879,266.0506365675071,13.561094171447658,6.000460282629472,1.0009998915985865,864.8894495141612,1814.1921093009046,2161.0127785560835,GA_cost
10.90909090909091,41.81818181818181,550,rolled,508.0814258318566,245.93418370016204,13.197114618134993,6.000001047862813,1.0008874019674192,843.5554551507241,1613.7215857033352,1782.7700989155405,GA_cost
10.90909090909091,41.81818181818181,550,welded,502.9605996829786,255.7828974962886,13.908087135707051,6.274328667048613,1.000442435869688,864.5944848300463,2137.1860323601877,2138.982694608819,GA_cost
10.90909090909091,41.81818181818181,620,rolled,485.52715192076937,241.60266453093067,13.518857987094757,6.01374140525792,1.0009428445355353,835.3058415214067,1770.8483840253823,1648.0584253217355,GA_cost
10.90909090909091,41.81818181818181,620,welded,486.6782400024224,249.24870204562185,14.261120916728302,6.073794251878969,1.0009993955967258,847.1043779216619,2383.795578644533,1975.3233678376137,GA_cost
10.90909090909091,41.81818181818181,690,rolled,490.1994574862537,229.22898843396533,14.21778548341581,6.399595329636585,1.0009999819568436,851.8272331612175,2050.774063835631,1570.2583216093883,GA_cost
10.90909090909091,41.81818181818181,690,welded,484.1325645544564,243.3999514424178,14.494092856336213,6.7057555696588045,0.9835509650341905,865.5960882986266,2880.2469291858547,1924.3445677247682,GA_cost
10.90909090909091,52.72727272727273,355,rolled,583.1023810328253,297.98979343900476,13.204273618928413,6.003298164146521,1.0008112974424213,1008.1155919846867,1441.605296538102,2587.8327246246904,GA_cost
10.90909090909091,52.72727272727273,355,welded,595.0497954668051,298.5750841944554,15.328694727534538,6.0,1.0009999718003326,1073.8703294108618,1825.579559998465,3102.41138166798,GA_cost
10.90909090909091,52.72727272727273,460,rolled,527.1656709576444,274.67926001006197,13.440607398659573,6.001860431989854,1.000993034408995,933.9216781322651,1496.6094892069545,2195.6498652889554,GA_cost
10.90909090909091,52.72727272727273,460,welded,558.6082520378523,286.9691361864149,14.42095425499424,6.001684362130142,1.000997149447963,981.0697026797719,1876.7863412264037,2594.9293635879967,GA_cost
10.90909090909091,52.72727272727273,500,rolled,517.673092984206,264.2280451028334,13.753056968077532,6.0000025033303395,1.0009999439999107,917.9648105527301,1608.2743480883828,2039.1670301618344,GA_cost
10.90909090909091,52.72727272727273,500,welded,528.9470090947627,285.64737640307686,14.619648280344213,6.000611291495883,1.0009997506080908,972.0309679394932,2038.932158349881,2428.716576493618,GA_cost
10.90909090909091,52.72727272727273,550,rolled,600.7406514789463,249.00361887106644,13.47478160875102,7.059271614214231,1.0009260017838242,967.6172794169668,1851.0518555246572,2044.9623583198172,GA_cost
10.90909090909091,52.72727272727273,550,welded,519.0378941564336,274.5527719720075,15.066533653235847,6.033186626746615,1.0009987642773852,961.0773172133936,2380.7420750074048,2381.028574816623,GA_cost
10.90909090909091,52.72727272727273,620,rolled,510.3053167635127,245.24650836029718,15.788603081009429,6.251521121287206,0.9976768561861418,965.4495804258963,2046.7531105029004,1904.8320221802933,GA_cost
10.90909090909091,52.72727272727273,620,welded,494.2960033194195,263.0701430628686,16.04794250993648,6.076170447788529,1.0009999988337381,963.5697244899809,2723.497012237242,2253.2920618480334,GA_cost
10.90909090909091,52.72727272727273,690,rolled,546.796489804736,241.85832657346455,14.285164679450082,7.34834166045304,0.9989684538987925,963.7498105427492,2320.2276688816687,1776.5764007545035,GA_cost
10.90909090909091,52.72727272727273,690,welded,500.91248883110813,257.105309805229,15.656078010919924,6.491476579559357,1.0008458682752426,950.4712464465615,3170.627979864823,2116.4259081403347,GA_cost
10.90909090909091,63.63636363636363,355,rolled,597.0170826473333,299.96784307559415,15.76454253192047,6.005898180874404,1.000999989717294,1155.8060590448943,1652.8026644341987,2966.954153568243,GA_cost
10.90909090909091,63.63636363636363,355,welded,595.4437054743678,299.9958628400177,18.888493114687396,6.0014819354677185,0.9950106510415799,1257.1218067566163,2137.107071486247,3631.8248997198634,GA_cost
10.90909090909091,63.63636363636363,460,rolled,566.1224086801551,284.22578238661094,14.375809484634747,6.0600188765958976,1.0009875971005495,1027.62351407912,1646.7666813117896,2415.942881600012,GA_cost
10.90909090909091,63.63636363636363,460,welded,576.5735228570496,299.9850679771812,15.80909092182043,6.158535377659176,1.0006666688928891,1099.6658949376995,2103.660857015819,2908.6162921102155,GA_cost
10.90909090909091,63.63636363636363,500,rolled,540.4246400858518,281.4519799464023,14.457121670059157,6.0108235960061585,1.000999955967256,1008.2138898436383,1766.3907350060542,2239.6463348986586,GA_cost
10.90909090909091,63.63636363636363,500,welded,579.9865105313015,291.5088118646725,15.437568203713816,6.523050581101061,1.000725387756853,1077.49861578656,2260.161096473889,2692.2380414042987,GA_cost
10.90909090909091,63.63636363636363,550,rolled,538.2171238189482,269.7087427650604,14.96491797780247,6.8037118918580095,1.000999998996499,1036.8086712661477,1983.4149881321407,2191.191445853876,GA_cost
10.90909090909091,63.63636363636363,550,welded,562.0230542693048,284.7697807082247,15.655762373189853,6.578629779367077,1.0004685163244873,1062.5700660884875,2639.0767888207024,2637.0540650007547,GA_cost
10.90909090909091,63.63636363636363,620,rolled,534.9431972294393,263.5453221075624,15.785218133035501,6.599017557837766,1.0006798965201198,1046.8280556266063,2219.275477928405,2065.3917537512943,GA_cost
10.90909090909091,63.63636363636363,620,welded,544.9365267209138,277.4200768944814,15.780638018932597,6.765301717134787,1.0009980801980793,1047.2359659141862,2963.041847679609,2450.581168719298,GA_cost
10.90909090909091,63.63636363636363,690,rolled,584.5884857608714,248.77245479450417,15.148961369616543,7.643943415588039,1.0009996008836217,1058.7195402287766,2548.8672931007795,1951.6436004577267,GA_cost
10.90909090909091,63.63636363636363,690,welded,526.7003817822363,269.64371631935063,16.318401697919587,6.829445795903738,1.0009998431429565,1042.5790000402035,3487.1028848420724,2325.45013814895,GA_cost
10.90909090909091,74.54545454545453,355,rolled,686.0121952359243,299.9339854540531,16.95323039155197,6.432846182740415,1.0009983531171276,1291.6383368833249,1847.0428217431545,3315.6356107794945,GA_cost
10.90909090909091,74.54545454545453,355,welded,737.6350576996659,293.6211962902521,19.850484366674383,6.926653843265125,1.0009183837404456,1412.262994019548,2400.8470898332316,4080.0277897224737,GA_cost
10.90909090909091,74.54545454545453,460,rolled,595.8910670695178,298.9649628197715,14.83922516297876,6.356037647597637,1.0009901459823969,1121.4312849809892,1797.093634182035,2636.4849509903056,GA_cost
10.90909090909091,74.54545454545453,460,welded,571.098383057676,287.7928093806449,20.38350654164165,6.0000628028453455,1.0009999651413874,1277.221383261476,2443.324506179203,3378.2505587266037,GA_cost
10.90909090909091,74.54545454545453,500,rolled,564.940002491695,288.82098922069116,15.5727675487407,6.429548137086383,1.000998863686692,1117.461934359173,1957.7933089972714,2482.3299409854667,GA_cost
10.90909090909091,74.54545454545453,500,welded,593.952843767121,299.8654313650652,16.977197982343625,6.601228735958273,1.0009997814744325,1188.498058817133,2492.993528174818,2969.581249760488,GA_cost
10.90909090909091,74.54545454545453,550,rolled,552.0633253986417,276.13400454072195,16.63435459887466,6.536385849787333,1.0009570425288257,1130.960650071873,2163.5277235874933,2390.1722378618965,GA_cost
10.90909090909091,74.54545454545453,550,welded,549.1260159291222,299.3592106181616,17.4922578663125,6.362847632349495,1.0009997613349786,1177.0153873117322,2934.2718829664896,2928.329783507263,GA_cost
10.90909090909091,74.54545454545453,620,rolled,591.3520833141797,266.3653668888939,16.241611726685207,7.278346637417714,1.000999861106237,1143.7635006636663,2424.778621406972,2256.6453868094136,GA_cost
10.90909090909091,74.54545454545453,620,welded,544.72908592519,291.4224471872513,17.03340419730326,6.827310645563042,1.0009295385318608,1148.7503889819977,3260.74542159708,2693.7264542099597,GA_cost
10.90909090909091,74.54545454545453,690,rolled,596.015330477667,262.75227881732195,15.576216213162683,7.904050982329807,1.0004607432883434,1137.471991583191,2738.4638197365325,2096.815869284454,GA_cost
10.90909090909091,74.54545454545453,690,welded,546.5250907937965,278.41278561436053,17.33081956594481,7.11657823421509,1.0009987058689098,1138.3607395494887,3820.538161882139,2544.6594805455993,GA_cost
10.90909090909091,85.45454545454545,355,rolled,749.8581904966541,297.2870597019952,17.719767474548284,7.051316884064495,1.000999423153596,1400.3234926317332,2002.4625944633783,3594.630405585659,GA_cost
10.90909090909091,85.45454545454545,355,welded,749.5946425319819,298.3914453525042,22.03362586774468,7.0209653270641175,1.0004992066950624,1550.2557615950275,2635.434794711546,4478.688895248034,GA_cost
10.90909090909091,85.45454545454545,460,rolled,580.0092717948804,293.5488030329368,18.482405631515473,6.089319353535839,1.000796596586134,1273.0388908171944,2040.0448225345538,2992.914432311224,GA_cost
10.90909090909091,85.45454545454545,460,welded,580.1951567691318,291.9959967432538,22.64976054323511,6.0419420501626995,1.000970516025352,1409.4963804624724,2696.3665758247093,3728.1179263232393,GA_cost
10.90909090909091,85.45454545454545,500,rolled,589.2747099610908,298.6458348311984,16.246762640916504,6.856456171975641,1.0009994767282282,1215.8378468357491,2130.1479076562323,2700.8621929609326,GA_cost
10.90909090909091,85.45454545454545,500,welded,595.4458225656273,298.92176619182743,19.757809645228498,6.609120444866768,1.0009999612084723,1326.189423331518,2781.8149343801915,3313.616893136131,GA_cost
10.90909090909091,85.45454545454545,550,rolled,576.8268718008029,294.22551307338216,16.273648926938098,6.675112913876743,1.0009998869339967,1187.7628051882223,2272.190246325069,2510.217912484789,GA_cost
10.90909090909091,85.45454545454545,550,welded,579.0909709080963,296.7517937786078,19.289674279491773,6.696302923365379,1.0009622385979804,1290.361914432241,3232.625770614631,3220.776131773469,GA_cost
10.90909090909091,85.45454545454545,620,rolled,602.0202418797616,283.3863807915998,16.329199122839245,7.497926767726395,1.0009815778948654,1216.0515746806661,2578.0293383230123,2399.269756844954,GA_cost
10.90909090909091,85.45454545454545,620,welded,557.3869344265552,299.6848466663352,18.25425050056527,6.8305770394868395,1.0009268946526138,1241.636908573635,3534.9509163140287,2917.169998399879,GA_cost
10.90909090909091,85.45454545454545,690,rolled,583.5636060345653,278.4619533410735,16.45093131140395,7.567927683816759,1.0009932750810193,1198.545088941297,2885.497301626173,2209.398016954387,GA_cost
10.90909090909091,85.45454545454545,690,welded,563.1054596348148,285.767168356062,18.372899676311796,7.513217796678624,0.9998564617538723,1237.9077022577594,4170.37638128532,2773.8899599084966,GA_cost
10.90909090909091,96.36363636363636,355,rolled,750.0,298.8176807828346,20.293898997508652,6.994862360326966,0.9974995645148743,1536.7549925300175,2197.559639317925,3944.8500658245543,GA_cost
10.90909090909091,96.36363636363636,355,welded,743.3287229676297,298.54036849672076,25.433945559931683,6.8645285065809265,1.0009994592581073,1707.549362443154,2902.8339161533618,4933.110108098271,GA_cost
10.90909090909091,96.36363636363636,460,rolled,749.5772527685275,299.8563099000975,15.785171580760075,8.082623630209868,1.000990301101704,1373.045800288378,2200.3058949621254,3228.030676477976,GA_cost
10.90909090909091,96.36363636363636,460,welded,587.5112049419172,299.5012053859686,24.445223921353147,6.1497722436419275,1.0009194235369014,1537.6131587397454,2941.4539726691323,4066.9868048666267,GA_cost
10.90909090909091,96.36363636363636,500,rolled,599.0899770439181,299.91300727146023,18.17006602493123,6.58273800239639,1.0009999093405133,1313.1033605135344,2300.557087619712,2916.927805044765,GA_cost
10.90909090909091,96.36363636363636,500,welded,596.6327243913588,299.6684784705588,22.383189818082492,6.491984378795156,1.0009999829563425,1455.6281171790215,3053.3255385947155,3637.0324135835035,GA_cost
10.90909090909091,96.36363636363636,550,rolled,716.6310612085031,290.1240959271105,15.422034102000799,8.467766065797596,1.000949711987341,1326.8049268836894,2538.1778251284973,2804.069532475989,GA_cost
10.90909090909091,96.36363636363636,550,welded,577.13572071578,299.5878932766312,21.7013563491493,6.59859079898657,1.0006470268696306,1415.1248930008462,3563.9801582544314,3544.6308478788387,GA_cost
10.90909090909091,96.36363636363636,620,rolled,617.310958767547,296.80011866539724,16.635466451444014,7.660560153954619,0.9967046053859941,1290.2261524338137,2735.2794431596853,2545.616198751914,GA_cost
10.90909090909091,96.36363636363636,620,welded,562.7193700500608,299.96828095754245,20.4884114342345,6.840900114590218,1.000989044935107,1358.272862849415,3888.1670343480464,3202.4979690221544,GA_cost
10.90909090909091,96.36363636363636,690,rolled,623.4234281861854,274.25278785261156,17.78941158026234,8.082028864573957,1.0002849057634,1304.5841008431937,3140.7862227799883,2404.870331494343,GA_cost
10.90909090909091,96.36363636363636,690,welded,586.2483361561393,295.8535251134754,18.651857879594154,7.636945348951108,1.0004013771363198,1304.1301374671964,4398.114074951011,2924.257828881977,GA_cost
10.90909090909091,107.27272727272727,355,rolled,749.999215790809,298.13949819963096,22.93722119924186,6.954720662065879,1.0009988549909845,1670.1380024248149,2388.2973434674855,4287.2442522245,GA_cost
10.90909090909091,107.27272727272727,355,welded,749.6884362973996,299.1491161738966,28.299169033706892,6.870123894722962,1.000999814041176,1857.7060100767417,3158.1002171304613,5366.912663111706,GA_cost
10.90909090909091,107.27272727272727,460,rolled,727.1694377023275,295.0051336665874,19.16571232577477,7.87034679537014,1.0006031523992323,1504.2737332270933,2410.5986574964163,3536.5475468168966,GA_cost
10.90909090909091,107.27272727272727,460,welded,596.4660957261042,299.5532839785751,27.107331417087714,6.14404579775845,1.0009983810968626,1676.0576044958111,3206.2981974004865,4433.172363891421,GA_cost
10.90909090909091,107.27272727272727,500,rolled,734.4975952762918,299.7131853623888,17.156825751245684,8.212834966870265,1.0006557820357327,1441.81547328376,2526.0607091931474,3202.8488923525447,GA_cost
10.90909090909091,107.27272727272727,500,welded,584.5040564555603,299.7352282263154,25.699145576998532,6.7105400822275465,1.000924957472351,1625.6613072493953,3409.987158086332,4061.877342293339,GA_cost
10.90909090909091,107.27272727272727,550,rolled,749.8782818175905,295.19669637732835,15.837023089057283,8.827656816800049,1.0009741296870092,1410.8283495735182,2698.91463273414,2981.6446339886734,GA_cost
10.90909090909091,107.27272727272727,550,welded,589.2640739841075,298.964212685756,23.838885027079403,6.683498078772646,1.0003588756110475,1530.6333640142948,3874.414419778704,3846.8850110932567,GA_cost
10.90909090909091,107.27272727272727,620,rolled,623.8963629901094,299.9924913782278,18.05578786698715,7.6643531613406894,0.9999097932950644,1379.1823158355287,2923.8665095713213,2721.1267091434984,GA_cost
10.90909090909091,107.27272727272727,620,welded,587.5971702318124,299.9778719362956,21.818755296344385,7.128315690012424,1.0009986653605953,1453.0610112517527,4175.8159717261715,3434.697652742215,GA_cost
10.90909090909091,107.27272727272727,690,rolled,636.5102638456208,285.00687275824754,18.019000120338724,8.278966537139736,1.0009997933671781,1370.5659745354342,3299.6375836940583,2526.5013174586193,GA_cost
10.90909090909091,107.27272727272727,690,welded,582.7340980233633,298.00261571727685,20.741858131300418,7.772355009198572,1.0001425882088073,1418.9128545155202,4813.1216909741115,3193.5252632041297,GA_cost
10.90909090909091,118.18181818181817,355,rolled,745.9494563272025,293.45585174511615,26.416584387049735,6.821213334373213,1.0009980145127821,1819.233341174612,2601.5036778796953,4669.971986795229,GA_cost
10.90909090909091,118.18181818181817,355,welded,749.9973449204963,299.99908604316494,31.43329425447178,6.951672591392751,1.0009999348103737,2024.1547970166991,3441.0631549283885,5847.783208581242,GA_cost
10.90909090909091,118.18181818181817,460,rolled,578.1776114313909,296.01899855447436,23.04339553826687,9.011658296091332,1.0009036595413887,1657.8742458969878,2656.743479049923,3897.6623521038177,GA_cost
10.90909090909091,118.18181818181817,460,welded,749.9723861390096,300.0,25.551462277875633,7.913612372669601,0.999726439621881,1786.4995218612437,3417.573585320559,4725.29123532299,GA_cost
10.90909090909091,118.18181818181817,500,rolled,749.9774832234333,299.43871087992625,18.638790782178503,8.377199067700861,1.0009793271346012,1540.5484199047628,2699.040831673144,3422.17425997644,GA_cost
10.90909090909091,118.18181818181817,500,welded,595.1604790721925,299.6615929108996,27.87973446103268,7.0963289649465935,1.0009997485033657,1758.6915880303459,3689.031475052453,4394.266801852622,GA_cost
10.90909090909091,118.18181818181817,550,rolled,716.364134862561,297.8992905405207,18.539189207872226,8.406796965645457,1.0009816614519962,1506.6906403533228,2882.299194995907,3184.2399993227127,GA_cost
10.90909090909091,118.18181818181817,550,welded,748.9762636337632,299.76592829044495,22.54155089168404,8.68539205560874,1.0009999489668233,1680.867628015178,4261.492909410185,4228.963481453879,GA_cost
10.90909090909091,118.18181818181817,620,rolled,709.9269816845225,299.8350288970055,16.944177863064784,8.909947693788169,1.000337147766587,1455.270465374154,3085.173386593206,2871.2486281832053,GA_cost
10.90909090909091,118.18181818181817,620,welded,592.93964514322,298.9350313882154,24.074284750846545,7.143207049141725,1.0008839647706187,1565.8480282786807,4524.610959711765,3714.4738737421717,GA_cost
10.90909090909091,118.18181818181817,690,rolled,632.1290157344629,295.8314746205993,18.782958104318634,8.217912763955994,1.0009199601618182,1438.6232970963874,3463.485587759553,2651.95818586748,GA_cost
10.90909090909091,118.18181818181817,690,welded,595.9893986572142,299.6564572808099,22.154753850843463,7.8238430717894865,1.00099972080895,1506.6765044331453,5130.327034446891,3399.361135182233,GA_cost
10.90909090909091,129.09090909090907,355,rolled,746.1239478039541,298.42177438531786,24.281132528364854,10.260295168434459,1.0009995377556271,1946.6590459470344,2783.7224357042596,4997.073770946036,GA_cost
10.90909090909091,129.09090909090907,355,welded,749.025123678329,299.6383755237889,31.076543306142117,10.201713039916186,1.000999838597264,2194.921771528796,3731.367011598953,6341.128997946691,GA_cost
10.90909090909091,129.09090909090907,460,rolled,738.049628823671,299.96020580711155,22.59234418812305,7.766701439366151,1.0009999156694618,1702.5903021981476,2728.4009592725315,4002.7898004678455,GA_cost
10.90909090909091,129.09090909090907,460,welded,748.582551190781,299.8529569815105,28.188741206619884,7.831168187031592,1.000694072934613,1911.8942575638719,3657.453714719686,5056.960311256442,GA_cost
10.90909090909091,129.09090909090907,500,rolled,748.3071006687587,299.52637487457264,20.68225506859053,8.273066979946549,1.0009955770451542,1639.9588372653625,2873.2078828889153,3643.0045611012765,GA_cost
10.90909090909091,129.09090909090907,500,welded,725.1323905962984,300.0,27.565989604259013,7.996416650600215,1.0001032860080319,1875.1962570924254,3933.411668877072,4685.365367971134,GA_cost
10.90909090909091,129.09090909090907,550,rolled,747.3328208300737,292.9052004828585,19.96927367972995,8.685396487470136,0.9999274790407603,1604.3388993288831,3069.100314416153,3390.6098298416614,GA_cost
10.90909090909091,129.09090909090907,550,welded,749.3857404773844,299.48377836812557,24.82802670042085,8.73659666453977,1.0009998284764496,1797.031009647033,4580.115730943067,4537.186825226227,GA_cost
10.90909090909091,129.09090909090907,620,rolled,687.3316252010268,300.0,19.700074801032926,8.47358779411326,0.9924349469897618,1556.5151198389842,3299.812054058647,3071.0043314423156,GA_cost
10.90909090909091,129.09090909090907,620,welded,727.0833250763089,299.0380276817818,23.89766627589316,8.913025998726448,1.0009999933343074,1742.4545247916064,5054.187478919493,4143.703437947534,GA_cost
10.90909090909091,129.09090909090907,690,rolled,662.2181361638342,299.4108388522521,19.075541885671825,8.571890286032268,1.000999606496134,1508.133129297614,3630.8305087840063,2780.092610547222,GA_cost
10.90909090909091,129.09090909090907,690,welded,593.9793135103859,299.8338402551789,24.328813450412646,9.078669795726162,0.9942501405876785,1673.334430406785,5748.519329175106,3796.978545135047,GA_cost
10.90909090909091,140.0,355,rolled,749.9998068342773,297.35526933536624,31.293678518976016,6.77921802204071,1.0009992921199338,2092.4679604655826,2992.2291834657826,5371.365254515151,GA_cost
10.90909090909091,140.0,355,welded,748.8554339027264,298.3257057163629,34.28980157312727,10.113888628634243,1.0009997405212268,2341.2375936950198,3980.1039092815336,6763.835408184912,GA_cost
10.90909090909091,140.0,460,rolled,741.1651518741462,298.25610113367145,24.839096578898427,7.754163342395733,1.0009999944212635,1814.4344459099955,2907.631199570768,4265.735382334399,GA_cost
10.90909090909091,140.0,460,welded,749.6824316759601,299.72914083515326,30.737061543476283,7.791940287756268,1.000991932368158,2037.1233111131326,3897.0168941594225,5388.191157894235,GA_cost
10.90909090909091,140.0,500,rolled,745.2549676597248,299.90579537734084,22.763834810634368,8.193790760567067,1.0004119327729764,1743.2825491547328,3054.231026119092,3872.5278546923228,GA_cost
10.90909090909091,140.0,500,welded,586.9824029641088,295.611254418605,31.766311485074706,9.267313687481169,1.0009999811357642,2023.7526950828053,4245.023653205692,5056.548483933897,GA_cost
10.90909090909091,140.0,550,rolled,747.5364505047366,296.85904414900153,21.32946553732727,8.658817568025482,1.00099999965533,1687.5030920411834,3228.193415074784,3566.3690347198367,GA_cost
10.90909090909091,140.0,550,welded,746.6857341329082,299.01511283625683,27.3174216915183,8.582563553370543,1.0009977844248201,1907.654014869048,4887.635605515429,4833.419446275099,GA_cost
10.90909090909091,140.0,620,rolled,716.0014120545496,297.93052004002084,20.502369742335276,8.795659729539318,1.0009989549287686,1632.3391019280325,3460.5588960874284,3220.605048104008,GA_cost
10.90909090909091,140.0,620,welded,748.723646333574,299.99849582308053,24.952905057194933,9.428815027157738,1.0009921819752956,1846.3792674319366,5375.759320250877,4401.594173522209,GA_cost
10.90909090909091,140.0,690,rolled,722.1804943858833,299.7966820031849,18.58700527725024,9.472284823075062,1.0009997136221493,1585.5472206083953,3817.204933614712,2922.7977464695155,GA_cost
10.90909090909091,140.0,690,welded,743.6016552267598,299.74726033091355,23.629566115854526,9.622863226525851,1.0009938171927997,1786.9401110932554,6136.347767265218,4053.7189806220554,GA_cost
11.727272727272727,20.0,355,rolled,447.53753903140364,234.5220732079478,10.919927915888303,6.000000031792683,1.0005949136173078,741.9889172069136,1061.0441516058863,1904.6855504701473,GA_cost
11.727272727272727,20.0,355,welded,481.66998923510306,249.95147897539545,11.240871609971135,6.028033490821174,1.000999902477316,772.1315485519287,1312.6236325382788,2230.6880437665222,GA_cost
11.727272727272727,20.0,460,rolled,429.62697646671614,223.03787917716528,10.846379851035156,6.000002522889733,1.0005804757497998,704.2712968121509,1128.5947531414715,1655.741818805367,GA_cost
11.727272727272727,20.0,460,welded,456.6586392727235,235.65075501873883,11.502571047095671,6.000023828736723,1.000999393500168,738.6002515556825,1412.9422812260202,1953.5976653647801,GA_cost
11.727272727272727,20.0,500,rolled,432.69077807905705,217.70946053934662,10.93833576107812,6.000064143736206,1.00098713587586,698.6413028513701,1224.0195625956007,1551.9617901540337,GA_cost
11.727272727272727,20.0,500,welded,435.1064312949875,230.87497121888165,12.106868927197988,6.001360561008313,1.0009992080579673,741.6520854622344,1555.6894144655828,1853.0919007359387,GA_cost
11.727272727272727,20.0,550,rolled,424.51454329115114,216.0663689398143,11.529264910733708,6.003213315524973,1.0009999893871007,714.545065817308,1366.9247109085102,1510.1195420982988,GA_cost
11.727272727272727,20.0,550,welded,428.2325296464755,223.16280968324477,12.63719030720569,6.000014271292428,1.0009999992417729,741.8173499777399,1827.1139939556724,1830.8797319879257,GA_cost
11.727272727272727,20.0,620,rolled,437.482516880261,212.08837623953127,11.823906793055313,6.000383148006461,1.0009992827496321,724.8293533410224,1536.6382290829674,1430.0883141418374,GA_cost
11.727272727272727,20.0,620,welded,420.1720468934221,220.4296111242376,12.62248483879992,6.004977354715084,1.0009992703941855,730.6055256296358,2047.3062989049524,1699.0424302326078,GA_cost
11.727272727272727,20.0,690,rolled,436.0393123820315,203.97948038029588,12.514710196784963,6.000078796301134,1.0009988738017488,731.8844008519053,1762.011695050962,1349.155704530402,GA_cost
11.727272727272727,20.0,690,welded,409.2547948997408,215.07906219986302,13.13147153748257,6.000000108533383,1.0009999206922473,731.5531188847268,2420.849085340574,1620.6503938587266,GA_cost
11.727272727272727,30.909090909090907,355,rolled,517.8882500950987,268.3841208518365,11.863313956979873,6.000073141968288,1.000971122023507,902.1329557748622,1290.0501267580532,2315.775297474071,GA_cost
11.727272727272727,30.909090909090907,355,welded,541.7536358493724,282.42577634673194,12.736268596644681,6.001046571227579,1.0009943213465513,947.5023598665474,1610.7540117731305,2737.334317654455,GA_cost
11.727272727272727,30.909090909090907,460,rolled,486.7266635673109,249.21092074408404,12.045052592822682,6.000585315262613,1.0009997181285506,848.6548127293458,1359.9693373987766,1995.1874647266923,GA_cost
11.727272727272727,30.909090909090907,460,welded,506.94463447736655,262.41941802305814,13.182156687251323,6.00033180082604,1.000999514359353,902.3769402455533,1726.2470866897436,2386.7870069494884,GA_cost
11.727272727272727,30.909090909090907,500,rolled,482.0723340649992,241.4381487013857,12.520059128600527,6.016880654732205,0.9937485451520811,850.1956695792259,1489.5428131028038,1888.6246604032924,GA_cost
11.727272727272727,30.909090909090907,500,welded,481.88768166294483,261.6702803370383,13.365442106542975,6.001757092796803,1.0007523391910162,895.4052451990004,1878.2020423294234,2237.2595456542226,GA_cost
11.727272727272727,30.909090909090907,550,rolled,477.0546987822303,240.5987128715615,12.855095295769406,6.000023107369938,0.9986989128964251,859.7041361048805,1644.6140123686362,1816.898721244054,GA_cost
11.727272727272727,30.909090909090907,550,welded,483.3786728690334,252.8153232153055,13.55728540813232,6.000015602598779,1.0000247866923244,883.0833395943383,2179.7196873728335,2182.625926228412,GA_cost
11.727272727272727,30.909090909090907,620,rolled,489.4534900448997,234.5624335299004,13.146278402596591,6.160002551509391,1.0009954744987728,871.9224502458181,1848.4755945211348,1720.3029943349993,GA_cost
11.727272727272727,30.909090909090907,620,welded,468.95958215564383,245.15217988580196,14.063738568147274,6.000307728045485,1.0009981312291916,878.3027022751461,2469.9385995824528,2047.1917056534933,GA_cost
11.727272727272727,30.909090909090907,690,rolled,465.0147191557221,220.00555145534705,15.150572805483735,6.002868529197051,1.0009929052597017,896.6321729127642,2158.6419562874803,1652.8517475473896,GA_cost
11.727272727272727,30.909090909090907,690,welded,463.1252590330967,235.86876025691734,14.758256831374966,6.0002842202484095,1.000998633059476,880.4346597448202,2926.1877806926414,1955.8698673248332,GA_cost
11.727272727272727,41.81818181818181,355,rolled,581.2399768774209,294.29767046873985,12.554144753851464,6.00375610145159,1.0009999893505757,1037.0088012978238,1482.922585855888,2662.001592931513,GA_cost
11.727272727272727,41.81818181818181,355,welded,593.284939534484,299.25115993222795,14.490634416981361,6.000281442325626,1.0009970048330956,1110.1091996691353,1887.1856394375302,3207.1054778441317,GA_cost
11.727272727272727,41.81818181818181,460,rolled,535.5268142895919,268.5780403441573,13.054576878828822,6.000001684725344,1.0009244850973034,973.2758463922809,1559.67454384363,2288.1715148682524,GA_cost
11.727272727272727,41.81818181818181,460,welded,556.8032038091039,285.5153866331334,14.026829685017137,6.001641847903537,1.0009099752280897,1029.5075656295562,1969.4479730493408,2723.047511090176,GA_cost
11.727272727272727,41.81818181818181,500,rolled,508.80113111498173,256.74178401580673,14.563193210012715,6.000001079612793,1.0009997701131177,1001.0330511034148,1753.8099055331827,2223.6948197211254,GA_cost
11.727272727272727,41.81818181818181,500,welded,534.1452897074838,280.0381434682369,14.475605351256322,6.001301126482408,0.9993947018762152,1025.4706177385772,2151.027167768439,2562.2408854816085,GA_cost
11.727272727272727,41.81818181818181,550,rolled,510.8261223102678,256.36819811299017,14.43400586935827,6.004449251273441,1.0008660196167711,995.1099654978017,1903.6453639972942,2103.065401083054,GA_cost
11.727272727272727,41.81818181818181,550,welded,513.3758531531092,275.021505554566,14.769529897224162,6.000191986857768,1.0009999562923508,1015.1347068811547,2512.727890404449,2513.6805249486197,GA_cost
11.727272727272727,41.81818181818181,620,rolled,510.1035535425191,251.81343438768246,15.011185279942984,6.332599019446736,0.9821486066686687,1024.6368081201276,2172.2300332146706,2021.608422421012,GA_cost
11.727272727272727,41.81818181818181,620,welded,498.192551626029,257.80239460449064,16.20524704205112,6.107404656094386,1.0009910283527488,1031.0823006071596,2915.667827246777,2411.8894879925465,GA_cost
11.727272727272727,41.81818181818181,690,rolled,522.3442757014507,245.80196176021764,14.513978788107522,6.7872283818775765,0.9962414931503216,1013.3448993422904,2439.627845166565,1867.9999874475782,GA_cost
11.727272727272727,41.81818181818181,690,welded,501.79989394078217,256.8567004950234,15.425987559825508,6.550100024198258,1.0003404375780378,1013.5054597885294,3379.3646020448405,2256.13061502764,GA_cost
11.727272727272727,52.72727272727273,355,rolled,596.5394813454276,299.33877248624844,15.449644468559743,6.003245062721388,1.0009999864125507,1222.294649595679,1747.8813489218207,3137.6303655121073,GA_cost
11.727272727272727,52.72727272727273,355,welded,592.9830162754239,297.7353831777128,18.888651022821957,6.003364483101091,1.0009938576697586,1342.2898317215163,2281.892713926578,3877.8753238434606,GA_cost
11.727272727272727,52.72727272727273,460,rolled,556.0465212561841,281.9108013928712,14.814288436246738,6.000058290019689,1.00099275538049,1112.691710656718,1783.0884663273907,2615.938211753944,GA_cost
11.727272727272727,52.72727272727273,460,welded,573.9569402460247,295.32197898287455,16.369528553516044,6.10676651211096,1.0009999941463528,1194.3428279354669,2284.777829840548,3159.036779889309,GA_cost
11.727272727272727,52.72727272727273,500,rolled,554.1695926566815,279.6419268092555,14.171503034964712,6.191943940658013,1.000132188012956,1080.8538789248198,1893.6559958762841,2401.0088066435956,GA_cost
11.727272727272727,52.72727272727273,500,welded,565.3333055037219,299.1446559661147,15.366870228384462,6.322249413583059,0.9998248945788634,1157.5239439125974,2428.0222247510646,2892.189326260016,GA_cost
11.727272727272727,52.72727272727273,550,rolled,540.7109922759782,273.1529519925817,15.257297193570231,6.338281253723425,1.0008340791388686,1118.2754515830293,2139.260938878335,2363.363339375574,GA_cost
11.727272727272727,52.72727272727273,550,welded,529.3548623581914,294.5448666884307,16.02831612782577,6.150115508928799,1.0007730038458904,1150.79000825808,2857.816622609106,2855.7509214614192,GA_cost
11.727272727272727,52.72727272727273,620,rolled,583.4401329023306,259.5646303497848,15.143251986377889,7.234004015773774,1.0009999660366926,1146.6845215803758,2430.9711857503967,2262.4085610780817,GA_cost
11.727272727272727,52.72727272727273,620,welded,546.050743624216,277.56211518548963,16.085398674349666,6.760709593182822,1.0009997248559765,1141.8630023188302,3233.157044173896,2673.2829701923024,GA_cost
11.727272727272727,52.72727272727273,690,rolled,543.6468646065139,247.17996569224294,17.205546037496664,6.989536965020195,1.000999989055113,1166.2328768955315,2807.705651125992,2149.8336852692228,GA_cost
11.727272727272727,52.72727272727273,690,welded,531.1860450292772,271.5726903482314,16.39282896371869,6.8873828638458034,1.0009994268717113,1135.6744193966354,3799.8067522813553,2533.663488259397,GA_cost
11.727272727272727,63.63636363636363,355,rolled,571.6604175689994,298.09729937502453,17.729593103982253,7.887697053384159,1.000998434364989,1430.5673910652413,2045.711369223295,3672.2664928644745,GA_cost
11.727272727272727,63.63636363636363,355,welded,749.9250796108736,299.9038837919998,19.398942347886006,7.066626704111085,1.0009999223612052,1533.7879271729075,2607.439476193943,4431.11332160253,GA_cost
11.727272727272727,63.63636363636363,460,rolled,586.6580117671016,296.88986460414424,15.667556609897877,6.254768175733144,1.0008032512524454,1235.0019968260976,1979.0906999138213,2903.489694538155,GA_cost
11.727272727272727,63.63636363636363,460,welded,587.4250321549874,299.92749617141186,18.940007681333604,6.4583532076218715,1.0009187149207353,1372.6391564997984,2625.8587063841146,3630.630568941967,GA_cost
11.727272727272727,63.63636363636363,500,rolled,578.1030196422928,292.7424044146915,15.222808969350657,6.543512587550387,1.0009981148585252,1207.9204802524805,2116.2766814023457,2683.27455483286,GA_cost
11.727272727272727,63.63636363636363,500,welded,583.3480683180061,295.46386060201064,18.45758689468608,6.664501111614233,1.0009994159141247,1339.3495223559264,2809.4195580937912,3346.4987165585176,GA_cost
11.727272727272727,63.63636363636363,550,rolled,573.2909726055251,289.335927136159,15.33450033109478,6.660003193053749,1.000519809502203,1207.0680472250165,2309.1211743414565,2551.01761100535,GA_cost
11.727272727272727,63.63636363636363,550,welded,595.4822704528908,299.8415282207464,16.462671462453915,6.973038705462566,1.0003418064063145,1269.9658719590082,3162.9378589082185,3157.559995376117,GA_cost
11.727272727272727,63.63636363636363,620,rolled,581.6629985436779,277.7473754521004,16.1289867386317,7.1865979638616135,1.0009973741486158,1247.7059985964327,2645.136717024437,2461.723935230761,GA_cost
11.727272727272727,63.63636363636363,620,welded,572.2902998645973,288.22528930413444,17.240855967698884,7.115650017396006,1.0009457674124633,1267.2264435252841,3601.4007568378006,2973.871357900288,GA_cost
11.727272727272727,63.63636363636363,690,rolled,587.7319377761426,255.7317630378673,17.84885374556616,7.641087256433867,1.0009999155769198,1290.1656613949253,3106.0738298082824,2378.2913802154058,GA_cost
11.727272727272727,63.63636363636363,690,welded,545.4121039093469,273.46524594221853,19.010093199991136,7.016384748800906,1.000999992604147,1284.892348318374,4330.256526719681,2879.8517025877986,GA_cost
11.727272727272727,74.54545454545453,355,rolled,749.8403402751194,299.7988319668197,18.30110425757732,7.0994904261907745,1.0009999968568213,1550.1621326266154,2216.73184965606,3979.266194452521,GA_cost
11.727272727272727,74.54545454545453,355,welded,747.3575807985357,298.0134133200316,23.460017402310285,6.944381982354562,1.0009954213734709,1735.0289959287873,2949.5492930789383,5012.498769238266,GA_cost
11.727272727272727,74.54545454545453,460,rolled,585.167165750549,298.8773242952539,18.52829920481845,6.258575630037463,1.0009994827918067,1402.1572463170671,2246.9569872231,3296.471686091425,GA_cost
11.727272727272727,74.54545454545453,460,welded,597.0364448523148,299.7800075913577,22.070102861142743,6.362898264983374,1.000685944902357,1542.0241777123674,2949.8922519637586,4078.6539500492117,GA_cost
11.727272727272727,74.54545454545453,500,rolled,585.8637193490796,299.2039514408327,17.22450288890963,6.453437580643981,1.0009950156091074,1340.296501612388,2348.1994708249044,2977.334648681758,GA_cost
11.727272727272727,74.54545454545453,500,welded,591.1521937663304,299.66594392175847,21.04233434924362,6.459019387468717,1.000990833709713,1487.4705157789438,3120.118153897912,3716.5938307252686,GA_cost
11.727272727272727,74.54545454545453,550,rolled,584.6260478985884,294.9516004274146,17.249758693944123,6.745116197079541,1.000882526968482,1342.283501302639,2567.788337991948,2836.7819516529976,GA_cost
11.727272727272727,74.54545454545453,550,welded,597.2200546301433,299.2364559546253,19.508648653917074,6.887826405113246,1.000999835800738,1428.775637006122,3582.7477882176936,3568.4890071253053,GA_cost
11.727272727272727,74.54545454545453,620,rolled,623.097343024458,289.6438888094045,16.157283207790925,7.898292573765405,1.000997840860907,1355.7714002814178,2874.2353685966054,2674.9369727552366,GA_cost
11.727272727272727,74.54545454545453,620,welded,584.1699824161379,299.6671037175371,18.458235722006382,7.348814473404549,1.00089777593673,1388.6484731028315,3960.4527142846555,3266.283469378154,GA_cost
11.727272727272727,74.54545454545453,690,rolled,632.3437187271836,276.2480024823904,16.511820772591022,8.29298667868666,1.0009999774120824,1362.245488561711,3279.6060137123195,2511.163333614658,GA_cost
11.727272727272727,74.54545454545453,690,welded,573.8994269200039,295.0060228721077,18.33238211066435,7.479074284864256,1.0002897549857581,1365.636243420787,4599.778781729556,3059.7187601815185,GA_cost
11.727272727272727,85.45454545454545,355,rolled,749.8414583754993,299.3401945099629,21.43927444738833,7.045555601019885,1.0009999874917106,1722.152233933471,2462.677694524864,4420.764784507221,GA_cost
11.727272727272727,85.45454545454545,355,welded,748.7145045596604,297.44137475623137,27.23467547160359,6.884160581708514,1.000999188158774,1931.467275372523,3283.494368133289,5580.00895855122,GA_cost
11.727272727272727,85.45454545454545,460,rolled,721.5466454676028,299.0411762682986,18.109164436976755,7.703064200851298,1.0009911698464724,1557.2158561340111,2495.4384094547527,3661.01447777106,GA_cost
11.727272727272727,85.45454545454545,460,welded,594.2382805502479,299.70382972463227,23.430087740435248,9.342219201155553,1.0008568068855683,1763.6588850371984,3373.87944707616,4664.87775092339,GA_cost
11.727272727272727,85.45454545454545,500,rolled,586.6633982939263,294.85137920430714,20.434887662853512,6.429266938473715,1.0009318340133302,1504.0191393614007,2635.041532161174,3341.0281161774146,GA_cost
11.727272727272727,85.45454545454545,500,welded,595.3390176016454,300.0,24.18076283170297,6.550641671181422,0.9959093592768437,1665.48807893043,3493.52779436447,4161.388514015573,GA_cost
11.727272727272727,85.45454545454545,550,rolled,593.5283301248907,297.000612780698,19.39577851593344,6.891411247722289,0.9994690872107769,1483.185851814766,2837.334534521647,3134.564979225327,GA_cost
11.727272727272727,85.45454545454545,550,welded,593.0994925852008,299.99751784166716,22.623721869130364,6.77284764952212,1.0009216605736613,1591.208178023797,4017.4610822421546,3992.3182371407115,GA_cost
11.727272727272727,85.45454545454545,620,rolled,628.0777505318316,299.413225382156,17.45223062967856,7.786189790682175,0.9988521439944419,1456.6406840700447,3088.078250228494,2873.9520696701984,GA_cost
11.727272727272727,85.45454545454545,620,welded,582.8352097952557,297.0360925761056,21.73253517998985,7.083157212931171,1.0009871260869836,1540.2533685944315,4424.985893469978,3640.0502121601025,GA_cost
11.727272727272727,85.45454545454545,690,rolled,661.4318167288501,284.42653800929685,17.026976337074615,8.626179630197162,1.0009079274888646,1459.376691769327,3513.4493854346547,2690.214993607577,GA_cost
11.727272727272727,85.45454545454545,690,welded,579.7520158752413,295.8336470888808,20.982228243895047,7.5348357342125825,1.000998414647316,1515.9038287070368,5142.164843168664,3411.8376240339385,GA_cost
11.727272727272727,96.36363636363636,355,rolled,749.7391363552802,299.7549789833458,24.520222588477232,6.934382514593322,1.0009993666960166,1890.6158822326697,2703.5807115927173,4853.210969691262,GA_cost
11.727272727272727,96.36363636363636,355,welded,747.1744182349391,299.08142615923316,30.857886395445846,6.82993809419674,1.0009734707128777,2130.2180388881043,3621.370666109777,6154.199914347733,GA_cost
11.727272727272727,96.36363636363636,460,rolled,746.2851402909786,297.67438016765936,19.95407149391103,7.977935485714623,1.0009794633179143,1693.0417037771508,2713.099330302884,3980.3410455800813,GA_cost
11.727272727272727,96.36363636363636,460,welded,748.7015053095959,299.4721943315369,25.37778220787227,7.958004946015007,1.0009805069071291,1910.6070308341418,3654.9912499857132,5053.555596556305,GA_cost
11.727272727272727,96.36363636363636,500,rolled,733.9558884385818,300.0,19.10202356209717,8.24072336993923,0.9888690048761776,1662.0760904991478,2911.957310554507,3692.1358274348067,GA_cost
11.727272727272727,96.36363636363636,500,welded,593.9387506303594,299.9816769183202,27.44158278878544,6.361721935649102,1.00045159870888,1831.355963334916,3841.4522686913197,4575.826009988621,GA_cost
11.727272727272727,96.36363636363636,550,rolled,748.3558547693344,299.12070818384973,17.237398543349798,8.768227842277895,1.00029767165639,1601.8445093606917,3064.328546407003,3385.338186082886,GA_cost
11.727272727272727,96.36363636363636,550,welded,589.6216843658203,299.68499818551567,25.861341910849898,6.653726129662271,1.000983652372947,1756.4455715527981,4466.092850553963,4427.710583845011,GA_cost
11.727272727272727,96.36363636363636,620,rolled,662.9655498533198,293.6914284959287,19.226223972549572,8.220826471764047,1.0009999829521814,1587.883679846069,3366.3134012736664,3132.8945003362946,GA_cost
11.727272727272727,96.36363636363636,620,welded,586.712300394342,299.29188039381125,24.04591774400663,7.400033941797378,1.0009997054424746,1691.9821647864537,4891.76508408994,4015.11919933738,GA_cost
11.727272727272727,96.36363636363636,690,rolled,652.3760395459764,294.8708338837938,18.234932115668638,8.678126931353974,1.0009800453614104,1556.1440243001466,3746.416738502603,2868.59589439489,GA_cost
11.727272727272727,96.36363636363636,690,welded,593.452776165307,299.85513297910035,22.86374334739484,7.617159792550178,0.9866037692018425,1646.3601703711026,5613.267721143915,3717.6290166210993,GA_cost
11.727272727272727,107.27272727272727,355,rolled,749.7793563153733,296.5832919939,28.090038960361014,6.821495705720282,1.0009999834149714,2067.935308446011,2957.147491077795,5308.38993678091,GA_cost
11.727272727272727,107.27272727272727,355,welded,749.8015224850076,298.0705027150861,34.85447277325153,6.806665927764909,1.0009638653228299,2338.9769371040406,3976.2607930768695,6757.304371293572,GA_cost
11.727272727272727,107.27272727272727,460,rolled,743.3462673514199,297.0002040404461,22.70142627690707,7.850217461911499,1.0009999272589825,1833.0665568470422,2937.489157347384,4309.539475147396,GA_cost
11.727272727272727,107.27272727272727,460,welded,749.9937332148317,299.61542428552184,28.39129925700092,7.82166110076804,1.0009996336969507,2065.34615680561,3951.007197969132,5462.840584750838,GA_cost
11.727272727272727,107.27272727272727,500,rolled,596.0305762373586,299.85772440207336,25.022761600089154,6.586453235218491,1.0009993816561562,1798.169399733103,3150.392788332397,3994.453504567115,GA_cost
11.727272727272727,107.27272727272727,500,welded,749.9342006878669,299.6115027914454,26.84499777577631,8.204258766011788,1.0009452237666534,2006.7324063603885,4209.321895581551,5014.0215905320665,GA_cost
11.727272727272727,107.27272727272727,550,rolled,699.8775011743954,297.2084719452625,21.410371951777456,8.066653591437454,1.000694598807038,1742.5206147150648,3333.4419359499184,3682.6430671388175,GA_cost
11.727272727272727,107.27272727272727,550,welded,587.5676022619493,297.5952406341135,29.95751372001179,6.7646345162037695,0.980099814375126,1970.0464861138234,5056.790150069361,4997.65791157616,GA_cost
11.727272727272727,107.27272727272727,620,rolled,684.7702553902822,297.1428885219366,20.293445569322834,8.414107081512038,1.0009958294772145,1689.684827682978,3582.131834687913,3333.7481650185155,GA_cost
11.727272727272727,107.27272727272727,620,welded,594.6268649212042,299.9296097517238,26.377176177988137,7.345997786628126,1.0009754673874247,1823.063354833658,5299.544667449106,4341.56236812735,GA_cost
11.727272727272727,107.27272727272727,690,rolled,705.9298574308339,298.1640075393134,18.19586241781971,9.249160168274676,1.000999992620082,1647.4468070370579,3966.228187941717,3036.9034440921127,GA_cost
11.727272727272727,107.27272727272727,690,welded,593.5667361007993,299.581873768654,25.63529399989976,7.540964597740985,1.0009885634752742,1790.4733580645038,6147.275535808461,4061.2207230485474,GA_cost
11.727272727272727,118.18181818181817,355,rolled,749.6841196194131,297.4425741868482,26.93845206542853,10.22751494969372,1.000999970810113,2236.920553529661,3198.796391547415,5742.17506091064,GA_cost
11.727272727272727,118.18181818181817,355,welded,749.8037614197682,299.98662685692375,34.48943459379085,10.102790798352766,1.0009998752512879,2538.158410530841,4314.86929790243,7332.7396480236,GA_cost
11.727272727272727,118.18181818181817,460,rolled,747.3008008461436,295.4221758249624,25.326851587588745,7.803417326644834,1.000602063536153,1971.9497315210772,3160.0494447625265,4636.053818806052,GA_cost
11.727272727272727,118.18181818181817,460,welded,749.4245730062079,299.499290699761,31.481667499965965,7.796491693049864,1.0009998295330913,2228.7012023380125,4263.505400072618,5894.914680184044,GA_cost
11.727272727272727,118.18181818181817,500,rolled,736.4331280504762,299.54887475645023,23.610212082244175,8.058412806589658,1.0009993440831761,1904.1248900679977,3336.0268073991324,4229.82303079705,GA_cost
11.727272727272727,118.18181818181817,500,welded,748.2343468589179,299.3038764894089,29.8635025350452,8.133273865769711,1.000906336637985,2161.2107868958406,4533.355746592715,5400.001272137947,GA_cost
11.727272727272727,118.18181818181817,550,rolled,747.964498765224,298.51413786312065,21.69666312480451,8.668361697546015,1.000950856988967,1842.4751652260456,3524.6549910774256,3893.887014188725,GA_cost
11.727272727272727,118.18181818181817,550,welded,746.0240931147209,297.6935833108328,28.465380293904897,8.50891023309976,1.0009999046266733,2099.9926431698436,5393.380379676801,5329.320286085207,GA_cost
11.727272727272727,118.18181818181817,620,rolled,677.3730963552335,296.2337694053423,22.925289163059297,8.21242812761582,1.0009998923328156,1814.232815888395,3846.1735696833975,3579.4813457478035,GA_cost
11.727272727272727,118.18181818181817,620,welded,749.341137415573,298.8608004395526,26.15247623086096,9.13149295901505,1.0009986476772736,2025.0128653707563,5908.530479197795,4834.21025846221,GA_cost
11.727272727272727,118.18181818181817,690,rolled,680.8811613680673,299.59831749066666,20.895263921718943,8.773973554146009,1.000999963216963,1752.2640553508663,4218.575713257211,3230.123559633786,GA_cost
11.727272727272727,118.18181818181817,690,welded,598.816292791384,299.4637597871273,28.193072338849568,7.534790749480314,1.0009781109539841,1930.7281145322422,6672.35743993266,4397.901550035207,GA_cost
11.727272727272727,129.09090909090907,355,rolled,749.9345264452403,296.5911302239164,29.938972028334206,10.153138421910317,1.000999997609533,2393.8845733137346,3423.25493983864,6145.101699696356,GA_cost
11.727272727272727,129.09090909090907,355,welded,749.9482063224102,299.998716017023,34.99812712066823,18.225200920781997,1.0009999999164965,3073.9494627662034,5225.714086702545,8880.639997931561,GA_cost
11.727272727272727,129.09090909090907,460,rolled,749.6929615384561,299.81423065999206,27.11909975140978,7.790133023925148,1.0009997256290835,2095.543169010546,3358.1079283393997,4926.621990343795,GA_cost
11.727272727272727,129.09090909090907,460,welded,748.9866905444078,298.19955062705793,34.83301519765339,7.6660661774656,1.000996219701117,2391.8881463515118,4575.682023970441,6326.544147099748,GA_cost
11.727272727272727,129.09090909090907,500,rolled,749.5158755504443,299.94710455407886,25.367699014828833,8.203234767003035,1.0009187328420395,2025.0888023927114,3547.955581792031,4498.532265635169,GA_cost
11.727272727272727,129.09090909090907,500,welded,747.7743524156151,297.1916387015024,33.167333257413325,8.016230975843875,1.0009999886192027,2317.7428402274945,4861.697381661192,5791.112260592418,GA_cost
11.727272727272727,129.09090909090907,550,rolled,750.0,298.7664989305657,24.012636023799036,8.68594311976327,0.9913566107567705,1976.3188279658134,3780.697917898601,4176.752211022949,GA_cost
11.727272727272727,129.09090909090907,550,welded,597.2943966335962,299.95429778063516,34.832226389457226,6.556335523086954,1.0009972438602388,2242.1425150111663,5815.276502413821,5727.675174770545,GA_cost
11.727272727272727,129.09090909090907,620,rolled,727.4344649090598,299.7212572755343,22.625799721455092,8.890886912148805,1.0009997803545179,1897.2900700982652,4022.254948608323,3743.353308303878,GA_cost
11.727272727272727,129.09090909090907,620,welded,736.8207537106983,299.86413282782013,29.045520907689,8.905783364915237,1.0009997835074174,2160.0781598326175,6342.597171117717,5177.995291631203,GA_cost
11.727272727272727,129.09090909090907,690,rolled,742.8013069428098,300.0,20.669711197742473,9.651871507771768,0.9981253630419601,1853.2285815844286,4461.647810164512,3416.241567292736,GA_cost
11.727272727272727,129.09090909090907,690,welded,745.6794422646393,299.9994418376604,26.953575739278712,9.618617407577668,1.0001688814381384,2101.3415780476366,7277.657730217859,4793.2132590375195,GA_cost
11.727272727272727,140.0,355,rolled,749.7013714501788,299.99968990647795,32.30585671653875,10.054352918276788,1.0009999969834373,2539.469222244067,3631.440987809016,6518.817493500519,GA_cost
11.727272727272727,140.0,460,rolled,749.9999992506638,299.9750708873852,29.592032600573322,7.727682510064371,1.000957255211715,2232.1344882582566,3576.995517433856,5247.748181895162,GA_cost
11.727272727272727,140.0,460,welded,749.3008587893312,299.9942014857452,34.20060940858146,11.56713560331667,1.000999971418212,2614.112475930103,5000.797166454287,6914.327498835122,GA_cost
11.727272727272727,140.0,500,rolled,749.7961925697319,299.19111662935177,27.820337875967724,8.100140359211698,1.000992006022381,2152.6592116290653,3771.458938774122,4781.917172712805,GA_cost
11.727272727272727,140.0,500,welded,749.9999789334798,299.99996286329497,35.0,9.791650470007955,1.0009948864542493,2546.1997505099193,5340.9085966696075,6361.934696624085,GA_cost
11.727272727272727,140.0,550,rolled,746.2416220239803,299.98238252046576,25.935125276854862,8.537705478120412,1.0009999986904277,2077.1223255769073,3973.535008828624,4389.790322874235,GA_cost
11.727272727272727,140.0,550,welded,749.6357775396517,299.92307119867917,33.30983072551715,8.442277517308792,1.0008565096422057,2370.2440387729625,6152.470217789327,6058.191886676657,GA_cost
11.727272727272727,140.0,620,rolled,747.4817564220164,297.9341220578136,24.127255898083497,9.172879854444,1.0009999895719865,2009.6612565376365,4260.48186385979,3965.061659148757,GA_cost
11.727272727272727,140.0,620,welded,749.7177095020495,299.98259334122855,30.951352396476512,9.024325772214329,1.0009999903509026,2280.929738148101,6729.489151314305,5484.803189876727,GA_cost
11.727272727272727,140.0,690,rolled,748.2167600938997,299.95309625621246,22.284799727022413,9.682705152959082,1.000999325346869,1950.8331445647204,4696.630795539564,3596.165818690605,GA_cost
11.727272727272727,140.0,690,welded,749.5199897541751,299.9885912114417,29.130747469956244,9.552713124750746,1.0009999236354574,2216.8913441044156,7719.213290389534,5074.408496760387,GA_cost
12.545454545454547,20.0,355,rolled,488.50082964488814,248.3005343845714,10.869008758944076,6.001861545334075,1.0009999941401206,847.8257868563019,1212.3908752045115,2176.3687948601264,GA_cost
12.545454545454547,20.0,355,welded,514.6406759296486,263.5204258079672,11.570704227762103,6.001506020623683,1.0009976476352256,891.0604993144833,1514.8028488346217,2574.2737825195422,GA_cost
12.545454545454547,20.0,460,rolled,460.8042669859399,233.98008819793577,11.296381238081374,6.021421118078868,1.0009950012406759,819.4827881720174,1313.221168045658,1926.604034992413,GA_cost
12.545454545454547,20.0,460,welded,466.50013521298763,250.8409055861016,12.23366054649082,6.0099359328012945,1.0006774849699676,866.0485057210279,1656.7507914443263,2290.698297632119,GA_cost
12.545454545454547,20.0,500,rolled,455.08721106208986,230.2798303325105,11.57860113740791,6.006697772903809,0.9915381196438785,819.7099780277915,1436.1318815046907,1820.9037451909364,GA_cost
12.545454545454547,20.0,500,welded,465.3434048021243,243.42451883237368,12.513914069347166,6.0008400455126205,1.0009999865088626,860.2042493429534,1804.364433421779,2149.3063374083035,GA_cost
12.545454545454547,20.0,550,rolled,446.15872506885864,224.49772303481788,12.393384636858139,6.086787255420864,1.0009999868774209,840.6253826071085,1608.1163569273986,1776.577683601863,GA_cost
12.545454545454547,20.0,550,welded,451.84818850970436,238.89989902412532,12.854508692709611,6.018602687742998,1.000997952743924,857.4461331611217,2113.0716138957782,2117.0318271914502,GA_cost
12.545454545454547,20.0,620,rolled,471.9007543213758,221.9616640329482,12.3909827998924,6.000111536833843,1.0009999650048198,846.2128393604642,1793.9712194441843,1669.5779320581958,GA_cost
12.545454545454547,20.0,620,welded,445.4307694876008,230.53769698146553,13.410595966458477,6.000626951909662,1.0009833015725715,856.3206547621076,2404.2425457503123,1993.883312661745,GA_cost
12.545454545454547,20.0,690,rolled,451.01764452721505,218.37917156673757,12.962468235465023,6.007361154183052,1.0009936904385834,849.49521649258,2045.159733705886,1565.9594820824218,GA_cost
12.545454545454547,20.0,690,welded,442.14700987334646,226.54441112956115,13.537588511031423,6.000002693960444,1.0009999998305072,849.3231688255038,2813.6212808607634,1882.8517015342459,GA_cost
12.545454545454547,30.909090909090907,355,rolled,556.8877444634908,282.8486256111704,12.05486352477193,6.000004896611047,1.0009345526362905,1035.721224371092,1481.0813508506612,2658.6963829605925,GA_cost
12.545454545454547,30.909090909090907,355,welded,585.4306969549696,296.5233257826762,12.977214894260177,6.000143624391306,1.0008993968909432,1088.5226678020272,1850.4885352634462,3144.741987280056,GA_cost
12.545454545454547,30.909090909090907,460,rolled,510.3727811579659,261.11266622194717,12.822720511672953,6.00874052190704,1.000999784644512,993.6222404349617,1592.2796402970262,2336.0058872625946,GA_cost
12.545454545454547,30.909090909090907,460,welded,536.517642926121,272.74618049980774,14.098341142937423,6.003444973573075,1.0009862873126125,1057.9127967796153,2023.7871802394038,2798.179347482082,GA_cost
12.545454545454547,30.909090909090907,500,rolled,506.3133301435123,253.18412789050444,13.20928575104873,6.145692907473625,1.0009619110533714,996.6311980666451,1746.097859012762,2213.9165433852454,GA_cost
12.545454545454547,30.909090909090907,500,welded,531.0454539472809,266.4707304925305,14.312023357885307,6.000000214847152,0.9967697749235177,1048.0434292553018,2198.3758972059213,2618.641312337297,GA_cost
12.545454545454547,30.909090909090907,550,rolled,530.3048344109341,246.48072636196193,14.151505031198976,6.182998615337344,1.0009994350371556,1042.3339485130668,1993.9848435054969,2202.8685667875156,GA_cost
12.545454545454547,30.909090909090907,550,welded,501.6410281512385,265.42695389631467,14.53748855669134,6.0,1.0009424179145776,1039.2470063402977,2571.026811942882,2572.4703854843942,GA_cost
12.545454545454547,30.909090909090907,620,rolled,501.09884340788244,246.31609948212332,14.299552261952766,6.210478303031144,1.0009999497258957,1031.87404665448,2187.572978907498,2035.887494049289,GA_cost
12.545454545454547,30.909090909090907,620,welded,488.11306848307555,253.33790900933025,15.530498894082495,6.000081343315448,1.000998912177129,1045.0179342949425,2949.404044743004,2441.458947540781,GA_cost
12.545454545454547,30.909090909090907,690,rolled,509.34093044411134,232.72276923686752,15.272553157866929,6.575763907358514,1.0009999769994322,1060.6333783537552,2553.474858386666,1955.1715696573121,GA_cost
12.545454545454547,30.909090909090907,690,welded,481.5179991205208,254.92275295679056,15.314657013400325,6.301045373152594,1.0009847794760773,1048.7505214783394,3493.542870276674,2333.1653575385167,GA_cost
12.545454545454547,41.81818181818181,355,rolled,589.6421592793602,298.4473854008976,14.566830050415708,6.00013008906627,0.998244062024813,1246.8672725099862,1783.0201996892802,3200.7082885331342,GA_cost
12.545454545454547,41.81818181818181,355,welded,595.4937563134017,299.9975309413272,17.37683259135935,6.001302183878027,1.0009999110179548,1358.180922418852,2308.907568112049,3923.7846848680633,GA_cost
12.545454545454547,41.81818181818181,460,rolled,555.2569712199722,282.3828901164457,13.957024969820173,6.000067081427008,1.0009928789235947,1142.2778211656132,1830.500208417895,2685.495157560357,GA_cost
12.545454545454547,41.81818181818181,460,welded,581.6543380124224,299.9990622492808,14.85260829232548,6.3225415131628475,0.99963913247057,1221.2984703151656,2336.3439737129115,3230.334453983613,GA_cost
12.545454545454547,41.81818181818181,500,rolled,541.5895497470741,270.91559732135306,14.892207950115594,6.000018505423578,1.0009919917864651,1151.9318071088717,2018.1845260547434,2558.9013163116474,GA_cost
12.545454545454547,41.81818181818181,500,welded,537.0649067649806,299.1700382340376,15.531309738513576,6.000028473043059,1.0009994968996307,1214.1856047530273,2546.87572452995,3033.764152035914,GA_cost
12.545454545454547,41.81818181818181,550,rolled,590.2812735350507,264.099152130289,14.881718143298889,6.878999255598759,1.0008984056691856,1211.534660225929,2317.665805012202,2560.4573509214783,GA_cost
12.545454545454547,41.81818181818181,550,welded,528.4953596628819,291.4105820055628,15.678589756002701,6.147914240471751,1.0005099855840092,1200.904705338522,2979.8430007603633,2978.5074165680976,GA_cost
12.545454545454547,41.81818181818181,620,rolled,527.6096980500889,257.568450566664,16.721099331795667,6.460212434752199,1.0003026372472301,1220.8186748649955,2588.1355907137904,2408.675245508636,GA_cost
12.545454545454547,41.81818181818181,620,welded,526.5146548273121,275.81390442876415,16.404470407593546,6.496636230967756,1.0009995124353812,1207.0511197427984,3418.1962090327393,2826.14472620796,GA_cost
12.545454545454547,41.81818181818181,690,rolled,579.6283546056261,252.22949842690628,15.215152284197998,7.590001350192389,1.0009726588631858,1224.7224632097298,2948.5193301774248,2257.6533886808156,GA_cost
12.545454545454547,41.81818181818181,690,welded,525.3357170501703,267.29622041492587,16.639272416071126,7.103677825605559,1.0009998412650059,1220.2532360066107,4087.7862270994674,2724.482988192032,GA_cost
12.545454545454547,52.72727272727273,355,rolled,750.0,300.0,15.267867947726375,7.33280141968727,0.9783235683965927,1492.8100324187942,2134.718346358876,3832.0433532190445,GA_cost
12.545454545454547,52.72727272727273,355,welded,590.8909386232825,298.53697802783654,22.672606284030085,6.000006465797062,1.0009972789400332,1655.528664798388,2814.3987301572597,4782.822312602542,GA_cost
12.545454545454547,52.72727272727273,460,rolled,594.8778514778845,299.4168565940907,14.867685468579266,6.539349348957324,1.0009958426832135,1302.8043694269322,2087.7440020066583,3062.893072522718,GA_cost
12.545454545454547,52.72727272727273,460,welded,580.0615306270256,298.92896652963555,19.205444879483547,6.11208043584111,1.0009500902449768,1456.8159177212392,2786.8888506007306,3853.2781023726775,GA_cost
12.545454545454547,52.72727272727273,500,rolled,566.1900204261506,296.491211786748,15.807227970410464,6.305511410622386,1.0009712342026669,1317.8235881698067,2308.8269264735013,2927.4133187604084,GA_cost
12.545454545454547,52.72727272727273,500,welded,562.9055518570956,300.0,18.779698395056645,6.216126909797523,0.9959502645574633,1431.2793404211766,3002.25154446746,3576.1945599763517,GA_cost
12.545454545454547,52.72727272727273,550,rolled,570.9122174989798,290.7662254606151,15.543865097073539,7.102973980820853,1.0009944777690338,1331.2085090853225,2546.6018778802218,2813.37606310092,GA_cost
12.545454545454547,52.72727272727273,550,welded,583.6506930911041,299.07232626713846,16.96811270395402,6.790808705050784,1.0009959418216265,1367.1631723643154,3407.5510198079587,3400.9041307182674,GA_cost
12.545454545454547,52.72727272727273,620,rolled,612.680390889116,277.302215328434,15.477391769832263,7.589240351606285,1.0009283880946707,1344.1408914679919,2849.578689912143,2651.989978866348,GA_cost
12.545454545454547,52.72727272727273,620,welded,556.127441607462,296.56801804513265,17.005844765001704,6.845994876144505,1.0009996178239462,1345.3779549877454,3818.792905300622,3154.7578953977413,GA_cost
12.545454545454547,52.72727272727273,690,rolled,588.7695248074849,267.88561652829213,16.554169563380892,7.777409602169855,1.000999824262602,1364.0120924060511,3283.8591124675686,2514.419891141315,GA_cost
12.545454545454547,52.72727272727273,690,welded,563.5410224451844,284.77795757795246,17.195805507105003,7.333119066194488,1.0009998693249573,1346.6687820317168,4520.626823810511,3010.7187923337815,GA_cost
12.545454545454547,63.63636363636363,355,rolled,742.6303292303969,299.0494529749782,18.857119517284616,6.959541436486927,1.0009308885230805,1673.5538357438381,2393.181985113689,4296.012696354433,GA_cost
12.545454545454547,63.63636363636363,355,welded,748.6566479564499,299.08575390911255,23.771351409515198,6.977829043871762,1.0009293581799696,1882.144955340939,3199.6464240795963,5437.516775979972,GA_cost
12.545454545454547,63.63636363636363,460,rolled,586.2134961502609,299.1788192264575,18.686239866029787,6.160037350634289,1.0005376152446332,1505.7901804135367,2413.028764112692,3540.1127141522247,GA_cost
12.545454545454547,63.63636363636363,460,welded,569.2812236029516,297.29061499266095,24.05953867750871,6.032802756681518,1.0008727605572592,1718.450463277909,3287.3957362506394,4545.30147537007,GA_cost
12.545454545454547,63.63636363636363,500,rolled,592.2077165163663,297.3754801159009,17.503670444746408,6.517743759529534,1.0009845254173368,1452.027230959258,2543.9517086406204,3225.533290852896,GA_cost
12.545454545454547,63.63636363636363,500,welded,595.0239674215444,299.84183854978824,21.364214340474522,6.508963309655272,1.000999992913377,1615.7559355790945,3389.2096504707083,4037.1277806379253,GA_cost
12.545454545454547,63.63636363636363,550,rolled,597.8485389499995,299.9933419092353,16.75279971554784,7.095552409561864,0.9997108970011488,1453.4508795356044,2780.4515325516104,3071.723088810546,GA_cost
12.545454545454547,63.63636363636363,550,welded,585.7892113083466,299.53625805248663,20.50603231733973,6.730835112921048,1.000980776882927,1570.9234184828588,3946.770955145724,3928.53187829972,GA_cost
12.545454545454547,63.63636363636363,620,rolled,617.2879129007043,289.01835615999454,17.155277041343698,7.6384375766724135,1.000013939047999,1485.8825353253656,3150.070974889775,2931.6462421969463,GA_cost
12.545454545454547,63.63636363636363,620,welded,595.1881881079474,299.8870920330427,18.736998453417986,7.305857035427331,1.0009998534692515,1508.007578553294,4303.334495356069,3548.3494573814664,GA_cost
12.545454545454547,63.63636363636363,690,rolled,633.0562403777923,279.9693479844639,17.02086609254595,8.286451185473224,0.9934890281388497,1498.8010295287634,3608.3634785904983,2762.8898178333216,GA_cost
12.545454545454547,63.63636363636363,690,welded,586.2851935726706,299.72543669249814,18.014870451610157,7.608021054336858,1.0009998420101143,1475.7879506442973,4968.335654321084,3305.4667134237607,GA_cost
12.545454545454547,74.54545454545453,355,rolled,749.2494385319039,299.94076073687825,22.13588919466002,6.967909266660641,1.0009999902590716,1881.0704653492494,2689.930765449427,4828.7078845515225,GA_cost
12.545454545454547,74.54545454545453,355,welded,749.9147298422746,299.912871089055,27.95234808553534,6.905225691301806,1.0009997409399274,2123.1531554823587,3609.36036432001,6133.789466188533,GA_cost
12.545454545454547,74.54545454545453,460,rolled,589.3956563279414,296.053194857592,22.329065677842408,6.256808006620488,1.0009984891328452,1719.5886243727168,2755.6407705572783,4042.7528559002576,GA_cost
12.545454545454547,74.54545454545453,460,welded,589.455034701771,299.9890971722338,26.90212855100363,6.043992488452317,1.0009885283231512,1908.3964089696324,3650.7623303589066,5047.708501724677,GA_cost
12.545454545454547,74.54545454545453,500,rolled,749.8613197235951,299.8175771257865,16.950477588201753,8.390758122843305,1.0009954241057877,1672.2340864017012,2929.754119375781,3714.700799532739,GA_cost
12.545454545454547,74.54545454545453,500,welded,558.8200475602715,300.0,26.93607609119108,6.0,0.9995668817959426,1889.997369829962,3964.4584829553287,4722.347428257144,GA_cost
12.545454545454547,74.54545454545453,550,rolled,749.9925317776626,299.8529394703124,15.922228011138785,8.826193592298111,1.0006690967772593,1642.827017726268,3142.7280849103504,3471.9506192626945,GA_cost
12.545454545454547,74.54545454545453,550,welded,585.4409877224027,296.77360735451424,24.52480764262081,6.623934159383634,1.0007066921022643,1783.471495213076,4520.823231578104,4486.578762239128,GA_cost
12.545454545454547,74.54545454545453,620,rolled,658.4888007635984,299.7817510519259,17.43881282864867,8.245976749199992,1.000999601965871,1612.921124416646,3419.39278376329,3182.2933784740426,GA_cost
12.545454545454547,74.54545454545453,620,welded,581.1929451160291,299.2523375264585,22.702613331737016,7.024033970513241,1.0007361231870147,1708.7591450766017,4919.885593520761,4044.044754159463,GA_cost
12.545454545454547,74.54545454545453,690,rolled,624.8486677310285,289.4264815000293,18.80609775529972,8.063055549535948,1.000998765902604,1615.291887063584,3888.8152181055793,2977.62906461301,GA_cost
12.545454545454547,74.54545454545453,690,welded,592.8355620407551,299.21558599560353,21.098471409323704,7.746120717143581,1.0006627356315487,1663.485560112787,5647.598888055253,3746.0506132434857,GA_cost
12.545454545454547,85.45454545454545,355,rolled,749.8362262779134,299.3879249749112,25.82388181811957,6.885098753940149,0.9999747913884888,2096.018471265195,2997.3064139092285,5380.479415737755,GA_cost
12.545454545454547,85.45454545454545,355,welded,749.8745016712955,299.9661518841355,32.308499192555914,6.792813932661797,1.000997645953975,2367.280248364148,4024.3764222190516,6839.072637524024,GA_cost
12.545454545454547,85.45454545454545,460,rolled,747.7504584353452,299.9679576330155,20.952479434939765,7.995953621220575,1.0009997942447966,1883.4406885480137,3018.2137033981917,4427.969058776382,GA_cost
12.545454545454547,85.45454545454545,460,welded,741.1041466244766,299.5570985138935,27.48398856770032,7.79509932754798,1.0008736906181812,2148.3362843886875,4109.7673120355585,5682.349472208079,GA_cost
12.545454545454547,85.45454545454545,500,rolled,694.4057644041517,298.9381155019333,21.805613358793252,7.616454926572388,1.0002878134557793,1860.665783928163,3259.886453442142,4133.282972418021,GA_cost
12.545454545454547,85.45454545454545,500,welded,594.2377601679004,299.1769263428247,29.143981196392417,6.365408145262012,0.9985291124843483,2053.34124495938,4307.088595426796,5130.478434655507,GA_cost
12.545454545454547,85.45454545454545,550,rolled,703.0699824222999,298.85781906749435,20.13876703530633,8.26391029022582,1.000999894547372,1811.1041725507303,3464.642282089547,3827.587558268713,GA_cost
12.545454545454547,85.45454545454545,550,welded,592.9305899754512,299.6464666106716,27.31755792855373,6.645553326049629,1.0009986715628694,1964.5636339094765,5011.602116321062,4963.152006571664,GA_cost
12.545454545454547,85.45454545454545,620,rolled,736.1278707251906,297.2196844058891,17.929351408776657,9.25741549333775,1.0009978745536707,1772.438806176284,3757.5702690937223,3497.021764585809,GA_cost
12.545454545454547,85.45454545454545,620,welded,586.8667026027167,299.9930539273069,25.832444824716106,7.319932583294688,0.9952423603104634,1912.1967659745953,5551.077487305206,4549.785907730713,GA_cost
12.545454545454547,85.45454545454545,690,rolled,655.2049305394637,293.7788576357026,19.91334192999296,8.463086968701546,1.0009993880927073,1748.4116499689508,4209.301047300249,3223.0220355527636,GA_cost
12.545454545454547,85.45454545454545,690,welded,594.5388918394237,299.1964801650026,24.29532216852588,9.249776882969064,0.9997941953241316,1929.0667031638684,6629.40008499233,4378.262571579438,GA_cost
12.545454545454547,96.36363636363636,355,rolled,748.2434791470688,299.7527729759963,25.632171921964954,10.245097339967673,1.0009999984908484,2327.3824723325783,3328.1569354355865,5974.390806477728,GA_cost
12.545454545454547,96.36363636363636,355,welded,749.9842593191753,299.78331710600565,33.47008221561549,10.115144506563482,1.0009999982445392,2656.7079908394226,4516.403584427018,7675.22938553509,GA_cost
12.545454545454547,96.36363636363636,460,rolled,748.9645639960262,299.9232618345218,23.853774134541435,7.876754084502263,1.0009914163651419,2050.770036538796,3286.35898355342,4821.360355902709,GA_cost
12.545454545454547,96.36363636363636,460,welded,590.614389728608,298.172395023863,32.44030529136293,9.052831705581035,1.0009999907655707,2373.9028950706406,4541.276238270135,6278.9731574618445,GA_cost
12.545454545454547,96.36363636363636,500,rolled,728.9524725928791,299.920323992575,23.227971426222716,7.984160006396426,1.0009989826494965,2004.2384502882887,3511.425764905082,4452.2152934704045,GA_cost
12.545454545454547,96.36363636363636,500,welded,748.5873228826377,299.8828984126709,29.164513477814143,8.120060763903016,1.0009962734556492,2274.6165294931275,4771.235632264785,5683.356860591528,GA_cost
12.545454545454547,96.36363636363636,550,rolled,724.5087870876082,299.57671279792766,21.999165003969257,8.37106864394831,1.0009980379304688,1952.0424452595253,3734.257197781472,4125.44650381148,GA_cost
12.545454545454547,96.36363636363636,550,welded,749.9923066132952,299.99998886380735,27.46942672502223,8.6271329791723,1.000994883527538,2213.6717477044767,5674.187215032027,5610.42956278498,GA_cost
12.545454545454547,96.36363636363636,620,rolled,729.3170851477364,295.0070864002677,20.935604442412316,8.95024955259239,1.0009999844901862,1913.538289416266,4056.701173562484,3775.411045018293,GA_cost
12.545454545454547,96.36363636363636,620,welded,595.6320299378608,300.0,29.46563399370877,7.143850861695102,0.9765734808708838,2118.6876694258094,6201.337895547171,5068.242061264715,GA_cost
12.545454545454547,96.36363636363636,690,rolled,729.1896662270879,299.96415088010986,19.1473560811455,9.533648012410536,1.0001587792189512,1868.9366983420396,4499.465101258461,3445.197909723716,GA_cost
12.545454545454547,96.36363636363636,690,welded,739.765624388059,299.5015852831115,24.75656300865901,9.542667857891892,1.0009999820812239,2109.0974575379596,7262.148691478213,4792.854148436249,GA_cost
12.545454545454547,107.27272727272727,355,rolled,749.7869132966704,299.7991393782117,28.85062925870917,10.207757693948336,1.000765761564842,2519.3226599859818,3602.6314037799543,6467.101268184014,GA_cost
12.545454545454547,107.27272727272727,355,welded,749.992020473891,299.99504021542157,34.999986451272406,17.213522912128987,1.0009994484587068,3220.818651655364,5475.391707814119,9304.945084632347,GA_cost
12.545454545454547,107.27272727272727,460,rolled,749.2416921683857,297.9226457721503,27.049791356601524,7.817468194083938,1.0009996540692456,2228.5774893193184,3571.2954266342076,5239.385677389718,GA_cost
12.545454545454547,107.27272727272727,460,welded,748.7653511822311,299.9624626865465,34.25374796168588,7.706899404859599,1.000946139701554,2540.0781189484346,4859.169441548355,6718.50662461861,GA_cost
12.545454545454547,107.27272727272727,500,rolled,743.1158307693975,298.7174555976317,25.622670011232184,8.082116533793267,1.0009999571554895,2161.1478782418258,3786.3310826796783,4800.773896726393,GA_cost
12.545454545454547,107.27272727272727,500,welded,736.5828778620449,299.1102142964097,33.253908796040946,7.88230362392902,1.000999785703332,2479.270185347421,5200.517140784749,6194.704485109066,GA_cost
12.545454545454547,107.27272727272727,550,rolled,749.802463729094,300.0,23.622280608138745,8.609729707733194,1.0003231385385722,2091.095182617585,4000.2650843474403,4419.320558944004,GA_cost
12.545454545454547,107.27272727272727,550,welded,749.9048268009276,299.8820128582091,30.685970303931917,8.510748583235229,1.0009986195584293,2389.589561195316,6167.633135624174,6084.434047145144,GA_cost
12.545454545454547,107.27272727272727,620,rolled,740.460178604622,299.95710784483106,22.283075838117735,9.060621072216437,1.0009999234519307,2034.3216199926899,4312.761834384503,4013.716556245577,GA_cost
12.545454545454547,107.27272727272727,620,welded,750.0,300.0,28.74581781589807,9.073948822250488,0.998579542897113,2317.40285907495,6802.431745613782,5553.993997697528,GA_cost
12.545454545454547,107.27272727272727,690,rolled,677.3039676531928,299.7415198514639,23.27482011079781,8.65380734163149,1.000974366243096,2007.2417104103447,4832.434417812905,3700.1493689704294,GA_cost
12.545454545454547,107.27272727272727,690,welded,749.101379365666,299.97064622441746,27.157023010272585,9.612947897175697,1.0009999348165155,2262.282366032289,7839.0047454513315,5162.007969771014,GA_cost
12.545454545454547,118.18181818181817,355,rolled,748.0965944141673,299.9007027202489,32.23703462232693,10.028768963869595,1.0009967880383237,2708.377690440603,3872.980097330062,6952.405531361028,GA_cost
12.545454545454547,118.18181818181817,460,rolled,749.9562678594295,299.6327013016866,29.667769877046357,7.788996157778151,1.00099541828274,2394.6854439946605,3837.483424001443,5629.905478831448,GA_cost
12.545454545454547,118.18181818181817,460,welded,749.9608335600152,299.9682452306938,34.66538121126685,11.512421488355267,1.0009865978166228,2819.803053952627,5394.283242211375,7458.379077704699,GA_cost
12.545454545454547,118.18181818181817,500,rolled,749.5472867766636,299.8947392227748,27.8958653416321,8.175575643376414,1.000988749028174,2316.654031066672,4058.7778624288094,5146.215264611505,GA_cost
12.545454545454547,118.18181818181817,500,welded,748.8492069881619,299.99242674739946,32.9603910342822,12.010894495010328,1.0009753383738027,2755.3554928847375,5779.633681875025,6884.531234521805,GA_cost
12.545454545454547,118.18181818181817,550,rolled,744.0109666544904,298.7569071702181,26.5725161970456,8.45845683822242,1.0009999897576862,2246.0906291957613,4296.771373651492,4746.887935742322,GA_cost
12.545454545454547,118.18181818181817,550,welded,749.7473580485585,299.94025113595444,33.83149373738427,8.415300259426774,1.0009999597111212,2563.9542663205757,6662.566907053881,6558.122488907266,GA_cost
12.545454545454547,118.18181818181817,620,rolled,749.8090736441105,299.99718880775936,24.292757959023103,9.134460544764195,1.0009853498244816,2169.540467070519,4599.4257901895,4280.503341530133,GA_cost
12.545454545454547,118.18181818181817,620,welded,748.0459270336024,299.92329694102915,31.714692626758193,8.971703458258373,1.0009999373238507,2478.405938004762,7324.330191432808,5966.188610431084,GA_cost
12.545454545454547,118.18181818181817,690,rolled,746.3090666519621,299.9190577018911,23.00590731315978,9.890463934948379,1.000999972684286,2143.1996407202323,5159.753135033959,3950.7742177036757,GA_cost
12.545454545454547,118.18181818181817,690,welded,749.9398195674922,299.97759250176625,29.916119017196017,9.538024740674937,1.000598281388787,2415.8174889367597,8428.329464574657,5536.755784128442,GA_cost
12.545454545454547,129.09090909090907,355,rolled,750.0,300.0,35.0,10.964774415454658,1.000996518204339,2942.523368065735,4207.808416334001,7553.457485824742,GA_cost
12.545454545454547,129.09090909090907,460,rolled,749.998717697263,299.94013834587076,32.52164689260807,7.694815670155186,1.0009999617545424,2562.3674329734044,4106.19381133988,6024.125834920474,GA_cost
12.545454545454547,129.09090909090907,460,welded,749.9999835235691,299.99945870737537,34.99998267981467,20.90901153085788,1.0009992993419523,3468.340545186277,6634.935462941347,9173.760742017701,GA_cost
12.545454545454547,129.09090909090907,500,rolled,749.983452496845,299.94753302995787,30.59756045329272,8.030706368508932,1.00099999526909,2470.0344483419085,4327.500353495024,5486.934523546715,GA_cost
12.545454545454547,129.09090909090907,500,welded,749.9943445644221,299.99996852026385,34.99856778340753,15.492994529668147,1.0009996998356496,3105.5583018337325,6514.219093926437,7759.547972961764,GA_cost
12.545454545454547,129.09090909090907,550,rolled,749.8692720360865,298.7455294477326,28.86994381013393,8.468709630608032,1.0009999854016896,2389.8114916132304,4571.70938345611,5050.627606375401,GA_cost
12.545454545454547,129.09090909090907,550,welded,749.5532457219884,298.83944763099026,34.29374364629419,12.556351406087272,1.0009999854356386,2860.610450315154,7509.033614754821,7366.95303105732,GA_cost
12.545454545454547,129.09090909090907,620,rolled,748.3333625282596,299.77901081753305,26.71301985562612,9.035107541337739,1.0009995710823911,2305.3900438528494,4887.426892968041,4548.534556521671,GA_cost
12.545454545454547,129.09090909090907,620,welded,749.9133523209005,299.9352842028656,34.5295554529369,8.921365888064937,1.0009999645207386,2638.073221366428,7846.790176556121,6377.575833792098,GA_cost
12.545454545454547,129.09090909090907,690,rolled,749.759289081827,299.9885413984481,25.095853236004782,9.644349046879721,1.0009273446846423,2254.6428736363673,5428.052718279554,4156.208673261279,GA_cost
12.545454545454547,129.09090909090907,690,welded,749.9769671935447,299.7980418807219,32.67201051881873,9.48962631432815,1.0009993274582707,2569.087349510339,9024.536813142258,5914.2220262832625,GA_cost
12.545454545454547,140.0,355,rolled,749.992542048165,299.9858503960617,34.99832300166463,19.157741931689362,1.000999978372103,3518.405628166678,5031.3200482783495,9031.747247503863,GA_cost
12.545454545454547,140.0,460,rolled,747.8368371399877,299.81556117794076,31.539173514405473,11.436653049966536,1.000999936433667,2765.406488770301,4431.563898254406,6501.470655098979,GA_cost
12.545454545454547,140.0,500,rolled,749.791243603472,299.7756342412045,29.63637835335892,12.073649265449802,1.0009933298151719,2699.473947382832,4729.478355814722,5996.611426716223,GA_cost
12.545454545454547,140.0,500,welded,750.0,299.99963072093453,34.99950080488201,24.98703264480687,1.000999886264482,3741.4111119305044,7847.9839483854275,9348.289804269556,GA_cost
12.545454545454547,140.0,550,rolled,749.960884760536,299.8776038931804,31.17951332240258,8.46967402875242,1.0009133004015727,2535.909875620561,4851.195592062134,5359.3919311364925,GA_cost
12.545454545454547,140.0,550,welded,749.9699915233913,299.99861745738383,34.995361083307515,19.37513195290167,1.0009999931055147,3365.3017778554167,8979.115332166983,8762.859341496383,GA_cost
12.545454545454547,140.0,620,rolled,747.631686349145,299.7300237995562,29.04994486659991,9.022197549455038,1.0009991393632323,2444.0372750103497,5181.359023021941,4822.08554359542,GA_cost
12.545454545454547,140.0,620,welded,748.8687515490456,299.99483573952625,34.62276555875077,13.300529870450964,1.0009999908249572,2936.0040435192236,8824.074988145272,7146.485638403086,GA_cost
12.545454545454547,140.0,690,rolled,749.5468201533386,299.9998023217422,27.264508526866358,9.528936904758721,1.0009989468609468,2376.4203281028113,5721.2319399075195,4380.693232824721,GA_cost
12.545454545454547,140.0,690,welded,749.9999531567345,299.9999983329492,35.0,11.331521106911104,1.0009996940831125,2826.963302985795,10034.575817128269,6552.2566047354185,GA_cost
13.363636363636363,20.0,355,rolled,510.45656697468564,257.85289633323566,11.642084030393658,6.025531576137514,1.0009841456651818,984.6687857983455,1408.076363691634,2527.644773144353,GA_cost
13.363636363636363,20.0,355,welded,528.581229701146,280.595592436602,12.07405368459801,6.070141507630192,1.0009949355286851,1032.0333914828332,1754.4567655208161,2981.5444679939046,GA_cost
13.363636363636363,20.0,460,rolled,478.33836802470023,244.382856295958,12.113249180357146,6.000299442347281,1.0009998905222488,952.2831245903969,1526.033707156111,2238.817625912023,GA_cost
13.363636363636363,20.0,460,welded,480.91734947725104,263.29601777130193,13.059560839055901,6.0,1.0008104783457117,1007.6973376399372,1927.7250069051995,2665.359458057634,GA_cost
13.363636363636363,20.0,500,rolled,476.01421931416,239.22489440800058,12.331178465320743,6.000030409837776,1.0009885871361595,948.1664494035397,1661.1876193550015,2106.2569507050234,GA_cost
13.363636363636363,20.0,500,welded,484.4430991768767,255.37644716604635,13.247619422468603,6.001034925686087,1.000999994252806,998.1060173000454,2093.6271818885757,2493.867694825893,GA_cost
13.363636363636363,20.0,550,rolled,471.28490577868934,238.68250700300197,12.664683092218699,6.0000714998163325,1.000996746913474,960.6648260662586,1837.7518122647525,2030.269043408431,GA_cost
13.363636363636363,20.0,550,welded,473.5618455429487,249.37659041548952,13.664903296446447,6.000064770145366,1.0009031262429908,995.8415534502437,2458.656911785663,2461.726191017923,GA_cost
13.363636363636363,20.0,620,rolled,481.53080937549294,234.45387983238587,13.179914937773743,6.001205133760219,1.0009475225487898,981.6260039708841,2081.0471284182745,1936.7481058345543,GA_cost
13.363636363636363,20.0,620,welded,468.8741214364726,240.83547029807647,14.187202266025258,6.0,1.0009689549637482,994.1343620825149,2796.5266870477058,2317.6316033448575,GA_cost
13.363636363636363,20.0,690,rolled,478.29562890497823,227.03217239463675,13.780430507325558,6.222766600703989,1.0007439707274626,998.1793783103861,2403.1168532822544,1840.0438659773658,GA_cost
13.363636363636363,20.0,690,welded,452.5625833208393,236.15325393546593,14.725250363055197,6.0,1.0009996685953058,995.911729451185,3309.691077007007,2212.2752776687016,GA_cost
13.363636363636363,30.909090909090907,355,rolled,574.2835672599672,297.1687931612213,12.813215853700044,6.022946028977672,1.0009623480273664,1202.8253953475544,1720.0403153470027,3087.6527898571717,GA_cost
13.363636363636363,30.909090909090907,355,welded,599.2506970256643,299.94683149621676,14.87031358254542,6.00000034000989,1.000999912358564,1294.2774008136291,2200.2715813831696,3739.167410950575,GA_cost
13.363636363636363,30.909090909090907,460,rolled,537.7838957416803,271.7433758439557,13.656152321631383,6.0,0.9958871015829791,1154.8947475774,1850.7188329927835,2715.1575515544673,GA_cost
13.363636363636363,30.909090909090907,460,welded,553.372122719908,292.46502165998635,14.4415456985236,6.003069001526281,1.0009749013980829,1216.4560932190157,2327.0805063279768,3217.5263665642965,GA_cost
13.363636363636363,30.909090909090907,500,rolled,533.7996535733955,267.2236865244965,13.692846892855563,6.000036519214829,1.0009996409366553,1140.7780509126399,1998.6431451989454,2534.124362297338,GA_cost
13.363636363636363,30.909090909090907,500,welded,538.7987778508896,282.3687854164558,15.180101927562903,6.002317396133453,1.0009999973792738,1219.471657096216,2557.9637479250227,3046.9718824206057,GA_cost
13.363636363636363,30.909090909090907,550,rolled,515.5888904630098,257.9544558612594,15.599306562454007,6.000001454396448,1.0009994406269398,1206.5986354498996,2308.2231896156577,2550.0255561598183,GA_cost
13.363636363636363,30.909090909090907,550,welded,506.73282486703795,282.97992186683604,15.364379033536148,6.0406740621528145,1.0001175633475021,1213.8512273402869,3009.030976391629,3008.6736610424705,GA_cost
13.363636363636363,30.909090909090907,620,rolled,540.3144820056197,256.5255491910711,14.83896889691162,6.675627264155463,1.0009993057833997,1214.0673283700257,2573.8227361444547,2395.354838874061,GA_cost
13.363636363636363,30.909090909090907,620,welded,504.3443841907033,265.08559399583265,16.585601160637523,6.301569646967403,1.000997777048636,1233.922773009323,3494.1735785496194,2888.9972976239314,GA_cost
13.363636363636363,30.909090909090907,690,rolled,525.7744676476942,247.0551128625135,15.886459429502528,6.806642250854415,1.0009999986593137,1235.0162004156246,2973.3015025006157,2276.628863846162,GA_cost
13.363636363636363,30.909090909090907,690,welded,519.2096183211851,262.9755720132109,15.750800367611019,6.7432319946120565,1.0009999578383941,1214.0476930145,4053.5968243573775,2704.9186318215206,GA_cost
13.363636363636363,41.81818181818181,355,rolled,592.019875722314,297.79192206836285,17.205237904932748,6.001039370666739,1.0009969844775084,1497.3096664792615,2141.152823065344,3843.5939138522644,GA_cost
13.363636363636363,41.81818181818181,355,welded,596.2326401011932,299.20079927893715,20.74973949284175,6.001011142294508,1.0009478636290614,1651.7889094799013,2808.041146115832,4772.018159487436,GA_cost
13.363636363636363,41.81818181818181,460,rolled,573.7493678841684,298.63541678770144,14.70227065173597,6.1260068497260685,0.9955222541427186,1334.563365249072,2138.6377928116376,3137.558471700568,GA_cost
13.363636363636363,41.81818181818181,460,welded,590.6239207896423,299.02474901497476,17.666375771070047,6.274724985365123,1.0009998334499373,1473.8738817183603,2819.5207357272234,3898.3964171450634,GA_cost
13.363636363636363,41.81818181818181,500,rolled,566.2178974504365,289.4712267943535,15.42869143309589,6.275418027250301,1.000635745783974,1353.9539015093842,2372.1272354444413,3007.6731968129457,GA_cost
13.363636363636363,41.81818181818181,500,welded,581.4483298626382,292.8750575300947,17.760545677296513,6.464999873087877,1.0009805804254024,1461.5994903342018,3065.8510909250217,3651.9524865490366,GA_cost
13.363636363636363,41.81818181818181,550,rolled,568.9089052989713,284.79293169451796,15.228003105637521,7.123100673470722,1.0009998291299227,1377.8755689676009,2635.875963435021,2912.0022274561275,GA_cost
13.363636363636363,41.81818181818181,550,welded,565.6890417758518,299.91516552882246,16.601558224906235,6.572036227677158,1.0009970868890479,1411.767078171548,3513.9793771327622,3508.719072751215,GA_cost
13.363636363636363,41.81818181818181,620,rolled,564.8125891124412,276.3974667874691,16.379073536225942,6.939062695705744,1.00051577032476,1403.9941171450885,2976.4675283475876,2770.0803931272594,GA_cost
13.363636363636363,41.81818181818181,620,welded,555.2070838660178,288.7363802512921,17.149089561994117,6.871994417461295,1.000999932513818,1414.408597366745,4016.3940996414526,3317.5139353487234,GA_cost
13.363636363636363,41.81818181818181,690,rolled,581.190476385307,267.6768638616227,16.310760639751027,7.624284968836082,1.0009589511591668,1422.5262161953099,3424.7318654902083,2622.2848269344345,GA_cost
13.363636363636363,41.81818181818181,690,welded,548.3911218270865,283.0122044356795,17.345860632134528,7.144809280024766,1.0004563909295716,1415.0012639980328,4749.5334231114675,3163.284453691146,GA_cost
13.363636363636363,52.72727272727273,355,rolled,746.5836439427521,297.91530511301124,18.30387816092506,7.025107668909836,1.00099768236413,1750.6839121640635,2503.477994394611,4494.005602525151,GA_cost
13.363636363636363,52.72727272727273,355,welded,597.6661541158055,299.529128539756,26.32114389073804,6.001058143435466,1.0009970601861404,1997.2376192959541,3395.303952803122,5770.019482146011,GA_cost
13.363636363636363,52.72727272727273,460,rolled,580.0201682110003,299.07658414968967,18.266156139321843,7.092129779281054,0.999243256993167,1628.062720907512,2608.970510254288,3827.575456853561,GA_cost
13.363636363636363,52.72727272727273,460,welded,589.209951172069,297.5809714707284,22.68297944517067,6.167402319490451,1.000998371798412,1768.0770305561302,3382.331359453877,4676.563745820964,GA_cost
13.363636363636363,52.72727272727273,500,rolled,592.4398718516634,299.71172976619744,17.323324820745384,6.659906957977829,1.000993546726192,1552.986032652638,2720.8315292074217,3449.8031729345703,GA_cost
13.363636363636363,52.72727272727273,500,welded,596.8135878084969,298.7765482548611,21.11127403793965,6.530735131587435,1.0009992379208403,1703.3345128294307,3572.9144741110135,4255.951613755615,GA_cost
13.363636363636363,52.72727272727273,550,rolled,593.2363901132989,297.6355553194817,17.32407381533338,6.875724681059003,1.0009982687613452,1558.9739251886406,2982.3171188858687,3294.7354934936725,GA_cost
13.363636363636363,52.72727272727273,550,welded,590.6800015421895,299.48519956550774,20.088414615594235,7.017731953436847,1.0009936878802386,1667.5258774253641,4188.222641147716,4169.284938620582,GA_cost
13.363636363636363,52.72727272727273,620,rolled,632.947553879927,291.5145651435108,16.425632348459544,7.8547636568275125,1.000999784499619,1574.0663209136835,3337.0206003370085,3105.632851162698,GA_cost
13.363636363636363,52.72727272727273,620,welded,565.7737540307738,296.77380388076745,20.145838688051285,6.963181755012195,1.0007508043961202,1638.2461948040034,4687.109562988818,3861.2739753212904,GA_cost
13.363636363636363,52.72727272727273,690,rolled,614.7824769112513,285.71617926272916,16.881674746641377,8.006042624393631,1.0009984214135288,1574.9654129944538,3791.729231784148,2903.2912423139765,GA_cost
13.363636363636363,52.72727272727273,690,welded,583.585552009277,299.6309059497582,18.162377619915926,7.622623969623717,1.0009999541936287,1579.3990479479487,5319.412066192842,3538.49868310127,GA_cost
13.363636363636363,63.63636363636363,355,rolled,730.089797446779,286.2321746430648,24.66797051492822,6.699020028404122,1.0009995786944121,2057.808956555512,2942.666807874382,5282.395591477998,GA_cost
13.363636363636363,63.63636363636363,355,welded,749.7183026348142,299.9946001201281,28.207940621232858,6.871988571406449,1.0009988449496838,2275.2564382278965,3867.9359449874246,6573.215850040393,GA_cost
13.363636363636363,63.63636363636363,460,rolled,708.409881445861,299.3779959503847,19.71025774975864,7.503776873270111,1.000935208877065,1852.893419037668,2969.261704007863,4356.152428157558,GA_cost
13.363636363636363,63.63636363636363,460,welded,583.0643178751671,299.6036574612175,27.413446492896217,6.001285119574134,1.0009983892302892,2055.755742279509,3932.6607349806995,5437.473938329301,GA_cost
13.363636363636363,63.63636363636363,500,rolled,675.319233239946,299.368270160643,19.77557723163105,7.434614946321392,1.0009999834612762,1824.8569635872564,3197.149400204873,4053.7372589127312,GA_cost
13.363636363636363,63.63636363636363,500,welded,594.9051829058224,298.92214067735523,25.580601363046533,6.407874046896391,1.0009999879684701,1969.8408197819228,4131.938103574562,4921.844272307112,GA_cost
13.363636363636363,63.63636363636363,550,rolled,648.1097867931253,298.6351185177287,19.67290887843768,7.501740271521243,1.0009999963252396,1797.295350899662,3438.226006271053,3798.4039945913455,GA_cost
13.363636363636363,63.63636363636363,550,welded,577.9908586051367,298.47638999757885,24.972579793050826,6.564547763038466,1.0009895971721097,1927.4985092604531,4890.206642329347,4851.744099024314,GA_cost
13.363636363636363,63.63636363636363,620,rolled,696.3519929544259,299.88148494823616,16.862491103134808,8.8922043056151,0.9998976414602471,1763.0255944180121,3737.6142601661863,3478.4494977867384,GA_cost
13.363636363636363,63.63636363636363,620,welded,575.3794468540798,290.20706166375163,24.8244434521436,6.8958427392652935,1.0008554703771502,1891.828939632701,5473.151993920952,4491.284169849514,GA_cost
13.363636363636363,63.63636363636363,690,rolled,615.9025430546851,272.1993156694323,22.244866966881872,7.834761512534907,1.0009994628030745,1827.0496777022552,4398.62209906818,3367.983375876337,GA_cost
13.363636363636363,63.63636363636363,690,welded,598.4372190041503,299.93772807643535,21.368225277485283,7.756666795171265,0.9987520189751943,1796.8742479250632,6104.910297419963,4048.3288517424676,GA_cost
13.363636363636363,74.54545454545453,355,rolled,746.0923132631737,299.66600362689604,26.481768517224626,6.840656221937741,1.0009991319342426,2270.4982265849503,3246.8124640164788,5828.3689476435675,GA_cost
13.363636363636363,74.54545454545453,355,welded,750.0,300.0,33.21378603593189,6.918756025010513,0.9990631259357169,2586.709266360924,4397.405752813572,7473.00307051671,GA_cost
13.363636363636363,74.54545454545453,460,rolled,746.7126493827687,298.75749060133825,21.97188302797711,7.8818481926449175,1.000999916053123,2056.2370664000987,3295.1198989061577,4834.213343106633,GA_cost
13.363636363636363,74.54545454545453,460,welded,749.2814236868705,299.9761884216308,28.146398265034296,7.9699402778440716,1.0008510104507318,2350.8664376470465,4497.2074952187995,6218.0417275764385,GA_cost
13.363636363636363,74.54545454545453,500,rolled,728.7099908423398,299.78066649065715,21.30803843887471,8.021379371271554,1.0009984751044674,2013.416184794774,3527.5051557604443,4472.60271290311,GA_cost
13.363636363636363,74.54545454545453,500,welded,583.9788721728468,299.69389042095037,30.36503827040889,6.155244158681338,1.000997593305382,2247.1767378734876,4713.677925363428,5614.7957972506965,GA_cost
13.363636363636363,74.54545454545453,550,rolled,732.652114869257,299.8949472811094,19.99829250680166,8.506787693542325,1.0009718389036708,1970.2541939007774,3769.096272932187,4163.935213389902,GA_cost
13.363636363636363,74.54545454545453,550,welded,589.6492683571043,299.9798748268646,28.4060949306627,7.483816502845193,0.9940870199722067,2206.160269907224,5652.3164219559,5589.659740339713,GA_cost
13.363636363636363,74.54545454545453,620,rolled,702.230255179037,300.0,19.711320832662487,8.691420974424707,0.9995854936813356,1937.2627070144642,4106.996938870663,3822.2193209395377,GA_cost
13.363636363636363,74.54545454545453,620,welded,747.7787164057518,299.9886683682555,23.99888180406124,9.170270247898554,1.0008750025163111,2183.6894137603704,6339.470581425953,5195.897754172455,GA_cost
13.363636363636363,74.54545454545453,690,rolled,666.581898138759,299.2886631784875,19.90974686587119,8.668613873884597,1.0009999995791428,1911.1739347187572,4601.151247835407,3523.058031260557,GA_cost
13.363636363636363,74.54545454545453,690,welded,591.9930943745449,297.7127515995104,26.924508702662727,7.453549598923449,1.0009999781159449,2102.562225290599,7241.1111251655975,4778.627108777407,GA_cost
13.363636363636363,85.45454545454545,355,rolled,749.987055422297,297.9368442782342,30.69865247537854,6.870099858159251,1.0009995554957054,2536.000206838074,3626.480295778446,6509.912530953336,GA_cost
13.363636363636363,85.45454545454545,355,welded,749.9788604167186,299.9981597029889,34.99999878280673,10.316437930733034,1.0009997260151864,2938.883026198736,4996.10114453785,8490.433062688147,GA_cost
13.363636363636363,85.45454545454545,460,rolled,741.7013590778562,298.71553800222955,25.573843972650153,7.754345305645335,1.0009997868707312,2272.7644021230462,3642.104954402181,5343.269109391283,GA_cost
13.363636363636363,85.45454545454545,460,welded,749.6477023358195,299.53477879982773,32.39195185172946,7.749171462941219,1.0009999670460734,2592.4178354163582,4959.2953191514935,6856.945174676269,GA_cost
13.363636363636363,85.45454545454545,500,rolled,745.3357667099991,299.94888653621274,23.92397992533162,8.150957461590785,1.000936806055993,2207.0859460958063,3866.8145775598528,4902.820720657223,GA_cost
13.363636363636363,85.45454545454545,500,welded,746.361888959644,299.2935461026719,31.052892092887927,8.051344176405706,1.000999886861715,2527.889215442312,5302.500418311794,6316.183993704162,GA_cost
13.363636363636363,85.45454545454545,550,rolled,749.9891384636501,299.81500792430967,22.45529261197496,8.659228743717387,1.0009985511077313,2155.664531150129,4123.786248090197,4555.781420132683,GA_cost
13.363636363636363,85.45454545454545,550,welded,749.4639461937953,299.90707681543,29.236971601948767,8.544209323931764,1.0008452475746028,2459.037300689846,6326.8993711272005,6248.0365609423325,GA_cost
13.363636363636363,85.45454545454545,620,rolled,694.455763786423,290.84364642311454,24.26059793466903,8.483805239354776,1.0009999850464566,2158.0614637217122,4575.09030309003,4257.855267922939,GA_cost
13.363636363636363,85.45454545454545,620,welded,695.7245118637074,299.9741579912132,29.624474148450787,8.376302790280068,1.00099834257597,2423.763442464876,7117.683327210372,5810.528405488971,GA_cost
13.363636363636363,85.45454545454545,690,rolled,707.9753368197939,299.61542255915697,21.37651914507066,9.151916085636977,1.0009907145171004,2081.5584459672295,5011.351958666105,3837.1448392959906,GA_cost
13.363636363636363,85.45454545454545,690,welded,743.2481209436793,299.3641063288003,26.439590820848373,9.540313481957755,1.000968829755279,2351.5890772623097,8132.039327983986,5358.789745660065,GA_cost
13.363636363636363,96.36363636363636,355,rolled,748.2606781251454,299.8725068089949,30.64008758962236,10.082547651002137,1.0009999818027084,2787.0925369301212,3985.542327810074,7154.466542299621,GA_cost
13.363636363636363,96.36363636363636,355,welded,749.9899990830634,299.9998961393764,34.99722571850446,23.768272906194458,1.0009999933470404,3898.320878097486,6627.145492765727,11262.249016823638,GA_cost
13.363636363636363,96.36363636363636,460,rolled,748.9174512799895,298.06923717365703,28.732877946433717,7.8786237519447235,1.0009097085107583,2486.792133303281,3985.0843936185074,5846.448305396013,GA_cost
13.363636363636363,96.36363636363636,460,welded,747.1445994631151,299.17268839491913,33.91378282113851,11.45102704465757,1.0009999509110985,2944.7789454148574,5633.362122578622,7788.940310622298,GA_cost
13.363636363636363,96.36363636363636,500,rolled,745.9737213752942,299.5893558028567,27.11703390456358,8.146481673105132,1.000557844937019,2410.4288288866187,4223.071308209356,5354.526600488734,GA_cost
13.363636363636363,96.36363636363636,500,welded,748.1363920716445,299.95003274146234,34.77634892547363,7.984925049420826,1.0003658374410647,2756.972643924572,5783.025817896181,6888.571848109935,GA_cost
13.363636363636363,96.36363636363636,550,rolled,749.9973476618547,298.0648726957853,25.686204231428317,8.560576640659407,1.000995153246009,2345.412801704474,4486.7746896606595,4956.795415122236,GA_cost
13.363636363636363,96.36363636363636,550,welded,750.0,300.0,32.9185705600611,8.479911788582154,0.9996607164463888,2680.6030886889607,6952.631385585258,6847.847642480362,GA_cost
13.363636363636363,96.36363636363636,620,rolled,686.2933631665401,299.13552500819577,26.297124940604963,8.25262297772706,0.9995728727778475,2309.0133345882637,4895.10826932712,4555.683309142642,GA_cost
13.363636363636363,96.36363636363636,620,welded,740.3521825412233,297.65492699881923,31.75705629049202,8.866056908322054,1.000999839189967,2612.77079845584,7720.265865549367,6289.028208398029,GA_cost
13.363636363636363,96.36363636363636,690,rolled,716.9106979621756,299.9999927131725,23.717593560965895,9.230054983139945,1.0009991614270073,2248.140511375602,5412.398281136763,4144.2222186697845,GA_cost
13.363636363636363,96.36363636363636,690,welded,738.3336559926038,298.84051143951154,30.04821102884974,9.372402124907424,1.000999985676633,2550.854478893089,8898.691974265725,5845.921860879682,GA_cost
13.363636363636363,107.27272727272727,355,rolled,749.8660922197292,299.35337961357004,34.38338446201656,9.996977567859103,1.000999998811584,3017.497876166712,4315.0219629183985,7745.917048119949,GA_cost
13.363636363636363,107.27272727272727,460,rolled,749.7193872637182,298.7421056266801,31.958283547318985,7.6751138752983294,1.0009972838831163,2683.0484954345725,4299.585213933902,6307.847012766681,GA_cost
13.363636363636363,107.27272727272727,460,welded,749.9983758240915,299.99945010370055,34.99999889754269,19.678023826478164,1.0009999989831406,3606.721617405829,6899.658454097351,9539.778678038418,GA_cost
13.363636363636363,107.27272727272727,500,rolled,748.5902891195731,299.25822295690455,30.189155565351733,8.07712791647114,1.000990384810202,2602.5618025962453,4559.688278148622,5781.3307882873,GA_cost
13.363636363636363,107.27272727272727,500,welded,749.974850533103,299.9985442874206,34.99999796385482,14.389457967549019,1.0009999038485125,3229.419971407859,6774.031332025125,8069.028740559677,GA_cost
13.363636363636363,107.27272727272727,550,rolled,748.0081603041157,299.9482792145722,28.398336737103328,8.458313966848614,1.0009961524293758,2520.5074888058557,4821.730826085602,5326.840526842295,GA_cost
13.363636363636363,107.27272727272727,550,welded,749.9231898974988,299.9932396214215,33.852537456743136,12.580092178673613,1.000920347039437,3031.0523017558453,7949.175768009425,7801.08499491223,GA_cost
13.363636363636363,107.27272727272727,620,rolled,749.6983259857594,299.94055715439345,26.522735504838906,9.098006851422884,1.000999981300396,2450.6827030248237,5195.447330412626,4835.1969730679775,GA_cost
13.363636363636363,107.27272727272727,620,welded,749.8828775677881,299.9223895013131,34.3232422812947,8.93179143047498,1.000994082990769,2798.1482153668067,8319.120527334602,6762.528047128259,GA_cost
13.363636363636363,107.27272727272727,690,rolled,724.6323068175856,298.7219352447167,26.288468816447924,9.236830872345182,1.0009534943203988,2413.7721491041907,5811.15644896834,4449.547579658665,GA_cost
13.363636363636363,107.27272727272727,690,welded,748.7249400839697,300.0,32.700785919795116,9.445444989123326,0.9990944467874902,2735.3613529979466,9608.241759578248,6296.837950237396,GA_cost
13.363636363636363,118.18181818181817,355,rolled,750.0,300.0,35.0,17.934266995142007,1.0009540297275805,3656.454922083409,5228.730538579276,9386.11978498811,GA_cost
13.363636363636363,118.18181818181817,460,rolled,750.0,299.9999984247839,35.0,7.772626626201919,1.000999999989878,2895.32929345871,4639.765192767582,6806.919168921427,GA_cost
13.363636363636363,118.18181818181817,500,rolled,749.9544111239286,299.49183861953384,33.203922910390986,7.968023392651364,1.0009282817130631,2790.6580256997736,4889.232861026003,6199.167738289478,GA_cost
13.363636363636363,118.18181818181817,550,rolled,749.5493346648813,299.9951732470787,31.218807616863195,8.420588832542256,1.0008604329412734,2700.527490012996,5166.109088394862,5707.294797393465,GA_cost
13.363636363636363,118.18181818181817,550,welded,749.9976248934047,299.99986470453035,35.0,20.58543208175085,1.000999909955364,3671.453000926878,9821.576746235094,9576.991991509487,GA_cost
13.363636363636363,118.18181818181817,620,rolled,745.3354481802231,299.3301758891669,29.484679657981776,8.914988766260027,1.0009998572641312,2618.288149336988,5550.770876594415,5165.882518641877,GA_cost
13.363636363636363,118.18181818181817,620,welded,749.9999769758301,299.9998827988277,34.99999534679546,13.373109925918206,1.0009999994034124,3156.966294072679,9498.023390209859,7689.588821730402,GA_cost
13.363636363636363,118.18181818181817,690,rolled,749.8218129805056,299.99048949548245,27.69743030862772,9.552948882572244,1.000975572755712,2561.1756973677006,6166.030491412739,4721.271280527619,GA_cost
13.363636363636363,118.18181818181817,690,welded,738.0650210262492,299.9905867889041,33.83113381262163,13.852827520997307,1.0009998255627546,3103.602769129478,11053.632506255164,7209.248445012307,GA_cost
13.363636363636363,129.09090909090907,460,rolled,749.7943183221075,299.83914834631,34.40606177745457,11.394302213898397,1.0009998350881368,3127.359729843863,5011.593967074791,7352.422724862922,GA_cost
13.363636363636363,129.09090909090907,500,rolled,749.346982955178,295.384188573163,33.4646014572019,11.951451238622383,1.0009999986613143,3076.0107328121194,5389.170803886833,6833.050241868842,GA_cost
13.363636363636363,129.09090909090907,550,rolled,738.2411162403276,298.7715341789682,34.84364930799511,8.172090110974196,1.0008672255011506,2895.1835836379832,5538.486195499462,6118.680985660513,GA_cost
13.363636363636363,129.09090909090907,620,rolled,741.3532149667346,299.55747893458613,32.26740547482545,8.790678323014196,1.000999927512865,2784.7600867932815,5903.691384001757,5494.331651243145,GA_cost
13.363636363636363,129.09090909090907,620,welded,749.981843097177,300.0,34.99978243264667,24.498925723108666,1.000997765867391,3950.5693080893666,12190.610817677045,9785.480771312701,GA_cost
13.363636363636363,129.09090909090907,690,rolled,749.695340173815,299.9981108241534,30.173306132908497,9.491158759538825,1.0009999951895463,2714.816054767308,6535.919651852295,5004.491915358055,GA_cost
13.363636363636363,129.09090909090907,690,welded,750.0,299.99839398983886,34.99869400646846,19.049274886544204,1.0009999972107197,3561.788434209891,12885.824723269634,8358.900614856082,GA_cost
13.363636363636363,140.0,460,rolled,749.9058428526885,299.999774445708,34.99991443209536,18.63908642747244,1.0009999771713243,3709.0468421305873,5943.747564514266,8719.969125849011,GA_cost
13.363636363636363,140.0,500,rolled,749.9999766647608,299.99982657292463,34.99984088970442,13.127151842290862,1.0009999999719525,3296.3816994342824,5775.260737408862,7322.582307123314,GA_cost
13.363636363636363,140.0,550,rolled,733.169815920032,299.99269086764974,34.274490844137425,12.126779343036201,1.0009946747903822,3152.916484524567,6031.529234895497,6663.37369839422,GA_cost
13.363636363636363,140.0,620,rolled,749.9871317635896,299.99752141187275,34.423862867987374,8.84979730296618,1.000999042296544,2939.0264527459576,6230.736079821431,5798.699191267773,GA_cost
13.363636363636363,140.0,690,rolled,749.7019360921623,299.95197674969467,32.61823692138647,9.4312675581468,1.000999034596766,2866.448044920069,6900.973668145068,5284.010326005655,GA_cost
14.181818181818182,20.0,355,rolled,540.9947769677933,271.84458477626214,11.827569385464146,6.001165749860054,1.000483456230639,1114.5997939565934,1593.8777053579288,2861.177671086575,GA_cost
14.181818181818182,20.0,355,welded,569.0158254923724,290.15466956938354,12.475904746521973,6.000001709795732,1.0009607168623547,1169.41162698284,1987.9997658708282,3378.4301903534247,GA_cost
14.181818181818182,20.0,460,rolled,502.96696073872675,256.37605192035244,12.567470891073427,6.0000391978253145,1.0009999986519087,1088.397581351924,1744.1571241164581,2558.8227137583726,GA_cost
14.181818181818182,20.0,460,welded,518.9571782476872,271.39972292257266,13.625952441847893,6.0,1.0009990899070758,1151.835500919631,2203.461313259254,3046.6048999324244,GA_cost
14.181818181818182,20.0,500,rolled,497.68878975347184,251.00876704995892,13.047061993828407,6.000070319901909,0.9915983447549919,1096.3986074918419,1920.8903603257068,2435.5398666823776,GA_cost
14.181818181818182,20.0,500,welded,517.5577063369715,263.55235690511824,13.981441642097861,6.000698347808502,1.0000058410351695,1147.5163997831478,2407.0304001851305,2867.184476498173,GA_cost
14.181818181818182,20.0,550,rolled,491.6221393882568,246.30388018421894,13.605894437453646,6.0,1.00094506237232,1109.1839942968363,2121.8689810898477,2344.1494535469337,GA_cost
14.181818181818182,20.0,550,welded,512.502478885316,259.9205229945445,13.98355098638769,6.003090877550993,1.0008521680171574,1133.0815977473605,2799.5843814259338,2802.369405490812,GA_cost
14.181818181818182,20.0,620,rolled,487.6852079753578,243.88318167981015,14.051682436444635,6.000130460378442,1.0009999559051967,1123.52190673558,2381.8664422794295,2216.7087219892996,GA_cost
14.181818181818182,20.0,620,welded,486.45545743673785,253.3670264602188,14.817243488086229,6.000905171666615,1.0009583791045351,1141.0757306153725,3214.872061063348,2662.8648199925196,GA_cost
14.181818181818182,20.0,690,rolled,489.24304392152743,240.33504026367953,14.363912701525917,6.3347422528929,1.000999632430738,1148.0764940796053,2763.99415949665,2116.3642091863444,GA_cost
14.181818181818182,20.0,690,welded,467.55472971242534,246.84499045559198,15.873632894813321,6.064195795747132,1.0009998527507904,1166.6514060206384,3889.6096705145806,2596.875621747872,GA_cost
14.181818181818182,30.909090909090907,355,rolled,591.6856261040824,299.98976998255074,14.395036238918747,6.0,1.000996972594817,1404.3719000119909,2008.2518170171472,3605.02266733078,GA_cost
14.181818181818182,30.909090909090907,355,welded,589.9614933502228,299.4298258692735,17.984987465683368,6.0,1.0008932488298894,1569.0947242657596,2667.4610312517916,4533.11465840378,GA_cost
14.181818181818182,30.909090909090907,460,rolled,555.3745868950105,285.80926935184766,14.250190784811553,6.000014317894498,1.0009999681905737,1321.707697209959,2118.036584778959,3107.3347961406134,GA_cost
14.181818181818182,30.909090909090907,460,welded,563.1370335087802,299.5784274059571,16.157036451828834,6.00218277474496,1.0009999843820294,1432.414127281344,2740.208225489211,3788.735366659155,GA_cost
14.181818181818182,30.909090909090907,500,rolled,550.8268953453058,279.17379544426853,14.90419710694288,6.103556634255713,1.0004219005643145,1344.4858798717937,2355.5392615353826,2986.6409335472035,GA_cost
14.181818181818182,30.909090909090907,500,welded,576.3470378603597,297.83085402258456,15.197877789919273,6.459679191930829,1.0009997684149097,1400.4374173712922,2937.5575266780224,3499.132931043911,GA_cost
14.181818181818182,30.909090909090907,550,rolled,545.2577556334275,273.2956921401512,15.564237923343578,6.386746744547991,1.000998035479988,1378.2802249881968,2636.6500704024206,2912.8574274900548,GA_cost
14.181818181818182,30.909090909090907,550,welded,525.6262581112652,298.1702504583388,16.03608515988749,6.146314315237312,1.0009997808636366,1402.3346156918321,3482.5223571871416,3479.994329392056,GA_cost
14.181818181818182,30.909090909090907,620,rolled,554.7854416333589,272.5663252809671,15.317422372497466,6.860082056106175,1.0008835028252072,1396.3813572847803,2960.3284774437343,2755.0604179228717,GA_cost
14.181818181818182,30.909090909090907,620,welded,541.5302330653906,283.3184826403839,16.224690346750016,6.725618482644063,1.000046323000176,1404.659939436215,3978.275665016122,3289.074792415257,GA_cost
14.181818181818182,30.909090909090907,690,rolled,538.1821302618065,261.21765983883483,16.73113175261016,6.984926519715123,1.0009998338188033,1433.860050501887,3452.018071583293,2643.177617095178,GA_cost
14.181818181818182,30.909090909090907,690,welded,530.2652730055344,273.50431716482564,17.042261797275376,7.022900904429115,1.0008474340659939,1425.7564236453495,4780.271763538708,3185.04369330536,GA_cost
14.181818181818182,41.81818181818181,355,rolled,593.8394335589795,300.0,19.97216725871969,6.0232914298802545,0.9955085399179566,1790.7604737449196,2560.787477455235,4596.882136103209,GA_cost
14.181818181818182,41.81818181818181,355,welded,594.3989851690902,299.4532294875548,24.460365823897398,6.002023935947357,0.9974915434159826,1995.3682068662451,3392.1259516726163,5764.618749636583,GA_cost
14.181818181818182,41.81818181818181,460,rolled,589.3976103839484,296.85556445129725,17.136042461280045,6.233396172769724,0.9931350121311341,1593.7484629449514,2553.981911869284,3746.902636383581,GA_cost
14.181818181818182,41.81818181818181,460,welded,573.2498864557856,299.81824113257886,21.500612953356285,6.00000108985268,1.0008803756997127,1789.4795313265968,3423.2743434277795,4733.173360358848,GA_cost
14.181818181818182,41.81818181818181,500,rolled,581.9405848945412,291.4295841568365,17.62984747666746,6.398182167274246,1.0009864584761365,1610.0324149503563,2820.7767909930244,3576.5260065707216,GA_cost
14.181818181818182,41.81818181818181,500,welded,591.0892520339693,297.43831770252757,20.16149805214982,6.501746825023556,1.0005361866185254,1733.8718283148787,3636.969547073289,4332.252150227556,GA_cost
14.181818181818182,41.81818181818181,550,rolled,595.1617233459813,297.1817917211059,16.96997408970591,6.928269449704272,1.0009972764399149,1633.545351467598,3124.972257357515,3452.3347457916216,GA_cost
14.181818181818182,41.81818181818181,550,welded,560.7288696779125,299.9626783692203,19.87740965962095,6.837818224572845,1.000991821068398,1724.1575279855977,4326.591863357153,4308.318848446107,GA_cost
14.181818181818182,41.81818181818181,620,rolled,597.6167174901282,287.2782030620823,17.139574343396927,7.370347106396856,1.0009996964285244,1636.4694886952186,3469.3153160338634,3228.7543011956664,GA_cost
14.181818181818182,41.81818181818181,620,welded,576.6464054349002,299.9942796812563,18.28748549459268,7.105419024700798,1.0009949501307052,1648.7252833808298,4697.4592584617785,3875.488015457559,GA_cost
14.181818181818182,41.81818181818181,690,rolled,584.6222859647122,277.35612399119265,18.08221706138221,7.5373730218182295,1.0009999945132364,1655.7233941151073,3986.1540713321215,3052.1605047117887,GA_cost
14.181818181818182,41.81818181818181,690,welded,571.4031486303486,290.80718882247226,18.761916167582726,7.5651563531179855,0.9998095884112917,1664.4630382894334,5613.881860113999,3732.474018634018,GA_cost
14.181818181818182,52.72727272727273,355,rolled,749.9465668962691,292.68905240985106,22.23168456385963,6.950122270563334,1.0009998680315595,2094.3991640441136,2994.9908045830825,5376.322654101239,GA_cost
14.181818181818182,52.72727272727273,355,welded,747.8544355872078,299.0552887850307,27.602609250914988,6.8981135581571245,1.0009998351217906,2369.8665730937555,4028.773174259384,6846.544529667858,GA_cost
14.181818181818182,52.72727272727273,460,rolled,749.9850676676222,298.5014855811527,18.117631610488473,8.01283792237355,1.0009999933760665,1932.8878743625742,3097.4528186660255,4544.219392626412,GA_cost
14.181818181818182,52.72727272727273,460,welded,580.2420310430497,295.51130101093753,27.305543884580928,6.000134394399918,1.0009986703892948,2147.7313004389807,4108.609977739769,5680.749289661104,GA_cost
14.181818181818182,52.72727272727273,500,rolled,599.0244862669275,300.0,21.20341148436109,6.575795454768642,0.9878083523489125,1914.980866778352,3355.0464785956733,4253.93849746143,GA_cost
14.181818181818182,52.72727272727273,500,welded,572.2061737496207,299.87242625303486,25.755553861952787,6.790831793374903,0.9979538480306476,2113.29371859533,4432.844904125564,5280.275685282291,GA_cost
14.181818181818182,52.72727272727273,550,rolled,663.12354332084,296.5127621432709,19.173866425108056,7.716607130146196,1.0009964099926354,1892.7115620685706,3620.7572182371755,4000.056615275717,GA_cost
14.181818181818182,52.72727272727273,550,welded,589.5054288599227,298.49586658224797,23.987731343851774,6.681659164265281,1.0009993632412786,1997.0772314456353,5056.785349704766,5020.296980590005,GA_cost
14.181818181818182,52.72727272727273,620,rolled,628.4185567663404,292.9698448887669,19.646177572647538,7.745977615521449,1.0009460106987202,1879.0457490848428,3983.576988059867,3707.357262944395,GA_cost
14.181818181818182,52.72727272727273,620,welded,582.0385978390091,297.4446143834413,23.11083438932519,7.0286762966288325,1.000999862814546,1949.8382000328006,5619.589642393294,4617.578989984483,GA_cost
14.181818181818182,52.72727272727273,690,rolled,638.7124559867794,292.70675742974765,18.58171175185772,8.265146202174142,1.0009960841190877,1852.7496286955895,4460.494731084632,3415.3586655374493,GA_cost
14.181818181818182,52.72727272727273,690,welded,598.2039894100088,299.9758492951746,21.11446142739119,7.698934286193552,1.0009604160943717,1886.7826894485597,6405.181188344553,4248.678163539949,GA_cost
14.181818181818182,63.63636363636363,355,rolled,748.3508646110832,299.81817784261796,26.134236567293847,6.900020747752772,1.00099434125026,2393.282802749569,3422.394407931884,6143.556954658142,GA_cost
14.181818181818182,63.63636363636363,355,welded,749.0754687037435,299.9614983864824,33.1486211886088,6.778799181405745,1.0009999967685492,2729.1921703930097,4639.626689668116,7884.636180265404,GA_cost
14.181818181818182,63.63636363636363,460,rolled,719.3542510307271,299.75038037594635,22.950120174794126,7.572451426221446,1.0009997615114357,2204.416699003553,3532.5777601531927,5182.583659357354,GA_cost
14.181818181818182,63.63636363636363,460,welded,591.2050491079219,299.29419977937437,31.5519605902448,6.000097309667403,1.000997760307763,2455.3559249924874,4697.095884510628,6494.416421605129,GA_cost
14.181818181818182,63.63636363636363,500,rolled,666.8305886850424,298.8686858656431,23.841229714984166,7.235715490965792,1.0009999723258394,2189.5082495488978,3836.0184532096687,4863.773625547921,GA_cost
14.181818181818182,63.63636363636363,500,welded,594.15435957868,299.1771668890207,29.87656887960933,6.475142919320455,1.0009998511983296,2375.401012314751,4982.641163431421,5935.176969369637,GA_cost
14.181818181818182,63.63636363636363,550,rolled,712.2983109377121,299.712871275837,21.027412995324045,8.231261566805424,1.0009982068944063,2118.2672344321327,4052.2452194686693,4476.74597324887,GA_cost
14.181818181818182,63.63636363636363,550,welded,588.8301014110556,295.20672928245625,29.238890606034623,6.89963480673678,0.9995697185201268,2329.2194649412513,5970.925645454599,5903.6503461241855,GA_cost
14.181818181818182,63.63636363636363,620,rolled,680.9218261609344,298.55227810459945,20.997477476324487,8.360575245649773,1.0009996725442187,2089.998094316099,4430.79595995013,4123.566240085663,GA_cost
14.181818181818182,63.63636363636363,620,welded,598.8434963066279,299.5162281190911,26.670105964471535,7.188880093044046,1.000721838663778,2215.1696759881543,6441.463521960358,5276.464844932589,GA_cost
14.181818181818182,63.63636363636363,690,rolled,653.7310026245458,298.57829603508867,20.903599689391065,8.579722537994435,1.000999754394075,2072.858348109837,4990.406473074433,3821.1070789056735,GA_cost
14.181818181818182,63.63636363636363,690,welded,596.0458800915121,298.9877075386444,26.943119757938266,7.5337700114582296,1.0008858183924572,2248.346592239948,7745.148589793167,5110.797203933581,GA_cost
14.181818181818182,74.54545454545453,355,rolled,747.4419439615328,299.49764836346105,30.92523432301355,6.81877552472349,1.0009996740601264,2711.8112947350633,3877.89015147114,6961.219593584907,GA_cost
14.181818181818182,74.54545454545453,355,welded,749.9986988429791,299.99096915015633,34.99999780945225,12.821946044924687,1.0009960311395179,3308.454306586482,5624.372321197019,9558.124491728346,GA_cost
14.181818181818182,74.54545454545453,460,rolled,737.8715174054868,299.8155312923544,26.220685964844215,7.674805773728034,1.0009999361014619,2452.812021827139,3930.6312649779898,5766.561063315603,GA_cost
14.181818181818182,74.54545454545453,460,welded,590.1594363887594,299.5889643054054,34.41648832755369,8.95560633496704,0.9955910744573504,2815.510671658357,5386.071914882435,7447.025726536354,GA_cost
14.181818181818182,74.54545454545453,500,rolled,701.9145962018566,299.56768480266743,26.329276587399765,7.687611881701603,1.0009999125754458,2427.4166812496815,4252.834025549442,5392.263415728043,GA_cost
14.181818181818182,74.54545454545453,500,welded,749.7994906657013,299.86739997251897,31.71756970072633,8.132379943352772,1.0009987248588665,2739.0857537812885,5745.50627713163,6843.8796643979285,GA_cost
14.181818181818182,74.54545454545453,550,rolled,742.7827632253479,299.58002618242244,23.58705405975062,8.568087641363958,1.0009985919847553,2348.6802998601993,4493.025413632561,4963.700945724545,GA_cost
14.181818181818182,74.54545454545453,550,welded,733.8609364506455,299.98462037958905,30.841170197470554,8.30647602109352,1.0009826439736942,2681.5610431755686,6920.468671446503,6827.359260264313,GA_cost
14.181818181818182,74.54545454545453,620,rolled,677.2303083291082,298.5013243270218,24.689307203022786,8.163146967097967,0.9985787736448917,2322.0719157440276,4922.792461377339,4581.447889762968,GA_cost
14.181818181818182,74.54545454545453,620,welded,749.8882474731461,299.9638382000282,28.539806343304978,9.112846501190665,1.0006059342648277,2608.985635215142,7655.309566105306,6251.199011510381,GA_cost
14.181818181818182,74.54545454545453,690,rolled,672.8755931069478,300.0,23.467955101283664,8.58703409426721,1.0009916718592313,2274.252016591895,5475.261729944987,4192.356167385499,GA_cost
14.181818181818182,74.54545454545453,690,welded,724.525967902707,299.1932630697881,28.284489091187684,9.232907907616925,1.0009999518539097,2570.7963834962084,8925.015355775926,5873.200940339686,GA_cost
14.181818181818182,85.45454545454545,355,rolled,742.7517331571868,297.4237820468096,32.38209937152617,9.943930772891227,1.0009999741652533,3039.7341533552744,4346.819839298043,7802.997571662988,GA_cost
14.181818181818182,85.45454545454545,460,rolled,736.6732701308741,298.7984466392402,30.28935993377194,7.616310411765739,1.0009996532491099,2717.7973099394862,4355.270189178026,6389.541475667732,GA_cost
14.181818181818182,85.45454545454545,460,welded,749.9991737728545,299.99831563043614,34.99867577656941,12.072428565967323,1.0009991161689737,3251.687169628629,6220.477555499567,8600.712563667723,GA_cost
14.181818181818182,85.45454545454545,500,rolled,743.0910488439041,299.9071150865051,28.386760020123678,8.024999118806386,1.0009997825762582,2634.1373309216156,4615.008603774671,5851.472666909277,GA_cost
14.181818181818182,85.45454545454545,500,welded,748.2340008739441,299.95181807374513,33.71415391611672,11.965101573151404,1.000999994652183,3158.48306454431,6625.234076188143,7891.785785070413,GA_cost
14.181818181818182,85.45454545454545,550,rolled,735.5888999674505,299.9994131100602,27.21238211992037,8.358741147491521,1.0009999524212132,2574.1231850558916,4924.2976530119195,5440.1519392971195,GA_cost
14.181818181818182,85.45454545454545,550,welded,749.6248257668818,299.80245459223215,34.473713259439755,8.409248041890505,1.0009882955826426,2938.438030610156,7646.412866548567,7523.086334116343,GA_cost
14.181818181818182,85.45454545454545,620,rolled,738.6277471754953,300.0,25.563534006850787,9.138422820170625,1.000314461168054,2527.3330329450814,5357.946029843572,4986.428074000646,GA_cost
14.181818181818182,85.45454545454545,620,welded,748.8003129681953,299.99521960486027,32.556707490708305,8.976133945851746,1.0009998593495146,2857.835482595362,8462.426575089212,6888.541323800166,GA_cost
14.181818181818182,85.45454545454545,690,rolled,748.8709741568017,299.99984345230774,24.116470478629555,9.711438344972365,1.0007009062779073,2486.8043140890404,5986.981386169366,4584.175072591737,GA_cost
14.181818181818182,85.45454545454545,690,welded,734.9037113674945,299.3471007320142,31.723700056276797,9.299199500193552,1.000998450862089,2809.5442796474304,9840.922672690665,6455.724554879387,GA_cost
14.181818181818182,96.36363636363636,355,rolled,750.0,300.0,35.0,12.281902135126792,1.0009529675100595,3431.0261810217144,4906.367438861052,8807.444206682738,GA_cost
14.181818181818182,96.36363636363636,460,rolled,749.0518102583869,299.8432774610551,33.390051283565285,7.636031714106123,1.0005146116052936,2949.625429208354,4726.7747503063865,6934.569384068839,GA_cost
14.181818181818182,96.36363636363636,500,rolled,744.5977239425821,299.73260272591244,31.925922554683034,7.9327176559037795,1.0009992946081967,2868.4113958867692,5025.45676559362,6371.889074822869,GA_cost
14.181818181818182,96.36363636363636,500,welded,749.9867939308433,299.99926008548107,34.999274576359404,21.795921178154227,1.0009999990078686,3987.796695541079,8364.802348566967,9963.90882347894,GA_cost
14.181818181818182,96.36363636363636,550,rolled,749.9489046483109,300.0,30.012970727509586,8.492045183546184,1.000724618658287,2789.8582687780254,5336.998868172363,5896.086465235478,GA_cost
14.181818181818182,96.36363636363636,550,welded,749.9998363538953,299.9996071785163,34.999352545191506,16.43265938361564,1.0009945644454903,3581.82263194468,9496.406647359167,9286.659856556715,GA_cost
14.181818181818182,96.36363636363636,620,rolled,725.0625672501624,299.0251831421064,29.38435672218195,8.689156658960409,1.0009999606105553,2730.969307925754,5789.654932802598,5388.202444537512,GA_cost
14.181818181818182,96.36363636363636,620,welded,733.0661397419254,299.99812123029886,34.772956201790606,12.985164204211983,1.0009999606269635,3281.8792570375463,9859.831710601535,7986.366809116827,GA_cost
14.181818181818182,96.36363636363636,690,rolled,749.8704357489762,299.97897096738984,27.04052781713164,9.540266973237673,1.0009930796664461,2672.328315864377,6433.630420443489,4926.170017464393,GA_cost
14.181818181818182,96.36363636363636,690,welded,745.6700756916599,300.0,34.894571244909514,9.343774759930959,1.0005654498210217,3033.8932801437404,10712.965669257605,7007.96170334176,GA_cost
14.181818181818182,107.27272727272727,355,rolled,749.9969050690805,299.9928888680384,34.99986641472935,23.48665355662768,1.0009999477099703,4321.590475393104,6179.874379812138,11093.522750334098,GA_cost
14.181818181818182,107.27272727272727,460,rolled,749.5933228871855,299.68407719092545,33.59781062690944,11.390369106028922,1.0009957278124457,3262.527042683561,5228.199585900407,7670.201077349051,GA_cost
14.181818181818182,107.27272727272727,500,rolled,749.9986183663991,299.999869185926,35.0,8.659581702934451,1.0009999642023697,3143.093891042395,5506.700497106276,6982.068769561576,GA_cost
14.181818181818182,107.27272727272727,550,rolled,748.0628830006382,299.6185069922897,33.437191569748016,8.343463621455268,1.0009202848169525,3006.536391224217,5751.504116411927,6354.01400921326,GA_cost
14.181818181818182,107.27272727272727,620,rolled,743.711751068504,299.9191276987299,31.59283674444649,8.863951603575932,1.000999893294678,2920.3235929038974,6191.086016956264,5761.79844879939,GA_cost
14.181818181818182,107.27272727272727,620,welded,749.9940241576688,299.9999999989899,34.999986648659224,23.18871969014162,1.000999998993333,4093.3015838958468,12593.846738733086,10119.155326771892,GA_cost
14.181818181818182,107.27272727272727,690,rolled,749.9279450809398,299.5692881727226,29.976213695994577,9.515729100006595,1.0009932785216513,2866.8779307303657,6902.008618233356,5284.802777508356,GA_cost
14.181818181818182,107.27272727272727,690,welded,749.997852205986,300.0,35.0,17.91842520168482,1.000999996691946,3694.3388411374367,13328.483277569198,8654.261179598336,GA_cost
14.181818181818182,118.18181818181817,460,rolled,749.9939875130005,299.9973183785472,34.99989064185024,17.683854306144333,1.0009991184459945,3860.373198394186,6186.248050426683,9075.737389424732,GA_cost
14.181818181818182,118.18181818181817,500,rolled,749.9931637774195,299.99908135441365,34.99984724077357,12.357035386056817,1.0009991064329993,3436.970684165832,6021.5726386585375,7634.88667780598,GA_cost
14.181818181818182,118.18181818181817,550,rolled,716.7493871192835,299.99977922377684,34.950843961580595,11.795668937202583,1.0009707506193692,3343.2155416904584,6395.571331253847,7065.551725808615,GA_cost
14.181818181818182,118.18181818181817,620,rolled,749.9640586241383,299.82407143093724,34.3538540899587,8.84760150336913,1.0009990580776664,3112.609793308598,6598.732761814228,6141.179122197865,GA_cost
14.181818181818182,118.18181818181817,690,rolled,737.6689622232485,299.5956724041888,33.265342303773785,9.199386604500699,1.0009993992826174,3051.6680155658028,7346.890747474671,5625.444819894,GA_cost
14.181818181818182,129.09090909090907,500,rolled,749.9990411726457,299.9999880920983,34.99988876532661,22.782982743572685,1.0009999999903083,4265.722779638432,7473.5463099265335,9475.876582688814,GA_cost
14.181818181818182,129.09090909090907,550,rolled,749.9994452838068,299.9999236878333,34.999809489876505,17.645710360622978,1.0009999996068903,3857.368469466447,7379.145882089313,8152.16252337039,GA_cost
14.181818181818182,129.09090909090907,620,rolled,738.8832988837711,299.94032512004765,34.876777932415884,12.993641375038385,1.000999999695526,3461.9612270013363,7339.3578012428325,6830.449500873637,GA_cost
14.181818181818182,129.09090909090907,690,rolled,749.98111419041,300.0,34.999993812723154,12.25226735503376,1.0009966380186672,3428.6431166066195,8254.458303230436,6320.360721152641,GA_cost
14.181818181818182,140.0,620,rolled,749.9999053489636,299.9999968796626,34.99978835526902,21.293696778223534,1.0009999999841062,4147.3387128252,8792.358071189423,8182.699280404119,GA_cost
14.181818181818182,140.0,690,rolled,749.9998634063335,299.99999923422496,34.999999993787966,16.089968505173193,1.0009999996693202,3733.7202507819716,8988.931503757598,6882.739910291486,GA_cost
15.0,20.0,355,rolled,551.1549939362203,284.8718872983996,12.555389833404272,6.000033731207735,1.0009994501773223,1274.657896036164,1822.7607913317142,3272.0468191248324,GA_cost
15.0,20.0,355,welded,595.4232468017718,298.95967516903147,13.268820851865998,6.000475626977291,1.0009476935927608,1336.1409190307504,2271.4395623522755,3860.1111150798374,GA_cost
15.0,20.0,460,rolled,527.8363763474065,267.9247547015412,13.033037105439277,6.000001287495191,1.000999840504315,1235.6787969689376,1980.1752721427224,2905.080851673972,GA_cost
15.0,20.0,460,welded,545.3048120999927,283.0895619996258,14.149031953947505,6.0103554717704,1.000209070897281,1309.177570683552,2504.4566927176343,3462.7746744579954,GA_cost
15.0,20.0,500,rolled,521.9745703674672,263.01666904978543,13.295517141613352,6.000045256820067,1.0009990559569313,1232.1971528430802,2158.8094117810765,2737.202755325618,GA_cost
15.0,20.0,500,welded,532.1812620916277,277.60135545932536,14.528053355319242,6.000127369985279,1.000999478695112,1305.2386880580427,2737.868672070551,3261.269385981826,GA_cost
15.0,20.0,550,rolled,508.72009582711934,254.43348506705425,14.727132876120741,6.001687354064882,1.0009938164437346,1282.1895132272696,2452.8285388037666,2709.7793172545116,GA_cost
15.0,20.0,550,welded,498.34683155711286,277.74780870137135,14.86929856596401,6.002818947597507,1.000999858390525,1303.8222678067623,3228.072611908747,3229.0371055349674,GA_cost
15.0,20.0,620,rolled,526.3535161129889,254.63002715389024,14.57566075909491,6.492784018815322,1.0009992127702472,1316.8665056220627,2791.7569919187727,2598.1776155923294,GA_cost
15.0,20.0,620,welded,489.9022671580802,271.157883533815,15.562139579717584,6.012429634938953,0.9997761721341338,1318.5602650375047,3721.838075973254,3080.7465224081675,GA_cost
15.0,20.0,690,rolled,514.2568743248482,239.85260363257666,16.296663016829775,6.6833334523370835,1.0009991195719807,1364.5515065172453,3285.157751940268,2515.41424711389,GA_cost
15.0,20.0,690,welded,495.6699179739807,260.2132539824986,15.77819346413549,6.437668878768833,1.0009980262234524,1318.7057248242381,4399.7985143251,2936.7172789591514,GA_cost
15.0,30.909090909090907,355,rolled,598.691595116589,299.72917732826943,16.62922700044797,6.0000111156124865,1.0009998999176855,1651.9372282589168,2362.270236410251,4240.522864940638,GA_cost
15.0,30.909090909090907,355,welded,594.5902743186289,299.9958127408367,20.759681775491455,6.000372080276409,1.0008467657120705,1857.4198761763432,3157.6137894997837,5366.0860222734555,GA_cost
15.0,30.909090909090907,460,rolled,588.2376565184105,299.99902550480135,14.523030952445119,6.456943978611443,0.9927742785126042,1523.7653077662826,2441.833905695468,3582.37223855853,GA_cost
15.0,30.909090909090907,460,welded,565.2911518217758,298.45691245678086,19.038195124091857,6.0000172816960875,1.0009999971333476,1710.608362198454,3272.3937968856426,4524.55911801491,GA_cost
15.0,30.909090909090907,500,rolled,578.9113136556963,291.2852200443569,15.06961299118409,6.821715392602347,1.0009999868128208,1548.2726098490098,2712.573612455465,3439.33277551859,GA_cost
15.0,30.909090909090907,500,welded,546.5905334481184,299.0334881242839,18.808273976870595,6.000000226347169,1.0009999066545945,1684.113672835286,3532.596840139296,4207.926422946245,GA_cost
15.0,30.909090909090907,550,rolled,576.4750385704641,289.4432625770612,15.385163112983852,6.699429165767058,1.0009995715510664,1553.1557482598453,2971.1869464210836,3282.439358372357,GA_cost
15.0,30.909090909090907,550,welded,574.4828257868917,297.8807592836274,17.23696853625337,6.66244442824977,1.0009985067063039,1632.8276825314078,4071.016587925502,4062.632963319564,GA_cost
15.0,30.909090909090907,620,rolled,578.0660795280487,283.02291918319816,16.175779583374812,7.136414578596466,1.0009985234926557,1613.553173327383,3420.7327274540517,3183.540410974927,GA_cost
15.0,30.909090909090907,620,welded,548.58649742797,292.3925264519776,17.7680773098793,6.870866383085449,1.000999301063751,1638.562651585384,4659.932652451074,3847.0217941163237,GA_cost
15.0,30.909090909090907,690,rolled,571.2752991539854,278.20667696349125,16.389842545518913,7.397304918044035,1.00099259816405,1620.0151788778883,3900.186543148516,2986.335980743499,GA_cost
15.0,30.909090909090907,690,welded,549.8546341478994,286.02084394378113,17.753189949565808,7.813674188283244,1.0009994182761193,1669.0490732081948,5618.135234114841,3737.9804624102053,GA_cost
15.0,41.81818181818181,355,rolled,703.02043069878,299.9215363584188,21.095297770511937,6.541790489886381,1.0009993002310682,2098.9788236554487,3001.5397178272915,5388.078640323536,GA_cost
15.0,41.81818181818181,355,welded,598.2541760373709,299.2371839354378,28.058676906104424,6.002725011440528,0.9994763127275663,2360.4985937772385,4012.847609421305,6819.480437422442,GA_cost
15.0,41.81818181818181,460,rolled,597.7498559728933,299.94816806411603,19.513343317553282,6.363560754371715,1.0009969387101842,1886.8877710032098,3023.7376530326437,4436.073149628548,GA_cost
15.0,41.81818181818181,460,welded,579.4662831476696,296.85708104939556,25.143918444057736,6.000190018485074,1.0009986617859008,2131.683792926761,4077.911095868893,5638.303632291282,GA_cost
15.0,41.81818181818181,500,rolled,659.1775379107612,298.37899581546736,18.72469514659951,7.269754546786476,1.000999655202197,1940.3573427962958,3399.5060645791104,4310.309801287692,GA_cost
15.0,41.81818181818181,500,welded,587.9489493225386,297.4572484426743,23.64268601888548,6.614912498725354,1.0009886310307934,2077.324176997518,4357.395193669993,5190.402188645999,GA_cost
15.0,41.81818181818181,550,rolled,652.021865593257,298.7920852665485,18.080480125061058,7.568000488120115,1.000674188537393,1912.1088759004845,3657.864279597627,4041.050898328084,GA_cost
15.0,41.81818181818181,550,welded,584.6960272223012,299.9996111646204,22.399365606751598,6.665069117068085,1.0009989812313709,2006.2309454861763,5061.4799836555585,5031.0722852494455,GA_cost
15.0,41.81818181818181,620,rolled,654.0438373227845,298.499295658296,17.19700029287867,8.08373968193442,1.000998945190064,1888.646011123107,4003.9295435809872,3726.29857994589,GA_cost
15.0,41.81818181818181,620,welded,579.4130760324107,299.93846000674586,21.44509078018567,7.072725722922616,1.000999974532815,1961.6083518581975,5631.440216906682,4633.6648249033115,GA_cost
15.0,41.81818181818181,690,rolled,611.736406360355,299.43327378826154,18.12615658516254,8.063228581681852,0.9887529774637851,1915.8135812153375,4612.321196775924,3531.6107556123525,GA_cost
15.0,41.81818181818181,690,welded,590.5061909597331,298.8048242248765,20.343497843632218,7.707199148516815,1.0009988481283891,1930.5155629721428,6540.630316514542,4341.612298336363,GA_cost
15.0,52.72727272727273,355,rolled,747.3700397568311,299.57234468576854,25.082581521346672,6.867986947147086,1.0009461789699103,2450.0612214221446,3503.587546633667,6289.307155390646,GA_cost
15.0,52.72727272727273,355,welded,749.7073076338698,297.0138298791775,32.38810942275421,6.789025775307483,1.0009995552932134,2812.9824620226755,4782.070185438549,8126.7063327835085,GA_cost
15.0,52.72727272727273,460,rolled,667.3816985893415,298.54080641869194,24.234896261354578,6.951907268431984,1.000972963140818,2321.0256609397134,3719.4436216558906,5456.731328869266,GA_cost
15.0,52.72727272727273,460,welded,589.3516226758304,299.4473917982,30.407775202334026,6.000096298944068,1.000971372033288,2517.768801783873,4816.491717812549,6659.498480718345,GA_cost
15.0,52.72727272727273,500,rolled,749.999303930717,299.9360612264672,20.380213028432056,8.31228385313597,1.000999989542323,2240.4248159912063,3925.224277616594,4976.879686242864,GA_cost
15.0,52.72727272727273,500,welded,582.8780106275864,299.0066602532022,29.421654146214262,6.166060432404402,1.0009809161122283,2452.2345039337097,5143.80709545135,6127.153131528766,GA_cost
15.0,52.72727272727273,550,rolled,691.1357839942051,299.2458804334167,21.32542951922887,7.982057413624047,1.000999963511712,2217.9748731762766,4242.9859323862165,4687.468096970743,GA_cost
15.0,52.72727272727273,550,welded,585.0090361691554,294.16589996104534,28.708068281103106,6.529151108715214,1.0009999915885186,2394.3995326317636,6125.625779658719,6060.655423213642,GA_cost
15.0,52.72727272727273,620,rolled,662.9274140331205,292.8270660894812,22.012889088198925,8.2392363754659,1.0009999971770258,2224.3890085907583,4715.704698212407,4388.719513949566,GA_cost
15.0,52.72727272727273,620,welded,723.5749789964741,299.59884722862705,24.93931789606402,8.836682462343097,1.0009908637708818,2460.600842969002,7153.73288379538,5860.317535048535,GA_cost
15.0,52.72727272727273,690,rolled,642.5021647005673,299.97874124234187,20.825852552396324,8.246153348332964,1.0009997661711536,2157.3916735270996,5193.920454016493,3976.935810979855,GA_cost
15.0,52.72727272727273,690,welded,595.6121699083852,299.8180288849477,26.26224798401526,7.551569897777876,1.0009661830547638,2337.2144959587895,8037.585299376665,5306.970779640634,GA_cost
15.0,63.63636363636363,355,rolled,749.9560869085036,298.7185581054817,30.423930964538528,6.777938171513319,1.0009848763928817,2824.7606162201528,4039.4076811948185,7251.160501837132,GA_cost
15.0,63.63636363636363,355,welded,749.9848007336504,299.9997723512385,35.0,11.970166370425973,1.0009999492945714,3431.177921715392,5833.002466916167,9912.673015835766,GA_cost
15.0,63.63636363636363,460,rolled,743.7383063058554,299.99284183542295,25.91707192215321,7.748334081773246,1.0005725733872122,2585.3808841301257,4143.072866818526,6078.2304585899265,GA_cost
15.0,63.63636363636363,460,welded,588.9231569750048,296.7399155962327,34.49107892069946,8.765324999402699,1.0009999992181184,2946.95415806055,5637.523304369832,7794.6937480701545,GA_cost
15.0,63.63636363636363,500,rolled,731.2966504163498,298.93015200277466,25.396649979041193,7.954495275471323,1.0002014220495148,2546.525678639278,4461.512988976016,5656.852142529292,GA_cost
15.0,63.63636363636363,500,welded,592.5856321343614,297.51261782390804,34.74478114574412,6.264225507625557,1.0009970587128314,2820.2082698932318,5915.668866928043,7046.5723831552295,GA_cost
15.0,63.63636363636363,550,rolled,727.492989838125,299.83114233688434,24.244296060583178,8.317478351925239,1.0009988548391802,2495.7458758137896,4774.36186043178,5274.509333944863,GA_cost
15.0,63.63636363636363,550,welded,739.9056507035816,299.41295922849935,30.808580723056973,8.369422820737128,1.0009980540286592,2840.819992495141,7331.9730332066465,7233.166478512335,GA_cost
15.0,63.63636363636363,620,rolled,680.678288082586,299.08299940651204,24.64885214159569,8.238514156315516,1.0008409350986618,2466.0418172895334,5228.008652653811,4865.50050551225,GA_cost
15.0,63.63636363636363,620,welded,748.8370581522664,299.5806177644526,28.884300147310295,9.052391334245327,1.0009985267262287,2774.446116015126,8146.2730309417875,6650.566944077494,GA_cost
15.0,63.63636363636363,690,rolled,700.4611322180684,299.98431518004594,22.949553410403837,8.981839391590556,1.0009999935284437,2429.2522393823283,5848.424766312957,4478.083578077384,GA_cost
15.0,63.63636363636363,690,welded,693.3611941332846,298.6781219925432,29.797857433955755,8.758412841016787,1.000993246316206,2749.546798089508,9570.828092953445,6292.326641557352,GA_cost
15.0,74.54545454545453,355,rolled,749.6550306569635,299.60544051845994,31.994404210174203,10.094305754479352,0.9999386832175966,3226.0386229827413,4613.23523086532,8281.241145196696,GA_cost
15.0,74.54545454545453,460,rolled,738.2943820145757,297.5610705520899,30.87337188057328,7.563894175211236,1.0009999785558448,2904.339076502007,4654.203370094466,6828.101168856219,GA_cost
15.0,74.54545454545453,460,welded,749.9999490730698,299.99999687625655,34.999999889942735,14.803107978684034,1.0009999997383088,3658.0347339449045,6997.820446036601,9675.501871284272,GA_cost
15.0,74.54545454545453,500,rolled,745.4807107176055,281.96235450222065,32.01326193264641,7.991187743724279,0.9998623446516695,2905.3202449862565,5090.121069215921,6453.878392212469,GA_cost
15.0,74.54545454545453,500,welded,745.4442872086206,299.9369878998316,34.61664661402485,11.886705210298363,1.0009999712195627,3391.617562532142,7114.256999167422,8474.295641742809,GA_cost
15.0,74.54545454545453,550,rolled,749.4361350009278,299.9032678805635,27.40864737278227,8.503198338956803,1.000979417857951,2762.849024050337,5285.3301830082955,5839.005127427982,GA_cost
15.0,74.54545454545453,550,welded,749.9988153873066,299.99979789772226,34.999583898106785,9.341143796947101,1.000999943507409,3220.663932793086,8407.772817734505,8263.491105753874,GA_cost
15.0,74.54545454545453,620,rolled,720.2184337023612,299.89378407377484,27.004491160523244,8.684184161001927,1.0009999958132427,2717.854376508289,5761.851278197572,5362.326684850855,GA_cost
15.0,74.54545454545453,620,welded,735.5031127716022,299.2519039771184,34.05354513069943,8.747651137670692,1.000999968942274,3087.325402254431,9169.14595143157,7456.215580351361,GA_cost
15.0,74.54545454545453,690,rolled,707.8317049047914,298.7194419947917,26.533438297908297,8.979280165781523,1.0009999544424326,2686.8190091302376,6468.516764481047,4952.882161430679,GA_cost
15.0,74.54545454545453,690,welded,732.0979135097317,299.691724086718,32.655516158496546,9.227752739693171,1.000851855279018,3029.2506708216615,10633.518156090882,6970.375685590367,GA_cost
15.0,85.45454545454545,355,rolled,749.9354418312869,299.99999087529864,34.9989889472663,14.887185651563202,1.0009998890827216,3847.8151167091637,5502.3756168941045,9877.341404592422,GA_cost
15.0,85.45454545454545,460,rolled,748.4430567702614,299.9952665257684,34.30785595198651,7.597032176760305,1.000857290700403,3183.5492813803726,5101.637723412046,7484.524360525256,GA_cost
15.0,85.45454545454545,500,rolled,749.4435538248283,299.8245791769158,32.729750685160276,7.972006535874812,1.0009331902308336,3100.7163345873014,5432.455018196952,6887.9312656522325,GA_cost
15.0,85.45454545454545,550,rolled,749.8352136597216,299.9669492062134,31.165295739580998,8.40921776570493,1.000642102217598,3026.459734056425,5789.617471249941,6396.120001954848,GA_cost
15.0,85.45454545454545,550,welded,749.9999449663635,299.99999998919736,34.99999967414663,21.632754601144008,1.000999999997785,4204.884499278276,11273.849676710994,10985.183530013996,GA_cost
15.0,85.45454545454545,620,rolled,708.1818783163015,295.8478749907444,31.778884552896947,8.408126282082488,1.0009999921605353,2994.9344455900964,6349.261024651004,5909.00566114926,GA_cost
15.0,85.45454545454545,620,welded,749.948931788376,299.99902718055534,34.9995643029838,15.433072780047354,1.0009993060863278,3708.346117258099,11209.892019842975,9060.915203975439,GA_cost
15.0,85.45454545454545,690,rolled,701.0184332317571,299.9215996067018,30.037640678505873,8.777376097013182,1.0009808398005413,2923.2446925226295,7037.711597248231,5388.709266196214,GA_cost
15.0,85.45454545454545,690,welded,744.5804860625757,299.8859551015729,34.231265358332415,13.958850407536394,1.0009999966744703,3528.823940278678,12583.86491473619,8203.70488876909,GA_cost
15.0,96.36363636363636,460,rolled,749.9999472728814,299.9999983629899,34.9996761448127,11.642655491674622,1.0009999807741052,3575.203114384142,5729.262990800587,8405.302521917118,GA_cost
15.0,96.36363636363636,500,rolled,741.0313028797783,299.9832910918983,33.996782522585235,11.717011222113271,1.000999999566284,3496.830033660323,6126.446218972885,7767.858236773042,GA_cost
15.0,96.36363636363636,550,rolled,748.156364026007,299.99772270991537,34.90291464777391,8.285313093276995,1.000992400534443,3284.051410143552,6282.390347604614,6940.514250197382,GA_cost
15.0,96.36363636363636,620,rolled,749.9998213006645,299.999985545543,32.97733388966486,8.874090224313871,1.0009999998957142,3196.8550002998195,6777.332600635618,6307.394915591543,GA_cost
15.0,96.36363636363636,690,rolled,747.3575874529873,299.99167593092295,31.71381948933413,9.383734576885109,1.0009794566143975,3146.0279990306085,7574.06240766619,5799.388013413023,GA_cost
15.0,107.27272727272727,460,rolled,749.9997313191398,299.9997337453611,34.99999949229872,24.014330294496673,1.0009999999929788,4615.353161299843,7396.103440982998,10850.69528221593,GA_cost
15.0,107.27272727272727,500,rolled,749.9999616135437,299.99981048994,35.0,19.824635745275856,1.0009999999991914,4263.112279104117,7468.972712990413,9470.077616801886,GA_cost
15.0,107.27272727272727,550,rolled,749.9974483448964,299.9999857944651,34.9998843552879,14.61407415261162,1.0009999998110046,3825.0309689654237,7317.284243630855,8083.8204498115265,GA_cost
15.0,107.27272727272727,620,rolled,733.2373128604189,299.5569530908449,34.56029401648223,12.878633907221737,1.0009998577218953,3617.44395081439,7668.981175726508,7137.216914956792,GA_cost
15.0,107.27272727272727,690,rolled,749.1934802398006,299.9252829483382,34.82825490908252,9.303823084152278,1.0009974372356465,3364.6758913144427,8100.457208339521,6202.443538049043,GA_cost
15.0,118.18181818181817,620,rolled,749.9529764393837,300.0,34.99974325407666,20.951532827628544,1.0009876543956366,4357.71666967307,9238.359339706909,8597.774989264966,GA_cost
15.0,118.18181818181817,690,rolled,749.9876044070118,299.9999134716975,34.99999506238186,16.175529311156456,1.0009999999917965,3956.2949781649827,9524.780159932197,7293.03416274933,GA_cost
