label_set,N,model,topk,context_idx,span_m,load_kNm,gt_economy,mode,feasible,gap,n_dec,n_repair,n_total,region
0,208,knn,1,0,6.0,150.0,718.2839060185494,none,1,-0.0007573318885343294,4,0,4,load_extrapolation
0,208,knn,1,0,6.0,150.0,718.2839060185494,scale,1,-0.0022662379037037272,4,18,22,load_extrapolation
0,208,knn,1,0,6.0,150.0,718.2839060185494,scale+thin,1,-0.0022662379037037272,4,55,59,load_extrapolation
0,208,knn,2,0,6.0,150.0,718.2839060185494,none,1,-0.0007573318885343294,7,0,7,load_extrapolation
0,208,knn,2,0,6.0,150.0,718.2839060185494,scale,1,-0.0022662379037037272,7,18,25,load_extrapolation
0,208,knn,2,0,6.0,150.0,718.2839060185494,scale+thin,1,-0.0022662379037037272,7,55,62,load_extrapolation
0,208,knn,3,0,6.0,150.0,718.2839060185494,none,1,-0.0007573318885343294,12,0,12,load_extrapolation
0,208,knn,3,0,6.0,150.0,718.2839060185494,scale,1,-0.0022662379037037272,12,18,30,load_extrapolation
0,208,knn,3,0,6.0,150.0,718.2839060185494,scale+thin,1,-0.0022662379037037272,12,55,67,load_extrapolation
0,208,knn,1,1,6.0,165.71428571428572,766.0869680124856,none,1,-0.0041012345115416515,4,0,4,load_extrapolation
0,208,knn,1,1,6.0,165.71428571428572,766.0869680124856,scale,1,-0.005605091067812262,4,18,22,load_extrapolation
0,208,knn,1,1,6.0,165.71428571428572,766.0869680124856,scale+thin,1,-0.005605091067812262,4,55,59,load_extrapolation
0,208,knn,2,1,6.0,165.71428571428572,766.0869680124856,none,1,-0.0041012345115416515,7,0,7,load_extrapolation
0,208,knn,2,1,6.0,165.71428571428572,766.0869680124856,scale,1,-0.005605091067812262,7,18,25,load_extrapolation
0,208,knn,2,1,6.0,165.71428571428572,766.0869680124856,scale+thin,1,-0.005605091067812262,7,55,62,load_extrapolation
0,208,knn,3,1,6.0,165.71428571428572,766.0869680124856,none,1,-0.0041012345115416515,12,0,12,load_extrapolation
0,208,knn,3,1,6.0,165.71428571428572,766.0869680124856,scale,1,-0.005605091067812262,12,18,30,load_extrapolation
0,208,knn,3,1,6.0,165.71428571428572,766.0869680124856,scale+thin,1,-0.005605091067812262,12,55,67,load_extrapolation
0,208,knn,1,2,6.0,181.42857142857144,809.0128740060688,none,1,-0.0030263112532230574,4,0,4,load_extrapolation
0,208,knn,1,2,6.0,181.42857142857144,809.0128740060688,scale,1,-0.004554592547854397,4,18,22,load_extrapolation
0,208,knn,1,2,6.0,181.42857142857144,809.0128740060688,scale+thin,1,-0.004554592547854397,4,55,59,load_extrapolation
0,208,knn,2,2,6.0,181.42857142857144,809.0128740060688,none,1,-0.0030263112532230574,7,0,7,load_extrapolation
0,208,knn,2,2,6.0,181.42857142857144,809.0128740060688,scale,1,-0.004554592547854397,7,18,25,load_extrapolation
0,208,knn,2,2,6.0,181.42857142857144,809.0128740060688,scale+thin,1,-0.004554592547854397,7,55,62,load_extrapolation
0,208,knn,3,2,6.0,181.42857142857144,809.0128740060688,none,1,-0.0030263112532230574,10,0,10,load_extrapolation
0,208,knn,3,2,6.0,181.42857142857144,809.0128740060688,scale,1,-0.004554592547854397,10,18,28,load_extrapolation
0,208,knn,3,2,6.0,181.42857142857144,809.0128740060688,scale+thin,1,-0.004554592547854397,10,55,65,load_extrapolation
0,208,knn,1,3,6.0,197.14285714285717,854.6554477993761,none,1,-0.007061408861587459,3,0,3,load_extrapolation
0,208,knn,1,3,6.0,197.14285714285717,854.6554477993761,scale,1,-0.008265551293297535,3,18,21,load_extrapolation
0,208,knn,1,3,6.0,197.14285714285717,854.6554477993761,scale+thin,1,-0.008265551293297535,3,55,58,load_extrapolation
0,208,knn,2,3,6.0,197.14285714285717,854.6554477993761,none,1,-0.007061408861587459,6,0,6,load_extrapolation
0,208,knn,2,3,6.0,197.14285714285717,854.6554477993761,scale,1,-0.008265551293297535,6,18,24,load_extrapolation
0,208,knn,2,3,6.0,197.14285714285717,854.6554477993761,scale+thin,1,-0.008265551293297535,6,55,61,load_extrapolation
0,208,knn,3,3,6.0,197.14285714285717,854.6554477993761,none,1,-0.007061408861587459,9,0,9,load_extrapolation
0,208,knn,3,3,6.0,197.14285714285717,854.6554477993761,scale,1,-0.008265551293297535,9,18,27,load_extrapolation
0,208,knn,3,3,6.0,197.14285714285717,854.6554477993761,scale+thin,1,-0.008265551293297535,9,55,64,load_extrapolation
0,208,knn,1,4,6.0,212.8571428571429,895.7569021904145,none,1,-0.005327264841288426,2,0,2,load_extrapolation
0,208,knn,1,4,6.0,212.8571428571429,895.7569021904145,scale,1,-0.007466141484366973,2,18,20,load_extrapolation
0,208,knn,1,4,6.0,212.8571428571429,895.7569021904145,scale+thin,1,-0.007466141484366973,2,55,57,load_extrapolation
0,208,knn,2,4,6.0,212.8571428571429,895.7569021904145,none,1,-0.005327264841288426,5,0,5,load_extrapolation
0,208,knn,2,4,6.0,212.8571428571429,895.7569021904145,scale,1,-0.007466141484366973,5,18,23,load_extrapolation
0,208,knn,2,4,6.0,212.8571428571429,895.7569021904145,scale+thin,1,-0.007466141484366973,5,55,60,load_extrapolation
0,208,knn,3,4,6.0,212.8571428571429,895.7569021904145,none,1,-0.005327264841288426,8,0,8,load_extrapolation
0,208,knn,3,4,6.0,212.8571428571429,895.7569021904145,scale,1,-0.007466141484366973,8,18,26,load_extrapolation
0,208,knn,3,4,6.0,212.8571428571429,895.7569021904145,scale+thin,1,-0.007466141484366973,8,55,63,load_extrapolation
0,208,knn,1,5,6.0,228.57142857142856,927.0052988628717,none,1,0.0032378160366062225,3,0,3,load_extrapolation
0,208,knn,1,5,6.0,228.57142857142856,927.0052988628717,scale,1,0.002572020088349447,3,18,21,load_extrapolation
0,208,knn,1,5,6.0,228.57142857142856,927.0052988628717,scale+thin,1,0.002572020088349447,3,55,58,load_extrapolation
0,208,knn,2,5,6.0,228.57142857142856,927.0052988628717,none,1,0.0032378160366062225,7,0,7,load_extrapolation
0,208,knn,2,5,6.0,228.57142857142856,927.0052988628717,scale,1,0.002572020088349447,7,18,25,load_extrapolation
0,208,knn,2,5,6.0,228.57142857142856,927.0052988628717,scale+thin,1,0.002572020088349447,7,55,62,load_extrapolation
0,208,knn,3,5,6.0,228.57142857142856,927.0052988628717,none,1,0.0032378160366062225,10,0,10,load_extrapolation
0,208,knn,3,5,6.0,228.57142857142856,927.0052988628717,scale,1,0.002572020088349447,10,18,28,load_extrapolation
0,208,knn,3,5,6.0,228.57142857142856,927.0052988628717,scale+thin,1,0.002572020088349447,10,55,65,load_extrapolation
0,208,knn,1,6,6.0,244.28571428571428,968.4098952439792,none,1,0.0014818531740494745,3,0,3,load_extrapolation
0,208,knn,1,6,6.0,244.28571428571428,968.4098952439792,scale,1,0.0005422675348423223,3,18,21,load_extrapolation
0,208,knn,1,6,6.0,244.28571428571428,968.4098952439792,scale+thin,1,0.0005422675348423223,3,55,58,load_extrapolation
0,208,knn,2,6,6.0,244.28571428571428,968.4098952439792,none,1,0.0014818531740494745,7,0,7,load_extrapolation
0,208,knn,2,6,6.0,244.28571428571428,968.4098952439792,scale,1,0.0005422675348423223,7,18,25,load_extrapolation
0,208,knn,2,6,6.0,244.28571428571428,968.4098952439792,scale+thin,1,0.0005422675348423223,7,55,62,load_extrapolation
0,208,knn,3,6,6.0,244.28571428571428,968.4098952439792,none,1,0.0014818531740494745,10,0,10,load_extrapolation
0,208,knn,3,6,6.0,244.28571428571428,968.4098952439792,scale,1,0.0005422675348423223,10,18,28,load_extrapolation
0,208,knn,3,6,6.0,244.28571428571428,968.4098952439792,scale+thin,1,0.0005422675348423223,10,55,65,load_extrapolation
0,208,knn,1,7,6.0,260.0,1013.7382545756694,none,1,-0.004053350924900445,3,0,3,load_extrapolation
0,208,knn,1,7,6.0,260.0,1013.7382545756694,scale,1,-0.005898923321848049,3,18,21,load_extrapolation
0,208,knn,1,7,6.0,260.0,1013.7382545756694,scale+thin,1,-0.005898923321848049,3,55,58,load_extrapolation
0,208,knn,2,7,6.0,260.0,1013.7382545756694,none,1,-0.004053350924900445,6,0,6,load_extrapolation
0,208,knn,2,7,6.0,260.0,1013.7382545756694,scale,1,-0.005898923321848049,6,18,24,load_extrapolation
0,208,knn,2,7,6.0,260.0,1013.7382545756694,scale+thin,1,-0.005898923321848049,6,55,61,load_extrapolation
0,208,knn,3,7,6.0,260.0,1013.7382545756694,none,1,-0.004053350924900445,9,0,9,load_extrapolation
0,208,knn,3,7,6.0,260.0,1013.7382545756694,scale,1,-0.005898923321848049,9,18,27,load_extrapolation
0,208,knn,3,7,6.0,260.0,1013.7382545756694,scale+thin,1,-0.005898923321848049,9,55,64,load_extrapolation
0,208,knn,1,8,7.285714285714286,150.0,1153.3708205133214,none,1,-0.009624629647447813,3,0,3,load_extrapolation
0,208,knn,1,8,7.285714285714286,150.0,1153.3708205133214,scale,1,-0.010848317661015905,3,18,21,load_extrapolation
0,208,knn,1,8,7.285714285714286,150.0,1153.3708205133214,scale+thin,1,-0.010848317661015905,3,55,58,load_extrapolation
0,208,knn,2,8,7.285714285714286,150.0,1153.3708205133214,none,1,-0.009624629647447813,6,0,6,load_extrapolation
0,208,knn,2,8,7.285714285714286,150.0,1153.3708205133214,scale,1,-0.010848317661015905,6,18,24,load_extrapolation
0,208,knn,2,8,7.285714285714286,150.0,1153.3708205133214,scale+thin,1,-0.010848317661015905,6,55,61,load_extrapolation
0,208,knn,3,8,7.285714285714286,150.0,1153.3708205133214,none,1,-0.009624629647447813,9,0,9,load_extrapolation
0,208,knn,3,8,7.285714285714286,150.0,1153.3708205133214,scale,1,-0.010848317661015905,9,18,27,load_extrapolation
0,208,knn,3,8,7.285714285714286,150.0,1153.3708205133214,scale+thin,1,-0.010848317661015905,9,55,64,load_extrapolation
0,208,knn,1,9,7.285714285714286,165.71428571428572,1218.9044722408655,none,1,-0.0051808521610364755,3,0,3,load_extrapolation
0,208,knn,1,9,7.285714285714286,165.71428571428572,1218.9044722408655,scale,1,-0.0058182989070363345,3,18,21,load_extrapolation
0,208,knn,1,9,7.285714285714286,165.71428571428572,1218.9044722408655,scale+thin,1,-0.0058182989070363345,3,55,58,load_extrapolation
0,208,knn,2,9,7.285714285714286,165.71428571428572,1218.9044722408655,none,1,-0.0051808521610364755,6,0,6,load_extrapolation
0,208,knn,2,9,7.285714285714286,165.71428571428572,1218.9044722408655,scale,1,-0.0058182989070363345,6,18,24,load_extrapolation
0,208,knn,2,9,7.285714285714286,165.71428571428572,1218.9044722408655,scale+thin,1,-0.0058182989070363345,6,55,61,load_extrapolation
0,208,knn,3,9,7.285714285714286,165.71428571428572,1218.9044722408655,none,1,-0.0051808521610364755,9,0,9,load_extrapolation
0,208,knn,3,9,7.285714285714286,165.71428571428572,1218.9044722408655,scale,1,-0.0058182989070363345,9,18,27,load_extrapolation
0,208,knn,3,9,7.285714285714286,165.71428571428572,1218.9044722408655,scale+thin,1,-0.0058182989070363345,9,55,64,load_extrapolation
0,208,knn,1,10,7.285714285714286,181.42857142857144,1289.0609260869776,none,1,-0.006438169864198873,3,0,3,load_extrapolation
0,208,knn,1,10,7.285714285714286,181.42857142857144,1289.0609260869776,scale,1,-0.0066428267543701125,3,18,21,load_extrapolation
0,208,knn,1,10,7.285714285714286,181.42857142857144,1289.0609260869776,scale+thin,1,-0.0066428267543701125,3,56,59,load_extrapolation
0,208,knn,2,10,7.285714285714286,181.42857142857144,1289.0609260869776,none,1,-0.006438169864198873,6,0,6,load_extrapolation
0,208,knn,2,10,7.285714285714286,181.42857142857144,1289.0609260869776,scale,1,-0.0066428267543701125,6,18,24,load_extrapolation
0,208,knn,2,10,7.285714285714286,181.42857142857144,1289.0609260869776,scale+thin,1,-0.0066428267543701125,6,56,62,load_extrapolation
0,208,knn,3,10,7.285714285714286,181.42857142857144,1289.0609260869776,none,1,-0.006438169864198873,9,0,9,load_extrapolation
0,208,knn,3,10,7.285714285714286,181.42857142857144,1289.0609260869776,scale,1,-0.0066428267543701125,9,18,27,load_extrapolation
0,208,knn,3,10,7.285714285714286,181.42857142857144,1289.0609260869776,scale+thin,1,-0.0066428267543701125,9,56,65,load_extrapolation
0,208,knn,1,11,7.285714285714286,197.14285714285717,1353.7155222893743,none,1,-0.003666956492287321,3,0,3,load_extrapolation
0,208,knn,1,11,7.285714285714286,197.14285714285717,1353.7155222893743,scale,1,-0.004806842955838664,3,18,21,load_extrapolation
0,208,knn,1,11,7.285714285714286,197.14285714285717,1353.7155222893743,scale+thin,1,-0.004806842955838664,3,56,59,load_extrapolation
0,208,knn,2,11,7.285714285714286,197.14285714285717,1353.7155222893743,none,1,-0.003666956492287321,6,0,6,load_extrapolation
0,208,knn,2,11,7.285714285714286,197.14285714285717,1353.7155222893743,scale,1,-0.004806842955838664,6,18,24,load_extrapolation
0,208,knn,2,11,7.285714285714286,197.14285714285717,1353.7155222893743,scale+thin,1,-0.004806842955838664,6,56,62,load_extrapolation
0,208,knn,3,11,7.285714285714286,197.14285714285717,1353.7155222893743,none,1,-0.003666956492287321,9,0,9,load_extrapolation
0,208,knn,3,11,7.285714285714286,197.14285714285717,1353.7155222893743,scale,1,-0.004806842955838664,9,18,27,load_extrapolation
0,208,knn,3,11,7.285714285714286,197.14285714285717,1353.7155222893743,scale+thin,1,-0.004806842955838664,9,56,65,load_extrapolation
0,208,knn,1,12,7.285714285714286,212.8571428571429,1426.808505633445,none,1,-0.00880241285115324,6,0,6,load_extrapolation
0,208,knn,1,12,7.285714285714286,212.8571428571429,1426.808505633445,scale,1,-0.010321839841876845,6,18,24,load_extrapolation
0,208,knn,1,12,7.285714285714286,212.8571428571429,1426.808505633445,scale+thin,1,-0.010321839841876845,6,57,63,load_extrapolation
0,208,knn,2,12,7.285714285714286,212.8571428571429,1426.808505633445,none,1,-0.00880241285115324,9,0,9,load_extrapolation
0,208,knn,2,12,7.285714285714286,212.8571428571429,1426.808505633445,scale,1,-0.010321839841876845,9,18,27,load_extrapolation
0,208,knn,2,12,7.285714285714286,212.8571428571429,1426.808505633445,scale+thin,1,-0.010321839841876845,9,57,66,load_extrapolation
0,208,knn,3,12,7.285714285714286,212.8571428571429,1426.808505633445,none,1,-0.00880241285115324,12,0,12,load_extrapolation
0,208,knn,3,12,7.285714285714286,212.8571428571429,1426.808505633445,scale,1,-0.010321839841876845,12,18,30,load_extrapolation
0,208,knn,3,12,7.285714285714286,212.8571428571429,1426.808505633445,scale+thin,1,-0.010321839841876845,12,57,69,load_extrapolation
0,208,knn,1,13,7.285714285714286,228.57142857142856,1481.0244610123186,none,1,-0.0037313044785660665,5,0,5,load_extrapolation
0,208,knn,1,13,7.285714285714286,228.57142857142856,1481.0244610123186,scale,1,-0.0038225135141564115,5,18,23,load_extrapolation
0,208,knn,1,13,7.285714285714286,228.57142857142856,1481.0244610123186,scale+thin,1,-0.0038225135141564115,5,57,62,load_extrapolation
0,208,knn,2,13,7.285714285714286,228.57142857142856,1481.0244610123186,none,1,-0.0037313044785660665,8,0,8,load_extrapolation
0,208,knn,2,13,7.285714285714286,228.57142857142856,1481.0244610123186,scale,1,-0.0038225135141564115,8,18,26,load_extrapolation
0,208,knn,2,13,7.285714285714286,228.57142857142856,1481.0244610123186,scale+thin,1,-0.0038225135141564115,8,57,65,load_extrapolation
0,208,knn,3,13,7.285714285714286,228.57142857142856,1481.0244610123186,none,1,-0.0037313044785660665,11,0,11,load_extrapolation
0,208,knn,3,13,7.285714285714286,228.57142857142856,1481.0244610123186,scale,1,-0.0038225135141564115,11,18,29,load_extrapolation
0,208,knn,3,13,7.285714285714286,228.57142857142856,1481.0244610123186,scale+thin,1,-0.0038225135141564115,11,57,68,load_extrapolation
0,208,knn,1,14,7.285714285714286,244.28571428571428,1543.6092503419804,none,1,-0.0026187159113520986,5,0,5,load_extrapolation
0,208,knn,1,14,7.285714285714286,244.28571428571428,1543.6092503419804,scale,1,-0.004170432628859189,5,18,23,load_extrapolation
0,208,knn,1,14,7.285714285714286,244.28571428571428,1543.6092503419804,scale+thin,1,-0.004170432628859189,5,58,63,load_extrapolation
0,208,knn,2,14,7.285714285714286,244.28571428571428,1543.6092503419804,none,1,-0.0026187159113520986,8,0,8,load_extrapolation
0,208,knn,2,14,7.285714285714286,244.28571428571428,1543.6092503419804,scale,1,-0.004170432628859189,8,18,26,load_extrapolation
0,208,knn,2,14,7.285714285714286,244.28571428571428,1543.6092503419804,scale+thin,1,-0.004170432628859189,8,58,66,load_extrapolation
0,208,knn,3,14,7.285714285714286,244.28571428571428,1543.6092503419804,none,1,-0.0026187159113520986,11,0,11,load_extrapolation
0,208,knn,3,14,7.285714285714286,244.28571428571428,1543.6092503419804,scale,1,-0.004170432628859189,11,18,29,load_extrapolation
0,208,knn,3,14,7.285714285714286,244.28571428571428,1543.6092503419804,scale+thin,1,-0.004170432628859189,11,58,69,load_extrapolation
0,208,knn,1,15,7.285714285714286,260.0,1618.4847454305025,none,1,-0.010673241235817144,5,0,5,load_extrapolation
0,208,knn,1,15,7.285714285714286,260.0,1618.4847454305025,scale,1,-0.012212426796186504,5,18,23,load_extrapolation
0,208,knn,1,15,7.285714285714286,260.0,1618.4847454305025,scale+thin,1,-0.012212426796186504,5,58,63,load_extrapolation
0,208,knn,2,15,7.285714285714286,260.0,1618.4847454305025,none,1,-0.010673241235817144,8,0,8,load_extrapolation
0,208,knn,2,15,7.285714285714286,260.0,1618.4847454305025,scale,1,-0.012212426796186504,8,18,26,load_extrapolation
0,208,knn,2,15,7.285714285714286,260.0,1618.4847454305025,scale+thin,1,-0.012212426796186504,8,58,66,load_extrapolation
0,208,knn,3,15,7.285714285714286,260.0,1618.4847454305025,none,1,-0.010673241235817144,11,0,11,load_extrapolation
0,208,knn,3,15,7.285714285714286,260.0,1618.4847454305025,scale,1,-0.012212426796186504,11,18,29,load_extrapolation
0,208,knn,3,15,7.285714285714286,260.0,1618.4847454305025,scale+thin,1,-0.012212426796186504,11,58,69,load_extrapolation
0,208,knn,1,16,8.571428571428571,150.0,1686.3433188884542,none,1,0.0003823736026535851,3,0,3,load_extrapolation
0,208,knn,1,16,8.571428571428571,150.0,1686.3433188884542,scale,1,-0.0011282534243636233,3,18,21,load_extrapolation
0,208,knn,1,16,8.571428571428571,150.0,1686.3433188884542,scale+thin,1,-0.0011282534243636233,3,57,60,load_extrapolation
0,208,knn,2,16,8.571428571428571,150.0,1686.3433188884542,none,1,0.0003823736026535851,6,0,6,load_extrapolation
0,208,knn,2,16,8.571428571428571,150.0,1686.3433188884542,scale,1,-0.0011282534243636233,6,18,24,load_extrapolation
0,208,knn,2,16,8.571428571428571,150.0,1686.3433188884542,scale+thin,1,-0.0011282534243636233,6,57,63,load_extrapolation
0,208,knn,3,16,8.571428571428571,150.0,1686.3433188884542,none,1,0.0003823736026535851,9,0,9,load_extrapolation
0,208,knn,3,16,8.571428571428571,150.0,1686.3433188884542,scale,1,-0.0011282534243636233,9,18,27,load_extrapolation
0,208,knn,3,16,8.571428571428571,150.0,1686.3433188884542,scale+thin,1,-0.0011282534243636233,9,57,66,load_extrapolation
0,208,knn,1,17,8.571428571428571,165.71428571428572,1809.7430894999927,none,1,-0.010223041092002672,3,0,3,load_extrapolation
0,208,knn,1,17,8.571428571428571,165.71428571428572,1809.7430894999927,scale,1,-0.011762927069655205,3,18,21,load_extrapolation
0,208,knn,1,17,8.571428571428571,165.71428571428572,1809.7430894999927,scale+thin,1,-0.011762927069655205,3,58,61,load_extrapolation
0,208,knn,2,17,8.571428571428571,165.71428571428572,1809.7430894999927,none,1,-0.010223041092002672,6,0,6,load_extrapolation
0,208,knn,2,17,8.571428571428571,165.71428571428572,1809.7430894999927,scale,1,-0.011762927069655205,6,18,24,load_extrapolation
0,208,knn,2,17,8.571428571428571,165.71428571428572,1809.7430894999927,scale+thin,1,-0.011762927069655205,6,58,64,load_extrapolation
0,208,knn,3,17,8.571428571428571,165.71428571428572,1809.7430894999927,none,1,-0.010223041092002672,9,0,9,load_extrapolation
0,208,knn,3,17,8.571428571428571,165.71428571428572,1809.7430894999927,scale,1,-0.011762927069655205,9,18,27,load_extrapolation
0,208,knn,3,17,8.571428571428571,165.71428571428572,1809.7430894999927,scale+thin,1,-0.011762927069655205,9,58,67,load_extrapolation
0,208,knn,1,18,8.571428571428571,181.42857142857144,1926.769836691324,none,1,-0.015226612479828372,2,0,2,load_extrapolation
0,208,knn,1,18,8.571428571428571,181.42857142857144,1926.769836691324,scale,1,-0.017411747359308505,2,18,20,load_extrapolation
0,208,knn,1,18,8.571428571428571,181.42857142857144,1926.769836691324,scale+thin,1,-0.017411747359308505,2,58,60,load_extrapolation
0,208,knn,2,18,8.571428571428571,181.42857142857144,1926.769836691324,none,1,-0.015226612479828372,5,0,5,load_extrapolation
0,208,knn,2,18,8.571428571428571,181.42857142857144,1926.769836691324,scale,1,-0.017411747359308505,5,18,23,load_extrapolation
0,208,knn,2,18,8.571428571428571,181.42857142857144,1926.769836691324,scale+thin,1,-0.017411747359308505,5,58,63,load_extrapolation
0,208,knn,3,18,8.571428571428571,181.42857142857144,1926.769836691324,none,1,-0.015226612479828372,8,0,8,load_extrapolation
0,208,knn,3,18,8.571428571428571,181.42857142857144,1926.769836691324,scale,1,-0.017411747359308505,8,18,26,load_extrapolation
0,208,knn,3,18,8.571428571428571,181.42857142857144,1926.769836691324,scale+thin,1,-0.017411747359308505,8,58,66,load_extrapolation
0,208,knn,1,19,8.571428571428571,197.14285714285717,2004.21381384588,none,1,0.008397098098757327,8,0,8,load_extrapolation
0,208,knn,1,19,8.571428571428571,197.14285714285717,2004.21381384588,scale,1,0.008027845861237504,8,18,26,load_extrapolation
0,208,knn,1,19,8.571428571428571,197.14285714285717,2004.21381384588,scale+thin,1,0.008027845861237504,8,59,67,load_extrapolation
0,208,knn,2,19,8.571428571428571,197.14285714285717,2004.21381384588,none,1,0.008397098098757327,11,0,11,load_extrapolation
0,208,knn,2,19,8.571428571428571,197.14285714285717,2004.21381384588,scale,1,0.008027845861237504,11,18,29,load_extrapolation
0,208,knn,2,19,8.571428571428571,197.14285714285717,2004.21381384588,scale+thin,1,0.008027845861237504,11,59,70,load_extrapolation
0,208,knn,3,19,8.571428571428571,197.14285714285717,2004.21381384588,none,1,0.008397098098757327,14,0,14,load_extrapolation
0,208,knn,3,19,8.571428571428571,197.14285714285717,2004.21381384588,scale,1,0.008027845861237504,14,18,32,load_extrapolation
0,208,knn,3,19,8.571428571428571,197.14285714285717,2004.21381384588,scale+thin,1,0.008027845861237504,14,59,73,load_extrapolation
0,208,knn,1,20,8.571428571428571,212.8571428571429,2119.4215005582246,none,0,,10,0,10,load_extrapolation
0,208,knn,1,20,8.571428571428571,212.8571428571429,2119.4215005582246,scale,1,0.029606294752966944,10,19,29,load_extrapolation
0,208,knn,1,20,8.571428571428571,212.8571428571429,2119.4215005582246,scale+thin,1,0.006809452118081483,10,80,90,load_extrapolation
0,208,knn,2,20,8.571428571428571,212.8571428571429,2119.4215005582246,none,1,0.01952657547410319,13,0,13,load_extrapolation
0,208,knn,2,20,8.571428571428571,212.8571428571429,2119.4215005582246,scale,1,0.017730563560592216,13,18,31,load_extrapolation
0,208,knn,2,20,8.571428571428571,212.8571428571429,2119.4215005582246,scale+thin,1,0.017730563560592216,13,57,70,load_extrapolation
0,208,knn,3,20,8.571428571428571,212.8571428571429,2119.4215005582246,none,1,0.01952657547410319,16,0,16,load_extrapolation
0,208,knn,3,20,8.571428571428571,212.8571428571429,2119.4215005582246,scale,1,0.017730563560592216,16,18,34,load_extrapolation
0,208,knn,3,20,8.571428571428571,212.8571428571429,2119.4215005582246,scale+thin,1,0.017730563560592216,16,57,73,load_extrapolation
0,208,knn,1,21,8.571428571428571,228.57142857142856,2258.167962393494,none,0,,10,0,10,load_extrapolation
0,208,knn,1,21,8.571428571428571,228.57142857142856,2258.167962393494,scale,1,0.03829633864602222,10,19,29,load_extrapolation
0,208,knn,1,21,8.571428571428571,228.57142857142856,2258.167962393494,scale+thin,1,0.01541939734438702,10,81,91,load_extrapolation
0,208,knn,2,21,8.571428571428571,228.57142857142856,2258.167962393494,none,1,-0.002694512873625432,15,0,15,load_extrapolation
0,208,knn,2,21,8.571428571428571,228.57142857142856,2258.167962393494,scale,1,-0.004154874586929425,15,18,33,load_extrapolation
0,208,knn,2,21,8.571428571428571,228.57142857142856,2258.167962393494,scale+thin,1,-0.004154874586929425,15,58,73,load_extrapolation
0,208,knn,3,21,8.571428571428571,228.57142857142856,2258.167962393494,none,1,-0.002694512873625432,18,0,18,load_extrapolation
0,208,knn,3,21,8.571428571428571,228.57142857142856,2258.167962393494,scale,1,-0.004154874586929425,18,18,36,load_extrapolation
0,208,knn,3,21,8.571428571428571,228.57142857142856,2258.167962393494,scale+thin,1,-0.004154874586929425,18,58,76,load_extrapolation
0,208,knn,1,22,8.571428571428571,244.28571428571428,2347.8753054507297,none,0,,10,0,10,load_extrapolation
0,208,knn,1,22,8.571428571428571,244.28571428571428,2347.8753054507297,scale,1,0.06784655909634485,10,19,29,load_extrapolation
0,208,knn,1,22,8.571428571428571,244.28571428571428,2347.8753054507297,scale+thin,1,0.04738642714223529,10,84,94,load_extrapolation
0,208,knn,2,22,8.571428571428571,244.28571428571428,2347.8753054507297,none,1,-0.0007801037020718216,13,0,13,load_extrapolation
0,208,knn,2,22,8.571428571428571,244.28571428571428,2347.8753054507297,scale,1,-0.0025860429196989942,13,18,31,load_extrapolation
0,208,knn,2,22,8.571428571428571,244.28571428571428,2347.8753054507297,scale+thin,1,-0.0025860429196989942,13,58,71,load_extrapolation
0,208,knn,3,22,8.571428571428571,244.28571428571428,2347.8753054507297,none,1,-0.0007801037020718216,16,0,16,load_extrapolation
0,208,knn,3,22,8.571428571428571,244.28571428571428,2347.8753054507297,scale,1,-0.0025860429196989942,16,18,34,load_extrapolation
0,208,knn,3,22,8.571428571428571,244.28571428571428,2347.8753054507297,scale+thin,1,-0.0025860429196989942,16,58,74,load_extrapolation
0,208,knn,1,23,8.571428571428571,260.0,2454.6466970028446,none,0,,10,0,10,load_extrapolation
0,208,knn,1,23,8.571428571428571,260.0,2454.6466970028446,scale,1,0.08762153566164699,10,19,29,load_extrapolation
0,208,knn,1,23,8.571428571428571,260.0,2454.6466970028446,scale+thin,1,0.06390218540505899,10,86,96,load_extrapolation
0,208,knn,2,23,8.571428571428571,260.0,2454.6466970028446,none,1,-0.005522163572683869,14,0,14,load_extrapolation
0,208,knn,2,23,8.571428571428571,260.0,2454.6466970028446,scale,1,-0.0069783847364042195,14,18,32,load_extrapolation
0,208,knn,2,23,8.571428571428571,260.0,2454.6466970028446,scale+thin,1,-0.0069783847364042195,14,58,72,load_extrapolation
0,208,knn,3,23,8.571428571428571,260.0,2454.6466970028446,none,1,-0.005522163572683869,19,0,19,load_extrapolation
0,208,knn,3,23,8.571428571428571,260.0,2454.6466970028446,scale,1,-0.0069783847364042195,19,18,37,load_extrapolation
0,208,knn,3,23,8.571428571428571,260.0,2454.6466970028446,scale+thin,1,-0.0069783847364042195,19,58,77,load_extrapolation
0,208,knn,1,24,9.857142857142858,150.0,2401.6635135318147,none,1,0.013873835212775187,10,0,10,load_extrapolation
0,208,knn,1,24,9.857142857142858,150.0,2401.6635135318147,scale,1,0.013502577517844339,10,18,28,load_extrapolation
0,208,knn,1,24,9.857142857142858,150.0,2401.6635135318147,scale+thin,1,-0.0010295628269072488,10,77,87,load_extrapolation
0,208,knn,2,24,9.857142857142858,150.0,2401.6635135318147,none,1,0.013873835212775187,13,0,13,load_extrapolation
0,208,knn,2,24,9.857142857142858,150.0,2401.6635135318147,scale,1,0.013502577517844339,13,18,31,load_extrapolation
0,208,knn,2,24,9.857142857142858,150.0,2401.6635135318147,scale+thin,1,-0.0010295628269072488,13,77,90,load_extrapolation
0,208,knn,3,24,9.857142857142858,150.0,2401.6635135318147,none,1,0.013873835212775187,16,0,16,load_extrapolation
0,208,knn,3,24,9.857142857142858,150.0,2401.6635135318147,scale,1,0.013502577517844339,16,18,34,load_extrapolation
0,208,knn,3,24,9.857142857142858,150.0,2401.6635135318147,scale+thin,1,-0.0010295628269072488,16,77,93,load_extrapolation
0,208,knn,1,25,9.857142857142858,165.71428571428572,2596.489349148936,none,0,,10,0,10,load_extrapolation
0,208,knn,1,25,9.857142857142858,165.71428571428572,2596.489349148936,scale,1,0.03506877924346807,10,19,29,load_extrapolation
0,208,knn,1,25,9.857142857142858,165.71428571428572,2596.489349148936,scale+thin,1,0.02060369388432659,10,81,91,load_extrapolation
0,208,knn,2,25,9.857142857142858,165.71428571428572,2596.489349148936,none,1,0.019882776826008586,13,0,13,load_extrapolation
0,208,knn,2,25,9.857142857142858,165.71428571428572,2596.489349148936,scale,1,0.018436007890928252,13,18,31,load_extrapolation
0,208,knn,2,25,9.857142857142858,165.71428571428572,2596.489349148936,scale+thin,1,0.018436007890928252,13,58,71,load_extrapolation
0,208,knn,3,25,9.857142857142858,165.71428571428572,2596.489349148936,none,1,0.019882776826008586,16,0,16,load_extrapolation
0,208,knn,3,25,9.857142857142858,165.71428571428572,2596.489349148936,scale,1,0.018436007890928252,16,18,34,load_extrapolation
0,208,knn,3,25,9.857142857142858,165.71428571428572,2596.489349148936,scale+thin,1,0.018436007890928252,16,58,74,load_extrapolation
0,208,knn,1,26,9.857142857142858,181.42857142857144,2778.4364695846,none,0,,10,0,10,load_extrapolation
0,208,knn,1,26,9.857142857142858,181.42857142857144,2778.4364695846,scale,1,0.06479704536923392,10,19,29,load_extrapolation
0,208,knn,1,26,9.857142857142858,181.42857142857144,2778.4364695846,scale+thin,1,0.04383753469693952,10,84,94,load_extrapolation
0,208,knn,2,26,9.857142857142858,181.42857142857144,2778.4364695846,none,1,0.0006428076422142492,14,0,14,load_extrapolation
0,208,knn,2,26,9.857142857142858,181.42857142857144,2778.4364695846,scale,1,-0.0007537813893156997,14,18,32,load_extrapolation
0,208,knn,2,26,9.857142857142858,181.42857142857144,2778.4364695846,scale+thin,1,-0.0007537813893156997,14,58,72,load_extrapolation
0,208,knn,3,26,9.857142857142858,181.42857142857144,2778.4364695846,none,1,0.0006428076422142492,17,0,17,load_extrapolation
0,208,knn,3,26,9.857142857142858,181.42857142857144,2778.4364695846,scale,1,-0.0007537813893156997,17,18,35,load_extrapolation
0,208,knn,3,26,9.857142857142858,181.42857142857144,2778.4364695846,scale+thin,1,-0.0007537813893156997,17,58,75,load_extrapolation
0,208,knn,1,27,9.857142857142858,197.14285714285717,2934.59017073786,none,0,,10,0,10,load_extrapolation
0,208,knn,1,27,9.857142857142858,197.14285714285717,2934.59017073786,scale,1,0.09473001139920889,10,19,29,load_extrapolation
0,208,knn,1,27,9.857142857142858,197.14285714285717,2934.59017073786,scale+thin,1,0.0733615305779205,10,86,96,load_extrapolation
0,208,knn,2,27,9.857142857142858,197.14285714285717,2934.59017073786,none,1,0.010484152615992892,19,0,19,load_extrapolation
0,208,knn,2,27,9.857142857142858,197.14285714285717,2934.59017073786,scale,1,0.010091012366682639,19,18,37,load_extrapolation
0,208,knn,2,27,9.857142857142858,197.14285714285717,2934.59017073786,scale+thin,1,0.002166161872564798,19,59,78,load_extrapolation
0,208,knn,3,27,9.857142857142858,197.14285714285717,2934.59017073786,none,1,0.010484152615992892,22,0,22,load_extrapolation
0,208,knn,3,27,9.857142857142858,197.14285714285717,2934.59017073786,scale,1,0.010091012366682639,22,18,40,load_extrapolation
0,208,knn,3,27,9.857142857142858,197.14285714285717,2934.59017073786,scale+thin,1,0.002166161872564798,22,59,81,load_extrapolation
0,208,knn,1,28,9.857142857142858,212.8571428571429,3092.903946849261,none,0,,10,0,10,load_extrapolation
0,208,knn,1,28,9.857142857142858,212.8571428571429,3092.903946849261,scale,1,0.12060569653486897,10,19,29,load_extrapolation
0,208,knn,1,28,9.857142857142858,212.8571428571429,3092.903946849261,scale+thin,1,0.11301688926377174,10,72,82,load_extrapolation
0,208,knn,2,28,9.857142857142858,212.8571428571429,3092.903946849261,none,0,,20,0,20,load_extrapolation
0,208,knn,2,28,9.857142857142858,212.8571428571429,3092.903946849261,scale,1,0.03311131050097327,20,19,39,load_extrapolation
0,208,knn,2,28,9.857142857142858,212.8571428571429,3092.903946849261,scale+thin,1,0.01105493682057146,20,80,100,load_extrapolation
0,208,knn,3,28,9.857142857142858,212.8571428571429,3092.903946849261,none,1,0.27684906578168,27,0,27,load_extrapolation
0,208,knn,3,28,9.857142857142858,212.8571428571429,3092.903946849261,scale,1,0.2765276137017225,27,18,45,load_extrapolation
0,208,knn,3,28,9.857142857142858,212.8571428571429,3092.903946849261,scale+thin,1,0.2480242130683843,27,59,86,load_extrapolation
0,208,knn,1,29,9.857142857142858,228.57142857142856,3278.0505051710666,none,0,,10,0,10,load_extrapolation
0,208,knn,1,29,9.857142857142858,228.57142857142856,3278.0505051710666,scale,1,0.13437077742251313,10,19,29,load_extrapolation
0,208,knn,1,29,9.857142857142858,228.57142857142856,3278.0505051710666,scale+thin,1,0.1267628212346792,10,72,82,load_extrapolation
0,208,knn,2,29,9.857142857142858,228.57142857142856,3278.0505051710666,none,0,,20,0,20,load_extrapolation
0,208,knn,2,29,9.857142857142858,228.57142857142856,3278.0505051710666,scale,1,0.045218973858646594,20,19,39,load_extrapolation
0,208,knn,2,29,9.857142857142858,228.57142857142856,3278.0505051710666,scale+thin,1,0.02310908513260279,20,81,101,load_extrapolation
0,208,knn,3,29,9.857142857142858,228.57142857142856,3278.0505051710666,none,1,0.2910099577852825,30,0,30,load_extrapolation
0,208,knn,3,29,9.857142857142858,228.57142857142856,3278.0505051710666,scale,1,0.2910099577852825,30,18,48,load_extrapolation
0,208,knn,3,29,9.857142857142858,228.57142857142856,3278.0505051710666,scale+thin,1,0.2627100541372098,30,77,107,load_extrapolation
0,208,knn,1,30,9.857142857142858,244.28571428571428,3503.3130527973344,none,0,,10,0,10,load_extrapolation
0,208,knn,1,30,9.857142857142858,244.28571428571428,3503.3130527973344,scale,1,0.1333315286851664,10,19,29,load_extrapolation
0,208,knn,1,30,9.857142857142858,244.28571428571428,3503.3130527973344,scale+thin,1,0.1303935156799303,10,74,84,load_extrapolation
0,208,knn,2,30,9.857142857142858,244.28571428571428,3503.3130527973344,none,0,,20,0,20,load_extrapolation
0,208,knn,2,30,9.857142857142858,244.28571428571428,3503.3130527973344,scale,1,0.043637639660836225,20,19,39,load_extrapolation
0,208,knn,2,30,9.857142857142858,244.28571428571428,3503.3130527973344,scale+thin,1,0.02176583815320332,20,84,104,load_extrapolation
0,208,knn,3,30,9.857142857142858,244.28571428571428,3503.3130527973344,none,0,,30,0,30,load_extrapolation
0,208,knn,3,30,9.857142857142858,244.28571428571428,3503.3130527973344,scale,1,0.28883932651667266,30,19,49,load_extrapolation
0,208,knn,3,30,9.857142857142858,244.28571428571428,3503.3130527973344,scale+thin,1,0.2608490722407877,30,81,111,load_extrapolation
0,208,knn,1,31,9.857142857142858,260.0,3720.59576057169,none,0,,10,0,10,load_extrapolation
0,208,knn,1,31,9.857142857142858,260.0,3720.59576057169,scale,1,0.1505075274756884,10,19,29,load_extrapolation
0,208,knn,1,31,9.857142857142858,260.0,3720.59576057169,scale+thin,1,0.1505075274756884,10,59,69,load_extrapolation
0,208,knn,2,31,9.857142857142858,260.0,3720.59576057169,none,0,,20,0,20,load_extrapolation
0,208,knn,2,31,9.857142857142858,260.0,3720.59576057169,scale,1,0.044195689921519676,20,19,39,load_extrapolation
0,208,knn,2,31,9.857142857142858,260.0,3720.59576057169,scale+thin,1,0.022515821707812966,20,86,106,load_extrapolation
0,208,knn,3,31,9.857142857142858,260.0,3720.59576057169,none,0,,30,0,30,load_extrapolation
0,208,knn,3,31,9.857142857142858,260.0,3720.59576057169,scale,1,0.28930209480846036,30,19,49,load_extrapolation
0,208,knn,3,31,9.857142857142858,260.0,3720.59576057169,scale+thin,1,0.2615587306973117,30,83,113,load_extrapolation
0,208,knn,1,32,11.142857142857142,150.0,3412.4966998531304,none,1,0.03108287898617146,3,0,3,load_extrapolation
0,208,knn,1,32,11.142857142857142,150.0,3412.4966998531304,scale,1,0.029596639255514035,3,18,21,load_extrapolation
0,208,knn,1,32,11.142857142857142,150.0,3412.4966998531304,scale+thin,1,0.0014911850457610676,3,79,82,load_extrapolation
0,208,knn,2,32,11.142857142857142,150.0,3412.4966998531304,none,1,0.03108287898617146,13,0,13,load_extrapolation
0,208,knn,2,32,11.142857142857142,150.0,3412.4966998531304,scale,1,0.029596639255514035,13,18,31,load_extrapolation
0,208,knn,2,32,11.142857142857142,150.0,3412.4966998531304,scale+thin,1,0.0014911850457610676,13,79,92,load_extrapolation
0,208,knn,3,32,11.142857142857142,150.0,3412.4966998531304,none,1,0.03108287898617146,16,0,16,load_extrapolation
0,208,knn,3,32,11.142857142857142,150.0,3412.4966998531304,scale,1,0.029596639255514035,16,18,34,load_extrapolation
0,208,knn,3,32,11.142857142857142,150.0,3412.4966998531304,scale+thin,1,0.0014911850457610676,16,79,95,load_extrapolation
0,208,knn,1,33,11.142857142857142,165.71428571428572,3681.539358959639,none,1,0.010660597774898584,3,0,3,load_extrapolation
0,208,knn,1,33,11.142857142857142,165.71428571428572,3681.539358959639,scale,1,0.009273143164461928,3,18,21,load_extrapolation
0,208,knn,1,33,11.142857142857142,165.71428571428572,3681.539358959639,scale+thin,1,0.009273143164461928,3,80,83,load_extrapolation
0,208,knn,2,33,11.142857142857142,165.71428571428572,3681.539358959639,none,1,0.010660597774898584,13,0,13,load_extrapolation
0,208,knn,2,33,11.142857142857142,165.71428571428572,3681.539358959639,scale,1,0.009273143164461928,13,18,31,load_extrapolation
0,208,knn,2,33,11.142857142857142,165.71428571428572,3681.539358959639,scale+thin,1,0.009273143164461928,13,80,93,load_extrapolation
0,208,knn,3,33,11.142857142857142,165.71428571428572,3681.539358959639,none,1,0.010660597774898584,16,0,16,load_extrapolation
0,208,knn,3,33,11.142857142857142,165.71428571428572,3681.539358959639,scale,1,0.009273143164461928,16,18,34,load_extrapolation
0,208,knn,3,33,11.142857142857142,165.71428571428572,3681.539358959639,scale+thin,1,0.009273143164461928,16,80,96,load_extrapolation
0,208,knn,1,34,11.142857142857142,181.42857142857144,4001.813446814073,none,1,-0.000994641007326047,4,0,4,load_extrapolation
0,208,knn,1,34,11.142857142857142,181.42857142857144,4001.813446814073,scale,1,-0.0011318288056016979,4,18,22,load_extrapolation
0,208,knn,1,34,11.142857142857142,181.42857142857144,4001.813446814073,scale+thin,1,-0.0011318288056016979,4,83,87,load_extrapolation
0,208,knn,2,34,11.142857142857142,181.42857142857144,4001.813446814073,none,1,-0.000994641007326047,14,0,14,load_extrapolation
0,208,knn,2,34,11.142857142857142,181.42857142857144,4001.813446814073,scale,1,-0.0011318288056016979,14,18,32,load_extrapolation
0,208,knn,2,34,11.142857142857142,181.42857142857144,4001.813446814073,scale+thin,1,-0.0011318288056016979,14,83,97,load_extrapolation
0,208,knn,3,34,11.142857142857142,181.42857142857144,4001.813446814073,none,1,-0.000994641007326047,17,0,17,load_extrapolation
0,208,knn,3,34,11.142857142857142,181.42857142857144,4001.813446814073,scale,1,-0.0011318288056016979,17,18,35,load_extrapolation
0,208,knn,3,34,11.142857142857142,181.42857142857144,4001.813446814073,scale+thin,1,-0.0011318288056016979,17,83,100,load_extrapolation
0,208,knn,1,35,11.142857142857142,197.14285714285717,4332.975062229721,none,1,-0.0014979808138225748,10,0,10,load_extrapolation
0,208,knn,1,35,11.142857142857142,197.14285714285717,4332.975062229721,scale,1,-0.0016808036247466518,10,18,28,load_extrapolation
0,208,knn,1,35,11.142857142857142,197.14285714285717,4332.975062229721,scale+thin,1,-0.0016808036247466518,10,85,95,load_extrapolation
0,208,knn,2,35,11.142857142857142,197.14285714285717,4332.975062229721,none,1,-0.0014979808138225748,20,0,20,load_extrapolation
0,208,knn,2,35,11.142857142857142,197.14285714285717,4332.975062229721,scale,1,-0.0016808036247466518,20,18,38,load_extrapolation
0,208,knn,2,35,11.142857142857142,197.14285714285717,4332.975062229721,scale+thin,1,-0.0016808036247466518,20,85,105,load_extrapolation
0,208,knn,3,35,11.142857142857142,197.14285714285717,4332.975062229721,none,1,-0.0014979808138225748,22,0,22,load_extrapolation
0,208,knn,3,35,11.142857142857142,197.14285714285717,4332.975062229721,scale,1,-0.0016808036247466518,22,18,40,load_extrapolation
0,208,knn,3,35,11.142857142857142,197.14285714285717,4332.975062229721,scale+thin,1,-0.0016808036247466518,22,85,107,load_extrapolation
0,208,knn,1,36,11.142857142857142,212.8571428571429,4658.140801057062,none,0,,10,0,10,load_extrapolation
0,208,knn,1,36,11.142857142857142,212.8571428571429,4658.140801057062,scale,1,-0.0017268942092375505,10,19,29,load_extrapolation
0,208,knn,1,36,11.142857142857142,212.8571428571429,4658.140801057062,scale+thin,1,-0.0017268942092375505,10,71,81,load_extrapolation
0,208,knn,2,36,11.142857142857142,212.8571428571429,4658.140801057062,none,0,,20,0,20,load_extrapolation
0,208,knn,2,36,11.142857142857142,212.8571428571429,4658.140801057062,scale,1,-0.0017268942092375505,20,19,39,load_extrapolation
0,208,knn,2,36,11.142857142857142,212.8571428571429,4658.140801057062,scale+thin,1,-0.0017268942092375505,20,71,91,load_extrapolation
0,208,knn,3,36,11.142857142857142,212.8571428571429,4658.140801057062,none,1,0.24035721931233223,30,0,30,load_extrapolation
0,208,knn,3,36,11.142857142857142,212.8571428571429,4658.140801057062,scale,1,0.23978949381564618,30,18,48,load_extrapolation
0,208,knn,3,36,11.142857142857142,212.8571428571429,4658.140801057062,scale+thin,1,0.23978949381564618,30,85,115,load_extrapolation
0,208,knn,1,37,11.142857142857142,228.57142857142856,5137.886749115688,none,0,,10,0,10,load_extrapolation
0,208,knn,1,37,11.142857142857142,228.57142857142856,5137.886749115688,scale,1,4.0350280317014153e-07,10,20,30,load_extrapolation
0,208,knn,1,37,11.142857142857142,228.57142857142856,5137.886749115688,scale+thin,1,4.0350280317014153e-07,10,73,83,load_extrapolation
0,208,knn,2,37,11.142857142857142,228.57142857142856,5137.886749115688,none,0,,20,0,20,load_extrapolation
0,208,knn,2,37,11.142857142857142,228.57142857142856,5137.886749115688,scale,1,4.0350280317014153e-07,20,20,40,load_extrapolation
0,208,knn,2,37,11.142857142857142,228.57142857142856,5137.886749115688,scale+thin,1,4.0350280317014153e-07,20,73,93,load_extrapolation
0,208,knn,3,37,11.142857142857142,228.57142857142856,5137.886749115688,none,0,,30,0,30,load_extrapolation
0,208,knn,3,37,11.142857142857142,228.57142857142856,5137.886749115688,scale,1,0.20100214675748562,30,19,49,load_extrapolation
0,208,knn,3,37,11.142857142857142,228.57142857142856,5137.886749115688,scale+thin,1,0.20100214675748562,30,70,100,load_extrapolation
0,208,knn,1,38,11.142857142857142,244.28571428571428,6871.433005819378,none,0,,10,0,10,load_extrapolation
0,208,knn,1,38,11.142857142857142,244.28571428571428,6871.433005819378,scale,0,,10,9,19,load_extrapolation
0,208,knn,1,38,11.142857142857142,244.28571428571428,6871.433005819378,scale+thin,0,,10,33,43,load_extrapolation
0,208,knn,2,38,11.142857142857142,244.28571428571428,6871.433005819378,none,0,,20,0,20,load_extrapolation
0,208,knn,2,38,11.142857142857142,244.28571428571428,6871.433005819378,scale,0,,20,9,29,load_extrapolation
0,208,knn,2,38,11.142857142857142,244.28571428571428,6871.433005819378,scale+thin,0,,20,33,53,load_extrapolation
0,208,knn,3,38,11.142857142857142,244.28571428571428,6871.433005819378,none,0,,30,0,30,load_extrapolation
0,208,knn,3,38,11.142857142857142,244.28571428571428,6871.433005819378,scale,1,-2.835579664317578e-05,30,20,50,load_extrapolation
0,208,knn,3,38,11.142857142857142,244.28571428571428,6871.433005819378,scale+thin,1,-2.882814861138172e-05,30,73,103,load_extrapolation
0,208,knn,1,39,11.142857142857142,260.0,8337.065935629631,none,0,,10,0,10,load_extrapolation
0,208,knn,1,39,11.142857142857142,260.0,8337.065935629631,scale,0,,10,9,19,load_extrapolation
0,208,knn,1,39,11.142857142857142,260.0,8337.065935629631,scale+thin,0,,10,33,43,load_extrapolation
0,208,knn,2,39,11.142857142857142,260.0,8337.065935629631,none,0,,20,0,20,load_extrapolation
0,208,knn,2,39,11.142857142857142,260.0,8337.065935629631,scale,0,,20,9,29,load_extrapolation
0,208,knn,2,39,11.142857142857142,260.0,8337.065935629631,scale+thin,0,,20,33,53,load_extrapolation
0,208,knn,3,39,11.142857142857142,260.0,8337.065935629631,none,0,,30,0,30,load_extrapolation
0,208,knn,3,39,11.142857142857142,260.0,8337.065935629631,scale,0,,30,9,39,load_extrapolation
0,208,knn,3,39,11.142857142857142,260.0,8337.065935629631,scale+thin,0,,30,33,63,load_extrapolation
0,208,knn,1,40,12.428571428571429,150.0,4886.521183652799,none,1,-0.0018420042173317164,10,0,10,load_extrapolation
0,208,knn,1,40,12.428571428571429,150.0,4886.521183652799,scale,1,-0.00211613767434482,10,18,28,load_extrapolation
0,208,knn,1,40,12.428571428571429,150.0,4886.521183652799,scale+thin,1,-0.00211613767434482,10,85,95,load_extrapolation
0,208,knn,2,40,12.428571428571429,150.0,4886.521183652799,none,1,-0.0018420042173317164,20,0,20,load_extrapolation
0,208,knn,2,40,12.428571428571429,150.0,4886.521183652799,scale,1,-0.00211613767434482,20,18,38,load_extrapolation
0,208,knn,2,40,12.428571428571429,150.0,4886.521183652799,scale+thin,1,-0.00211613767434482,20,85,105,load_extrapolation
0,208,knn,3,40,12.428571428571429,150.0,4886.521183652799,none,1,-0.0018420042173317164,25,0,25,load_extrapolation
0,208,knn,3,40,12.428571428571429,150.0,4886.521183652799,scale,1,-0.00211613767434482,25,18,43,load_extrapolation
0,208,knn,3,40,12.428571428571429,150.0,4886.521183652799,scale+thin,1,-0.00211613767434482,25,85,110,load_extrapolation
0,208,knn,1,41,12.428571428571429,165.71428571428572,5340.456835444255,none,0,,10,0,10,load_extrapolation
0,208,knn,1,41,12.428571428571429,165.71428571428572,5340.456835444255,scale,1,-0.0007585440392883225,10,19,29,load_extrapolation
0,208,knn,1,41,12.428571428571429,165.71428571428572,5340.456835444255,scale+thin,1,-0.0007585440392883225,10,72,82,load_extrapolation
0,208,knn,2,41,12.428571428571429,165.71428571428572,5340.456835444255,none,0,,20,0,20,load_extrapolation
0,208,knn,2,41,12.428571428571429,165.71428571428572,5340.456835444255,scale,1,-0.0007585440392883225,20,19,39,load_extrapolation
0,208,knn,2,41,12.428571428571429,165.71428571428572,5340.456835444255,scale+thin,1,-0.0007585440392883225,20,72,92,load_extrapolation
0,208,knn,3,41,12.428571428571429,165.71428571428572,5340.456835444255,none,1,0.25019594081666763,30,0,30,load_extrapolation
0,208,knn,3,41,12.428571428571429,165.71428571428572,5340.456835444255,scale,1,0.24993842165118507,30,18,48,load_extrapolation
0,208,knn,3,41,12.428571428571429,165.71428571428572,5340.456835444255,scale+thin,1,0.24993842165118507,30,85,115,load_extrapolation
0,208,knn,1,42,12.428571428571429,181.42857142857144,7499.029230834781,none,0,,10,0,10,load_extrapolation
0,208,knn,1,42,12.428571428571429,181.42857142857144,7499.029230834781,scale,0,,10,9,19,load_extrapolation
0,208,knn,1,42,12.428571428571429,181.42857142857144,7499.029230834781,scale+thin,0,,10,33,43,load_extrapolation
0,208,knn,2,42,12.428571428571429,181.42857142857144,7499.029230834781,none,0,,20,0,20,load_extrapolation
0,208,knn,2,42,12.428571428571429,181.42857142857144,7499.029230834781,scale,0,,20,9,29,load_extrapolation
0,208,knn,2,42,12.428571428571429,181.42857142857144,7499.029230834781,scale+thin,0,,20,33,53,load_extrapolation
0,208,knn,3,42,12.428571428571429,181.42857142857144,7499.029230834781,none,0,,30,0,30,load_extrapolation
0,208,knn,3,42,12.428571428571429,181.42857142857144,7499.029230834781,scale,1,-4.564867137735185e-06,30,20,50,load_extrapolation
0,208,knn,3,42,12.428571428571429,181.42857142857144,7499.029230834781,scale+thin,1,-4.564867137735185e-06,30,73,103,load_extrapolation
0,208,knn,1,43,12.428571428571429,197.14285714285717,9997.68170860264,none,0,,10,0,10,load_extrapolation
0,208,knn,1,43,12.428571428571429,197.14285714285717,9997.68170860264,scale,0,,10,9,19,load_extrapolation
0,208,knn,1,43,12.428571428571429,197.14285714285717,9997.68170860264,scale+thin,0,,10,33,43,load_extrapolation
0,208,knn,2,43,12.428571428571429,197.14285714285717,9997.68170860264,none,0,,20,0,20,load_extrapolation
0,208,knn,2,43,12.428571428571429,197.14285714285717,9997.68170860264,scale,0,,20,9,29,load_extrapolation
0,208,knn,2,43,12.428571428571429,197.14285714285717,9997.68170860264,scale+thin,0,,20,33,53,load_extrapolation
0,208,knn,3,43,12.428571428571429,197.14285714285717,9997.68170860264,none,0,,30,0,30,load_extrapolation
0,208,knn,3,43,12.428571428571429,197.14285714285717,9997.68170860264,scale,0,,30,9,39,load_extrapolation
0,208,knn,3,43,12.428571428571429,197.14285714285717,9997.68170860264,scale+thin,0,,30,33,63,load_extrapolation
0,208,knn,1,44,12.428571428571429,212.8571428571429,12790.67961945902,none,0,,10,0,10,load_extrapolation
0,208,knn,1,44,12.428571428571429,212.8571428571429,12790.67961945902,scale,0,,10,9,19,load_extrapolation
0,208,knn,1,44,12.428571428571429,212.8571428571429,12790.67961945902,scale+thin,0,,10,33,43,load_extrapolation
0,208,knn,2,44,12.428571428571429,212.8571428571429,12790.67961945902,none,0,,20,0,20,load_extrapolation
0,208,knn,2,44,12.428571428571429,212.8571428571429,12790.67961945902,scale,0,,20,9,29,load_extrapolation
0,208,knn,2,44,12.428571428571429,212.8571428571429,12790.67961945902,scale+thin,0,,20,33,53,load_extrapolation
0,208,knn,3,44,12.428571428571429,212.8571428571429,12790.67961945902,none,0,,30,0,30,load_extrapolation
0,208,knn,3,44,12.428571428571429,212.8571428571429,12790.67961945902,scale,0,,30,9,39,load_extrapolation
0,208,knn,3,44,12.428571428571429,212.8571428571429,12790.67961945902,scale+thin,0,,30,33,63,load_extrapolation
0,208,knn,1,45,13.714285714285715,150.0,11343.005436312367,none,0,,10,0,10,load_extrapolation
0,208,knn,1,45,13.714285714285715,150.0,11343.005436312367,scale,0,,10,9,19,load_extrapolation
0,208,knn,1,45,13.714285714285715,150.0,11343.005436312367,scale+thin,0,,10,33,43,load_extrapolation
0,208,knn,2,45,13.714285714285715,150.0,11343.005436312367,none,1,0.18413409504031275,13,0,13,load_extrapolation
0,208,knn,2,45,13.714285714285715,150.0,11343.005436312367,scale,1,0.18257600364018756,13,18,31,load_extrapolation
0,208,knn,2,45,13.714285714285715,150.0,11343.005436312367,scale+thin,1,0.17608032707242338,13,83,96,load_extrapolation
0,208,knn,3,45,13.714285714285715,150.0,11343.005436312367,none,1,0.18413409504031275,23,0,23,load_extrapolation
0,208,knn,3,45,13.714285714285715,150.0,11343.005436312367,scale,1,0.18257600364018756,23,18,41,load_extrapolation
0,208,knn,3,45,13.714285714285715,150.0,11343.005436312367,scale+thin,1,0.17608032707242338,23,83,106,load_extrapolation
0,208,knn,1,46,13.714285714285715,165.71428571428572,15604.275186931443,none,0,,10,0,10,load_extrapolation
0,208,knn,1,46,13.714285714285715,165.71428571428572,15604.275186931443,scale,0,,10,9,19,load_extrapolation
0,208,knn,1,46,13.714285714285715,165.71428571428572,15604.275186931443,scale+thin,0,,10,33,43,load_extrapolation
0,208,knn,2,46,13.714285714285715,165.71428571428572,15604.275186931443,none,0,,20,0,20,load_extrapolation
0,208,knn,2,46,13.714285714285715,165.71428571428572,15604.275186931443,scale,1,-8.756728666403646e-06,20,20,40,load_extrapolation
0,208,knn,2,46,13.714285714285715,165.71428571428572,15604.275186931443,scale+thin,1,-8.96164652253173e-06,20,73,93,load_extrapolation
0,208,knn,3,46,13.714285714285715,165.71428571428572,15604.275186931443,none,0,,30,0,30,load_extrapolation
0,208,knn,3,46,13.714285714285715,165.71428571428572,15604.275186931443,scale,1,-8.756728666403646e-06,30,20,50,load_extrapolation
0,208,knn,3,46,13.714285714285715,165.71428571428572,15604.275186931443,scale+thin,1,-8.96164652253173e-06,30,73,103,load_extrapolation
0,208,gp,1,0,6.0,150.0,718.2839060185494,none,1,0.0017278379468574911,4,0,4,load_extrapolation
0,208,gp,1,0,6.0,150.0,718.2839060185494,scale,1,0.00021517920191316264,4,18,22,load_extrapolation
0,208,gp,1,0,6.0,150.0,718.2839060185494,scale+thin,1,0.00021517920191316264,4,55,59,load_extrapolation
0,208,gp,2,0,6.0,150.0,718.2839060185494,none,1,0.0017278379468574911,7,0,7,load_extrapolation
0,208,gp,2,0,6.0,150.0,718.2839060185494,scale,1,0.00021517920191316264,7,18,25,load_extrapolation
0,208,gp,2,0,6.0,150.0,718.2839060185494,scale+thin,1,0.00021517920191316264,7,55,62,load_extrapolation
0,208,gp,3,0,6.0,150.0,718.2839060185494,none,1,0.0017278379468574911,12,0,12,load_extrapolation
0,208,gp,3,0,6.0,150.0,718.2839060185494,scale,1,0.00021517920191316264,12,18,30,load_extrapolation
0,208,gp,3,0,6.0,150.0,718.2839060185494,scale+thin,1,0.00021517920191316264,12,55,67,load_extrapolation
0,208,gp,1,1,6.0,165.71428571428572,766.0869680124856,none,1,0.0002978875743058218,4,0,4,load_extrapolation
0,208,gp,1,1,6.0,165.71428571428572,766.0869680124856,scale,1,-0.0012126118746165204,4,18,22,load_extrapolation
0,208,gp,1,1,6.0,165.71428571428572,766.0869680124856,scale+thin,1,-0.0012126118746165204,4,55,59,load_extrapolation
0,208,gp,2,1,6.0,165.71428571428572,766.0869680124856,none,1,0.0002978875743058218,7,0,7,load_extrapolation
0,208,gp,2,1,6.0,165.71428571428572,766.0869680124856,scale,1,-0.0012126118746165204,7,18,25,load_extrapolation
0,208,gp,2,1,6.0,165.71428571428572,766.0869680124856,scale+thin,1,-0.0012126118746165204,7,55,62,load_extrapolation
0,208,gp,3,1,6.0,165.71428571428572,766.0869680124856,none,1,0.0002978875743058218,12,0,12,load_extrapolation
0,208,gp,3,1,6.0,165.71428571428572,766.0869680124856,scale,1,-0.0012126118746165204,12,18,30,load_extrapolation
0,208,gp,3,1,6.0,165.71428571428572,766.0869680124856,scale+thin,1,-0.0012126118746165204,12,55,67,load_extrapolation
0,208,gp,1,2,6.0,181.42857142857144,809.0128740060688,none,1,0.005064710301540654,4,0,4,load_extrapolation
0,208,gp,1,2,6.0,181.42857142857144,809.0128740060688,scale,1,0.0035240261150017993,4,18,22,load_extrapolation
0,208,gp,1,2,6.0,181.42857142857144,809.0128740060688,scale+thin,1,0.0035240261150017993,4,55,59,load_extrapolation
0,208,gp,2,2,6.0,181.42857142857144,809.0128740060688,none,1,0.005064710301540654,7,0,7,load_extrapolation
0,208,gp,2,2,6.0,181.42857142857144,809.0128740060688,scale,1,0.0035240261150017993,7,18,25,load_extrapolation
0,208,gp,2,2,6.0,181.42857142857144,809.0128740060688,scale+thin,1,0.0035240261150017993,7,55,62,load_extrapolation
0,208,gp,3,2,6.0,181.42857142857144,809.0128740060688,none,1,0.005064710301540654,12,0,12,load_extrapolation
0,208,gp,3,2,6.0,181.42857142857144,809.0128740060688,scale,1,0.0035240261150017993,12,18,30,load_extrapolation
0,208,gp,3,2,6.0,181.42857142857144,809.0128740060688,scale+thin,1,0.0035240261150017993,12,55,67,load_extrapolation
0,208,gp,1,3,6.0,197.14285714285717,854.6554477993761,none,1,0.006294262740891066,4,0,4,load_extrapolation
0,208,gp,1,3,6.0,197.14285714285717,854.6554477993761,scale,1,0.0047516937483484956,4,18,22,load_extrapolation
0,208,gp,1,3,6.0,197.14285714285717,854.6554477993761,scale+thin,1,0.0047516937483484956,4,55,59,load_extrapolation
0,208,gp,2,3,6.0,197.14285714285717,854.6554477993761,none,1,0.006294262740891066,8,0,8,load_extrapolation
0,208,gp,2,3,6.0,197.14285714285717,854.6554477993761,scale,1,0.0047516937483484956,8,18,26,load_extrapolation
0,208,gp,2,3,6.0,197.14285714285717,854.6554477993761,scale+thin,1,0.0047516937483484956,8,55,63,load_extrapolation
0,208,gp,3,3,6.0,197.14285714285717,854.6554477993761,none,1,0.006294262740891066,11,0,11,load_extrapolation
0,208,gp,3,3,6.0,197.14285714285717,854.6554477993761,scale,1,0.0047516937483484956,11,18,29,load_extrapolation
0,208,gp,3,3,6.0,197.14285714285717,854.6554477993761,scale+thin,1,0.0047516937483484956,11,55,66,load_extrapolation
0,208,gp,1,4,6.0,212.8571428571429,895.7569021904145,none,1,0.012836610869074727,4,0,4,load_extrapolation
0,208,gp,1,4,6.0,212.8571428571429,895.7569021904145,scale,1,0.011307177325756701,4,18,22,load_extrapolation
0,208,gp,1,4,6.0,212.8571428571429,895.7569021904145,scale+thin,1,0.011307177325756701,4,55,59,load_extrapolation
0,208,gp,2,4,6.0,212.8571428571429,895.7569021904145,none,1,0.012836610869074727,8,0,8,load_extrapolation
0,208,gp,2,4,6.0,212.8571428571429,895.7569021904145,scale,1,0.011307177325756701,8,18,26,load_extrapolation
0,208,gp,2,4,6.0,212.8571428571429,895.7569021904145,scale+thin,1,0.011307177325756701,8,55,63,load_extrapolation
0,208,gp,3,4,6.0,212.8571428571429,895.7569021904145,none,1,0.012836610869074727,13,0,13,load_extrapolation
0,208,gp,3,4,6.0,212.8571428571429,895.7569021904145,scale,1,0.011307177325756701,13,18,31,load_extrapolation
0,208,gp,3,4,6.0,212.8571428571429,895.7569021904145,scale+thin,1,0.011307177325756701,13,55,68,load_extrapolation
0,208,gp,1,5,6.0,228.57142857142856,927.0052988628717,none,1,0.029109203249071847,3,0,3,load_extrapolation
0,208,gp,1,5,6.0,228.57142857142856,927.0052988628717,scale,1,0.02729631044784231,3,18,21,load_extrapolation
0,208,gp,1,5,6.0,228.57142857142856,927.0052988628717,scale+thin,1,0.02729631044784231,3,55,58,load_extrapolation
0,208,gp,2,5,6.0,228.57142857142856,927.0052988628717,none,1,0.029109203249071847,7,0,7,load_extrapolation
0,208,gp,2,5,6.0,228.57142857142856,927.0052988628717,scale,1,0.02729631044784231,7,18,25,load_extrapolation
0,208,gp,2,5,6.0,228.57142857142856,927.0052988628717,scale+thin,1,0.02729631044784231,7,55,62,load_extrapolation
0,208,gp,3,5,6.0,228.57142857142856,927.0052988628717,none,1,0.029109203249071847,11,0,11,load_extrapolation
0,208,gp,3,5,6.0,228.57142857142856,927.0052988628717,scale,1,0.02729631044784231,11,18,29,load_extrapolation
0,208,gp,3,5,6.0,228.57142857142856,927.0052988628717,scale+thin,1,0.02729631044784231,11,55,66,load_extrapolation
0,208,gp,1,6,6.0,244.28571428571428,968.4098952439792,none,1,0.030911136168706,3,0,3,load_extrapolation
0,208,gp,1,6,6.0,244.28571428571428,968.4098952439792,scale,1,0.029354409195257114,3,18,21,load_extrapolation
0,208,gp,1,6,6.0,244.28571428571428,968.4098952439792,scale+thin,1,0.029354409195257114,3,56,59,load_extrapolation
0,208,gp,2,6,6.0,244.28571428571428,968.4098952439792,none,1,0.030911136168706,7,0,7,load_extrapolation
0,208,gp,2,6,6.0,244.28571428571428,968.4098952439792,scale,1,0.029354409195257114,7,18,25,load_extrapolation
0,208,gp,2,6,6.0,244.28571428571428,968.4098952439792,scale+thin,1,0.029354409195257114,7,56,63,load_extrapolation
0,208,gp,3,6,6.0,244.28571428571428,968.4098952439792,none,1,0.030911136168706,11,0,11,load_extrapolation
0,208,gp,3,6,6.0,244.28571428571428,968.4098952439792,scale,1,0.029354409195257114,11,18,29,load_extrapolation
0,208,gp,3,6,6.0,244.28571428571428,968.4098952439792,scale+thin,1,0.029354409195257114,11,56,67,load_extrapolation
0,208,gp,1,7,6.0,260.0,1013.7382545756694,none,1,0.02691084858274806,3,0,3,load_extrapolation
0,208,gp,1,7,6.0,260.0,1013.7382545756694,scale,1,0.025313190037759448,3,18,21,load_extrapolation
0,208,gp,1,7,6.0,260.0,1013.7382545756694,scale+thin,1,0.025313190037759448,3,56,59,load_extrapolation
0,208,gp,2,7,6.0,260.0,1013.7382545756694,none,1,0.02691084858274806,7,0,7,load_extrapolation
0,208,gp,2,7,6.0,260.0,1013.7382545756694,scale,1,0.025313190037759448,7,18,25,load_extrapolation
0,208,gp,2,7,6.0,260.0,1013.7382545756694,scale+thin,1,0.025313190037759448,7,56,63,load_extrapolation
0,208,gp,3,7,6.0,260.0,1013.7382545756694,none,1,0.02691084858274806,11,0,11,load_extrapolation
0,208,gp,3,7,6.0,260.0,1013.7382545756694,scale,1,0.025313190037759448,11,18,29,load_extrapolation
0,208,gp,3,7,6.0,260.0,1013.7382545756694,scale+thin,1,0.025313190037759448,11,56,67,load_extrapolation
0,208,gp,1,8,7.285714285714286,150.0,1153.3708205133214,none,1,-0.009098224695252455,3,0,3,load_extrapolation
0,208,gp,1,8,7.285714285714286,150.0,1153.3708205133214,scale,1,-0.010549209406536808,3,18,21,load_extrapolation
0,208,gp,1,8,7.285714285714286,150.0,1153.3708205133214,scale+thin,1,-0.010549209406536808,3,55,58,load_extrapolation
0,208,gp,2,8,7.285714285714286,150.0,1153.3708205133214,none,1,-0.009098224695252455,6,0,6,load_extrapolation
0,208,gp,2,8,7.285714285714286,150.0,1153.3708205133214,scale,1,-0.010549209406536808,6,18,24,load_extrapolation
0,208,gp,2,8,7.285714285714286,150.0,1153.3708205133214,scale+thin,1,-0.010549209406536808,6,55,61,load_extrapolation
0,208,gp,3,8,7.285714285714286,150.0,1153.3708205133214,none,1,-0.009098224695252455,9,0,9,load_extrapolation
0,208,gp,3,8,7.285714285714286,150.0,1153.3708205133214,scale,1,-0.010549209406536808,9,18,27,load_extrapolation
0,208,gp,3,8,7.285714285714286,150.0,1153.3708205133214,scale+thin,1,-0.010549209406536808,9,55,64,load_extrapolation
0,208,gp,1,9,7.285714285714286,165.71428571428572,1218.9044722408655,none,1,-0.0013482713736446827,3,0,3,load_extrapolation
0,208,gp,1,9,7.285714285714286,165.71428571428572,1218.9044722408655,scale,1,-0.0026963982139150966,3,18,21,load_extrapolation
0,208,gp,1,9,7.285714285714286,165.71428571428572,1218.9044722408655,scale+thin,1,-0.0026963982139150966,3,55,58,load_extrapolation
0,208,gp,2,9,7.285714285714286,165.71428571428572,1218.9044722408655,none,1,-0.0013482713736446827,6,0,6,load_extrapolation
0,208,gp,2,9,7.285714285714286,165.71428571428572,1218.9044722408655,scale,1,-0.0026963982139150966,6,18,24,load_extrapolation
0,208,gp,2,9,7.285714285714286,165.71428571428572,1218.9044722408655,scale+thin,1,-0.0026963982139150966,6,55,61,load_extrapolation
0,208,gp,3,9,7.285714285714286,165.71428571428572,1218.9044722408655,none,1,-0.0013482713736446827,9,0,9,load_extrapolation
0,208,gp,3,9,7.285714285714286,165.71428571428572,1218.9044722408655,scale,1,-0.0026963982139150966,9,18,27,load_extrapolation
0,208,gp,3,9,7.285714285714286,165.71428571428572,1218.9044722408655,scale+thin,1,-0.0026963982139150966,9,55,64,load_extrapolation
0,208,gp,1,10,7.285714285714286,181.42857142857144,1289.0609260869776,none,1,0.0009302398870560946,3,0,3,load_extrapolation
0,208,gp,1,10,7.285714285714286,181.42857142857144,1289.0609260869776,scale,1,8.276876947288514e-05,3,18,21,load_extrapolation
0,208,gp,1,10,7.285714285714286,181.42857142857144,1289.0609260869776,scale+thin,1,8.276876947288514e-05,3,56,59,load_extrapolation
0,208,gp,2,10,7.285714285714286,181.42857142857144,1289.0609260869776,none,1,0.0009302398870560946,6,0,6,load_extrapolation
0,208,gp,2,10,7.285714285714286,181.42857142857144,1289.0609260869776,scale,1,8.276876947288514e-05,6,18,24,load_extrapolation
0,208,gp,2,10,7.285714285714286,181.42857142857144,1289.0609260869776,scale+thin,1,8.276876947288514e-05,6,56,62,load_extrapolation
0,208,gp,3,10,7.285714285714286,181.42857142857144,1289.0609260869776,none,1,0.0009302398870560946,9,0,9,load_extrapolation
0,208,gp,3,10,7.285714285714286,181.42857142857144,1289.0609260869776,scale,1,8.276876947288514e-05,9,18,27,load_extrapolation
0,208,gp,3,10,7.285714285714286,181.42857142857144,1289.0609260869776,scale+thin,1,8.276876947288514e-05,9,56,65,load_extrapolation
0,208,gp,1,11,7.285714285714286,197.14285714285717,1353.7155222893743,none,1,0.007901289720116944,4,0,4,load_extrapolation
0,208,gp,1,11,7.285714285714286,197.14285714285717,1353.7155222893743,scale,1,0.006379308756643942,4,18,22,load_extrapolation
0,208,gp,1,11,7.285714285714286,197.14285714285717,1353.7155222893743,scale+thin,1,0.006379308756643942,4,57,61,load_extrapolation
0,208,gp,2,11,7.285714285714286,197.14285714285717,1353.7155222893743,none,1,0.007901289720116944,7,0,7,load_extrapolation
0,208,gp,2,11,7.285714285714286,197.14285714285717,1353.7155222893743,scale,1,0.006379308756643942,7,18,25,load_extrapolation
0,208,gp,2,11,7.285714285714286,197.14285714285717,1353.7155222893743,scale+thin,1,0.006379308756643942,7,57,64,load_extrapolation
0,208,gp,3,11,7.285714285714286,197.14285714285717,1353.7155222893743,none,1,0.007901289720116944,10,0,10,load_extrapolation
0,208,gp,3,11,7.285714285714286,197.14285714285717,1353.7155222893743,scale,1,0.006379308756643942,10,18,28,load_extrapolation
0,208,gp,3,11,7.285714285714286,197.14285714285717,1353.7155222893743,scale+thin,1,0.006379308756643942,10,57,67,load_extrapolation
0,208,gp,1,12,7.285714285714286,212.8571428571429,1426.808505633445,none,1,0.007267116856232381,3,0,3,load_extrapolation
0,208,gp,1,12,7.285714285714286,212.8571428571429,1426.808505633445,scale,1,0.006137762373501721,3,18,21,load_extrapolation
0,208,gp,1,12,7.285714285714286,212.8571428571429,1426.808505633445,scale+thin,1,0.006137762373501721,3,57,60,load_extrapolation
0,208,gp,2,12,7.285714285714286,212.8571428571429,1426.808505633445,none,1,0.007267116856232381,6,0,6,load_extrapolation
0,208,gp,2,12,7.285714285714286,212.8571428571429,1426.808505633445,scale,1,0.006137762373501721,6,18,24,load_extrapolation
0,208,gp,2,12,7.285714285714286,212.8571428571429,1426.808505633445,scale+thin,1,0.006137762373501721,6,57,63,load_extrapolation
0,208,gp,3,12,7.285714285714286,212.8571428571429,1426.808505633445,none,1,0.007267116856232381,9,0,9,load_extrapolation
0,208,gp,3,12,7.285714285714286,212.8571428571429,1426.808505633445,scale,1,0.006137762373501721,9,18,27,load_extrapolation
0,208,gp,3,12,7.285714285714286,212.8571428571429,1426.808505633445,scale+thin,1,0.006137762373501721,9,57,66,load_extrapolation
0,208,gp,1,13,7.285714285714286,228.57142857142856,1481.0244610123186,none,1,0.01946033713436468,5,0,5,load_extrapolation
0,208,gp,1,13,7.285714285714286,228.57142857142856,1481.0244610123186,scale,1,0.017897585597943078,5,18,23,load_extrapolation
0,208,gp,1,13,7.285714285714286,228.57142857142856,1481.0244610123186,scale+thin,1,0.017897585597943078,5,57,62,load_extrapolation
0,208,gp,2,13,7.285714285714286,228.57142857142856,1481.0244610123186,none,1,0.01946033713436468,8,0,8,load_extrapolation
0,208,gp,2,13,7.285714285714286,228.57142857142856,1481.0244610123186,scale,1,0.017897585597943078,8,18,26,load_extrapolation
0,208,gp,2,13,7.285714285714286,228.57142857142856,1481.0244610123186,scale+thin,1,0.017897585597943078,8,57,65,load_extrapolation
0,208,gp,3,13,7.285714285714286,228.57142857142856,1481.0244610123186,none,1,0.01946033713436468,11,0,11,load_extrapolation
0,208,gp,3,13,7.285714285714286,228.57142857142856,1481.0244610123186,scale,1,0.017897585597943078,11,18,29,load_extrapolation
0,208,gp,3,13,7.285714285714286,228.57142857142856,1481.0244610123186,scale+thin,1,0.017897585597943078,11,57,68,load_extrapolation
0,208,gp,1,14,7.285714285714286,244.28571428571428,1543.6092503419804,none,1,0.022808193172461744,4,0,4,load_extrapolation
0,208,gp,1,14,7.285714285714286,244.28571428571428,1543.6092503419804,scale,1,0.021240309639261046,4,18,22,load_extrapolation
0,208,gp,1,14,7.285714285714286,244.28571428571428,1543.6092503419804,scale+thin,1,0.021240309639261046,4,58,62,load_extrapolation
0,208,gp,2,14,7.285714285714286,244.28571428571428,1543.6092503419804,none,1,0.022808193172461744,7,0,7,load_extrapolation
0,208,gp,2,14,7.285714285714286,244.28571428571428,1543.6092503419804,scale,1,0.021240309639261046,7,18,25,load_extrapolation
0,208,gp,2,14,7.285714285714286,244.28571428571428,1543.6092503419804,scale+thin,1,0.021240309639261046,7,58,65,load_extrapolation
0,208,gp,3,14,7.285714285714286,244.28571428571428,1543.6092503419804,none,1,0.022808193172461744,9,0,9,load_extrapolation
0,208,gp,3,14,7.285714285714286,244.28571428571428,1543.6092503419804,scale,1,0.021240309639261046,9,18,27,load_extrapolation
0,208,gp,3,14,7.285714285714286,244.28571428571428,1543.6092503419804,scale+thin,1,0.021240309639261046,9,58,67,load_extrapolation
0,208,gp,1,15,7.285714285714286,260.0,1618.4847454305025,none,1,0.015754991790890793,4,0,4,load_extrapolation
0,208,gp,1,15,7.285714285714286,260.0,1618.4847454305025,scale,1,0.014197920253893992,4,18,22,load_extrapolation
0,208,gp,1,15,7.285714285714286,260.0,1618.4847454305025,scale+thin,1,0.010613532243821666,4,76,80,load_extrapolation
0,208,gp,2,15,7.285714285714286,260.0,1618.4847454305025,none,1,0.015754991790890793,7,0,7,load_extrapolation
0,208,gp,2,15,7.285714285714286,260.0,1618.4847454305025,scale,1,0.014197920253893992,7,18,25,load_extrapolation
0,208,gp,2,15,7.285714285714286,260.0,1618.4847454305025,scale+thin,1,0.010613532243821666,7,76,83,load_extrapolation
0,208,gp,3,15,7.285714285714286,260.0,1618.4847454305025,none,1,0.015754991790890793,10,0,10,load_extrapolation
0,208,gp,3,15,7.285714285714286,260.0,1618.4847454305025,scale,1,0.014197920253893992,10,18,28,load_extrapolation
0,208,gp,3,15,7.285714285714286,260.0,1618.4847454305025,scale+thin,1,0.010613532243821666,10,76,86,load_extrapolation
0,208,gp,1,16,8.571428571428571,150.0,1686.3433188884542,none,1,0.004311561179673129,3,0,3,load_extrapolation
0,208,gp,1,16,8.571428571428571,150.0,1686.3433188884542,scale,1,0.0028179705211504036,3,18,21,load_extrapolation
0,208,gp,1,16,8.571428571428571,150.0,1686.3433188884542,scale+thin,1,0.0028179705211504036,3,57,60,load_extrapolation
0,208,gp,2,16,8.571428571428571,150.0,1686.3433188884542,none,1,0.004311561179673129,6,0,6,load_extrapolation
0,208,gp,2,16,8.571428571428571,150.0,1686.3433188884542,scale,1,0.0028179705211504036,6,18,24,load_extrapolation
0,208,gp,2,16,8.571428571428571,150.0,1686.3433188884542,scale+thin,1,0.0028179705211504036,6,57,63,load_extrapolation
0,208,gp,3,16,8.571428571428571,150.0,1686.3433188884542,none,1,0.004311561179673129,9,0,9,load_extrapolation
0,208,gp,3,16,8.571428571428571,150.0,1686.3433188884542,scale,1,0.0028179705211504036,9,18,27,load_extrapolation
0,208,gp,3,16,8.571428571428571,150.0,1686.3433188884542,scale+thin,1,0.0028179705211504036,9,57,66,load_extrapolation
0,208,gp,1,17,8.571428571428571,165.71428571428572,1809.7430894999927,none,1,-0.002816139154754982,3,0,3,load_extrapolation
0,208,gp,1,17,8.571428571428571,165.71428571428572,1809.7430894999927,scale,1,-0.004344742626481213,3,18,21,load_extrapolation
0,208,gp,1,17,8.571428571428571,165.71428571428572,1809.7430894999927,scale+thin,1,-0.004344742626481213,3,58,61,load_extrapolation
0,208,gp,2,17,8.571428571428571,165.71428571428572,1809.7430894999927,none,1,-0.002816139154754982,6,0,6,load_extrapolation
0,208,gp,2,17,8.571428571428571,165.71428571428572,1809.7430894999927,scale,1,-0.004344742626481213,6,18,24,load_extrapolation
0,208,gp,2,17,8.571428571428571,165.71428571428572,1809.7430894999927,scale+thin,1,-0.004344742626481213,6,58,64,load_extrapolation
0,208,gp,3,17,8.571428571428571,165.71428571428572,1809.7430894999927,none,1,-0.002816139154754982,9,0,9,load_extrapolation
0,208,gp,3,17,8.571428571428571,165.71428571428572,1809.7430894999927,scale,1,-0.004344742626481213,9,18,27,load_extrapolation
0,208,gp,3,17,8.571428571428571,165.71428571428572,1809.7430894999927,scale+thin,1,-0.004344742626481213,9,58,67,load_extrapolation
0,208,gp,1,18,8.571428571428571,181.42857142857144,1926.769836691324,none,1,-0.007056546811759934,3,0,3,load_extrapolation
0,208,gp,1,18,8.571428571428571,181.42857142857144,1926.769836691324,scale,1,-0.0087149008722891,3,18,21,load_extrapolation
0,208,gp,1,18,8.571428571428571,181.42857142857144,1926.769836691324,scale+thin,1,-0.0087149008722891,3,58,61,load_extrapolation
0,208,gp,2,18,8.571428571428571,181.42857142857144,1926.769836691324,none,1,-0.007056546811759934,6,0,6,load_extrapolation
0,208,gp,2,18,8.571428571428571,181.42857142857144,1926.769836691324,scale,1,-0.0087149008722891,6,18,24,load_extrapolation
0,208,gp,2,18,8.571428571428571,181.42857142857144,1926.769836691324,scale+thin,1,-0.0087149008722891,6,58,64,load_extrapolation
0,208,gp,3,18,8.571428571428571,181.42857142857144,1926.769836691324,none,1,-0.007056546811759934,9,0,9,load_extrapolation
0,208,gp,3,18,8.571428571428571,181.42857142857144,1926.769836691324,scale,1,-0.0087149008722891,9,18,27,load_extrapolation
0,208,gp,3,18,8.571428571428571,181.42857142857144,1926.769836691324,scale+thin,1,-0.0087149008722891,9,58,67,load_extrapolation
0,208,gp,1,19,8.571428571428571,197.14285714285717,2004.21381384588,none,1,0.009971986101438235,4,0,4,load_extrapolation
0,208,gp,1,19,8.571428571428571,197.14285714285717,2004.21381384588,scale,1,0.008469977380120897,4,18,22,load_extrapolation
0,208,gp,1,19,8.571428571428571,197.14285714285717,2004.21381384588,scale+thin,1,0.008021237616405719,4,77,81,load_extrapolation
0,208,gp,2,19,8.571428571428571,197.14285714285717,2004.21381384588,none,1,0.009971986101438235,7,0,7,load_extrapolation
0,208,gp,2,19,8.571428571428571,197.14285714285717,2004.21381384588,scale,1,0.008469977380120897,7,18,25,load_extrapolation
0,208,gp,2,19,8.571428571428571,197.14285714285717,2004.21381384588,scale+thin,1,0.008021237616405719,7,77,84,load_extrapolation
0,208,gp,3,19,8.571428571428571,197.14285714285717,2004.21381384588,none,1,0.009971986101438235,10,0,10,load_extrapolation
0,208,gp,3,19,8.571428571428571,197.14285714285717,2004.21381384588,scale,1,0.008469977380120897,10,18,28,load_extrapolation
0,208,gp,3,19,8.571428571428571,197.14285714285717,2004.21381384588,scale+thin,1,0.008021237616405719,10,77,87,load_extrapolation
0,208,gp,1,20,8.571428571428571,212.8571428571429,2119.4215005582246,none,1,0.012669248448557324,8,0,8,load_extrapolation
0,208,gp,1,20,8.571428571428571,212.8571428571429,2119.4215005582246,scale,1,0.012228911292835098,8,18,26,load_extrapolation
0,208,gp,1,20,8.571428571428571,212.8571428571429,2119.4215005582246,scale+thin,1,0.006809452118037074,8,79,87,load_extrapolation
0,208,gp,2,20,8.571428571428571,212.8571428571429,2119.4215005582246,none,1,0.012669248448557324,11,0,11,load_extrapolation
0,208,gp,2,20,8.571428571428571,212.8571428571429,2119.4215005582246,scale,1,0.012228911292835098,11,18,29,load_extrapolation
0,208,gp,2,20,8.571428571428571,212.8571428571429,2119.4215005582246,scale+thin,1,0.006809452118037074,11,79,90,load_extrapolation
0,208,gp,3,20,8.571428571428571,212.8571428571429,2119.4215005582246,none,1,0.012669248448557324,14,0,14,load_extrapolation
0,208,gp,3,20,8.571428571428571,212.8571428571429,2119.4215005582246,scale,1,0.012228911292835098,14,18,32,load_extrapolation
0,208,gp,3,20,8.571428571428571,212.8571428571429,2119.4215005582246,scale+thin,1,0.006809452118037074,14,79,93,load_extrapolation
0,208,gp,1,21,8.571428571428571,228.57142857142856,2258.167962393494,none,1,0.014882232649880534,10,0,10,load_extrapolation
0,208,gp,1,21,8.571428571428571,228.57142857142856,2258.167962393494,scale,1,0.01474286456966678,10,18,28,load_extrapolation
0,208,gp,1,21,8.571428571428571,228.57142857142856,2258.167962393494,scale+thin,1,0.01474286456966678,10,80,90,load_extrapolation
0,208,gp,2,21,8.571428571428571,228.57142857142856,2258.167962393494,none,1,0.014215427289626659,16,0,16,load_extrapolation
0,208,gp,2,21,8.571428571428571,228.57142857142856,2258.167962393494,scale,1,0.0134495248265869,16,18,34,load_extrapolation
0,208,gp,2,21,8.571428571428571,228.57142857142856,2258.167962393494,scale+thin,1,0.0134495248265869,16,57,73,load_extrapolation
0,208,gp,3,21,8.571428571428571,228.57142857142856,2258.167962393494,none,1,0.014215427289626659,19,0,19,load_extrapolation
0,208,gp,3,21,8.571428571428571,228.57142857142856,2258.167962393494,scale,1,0.0134495248265869,19,18,37,load_extrapolation
0,208,gp,3,21,8.571428571428571,228.57142857142856,2258.167962393494,scale+thin,1,0.0134495248265869,19,57,76,load_extrapolation
0,208,gp,1,22,8.571428571428571,244.28571428571428,2347.8753054507297,none,0,,10,0,10,load_extrapolation
0,208,gp,1,22,8.571428571428571,244.28571428571428,2347.8753054507297,scale,1,0.04018564229031685,10,19,29,load_extrapolation
0,208,gp,1,22,8.571428571428571,244.28571428571428,2347.8753054507297,scale+thin,1,0.04018564229031685,10,84,94,load_extrapolation
0,208,gp,2,22,8.571428571428571,244.28571428571428,2347.8753054507297,none,1,0.01933139798343997,14,0,14,load_extrapolation
0,208,gp,2,22,8.571428571428571,244.28571428571428,2347.8753054507297,scale,1,0.017838783567897698,14,18,32,load_extrapolation
0,208,gp,2,22,8.571428571428571,244.28571428571428,2347.8753054507297,scale+thin,1,0.017006587945463947,14,76,90,load_extrapolation
0,208,gp,3,22,8.571428571428571,244.28571428571428,2347.8753054507297,none,1,0.01933139798343997,19,0,19,load_extrapolation
0,208,gp,3,22,8.571428571428571,244.28571428571428,2347.8753054507297,scale,1,0.017838783567897698,19,18,37,load_extrapolation
0,208,gp,3,22,8.571428571428571,244.28571428571428,2347.8753054507297,scale+thin,1,0.017006587945463947,19,76,95,load_extrapolation
0,208,gp,1,23,8.571428571428571,260.0,2454.6466970028446,none,0,,10,0,10,load_extrapolation
0,208,gp,1,23,8.571428571428571,260.0,2454.6466970028446,scale,1,0.0579583244488564,10,19,29,load_extrapolation
0,208,gp,1,23,8.571428571428571,260.0,2454.6466970028446,scale+thin,1,0.0579583244488564,10,86,96,load_extrapolation
0,208,gp,2,23,8.571428571428571,260.0,2454.6466970028446,none,1,0.013846738825412874,12,0,12,load_extrapolation
0,208,gp,2,23,8.571428571428571,260.0,2454.6466970028446,scale,1,0.013127508008552224,12,18,30,load_extrapolation
0,208,gp,2,23,8.571428571428571,260.0,2454.6466970028446,scale+thin,1,0.008863907553160244,12,76,88,load_extrapolation
0,208,gp,3,23,8.571428571428571,260.0,2454.6466970028446,none,1,0.013846738825412874,16,0,16,load_extrapolation
0,208,gp,3,23,8.571428571428571,260.0,2454.6466970028446,scale,1,0.013127508008552224,16,18,34,load_extrapolation
0,208,gp,3,23,8.571428571428571,260.0,2454.6466970028446,scale+thin,1,0.008863907553160244,16,76,92,load_extrapolation
0,208,gp,1,24,9.857142857142858,150.0,2401.6635135318147,none,1,0.008514480647911826,9,0,9,load_extrapolation
0,208,gp,1,24,9.857142857142858,150.0,2401.6635135318147,scale,1,0.008283663210247427,9,18,27,load_extrapolation
0,208,gp,1,24,9.857142857142858,150.0,2401.6635135318147,scale+thin,1,-0.0010295628269200163,9,77,86,load_extrapolation
0,208,gp,2,24,9.857142857142858,150.0,2401.6635135318147,none,1,0.008514480647911826,12,0,12,load_extrapolation
0,208,gp,2,24,9.857142857142858,150.0,2401.6635135318147,scale,1,0.008283663210247427,12,18,30,load_extrapolation
0,208,gp,2,24,9.857142857142858,150.0,2401.6635135318147,scale+thin,1,-0.0010295628269200163,12,77,89,load_extrapolation
0,208,gp,3,24,9.857142857142858,150.0,2401.6635135318147,none,1,0.008514480647911826,15,0,15,load_extrapolation
0,208,gp,3,24,9.857142857142858,150.0,2401.6635135318147,scale,1,0.008283663210247427,15,18,33,load_extrapolation
0,208,gp,3,24,9.857142857142858,150.0,2401.6635135318147,scale+thin,1,-0.0010295628269200163,15,77,92,load_extrapolation
0,208,gp,1,25,9.857142857142858,165.71428571428572,2596.489349148936,none,0,,10,0,10,load_extrapolation
0,208,gp,1,25,9.857142857142858,165.71428571428572,2596.489349148936,scale,1,0.027920939868260275,10,19,29,load_extrapolation
0,208,gp,1,25,9.857142857142858,165.71428571428572,2596.489349148936,scale+thin,1,0.02060369388430905,10,81,91,load_extrapolation
0,208,gp,2,25,9.857142857142858,165.71428571428572,2596.489349148936,none,1,0.027969559432043045,13,0,13,load_extrapolation
0,208,gp,2,25,9.857142857142858,165.71428571428572,2596.489349148936,scale,1,0.026534830675202903,13,18,31,load_extrapolation
0,208,gp,2,25,9.857142857142858,165.71428571428572,2596.489349148936,scale+thin,1,0.02541104034849173,13,76,89,load_extrapolation
0,208,gp,3,25,9.857142857142858,165.71428571428572,2596.489349148936,none,1,0.027969559432043045,16,0,16,load_extrapolation
0,208,gp,3,25,9.857142857142858,165.71428571428572,2596.489349148936,scale,1,0.026534830675202903,16,18,34,load_extrapolation
0,208,gp,3,25,9.857142857142858,165.71428571428572,2596.489349148936,scale+thin,1,0.02541104034849173,16,76,92,load_extrapolation
0,208,gp,1,26,9.857142857142858,181.42857142857144,2778.4364695846,none,0,,10,0,10,load_extrapolation
0,208,gp,1,26,9.857142857142858,181.42857142857144,2778.4364695846,scale,1,0.04831393221340208,10,19,29,load_extrapolation
0,208,gp,1,26,9.857142857142858,181.42857142857144,2778.4364695846,scale+thin,1,0.04383753469689333,10,84,94,load_extrapolation
0,208,gp,2,26,9.857142857142858,181.42857142857144,2778.4364695846,none,1,0.014434384066432715,13,0,13,load_extrapolation
0,208,gp,2,26,9.857142857142858,181.42857142857144,2778.4364695846,scale,1,0.012902537806299241,13,18,31,load_extrapolation
0,208,gp,2,26,9.857142857142858,181.42857142857144,2778.4364695846,scale+thin,1,0.010872667793792479,13,76,89,load_extrapolation
0,208,gp,3,26,9.857142857142858,181.42857142857144,2778.4364695846,none,1,0.014434384066432715,16,0,16,load_extrapolation
0,208,gp,3,26,9.857142857142858,181.42857142857144,2778.4364695846,scale,1,0.012902537806299241,16,18,34,load_extrapolation
0,208,gp,3,26,9.857142857142858,181.42857142857144,2778.4364695846,scale+thin,1,0.010872667793792479,16,76,92,load_extrapolation
0,208,gp,1,27,9.857142857142858,197.14285714285717,2934.59017073786,none,0,,10,0,10,load_extrapolation
0,208,gp,1,27,9.857142857142858,197.14285714285717,2934.59017073786,scale,1,0.07447221901309287,10,19,29,load_extrapolation
0,208,gp,1,27,9.857142857142858,197.14285714285717,2934.59017073786,scale+thin,1,0.07336153057785877,10,86,96,load_extrapolation
0,208,gp,2,27,9.857142857142858,197.14285714285717,2934.59017073786,none,1,0.012935149531471124,14,0,14,load_extrapolation
0,208,gp,2,27,9.857142857142858,197.14285714285717,2934.59017073786,scale,1,0.011498236249972704,14,18,32,load_extrapolation
0,208,gp,2,27,9.857142857142858,197.14285714285717,2934.59017073786,scale+thin,1,0.008264668196859226,14,77,91,load_extrapolation
0,208,gp,3,27,9.857142857142858,197.14285714285717,2934.59017073786,none,1,0.012935149531471124,19,0,19,load_extrapolation
0,208,gp,3,27,9.857142857142858,197.14285714285717,2934.59017073786,scale,1,0.011498236249972704,19,18,37,load_extrapolation
0,208,gp,3,27,9.857142857142858,197.14285714285717,2934.59017073786,scale+thin,1,0.008264668196859226,19,77,96,load_extrapolation
0,208,gp,1,28,9.857142857142858,212.8571428571429,3092.903946849261,none,0,,10,0,10,load_extrapolation
0,208,gp,1,28,9.857142857142858,212.8571428571429,3092.903946849261,scale,1,0.09678610484521477,10,19,29,load_extrapolation
0,208,gp,1,28,9.857142857142858,212.8571428571429,3092.903946849261,scale+thin,1,0.09678610484521477,10,72,82,load_extrapolation
0,208,gp,2,28,9.857142857142858,212.8571428571429,3092.903946849261,none,1,0.009896437479957054,14,0,14,load_extrapolation
0,208,gp,2,28,9.857142857142858,212.8571428571429,3092.903946849261,scale,1,0.009480415821990329,14,18,32,load_extrapolation
0,208,gp,2,28,9.857142857142858,212.8571428571429,3092.903946849261,scale+thin,1,0.009480415821990329,14,79,93,load_extrapolation
0,208,gp,3,28,9.857142857142858,212.8571428571429,3092.903946849261,none,1,0.009896437479957054,18,0,18,load_extrapolation
0,208,gp,3,28,9.857142857142858,212.8571428571429,3092.903946849261,scale,1,0.009480415821990329,18,18,36,load_extrapolation
0,208,gp,3,28,9.857142857142858,212.8571428571429,3092.903946849261,scale+thin,1,0.009480415821990329,18,79,97,load_extrapolation
0,208,gp,1,29,9.857142857142858,228.57142857142856,3278.0505051710666,none,0,,10,0,10,load_extrapolation
0,208,gp,1,29,9.857142857142858,228.57142857142856,3278.0505051710666,scale,1,0.10799740062788965,10,19,29,load_extrapolation
0,208,gp,1,29,9.857142857142858,228.57142857142856,3278.0505051710666,scale+thin,1,0.10799740062788965,10,72,82,load_extrapolation
0,208,gp,2,29,9.857142857142858,228.57142857142856,3278.0505051710666,none,1,0.01830233912794932,20,0,20,load_extrapolation
0,208,gp,2,29,9.857142857142858,228.57142857142856,3278.0505051710666,scale,1,0.018162501383710783,20,18,38,load_extrapolation
0,208,gp,2,29,9.857142857142858,228.57142857142856,3278.0505051710666,scale+thin,1,0.018162501383710783,20,80,100,load_extrapolation
0,208,gp,3,29,9.857142857142858,228.57142857142856,3278.0505051710666,none,1,0.01830233912794932,24,0,24,load_extrapolation
0,208,gp,3,29,9.857142857142858,228.57142857142856,3278.0505051710666,scale,1,0.018162501383710783,24,18,42,load_extrapolation
0,208,gp,3,29,9.857142857142858,228.57142857142856,3278.0505051710666,scale+thin,1,0.018162501383710783,24,80,104,load_extrapolation
0,208,gp,1,30,9.857142857142858,244.28571428571428,3503.3130527973344,none,0,,10,0,10,load_extrapolation
0,208,gp,1,30,9.857142857142858,244.28571428571428,3503.3130527973344,scale,1,0.10571031858676183,10,19,29,load_extrapolation
0,208,gp,1,30,9.857142857142858,244.28571428571428,3503.3130527973344,scale+thin,1,0.10571031858676183,10,74,84,load_extrapolation
0,208,gp,2,30,9.857142857142858,244.28571428571428,3503.3130527973344,none,0,,20,0,20,load_extrapolation
0,208,gp,2,30,9.857142857142858,244.28571428571428,3503.3130527973344,scale,1,0.01517265359094444,20,19,39,load_extrapolation
0,208,gp,2,30,9.857142857142858,244.28571428571428,3503.3130527973344,scale+thin,1,0.01517265359094444,20,84,104,load_extrapolation
0,208,gp,3,30,9.857142857142858,244.28571428571428,3503.3130527973344,none,1,0.25230343943152356,28,0,28,load_extrapolation
0,208,gp,3,30,9.857142857142858,244.28571428571428,3503.3130527973344,scale,1,0.25227477664449793,28,18,46,load_extrapolation
0,208,gp,3,30,9.857142857142858,244.28571428571428,3503.3130527973344,scale+thin,1,0.25227477664449793,28,80,108,load_extrapolation
0,208,gp,1,31,9.857142857142858,260.0,3720.59576057169,none,0,,10,0,10,load_extrapolation
0,208,gp,1,31,9.857142857142858,260.0,3720.59576057169,scale,1,0.1505076575831059,10,20,30,load_extrapolation
0,208,gp,1,31,9.857142857142858,260.0,3720.59576057169,scale+thin,1,0.1505075722830551,10,60,70,load_extrapolation
0,208,gp,2,31,9.857142857142858,260.0,3720.59576057169,none,0,,20,0,20,load_extrapolation
0,208,gp,2,31,9.857142857142858,260.0,3720.59576057169,scale,1,0.015191860522138168,20,19,39,load_extrapolation
0,208,gp,2,31,9.857142857142858,260.0,3720.59576057169,scale+thin,1,0.015191860522138168,20,86,106,load_extrapolation
0,208,gp,3,31,9.857142857142858,260.0,3720.59576057169,none,0,,30,0,30,load_extrapolation
0,208,gp,3,31,9.857142857142858,260.0,3720.59576057169,scale,1,0.25201802865987455,30,19,49,load_extrapolation
0,208,gp,3,31,9.857142857142858,260.0,3720.59576057169,scale+thin,1,0.25201802865987455,30,83,113,load_extrapolation
0,208,gp,1,32,11.142857142857142,150.0,3412.4966998531304,none,1,0.007161731240156399,2,0,2,load_extrapolation
0,208,gp,1,32,11.142857142857142,150.0,3412.4966998531304,scale,1,0.005226285343660875,2,18,20,load_extrapolation
0,208,gp,1,32,11.142857142857142,150.0,3412.4966998531304,scale+thin,1,0.005226285343660875,2,77,79,load_extrapolation
0,208,gp,2,32,11.142857142857142,150.0,3412.4966998531304,none,1,0.007161731240156399,12,0,12,load_extrapolation
0,208,gp,2,32,11.142857142857142,150.0,3412.4966998531304,scale,1,0.005226285343660875,12,18,30,load_extrapolation
0,208,gp,2,32,11.142857142857142,150.0,3412.4966998531304,scale+thin,1,0.005226285343660875,12,77,89,load_extrapolation
0,208,gp,3,32,11.142857142857142,150.0,3412.4966998531304,none,1,0.007161731240156399,15,0,15,load_extrapolation
0,208,gp,3,32,11.142857142857142,150.0,3412.4966998531304,scale,1,0.005226285343660875,15,18,33,load_extrapolation
0,208,gp,3,32,11.142857142857142,150.0,3412.4966998531304,scale+thin,1,0.005226285343660875,15,77,92,load_extrapolation
0,208,gp,1,33,11.142857142857142,165.71428571428572,3681.539358959639,none,1,0.005745409265367041,8,0,8,load_extrapolation
0,208,gp,1,33,11.142857142857142,165.71428571428572,3681.539358959639,scale,1,0.0053771280163963375,8,18,26,load_extrapolation
0,208,gp,1,33,11.142857142857142,165.71428571428572,3681.539358959639,scale+thin,1,0.0053771280163963375,8,80,88,load_extrapolation
0,208,gp,2,33,11.142857142857142,165.71428571428572,3681.539358959639,none,1,0.005745409265367041,18,0,18,load_extrapolation
0,208,gp,2,33,11.142857142857142,165.71428571428572,3681.539358959639,scale,1,0.0053771280163963375,18,18,36,load_extrapolation
0,208,gp,2,33,11.142857142857142,165.71428571428572,3681.539358959639,scale+thin,1,0.0053771280163963375,18,80,98,load_extrapolation
0,208,gp,3,33,11.142857142857142,165.71428571428572,3681.539358959639,none,1,0.005745409265367041,21,0,21,load_extrapolation
0,208,gp,3,33,11.142857142857142,165.71428571428572,3681.539358959639,scale,1,0.0053771280163963375,21,18,39,load_extrapolation
0,208,gp,3,33,11.142857142857142,165.71428571428572,3681.539358959639,scale+thin,1,0.0053771280163963375,21,80,101,load_extrapolation
0,208,gp,1,34,11.142857142857142,181.42857142857144,4001.813446814073,none,0,,10,0,10,load_extrapolation
0,208,gp,1,34,11.142857142857142,181.42857142857144,4001.813446814073,scale,1,0.008994091668920845,10,19,29,load_extrapolation
0,208,gp,1,34,11.142857142857142,181.42857142857144,4001.813446814073,scale+thin,1,0.008994091668920845,10,84,94,load_extrapolation
0,208,gp,2,34,11.142857142857142,181.42857142857144,4001.813446814073,none,0,,20,0,20,load_extrapolation
0,208,gp,2,34,11.142857142857142,181.42857142857144,4001.813446814073,scale,1,0.008994091668920845,20,19,39,load_extrapolation
0,208,gp,2,34,11.142857142857142,181.42857142857144,4001.813446814073,scale+thin,1,0.008994091668920845,20,84,104,load_extrapolation
0,208,gp,3,34,11.142857142857142,181.42857142857144,4001.813446814073,none,1,0.2545737038344673,27,0,27,load_extrapolation
0,208,gp,3,34,11.142857142857142,181.42857142857144,4001.813446814073,scale,1,0.2542578596698235,27,18,45,load_extrapolation
0,208,gp,3,34,11.142857142857142,181.42857142857144,4001.813446814073,scale+thin,1,0.2542578596698235,27,80,107,load_extrapolation
0,208,gp,1,35,11.142857142857142,197.14285714285717,4332.975062229721,none,0,,10,0,10,load_extrapolation
0,208,gp,1,35,11.142857142857142,197.14285714285717,4332.975062229721,scale,1,0.01109392192455716,10,19,29,load_extrapolation
0,208,gp,1,35,11.142857142857142,197.14285714285717,4332.975062229721,scale+thin,1,0.01109392192455716,10,86,96,load_extrapolation
0,208,gp,2,35,11.142857142857142,197.14285714285717,4332.975062229721,none,0,,20,0,20,load_extrapolation
0,208,gp,2,35,11.142857142857142,197.14285714285717,4332.975062229721,scale,1,0.01109392192455716,20,19,39,load_extrapolation
0,208,gp,2,35,11.142857142857142,197.14285714285717,4332.975062229721,scale+thin,1,0.01109392192455716,20,86,106,load_extrapolation
0,208,gp,3,35,11.142857142857142,197.14285714285717,4332.975062229721,none,0,,30,0,30,load_extrapolation
0,208,gp,3,35,11.142857142857142,197.14285714285717,4332.975062229721,scale,1,0.2563452067965495,30,19,49,load_extrapolation
0,208,gp,3,35,11.142857142857142,197.14285714285717,4332.975062229721,scale+thin,1,0.2563452067965495,30,84,114,load_extrapolation
0,208,gp,1,36,11.142857142857142,212.8571428571429,4658.140801057062,none,0,,10,0,10,load_extrapolation
0,208,gp,1,36,11.142857142857142,212.8571428571429,4658.140801057062,scale,1,0.013297706478130777,10,19,29,load_extrapolation
0,208,gp,1,36,11.142857142857142,212.8571428571429,4658.140801057062,scale+thin,1,0.013297706478130777,10,71,81,load_extrapolation
0,208,gp,2,36,11.142857142857142,212.8571428571429,4658.140801057062,none,0,,20,0,20,load_extrapolation
0,208,gp,2,36,11.142857142857142,212.8571428571429,4658.140801057062,scale,1,0.013297706478130777,20,19,39,load_extrapolation
0,208,gp,2,36,11.142857142857142,212.8571428571429,4658.140801057062,scale+thin,1,0.013297706478130777,20,71,91,load_extrapolation
0,208,gp,3,36,11.142857142857142,212.8571428571429,4658.140801057062,none,0,,30,0,30,load_extrapolation
0,208,gp,3,36,11.142857142857142,212.8571428571429,4658.140801057062,scale,1,0.2587358708166587,30,19,49,load_extrapolation
0,208,gp,3,36,11.142857142857142,212.8571428571429,4658.140801057062,scale+thin,1,0.2587358708166587,30,86,116,load_extrapolation
0,208,gp,1,37,11.142857142857142,228.57142857142856,5137.886749115688,none,0,,10,0,10,load_extrapolation
0,208,gp,1,37,11.142857142857142,228.57142857142856,5137.886749115688,scale,1,7.771547523294231e-07,10,19,29,load_extrapolation
0,208,gp,1,37,11.142857142857142,228.57142857142856,5137.886749115688,scale+thin,1,7.771547523294231e-07,10,72,82,load_extrapolation
0,208,gp,2,37,11.142857142857142,228.57142857142856,5137.886749115688,none,0,,20,0,20,load_extrapolation
0,208,gp,2,37,11.142857142857142,228.57142857142856,5137.886749115688,scale,1,7.771547523294231e-07,20,19,39,load_extrapolation
0,208,gp,2,37,11.142857142857142,228.57142857142856,5137.886749115688,scale+thin,1,7.771547523294231e-07,20,72,92,load_extrapolation
0,208,gp,3,37,11.142857142857142,228.57142857142856,5137.886749115688,none,0,,30,0,30,load_extrapolation
0,208,gp,3,37,11.142857142857142,228.57142857142856,5137.886749115688,scale,1,0.2208872974845999,30,19,49,load_extrapolation
0,208,gp,3,37,11.142857142857142,228.57142857142856,5137.886749115688,scale+thin,1,0.2208872974845999,30,70,100,load_extrapolation
0,208,gp,1,38,11.142857142857142,244.28571428571428,6871.433005819378,none,0,,10,0,10,load_extrapolation
0,208,gp,1,38,11.142857142857142,244.28571428571428,6871.433005819378,scale,0,,10,9,19,load_extrapolation
0,208,gp,1,38,11.142857142857142,244.28571428571428,6871.433005819378,scale+thin,0,,10,33,43,load_extrapolation
0,208,gp,2,38,11.142857142857142,244.28571428571428,6871.433005819378,none,0,,20,0,20,load_extrapolation
0,208,gp,2,38,11.142857142857142,244.28571428571428,6871.433005819378,scale,0,,20,9,29,load_extrapolation
0,208,gp,2,38,11.142857142857142,244.28571428571428,6871.433005819378,scale+thin,0,,20,33,53,load_extrapolation
0,208,gp,3,38,11.142857142857142,244.28571428571428,6871.433005819378,none,0,,30,0,30,load_extrapolation
0,208,gp,3,38,11.142857142857142,244.28571428571428,6871.433005819378,scale,1,-2.8783013351962872e-05,30,20,50,load_extrapolation
0,208,gp,3,38,11.142857142857142,244.28571428571428,6871.433005819378,scale+thin,1,-2.8828148628590178e-05,30,73,103,load_extrapolation
0,208,gp,1,39,11.142857142857142,260.0,8337.065935629631,none,0,,10,0,10,load_extrapolation
0,208,gp,1,39,11.142857142857142,260.0,8337.065935629631,scale,0,,10,9,19,load_extrapolation
0,208,gp,1,39,11.142857142857142,260.0,8337.065935629631,scale+thin,0,,10,33,43,load_extrapolation
0,208,gp,2,39,11.142857142857142,260.0,8337.065935629631,none,0,,20,0,20,load_extrapolation
0,208,gp,2,39,11.142857142857142,260.0,8337.065935629631,scale,0,,20,9,29,load_extrapolation
0,208,gp,2,39,11.142857142857142,260.0,8337.065935629631,scale+thin,0,,20,33,53,load_extrapolation
0,208,gp,3,39,11.142857142857142,260.0,8337.065935629631,none,0,,30,0,30,load_extrapolation
0,208,gp,3,39,11.142857142857142,260.0,8337.065935629631,scale,0,,30,9,39,load_extrapolation
0,208,gp,3,39,11.142857142857142,260.0,8337.065935629631,scale+thin,0,,30,33,63,load_extrapolation
0,208,gp,1,40,12.428571428571429,150.0,4886.521183652799,none,1,0.18526885151346195,10,0,10,load_extrapolation
0,208,gp,1,40,12.428571428571429,150.0,4886.521183652799,scale,1,0.18505183223961996,10,18,28,load_extrapolation
0,208,gp,1,40,12.428571428571429,150.0,4886.521183652799,scale+thin,1,0.024198093596242254,10,85,95,load_extrapolation
0,208,gp,2,40,12.428571428571429,150.0,4886.521183652799,none,1,0.18526885151346195,20,0,20,load_extrapolation
0,208,gp,2,40,12.428571428571429,150.0,4886.521183652799,scale,1,0.18505183223961996,20,18,38,load_extrapolation
0,208,gp,2,40,12.428571428571429,150.0,4886.521183652799,scale+thin,1,0.024198093596242254,20,85,105,load_extrapolation
0,208,gp,3,40,12.428571428571429,150.0,4886.521183652799,none,1,0.18526885151346195,26,0,26,load_extrapolation
0,208,gp,3,40,12.428571428571429,150.0,4886.521183652799,scale,1,0.18505183223961996,26,18,44,load_extrapolation
0,208,gp,3,40,12.428571428571429,150.0,4886.521183652799,scale+thin,1,0.024198093596242254,26,85,111,load_extrapolation
0,208,gp,1,41,12.428571428571429,165.71428571428572,5340.456835444255,none,0,,10,0,10,load_extrapolation
0,208,gp,1,41,12.428571428571429,165.71428571428572,5340.456835444255,scale,1,0.18859649153610247,10,19,29,load_extrapolation
0,208,gp,1,41,12.428571428571429,165.71428571428572,5340.456835444255,scale+thin,1,0.04079642113634385,10,72,82,load_extrapolation
0,208,gp,2,41,12.428571428571429,165.71428571428572,5340.456835444255,none,0,,20,0,20,load_extrapolation
0,208,gp,2,41,12.428571428571429,165.71428571428572,5340.456835444255,scale,1,0.18859649153610247,20,19,39,load_extrapolation
0,208,gp,2,41,12.428571428571429,165.71428571428572,5340.456835444255,scale+thin,1,0.04079642113634385,20,72,92,load_extrapolation
0,208,gp,3,41,12.428571428571429,165.71428571428572,5340.456835444255,none,1,0.2451071577330446,30,0,30,load_extrapolation
0,208,gp,3,41,12.428571428571429,165.71428571428572,5340.456835444255,scale,1,0.2451071577330446,30,18,48,load_extrapolation
0,208,gp,3,41,12.428571428571429,165.71428571428572,5340.456835444255,scale+thin,1,0.2451071577330446,30,85,115,load_extrapolation
0,208,gp,1,42,12.428571428571429,181.42857142857144,7499.029230834781,none,0,,10,0,10,load_extrapolation
0,208,gp,1,42,12.428571428571429,181.42857142857144,7499.029230834781,scale,0,,10,9,19,load_extrapolation
0,208,gp,1,42,12.428571428571429,181.42857142857144,7499.029230834781,scale+thin,0,,10,33,43,load_extrapolation
0,208,gp,2,42,12.428571428571429,181.42857142857144,7499.029230834781,none,0,,20,0,20,load_extrapolation
0,208,gp,2,42,12.428571428571429,181.42857142857144,7499.029230834781,scale,0,,20,9,29,load_extrapolation
0,208,gp,2,42,12.428571428571429,181.42857142857144,7499.029230834781,scale+thin,0,,20,33,53,load_extrapolation
0,208,gp,3,42,12.428571428571429,181.42857142857144,7499.029230834781,none,0,,30,0,30,load_extrapolation
0,208,gp,3,42,12.428571428571429,181.42857142857144,7499.029230834781,scale,1,-5.251101992564955e-06,30,20,50,load_extrapolation
0,208,gp,3,42,12.428571428571429,181.42857142857144,7499.029230834781,scale+thin,1,-5.251101992564955e-06,30,73,103,load_extrapolation
0,208,gp,1,43,12.428571428571429,197.14285714285717,9997.68170860264,none,0,,10,0,10,load_extrapolation
0,208,gp,1,43,12.428571428571429,197.14285714285717,9997.68170860264,scale,0,,10,9,19,load_extrapolation
0,208,gp,1,43,12.428571428571429,197.14285714285717,9997.68170860264,scale+thin,0,,10,33,43,load_extrapolation
0,208,gp,2,43,12.428571428571429,197.14285714285717,9997.68170860264,none,0,,20,0,20,load_extrapolation
0,208,gp,2,43,12.428571428571429,197.14285714285717,9997.68170860264,scale,0,,20,9,29,load_extrapolation
0,208,gp,2,43,12.428571428571429,197.14285714285717,9997.68170860264,scale+thin,0,,20,33,53,load_extrapolation
0,208,gp,3,43,12.428571428571429,197.14285714285717,9997.68170860264,none,0,,30,0,30,load_extrapolation
0,208,gp,3,43,12.428571428571429,197.14285714285717,9997.68170860264,scale,0,,30,9,39,load_extrapolation
0,208,gp,3,43,12.428571428571429,197.14285714285717,9997.68170860264,scale+thin,0,,30,33,63,load_extrapolation
0,208,gp,1,44,12.428571428571429,212.8571428571429,12790.67961945902,none,0,,10,0,10,load_extrapolation
0,208,gp,1,44,12.428571428571429,212.8571428571429,12790.67961945902,scale,0,,10,9,19,load_extrapolation
0,208,gp,1,44,12.428571428571429,212.8571428571429,12790.67961945902,scale+thin,0,,10,33,43,load_extrapolation
0,208,gp,2,44,12.428571428571429,212.8571428571429,12790.67961945902,none,0,,20,0,20,load_extrapolation
0,208,gp,2,44,12.428571428571429,212.8571428571429,12790.67961945902,scale,0,,20,9,29,load_extrapolation
0,208,gp,2,44,12.428571428571429,212.8571428571429,12790.67961945902,scale+thin,0,,20,33,53,load_extrapolation
0,208,gp,3,44,12.428571428571429,212.8571428571429,12790.67961945902,none,0,,30,0,30,load_extrapolation
0,208,gp,3,44,12.428571428571429,212.8571428571429,12790.67961945902,scale,0,,30,9,39,load_extrapolation
0,208,gp,3,44,12.428571428571429,212.8571428571429,12790.67961945902,scale+thin,0,,30,33,63,load_extrapolation
0,208,gp,1,45,13.714285714285715,150.0,11343.005436312367,none,0,,10,0,10,load_extrapolation
0,208,gp,1,45,13.714285714285715,150.0,11343.005436312367,scale,0,,10,9,19,load_extrapolation
0,208,gp,1,45,13.714285714285715,150.0,11343.005436312367,scale+thin,0,,10,33,43,load_extrapolation
0,208,gp,2,45,13.714285714285715,150.0,11343.005436312367,none,1,0.16374528342572492,13,0,13,load_extrapolation
0,208,gp,2,45,13.714285714285715,150.0,11343.005436312367,scale,1,0.16221499047237598,13,18,31,load_extrapolation
0,208,gp,2,45,13.714285714285715,150.0,11343.005436312367,scale+thin,1,0.16221499047237598,13,83,96,load_extrapolation
0,208,gp,3,45,13.714285714285715,150.0,11343.005436312367,none,1,0.16374528342572492,23,0,23,load_extrapolation
0,208,gp,3,45,13.714285714285715,150.0,11343.005436312367,scale,1,0.16221499047237598,23,18,41,load_extrapolation
0,208,gp,3,45,13.714285714285715,150.0,11343.005436312367,scale+thin,1,0.16221499047237598,23,83,106,load_extrapolation
0,208,gp,1,46,13.714285714285715,165.71428571428572,15604.275186931443,none,0,,10,0,10,load_extrapolation
0,208,gp,1,46,13.714285714285715,165.71428571428572,15604.275186931443,scale,0,,10,9,19,load_extrapolation
0,208,gp,1,46,13.714285714285715,165.71428571428572,15604.275186931443,scale+thin,0,,10,33,43,load_extrapolation
0,208,gp,2,46,13.714285714285715,165.71428571428572,15604.275186931443,none,0,,20,0,20,load_extrapolation
0,208,gp,2,46,13.714285714285715,165.71428571428572,15604.275186931443,scale,1,-8.095506207950187e-06,20,21,41,load_extrapolation
0,208,gp,2,46,13.714285714285715,165.71428571428572,15604.275186931443,scale+thin,1,-8.961646473459872e-06,20,74,94,load_extrapolation
0,208,gp,3,46,13.714285714285715,165.71428571428572,15604.275186931443,none,0,,30,0,30,load_extrapolation
0,208,gp,3,46,13.714285714285715,165.71428571428572,15604.275186931443,scale,1,-8.095506207950187e-06,30,21,51,load_extrapolation
0,208,gp,3,46,13.714285714285715,165.71428571428572,15604.275186931443,scale+thin,1,-8.961646473459872e-06,30,74,104,load_extrapolation
0,208,poly3,1,0,6.0,150.0,718.2839060185494,none,1,0.010598991699142024,3,0,3,load_extrapolation
0,208,poly3,1,0,6.0,150.0,718.2839060185494,scale,1,0.009049823899811127,3,18,21,load_extrapolation
0,208,poly3,1,0,6.0,150.0,718.2839060185494,scale+thin,1,0.009049823899811127,3,55,58,load_extrapolation
0,208,poly3,2,0,6.0,150.0,718.2839060185494,none,1,0.010598991699142024,8,0,8,load_extrapolation
0,208,poly3,2,0,6.0,150.0,718.2839060185494,scale,1,0.009049823899811127,8,18,26,load_extrapolation
0,208,poly3,2,0,6.0,150.0,718.2839060185494,scale+thin,1,0.009049823899811127,8,55,63,load_extrapolation
0,208,poly3,3,0,6.0,150.0,718.2839060185494,none,1,0.010598991699142024,13,0,13,load_extrapolation
0,208,poly3,3,0,6.0,150.0,718.2839060185494,scale,1,0.009049823899811127,13,18,31,load_extrapolation
0,208,poly3,3,0,6.0,150.0,718.2839060185494,scale+thin,1,0.009049823899811127,13,55,68,load_extrapolation
0,208,poly3,1,1,6.0,165.71428571428572,766.0869680124856,none,1,0.21404413634316666,3,0,3,load_extrapolation
0,208,poly3,1,1,6.0,165.71428571428572,766.0869680124856,scale,1,0.21209980688734942,3,18,21,load_extrapolation
0,208,poly3,1,1,6.0,165.71428571428572,766.0869680124856,scale+thin,1,0.11326118769519522,3,56,59,load_extrapolation
0,208,poly3,2,1,6.0,165.71428571428572,766.0869680124856,none,1,0.21404413634316666,8,0,8,load_extrapolation
0,208,poly3,2,1,6.0,165.71428571428572,766.0869680124856,scale,1,0.21209980688734942,8,18,26,load_extrapolation
0,208,poly3,2,1,6.0,165.71428571428572,766.0869680124856,scale+thin,1,0.11326118769519522,8,56,64,load_extrapolation
0,208,poly3,3,1,6.0,165.71428571428572,766.0869680124856,none,1,0.21404413634316666,13,0,13,load_extrapolation
0,208,poly3,3,1,6.0,165.71428571428572,766.0869680124856,scale,1,0.21209980688734942,13,18,31,load_extrapolation
0,208,poly3,3,1,6.0,165.71428571428572,766.0869680124856,scale+thin,1,0.11326118769519522,13,56,69,load_extrapolation
0,208,poly3,1,2,6.0,181.42857142857144,809.0128740060688,none,1,0.266256757292481,3,0,3,load_extrapolation
0,208,poly3,1,2,6.0,181.42857142857144,809.0128740060688,scale,1,0.26451841528155295,3,18,21,load_extrapolation
0,208,poly3,1,2,6.0,181.42857142857144,809.0128740060688,scale+thin,1,0.21468202504829148,3,74,77,load_extrapolation
0,208,poly3,2,2,6.0,181.42857142857144,809.0128740060688,none,1,0.266256757292481,6,0,6,load_extrapolation
0,208,poly3,2,2,6.0,181.42857142857144,809.0128740060688,scale,1,0.26451841528155295,6,18,24,load_extrapolation
0,208,poly3,2,2,6.0,181.42857142857144,809.0128740060688,scale+thin,1,0.21468202504829148,6,74,80,load_extrapolation
0,208,poly3,3,2,6.0,181.42857142857144,809.0128740060688,none,1,0.266256757292481,11,0,11,load_extrapolation
0,208,poly3,3,2,6.0,181.42857142857144,809.0128740060688,scale,1,0.26451841528155295,11,18,29,load_extrapolation
0,208,poly3,3,2,6.0,181.42857142857144,809.0128740060688,scale+thin,1,0.21468202504829148,11,74,85,load_extrapolation
0,208,poly3,1,3,6.0,197.14285714285717,854.6554477993761,none,1,0.3960848097684935,4,0,4,load_extrapolation
0,208,poly3,1,3,6.0,197.14285714285717,854.6554477993761,scale,1,0.3940724432032705,4,18,22,load_extrapolation
0,208,poly3,1,3,6.0,197.14285714285717,854.6554477993761,scale+thin,1,0.22612062509319708,4,75,79,load_extrapolation
0,208,poly3,2,3,6.0,197.14285714285717,854.6554477993761,none,1,0.3960848097684935,9,0,9,load_extrapolation
0,208,poly3,2,3,6.0,197.14285714285717,854.6554477993761,scale,1,0.3940724432032705,9,18,27,load_extrapolation
0,208,poly3,2,3,6.0,197.14285714285717,854.6554477993761,scale+thin,1,0.22612062509319708,9,75,84,load_extrapolation
0,208,poly3,3,3,6.0,197.14285714285717,854.6554477993761,none,1,0.3960848097684935,14,0,14,load_extrapolation
0,208,poly3,3,3,6.0,197.14285714285717,854.6554477993761,scale,1,0.3940724432032705,14,18,32,load_extrapolation
0,208,poly3,3,3,6.0,197.14285714285717,854.6554477993761,scale+thin,1,0.22612062509319708,14,75,89,load_extrapolation
0,208,poly3,1,4,6.0,212.8571428571429,895.7569021904145,none,1,0.4138857829766913,5,0,5,load_extrapolation
0,208,poly3,1,4,6.0,212.8571428571429,895.7569021904145,scale,1,0.41197711219741007,5,18,23,load_extrapolation
0,208,poly3,1,4,6.0,212.8571428571429,895.7569021904145,scale+thin,1,0.04938266379178691,5,76,81,load_extrapolation
0,208,poly3,2,4,6.0,212.8571428571429,895.7569021904145,none,1,0.4138857829766913,11,0,11,load_extrapolation
0,208,poly3,2,4,6.0,212.8571428571429,895.7569021904145,scale,1,0.41197711219741007,11,18,29,load_extrapolation
0,208,poly3,2,4,6.0,212.8571428571429,895.7569021904145,scale+thin,1,0.04938266379178691,11,76,87,load_extrapolation
0,208,poly3,3,4,6.0,212.8571428571429,895.7569021904145,none,1,0.4138857829766913,16,0,16,load_extrapolation
0,208,poly3,3,4,6.0,212.8571428571429,895.7569021904145,scale,1,0.41197711219741007,16,18,34,load_extrapolation
0,208,poly3,3,4,6.0,212.8571428571429,895.7569021904145,scale+thin,1,0.04938266379178691,16,76,92,load_extrapolation
0,208,poly3,1,5,6.0,228.57142857142856,927.0052988628717,none,1,0.13355133510595163,4,0,4,load_extrapolation
0,208,poly3,1,5,6.0,228.57142857142856,927.0052988628717,scale,1,0.13347350164886174,4,18,22,load_extrapolation
0,208,poly3,1,5,6.0,228.57142857142856,927.0052988628717,scale+thin,1,0.09602997258347878,4,76,80,load_extrapolation
0,208,poly3,2,5,6.0,228.57142857142856,927.0052988628717,none,1,0.13355133510595163,8,0,8,load_extrapolation
0,208,poly3,2,5,6.0,228.57142857142856,927.0052988628717,scale,1,0.13347350164886174,8,18,26,load_extrapolation
0,208,poly3,2,5,6.0,228.57142857142856,927.0052988628717,scale+thin,1,0.09602997258347878,8,76,84,load_extrapolation
0,208,poly3,3,5,6.0,228.57142857142856,927.0052988628717,none,1,0.13355133510595163,13,0,13,load_extrapolation
0,208,poly3,3,5,6.0,228.57142857142856,927.0052988628717,scale,1,0.13347350164886174,13,18,31,load_extrapolation
0,208,poly3,3,5,6.0,228.57142857142856,927.0052988628717,scale+thin,1,0.09602997258347878,13,76,89,load_extrapolation
0,208,poly3,1,6,6.0,244.28571428571428,968.4098952439792,none,1,0.06990734909991425,5,0,5,load_extrapolation
0,208,poly3,1,6,6.0,244.28571428571428,968.4098952439792,scale,1,0.06939315794154854,5,18,23,load_extrapolation
0,208,poly3,1,6,6.0,244.28571428571428,968.4098952439792,scale+thin,1,0.06939315794154854,5,76,81,load_extrapolation
0,208,poly3,2,6,6.0,244.28571428571428,968.4098952439792,none,1,0.06990734909991425,9,0,9,load_extrapolation
0,208,poly3,2,6,6.0,244.28571428571428,968.4098952439792,scale,1,0.06939315794154854,9,18,27,load_extrapolation
0,208,poly3,2,6,6.0,244.28571428571428,968.4098952439792,scale+thin,1,0.06939315794154854,9,76,85,load_extrapolation
0,208,poly3,3,6,6.0,244.28571428571428,968.4098952439792,none,1,0.06990734909991425,19,0,19,load_extrapolation
0,208,poly3,3,6,6.0,244.28571428571428,968.4098952439792,scale,1,0.06939315794154854,19,18,37,load_extrapolation
0,208,poly3,3,6,6.0,244.28571428571428,968.4098952439792,scale+thin,1,0.06939315794154854,19,76,95,load_extrapolation
0,208,poly3,1,7,6.0,260.0,1013.7382545756694,none,1,0.05386971624441261,5,0,5,load_extrapolation
0,208,poly3,1,7,6.0,260.0,1013.7382545756694,scale,1,0.05365263695228317,5,18,23,load_extrapolation
0,208,poly3,1,7,6.0,260.0,1013.7382545756694,scale+thin,1,0.011672372688418475,5,76,81,load_extrapolation
0,208,poly3,2,7,6.0,260.0,1013.7382545756694,none,1,0.05386971624441261,14,0,14,load_extrapolation
0,208,poly3,2,7,6.0,260.0,1013.7382545756694,scale,1,0.05365263695228317,14,18,32,load_extrapolation
0,208,poly3,2,7,6.0,260.0,1013.7382545756694,scale+thin,1,0.011672372688418475,14,76,90,load_extrapolation
0,208,poly3,3,7,6.0,260.0,1013.7382545756694,none,1,0.05386971624441261,24,0,24,load_extrapolation
0,208,poly3,3,7,6.0,260.0,1013.7382545756694,scale,1,0.05365263695228317,24,18,42,load_extrapolation
0,208,poly3,3,7,6.0,260.0,1013.7382545756694,scale+thin,1,0.011672372688418475,24,76,100,load_extrapolation
0,208,poly3,1,8,7.285714285714286,150.0,1153.3708205133214,none,1,0.1744622320788598,3,0,3,load_extrapolation
0,208,poly3,1,8,7.285714285714286,150.0,1153.3708205133214,scale,1,0.17266187497736696,3,18,21,load_extrapolation
0,208,poly3,1,8,7.285714285714286,150.0,1153.3708205133214,scale+thin,1,0.06572959253833166,3,55,58,load_extrapolation
0,208,poly3,2,8,7.285714285714286,150.0,1153.3708205133214,none,1,0.1744622320788598,6,0,6,load_extrapolation
0,208,poly3,2,8,7.285714285714286,150.0,1153.3708205133214,scale,1,0.17266187497736696,6,18,24,load_extrapolation
0,208,poly3,2,8,7.285714285714286,150.0,1153.3708205133214,scale+thin,1,0.06572959253833166,6,55,61,load_extrapolation
0,208,poly3,3,8,7.285714285714286,150.0,1153.3708205133214,none,1,0.1744622320788598,11,0,11,load_extrapolation
0,208,poly3,3,8,7.285714285714286,150.0,1153.3708205133214,scale,1,0.17266187497736696,11,18,29,load_extrapolation
0,208,poly3,3,8,7.285714285714286,150.0,1153.3708205133214,scale+thin,1,0.06572959253833166,11,55,66,load_extrapolation
0,208,poly3,1,9,7.285714285714286,165.71428571428572,1218.9044722408655,none,1,0.17597303781904872,3,0,3,load_extrapolation
0,208,poly3,1,9,7.285714285714286,165.71428571428572,1218.9044722408655,scale,1,0.17419726017557036,3,18,21,load_extrapolation
0,208,poly3,1,9,7.285714285714286,165.71428571428572,1218.9044722408655,scale+thin,1,0.11268466675307343,3,56,59,load_extrapolation
0,208,poly3,2,9,7.285714285714286,165.71428571428572,1218.9044722408655,none,1,0.17597303781904872,8,0,8,load_extrapolation
0,208,poly3,2,9,7.285714285714286,165.71428571428572,1218.9044722408655,scale,1,0.17419726017557036,8,18,26,load_extrapolation
0,208,poly3,2,9,7.285714285714286,165.71428571428572,1218.9044722408655,scale+thin,1,0.11268466675307343,8,56,64,load_extrapolation
0,208,poly3,3,9,7.285714285714286,165.71428571428572,1218.9044722408655,none,1,0.17597303781904872,13,0,13,load_extrapolation
0,208,poly3,3,9,7.285714285714286,165.71428571428572,1218.9044722408655,scale,1,0.17419726017557036,13,18,31,load_extrapolation
0,208,poly3,3,9,7.285714285714286,165.71428571428572,1218.9044722408655,scale+thin,1,0.11268466675307343,13,56,69,load_extrapolation
0,208,poly3,1,10,7.285714285714286,181.42857142857144,1289.0609260869776,none,1,0.17603445207852353,4,0,4,load_extrapolation
0,208,poly3,1,10,7.285714285714286,181.42857142857144,1289.0609260869776,scale,1,0.1752270719247555,4,18,22,load_extrapolation
0,208,poly3,1,10,7.285714285714286,181.42857142857144,1289.0609260869776,scale+thin,1,0.16880421260462009,4,57,61,load_extrapolation
0,208,poly3,2,10,7.285714285714286,181.42857142857144,1289.0609260869776,none,1,0.17603445207852353,7,0,7,load_extrapolation
0,208,poly3,2,10,7.285714285714286,181.42857142857144,1289.0609260869776,scale,1,0.1752270719247555,7,18,25,load_extrapolation
0,208,poly3,2,10,7.285714285714286,181.42857142857144,1289.0609260869776,scale+thin,1,0.16880421260462009,7,57,64,load_extrapolation
0,208,poly3,3,10,7.285714285714286,181.42857142857144,1289.0609260869776,none,1,0.17603445207852353,12,0,12,load_extrapolation
0,208,poly3,3,10,7.285714285714286,181.42857142857144,1289.0609260869776,scale,1,0.1752270719247555,12,18,30,load_extrapolation
0,208,poly3,3,10,7.285714285714286,181.42857142857144,1289.0609260869776,scale+thin,1,0.16880421260462009,12,57,69,load_extrapolation
0,208,poly3,1,11,7.285714285714286,197.14285714285717,1353.7155222893743,none,1,0.02304192895192081,4,0,4,load_extrapolation
0,208,poly3,1,11,7.285714285714286,197.14285714285717,1353.7155222893743,scale,1,0.022245954407757562,4,18,22,load_extrapolation
0,208,poly3,1,11,7.285714285714286,197.14285714285717,1353.7155222893743,scale+thin,1,0.022245954407757562,4,57,61,load_extrapolation
0,208,poly3,2,11,7.285714285714286,197.14285714285717,1353.7155222893743,none,1,0.02304192895192081,14,0,14,load_extrapolation
0,208,poly3,2,11,7.285714285714286,197.14285714285717,1353.7155222893743,scale,1,0.022245954407757562,14,18,32,load_extrapolation
0,208,poly3,2,11,7.285714285714286,197.14285714285717,1353.7155222893743,scale+thin,1,0.022245954407757562,14,57,71,load_extrapolation
0,208,poly3,3,11,7.285714285714286,197.14285714285717,1353.7155222893743,none,1,0.02304192895192081,24,0,24,load_extrapolation
0,208,poly3,3,11,7.285714285714286,197.14285714285717,1353.7155222893743,scale,1,0.022245954407757562,24,18,42,load_extrapolation
0,208,poly3,3,11,7.285714285714286,197.14285714285717,1353.7155222893743,scale+thin,1,0.022245954407757562,24,57,81,load_extrapolation
0,208,poly3,1,12,7.285714285714286,212.8571428571429,1426.808505633445,none,1,0.05284712575491035,6,0,6,load_extrapolation
0,208,poly3,1,12,7.285714285714286,212.8571428571429,1426.808505633445,scale,1,0.05185934945471615,6,18,24,load_extrapolation
0,208,poly3,1,12,7.285714285714286,212.8571428571429,1426.808505633445,scale+thin,1,0.020441519555292276,6,76,82,load_extrapolation
0,208,poly3,2,12,7.285714285714286,212.8571428571429,1426.808505633445,none,1,0.05284712575491035,10,0,10,load_extrapolation
0,208,poly3,2,12,7.285714285714286,212.8571428571429,1426.808505633445,scale,1,0.05185934945471615,10,18,28,load_extrapolation
0,208,poly3,2,12,7.285714285714286,212.8571428571429,1426.808505633445,scale+thin,1,0.020441519555292276,10,76,86,load_extrapolation
0,208,poly3,3,12,7.285714285714286,212.8571428571429,1426.808505633445,none,1,0.05284712575491035,14,0,14,load_extrapolation
0,208,poly3,3,12,7.285714285714286,212.8571428571429,1426.808505633445,scale,1,0.05185934945471615,14,18,32,load_extrapolation
0,208,poly3,3,12,7.285714285714286,212.8571428571429,1426.808505633445,scale+thin,1,0.020441519555292276,14,76,90,load_extrapolation
0,208,poly3,1,13,7.285714285714286,228.57142857142856,1481.0244610123186,none,1,0.1031907497316007,6,0,6,load_extrapolation
0,208,poly3,1,13,7.285714285714286,228.57142857142856,1481.0244610123186,scale,1,0.10296351114286084,6,18,24,load_extrapolation
0,208,poly3,1,13,7.285714285714286,228.57142857142856,1481.0244610123186,scale+thin,1,0.02884276508033956,6,76,82,load_extrapolation
0,208,poly3,2,13,7.285714285714286,228.57142857142856,1481.0244610123186,none,1,0.1031907497316007,10,0,10,load_extrapolation
0,208,poly3,2,13,7.285714285714286,228.57142857142856,1481.0244610123186,scale,1,0.10296351114286084,10,18,28,load_extrapolation
0,208,poly3,2,13,7.285714285714286,228.57142857142856,1481.0244610123186,scale+thin,1,0.02884276508033956,10,76,86,load_extrapolation
0,208,poly3,3,13,7.285714285714286,228.57142857142856,1481.0244610123186,none,1,0.1031907497316007,14,0,14,load_extrapolation
0,208,poly3,3,13,7.285714285714286,228.57142857142856,1481.0244610123186,scale,1,0.10296351114286084,14,18,32,load_extrapolation
0,208,poly3,3,13,7.285714285714286,228.57142857142856,1481.0244610123186,scale+thin,1,0.02884276508033956,14,76,90,load_extrapolation
0,208,poly3,1,14,7.285714285714286,244.28571428571428,1543.6092503419804,none,1,0.11199685121775027,7,0,7,load_extrapolation
0,208,poly3,1,14,7.285714285714286,244.28571428571428,1543.6092503419804,scale,1,0.11128432092929441,7,18,25,load_extrapolation
0,208,poly3,1,14,7.285714285714286,244.28571428571428,1543.6092503419804,scale+thin,1,-0.0031602880144921963,7,77,84,load_extrapolation
0,208,poly3,2,14,7.285714285714286,244.28571428571428,1543.6092503419804,none,1,0.11199685121775027,12,0,12,load_extrapolation
0,208,poly3,2,14,7.285714285714286,244.28571428571428,1543.6092503419804,scale,1,0.11128432092929441,12,18,30,load_extrapolation
0,208,poly3,2,14,7.285714285714286,244.28571428571428,1543.6092503419804,scale+thin,1,-0.0031602880144921963,12,77,89,load_extrapolation
0,208,poly3,3,14,7.285714285714286,244.28571428571428,1543.6092503419804,none,1,0.11199685121775027,17,0,17,load_extrapolation
0,208,poly3,3,14,7.285714285714286,244.28571428571428,1543.6092503419804,scale,1,0.11128432092929441,17,18,35,load_extrapolation
0,208,poly3,3,14,7.285714285714286,244.28571428571428,1543.6092503419804,scale+thin,1,-0.0031602880144921963,17,77,94,load_extrapolation
0,208,poly3,1,15,7.285714285714286,260.0,1618.4847454305025,none,1,0.10819768640793614,7,0,7,load_extrapolation
0,208,poly3,1,15,7.285714285714286,260.0,1618.4847454305025,scale,1,0.10776652960692057,7,18,25,load_extrapolation
0,208,poly3,1,15,7.285714285714286,260.0,1618.4847454305025,scale+thin,1,-0.011009147535264607,7,77,84,load_extrapolation
0,208,poly3,2,15,7.285714285714286,260.0,1618.4847454305025,none,1,0.10819768640793614,13,0,13,load_extrapolation
0,208,poly3,2,15,7.285714285714286,260.0,1618.4847454305025,scale,1,0.10776652960692057,13,18,31,load_extrapolation
0,208,poly3,2,15,7.285714285714286,260.0,1618.4847454305025,scale+thin,1,-0.011009147535264607,13,77,90,load_extrapolation
0,208,poly3,3,15,7.285714285714286,260.0,1618.4847454305025,none,1,0.10819768640793614,18,0,18,load_extrapolation
0,208,poly3,3,15,7.285714285714286,260.0,1618.4847454305025,scale,1,0.10776652960692057,18,18,36,load_extrapolation
0,208,poly3,3,15,7.285714285714286,260.0,1618.4847454305025,scale+thin,1,-0.011009147535264607,18,77,95,load_extrapolation
0,208,poly3,1,16,8.571428571428571,150.0,1686.3433188884542,none,1,0.18259825522486794,2,0,2,load_extrapolation
0,208,poly3,1,16,8.571428571428571,150.0,1686.3433188884542,scale,1,0.1810559094542259,2,18,20,load_extrapolation
0,208,poly3,1,16,8.571428571428571,150.0,1686.3433188884542,scale+thin,1,0.15565062234998894,2,57,59,load_extrapolation
0,208,poly3,2,16,8.571428571428571,150.0,1686.3433188884542,none,1,0.18259825522486794,5,0,5,load_extrapolation
0,208,poly3,2,16,8.571428571428571,150.0,1686.3433188884542,scale,1,0.1810559094542259,5,18,23,load_extrapolation
0,208,poly3,2,16,8.571428571428571,150.0,1686.3433188884542,scale+thin,1,0.15565062234998894,5,57,62,load_extrapolation
0,208,poly3,3,16,8.571428571428571,150.0,1686.3433188884542,none,1,0.18259825522486794,10,0,10,load_extrapolation
0,208,poly3,3,16,8.571428571428571,150.0,1686.3433188884542,scale,1,0.1810559094542259,10,18,28,load_extrapolation
0,208,poly3,3,16,8.571428571428571,150.0,1686.3433188884542,scale+thin,1,0.15565062234998894,10,57,67,load_extrapolation
0,208,poly3,1,17,8.571428571428571,165.71428571428572,1809.7430894999927,none,1,0.1590266110073577,3,0,3,load_extrapolation
0,208,poly3,1,17,8.571428571428571,165.71428571428572,1809.7430894999927,scale,1,0.15730293143809426,3,18,21,load_extrapolation
0,208,poly3,1,17,8.571428571428571,165.71428571428572,1809.7430894999927,scale+thin,1,0.14289569576902106,3,58,61,load_extrapolation
0,208,poly3,2,17,8.571428571428571,165.71428571428572,1809.7430894999927,none,1,0.1590266110073577,6,0,6,load_extrapolation
0,208,poly3,2,17,8.571428571428571,165.71428571428572,1809.7430894999927,scale,1,0.15730293143809426,6,18,24,load_extrapolation
0,208,poly3,2,17,8.571428571428571,165.71428571428572,1809.7430894999927,scale+thin,1,0.14289569576902106,6,58,64,load_extrapolation
0,208,poly3,3,17,8.571428571428571,165.71428571428572,1809.7430894999927,none,1,0.1590266110073577,11,0,11,load_extrapolation
0,208,poly3,3,17,8.571428571428571,165.71428571428572,1809.7430894999927,scale,1,0.15730293143809426,11,18,29,load_extrapolation
0,208,poly3,3,17,8.571428571428571,165.71428571428572,1809.7430894999927,scale+thin,1,0.14289569576902106,11,58,69,load_extrapolation
0,208,poly3,1,18,8.571428571428571,181.42857142857144,1926.769836691324,none,1,0.16154494449687284,5,0,5,load_extrapolation
0,208,poly3,1,18,8.571428571428571,181.42857142857144,1926.769836691324,scale,1,0.15981751971594305,5,18,23,load_extrapolation
0,208,poly3,1,18,8.571428571428571,181.42857142857144,1926.769836691324,scale+thin,1,0.1389623244957494,5,58,63,load_extrapolation
0,208,poly3,2,18,8.571428571428571,181.42857142857144,1926.769836691324,none,1,0.16154494449687284,7,0,7,load_extrapolation
0,208,poly3,2,18,8.571428571428571,181.42857142857144,1926.769836691324,scale,1,0.15981751971594305,7,18,25,load_extrapolation
0,208,poly3,2,18,8.571428571428571,181.42857142857144,1926.769836691324,scale+thin,1,0.1389623244957494,7,58,65,load_extrapolation
0,208,poly3,3,18,8.571428571428571,181.42857142857144,1926.769836691324,none,1,0.16154494449687284,10,0,10,load_extrapolation
0,208,poly3,3,18,8.571428571428571,181.42857142857144,1926.769836691324,scale,1,0.15981751971594305,10,18,28,load_extrapolation
0,208,poly3,3,18,8.571428571428571,181.42857142857144,1926.769836691324,scale+thin,1,0.1389623244957494,10,58,68,load_extrapolation
0,208,poly3,1,19,8.571428571428571,197.14285714285717,2004.21381384588,none,1,0.0075177621687707585,10,0,10,load_extrapolation
0,208,poly3,1,19,8.571428571428571,197.14285714285717,2004.21381384588,scale,1,0.007148831924204346,10,18,28,load_extrapolation
0,208,poly3,1,19,8.571428571428571,197.14285714285717,2004.21381384588,scale+thin,1,0.007148831924204346,10,59,69,load_extrapolation
0,208,poly3,2,19,8.571428571428571,197.14285714285717,2004.21381384588,none,1,0.0075177621687707585,20,0,20,load_extrapolation
0,208,poly3,2,19,8.571428571428571,197.14285714285717,2004.21381384588,scale,1,0.007148831924204346,20,18,38,load_extrapolation
0,208,poly3,2,19,8.571428571428571,197.14285714285717,2004.21381384588,scale+thin,1,0.007148831924204346,20,59,79,load_extrapolation
0,208,poly3,3,19,8.571428571428571,197.14285714285717,2004.21381384588,none,1,0.0075177621687707585,24,0,24,load_extrapolation
0,208,poly3,3,19,8.571428571428571,197.14285714285717,2004.21381384588,scale,1,0.007148831924204346,24,18,42,load_extrapolation
0,208,poly3,3,19,8.571428571428571,197.14285714285717,2004.21381384588,scale+thin,1,0.007148831924204346,24,59,83,load_extrapolation
0,208,poly3,1,20,8.571428571428571,212.8571428571429,2119.4215005582246,none,0,,10,0,10,load_extrapolation
0,208,poly3,1,20,8.571428571428571,212.8571428571429,2119.4215005582246,scale,1,0.02203024331145964,10,19,29,load_extrapolation
0,208,poly3,1,20,8.571428571428571,212.8571428571429,2119.4215005582246,scale+thin,1,0.006809452118059944,10,80,90,load_extrapolation
0,208,poly3,2,20,8.571428571428571,212.8571428571429,2119.4215005582246,none,1,0.2555410169879706,20,0,20,load_extrapolation
0,208,poly3,2,20,8.571428571428571,212.8571428571429,2119.4215005582246,scale,1,0.18782667847255285,20,18,38,load_extrapolation
0,208,poly3,2,20,8.571428571428571,212.8571428571429,2119.4215005582246,scale+thin,1,0.18782667847255285,20,57,77,load_extrapolation
0,208,poly3,3,20,8.571428571428571,212.8571428571429,2119.4215005582246,none,1,0.2555410169879706,25,0,25,load_extrapolation
0,208,poly3,3,20,8.571428571428571,212.8571428571429,2119.4215005582246,scale,1,0.18782667847255285,25,18,43,load_extrapolation
0,208,poly3,3,20,8.571428571428571,212.8571428571429,2119.4215005582246,scale+thin,1,0.18782667847255285,25,57,82,load_extrapolation
0,208,poly3,1,21,8.571428571428571,228.57142857142856,2258.167962393494,none,0,,10,0,10,load_extrapolation
0,208,poly3,1,21,8.571428571428571,228.57142857142856,2258.167962393494,scale,1,0.020525683160813823,10,19,29,load_extrapolation
0,208,poly3,1,21,8.571428571428571,228.57142857142856,2258.167962393494,scale+thin,1,0.01541939734433484,10,81,91,load_extrapolation
0,208,poly3,2,21,8.571428571428571,228.57142857142856,2258.167962393494,none,1,0.24278696721718873,20,0,20,load_extrapolation
0,208,poly3,2,21,8.571428571428571,228.57142857142856,2258.167962393494,scale,1,0.15919113955118425,20,18,38,load_extrapolation
0,208,poly3,2,21,8.571428571428571,228.57142857142856,2258.167962393494,scale+thin,1,0.15919113955118425,20,57,77,load_extrapolation
0,208,poly3,3,21,8.571428571428571,228.57142857142856,2258.167962393494,none,1,0.24278696721718873,25,0,25,load_extrapolation
0,208,poly3,3,21,8.571428571428571,228.57142857142856,2258.167962393494,scale,1,0.15919113955118425,25,18,43,load_extrapolation
0,208,poly3,3,21,8.571428571428571,228.57142857142856,2258.167962393494,scale+thin,1,0.15919113955118425,25,57,82,load_extrapolation
0,208,poly3,1,22,8.571428571428571,244.28571428571428,2347.8753054507297,none,0,,10,0,10,load_extrapolation
0,208,poly3,1,22,8.571428571428571,244.28571428571428,2347.8753054507297,scale,1,0.05404704461332055,10,19,29,load_extrapolation
0,208,poly3,1,22,8.571428571428571,244.28571428571428,2347.8753054507297,scale+thin,1,0.04738642714219021,10,84,94,load_extrapolation
0,208,poly3,2,22,8.571428571428571,244.28571428571428,2347.8753054507297,none,1,0.18173697993756055,20,0,20,load_extrapolation
0,208,poly3,2,22,8.571428571428571,244.28571428571428,2347.8753054507297,scale,1,0.15676989395175567,20,18,38,load_extrapolation
0,208,poly3,2,22,8.571428571428571,244.28571428571428,2347.8753054507297,scale+thin,1,0.15676989395175567,20,58,78,load_extrapolation
0,208,poly3,3,22,8.571428571428571,244.28571428571428,2347.8753054507297,none,1,0.18173697993756055,26,0,26,load_extrapolation
0,208,poly3,3,22,8.571428571428571,244.28571428571428,2347.8753054507297,scale,1,0.15676989395175567,26,18,44,load_extrapolation
0,208,poly3,3,22,8.571428571428571,244.28571428571428,2347.8753054507297,scale+thin,1,0.15676989395175567,26,58,84,load_extrapolation
0,208,poly3,1,23,8.571428571428571,260.0,2454.6466970028446,none,0,,10,0,10,load_extrapolation
0,208,poly3,1,23,8.571428571428571,260.0,2454.6466970028446,scale,1,0.08952862136323625,10,19,29,load_extrapolation
0,208,poly3,1,23,8.571428571428571,260.0,2454.6466970028446,scale+thin,1,0.06390218540506076,10,86,96,load_extrapolation
0,208,poly3,2,23,8.571428571428571,260.0,2454.6466970028446,none,1,0.18318786176401503,14,0,14,load_extrapolation
0,208,poly3,2,23,8.571428571428571,260.0,2454.6466970028446,scale,1,0.1807247720666707,14,18,32,load_extrapolation
0,208,poly3,2,23,8.571428571428571,260.0,2454.6466970028446,scale+thin,1,0.16025898654064075,14,58,72,load_extrapolation
0,208,poly3,3,23,8.571428571428571,260.0,2454.6466970028446,none,1,0.18318786176401503,24,0,24,load_extrapolation
0,208,poly3,3,23,8.571428571428571,260.0,2454.6466970028446,scale,1,0.1807247720666707,24,18,42,load_extrapolation
0,208,poly3,3,23,8.571428571428571,260.0,2454.6466970028446,scale+thin,1,0.16025898654064075,24,58,82,load_extrapolation
0,208,poly3,1,24,9.857142857142858,150.0,2401.6635135318147,none,1,0.010213379239058629,10,0,10,load_extrapolation
0,208,poly3,1,24,9.857142857142858,150.0,2401.6635135318147,scale,1,0.010051532076946312,10,18,28,load_extrapolation
0,208,poly3,1,24,9.857142857142858,150.0,2401.6635135318147,scale+thin,1,-0.0010295628269157975,10,77,87,load_extrapolation
0,208,poly3,2,24,9.857142857142858,150.0,2401.6635135318147,none,1,0.010213379239058629,13,0,13,load_extrapolation
0,208,poly3,2,24,9.857142857142858,150.0,2401.6635135318147,scale,1,0.010051532076946312,13,18,31,load_extrapolation
0,208,poly3,2,24,9.857142857142858,150.0,2401.6635135318147,scale+thin,1,-0.0010295628269157975,13,77,90,load_extrapolation
0,208,poly3,3,24,9.857142857142858,150.0,2401.6635135318147,none,1,0.010213379239058629,16,0,16,load_extrapolation
0,208,poly3,3,24,9.857142857142858,150.0,2401.6635135318147,scale,1,0.010051532076946312,16,18,34,load_extrapolation
0,208,poly3,3,24,9.857142857142858,150.0,2401.6635135318147,scale+thin,1,-0.0010295628269157975,16,77,93,load_extrapolation
0,208,poly3,1,25,9.857142857142858,165.71428571428572,2596.489349148936,none,0,,10,0,10,load_extrapolation
0,208,poly3,1,25,9.857142857142858,165.71428571428572,2596.489349148936,scale,1,0.02760611563482307,10,19,29,load_extrapolation
0,208,poly3,1,25,9.857142857142858,165.71428571428572,2596.489349148936,scale+thin,1,0.020603693884305718,10,81,91,load_extrapolation
0,208,poly3,2,25,9.857142857142858,165.71428571428572,2596.489349148936,none,1,0.196389573582181,13,0,13,load_extrapolation
0,208,poly3,2,25,9.857142857142858,165.71428571428572,2596.489349148936,scale,1,0.19463769158613387,13,18,31,load_extrapolation
0,208,poly3,2,25,9.857142857142858,165.71428571428572,2596.489349148936,scale+thin,1,0.17549125775356522,13,58,71,load_extrapolation
0,208,poly3,3,25,9.857142857142858,165.71428571428572,2596.489349148936,none,1,0.196389573582181,16,0,16,load_extrapolation
0,208,poly3,3,25,9.857142857142858,165.71428571428572,2596.489349148936,scale,1,0.19463769158613387,16,18,34,load_extrapolation
0,208,poly3,3,25,9.857142857142858,165.71428571428572,2596.489349148936,scale+thin,1,0.17549125775356522,16,58,74,load_extrapolation
0,208,poly3,1,26,9.857142857142858,181.42857142857144,2778.4364695846,none,0,,10,0,10,load_extrapolation
0,208,poly3,1,26,9.857142857142858,181.42857142857144,2778.4364695846,scale,1,0.04057807340490416,10,19,29,load_extrapolation
0,208,poly3,1,26,9.857142857142858,181.42857142857144,2778.4364695846,scale+thin,1,0.04057807340490416,10,84,94,load_extrapolation
0,208,poly3,2,26,9.857142857142858,181.42857142857144,2778.4364695846,none,1,0.18884646400487193,20,0,20,load_extrapolation
0,208,poly3,2,26,9.857142857142858,181.42857142857144,2778.4364695846,scale,1,0.1626794688624189,20,18,38,load_extrapolation
0,208,poly3,2,26,9.857142857142858,181.42857142857144,2778.4364695846,scale+thin,1,0.1615490529528747,20,58,78,load_extrapolation
0,208,poly3,3,26,9.857142857142858,181.42857142857144,2778.4364695846,none,1,0.18884646400487193,23,0,23,load_extrapolation
0,208,poly3,3,26,9.857142857142858,181.42857142857144,2778.4364695846,scale,1,0.1626794688624189,23,18,41,load_extrapolation
0,208,poly3,3,26,9.857142857142858,181.42857142857144,2778.4364695846,scale+thin,1,0.1615490529528747,23,58,81,load_extrapolation
0,208,poly3,1,27,9.857142857142858,197.14285714285717,2934.59017073786,none,0,,10,0,10,load_extrapolation
0,208,poly3,1,27,9.857142857142858,197.14285714285717,2934.59017073786,scale,1,0.054681126100362576,10,19,29,load_extrapolation
0,208,poly3,1,27,9.857142857142858,197.14285714285717,2934.59017073786,scale+thin,1,0.054681126100362576,10,86,96,load_extrapolation
0,208,poly3,2,27,9.857142857142858,197.14285714285717,2934.59017073786,none,1,0.17232459295075597,20,0,20,load_extrapolation
0,208,poly3,2,27,9.857142857142858,197.14285714285717,2934.59017073786,scale,1,0.16332624671074014,20,18,38,load_extrapolation
0,208,poly3,2,27,9.857142857142858,197.14285714285717,2934.59017073786,scale+thin,1,0.16332624671074014,20,77,97,load_extrapolation
0,208,poly3,3,27,9.857142857142858,197.14285714285717,2934.59017073786,none,1,0.17232459295075597,30,0,30,load_extrapolation
0,208,poly3,3,27,9.857142857142858,197.14285714285717,2934.59017073786,scale,1,0.16332624671074014,30,18,48,load_extrapolation
0,208,poly3,3,27,9.857142857142858,197.14285714285717,2934.59017073786,scale+thin,1,0.16332624671074014,30,77,107,load_extrapolation
0,208,poly3,1,28,9.857142857142858,212.8571428571429,3092.903946849261,none,0,,10,0,10,load_extrapolation
0,208,poly3,1,28,9.857142857142858,212.8571428571429,3092.903946849261,scale,1,0.259603451084492,10,19,29,load_extrapolation
0,208,poly3,1,28,9.857142857142858,212.8571428571429,3092.903946849261,scale+thin,1,0.11301688926293374,10,72,82,load_extrapolation
0,208,poly3,2,28,9.857142857142858,212.8571428571429,3092.903946849261,none,1,0.17877636407467157,20,0,20,load_extrapolation
0,208,poly3,2,28,9.857142857142858,212.8571428571429,3092.903946849261,scale,1,0.16741827584436964,20,18,38,load_extrapolation
0,208,poly3,2,28,9.857142857142858,212.8571428571429,3092.903946849261,scale+thin,1,0.011054936820302785,20,80,100,load_extrapolation
0,208,poly3,3,28,9.857142857142858,212.8571428571429,3092.903946849261,none,1,0.17877636407467157,30,0,30,load_extrapolation
0,208,poly3,3,28,9.857142857142858,212.8571428571429,3092.903946849261,scale,1,0.16741827584436964,30,18,48,load_extrapolation
0,208,poly3,3,28,9.857142857142858,212.8571428571429,3092.903946849261,scale+thin,1,0.011054936820302785,30,80,110,load_extrapolation
0,208,poly3,1,29,9.857142857142858,228.57142857142856,3278.0505051710666,none,0,,10,0,10,load_extrapolation
0,208,poly3,1,29,9.857142857142858,228.57142857142856,3278.0505051710666,scale,1,0.24755896516010467,10,19,29,load_extrapolation
0,208,poly3,1,29,9.857142857142858,228.57142857142856,3278.0505051710666,scale+thin,1,0.12676282123342952,10,72,82,load_extrapolation
0,208,poly3,2,29,9.857142857142858,228.57142857142856,3278.0505051710666,none,1,0.19787436202265596,20,0,20,load_extrapolation
0,208,poly3,2,29,9.857142857142858,228.57142857142856,3278.0505051710666,scale,1,0.16666032315652424,20,18,38,load_extrapolation
0,208,poly3,2,29,9.857142857142858,228.57142857142856,3278.0505051710666,scale+thin,1,0.007827105253984445,20,81,101,load_extrapolation
0,208,poly3,3,29,9.857142857142858,228.57142857142856,3278.0505051710666,none,1,0.19787436202265596,30,0,30,load_extrapolation
0,208,poly3,3,29,9.857142857142858,228.57142857142856,3278.0505051710666,scale,1,0.16666032315652424,30,18,48,load_extrapolation
0,208,poly3,3,29,9.857142857142858,228.57142857142856,3278.0505051710666,scale+thin,1,0.007827105253984445,30,81,111,load_extrapolation
0,208,poly3,1,30,9.857142857142858,244.28571428571428,3503.3130527973344,none,0,,10,0,10,load_extrapolation
0,208,poly3,1,30,9.857142857142858,244.28571428571428,3503.3130527973344,scale,1,0.2903247694262252,10,21,31,load_extrapolation
0,208,poly3,1,30,9.857142857142858,244.28571428571428,3503.3130527973344,scale+thin,1,0.1303935156785203,10,76,86,load_extrapolation
0,208,poly3,2,30,9.857142857142858,244.28571428571428,3503.3130527973344,none,1,0.1404610032628455,17,0,17,load_extrapolation
0,208,poly3,2,30,9.857142857142858,244.28571428571428,3503.3130527973344,scale,1,0.14022608763383282,17,18,35,load_extrapolation
0,208,poly3,2,30,9.857142857142858,244.28571428571428,3503.3130527973344,scale+thin,1,0.0074216284773038765,17,83,100,load_extrapolation
0,208,poly3,3,30,9.857142857142858,244.28571428571428,3503.3130527973344,none,1,0.1404610032628455,27,0,27,load_extrapolation
0,208,poly3,3,30,9.857142857142858,244.28571428571428,3503.3130527973344,scale,1,0.14022608763383282,27,18,45,load_extrapolation
0,208,poly3,3,30,9.857142857142858,244.28571428571428,3503.3130527973344,scale+thin,1,0.0074216284773038765,27,83,110,load_extrapolation
0,208,poly3,1,31,9.857142857142858,260.0,3720.59576057169,none,0,,10,0,10,load_extrapolation
0,208,poly3,1,31,9.857142857142858,260.0,3720.59576057169,scale,1,0.15050764738898925,10,22,32,load_extrapolation
0,208,poly3,1,31,9.857142857142858,260.0,3720.59576057169,scale+thin,1,0.15050757228312017,10,62,72,load_extrapolation
0,208,poly3,2,31,9.857142857142858,260.0,3720.59576057169,none,0,,20,0,20,load_extrapolation
0,208,poly3,2,31,9.857142857142858,260.0,3720.59576057169,scale,1,0.1476617372033584,20,19,39,load_extrapolation
0,208,poly3,2,31,9.857142857142858,260.0,3720.59576057169,scale+thin,1,0.022515821707322692,20,86,106,load_extrapolation
0,208,poly3,3,31,9.857142857142858,260.0,3720.59576057169,none,1,0.1946473710996619,30,0,30,load_extrapolation
0,208,poly3,3,31,9.857142857142858,260.0,3720.59576057169,scale,1,0.188148526211386,30,18,48,load_extrapolation
0,208,poly3,3,31,9.857142857142858,260.0,3720.59576057169,scale+thin,1,0.188148526211386,30,82,112,load_extrapolation
0,208,poly3,1,32,11.142857142857142,150.0,3412.4966998531304,none,1,0.005085431785707195,6,0,6,load_extrapolation
0,208,poly3,1,32,11.142857142857142,150.0,3412.4966998531304,scale,1,0.004947409045163997,6,18,24,load_extrapolation
0,208,poly3,1,32,11.142857142857142,150.0,3412.4966998531304,scale+thin,1,0.0013553082983954745,6,77,83,load_extrapolation
0,208,poly3,2,32,11.142857142857142,150.0,3412.4966998531304,none,1,0.005085431785707195,16,0,16,load_extrapolation
0,208,poly3,2,32,11.142857142857142,150.0,3412.4966998531304,scale,1,0.004947409045163997,16,18,34,load_extrapolation
0,208,poly3,2,32,11.142857142857142,150.0,3412.4966998531304,scale+thin,1,0.0013553082983954745,16,77,93,load_extrapolation
0,208,poly3,3,32,11.142857142857142,150.0,3412.4966998531304,none,1,0.005085431785707195,19,0,19,load_extrapolation
0,208,poly3,3,32,11.142857142857142,150.0,3412.4966998531304,scale,1,0.004947409045163997,19,18,37,load_extrapolation
0,208,poly3,3,32,11.142857142857142,150.0,3412.4966998531304,scale+thin,1,0.0013553082983954745,19,77,96,load_extrapolation
0,208,poly3,1,33,11.142857142857142,165.71428571428572,3681.539358959639,none,0,,10,0,10,load_extrapolation
0,208,poly3,1,33,11.142857142857142,165.71428571428572,3681.539358959639,scale,1,0.010830094516722566,10,19,29,load_extrapolation
0,208,poly3,1,33,11.142857142857142,165.71428571428572,3681.539358959639,scale+thin,1,0.010830094516722566,10,81,91,load_extrapolation
0,208,poly3,2,33,11.142857142857142,165.71428571428572,3681.539358959639,none,0,,20,0,20,load_extrapolation
0,208,poly3,2,33,11.142857142857142,165.71428571428572,3681.539358959639,scale,1,0.010830094516722566,20,19,39,load_extrapolation
0,208,poly3,2,33,11.142857142857142,165.71428571428572,3681.539358959639,scale+thin,1,0.010830094516722566,20,81,101,load_extrapolation
0,208,poly3,3,33,11.142857142857142,165.71428571428572,3681.539358959639,none,1,0.25760603733275445,27,0,27,load_extrapolation
0,208,poly3,3,33,11.142857142857142,165.71428571428572,3681.539358959639,scale,1,0.2572606492358487,27,18,45,load_extrapolation
0,208,poly3,3,33,11.142857142857142,165.71428571428572,3681.539358959639,scale+thin,1,0.2572606492358487,27,77,104,load_extrapolation
0,208,poly3,1,34,11.142857142857142,181.42857142857144,4001.813446814073,none,0,,10,0,10,load_extrapolation
0,208,poly3,1,34,11.142857142857142,181.42857142857144,4001.813446814073,scale,1,0.18883557606567702,10,19,29,load_extrapolation
0,208,poly3,1,34,11.142857142857142,181.42857142857144,4001.813446814073,scale+thin,1,0.02408985196402824,10,84,94,load_extrapolation
0,208,poly3,2,34,11.142857142857142,181.42857142857144,4001.813446814073,none,0,,20,0,20,load_extrapolation
0,208,poly3,2,34,11.142857142857142,181.42857142857144,4001.813446814073,scale,1,0.18883557606567702,20,19,39,load_extrapolation
0,208,poly3,2,34,11.142857142857142,181.42857142857144,4001.813446814073,scale+thin,1,0.02408985196402824,20,84,104,load_extrapolation
0,208,poly3,3,34,11.142857142857142,181.42857142857144,4001.813446814073,none,1,0.23800926736965722,30,0,30,load_extrapolation
0,208,poly3,3,34,11.142857142857142,181.42857142857144,4001.813446814073,scale,1,0.23749927580133878,30,18,48,load_extrapolation
0,208,poly3,3,34,11.142857142857142,181.42857142857144,4001.813446814073,scale+thin,1,0.23749927580133878,30,80,110,load_extrapolation
0,208,poly3,1,35,11.142857142857142,197.14285714285717,4332.975062229721,none,0,,10,0,10,load_extrapolation
0,208,poly3,1,35,11.142857142857142,197.14285714285717,4332.975062229721,scale,1,0.16385541592403552,10,19,29,load_extrapolation
0,208,poly3,1,35,11.142857142857142,197.14285714285717,4332.975062229721,scale+thin,1,0.023141556674116437,10,86,96,load_extrapolation
0,208,poly3,2,35,11.142857142857142,197.14285714285717,4332.975062229721,none,0,,20,0,20,load_extrapolation
0,208,poly3,2,35,11.142857142857142,197.14285714285717,4332.975062229721,scale,1,0.16385541592403552,20,19,39,load_extrapolation
0,208,poly3,2,35,11.142857142857142,197.14285714285717,4332.975062229721,scale+thin,1,0.023141556674116437,20,86,106,load_extrapolation
0,208,poly3,3,35,11.142857142857142,197.14285714285717,4332.975062229721,none,1,0.20986106899171775,30,0,30,load_extrapolation
0,208,poly3,3,35,11.142857142857142,197.14285714285717,4332.975062229721,scale,1,0.20980568658098653,30,18,48,load_extrapolation
0,208,poly3,3,35,11.142857142857142,197.14285714285717,4332.975062229721,scale+thin,1,0.20980568658098653,30,83,113,load_extrapolation
0,208,poly3,1,36,11.142857142857142,212.8571428571429,4658.140801057062,none,0,,10,0,10,load_extrapolation
0,208,poly3,1,36,11.142857142857142,212.8571428571429,4658.140801057062,scale,1,0.13906299262639044,10,19,29,load_extrapolation
0,208,poly3,1,36,11.142857142857142,212.8571428571429,4658.140801057062,scale+thin,1,0.037678227104551265,10,71,81,load_extrapolation
0,208,poly3,2,36,11.142857142857142,212.8571428571429,4658.140801057062,none,0,,20,0,20,load_extrapolation
0,208,poly3,2,36,11.142857142857142,212.8571428571429,4658.140801057062,scale,1,0.13906299262639044,20,19,39,load_extrapolation
0,208,poly3,2,36,11.142857142857142,212.8571428571429,4658.140801057062,scale+thin,1,0.037678227104551265,20,71,91,load_extrapolation
0,208,poly3,3,36,11.142857142857142,212.8571428571429,4658.140801057062,none,1,0.18279694737134644,30,0,30,load_extrapolation
0,208,poly3,3,36,11.142857142857142,212.8571428571429,4658.140801057062,scale,1,0.18268866155512664,30,18,48,load_extrapolation
0,208,poly3,3,36,11.142857142857142,212.8571428571429,4658.140801057062,scale+thin,1,0.18268866155512664,30,85,115,load_extrapolation
0,208,poly3,1,37,11.142857142857142,228.57142857142856,5137.886749115688,none,0,,10,0,10,load_extrapolation
0,208,poly3,1,37,11.142857142857142,228.57142857142856,5137.886749115688,scale,1,7.164374467016899e-07,10,22,32,load_extrapolation
0,208,poly3,1,37,11.142857142857142,228.57142857142856,5137.886749115688,scale+thin,1,7.164374467016899e-07,10,75,85,load_extrapolation
0,208,poly3,2,37,11.142857142857142,228.57142857142856,5137.886749115688,none,0,,20,0,20,load_extrapolation
0,208,poly3,2,37,11.142857142857142,228.57142857142856,5137.886749115688,scale,1,7.164374467016899e-07,20,22,42,load_extrapolation
0,208,poly3,2,37,11.142857142857142,228.57142857142856,5137.886749115688,scale+thin,1,7.164374467016899e-07,20,75,95,load_extrapolation
0,208,poly3,3,37,11.142857142857142,228.57142857142856,5137.886749115688,none,0,,30,0,30,load_extrapolation
0,208,poly3,3,37,11.142857142857142,228.57142857142856,5137.886749115688,scale,1,0.15456865578680135,30,20,50,load_extrapolation
0,208,poly3,3,37,11.142857142857142,228.57142857142856,5137.886749115688,scale+thin,1,0.15456865578680135,30,72,102,load_extrapolation
0,208,poly3,1,38,11.142857142857142,244.28571428571428,6871.433005819378,none,0,,10,0,10,load_extrapolation
0,208,poly3,1,38,11.142857142857142,244.28571428571428,6871.433005819378,scale,0,,10,9,19,load_extrapolation
0,208,poly3,1,38,11.142857142857142,244.28571428571428,6871.433005819378,scale+thin,0,,10,33,43,load_extrapolation
0,208,poly3,2,38,11.142857142857142,244.28571428571428,6871.433005819378,none,0,,20,0,20,load_extrapolation
0,208,poly3,2,38,11.142857142857142,244.28571428571428,6871.433005819378,scale,0,,20,9,29,load_extrapolation
0,208,poly3,2,38,11.142857142857142,244.28571428571428,6871.433005819378,scale+thin,0,,20,33,53,load_extrapolation
0,208,poly3,3,38,11.142857142857142,244.28571428571428,6871.433005819378,none,0,,30,0,30,load_extrapolation
0,208,poly3,3,38,11.142857142857142,244.28571428571428,6871.433005819378,scale,1,-2.870174357127997e-05,30,22,52,load_extrapolation
0,208,poly3,3,38,11.142857142857142,244.28571428571428,6871.433005819378,scale+thin,1,-2.8828148531001574e-05,30,75,105,load_extrapolation
0,208,poly3,1,39,11.142857142857142,260.0,8337.065935629631,none,0,,10,0,10,load_extrapolation
0,208,poly3,1,39,11.142857142857142,260.0,8337.065935629631,scale,0,,10,9,19,load_extrapolation
0,208,poly3,1,39,11.142857142857142,260.0,8337.065935629631,scale+thin,0,,10,33,43,load_extrapolation
0,208,poly3,2,39,11.142857142857142,260.0,8337.065935629631,none,0,,20,0,20,load_extrapolation
0,208,poly3,2,39,11.142857142857142,260.0,8337.065935629631,scale,0,,20,9,29,load_extrapolation
0,208,poly3,2,39,11.142857142857142,260.0,8337.065935629631,scale+thin,0,,20,33,53,load_extrapolation
0,208,poly3,3,39,11.142857142857142,260.0,8337.065935629631,none,0,,30,0,30,load_extrapolation
0,208,poly3,3,39,11.142857142857142,260.0,8337.065935629631,scale,0,,30,9,39,load_extrapolation
0,208,poly3,3,39,11.142857142857142,260.0,8337.065935629631,scale+thin,0,,30,33,63,load_extrapolation
0,208,poly3,1,40,12.428571428571429,150.0,4886.521183652799,none,0,,10,0,10,load_extrapolation
0,208,poly3,1,40,12.428571428571429,150.0,4886.521183652799,scale,1,0.0015906211392975322,10,19,29,load_extrapolation
0,208,poly3,1,40,12.428571428571429,150.0,4886.521183652799,scale+thin,1,0.0015906211392975322,10,86,96,load_extrapolation
0,208,poly3,2,40,12.428571428571429,150.0,4886.521183652799,none,0,,20,0,20,load_extrapolation
0,208,poly3,2,40,12.428571428571429,150.0,4886.521183652799,scale,1,0.0015906211392975322,20,19,39,load_extrapolation
0,208,poly3,2,40,12.428571428571429,150.0,4886.521183652799,scale+thin,1,0.0015906211392975322,20,86,106,load_extrapolation
0,208,poly3,3,40,12.428571428571429,150.0,4886.521183652799,none,1,0.2544990351322425,30,0,30,load_extrapolation
0,208,poly3,3,40,12.428571428571429,150.0,4886.521183652799,scale,1,0.25401095814246033,30,18,48,load_extrapolation
0,208,poly3,3,40,12.428571428571429,150.0,4886.521183652799,scale+thin,1,0.25401095814246033,30,83,113,load_extrapolation
0,208,poly3,1,41,12.428571428571429,165.71428571428572,5340.456835444255,none,0,,10,0,10,load_extrapolation
0,208,poly3,1,41,12.428571428571429,165.71428571428572,5340.456835444255,scale,1,0.17260450484090462,10,19,29,load_extrapolation
0,208,poly3,1,41,12.428571428571429,165.71428571428572,5340.456835444255,scale+thin,1,0.040796421136018335,10,72,82,load_extrapolation
0,208,poly3,2,41,12.428571428571429,165.71428571428572,5340.456835444255,none,0,,20,0,20,load_extrapolation
0,208,poly3,2,41,12.428571428571429,165.71428571428572,5340.456835444255,scale,1,0.17260450484090462,20,19,39,load_extrapolation
0,208,poly3,2,41,12.428571428571429,165.71428571428572,5340.456835444255,scale+thin,1,0.040796421136018335,20,72,92,load_extrapolation
0,208,poly3,3,41,12.428571428571429,165.71428571428572,5340.456835444255,none,0,,30,0,30,load_extrapolation
0,208,poly3,3,41,12.428571428571429,165.71428571428572,5340.456835444255,scale,1,0.22766180781896916,30,19,49,load_extrapolation
0,208,poly3,3,41,12.428571428571429,165.71428571428572,5340.456835444255,scale+thin,1,0.22766180781896916,30,86,116,load_extrapolation
0,208,poly3,1,42,12.428571428571429,181.42857142857144,7499.029230834781,none,0,,10,0,10,load_extrapolation
0,208,poly3,1,42,12.428571428571429,181.42857142857144,7499.029230834781,scale,0,,10,9,19,load_extrapolation
0,208,poly3,1,42,12.428571428571429,181.42857142857144,7499.029230834781,scale+thin,0,,10,33,43,load_extrapolation
0,208,poly3,2,42,12.428571428571429,181.42857142857144,7499.029230834781,none,0,,20,0,20,load_extrapolation
0,208,poly3,2,42,12.428571428571429,181.42857142857144,7499.029230834781,scale,0,,20,9,29,load_extrapolation
0,208,poly3,2,42,12.428571428571429,181.42857142857144,7499.029230834781,scale+thin,0,,20,33,53,load_extrapolation
0,208,poly3,3,42,12.428571428571429,181.42857142857144,7499.029230834781,none,0,,30,0,30,load_extrapolation
0,208,poly3,3,42,12.428571428571429,181.42857142857144,7499.029230834781,scale,1,-4.815444632488841e-06,30,22,52,load_extrapolation
0,208,poly3,3,42,12.428571428571429,181.42857142857144,7499.029230834781,scale+thin,1,-4.815444632488841e-06,30,75,105,load_extrapolation
0,208,poly3,1,43,12.428571428571429,197.14285714285717,9997.68170860264,none,0,,10,0,10,load_extrapolation
0,208,poly3,1,43,12.428571428571429,197.14285714285717,9997.68170860264,scale,0,,10,9,19,load_extrapolation
0,208,poly3,1,43,12.428571428571429,197.14285714285717,9997.68170860264,scale+thin,0,,10,33,43,load_extrapolation
0,208,poly3,2,43,12.428571428571429,197.14285714285717,9997.68170860264,none,0,,20,0,20,load_extrapolation
0,208,poly3,2,43,12.428571428571429,197.14285714285717,9997.68170860264,scale,0,,20,9,29,load_extrapolation
0,208,poly3,2,43,12.428571428571429,197.14285714285717,9997.68170860264,scale+thin,0,,20,33,53,load_extrapolation
0,208,poly3,3,43,12.428571428571429,197.14285714285717,9997.68170860264,none,0,,30,0,30,load_extrapolation
0,208,poly3,3,43,12.428571428571429,197.14285714285717,9997.68170860264,scale,0,,30,9,39,load_extrapolation
0,208,poly3,3,43,12.428571428571429,197.14285714285717,9997.68170860264,scale+thin,0,,30,33,63,load_extrapolation
0,208,poly3,1,44,12.428571428571429,212.8571428571429,12790.67961945902,none,0,,10,0,10,load_extrapolation
0,208,poly3,1,44,12.428571428571429,212.8571428571429,12790.67961945902,scale,0,,10,9,19,load_extrapolation
0,208,poly3,1,44,12.428571428571429,212.8571428571429,12790.67961945902,scale+thin,0,,10,33,43,load_extrapolation
0,208,poly3,2,44,12.428571428571429,212.8571428571429,12790.67961945902,none,0,,20,0,20,load_extrapolation
0,208,poly3,2,44,12.428571428571429,212.8571428571429,12790.67961945902,scale,0,,20,9,29,load_extrapolation
0,208,poly3,2,44,12.428571428571429,212.8571428571429,12790.67961945902,scale+thin,0,,20,33,53,load_extrapolation
0,208,poly3,3,44,12.428571428571429,212.8571428571429,12790.67961945902,none,0,,30,0,30,load_extrapolation
0,208,poly3,3,44,12.428571428571429,212.8571428571429,12790.67961945902,scale,0,,30,9,39,load_extrapolation
0,208,poly3,3,44,12.428571428571429,212.8571428571429,12790.67961945902,scale+thin,0,,30,33,63,load_extrapolation
0,208,poly3,1,45,13.714285714285715,150.0,11343.005436312367,none,0,,10,0,10,load_extrapolation
0,208,poly3,1,45,13.714285714285715,150.0,11343.005436312367,scale,0,,10,9,19,load_extrapolation
0,208,poly3,1,45,13.714285714285715,150.0,11343.005436312367,scale+thin,0,,10,33,43,load_extrapolation
0,208,poly3,2,45,13.714285714285715,150.0,11343.005436312367,none,1,0.14954090154876365,13,0,13,load_extrapolation
0,208,poly3,2,45,13.714285714285715,150.0,11343.005436312367,scale,1,0.14872953188401428,13,18,31,load_extrapolation
0,208,poly3,2,45,13.714285714285715,150.0,11343.005436312367,scale+thin,1,0.14872953188401428,13,82,95,load_extrapolation
0,208,poly3,3,45,13.714285714285715,150.0,11343.005436312367,none,1,0.14954090154876365,23,0,23,load_extrapolation
0,208,poly3,3,45,13.714285714285715,150.0,11343.005436312367,scale,1,0.14872953188401428,23,18,41,load_extrapolation
0,208,poly3,3,45,13.714285714285715,150.0,11343.005436312367,scale+thin,1,0.14872953188401428,23,82,105,load_extrapolation
0,208,poly3,1,46,13.714285714285715,165.71428571428572,15604.275186931443,none,0,,10,0,10,load_extrapolation
0,208,poly3,1,46,13.714285714285715,165.71428571428572,15604.275186931443,scale,0,,10,9,19,load_extrapolation
0,208,poly3,1,46,13.714285714285715,165.71428571428572,15604.275186931443,scale+thin,0,,10,33,43,load_extrapolation
0,208,poly3,2,46,13.714285714285715,165.71428571428572,15604.275186931443,none,0,,20,0,20,load_extrapolation
0,208,poly3,2,46,13.714285714285715,165.71428571428572,15604.275186931443,scale,1,-8.16365329669999e-06,20,22,42,load_extrapolation
0,208,poly3,2,46,13.714285714285715,165.71428571428572,15604.275186931443,scale+thin,1,-8.96164638941599e-06,20,75,95,load_extrapolation
0,208,poly3,3,46,13.714285714285715,165.71428571428572,15604.275186931443,none,0,,30,0,30,load_extrapolation
0,208,poly3,3,46,13.714285714285715,165.71428571428572,15604.275186931443,scale,1,-8.16365329669999e-06,30,22,52,load_extrapolation
0,208,poly3,3,46,13.714285714285715,165.71428571428572,15604.275186931443,scale+thin,1,-8.96164638941599e-06,30,75,105,load_extrapolation
0,208,mlp,1,0,6.0,150.0,718.2839060185494,none,1,0.0036431568290802296,4,0,4,load_extrapolation
0,208,mlp,1,0,6.0,150.0,718.2839060185494,scale,1,0.0021276058575776524,4,18,22,load_extrapolation
0,208,mlp,1,0,6.0,150.0,718.2839060185494,scale+thin,1,0.0021276058575776524,4,55,59,load_extrapolation
0,208,mlp,2,0,6.0,150.0,718.2839060185494,none,1,0.0036431568290802296,7,0,7,load_extrapolation
0,208,mlp,2,0,6.0,150.0,718.2839060185494,scale,1,0.0021276058575776524,7,18,25,load_extrapolation
0,208,mlp,2,0,6.0,150.0,718.2839060185494,scale+thin,1,0.0021276058575776524,7,55,62,load_extrapolation
0,208,mlp,3,0,6.0,150.0,718.2839060185494,none,1,0.0036431568290802296,12,0,12,load_extrapolation
0,208,mlp,3,0,6.0,150.0,718.2839060185494,scale,1,0.0021276058575776524,12,18,30,load_extrapolation
0,208,mlp,3,0,6.0,150.0,718.2839060185494,scale+thin,1,0.0021276058575776524,12,55,67,load_extrapolation
0,208,mlp,1,1,6.0,165.71428571428572,766.0869680124856,none,1,-0.0012781280137174056,4,0,4,load_extrapolation
0,208,mlp,1,1,6.0,165.71428571428572,766.0869680124856,scale,1,-0.002786247600893965,4,18,22,load_extrapolation
0,208,mlp,1,1,6.0,165.71428571428572,766.0869680124856,scale+thin,1,-0.002786247600893965,4,55,59,load_extrapolation
0,208,mlp,2,1,6.0,165.71428571428572,766.0869680124856,none,1,-0.0012781280137174056,9,0,9,load_extrapolation
0,208,mlp,2,1,6.0,165.71428571428572,766.0869680124856,scale,1,-0.002786247600893965,9,18,27,load_extrapolation
0,208,mlp,2,1,6.0,165.71428571428572,766.0869680124856,scale+thin,1,-0.002786247600893965,9,55,64,load_extrapolation
0,208,mlp,3,1,6.0,165.71428571428572,766.0869680124856,none,1,-0.0012781280137174056,14,0,14,load_extrapolation
0,208,mlp,3,1,6.0,165.71428571428572,766.0869680124856,scale,1,-0.002786247600893965,14,18,32,load_extrapolation
0,208,mlp,3,1,6.0,165.71428571428572,766.0869680124856,scale+thin,1,-0.002786247600893965,14,55,69,load_extrapolation
0,208,mlp,1,2,6.0,181.42857142857144,809.0128740060688,none,1,0.0013398183311752465,4,0,4,load_extrapolation
0,208,mlp,1,2,6.0,181.42857142857144,809.0128740060688,scale,1,-0.00017225448489488482,4,18,22,load_extrapolation
0,208,mlp,1,2,6.0,181.42857142857144,809.0128740060688,scale+thin,1,-0.00017225448489488482,4,55,59,load_extrapolation
0,208,mlp,2,2,6.0,181.42857142857144,809.0128740060688,none,1,0.0013398183311752465,9,0,9,load_extrapolation
0,208,mlp,2,2,6.0,181.42857142857144,809.0128740060688,scale,1,-0.00017225448489488482,9,18,27,load_extrapolation
0,208,mlp,2,2,6.0,181.42857142857144,809.0128740060688,scale+thin,1,-0.00017225448489488482,9,55,64,load_extrapolation
0,208,mlp,3,2,6.0,181.42857142857144,809.0128740060688,none,1,0.0013398183311752465,14,0,14,load_extrapolation
0,208,mlp,3,2,6.0,181.42857142857144,809.0128740060688,scale,1,-0.00017225448489488482,14,18,32,load_extrapolation
0,208,mlp,3,2,6.0,181.42857142857144,809.0128740060688,scale+thin,1,-0.00017225448489488482,14,55,69,load_extrapolation
0,208,mlp,1,3,6.0,197.14285714285717,854.6554477993761,none,1,0.00027054380596669425,4,0,4,load_extrapolation
0,208,mlp,1,3,6.0,197.14285714285717,854.6554477993761,scale,1,-0.0012399143525089196,4,18,22,load_extrapolation
0,208,mlp,1,3,6.0,197.14285714285717,854.6554477993761,scale+thin,1,-0.0012399143525089196,4,55,59,load_extrapolation
0,208,mlp,2,3,6.0,197.14285714285717,854.6554477993761,none,1,0.00027054380596669425,9,0,9,load_extrapolation
0,208,mlp,2,3,6.0,197.14285714285717,854.6554477993761,scale,1,-0.0012399143525089196,9,18,27,load_extrapolation
0,208,mlp,2,3,6.0,197.14285714285717,854.6554477993761,scale+thin,1,-0.0012399143525089196,9,55,64,load_extrapolation
0,208,mlp,3,3,6.0,197.14285714285717,854.6554477993761,none,1,0.00027054380596669425,14,0,14,load_extrapolation
0,208,mlp,3,3,6.0,197.14285714285717,854.6554477993761,scale,1,-0.0012399143525089196,14,18,32,load_extrapolation
0,208,mlp,3,3,6.0,197.14285714285717,854.6554477993761,scale+thin,1,-0.0012399143525089196,14,55,69,load_extrapolation
0,208,mlp,1,4,6.0,212.8571428571429,895.7569021904145,none,1,0.003895772718147006,4,0,4,load_extrapolation
0,208,mlp,1,4,6.0,212.8571428571429,895.7569021904145,scale,1,0.002379840284116419,4,18,22,load_extrapolation
0,208,mlp,1,4,6.0,212.8571428571429,895.7569021904145,scale+thin,1,0.002379840284116419,4,56,60,load_extrapolation
0,208,mlp,2,4,6.0,212.8571428571429,895.7569021904145,none,1,0.003895772718147006,9,0,9,load_extrapolation
0,208,mlp,2,4,6.0,212.8571428571429,895.7569021904145,scale,1,0.002379840284116419,9,18,27,load_extrapolation
0,208,mlp,2,4,6.0,212.8571428571429,895.7569021904145,scale+thin,1,0.002379840284116419,9,56,65,load_extrapolation
0,208,mlp,3,4,6.0,212.8571428571429,895.7569021904145,none,1,0.003895772718147006,14,0,14,load_extrapolation
0,208,mlp,3,4,6.0,212.8571428571429,895.7569021904145,scale,1,0.002379840284116419,14,18,32,load_extrapolation
0,208,mlp,3,4,6.0,212.8571428571429,895.7569021904145,scale+thin,1,0.002379840284116419,14,56,70,load_extrapolation
0,208,mlp,1,5,6.0,228.57142857142856,927.0052988628717,none,1,0.018034172781931312,4,0,4,load_extrapolation
0,208,mlp,1,5,6.0,228.57142857142856,927.0052988628717,scale,1,0.016496890662201835,4,18,22,load_extrapolation
0,208,mlp,1,5,6.0,228.57142857142856,927.0052988628717,scale+thin,1,0.015190999209230283,4,74,78,load_extrapolation
0,208,mlp,2,5,6.0,228.57142857142856,927.0052988628717,none,1,0.018034172781931312,9,0,9,load_extrapolation
0,208,mlp,2,5,6.0,228.57142857142856,927.0052988628717,scale,1,0.016496890662201835,9,18,27,load_extrapolation
0,208,mlp,2,5,6.0,228.57142857142856,927.0052988628717,scale+thin,1,0.015190999209230283,9,74,83,load_extrapolation
0,208,mlp,3,5,6.0,228.57142857142856,927.0052988628717,none,1,0.018034172781931312,14,0,14,load_extrapolation
0,208,mlp,3,5,6.0,228.57142857142856,927.0052988628717,scale,1,0.016496890662201835,14,18,32,load_extrapolation
0,208,mlp,3,5,6.0,228.57142857142856,927.0052988628717,scale+thin,1,0.015190999209230283,14,74,88,load_extrapolation
0,208,mlp,1,6,6.0,244.28571428571428,968.4098952439792,none,1,0.020346458901801645,4,0,4,load_extrapolation
0,208,mlp,1,6,6.0,244.28571428571428,968.4098952439792,scale,1,0.01880568511528602,4,18,22,load_extrapolation
0,208,mlp,1,6,6.0,244.28571428571428,968.4098952439792,scale+thin,1,0.01571001763503488,4,74,78,load_extrapolation
0,208,mlp,2,6,6.0,244.28571428571428,968.4098952439792,none,1,0.020346458901801645,9,0,9,load_extrapolation
0,208,mlp,2,6,6.0,244.28571428571428,968.4098952439792,scale,1,0.01880568511528602,9,18,27,load_extrapolation
0,208,mlp,2,6,6.0,244.28571428571428,968.4098952439792,scale+thin,1,0.01571001763503488,9,74,83,load_extrapolation
0,208,mlp,3,6,6.0,244.28571428571428,968.4098952439792,none,1,0.020346458901801645,14,0,14,load_extrapolation
0,208,mlp,3,6,6.0,244.28571428571428,968.4098952439792,scale,1,0.01880568511528602,14,18,32,load_extrapolation
0,208,mlp,3,6,6.0,244.28571428571428,968.4098952439792,scale+thin,1,0.01571001763503488,14,74,88,load_extrapolation
0,208,mlp,1,7,6.0,260.0,1013.7382545756694,none,1,0.018252210380036438,4,0,4,load_extrapolation
0,208,mlp,1,7,6.0,260.0,1013.7382545756694,scale,1,0.016831044048267074,4,18,22,load_extrapolation
0,208,mlp,1,7,6.0,260.0,1013.7382545756694,scale+thin,1,0.012624854274532415,4,75,79,load_extrapolation
0,208,mlp,2,7,6.0,260.0,1013.7382545756694,none,1,0.018252210380036438,9,0,9,load_extrapolation
0,208,mlp,2,7,6.0,260.0,1013.7382545756694,scale,1,0.016831044048267074,9,18,27,load_extrapolation
0,208,mlp,2,7,6.0,260.0,1013.7382545756694,scale+thin,1,0.012624854274532415,9,75,84,load_extrapolation
0,208,mlp,3,7,6.0,260.0,1013.7382545756694,none,1,0.018252210380036438,14,0,14,load_extrapolation
0,208,mlp,3,7,6.0,260.0,1013.7382545756694,scale,1,0.016831044048267074,14,18,32,load_extrapolation
0,208,mlp,3,7,6.0,260.0,1013.7382545756694,scale+thin,1,0.012624854274532415,14,75,89,load_extrapolation
0,208,mlp,1,8,7.285714285714286,150.0,1153.3708205133214,none,1,0.17975770136077496,3,0,3,load_extrapolation
0,208,mlp,1,8,7.285714285714286,150.0,1153.3708205133214,scale,1,0.1772747781305153,3,18,21,load_extrapolation
0,208,mlp,1,8,7.285714285714286,150.0,1153.3708205133214,scale+thin,1,0.0727802789441534,3,55,58,load_extrapolation
0,208,mlp,2,8,7.285714285714286,150.0,1153.3708205133214,none,1,0.17975770136077496,6,0,6,load_extrapolation
0,208,mlp,2,8,7.285714285714286,150.0,1153.3708205133214,scale,1,0.1772747781305153,6,18,24,load_extrapolation
0,208,mlp,2,8,7.285714285714286,150.0,1153.3708205133214,scale+thin,1,0.0727802789441534,6,55,61,load_extrapolation
0,208,mlp,3,8,7.285714285714286,150.0,1153.3708205133214,none,1,0.17975770136077496,11,0,11,load_extrapolation
0,208,mlp,3,8,7.285714285714286,150.0,1153.3708205133214,scale,1,0.1772747781305153,11,18,29,load_extrapolation
0,208,mlp,3,8,7.285714285714286,150.0,1153.3708205133214,scale+thin,1,0.0727802789441534,11,55,66,load_extrapolation
0,208,mlp,1,9,7.285714285714286,165.71428571428572,1218.9044722408655,none,1,-0.0006821265975226476,3,0,3,load_extrapolation
0,208,mlp,1,9,7.285714285714286,165.71428571428572,1218.9044722408655,scale,1,-0.0027395978724719106,3,18,21,load_extrapolation
0,208,mlp,1,9,7.285714285714286,165.71428571428572,1218.9044722408655,scale+thin,1,-0.0027395978724719106,3,55,58,load_extrapolation
0,208,mlp,2,9,7.285714285714286,165.71428571428572,1218.9044722408655,none,1,-0.0006821265975226476,6,0,6,load_extrapolation
0,208,mlp,2,9,7.285714285714286,165.71428571428572,1218.9044722408655,scale,1,-0.0027395978724719106,6,18,24,load_extrapolation
0,208,mlp,2,9,7.285714285714286,165.71428571428572,1218.9044722408655,scale+thin,1,-0.0027395978724719106,6,55,61,load_extrapolation
0,208,mlp,3,9,7.285714285714286,165.71428571428572,1218.9044722408655,none,1,-0.0006821265975226476,11,0,11,load_extrapolation
0,208,mlp,3,9,7.285714285714286,165.71428571428572,1218.9044722408655,scale,1,-0.0027395978724719106,11,18,29,load_extrapolation
0,208,mlp,3,9,7.285714285714286,165.71428571428572,1218.9044722408655,scale+thin,1,-0.0027395978724719106,11,55,66,load_extrapolation
0,208,mlp,1,10,7.285714285714286,181.42857142857144,1289.0609260869776,none,1,0.0017191380152006275,3,0,3,load_extrapolation
0,208,mlp,1,10,7.285714285714286,181.42857142857144,1289.0609260869776,scale,1,-0.00022875430072011316,3,18,21,load_extrapolation
0,208,mlp,1,10,7.285714285714286,181.42857142857144,1289.0609260869776,scale+thin,1,-0.00022875430072011316,3,56,59,load_extrapolation
0,208,mlp,2,10,7.285714285714286,181.42857142857144,1289.0609260869776,none,1,0.0017191380152006275,6,0,6,load_extrapolation
0,208,mlp,2,10,7.285714285714286,181.42857142857144,1289.0609260869776,scale,1,-0.00022875430072011316,6,18,24,load_extrapolation
0,208,mlp,2,10,7.285714285714286,181.42857142857144,1289.0609260869776,scale+thin,1,-0.00022875430072011316,6,56,62,load_extrapolation
0,208,mlp,3,10,7.285714285714286,181.42857142857144,1289.0609260869776,none,1,0.0017191380152006275,11,0,11,load_extrapolation
0,208,mlp,3,10,7.285714285714286,181.42857142857144,1289.0609260869776,scale,1,-0.00022875430072011316,11,18,29,load_extrapolation
0,208,mlp,3,10,7.285714285714286,181.42857142857144,1289.0609260869776,scale+thin,1,-0.00022875430072011316,11,56,67,load_extrapolation
0,208,mlp,1,11,7.285714285714286,197.14285714285717,1353.7155222893743,none,1,0.008025158165081203,3,0,3,load_extrapolation
0,208,mlp,1,11,7.285714285714286,197.14285714285717,1353.7155222893743,scale,1,0.006180253891031828,3,18,21,load_extrapolation
0,208,mlp,1,11,7.285714285714286,197.14285714285717,1353.7155222893743,scale+thin,1,0.006180253891031828,3,57,60,load_extrapolation
0,208,mlp,2,11,7.285714285714286,197.14285714285717,1353.7155222893743,none,1,0.008025158165081203,6,0,6,load_extrapolation
0,208,mlp,2,11,7.285714285714286,197.14285714285717,1353.7155222893743,scale,1,0.006180253891031828,6,18,24,load_extrapolation
0,208,mlp,2,11,7.285714285714286,197.14285714285717,1353.7155222893743,scale+thin,1,0.006180253891031828,6,57,63,load_extrapolation
0,208,mlp,3,11,7.285714285714286,197.14285714285717,1353.7155222893743,none,1,0.008025158165081203,11,0,11,load_extrapolation
0,208,mlp,3,11,7.285714285714286,197.14285714285717,1353.7155222893743,scale,1,0.006180253891031828,11,18,29,load_extrapolation
0,208,mlp,3,11,7.285714285714286,197.14285714285717,1353.7155222893743,scale+thin,1,0.006180253891031828,11,57,68,load_extrapolation
0,208,mlp,1,12,7.285714285714286,212.8571428571429,1426.808505633445,none,1,0.006531013852164369,3,0,3,load_extrapolation
0,208,mlp,1,12,7.285714285714286,212.8571428571429,1426.808505633445,scale,1,0.004803930356371167,3,18,21,load_extrapolation
0,208,mlp,1,12,7.285714285714286,212.8571428571429,1426.808505633445,scale+thin,1,0.0020715486704310226,3,76,79,load_extrapolation
0,208,mlp,2,12,7.285714285714286,212.8571428571429,1426.808505633445,none,1,0.006531013852164369,6,0,6,load_extrapolation
0,208,mlp,2,12,7.285714285714286,212.8571428571429,1426.808505633445,scale,1,0.004803930356371167,6,18,24,load_extrapolation
0,208,mlp,2,12,7.285714285714286,212.8571428571429,1426.808505633445,scale+thin,1,0.0020715486704310226,6,76,82,load_extrapolation
0,208,mlp,3,12,7.285714285714286,212.8571428571429,1426.808505633445,none,1,0.006531013852164369,11,0,11,load_extrapolation
0,208,mlp,3,12,7.285714285714286,212.8571428571429,1426.808505633445,scale,1,0.004803930356371167,11,18,29,load_extrapolation
0,208,mlp,3,12,7.285714285714286,212.8571428571429,1426.808505633445,scale+thin,1,0.0020715486704310226,11,76,87,load_extrapolation
0,208,mlp,1,13,7.285714285714286,228.57142857142856,1481.0244610123186,none,1,0.01708053604648918,2,0,2,load_extrapolation
0,208,mlp,1,13,7.285714285714286,228.57142857142856,1481.0244610123186,scale,1,0.016103047725122943,2,18,20,load_extrapolation
0,208,mlp,1,13,7.285714285714286,228.57142857142856,1481.0244610123186,scale+thin,1,0.016103047725122943,2,76,78,load_extrapolation
0,208,mlp,2,13,7.285714285714286,228.57142857142856,1481.0244610123186,none,1,0.01708053604648918,5,0,5,load_extrapolation
0,208,mlp,2,13,7.285714285714286,228.57142857142856,1481.0244610123186,scale,1,0.016103047725122943,5,18,23,load_extrapolation
0,208,mlp,2,13,7.285714285714286,228.57142857142856,1481.0244610123186,scale+thin,1,0.016103047725122943,5,76,81,load_extrapolation
0,208,mlp,3,13,7.285714285714286,228.57142857142856,1481.0244610123186,none,1,0.01708053604648918,10,0,10,load_extrapolation
0,208,mlp,3,13,7.285714285714286,228.57142857142856,1481.0244610123186,scale,1,0.016103047725122943,10,18,28,load_extrapolation
0,208,mlp,3,13,7.285714285714286,228.57142857142856,1481.0244610123186,scale+thin,1,0.016103047725122943,10,76,86,load_extrapolation
0,208,mlp,1,14,7.285714285714286,244.28571428571428,1543.6092503419804,none,1,0.03632274957961701,5,0,5,load_extrapolation
0,208,mlp,1,14,7.285714285714286,244.28571428571428,1543.6092503419804,scale,1,0.0354453122080951,5,18,23,load_extrapolation
0,208,mlp,1,14,7.285714285714286,244.28571428571428,1543.6092503419804,scale+thin,1,-0.0043427527140698086,5,77,82,load_extrapolation
0,208,mlp,2,14,7.285714285714286,244.28571428571428,1543.6092503419804,none,1,0.03632274957961701,8,0,8,load_extrapolation
0,208,mlp,2,14,7.285714285714286,244.28571428571428,1543.6092503419804,scale,1,0.0354453122080951,8,18,26,load_extrapolation
0,208,mlp,2,14,7.285714285714286,244.28571428571428,1543.6092503419804,scale+thin,1,-0.0043427527140698086,8,77,85,load_extrapolation
0,208,mlp,3,14,7.285714285714286,244.28571428571428,1543.6092503419804,none,1,0.03632274957961701,11,0,11,load_extrapolation
0,208,mlp,3,14,7.285714285714286,244.28571428571428,1543.6092503419804,scale,1,0.0354453122080951,11,18,29,load_extrapolation
0,208,mlp,3,14,7.285714285714286,244.28571428571428,1543.6092503419804,scale+thin,1,-0.0043427527140698086,11,77,88,load_extrapolation
0,208,mlp,1,15,7.285714285714286,260.0,1618.4847454305025,none,1,0.04711305491180395,5,0,5,load_extrapolation
0,208,mlp,1,15,7.285714285714286,260.0,1618.4847454305025,scale,1,0.0469692607536889,5,18,23,load_extrapolation
0,208,mlp,1,15,7.285714285714286,260.0,1618.4847454305025,scale+thin,1,-0.006235180209695379,5,77,82,load_extrapolation
0,208,mlp,2,15,7.285714285714286,260.0,1618.4847454305025,none,1,0.04711305491180395,8,0,8,load_extrapolation
0,208,mlp,2,15,7.285714285714286,260.0,1618.4847454305025,scale,1,0.0469692607536889,8,18,26,load_extrapolation
0,208,mlp,2,15,7.285714285714286,260.0,1618.4847454305025,scale+thin,1,-0.006235180209695379,8,77,85,load_extrapolation
0,208,mlp,3,15,7.285714285714286,260.0,1618.4847454305025,none,1,0.04711305491180395,11,0,11,load_extrapolation
0,208,mlp,3,15,7.285714285714286,260.0,1618.4847454305025,scale,1,0.0469692607536889,11,18,29,load_extrapolation
0,208,mlp,3,15,7.285714285714286,260.0,1618.4847454305025,scale+thin,1,-0.006235180209695379,11,77,88,load_extrapolation
0,208,mlp,1,16,8.571428571428571,150.0,1686.3433188884542,none,1,0.1924509194105417,2,0,2,load_extrapolation
0,208,mlp,1,16,8.571428571428571,150.0,1686.3433188884542,scale,1,0.19021394059434438,2,18,20,load_extrapolation
0,208,mlp,1,16,8.571428571428571,150.0,1686.3433188884542,scale+thin,1,0.1557687589252985,2,57,59,load_extrapolation
0,208,mlp,2,16,8.571428571428571,150.0,1686.3433188884542,none,1,0.1924509194105417,5,0,5,load_extrapolation
0,208,mlp,2,16,8.571428571428571,150.0,1686.3433188884542,scale,1,0.19021394059434438,5,18,23,load_extrapolation
0,208,mlp,2,16,8.571428571428571,150.0,1686.3433188884542,scale+thin,1,0.1557687589252985,5,57,62,load_extrapolation
0,208,mlp,3,16,8.571428571428571,150.0,1686.3433188884542,none,1,0.1924509194105417,10,0,10,load_extrapolation
0,208,mlp,3,16,8.571428571428571,150.0,1686.3433188884542,scale,1,0.19021394059434438,10,18,28,load_extrapolation
0,208,mlp,3,16,8.571428571428571,150.0,1686.3433188884542,scale+thin,1,0.1557687589252985,10,57,67,load_extrapolation
0,208,mlp,1,17,8.571428571428571,165.71428571428572,1809.7430894999927,none,1,-0.0026702525596931093,3,0,3,load_extrapolation
0,208,mlp,1,17,8.571428571428571,165.71428571428572,1809.7430894999927,scale,1,-0.004153460014255095,3,18,21,load_extrapolation
0,208,mlp,1,17,8.571428571428571,165.71428571428572,1809.7430894999927,scale+thin,1,-0.004153460014255095,3,58,61,load_extrapolation
0,208,mlp,2,17,8.571428571428571,165.71428571428572,1809.7430894999927,none,1,-0.0026702525596931093,6,0,6,load_extrapolation
0,208,mlp,2,17,8.571428571428571,165.71428571428572,1809.7430894999927,scale,1,-0.004153460014255095,6,18,24,load_extrapolation
0,208,mlp,2,17,8.571428571428571,165.71428571428572,1809.7430894999927,scale+thin,1,-0.004153460014255095,6,58,64,load_extrapolation
0,208,mlp,3,17,8.571428571428571,165.71428571428572,1809.7430894999927,none,1,-0.0026702525596931093,9,0,9,load_extrapolation
0,208,mlp,3,17,8.571428571428571,165.71428571428572,1809.7430894999927,scale,1,-0.004153460014255095,9,18,27,load_extrapolation
0,208,mlp,3,17,8.571428571428571,165.71428571428572,1809.7430894999927,scale+thin,1,-0.004153460014255095,9,58,67,load_extrapolation
0,208,mlp,1,18,8.571428571428571,181.42857142857144,1926.769836691324,none,1,-0.005014354707989166,3,0,3,load_extrapolation
0,208,mlp,1,18,8.571428571428571,181.42857142857144,1926.769836691324,scale,1,-0.0064940760640064266,3,18,21,load_extrapolation
0,208,mlp,1,18,8.571428571428571,181.42857142857144,1926.769836691324,scale+thin,1,-0.008130697587765079,3,76,79,load_extrapolation
0,208,mlp,2,18,8.571428571428571,181.42857142857144,1926.769836691324,none,1,-0.005014354707989166,6,0,6,load_extrapolation
0,208,mlp,2,18,8.571428571428571,181.42857142857144,1926.769836691324,scale,1,-0.0064940760640064266,6,18,24,load_extrapolation
0,208,mlp,2,18,8.571428571428571,181.42857142857144,1926.769836691324,scale+thin,1,-0.008130697587765079,6,76,82,load_extrapolation
0,208,mlp,3,18,8.571428571428571,181.42857142857144,1926.769836691324,none,1,-0.005014354707989166,9,0,9,load_extrapolation
0,208,mlp,3,18,8.571428571428571,181.42857142857144,1926.769836691324,scale,1,-0.0064940760640064266,9,18,27,load_extrapolation
0,208,mlp,3,18,8.571428571428571,181.42857142857144,1926.769836691324,scale+thin,1,-0.008130697587765079,9,76,85,load_extrapolation
0,208,mlp,1,19,8.571428571428571,197.14285714285717,2004.21381384588,none,1,0.025526088685269732,5,0,5,load_extrapolation
0,208,mlp,1,19,8.571428571428571,197.14285714285717,2004.21381384588,scale,1,0.024540483573955107,5,18,23,load_extrapolation
0,208,mlp,1,19,8.571428571428571,197.14285714285717,2004.21381384588,scale+thin,1,0.005429779344773955,5,77,82,load_extrapolation
0,208,mlp,2,19,8.571428571428571,197.14285714285717,2004.21381384588,none,1,0.025526088685269732,8,0,8,load_extrapolation
0,208,mlp,2,19,8.571428571428571,197.14285714285717,2004.21381384588,scale,1,0.024540483573955107,8,18,26,load_extrapolation
0,208,mlp,2,19,8.571428571428571,197.14285714285717,2004.21381384588,scale+thin,1,0.005429779344773955,8,77,85,load_extrapolation
0,208,mlp,3,19,8.571428571428571,197.14285714285717,2004.21381384588,none,1,0.025526088685269732,11,0,11,load_extrapolation
0,208,mlp,3,19,8.571428571428571,197.14285714285717,2004.21381384588,scale,1,0.024540483573955107,11,18,29,load_extrapolation
0,208,mlp,3,19,8.571428571428571,197.14285714285717,2004.21381384588,scale+thin,1,0.005429779344773955,11,77,88,load_extrapolation
0,208,mlp,1,20,8.571428571428571,212.8571428571429,2119.4215005582246,none,1,0.037809829593506095,5,0,5,load_extrapolation
0,208,mlp,1,20,8.571428571428571,212.8571428571429,2119.4215005582246,scale,1,0.03745355644657322,5,18,23,load_extrapolation
0,208,mlp,1,20,8.571428571428571,212.8571428571429,2119.4215005582246,scale+thin,1,0.011065548808378178,5,79,84,load_extrapolation
0,208,mlp,2,20,8.571428571428571,212.8571428571429,2119.4215005582246,none,1,0.037809829593506095,8,0,8,load_extrapolation
0,208,mlp,2,20,8.571428571428571,212.8571428571429,2119.4215005582246,scale,1,0.03745355644657322,8,18,26,load_extrapolation
0,208,mlp,2,20,8.571428571428571,212.8571428571429,2119.4215005582246,scale+thin,1,0.011065548808378178,8,79,87,load_extrapolation
0,208,mlp,3,20,8.571428571428571,212.8571428571429,2119.4215005582246,none,1,0.037809829593506095,11,0,11,load_extrapolation
0,208,mlp,3,20,8.571428571428571,212.8571428571429,2119.4215005582246,scale,1,0.03745355644657322,11,18,29,load_extrapolation
0,208,mlp,3,20,8.571428571428571,212.8571428571429,2119.4215005582246,scale+thin,1,0.011065548808378178,11,79,90,load_extrapolation
0,208,mlp,1,21,8.571428571428571,228.57142857142856,2258.167962393494,none,1,0.040114910838380924,6,0,6,load_extrapolation
0,208,mlp,1,21,8.571428571428571,228.57142857142856,2258.167962393494,scale,1,0.039139079843288904,6,18,24,load_extrapolation
0,208,mlp,1,21,8.571428571428571,228.57142857142856,2258.167962393494,scale+thin,1,0.01690434619409853,6,80,86,load_extrapolation
0,208,mlp,2,21,8.571428571428571,228.57142857142856,2258.167962393494,none,1,0.040114910838380924,9,0,9,load_extrapolation
0,208,mlp,2,21,8.571428571428571,228.57142857142856,2258.167962393494,scale,1,0.039139079843288904,9,18,27,load_extrapolation
0,208,mlp,2,21,8.571428571428571,228.57142857142856,2258.167962393494,scale+thin,1,0.01690434619409853,9,80,89,load_extrapolation
0,208,mlp,3,21,8.571428571428571,228.57142857142856,2258.167962393494,none,1,0.040114910838380924,12,0,12,load_extrapolation
0,208,mlp,3,21,8.571428571428571,228.57142857142856,2258.167962393494,scale,1,0.039139079843288904,12,18,30,load_extrapolation
0,208,mlp,3,21,8.571428571428571,228.57142857142856,2258.167962393494,scale+thin,1,0.01690434619409853,12,80,92,load_extrapolation
0,208,mlp,1,22,8.571428571428571,244.28571428571428,2347.8753054507297,none,1,0.06502946146595212,8,0,8,load_extrapolation
0,208,mlp,1,22,8.571428571428571,244.28571428571428,2347.8753054507297,scale,1,0.0645663566125747,8,18,26,load_extrapolation
0,208,mlp,1,22,8.571428571428571,244.28571428571428,2347.8753054507297,scale+thin,1,0.0473864271422304,8,83,91,load_extrapolation
0,208,mlp,2,22,8.571428571428571,244.28571428571428,2347.8753054507297,none,1,0.06502946146595212,12,0,12,load_extrapolation
0,208,mlp,2,22,8.571428571428571,244.28571428571428,2347.8753054507297,scale,1,0.0645663566125747,12,18,30,load_extrapolation
0,208,mlp,2,22,8.571428571428571,244.28571428571428,2347.8753054507297,scale+thin,1,0.0473864271422304,12,83,95,load_extrapolation
0,208,mlp,3,22,8.571428571428571,244.28571428571428,2347.8753054507297,none,1,0.06502946146595212,15,0,15,load_extrapolation
0,208,mlp,3,22,8.571428571428571,244.28571428571428,2347.8753054507297,scale,1,0.0645663566125747,15,18,33,load_extrapolation
0,208,mlp,3,22,8.571428571428571,244.28571428571428,2347.8753054507297,scale+thin,1,0.0473864271422304,15,83,98,load_extrapolation
0,208,mlp,1,23,8.571428571428571,260.0,2454.6466970028446,none,1,0.08453401081078304,10,0,10,load_extrapolation
0,208,mlp,1,23,8.571428571428571,260.0,2454.6466970028446,scale,1,0.08416169756613168,10,18,28,load_extrapolation
0,208,mlp,1,23,8.571428571428571,260.0,2454.6466970028446,scale+thin,1,0.06390218540505588,10,85,95,load_extrapolation
0,208,mlp,2,23,8.571428571428571,260.0,2454.6466970028446,none,1,0.0812978974206009,15,0,15,load_extrapolation
0,208,mlp,2,23,8.571428571428571,260.0,2454.6466970028446,scale,1,0.08015974561648842,15,18,33,load_extrapolation
0,208,mlp,2,23,8.571428571428571,260.0,2454.6466970028446,scale+thin,1,-0.008142735966830572,15,78,93,load_extrapolation
0,208,mlp,3,23,8.571428571428571,260.0,2454.6466970028446,none,1,0.0812978974206009,19,0,19,load_extrapolation
0,208,mlp,3,23,8.571428571428571,260.0,2454.6466970028446,scale,1,0.08015974561648842,19,18,37,load_extrapolation
0,208,mlp,3,23,8.571428571428571,260.0,2454.6466970028446,scale+thin,1,-0.008142735966830572,19,78,97,load_extrapolation
0,208,mlp,1,24,9.857142857142858,150.0,2401.6635135318147,none,1,0.006933471128971469,8,0,8,load_extrapolation
0,208,mlp,1,24,9.857142857142858,150.0,2401.6635135318147,scale,1,0.006910424382692959,8,18,26,load_extrapolation
0,208,mlp,1,24,9.857142857142858,150.0,2401.6635135318147,scale+thin,1,-0.001029562826923014,8,77,85,load_extrapolation
0,208,mlp,2,24,9.857142857142858,150.0,2401.6635135318147,none,1,0.006933471128971469,11,0,11,load_extrapolation
0,208,mlp,2,24,9.857142857142858,150.0,2401.6635135318147,scale,1,0.006910424382692959,11,18,29,load_extrapolation
0,208,mlp,2,24,9.857142857142858,150.0,2401.6635135318147,scale+thin,1,-0.001029562826923014,11,77,88,load_extrapolation
0,208,mlp,3,24,9.857142857142858,150.0,2401.6635135318147,none,1,0.006933471128971469,14,0,14,load_extrapolation
0,208,mlp,3,24,9.857142857142858,150.0,2401.6635135318147,scale,1,0.006910424382692959,14,18,32,load_extrapolation
0,208,mlp,3,24,9.857142857142858,150.0,2401.6635135318147,scale+thin,1,-0.001029562826923014,14,77,91,load_extrapolation
0,208,mlp,1,25,9.857142857142858,165.71428571428572,2596.489349148936,none,0,,10,0,10,load_extrapolation
0,208,mlp,1,25,9.857142857142858,165.71428571428572,2596.489349148936,scale,1,0.02740827395510803,10,19,29,load_extrapolation
0,208,mlp,1,25,9.857142857142858,165.71428571428572,2596.489349148936,scale+thin,1,0.02060369388430794,10,81,91,load_extrapolation
0,208,mlp,2,25,9.857142857142858,165.71428571428572,2596.489349148936,none,1,0.035971906814929344,13,0,13,load_extrapolation
0,208,mlp,2,25,9.857142857142858,165.71428571428572,2596.489349148936,scale,1,0.03438384435669306,13,18,31,load_extrapolation
0,208,mlp,2,25,9.857142857142858,165.71428571428572,2596.489349148936,scale+thin,1,0.028695995338087643,13,76,89,load_extrapolation
0,208,mlp,3,25,9.857142857142858,165.71428571428572,2596.489349148936,none,1,0.035971906814929344,16,0,16,load_extrapolation
0,208,mlp,3,25,9.857142857142858,165.71428571428572,2596.489349148936,scale,1,0.03438384435669306,16,18,34,load_extrapolation
0,208,mlp,3,25,9.857142857142858,165.71428571428572,2596.489349148936,scale+thin,1,0.028695995338087643,16,76,92,load_extrapolation
0,208,mlp,1,26,9.857142857142858,181.42857142857144,2778.4364695846,none,0,,10,0,10,load_extrapolation
0,208,mlp,1,26,9.857142857142858,181.42857142857144,2778.4364695846,scale,1,0.05019582792763089,10,19,29,load_extrapolation
0,208,mlp,1,26,9.857142857142858,181.42857142857144,2778.4364695846,scale+thin,1,0.04383753469689955,10,84,94,load_extrapolation
0,208,mlp,2,26,9.857142857142858,181.42857142857144,2778.4364695846,none,1,0.0297028947543998,13,0,13,load_extrapolation
0,208,mlp,2,26,9.857142857142858,181.42857142857144,2778.4364695846,scale,1,0.028265746795542057,13,18,31,load_extrapolation
0,208,mlp,2,26,9.857142857142858,181.42857142857144,2778.4364695846,scale+thin,1,0.021405040863172298,13,76,89,load_extrapolation
0,208,mlp,3,26,9.857142857142858,181.42857142857144,2778.4364695846,none,1,0.0297028947543998,16,0,16,load_extrapolation
0,208,mlp,3,26,9.857142857142858,181.42857142857144,2778.4364695846,scale,1,0.028265746795542057,16,18,34,load_extrapolation
0,208,mlp,3,26,9.857142857142858,181.42857142857144,2778.4364695846,scale+thin,1,0.021405040863172298,16,76,92,load_extrapolation
0,208,mlp,1,27,9.857142857142858,197.14285714285717,2934.59017073786,none,0,,10,0,10,load_extrapolation
0,208,mlp,1,27,9.857142857142858,197.14285714285717,2934.59017073786,scale,1,0.07901796749584244,10,19,29,load_extrapolation
0,208,mlp,1,27,9.857142857142858,197.14285714285717,2934.59017073786,scale+thin,1,0.0733615305778752,10,86,96,load_extrapolation
0,208,mlp,2,27,9.857142857142858,197.14285714285717,2934.59017073786,none,1,0.0402379255898524,14,0,14,load_extrapolation
0,208,mlp,2,27,9.857142857142858,197.14285714285717,2934.59017073786,scale,1,0.03919058645348095,14,18,32,load_extrapolation
0,208,mlp,2,27,9.857142857142858,197.14285714285717,2934.59017073786,scale+thin,1,0.0017192083786787826,14,77,91,load_extrapolation
0,208,mlp,3,27,9.857142857142858,197.14285714285717,2934.59017073786,none,1,0.0402379255898524,16,0,16,load_extrapolation
0,208,mlp,3,27,9.857142857142858,197.14285714285717,2934.59017073786,scale,1,0.03919058645348095,16,18,34,load_extrapolation
0,208,mlp,3,27,9.857142857142858,197.14285714285717,2934.59017073786,scale+thin,1,0.0017192083786787826,16,77,93,load_extrapolation
0,208,mlp,1,28,9.857142857142858,212.8571428571429,3092.903946849261,none,0,,10,0,10,load_extrapolation
0,208,mlp,1,28,9.857142857142858,212.8571428571429,3092.903946849261,scale,1,0.10384010622791529,10,19,29,load_extrapolation
0,208,mlp,1,28,9.857142857142858,212.8571428571429,3092.903946849261,scale+thin,1,0.10384010622791529,10,72,82,load_extrapolation
0,208,mlp,2,28,9.857142857142858,212.8571428571429,3092.903946849261,none,1,0.05234207742204733,14,0,14,load_extrapolation
0,208,mlp,2,28,9.857142857142858,212.8571428571429,3092.903946849261,scale,1,0.05188448940115231,14,18,32,load_extrapolation
0,208,mlp,2,28,9.857142857142858,212.8571428571429,3092.903946849261,scale+thin,1,0.022221198578468382,14,80,94,load_extrapolation
0,208,mlp,3,28,9.857142857142858,212.8571428571429,3092.903946849261,none,1,0.05234207742204733,18,0,18,load_extrapolation
0,208,mlp,3,28,9.857142857142858,212.8571428571429,3092.903946849261,scale,1,0.05188448940115231,18,18,36,load_extrapolation
0,208,mlp,3,28,9.857142857142858,212.8571428571429,3092.903946849261,scale+thin,1,0.022221198578468382,18,80,98,load_extrapolation
0,208,mlp,1,29,9.857142857142858,228.57142857142856,3278.0505051710666,none,0,,10,0,10,load_extrapolation
0,208,mlp,1,29,9.857142857142858,228.57142857142856,3278.0505051710666,scale,1,0.11649411280290223,10,19,29,load_extrapolation
0,208,mlp,1,29,9.857142857142858,228.57142857142856,3278.0505051710666,scale+thin,1,0.11649411280290223,10,72,82,load_extrapolation
0,208,mlp,2,29,9.857142857142858,228.57142857142856,3278.0505051710666,none,1,0.056383812453589144,15,0,15,load_extrapolation
0,208,mlp,2,29,9.857142857142858,228.57142857142856,3278.0505051710666,scale,1,0.05527188470005551,15,18,33,load_extrapolation
0,208,mlp,2,29,9.857142857142858,228.57142857142856,3278.0505051710666,scale+thin,1,0.031929722872745536,15,82,97,load_extrapolation
0,208,mlp,3,29,9.857142857142858,228.57142857142856,3278.0505051710666,none,1,0.056383812453589144,19,0,19,load_extrapolation
0,208,mlp,3,29,9.857142857142858,228.57142857142856,3278.0505051710666,scale,1,0.05527188470005551,19,18,37,load_extrapolation
0,208,mlp,3,29,9.857142857142858,228.57142857142856,3278.0505051710666,scale+thin,1,0.031929722872745536,19,82,101,load_extrapolation
0,208,mlp,1,30,9.857142857142858,244.28571428571428,3503.3130527973344,none,0,,10,0,10,load_extrapolation
0,208,mlp,1,30,9.857142857142858,244.28571428571428,3503.3130527973344,scale,1,0.11447043014993219,10,19,29,load_extrapolation
0,208,mlp,1,30,9.857142857142858,244.28571428571428,3503.3130527973344,scale+thin,1,0.11447043014993219,10,74,84,load_extrapolation
0,208,mlp,2,30,9.857142857142858,244.28571428571428,3503.3130527973344,none,1,0.04791847136288285,15,0,15,load_extrapolation
0,208,mlp,2,30,9.857142857142858,244.28571428571428,3503.3130527973344,scale,1,0.046935319103426965,15,18,33,load_extrapolation
0,208,mlp,2,30,9.857142857142858,244.28571428571428,3503.3130527973344,scale+thin,1,0.02891155034425741,15,83,98,load_extrapolation
0,208,mlp,3,30,9.857142857142858,244.28571428571428,3503.3130527973344,none,1,0.04791847136288285,19,0,19,load_extrapolation
0,208,mlp,3,30,9.857142857142858,244.28571428571428,3503.3130527973344,scale,1,0.046935319103426965,19,18,37,load_extrapolation
0,208,mlp,3,30,9.857142857142858,244.28571428571428,3503.3130527973344,scale+thin,1,0.02891155034425741,19,83,102,load_extrapolation
0,208,mlp,1,31,9.857142857142858,260.0,3720.59576057169,none,0,,10,0,10,load_extrapolation
0,208,mlp,1,31,9.857142857142858,260.0,3720.59576057169,scale,1,0.15050783490868924,10,20,30,load_extrapolation
0,208,mlp,1,31,9.857142857142858,260.0,3720.59576057169,scale+thin,1,0.1505075722830429,10,60,70,load_extrapolation
0,208,mlp,2,31,9.857142857142858,260.0,3720.59576057169,none,1,0.043575727054849356,15,0,15,load_extrapolation
0,208,mlp,2,31,9.857142857142858,260.0,3720.59576057169,scale,1,0.042739900131562036,15,18,33,load_extrapolation
0,208,mlp,2,31,9.857142857142858,260.0,3720.59576057169,scale+thin,1,0.02855063341705555,15,85,100,load_extrapolation
0,208,mlp,3,31,9.857142857142858,260.0,3720.59576057169,none,1,0.043575727054849356,19,0,19,load_extrapolation
0,208,mlp,3,31,9.857142857142858,260.0,3720.59576057169,scale,1,0.042739900131562036,19,18,37,load_extrapolation
0,208,mlp,3,31,9.857142857142858,260.0,3720.59576057169,scale+thin,1,0.02855063341705555,19,85,104,load_extrapolation
0,208,mlp,1,32,11.142857142857142,150.0,3412.4966998531304,none,1,0.014412089204794754,3,0,3,load_extrapolation
0,208,mlp,1,32,11.142857142857142,150.0,3412.4966998531304,scale,1,0.013019484473643539,3,18,21,load_extrapolation
0,208,mlp,1,32,11.142857142857142,150.0,3412.4966998531304,scale+thin,1,0.002269904127597977,3,77,80,load_extrapolation
0,208,mlp,2,32,11.142857142857142,150.0,3412.4966998531304,none,1,0.014412089204794754,13,0,13,load_extrapolation
0,208,mlp,2,32,11.142857142857142,150.0,3412.4966998531304,scale,1,0.013019484473643539,13,18,31,load_extrapolation
0,208,mlp,2,32,11.142857142857142,150.0,3412.4966998531304,scale+thin,1,0.002269904127597977,13,77,90,load_extrapolation
0,208,mlp,3,32,11.142857142857142,150.0,3412.4966998531304,none,1,0.014412089204794754,16,0,16,load_extrapolation
0,208,mlp,3,32,11.142857142857142,150.0,3412.4966998531304,scale,1,0.013019484473643539,16,18,34,load_extrapolation
0,208,mlp,3,32,11.142857142857142,150.0,3412.4966998531304,scale+thin,1,0.002269904127597977,16,77,93,load_extrapolation
0,208,mlp,1,33,11.142857142857142,165.71428571428572,3681.539358959639,none,1,0.011747843881016351,4,0,4,load_extrapolation
0,208,mlp,1,33,11.142857142857142,165.71428571428572,3681.539358959639,scale,1,0.011284755475317931,4,18,22,load_extrapolation
0,208,mlp,1,33,11.142857142857142,165.71428571428572,3681.539358959639,scale+thin,1,0.011284755475317931,4,80,84,load_extrapolation
0,208,mlp,2,33,11.142857142857142,165.71428571428572,3681.539358959639,none,1,0.011747843881016351,14,0,14,load_extrapolation
0,208,mlp,2,33,11.142857142857142,165.71428571428572,3681.539358959639,scale,1,0.011284755475317931,14,18,32,load_extrapolation
0,208,mlp,2,33,11.142857142857142,165.71428571428572,3681.539358959639,scale+thin,1,0.011284755475317931,14,80,94,load_extrapolation
0,208,mlp,3,33,11.142857142857142,165.71428571428572,3681.539358959639,none,1,0.011747843881016351,16,0,16,load_extrapolation
0,208,mlp,3,33,11.142857142857142,165.71428571428572,3681.539358959639,scale,1,0.011284755475317931,16,18,34,load_extrapolation
0,208,mlp,3,33,11.142857142857142,165.71428571428572,3681.539358959639,scale+thin,1,0.011284755475317931,16,80,96,load_extrapolation
0,208,mlp,1,34,11.142857142857142,181.42857142857144,4001.813446814073,none,1,0.011922250655198363,9,0,9,load_extrapolation
0,208,mlp,1,34,11.142857142857142,181.42857142857144,4001.813446814073,scale,1,0.011783289052696988,9,18,27,load_extrapolation
0,208,mlp,1,34,11.142857142857142,181.42857142857144,4001.813446814073,scale+thin,1,0.011783289052696988,9,83,92,load_extrapolation
0,208,mlp,2,34,11.142857142857142,181.42857142857144,4001.813446814073,none,1,0.011922250655198363,19,0,19,load_extrapolation
0,208,mlp,2,34,11.142857142857142,181.42857142857144,4001.813446814073,scale,1,0.011783289052696988,19,18,37,load_extrapolation
0,208,mlp,2,34,11.142857142857142,181.42857142857144,4001.813446814073,scale+thin,1,0.011783289052696988,19,83,102,load_extrapolation
0,208,mlp,3,34,11.142857142857142,181.42857142857144,4001.813446814073,none,1,0.011922250655198363,23,0,23,load_extrapolation
0,208,mlp,3,34,11.142857142857142,181.42857142857144,4001.813446814073,scale,1,0.011783289052696988,23,18,41,load_extrapolation
0,208,mlp,3,34,11.142857142857142,181.42857142857144,4001.813446814073,scale+thin,1,0.011783289052696988,23,83,106,load_extrapolation
0,208,mlp,1,35,11.142857142857142,197.14285714285717,4332.975062229721,none,1,0.009366096947862834,10,0,10,load_extrapolation
0,208,mlp,1,35,11.142857142857142,197.14285714285717,4332.975062229721,scale,1,0.009342994523516168,10,18,28,load_extrapolation
0,208,mlp,1,35,11.142857142857142,197.14285714285717,4332.975062229721,scale+thin,1,0.009342994523516168,10,85,95,load_extrapolation
0,208,mlp,2,35,11.142857142857142,197.14285714285717,4332.975062229721,none,1,0.009366096947862834,20,0,20,load_extrapolation
0,208,mlp,2,35,11.142857142857142,197.14285714285717,4332.975062229721,scale,1,0.009342994523516168,20,18,38,load_extrapolation
0,208,mlp,2,35,11.142857142857142,197.14285714285717,4332.975062229721,scale+thin,1,0.009342994523516168,20,85,105,load_extrapolation
0,208,mlp,3,35,11.142857142857142,197.14285714285717,4332.975062229721,none,1,0.009366096947862834,24,0,24,load_extrapolation
0,208,mlp,3,35,11.142857142857142,197.14285714285717,4332.975062229721,scale,1,0.009342994523516168,24,18,42,load_extrapolation
0,208,mlp,3,35,11.142857142857142,197.14285714285717,4332.975062229721,scale+thin,1,0.009342994523516168,24,85,109,load_extrapolation
0,208,mlp,1,36,11.142857142857142,212.8571428571429,4658.140801057062,none,0,,10,0,10,load_extrapolation
0,208,mlp,1,36,11.142857142857142,212.8571428571429,4658.140801057062,scale,1,0.007983269953164784,10,19,29,load_extrapolation
0,208,mlp,1,36,11.142857142857142,212.8571428571429,4658.140801057062,scale+thin,1,0.007983269953164784,10,71,81,load_extrapolation
0,208,mlp,2,36,11.142857142857142,212.8571428571429,4658.140801057062,none,0,,20,0,20,load_extrapolation
0,208,mlp,2,36,11.142857142857142,212.8571428571429,4658.140801057062,scale,1,0.007983269953164784,20,19,39,load_extrapolation
0,208,mlp,2,36,11.142857142857142,212.8571428571429,4658.140801057062,scale+thin,1,0.007983269953164784,20,71,91,load_extrapolation
0,208,mlp,3,36,11.142857142857142,212.8571428571429,4658.140801057062,none,1,0.2528962198061462,27,0,27,load_extrapolation
0,208,mlp,3,36,11.142857142857142,212.8571428571429,4658.140801057062,scale,1,0.252408766409733,27,18,45,load_extrapolation
0,208,mlp,3,36,11.142857142857142,212.8571428571429,4658.140801057062,scale+thin,1,0.252408766409733,27,85,112,load_extrapolation
0,208,mlp,1,37,11.142857142857142,228.57142857142856,5137.886749115688,none,0,,10,0,10,load_extrapolation
0,208,mlp,1,37,11.142857142857142,228.57142857142856,5137.886749115688,scale,1,3.5742741588684623e-07,10,20,30,load_extrapolation
0,208,mlp,1,37,11.142857142857142,228.57142857142856,5137.886749115688,scale+thin,1,3.5742741588684623e-07,10,73,83,load_extrapolation
0,208,mlp,2,37,11.142857142857142,228.57142857142856,5137.886749115688,none,0,,20,0,20,load_extrapolation
0,208,mlp,2,37,11.142857142857142,228.57142857142856,5137.886749115688,scale,1,3.5742741588684623e-07,20,20,40,load_extrapolation
0,208,mlp,2,37,11.142857142857142,228.57142857142856,5137.886749115688,scale+thin,1,3.5742741588684623e-07,20,73,93,load_extrapolation
0,208,mlp,3,37,11.142857142857142,228.57142857142856,5137.886749115688,none,1,0.21219608415052793,29,0,29,load_extrapolation
0,208,mlp,3,37,11.142857142857142,228.57142857142856,5137.886749115688,scale,1,0.21172446560064562,29,18,47,load_extrapolation
0,208,mlp,3,37,11.142857142857142,228.57142857142856,5137.886749115688,scale+thin,1,0.21172446560064562,29,69,98,load_extrapolation
0,208,mlp,1,38,11.142857142857142,244.28571428571428,6871.433005819378,none,0,,10,0,10,load_extrapolation
0,208,mlp,1,38,11.142857142857142,244.28571428571428,6871.433005819378,scale,0,,10,9,19,load_extrapolation
0,208,mlp,1,38,11.142857142857142,244.28571428571428,6871.433005819378,scale+thin,0,,10,33,43,load_extrapolation
0,208,mlp,2,38,11.142857142857142,244.28571428571428,6871.433005819378,none,0,,20,0,20,load_extrapolation
0,208,mlp,2,38,11.142857142857142,244.28571428571428,6871.433005819378,scale,0,,20,9,29,load_extrapolation
0,208,mlp,2,38,11.142857142857142,244.28571428571428,6871.433005819378,scale+thin,0,,20,33,53,load_extrapolation
0,208,mlp,3,38,11.142857142857142,244.28571428571428,6871.433005819378,none,0,,30,0,30,load_extrapolation
0,208,mlp,3,38,11.142857142857142,244.28571428571428,6871.433005819378,scale,1,-2.8773535002302175e-05,30,20,50,load_extrapolation
0,208,mlp,3,38,11.142857142857142,244.28571428571428,6871.433005819378,scale+thin,1,-2.882814862914529e-05,30,73,103,load_extrapolation
0,208,mlp,1,39,11.142857142857142,260.0,8337.065935629631,none,0,,10,0,10,load_extrapolation
0,208,mlp,1,39,11.142857142857142,260.0,8337.065935629631,scale,0,,10,9,19,load_extrapolation
0,208,mlp,1,39,11.142857142857142,260.0,8337.065935629631,scale+thin,0,,10,33,43,load_extrapolation
0,208,mlp,2,39,11.142857142857142,260.0,8337.065935629631,none,0,,20,0,20,load_extrapolation
0,208,mlp,2,39,11.142857142857142,260.0,8337.065935629631,scale,0,,20,9,29,load_extrapolation
0,208,mlp,2,39,11.142857142857142,260.0,8337.065935629631,scale+thin,0,,20,33,53,load_extrapolation
0,208,mlp,3,39,11.142857142857142,260.0,8337.065935629631,none,0,,30,0,30,load_extrapolation
0,208,mlp,3,39,11.142857142857142,260.0,8337.065935629631,scale,0,,30,9,39,load_extrapolation
0,208,mlp,3,39,11.142857142857142,260.0,8337.065935629631,scale+thin,0,,30,33,63,load_extrapolation
0,208,mlp,1,40,12.428571428571429,150.0,4886.521183652799,none,1,-0.0020092979529451327,10,0,10,load_extrapolation
0,208,mlp,1,40,12.428571428571429,150.0,4886.521183652799,scale,1,-0.002237706826669794,10,18,28,load_extrapolation
0,208,mlp,1,40,12.428571428571429,150.0,4886.521183652799,scale+thin,1,-0.002237706826669794,10,85,95,load_extrapolation
0,208,mlp,2,40,12.428571428571429,150.0,4886.521183652799,none,1,-0.0020092979529451327,20,0,20,load_extrapolation
0,208,mlp,2,40,12.428571428571429,150.0,4886.521183652799,scale,1,-0.002237706826669794,20,18,38,load_extrapolation
0,208,mlp,2,40,12.428571428571429,150.0,4886.521183652799,scale+thin,1,-0.002237706826669794,20,85,105,load_extrapolation
0,208,mlp,3,40,12.428571428571429,150.0,4886.521183652799,none,1,-0.0020092979529451327,25,0,25,load_extrapolation
0,208,mlp,3,40,12.428571428571429,150.0,4886.521183652799,scale,1,-0.002237706826669794,25,18,43,load_extrapolation
0,208,mlp,3,40,12.428571428571429,150.0,4886.521183652799,scale+thin,1,-0.002237706826669794,25,85,110,load_extrapolation
0,208,mlp,1,41,12.428571428571429,165.71428571428572,5340.456835444255,none,0,,10,0,10,load_extrapolation
0,208,mlp,1,41,12.428571428571429,165.71428571428572,5340.456835444255,scale,1,0.18912485196605222,10,19,29,load_extrapolation
0,208,mlp,1,41,12.428571428571429,165.71428571428572,5340.456835444255,scale+thin,1,0.0407964211363645,10,72,82,load_extrapolation
0,208,mlp,2,41,12.428571428571429,165.71428571428572,5340.456835444255,none,0,,20,0,20,load_extrapolation
0,208,mlp,2,41,12.428571428571429,165.71428571428572,5340.456835444255,scale,1,0.18912485196605222,20,19,39,load_extrapolation
0,208,mlp,2,41,12.428571428571429,165.71428571428572,5340.456835444255,scale+thin,1,0.0407964211363645,20,72,92,load_extrapolation
0,208,mlp,3,41,12.428571428571429,165.71428571428572,5340.456835444255,none,1,0.24617465980903264,29,0,29,load_extrapolation
0,208,mlp,3,41,12.428571428571429,165.71428571428572,5340.456835444255,scale,1,0.24591796895925278,29,18,47,load_extrapolation
0,208,mlp,3,41,12.428571428571429,165.71428571428572,5340.456835444255,scale+thin,1,0.24591796895925278,29,85,114,load_extrapolation
0,208,mlp,1,42,12.428571428571429,181.42857142857144,7499.029230834781,none,0,,10,0,10,load_extrapolation
0,208,mlp,1,42,12.428571428571429,181.42857142857144,7499.029230834781,scale,0,,10,9,19,load_extrapolation
0,208,mlp,1,42,12.428571428571429,181.42857142857144,7499.029230834781,scale+thin,0,,10,33,43,load_extrapolation
0,208,mlp,2,42,12.428571428571429,181.42857142857144,7499.029230834781,none,0,,20,0,20,load_extrapolation
0,208,mlp,2,42,12.428571428571429,181.42857142857144,7499.029230834781,scale,0,,20,9,29,load_extrapolation
0,208,mlp,2,42,12.428571428571429,181.42857142857144,7499.029230834781,scale+thin,0,,20,33,53,load_extrapolation
0,208,mlp,3,42,12.428571428571429,181.42857142857144,7499.029230834781,none,0,,30,0,30,load_extrapolation
0,208,mlp,3,42,12.428571428571429,181.42857142857144,7499.029230834781,scale,1,-5.221022495005556e-06,30,20,50,load_extrapolation
0,208,mlp,3,42,12.428571428571429,181.42857142857144,7499.029230834781,scale+thin,1,-5.221022495005556e-06,30,73,103,load_extrapolation
0,208,mlp,1,43,12.428571428571429,197.14285714285717,9997.68170860264,none,0,,10,0,10,load_extrapolation
0,208,mlp,1,43,12.428571428571429,197.14285714285717,9997.68170860264,scale,0,,10,9,19,load_extrapolation
0,208,mlp,1,43,12.428571428571429,197.14285714285717,9997.68170860264,scale+thin,0,,10,33,43,load_extrapolation
0,208,mlp,2,43,12.428571428571429,197.14285714285717,9997.68170860264,none,0,,20,0,20,load_extrapolation
0,208,mlp,2,43,12.428571428571429,197.14285714285717,9997.68170860264,scale,0,,20,9,29,load_extrapolation
0,208,mlp,2,43,12.428571428571429,197.14285714285717,9997.68170860264,scale+thin,0,,20,33,53,load_extrapolation
0,208,mlp,3,43,12.428571428571429,197.14285714285717,9997.68170860264,none,0,,30,0,30,load_extrapolation
0,208,mlp,3,43,12.428571428571429,197.14285714285717,9997.68170860264,scale,0,,30,9,39,load_extrapolation
0,208,mlp,3,43,12.428571428571429,197.14285714285717,9997.68170860264,scale+thin,0,,30,33,63,load_extrapolation
0,208,mlp,1,44,12.428571428571429,212.8571428571429,12790.67961945902,none,0,,10,0,10,load_extrapolation
0,208,mlp,1,44,12.428571428571429,212.8571428571429,12790.67961945902,scale,0,,10,9,19,load_extrapolation
0,208,mlp,1,44,12.428571428571429,212.8571428571429,12790.67961945902,scale+thin,0,,10,33,43,load_extrapolation
0,208,mlp,2,44,12.428571428571429,212.8571428571429,12790.67961945902,none,0,,20,0,20,load_extrapolation
0,208,mlp,2,44,12.428571428571429,212.8571428571429,12790.67961945902,scale,0,,20,9,29,load_extrapolation
0,208,mlp,2,44,12.428571428571429,212.8571428571429,12790.67961945902,scale+thin,0,,20,33,53,load_extrapolation
0,208,mlp,3,44,12.428571428571429,212.8571428571429,12790.67961945902,none,0,,30,0,30,load_extrapolation
0,208,mlp,3,44,12.428571428571429,212.8571428571429,12790.67961945902,scale,0,,30,9,39,load_extrapolation
0,208,mlp,3,44,12.428571428571429,212.8571428571429,12790.67961945902,scale+thin,0,,30,33,63,load_extrapolation
0,208,mlp,1,45,13.714285714285715,150.0,11343.005436312367,none,0,,10,0,10,load_extrapolation
0,208,mlp,1,45,13.714285714285715,150.0,11343.005436312367,scale,0,,10,9,19,load_extrapolation
0,208,mlp,1,45,13.714285714285715,150.0,11343.005436312367,scale+thin,0,,10,33,43,load_extrapolation
0,208,mlp,2,45,13.714285714285715,150.0,11343.005436312367,none,1,0.18641391281921105,14,0,14,load_extrapolation
0,208,mlp,2,45,13.714285714285715,150.0,11343.005436312367,scale,1,0.18586435958786152,14,18,32,load_extrapolation
0,208,mlp,2,45,13.714285714285715,150.0,11343.005436312367,scale+thin,1,0.18563945311192498,14,83,97,load_extrapolation
0,208,mlp,3,45,13.714285714285715,150.0,11343.005436312367,none,1,0.18641391281921105,24,0,24,load_extrapolation
0,208,mlp,3,45,13.714285714285715,150.0,11343.005436312367,scale,1,0.18586435958786152,24,18,42,load_extrapolation
0,208,mlp,3,45,13.714285714285715,150.0,11343.005436312367,scale+thin,1,0.18563945311192498,24,83,107,load_extrapolation
0,208,mlp,1,46,13.714285714285715,165.71428571428572,15604.275186931443,none,0,,10,0,10,load_extrapolation
0,208,mlp,1,46,13.714285714285715,165.71428571428572,15604.275186931443,scale,0,,10,9,19,load_extrapolation
0,208,mlp,1,46,13.714285714285715,165.71428571428572,15604.275186931443,scale+thin,0,,10,33,43,load_extrapolation
0,208,mlp,2,46,13.714285714285715,165.71428571428572,15604.275186931443,none,0,,20,0,20,load_extrapolation
0,208,mlp,2,46,13.714285714285715,165.71428571428572,15604.275186931443,scale,1,-9.034342961289354e-06,20,20,40,load_extrapolation
0,208,mlp,2,46,13.714285714285715,165.71428571428572,15604.275186931443,scale+thin,1,-9.034342961289354e-06,20,73,93,load_extrapolation
0,208,mlp,3,46,13.714285714285715,165.71428571428572,15604.275186931443,none,0,,30,0,30,load_extrapolation
0,208,mlp,3,46,13.714285714285715,165.71428571428572,15604.275186931443,scale,1,-9.034342961289354e-06,30,20,50,load_extrapolation
0,208,mlp,3,46,13.714285714285715,165.71428571428572,15604.275186931443,scale+thin,1,-9.034342961289354e-06,30,73,103,load_extrapolation
1,208,knn,1,0,6.0,150.0,718.2839060185494,none,1,0.003409476118612753,2,0,2,load_extrapolation
1,208,knn,1,0,6.0,150.0,718.2839060185494,scale,1,0.0013665234395485726,2,18,20,load_extrapolation
1,208,knn,1,0,6.0,150.0,718.2839060185494,scale+thin,1,0.0013665234395485726,2,55,57,load_extrapolation
1,208,knn,2,0,6.0,150.0,718.2839060185494,none,1,0.003409476118612753,5,0,5,load_extrapolation
1,208,knn,2,0,6.0,150.0,718.2839060185494,scale,1,0.0013665234395485726,5,18,23,load_extrapolation
1,208,knn,2,0,6.0,150.0,718.2839060185494,scale+thin,1,0.0013665234395485726,5,55,60,load_extrapolation
1,208,knn,3,0,6.0,150.0,718.2839060185494,none,1,0.003409476118612753,8,0,8,load_extrapolation
1,208,knn,3,0,6.0,150.0,718.2839060185494,scale,1,0.0013665234395485726,8,18,26,load_extrapolation
1,208,knn,3,0,6.0,150.0,718.2839060185494,scale+thin,1,0.0013665234395485726,8,55,63,load_extrapolation
1,208,knn,1,1,6.0,165.71428571428572,766.0869680124856,none,1,-0.001542662388995364,3,0,3,load_extrapolation
1,208,knn,1,1,6.0,165.71428571428572,766.0869680124856,scale,1,-0.001725477018852617,3,18,21,load_extrapolation
1,208,knn,1,1,6.0,165.71428571428572,766.0869680124856,scale+thin,1,-0.001725477018852617,3,55,58,load_extrapolation
1,208,knn,2,1,6.0,165.71428571428572,766.0869680124856,none,1,-0.001542662388995364,6,0,6,load_extrapolation
1,208,knn,2,1,6.0,165.71428571428572,766.0869680124856,scale,1,-0.001725477018852617,6,18,24,load_extrapolation
1,208,knn,2,1,6.0,165.71428571428572,766.0869680124856,scale+thin,1,-0.001725477018852617,6,55,61,load_extrapolation
1,208,knn,3,1,6.0,165.71428571428572,766.0869680124856,none,1,-0.001542662388995364,9,0,9,load_extrapolation
1,208,knn,3,1,6.0,165.71428571428572,766.0869680124856,scale,1,-0.001725477018852617,9,18,27,load_extrapolation
1,208,knn,3,1,6.0,165.71428571428572,766.0869680124856,scale+thin,1,-0.001725477018852617,9,55,64,load_extrapolation
1,208,knn,1,2,6.0,181.42857142857144,809.0128740060688,none,1,7.28645989165333e-05,3,0,3,load_extrapolation
1,208,knn,1,2,6.0,181.42857142857144,809.0128740060688,scale,1,-0.00020179475641179945,3,18,21,load_extrapolation
1,208,knn,1,2,6.0,181.42857142857144,809.0128740060688,scale+thin,1,-0.00020179475641179945,3,55,58,load_extrapolation
1,208,knn,2,2,6.0,181.42857142857144,809.0128740060688,none,1,7.28645989165333e-05,6,0,6,load_extrapolation
1,208,knn,2,2,6.0,181.42857142857144,809.0128740060688,scale,1,-0.00020179475641179945,6,18,24,load_extrapolation
1,208,knn,2,2,6.0,181.42857142857144,809.0128740060688,scale+thin,1,-0.00020179475641179945,6,55,61,load_extrapolation
1,208,knn,3,2,6.0,181.42857142857144,809.0128740060688,none,1,7.28645989165333e-05,9,0,9,load_extrapolation
1,208,knn,3,2,6.0,181.42857142857144,809.0128740060688,scale,1,-0.00020179475641179945,9,18,27,load_extrapolation
1,208,knn,3,2,6.0,181.42857142857144,809.0128740060688,scale+thin,1,-0.00020179475641179945,9,55,64,load_extrapolation
1,208,knn,1,3,6.0,197.14285714285717,854.6554477993761,none,1,-0.0013695686328129009,3,0,3,load_extrapolation
1,208,knn,1,3,6.0,197.14285714285717,854.6554477993761,scale,1,-0.003334289278105751,3,18,21,load_extrapolation
1,208,knn,1,3,6.0,197.14285714285717,854.6554477993761,scale+thin,1,-0.003334289278105751,3,55,58,load_extrapolation
1,208,knn,2,3,6.0,197.14285714285717,854.6554477993761,none,1,-0.0013695686328129009,6,0,6,load_extrapolation
1,208,knn,2,3,6.0,197.14285714285717,854.6554477993761,scale,1,-0.003334289278105751,6,18,24,load_extrapolation
1,208,knn,2,3,6.0,197.14285714285717,854.6554477993761,scale+thin,1,-0.003334289278105751,6,55,61,load_extrapolation
1,208,knn,3,3,6.0,197.14285714285717,854.6554477993761,none,1,-0.0013695686328129009,9,0,9,load_extrapolation
1,208,knn,3,3,6.0,197.14285714285717,854.6554477993761,scale,1,-0.003334289278105751,9,18,27,load_extrapolation
1,208,knn,3,3,6.0,197.14285714285717,854.6554477993761,scale+thin,1,-0.003334289278105751,9,55,64,load_extrapolation
1,208,knn,1,4,6.0,212.8571428571429,895.7569021904145,none,1,-0.001850715523769031,5,0,5,load_extrapolation
1,208,knn,1,4,6.0,212.8571428571429,895.7569021904145,scale,1,-0.002216215243439623,5,18,23,load_extrapolation
1,208,knn,1,4,6.0,212.8571428571429,895.7569021904145,scale+thin,1,-0.002216215243439623,5,55,60,load_extrapolation
1,208,knn,2,4,6.0,212.8571428571429,895.7569021904145,none,1,-0.001850715523769031,7,0,7,load_extrapolation
1,208,knn,2,4,6.0,212.8571428571429,895.7569021904145,scale,1,-0.002216215243439623,7,18,25,load_extrapolation
1,208,knn,2,4,6.0,212.8571428571429,895.7569021904145,scale+thin,1,-0.002216215243439623,7,55,62,load_extrapolation
1,208,knn,3,4,6.0,212.8571428571429,895.7569021904145,none,1,-0.001850715523769031,10,0,10,load_extrapolation
1,208,knn,3,4,6.0,212.8571428571429,895.7569021904145,scale,1,-0.002216215243439623,10,18,28,load_extrapolation
1,208,knn,3,4,6.0,212.8571428571429,895.7569021904145,scale+thin,1,-0.002216215243439623,10,55,65,load_extrapolation
1,208,knn,1,5,6.0,228.57142857142856,927.0052988628717,none,1,0.01209656824798433,3,0,3,load_extrapolation
1,208,knn,1,5,6.0,228.57142857142856,927.0052988628717,scale,1,0.01022106870075623,3,18,21,load_extrapolation
1,208,knn,1,5,6.0,228.57142857142856,927.0052988628717,scale+thin,1,0.01022106870075623,3,55,58,load_extrapolation
1,208,knn,2,5,6.0,228.57142857142856,927.0052988628717,none,1,0.01209656824798433,7,0,7,load_extrapolation
1,208,knn,2,5,6.0,228.57142857142856,927.0052988628717,scale,1,0.01022106870075623,7,18,25,load_extrapolation
1,208,knn,2,5,6.0,228.57142857142856,927.0052988628717,scale+thin,1,0.01022106870075623,7,55,62,load_extrapolation
1,208,knn,3,5,6.0,228.57142857142856,927.0052988628717,none,1,0.01209656824798433,10,0,10,load_extrapolation
1,208,knn,3,5,6.0,228.57142857142856,927.0052988628717,scale,1,0.01022106870075623,10,18,28,load_extrapolation
1,208,knn,3,5,6.0,228.57142857142856,927.0052988628717,scale+thin,1,0.01022106870075623,10,55,65,load_extrapolation
1,208,knn,1,6,6.0,244.28571428571428,968.4098952439792,none,1,0.011097716994397988,3,0,3,load_extrapolation
1,208,knn,1,6,6.0,244.28571428571428,968.4098952439792,scale,1,0.008807938021826667,3,18,21,load_extrapolation
1,208,knn,1,6,6.0,244.28571428571428,968.4098952439792,scale+thin,1,0.008807938021826667,3,55,58,load_extrapolation
1,208,knn,2,6,6.0,244.28571428571428,968.4098952439792,none,1,0.011097716994397988,6,0,6,load_extrapolation
1,208,knn,2,6,6.0,244.28571428571428,968.4098952439792,scale,1,0.008807938021826667,6,18,24,load_extrapolation
1,208,knn,2,6,6.0,244.28571428571428,968.4098952439792,scale+thin,1,0.008807938021826667,6,55,61,load_extrapolation
1,208,knn,3,6,6.0,244.28571428571428,968.4098952439792,none,1,0.011097716994397988,9,0,9,load_extrapolation
1,208,knn,3,6,6.0,244.28571428571428,968.4098952439792,scale,1,0.008807938021826667,9,18,27,load_extrapolation
1,208,knn,3,6,6.0,244.28571428571428,968.4098952439792,scale+thin,1,0.008807938021826667,9,55,64,load_extrapolation
1,208,knn,1,7,6.0,260.0,1013.7382545756694,none,1,0.0036693089448061045,5,0,5,load_extrapolation
1,208,knn,1,7,6.0,260.0,1013.7382545756694,scale,1,0.0029343341902121622,5,18,23,load_extrapolation
1,208,knn,1,7,6.0,260.0,1013.7382545756694,scale+thin,1,0.0029343341902121622,5,56,61,load_extrapolation
1,208,knn,2,7,6.0,260.0,1013.7382545756694,none,1,0.0036693089448061045,7,0,7,load_extrapolation
1,208,knn,2,7,6.0,260.0,1013.7382545756694,scale,1,0.0029343341902121622,7,18,25,load_extrapolation
1,208,knn,2,7,6.0,260.0,1013.7382545756694,scale+thin,1,0.0029343341902121622,7,56,63,load_extrapolation
1,208,knn,3,7,6.0,260.0,1013.7382545756694,none,1,0.0036693089448061045,10,0,10,load_extrapolation
1,208,knn,3,7,6.0,260.0,1013.7382545756694,scale,1,0.0029343341902121622,10,18,28,load_extrapolation
1,208,knn,3,7,6.0,260.0,1013.7382545756694,scale+thin,1,0.0029343341902121622,10,56,66,load_extrapolation
1,208,knn,1,8,7.285714285714286,150.0,1153.3708205133214,none,1,-0.009958223578183989,3,0,3,load_extrapolation
1,208,knn,1,8,7.285714285714286,150.0,1153.3708205133214,scale,1,-0.011204145534432941,3,18,21,load_extrapolation
1,208,knn,1,8,7.285714285714286,150.0,1153.3708205133214,scale+thin,1,-0.011204145534432941,3,55,58,load_extrapolation
1,208,knn,2,8,7.285714285714286,150.0,1153.3708205133214,none,1,-0.009958223578183989,6,0,6,load_extrapolation
1,208,knn,2,8,7.285714285714286,150.0,1153.3708205133214,scale,1,-0.011204145534432941,6,18,24,load_extrapolation
1,208,knn,2,8,7.285714285714286,150.0,1153.3708205133214,scale+thin,1,-0.011204145534432941,6,55,61,load_extrapolation
1,208,knn,3,8,7.285714285714286,150.0,1153.3708205133214,none,1,-0.009958223578183989,9,0,9,load_extrapolation
1,208,knn,3,8,7.285714285714286,150.0,1153.3708205133214,scale,1,-0.011204145534432941,9,18,27,load_extrapolation
1,208,knn,3,8,7.285714285714286,150.0,1153.3708205133214,scale+thin,1,-0.011204145534432941,9,55,64,load_extrapolation
1,208,knn,1,9,7.285714285714286,165.71428571428572,1218.9044722408655,none,1,-0.0012992693850772952,3,0,3,load_extrapolation
1,208,knn,1,9,7.285714285714286,165.71428571428572,1218.9044722408655,scale,1,-0.0018935005538703864,3,18,21,load_extrapolation
1,208,knn,1,9,7.285714285714286,165.71428571428572,1218.9044722408655,scale+thin,1,-0.0018935005538703864,3,55,58,load_extrapolation
1,208,knn,2,9,7.285714285714286,165.71428571428572,1218.9044722408655,none,1,-0.0012992693850772952,6,0,6,load_extrapolation
1,208,knn,2,9,7.285714285714286,165.71428571428572,1218.9044722408655,scale,1,-0.0018935005538703864,6,18,24,load_extrapolation
1,208,knn,2,9,7.285714285714286,165.71428571428572,1218.9044722408655,scale+thin,1,-0.0018935005538703864,6,55,61,load_extrapolation
1,208,knn,3,9,7.285714285714286,165.71428571428572,1218.9044722408655,none,1,-0.0012992693850772952,9,0,9,load_extrapolation
1,208,knn,3,9,7.285714285714286,165.71428571428572,1218.9044722408655,scale,1,-0.0018935005538703864,9,18,27,load_extrapolation
1,208,knn,3,9,7.285714285714286,165.71428571428572,1218.9044722408655,scale+thin,1,-0.0018935005538703864,9,55,64,load_extrapolation
1,208,knn,1,10,7.285714285714286,181.42857142857144,1289.0609260869776,none,1,-0.0005484963922943731,4,0,4,load_extrapolation
1,208,knn,1,10,7.285714285714286,181.42857142857144,1289.0609260869776,scale,1,-0.002080575979845456,4,18,22,load_extrapolation
1,208,knn,1,10,7.285714285714286,181.42857142857144,1289.0609260869776,scale+thin,1,-0.002080575979845456,4,56,60,load_extrapolation
1,208,knn,2,10,7.285714285714286,181.42857142857144,1289.0609260869776,none,1,-0.0005484963922943731,7,0,7,load_extrapolation
1,208,knn,2,10,7.285714285714286,181.42857142857144,1289.0609260869776,scale,1,-0.002080575979845456,7,18,25,load_extrapolation
1,208,knn,2,10,7.285714285714286,181.42857142857144,1289.0609260869776,scale+thin,1,-0.002080575979845456,7,56,63,load_extrapolation
1,208,knn,3,10,7.285714285714286,181.42857142857144,1289.0609260869776,none,1,-0.0005484963922943731,10,0,10,load_extrapolation
1,208,knn,3,10,7.285714285714286,181.42857142857144,1289.0609260869776,scale,1,-0.002080575979845456,10,18,28,load_extrapolation
1,208,knn,3,10,7.285714285714286,181.42857142857144,1289.0609260869776,scale+thin,1,-0.002080575979845456,10,56,66,load_extrapolation
1,208,knn,1,11,7.285714285714286,197.14285714285717,1353.7155222893743,none,1,0.00040108831119933797,3,0,3,load_extrapolation
1,208,knn,1,11,7.285714285714286,197.14285714285717,1353.7155222893743,scale,1,0.00021791778625113167,3,18,21,load_extrapolation
1,208,knn,1,11,7.285714285714286,197.14285714285717,1353.7155222893743,scale+thin,1,0.00021791778625113167,3,56,59,load_extrapolation
1,208,knn,2,11,7.285714285714286,197.14285714285717,1353.7155222893743,none,1,0.00040108831119933797,6,0,6,load_extrapolation
1,208,knn,2,11,7.285714285714286,197.14285714285717,1353.7155222893743,scale,1,0.00021791778625113167,6,18,24,load_extrapolation
1,208,knn,2,11,7.285714285714286,197.14285714285717,1353.7155222893743,scale+thin,1,0.00021791778625113167,6,56,62,load_extrapolation
1,208,knn,3,11,7.285714285714286,197.14285714285717,1353.7155222893743,none,1,0.00040108831119933797,9,0,9,load_extrapolation
1,208,knn,3,11,7.285714285714286,197.14285714285717,1353.7155222893743,scale,1,0.00021791778625113167,9,18,27,load_extrapolation
1,208,knn,3,11,7.285714285714286,197.14285714285717,1353.7155222893743,scale+thin,1,0.00021791778625113167,9,56,65,load_extrapolation
1,208,knn,1,12,7.285714285714286,212.8571428571429,1426.808505633445,none,1,-0.002763306212883454,3,0,3,load_extrapolation
1,208,knn,1,12,7.285714285714286,212.8571428571429,1426.808505633445,scale,1,-0.004884895704990733,3,18,21,load_extrapolation
1,208,knn,1,12,7.285714285714286,212.8571428571429,1426.808505633445,scale+thin,1,-0.004884895704990733,3,57,60,load_extrapolation
1,208,knn,2,12,7.285714285714286,212.8571428571429,1426.808505633445,none,1,-0.002763306212883454,5,0,5,load_extrapolation
1,208,knn,2,12,7.285714285714286,212.8571428571429,1426.808505633445,scale,1,-0.004884895704990733,5,18,23,load_extrapolation
1,208,knn,2,12,7.285714285714286,212.8571428571429,1426.808505633445,scale+thin,1,-0.004884895704990733,5,57,62,load_extrapolation
1,208,knn,3,12,7.285714285714286,212.8571428571429,1426.808505633445,none,1,-0.002763306212883454,8,0,8,load_extrapolation
1,208,knn,3,12,7.285714285714286,212.8571428571429,1426.808505633445,scale,1,-0.004884895704990733,8,18,26,load_extrapolation
1,208,knn,3,12,7.285714285714286,212.8571428571429,1426.808505633445,scale+thin,1,-0.004884895704990733,8,57,65,load_extrapolation
1,208,knn,1,13,7.285714285714286,228.57142857142856,1481.0244610123186,none,1,0.00459681311786353,3,0,3,load_extrapolation
1,208,knn,1,13,7.285714285714286,228.57142857142856,1481.0244610123186,scale,1,0.002206922956257351,3,18,21,load_extrapolation
1,208,knn,1,13,7.285714285714286,228.57142857142856,1481.0244610123186,scale+thin,1,0.002206922956257351,3,57,60,load_extrapolation
1,208,knn,2,13,7.285714285714286,228.57142857142856,1481.0244610123186,none,1,0.00459681311786353,6,0,6,load_extrapolation
1,208,knn,2,13,7.285714285714286,228.57142857142856,1481.0244610123186,scale,1,0.002206922956257351,6,18,24,load_extrapolation
1,208,knn,2,13,7.285714285714286,228.57142857142856,1481.0244610123186,scale+thin,1,0.002206922956257351,6,57,63,load_extrapolation
1,208,knn,3,13,7.285714285714286,228.57142857142856,1481.0244610123186,none,1,0.00459681311786353,9,0,9,load_extrapolation
1,208,knn,3,13,7.285714285714286,228.57142857142856,1481.0244610123186,scale,1,0.002206922956257351,9,18,27,load_extrapolation
1,208,knn,3,13,7.285714285714286,228.57142857142856,1481.0244610123186,scale+thin,1,0.002206922956257351,9,57,66,load_extrapolation
1,208,knn,1,14,7.285714285714286,244.28571428571428,1543.6092503419804,none,1,0.0042676620127068965,4,0,4,load_extrapolation
1,208,knn,1,14,7.285714285714286,244.28571428571428,1543.6092503419804,scale,1,0.002705231531146879,4,18,22,load_extrapolation
1,208,knn,1,14,7.285714285714286,244.28571428571428,1543.6092503419804,scale+thin,1,0.002705231531146879,4,58,62,load_extrapolation
1,208,knn,2,14,7.285714285714286,244.28571428571428,1543.6092503419804,none,1,0.0042676620127068965,7,0,7,load_extrapolation
1,208,knn,2,14,7.285714285714286,244.28571428571428,1543.6092503419804,scale,1,0.002705231531146879,7,18,25,load_extrapolation
1,208,knn,2,14,7.285714285714286,244.28571428571428,1543.6092503419804,scale+thin,1,0.002705231531146879,7,58,65,load_extrapolation
1,208,knn,3,14,7.285714285714286,244.28571428571428,1543.6092503419804,none,1,0.0042676620127068965,10,0,10,load_extrapolation
1,208,knn,3,14,7.285714285714286,244.28571428571428,1543.6092503419804,scale,1,0.002705231531146879,10,18,28,load_extrapolation
1,208,knn,3,14,7.285714285714286,244.28571428571428,1543.6092503419804,scale+thin,1,0.002705231531146879,10,58,68,load_extrapolation
1,208,knn,1,15,7.285714285714286,260.0,1618.4847454305025,none,1,-0.0036765850071498463,4,0,4,load_extrapolation
1,208,knn,1,15,7.285714285714286,260.0,1618.4847454305025,scale,1,-0.0052266559015534675,4,18,22,load_extrapolation
1,208,knn,1,15,7.285714285714286,260.0,1618.4847454305025,scale+thin,1,-0.0052266559015534675,4,58,62,load_extrapolation
1,208,knn,2,15,7.285714285714286,260.0,1618.4847454305025,none,1,-0.0036765850071498463,7,0,7,load_extrapolation
1,208,knn,2,15,7.285714285714286,260.0,1618.4847454305025,scale,1,-0.0052266559015534675,7,18,25,load_extrapolation
1,208,knn,2,15,7.285714285714286,260.0,1618.4847454305025,scale+thin,1,-0.0052266559015534675,7,58,65,load_extrapolation
1,208,knn,3,15,7.285714285714286,260.0,1618.4847454305025,none,1,-0.0036765850071498463,10,0,10,load_extrapolation
1,208,knn,3,15,7.285714285714286,260.0,1618.4847454305025,scale,1,-0.0052266559015534675,10,18,28,load_extrapolation
1,208,knn,3,15,7.285714285714286,260.0,1618.4847454305025,scale+thin,1,-0.0052266559015534675,10,58,68,load_extrapolation
1,208,knn,1,16,8.571428571428571,150.0,1686.3433188884542,none,1,0.010524730360834678,2,0,2,load_extrapolation
1,208,knn,1,16,8.571428571428571,150.0,1686.3433188884542,scale,1,0.008282455272096145,2,18,20,load_extrapolation
1,208,knn,1,16,8.571428571428571,150.0,1686.3433188884542,scale+thin,1,0.008282455272096145,2,57,59,load_extrapolation
1,208,knn,2,16,8.571428571428571,150.0,1686.3433188884542,none,1,0.010524730360834678,5,0,5,load_extrapolation
1,208,knn,2,16,8.571428571428571,150.0,1686.3433188884542,scale,1,0.008282455272096145,5,18,23,load_extrapolation
1,208,knn,2,16,8.571428571428571,150.0,1686.3433188884542,scale+thin,1,0.008282455272096145,5,57,62,load_extrapolation
1,208,knn,3,16,8.571428571428571,150.0,1686.3433188884542,none,1,0.010524730360834678,8,0,8,load_extrapolation
1,208,knn,3,16,8.571428571428571,150.0,1686.3433188884542,scale,1,0.008282455272096145,8,18,26,load_extrapolation
1,208,knn,3,16,8.571428571428571,150.0,1686.3433188884542,scale+thin,1,0.008282455272096145,8,57,65,load_extrapolation
1,208,knn,1,17,8.571428571428571,165.71428571428572,1809.7430894999927,none,1,9.657241865745902e-05,4,0,4,load_extrapolation
1,208,knn,1,17,8.571428571428571,165.71428571428572,1809.7430894999927,scale,1,-0.0003611830686083284,4,18,22,load_extrapolation
1,208,knn,1,17,8.571428571428571,165.71428571428572,1809.7430894999927,scale+thin,1,-0.0003611830686083284,4,58,62,load_extrapolation
1,208,knn,2,17,8.571428571428571,165.71428571428572,1809.7430894999927,none,1,9.657241865745902e-05,7,0,7,load_extrapolation
1,208,knn,2,17,8.571428571428571,165.71428571428572,1809.7430894999927,scale,1,-0.0003611830686083284,7,18,25,load_extrapolation
1,208,knn,2,17,8.571428571428571,165.71428571428572,1809.7430894999927,scale+thin,1,-0.0003611830686083284,7,58,65,load_extrapolation
1,208,knn,3,17,8.571428571428571,165.71428571428572,1809.7430894999927,none,1,9.657241865745902e-05,10,0,10,load_extrapolation
1,208,knn,3,17,8.571428571428571,165.71428571428572,1809.7430894999927,scale,1,-0.0003611830686083284,10,18,28,load_extrapolation
1,208,knn,3,17,8.571428571428571,165.71428571428572,1809.7430894999927,scale+thin,1,-0.0003611830686083284,10,58,68,load_extrapolation
1,208,knn,1,18,8.571428571428571,181.42857142857144,1926.769836691324,none,1,-0.0051656605399847955,5,0,5,load_extrapolation
1,208,knn,1,18,8.571428571428571,181.42857142857144,1926.769836691324,scale,1,-0.00614452752576955,5,18,23,load_extrapolation
1,208,knn,1,18,8.571428571428571,181.42857142857144,1926.769836691324,scale+thin,1,-0.006921159710920333,5,76,81,load_extrapolation
1,208,knn,2,18,8.571428571428571,181.42857142857144,1926.769836691324,none,1,-0.0051656605399847955,8,0,8,load_extrapolation
1,208,knn,2,18,8.571428571428571,181.42857142857144,1926.769836691324,scale,1,-0.00614452752576955,8,18,26,load_extrapolation
1,208,knn,2,18,8.571428571428571,181.42857142857144,1926.769836691324,scale+thin,1,-0.006921159710920333,8,76,84,load_extrapolation
1,208,knn,3,18,8.571428571428571,181.42857142857144,1926.769836691324,none,1,-0.0051656605399847955,10,0,10,load_extrapolation
1,208,knn,3,18,8.571428571428571,181.42857142857144,1926.769836691324,scale,1,-0.00614452752576955,10,18,28,load_extrapolation
1,208,knn,3,18,8.571428571428571,181.42857142857144,1926.769836691324,scale+thin,1,-0.006921159710920333,10,76,86,load_extrapolation
1,208,knn,1,19,8.571428571428571,197.14285714285717,2004.21381384588,none,1,0.0018229290555797917,4,0,4,load_extrapolation
1,208,knn,1,19,8.571428571428571,197.14285714285717,2004.21381384588,scale,1,0.0010434638873197954,4,18,22,load_extrapolation
1,208,knn,1,19,8.571428571428571,197.14285714285717,2004.21381384588,scale+thin,1,0.0008335925563367486,4,77,81,load_extrapolation
1,208,knn,2,19,8.571428571428571,197.14285714285717,2004.21381384588,none,1,0.0018229290555797917,7,0,7,load_extrapolation
1,208,knn,2,19,8.571428571428571,197.14285714285717,2004.21381384588,scale,1,0.0010434638873197954,7,18,25,load_extrapolation
1,208,knn,2,19,8.571428571428571,197.14285714285717,2004.21381384588,scale+thin,1,0.0008335925563367486,7,77,84,load_extrapolation
1,208,knn,3,19,8.571428571428571,197.14285714285717,2004.21381384588,none,1,0.0018229290555797917,10,0,10,load_extrapolation
1,208,knn,3,19,8.571428571428571,197.14285714285717,2004.21381384588,scale,1,0.0010434638873197954,10,18,28,load_extrapolation
1,208,knn,3,19,8.571428571428571,197.14285714285717,2004.21381384588,scale+thin,1,0.0008335925563367486,10,77,87,load_extrapolation
1,208,knn,1,20,8.571428571428571,212.8571428571429,2119.4215005582246,none,1,0.01661893960558425,10,0,10,load_extrapolation
1,208,knn,1,20,8.571428571428571,212.8571428571429,2119.4215005582246,scale,1,0.016363001545700806,10,18,28,load_extrapolation
1,208,knn,1,20,8.571428571428571,212.8571428571429,2119.4215005582246,scale+thin,1,0.006809452118047732,10,79,89,load_extrapolation
1,208,knn,2,20,8.571428571428571,212.8571428571429,2119.4215005582246,none,1,0.01661893960558425,15,0,15,load_extrapolation
1,208,knn,2,20,8.571428571428571,212.8571428571429,2119.4215005582246,scale,1,0.016363001545700806,15,18,33,load_extrapolation
1,208,knn,2,20,8.571428571428571,212.8571428571429,2119.4215005582246,scale+thin,1,0.006809452118047732,15,79,94,load_extrapolation
1,208,knn,3,20,8.571428571428571,212.8571428571429,2119.4215005582246,none,1,0.01661893960558425,18,0,18,load_extrapolation
1,208,knn,3,20,8.571428571428571,212.8571428571429,2119.4215005582246,scale,1,0.016363001545700806,18,18,36,load_extrapolation
1,208,knn,3,20,8.571428571428571,212.8571428571429,2119.4215005582246,scale+thin,1,0.006809452118047732,18,79,97,load_extrapolation
1,208,knn,1,21,8.571428571428571,228.57142857142856,2258.167962393494,none,0,,10,0,10,load_extrapolation
1,208,knn,1,21,8.571428571428571,228.57142857142856,2258.167962393494,scale,1,0.024858133999062337,10,19,29,load_extrapolation
1,208,knn,1,21,8.571428571428571,228.57142857142856,2258.167962393494,scale+thin,1,0.015419397344350827,10,81,91,load_extrapolation
1,208,knn,2,21,8.571428571428571,228.57142857142856,2258.167962393494,none,1,-1.0250227312380567e-05,14,0,14,load_extrapolation
1,208,knn,2,21,8.571428571428571,228.57142857142856,2258.167962393494,scale,1,-0.0014745425260266343,14,18,32,load_extrapolation
1,208,knn,2,21,8.571428571428571,228.57142857142856,2258.167962393494,scale+thin,1,-0.0014745425260266343,14,57,71,load_extrapolation
1,208,knn,3,21,8.571428571428571,228.57142857142856,2258.167962393494,none,1,-1.0250227312380567e-05,17,0,17,load_extrapolation
1,208,knn,3,21,8.571428571428571,228.57142857142856,2258.167962393494,scale,1,-0.0014745425260266343,17,18,35,load_extrapolation
1,208,knn,3,21,8.571428571428571,228.57142857142856,2258.167962393494,scale+thin,1,-0.0014745425260266343,17,57,74,load_extrapolation
1,208,knn,1,22,8.571428571428571,244.28571428571428,2347.8753054507297,none,0,,10,0,10,load_extrapolation
1,208,knn,1,22,8.571428571428571,244.28571428571428,2347.8753054507297,scale,1,0.05411473942527034,10,19,29,load_extrapolation
1,208,knn,1,22,8.571428571428571,244.28571428571428,2347.8753054507297,scale+thin,1,0.0473864271421951,10,84,94,load_extrapolation
1,208,knn,2,22,8.571428571428571,244.28571428571428,2347.8753054507297,none,1,0.0032329693606514276,14,0,14,load_extrapolation
1,208,knn,2,22,8.571428571428571,244.28571428571428,2347.8753054507297,scale,1,0.001763927991792258,14,18,32,load_extrapolation
1,208,knn,2,22,8.571428571428571,244.28571428571428,2347.8753054507297,scale+thin,1,0.001763927991792258,14,58,72,load_extrapolation
1,208,knn,3,22,8.571428571428571,244.28571428571428,2347.8753054507297,none,1,0.0032329693606514276,20,0,20,load_extrapolation
1,208,knn,3,22,8.571428571428571,244.28571428571428,2347.8753054507297,scale,1,0.001763927991792258,20,18,38,load_extrapolation
1,208,knn,3,22,8.571428571428571,244.28571428571428,2347.8753054507297,scale+thin,1,0.001763927991792258,20,58,78,load_extrapolation
1,208,knn,1,23,8.571428571428571,260.0,2454.6466970028446,none,0,,10,0,10,load_extrapolation
1,208,knn,1,23,8.571428571428571,260.0,2454.6466970028446,scale,1,0.07371985570934725,10,19,29,load_extrapolation
1,208,knn,1,23,8.571428571428571,260.0,2454.6466970028446,scale+thin,1,0.06390218540501635,10,86,96,load_extrapolation
1,208,knn,2,23,8.571428571428571,260.0,2454.6466970028446,none,1,-0.0020711598193311476,13,0,13,load_extrapolation
1,208,knn,2,23,8.571428571428571,260.0,2454.6466970028446,scale,1,-0.003053071638283611,13,18,31,load_extrapolation
1,208,knn,2,23,8.571428571428571,260.0,2454.6466970028446,scale+thin,1,-0.003053071638283611,13,58,71,load_extrapolation
1,208,knn,3,23,8.571428571428571,260.0,2454.6466970028446,none,1,-0.0020711598193311476,17,0,17,load_extrapolation
1,208,knn,3,23,8.571428571428571,260.0,2454.6466970028446,scale,1,-0.003053071638283611,17,18,35,load_extrapolation
1,208,knn,3,23,8.571428571428571,260.0,2454.6466970028446,scale+thin,1,-0.003053071638283611,17,58,75,load_extrapolation
1,208,knn,1,24,9.857142857142858,150.0,2401.6635135318147,none,1,-0.0008746661785326015,5,0,5,load_extrapolation
1,208,knn,1,24,9.857142857142858,150.0,2401.6635135318147,scale,1,-0.001720609111933391,5,18,23,load_extrapolation
1,208,knn,1,24,9.857142857142858,150.0,2401.6635135318147,scale+thin,1,-0.001720609111933391,5,77,82,load_extrapolation
1,208,knn,2,24,9.857142857142858,150.0,2401.6635135318147,none,1,-0.0008746661785326015,8,0,8,load_extrapolation
1,208,knn,2,24,9.857142857142858,150.0,2401.6635135318147,scale,1,-0.001720609111933391,8,18,26,load_extrapolation
1,208,knn,2,24,9.857142857142858,150.0,2401.6635135318147,scale+thin,1,-0.001720609111933391,8,77,85,load_extrapolation
1,208,knn,3,24,9.857142857142858,150.0,2401.6635135318147,none,1,-0.0008746661785326015,11,0,11,load_extrapolation
1,208,knn,3,24,9.857142857142858,150.0,2401.6635135318147,scale,1,-0.001720609111933391,11,18,29,load_extrapolation
1,208,knn,3,24,9.857142857142858,150.0,2401.6635135318147,scale+thin,1,-0.001720609111933391,11,77,88,load_extrapolation
1,208,knn,1,25,9.857142857142858,165.71428571428572,2596.489349148936,none,0,,10,0,10,load_extrapolation
1,208,knn,1,25,9.857142857142858,165.71428571428572,2596.489349148936,scale,1,0.018463298148662766,10,19,29,load_extrapolation
1,208,knn,1,25,9.857142857142858,165.71428571428572,2596.489349148936,scale+thin,1,0.018463298148662766,10,81,91,load_extrapolation
1,208,knn,2,25,9.857142857142858,165.71428571428572,2596.489349148936,none,1,0.018167238421787024,13,0,13,load_extrapolation
1,208,knn,2,25,9.857142857142858,165.71428571428572,2596.489349148936,scale,1,0.0167229030876328,13,18,31,load_extrapolation
1,208,knn,2,25,9.857142857142858,165.71428571428572,2596.489349148936,scale+thin,1,0.0167229030876328,13,58,71,load_extrapolation
1,208,knn,3,25,9.857142857142858,165.71428571428572,2596.489349148936,none,1,0.018167238421787024,16,0,16,load_extrapolation
1,208,knn,3,25,9.857142857142858,165.71428571428572,2596.489349148936,scale,1,0.0167229030876328,16,18,34,load_extrapolation
1,208,knn,3,25,9.857142857142858,165.71428571428572,2596.489349148936,scale+thin,1,0.0167229030876328,16,58,74,load_extrapolation
1,208,knn,1,26,9.857142857142858,181.42857142857144,2778.4364695846,none,0,,10,0,10,load_extrapolation
1,208,knn,1,26,9.857142857142858,181.42857142857144,2778.4364695846,scale,1,0.04000027691899333,10,19,29,load_extrapolation
1,208,knn,1,26,9.857142857142858,181.42857142857144,2778.4364695846,scale+thin,1,0.04000027691899333,10,84,94,load_extrapolation
1,208,knn,2,26,9.857142857142858,181.42857142857144,2778.4364695846,none,1,0.004888180285385957,14,0,14,load_extrapolation
1,208,knn,2,26,9.857142857142858,181.42857142857144,2778.4364695846,scale,1,0.0042212890775479295,14,18,32,load_extrapolation
1,208,knn,2,26,9.857142857142858,181.42857142857144,2778.4364695846,scale+thin,1,0.0036349447999057816,14,76,90,load_extrapolation
1,208,knn,3,26,9.857142857142858,181.42857142857144,2778.4364695846,none,1,0.004888180285385957,19,0,19,load_extrapolation
1,208,knn,3,26,9.857142857142858,181.42857142857144,2778.4364695846,scale,1,0.0042212890775479295,19,18,37,load_extrapolation
1,208,knn,3,26,9.857142857142858,181.42857142857144,2778.4364695846,scale+thin,1,0.0036349447999057816,19,76,95,load_extrapolation
1,208,knn,1,27,9.857142857142858,197.14285714285717,2934.59017073786,none,0,,10,0,10,load_extrapolation
1,208,knn,1,27,9.857142857142858,197.14285714285717,2934.59017073786,scale,1,0.06983154605186992,10,19,29,load_extrapolation
1,208,knn,1,27,9.857142857142858,197.14285714285717,2934.59017073786,scale+thin,1,0.06983154605186992,10,86,96,load_extrapolation
1,208,knn,2,27,9.857142857142858,197.14285714285717,2934.59017073786,none,1,0.0032555833364871223,15,0,15,load_extrapolation
1,208,knn,2,27,9.857142857142858,197.14285714285717,2934.59017073786,scale,1,0.002314333591851625,15,18,33,load_extrapolation
1,208,knn,2,27,9.857142857142858,197.14285714285717,2934.59017073786,scale+thin,1,0.002314333591851625,15,77,92,load_extrapolation
1,208,knn,3,27,9.857142857142858,197.14285714285717,2934.59017073786,none,1,0.0032555833364871223,19,0,19,load_extrapolation
1,208,knn,3,27,9.857142857142858,197.14285714285717,2934.59017073786,scale,1,0.002314333591851625,19,18,37,load_extrapolation
1,208,knn,3,27,9.857142857142858,197.14285714285717,2934.59017073786,scale+thin,1,0.002314333591851625,19,77,96,load_extrapolation
1,208,knn,1,28,9.857142857142858,212.8571428571429,3092.903946849261,none,0,,10,0,10,load_extrapolation
1,208,knn,1,28,9.857142857142858,212.8571428571429,3092.903946849261,scale,1,0.09303958770751253,10,19,29,load_extrapolation
1,208,knn,1,28,9.857142857142858,212.8571428571429,3092.903946849261,scale+thin,1,0.09303958770751253,10,72,82,load_extrapolation
1,208,knn,2,28,9.857142857142858,212.8571428571429,3092.903946849261,none,1,0.0046998075499462555,18,0,18,load_extrapolation
1,208,knn,2,28,9.857142857142858,212.8571428571429,3092.903946849261,scale,1,0.004676811927877278,18,18,36,load_extrapolation
1,208,knn,2,28,9.857142857142858,212.8571428571429,3092.903946849261,scale+thin,1,0.004676811927877278,18,80,98,load_extrapolation
1,208,knn,3,28,9.857142857142858,212.8571428571429,3092.903946849261,none,1,0.0046998075499462555,23,0,23,load_extrapolation
1,208,knn,3,28,9.857142857142858,212.8571428571429,3092.903946849261,scale,1,0.004676811927877278,23,18,41,load_extrapolation
1,208,knn,3,28,9.857142857142858,212.8571428571429,3092.903946849261,scale+thin,1,0.004676811927877278,23,80,103,load_extrapolation
1,208,knn,1,29,9.857142857142858,228.57142857142856,3278.0505051710666,none,0,,10,0,10,load_extrapolation
1,208,knn,1,29,9.857142857142858,228.57142857142856,3278.0505051710666,scale,1,0.10678101112854033,10,19,29,load_extrapolation
1,208,knn,1,29,9.857142857142858,228.57142857142856,3278.0505051710666,scale+thin,1,0.10678101112854033,10,72,82,load_extrapolation
1,208,knn,2,29,9.857142857142858,228.57142857142856,3278.0505051710666,none,0,,20,0,20,load_extrapolation
1,208,knn,2,29,9.857142857142858,228.57142857142856,3278.0505051710666,scale,1,0.016736609152459447,20,19,39,load_extrapolation
1,208,knn,2,29,9.857142857142858,228.57142857142856,3278.0505051710666,scale+thin,1,0.016736609152459447,20,81,101,load_extrapolation
1,208,knn,3,29,9.857142857142858,228.57142857142856,3278.0505051710666,none,1,0.26080828522111865,25,0,25,load_extrapolation
1,208,knn,3,29,9.857142857142858,228.57142857142856,3278.0505051710666,scale,1,0.26031775354647424,25,18,43,load_extrapolation
1,208,knn,3,29,9.857142857142858,228.57142857142856,3278.0505051710666,scale+thin,1,0.26031775354647424,25,77,102,load_extrapolation
1,208,knn,1,30,9.857142857142858,244.28571428571428,3503.3130527973344,none,0,,10,0,10,load_extrapolation
1,208,knn,1,30,9.857142857142858,244.28571428571428,3503.3130527973344,scale,1,0.1060514417461198,10,19,29,load_extrapolation
1,208,knn,1,30,9.857142857142858,244.28571428571428,3503.3130527973344,scale+thin,1,0.1060514417461198,10,74,84,load_extrapolation
1,208,knn,2,30,9.857142857142858,244.28571428571428,3503.3130527973344,none,0,,20,0,20,load_extrapolation
1,208,knn,2,30,9.857142857142858,244.28571428571428,3503.3130527973344,scale,1,0.01548243649283143,20,19,39,load_extrapolation
1,208,knn,2,30,9.857142857142858,244.28571428571428,3503.3130527973344,scale+thin,1,0.01548243649283143,20,84,104,load_extrapolation
1,208,knn,3,30,9.857142857142858,244.28571428571428,3503.3130527973344,none,0,,30,0,30,load_extrapolation
1,208,knn,3,30,9.857142857142858,244.28571428571428,3503.3130527973344,scale,1,0.2526259748404931,30,19,49,load_extrapolation
1,208,knn,3,30,9.857142857142858,244.28571428571428,3503.3130527973344,scale+thin,1,0.2526259748404931,30,81,111,load_extrapolation
1,208,knn,1,31,9.857142857142858,260.0,3720.59576057169,none,0,,10,0,10,load_extrapolation
1,208,knn,1,31,9.857142857142858,260.0,3720.59576057169,scale,1,0.15050840400922083,10,20,30,load_extrapolation
1,208,knn,1,31,9.857142857142858,260.0,3720.59576057169,scale+thin,1,0.15050757228305578,10,60,70,load_extrapolation
1,208,knn,2,31,9.857142857142858,260.0,3720.59576057169,none,0,,20,0,20,load_extrapolation
1,208,knn,2,31,9.857142857142858,260.0,3720.59576057169,scale,1,0.016296495228973473,20,19,39,load_extrapolation
1,208,knn,2,31,9.857142857142858,260.0,3720.59576057169,scale+thin,1,0.016296495228973473,20,86,106,load_extrapolation
1,208,knn,3,31,9.857142857142858,260.0,3720.59576057169,none,0,,30,0,30,load_extrapolation
1,208,knn,3,31,9.857142857142858,260.0,3720.59576057169,scale,1,0.25341874387798935,30,19,49,load_extrapolation
1,208,knn,3,31,9.857142857142858,260.0,3720.59576057169,scale+thin,1,0.25341874387798935,30,83,113,load_extrapolation
1,208,knn,1,32,11.142857142857142,150.0,3412.4966998531304,none,1,0.008872906438815553,3,0,3,load_extrapolation
1,208,knn,1,32,11.142857142857142,150.0,3412.4966998531304,scale,1,0.007487906005964939,3,18,21,load_extrapolation
1,208,knn,1,32,11.142857142857142,150.0,3412.4966998531304,scale+thin,1,0.0012867540732657279,3,77,80,load_extrapolation
1,208,knn,2,32,11.142857142857142,150.0,3412.4966998531304,none,1,0.008872906438815553,13,0,13,load_extrapolation
1,208,knn,2,32,11.142857142857142,150.0,3412.4966998531304,scale,1,0.007487906005964939,13,18,31,load_extrapolation
1,208,knn,2,32,11.142857142857142,150.0,3412.4966998531304,scale+thin,1,0.0012867540732657279,13,77,90,load_extrapolation
1,208,knn,3,32,11.142857142857142,150.0,3412.4966998531304,none,1,0.008872906438815553,16,0,16,load_extrapolation
1,208,knn,3,32,11.142857142857142,150.0,3412.4966998531304,scale,1,0.007487906005964939,16,18,34,load_extrapolation
1,208,knn,3,32,11.142857142857142,150.0,3412.4966998531304,scale+thin,1,0.0012867540732657279,16,77,93,load_extrapolation
1,208,knn,1,33,11.142857142857142,165.71428571428572,3681.539358959639,none,1,0.007218010016950105,9,0,9,load_extrapolation
1,208,knn,1,33,11.142857142857142,165.71428571428572,3681.539358959639,scale,1,0.0068952884015607285,9,18,27,load_extrapolation
1,208,knn,1,33,11.142857142857142,165.71428571428572,3681.539358959639,scale+thin,1,0.0068952884015607285,9,80,89,load_extrapolation
1,208,knn,2,33,11.142857142857142,165.71428571428572,3681.539358959639,none,1,0.007218010016950105,19,0,19,load_extrapolation
1,208,knn,2,33,11.142857142857142,165.71428571428572,3681.539358959639,scale,1,0.0068952884015607285,19,18,37,load_extrapolation
1,208,knn,2,33,11.142857142857142,165.71428571428572,3681.539358959639,scale+thin,1,0.0068952884015607285,19,80,99,load_extrapolation
1,208,knn,3,33,11.142857142857142,165.71428571428572,3681.539358959639,none,1,0.007218010016950105,22,0,22,load_extrapolation
1,208,knn,3,33,11.142857142857142,165.71428571428572,3681.539358959639,scale,1,0.0068952884015607285,22,18,40,load_extrapolation
1,208,knn,3,33,11.142857142857142,165.71428571428572,3681.539358959639,scale+thin,1,0.0068952884015607285,22,80,102,load_extrapolation
1,208,knn,1,34,11.142857142857142,181.42857142857144,4001.813446814073,none,0,,10,0,10,load_extrapolation
1,208,knn,1,34,11.142857142857142,181.42857142857144,4001.813446814073,scale,1,0.009767188274570904,10,19,29,load_extrapolation
1,208,knn,1,34,11.142857142857142,181.42857142857144,4001.813446814073,scale+thin,1,0.009767188274570904,10,84,94,load_extrapolation
1,208,knn,2,34,11.142857142857142,181.42857142857144,4001.813446814073,none,0,,20,0,20,load_extrapolation
1,208,knn,2,34,11.142857142857142,181.42857142857144,4001.813446814073,scale,1,0.009767188274570904,20,19,39,load_extrapolation
1,208,knn,2,34,11.142857142857142,181.42857142857144,4001.813446814073,scale+thin,1,0.009767188274570904,20,84,104,load_extrapolation
1,208,knn,3,34,11.142857142857142,181.42857142857144,4001.813446814073,none,1,0.25596073364156635,29,0,29,load_extrapolation
1,208,knn,3,34,11.142857142857142,181.42857142857144,4001.813446814073,scale,1,0.25544334705878513,29,18,47,load_extrapolation
1,208,knn,3,34,11.142857142857142,181.42857142857144,4001.813446814073,scale+thin,1,0.25544334705878513,29,80,109,load_extrapolation
1,208,knn,1,35,11.142857142857142,197.14285714285717,4332.975062229721,none,0,,10,0,10,load_extrapolation
1,208,knn,1,35,11.142857142857142,197.14285714285717,4332.975062229721,scale,1,0.006153812753126431,10,19,29,load_extrapolation
1,208,knn,1,35,11.142857142857142,197.14285714285717,4332.975062229721,scale+thin,1,0.006153812753126431,10,86,96,load_extrapolation
1,208,knn,2,35,11.142857142857142,197.14285714285717,4332.975062229721,none,0,,20,0,20,load_extrapolation
1,208,knn,2,35,11.142857142857142,197.14285714285717,4332.975062229721,scale,1,0.006153812753126431,20,19,39,load_extrapolation
1,208,knn,2,35,11.142857142857142,197.14285714285717,4332.975062229721,scale+thin,1,0.006153812753126431,20,86,106,load_extrapolation
1,208,knn,3,35,11.142857142857142,197.14285714285717,4332.975062229721,none,0,,30,0,30,load_extrapolation
1,208,knn,3,35,11.142857142857142,197.14285714285717,4332.975062229721,scale,1,0.2499584007486899,30,19,49,load_extrapolation
1,208,knn,3,35,11.142857142857142,197.14285714285717,4332.975062229721,scale+thin,1,0.2499584007486899,30,84,114,load_extrapolation
1,208,knn,1,36,11.142857142857142,212.8571428571429,4658.140801057062,none,0,,10,0,10,load_extrapolation
1,208,knn,1,36,11.142857142857142,212.8571428571429,4658.140801057062,scale,1,0.003611868210953162,10,19,29,load_extrapolation
1,208,knn,1,36,11.142857142857142,212.8571428571429,4658.140801057062,scale+thin,1,0.003611868210953162,10,71,81,load_extrapolation
1,208,knn,2,36,11.142857142857142,212.8571428571429,4658.140801057062,none,0,,20,0,20,load_extrapolation
1,208,knn,2,36,11.142857142857142,212.8571428571429,4658.140801057062,scale,1,0.003611868210953162,20,19,39,load_extrapolation
1,208,knn,2,36,11.142857142857142,212.8571428571429,4658.140801057062,scale+thin,1,0.003611868210953162,20,71,91,load_extrapolation
1,208,knn,3,36,11.142857142857142,212.8571428571429,4658.140801057062,none,0,,30,0,30,load_extrapolation
1,208,knn,3,36,11.142857142857142,212.8571428571429,4658.140801057062,scale,1,0.2462151639225003,30,19,49,load_extrapolation
1,208,knn,3,36,11.142857142857142,212.8571428571429,4658.140801057062,scale+thin,1,0.2462151639225003,30,86,116,load_extrapolation
1,208,knn,1,37,11.142857142857142,228.57142857142856,5137.886749115688,none,0,,10,0,10,load_extrapolation
1,208,knn,1,37,11.142857142857142,228.57142857142856,5137.886749115688,scale,1,3.9057928136188025e-07,10,20,30,load_extrapolation
1,208,knn,1,37,11.142857142857142,228.57142857142856,5137.886749115688,scale+thin,1,3.9057928136188025e-07,10,73,83,load_extrapolation
1,208,knn,2,37,11.142857142857142,228.57142857142856,5137.886749115688,none,0,,20,0,20,load_extrapolation
1,208,knn,2,37,11.142857142857142,228.57142857142856,5137.886749115688,scale,1,3.9057928136188025e-07,20,20,40,load_extrapolation
1,208,knn,2,37,11.142857142857142,228.57142857142856,5137.886749115688,scale+thin,1,3.9057928136188025e-07,20,73,93,load_extrapolation
1,208,knn,3,37,11.142857142857142,228.57142857142856,5137.886749115688,none,0,,30,0,30,load_extrapolation
1,208,knn,3,37,11.142857142857142,228.57142857142856,5137.886749115688,scale,1,0.20756390534493474,30,19,49,load_extrapolation
1,208,knn,3,37,11.142857142857142,228.57142857142856,5137.886749115688,scale+thin,1,0.20756390534493474,30,70,100,load_extrapolation
1,208,knn,1,38,11.142857142857142,244.28571428571428,6871.433005819378,none,0,,10,0,10,load_extrapolation
1,208,knn,1,38,11.142857142857142,244.28571428571428,6871.433005819378,scale,0,,10,9,19,load_extrapolation
1,208,knn,1,38,11.142857142857142,244.28571428571428,6871.433005819378,scale+thin,0,,10,33,43,load_extrapolation
1,208,knn,2,38,11.142857142857142,244.28571428571428,6871.433005819378,none,0,,20,0,20,load_extrapolation
1,208,knn,2,38,11.142857142857142,244.28571428571428,6871.433005819378,scale,0,,20,9,29,load_extrapolation
1,208,knn,2,38,11.142857142857142,244.28571428571428,6871.433005819378,scale+thin,0,,20,33,53,load_extrapolation
1,208,knn,3,38,11.142857142857142,244.28571428571428,6871.433005819378,none,0,,30,0,30,load_extrapolation
1,208,knn,3,38,11.142857142857142,244.28571428571428,6871.433005819378,scale,1,-2.8532745928067094e-05,30,20,50,load_extrapolation
1,208,knn,3,38,11.142857142857142,244.28571428571428,6871.433005819378,scale+thin,1,-2.88281486152675e-05,30,73,103,load_extrapolation
1,208,knn,1,39,11.142857142857142,260.0,8337.065935629631,none,0,,10,0,10,load_extrapolation
1,208,knn,1,39,11.142857142857142,260.0,8337.065935629631,scale,0,,10,9,19,load_extrapolation
1,208,knn,1,39,11.142857142857142,260.0,8337.065935629631,scale+thin,0,,10,33,43,load_extrapolation
1,208,knn,2,39,11.142857142857142,260.0,8337.065935629631,none,0,,20,0,20,load_extrapolation
1,208,knn,2,39,11.142857142857142,260.0,8337.065935629631,scale,0,,20,9,29,load_extrapolation
1,208,knn,2,39,11.142857142857142,260.0,8337.065935629631,scale+thin,0,,20,33,53,load_extrapolation
1,208,knn,3,39,11.142857142857142,260.0,8337.065935629631,none,0,,30,0,30,load_extrapolation
1,208,knn,3,39,11.142857142857142,260.0,8337.065935629631,scale,0,,30,9,39,load_extrapolation
1,208,knn,3,39,11.142857142857142,260.0,8337.065935629631,scale+thin,0,,30,33,63,load_extrapolation
1,208,knn,1,40,12.428571428571429,150.0,4886.521183652799,none,0,,10,0,10,load_extrapolation
1,208,knn,1,40,12.428571428571429,150.0,4886.521183652799,scale,1,-0.0009363513047943028,10,19,29,load_extrapolation
1,208,knn,1,40,12.428571428571429,150.0,4886.521183652799,scale+thin,1,-0.0009363513047943028,10,86,96,load_extrapolation
1,208,knn,2,40,12.428571428571429,150.0,4886.521183652799,none,0,,20,0,20,load_extrapolation
1,208,knn,2,40,12.428571428571429,150.0,4886.521183652799,scale,1,-0.0009363513047943028,20,19,39,load_extrapolation
1,208,knn,2,40,12.428571428571429,150.0,4886.521183652799,scale+thin,1,-0.0009363513047943028,20,86,106,load_extrapolation
1,208,knn,3,40,12.428571428571429,150.0,4886.521183652799,none,1,0.2512324261546206,28,0,28,load_extrapolation
1,208,knn,3,40,12.428571428571429,150.0,4886.521183652799,scale,1,0.2507169873738584,28,18,46,load_extrapolation
1,208,knn,3,40,12.428571428571429,150.0,4886.521183652799,scale+thin,1,0.2507169873738584,28,83,111,load_extrapolation
1,208,knn,1,41,12.428571428571429,165.71428571428572,5340.456835444255,none,1,0.011112332209177067,10,0,10,load_extrapolation
1,208,knn,1,41,12.428571428571429,165.71428571428572,5340.456835444255,scale,1,0.010996622896274566,10,18,28,load_extrapolation
1,208,knn,1,41,12.428571428571429,165.71428571428572,5340.456835444255,scale+thin,1,0.010996622896274566,10,71,81,load_extrapolation
1,208,knn,2,41,12.428571428571429,165.71428571428572,5340.456835444255,none,1,0.011112332209177067,20,0,20,load_extrapolation
1,208,knn,2,41,12.428571428571429,165.71428571428572,5340.456835444255,scale,1,0.010996622896274566,20,18,38,load_extrapolation
1,208,knn,2,41,12.428571428571429,165.71428571428572,5340.456835444255,scale+thin,1,0.010996622896274566,20,71,91,load_extrapolation
1,208,knn,3,41,12.428571428571429,165.71428571428572,5340.456835444255,none,1,0.011112332209177067,27,0,27,load_extrapolation
1,208,knn,3,41,12.428571428571429,165.71428571428572,5340.456835444255,scale,1,0.010996622896274566,27,18,45,load_extrapolation
1,208,knn,3,41,12.428571428571429,165.71428571428572,5340.456835444255,scale+thin,1,0.010996622896274566,27,71,98,load_extrapolation
1,208,knn,1,42,12.428571428571429,181.42857142857144,7499.029230834781,none,0,,10,0,10,load_extrapolation
1,208,knn,1,42,12.428571428571429,181.42857142857144,7499.029230834781,scale,0,,10,9,19,load_extrapolation
1,208,knn,1,42,12.428571428571429,181.42857142857144,7499.029230834781,scale+thin,0,,10,33,43,load_extrapolation
1,208,knn,2,42,12.428571428571429,181.42857142857144,7499.029230834781,none,0,,20,0,20,load_extrapolation
1,208,knn,2,42,12.428571428571429,181.42857142857144,7499.029230834781,scale,0,,20,9,29,load_extrapolation
1,208,knn,2,42,12.428571428571429,181.42857142857144,7499.029230834781,scale+thin,0,,20,33,53,load_extrapolation
1,208,knn,3,42,12.428571428571429,181.42857142857144,7499.029230834781,none,0,,30,0,30,load_extrapolation
1,208,knn,3,42,12.428571428571429,181.42857142857144,7499.029230834781,scale,1,-4.9648277185010414e-06,30,19,49,load_extrapolation
1,208,knn,3,42,12.428571428571429,181.42857142857144,7499.029230834781,scale+thin,1,-4.9648277185010414e-06,30,72,102,load_extrapolation
1,208,knn,1,43,12.428571428571429,197.14285714285717,9997.68170860264,none,0,,10,0,10,load_extrapolation
1,208,knn,1,43,12.428571428571429,197.14285714285717,9997.68170860264,scale,0,,10,9,19,load_extrapolation
1,208,knn,1,43,12.428571428571429,197.14285714285717,9997.68170860264,scale+thin,0,,10,33,43,load_extrapolation
1,208,knn,2,43,12.428571428571429,197.14285714285717,9997.68170860264,none,0,,20,0,20,load_extrapolation
1,208,knn,2,43,12.428571428571429,197.14285714285717,9997.68170860264,scale,0,,20,9,29,load_extrapolation
1,208,knn,2,43,12.428571428571429,197.14285714285717,9997.68170860264,scale+thin,0,,20,33,53,load_extrapolation
1,208,knn,3,43,12.428571428571429,197.14285714285717,9997.68170860264,none,0,,30,0,30,load_extrapolation
1,208,knn,3,43,12.428571428571429,197.14285714285717,9997.68170860264,scale,0,,30,9,39,load_extrapolation
1,208,knn,3,43,12.428571428571429,197.14285714285717,9997.68170860264,scale+thin,0,,30,33,63,load_extrapolation
1,208,knn,1,44,12.428571428571429,212.8571428571429,12790.67961945902,none,0,,10,0,10,load_extrapolation
1,208,knn,1,44,12.428571428571429,212.8571428571429,12790.67961945902,scale,0,,10,9,19,load_extrapolation
1,208,knn,1,44,12.428571428571429,212.8571428571429,12790.67961945902,scale+thin,0,,10,33,43,load_extrapolation
1,208,knn,2,44,12.428571428571429,212.8571428571429,12790.67961945902,none,0,,20,0,20,load_extrapolation
1,208,knn,2,44,12.428571428571429,212.8571428571429,12790.67961945902,scale,0,,20,9,29,load_extrapolation
1,208,knn,2,44,12.428571428571429,212.8571428571429,12790.67961945902,scale+thin,0,,20,33,53,load_extrapolation
1,208,knn,3,44,12.428571428571429,212.8571428571429,12790.67961945902,none,0,,30,0,30,load_extrapolation
1,208,knn,3,44,12.428571428571429,212.8571428571429,12790.67961945902,scale,0,,30,9,39,load_extrapolation
1,208,knn,3,44,12.428571428571429,212.8571428571429,12790.67961945902,scale+thin,0,,30,33,63,load_extrapolation
1,208,knn,1,45,13.714285714285715,150.0,11343.005436312367,none,0,,10,0,10,load_extrapolation
1,208,knn,1,45,13.714285714285715,150.0,11343.005436312367,scale,0,,10,9,19,load_extrapolation
1,208,knn,1,45,13.714285714285715,150.0,11343.005436312367,scale+thin,0,,10,33,43,load_extrapolation
1,208,knn,2,45,13.714285714285715,150.0,11343.005436312367,none,0,,20,0,20,load_extrapolation
1,208,knn,2,45,13.714285714285715,150.0,11343.005436312367,scale,0,,20,9,29,load_extrapolation
1,208,knn,2,45,13.714285714285715,150.0,11343.005436312367,scale+thin,0,,20,33,53,load_extrapolation
1,208,knn,3,45,13.714285714285715,150.0,11343.005436312367,none,0,,30,0,30,load_extrapolation
1,208,knn,3,45,13.714285714285715,150.0,11343.005436312367,scale,0,,30,9,39,load_extrapolation
1,208,knn,3,45,13.714285714285715,150.0,11343.005436312367,scale+thin,0,,30,33,63,load_extrapolation
1,208,knn,1,46,13.714285714285715,165.71428571428572,15604.275186931443,none,0,,10,0,10,load_extrapolation
1,208,knn,1,46,13.714285714285715,165.71428571428572,15604.275186931443,scale,0,,10,9,19,load_extrapolation
1,208,knn,1,46,13.714285714285715,165.71428571428572,15604.275186931443,scale+thin,0,,10,33,43,load_extrapolation
1,208,knn,2,46,13.714285714285715,165.71428571428572,15604.275186931443,none,0,,20,0,20,load_extrapolation
1,208,knn,2,46,13.714285714285715,165.71428571428572,15604.275186931443,scale,0,,20,9,29,load_extrapolation
1,208,knn,2,46,13.714285714285715,165.71428571428572,15604.275186931443,scale+thin,0,,20,33,53,load_extrapolation
1,208,knn,3,46,13.714285714285715,165.71428571428572,15604.275186931443,none,0,,30,0,30,load_extrapolation
1,208,knn,3,46,13.714285714285715,165.71428571428572,15604.275186931443,scale,0,,30,9,39,load_extrapolation
1,208,knn,3,46,13.714285714285715,165.71428571428572,15604.275186931443,scale+thin,0,,30,33,63,load_extrapolation
1,208,gp,1,0,6.0,150.0,718.2839060185494,none,1,0.02419220592185356,4,0,4,load_extrapolation
1,208,gp,1,0,6.0,150.0,718.2839060185494,scale,1,0.022598777016355376,4,18,22,load_extrapolation
1,208,gp,1,0,6.0,150.0,718.2839060185494,scale+thin,1,0.022598777016355376,4,55,59,load_extrapolation
1,208,gp,2,0,6.0,150.0,718.2839060185494,none,1,0.02419220592185356,8,0,8,load_extrapolation
1,208,gp,2,0,6.0,150.0,718.2839060185494,scale,1,0.022598777016355376,8,18,26,load_extrapolation
1,208,gp,2,0,6.0,150.0,718.2839060185494,scale+thin,1,0.022598777016355376,8,55,63,load_extrapolation
1,208,gp,3,0,6.0,150.0,718.2839060185494,none,1,0.02419220592185356,13,0,13,load_extrapolation
1,208,gp,3,0,6.0,150.0,718.2839060185494,scale,1,0.022598777016355376,13,18,31,load_extrapolation
1,208,gp,3,0,6.0,150.0,718.2839060185494,scale+thin,1,0.022598777016355376,13,55,68,load_extrapolation
1,208,gp,1,1,6.0,165.71428571428572,766.0869680124856,none,1,0.021603070439178307,4,0,4,load_extrapolation
1,208,gp,1,1,6.0,165.71428571428572,766.0869680124856,scale,1,0.02003703426318615,4,18,22,load_extrapolation
1,208,gp,1,1,6.0,165.71428571428572,766.0869680124856,scale+thin,1,0.02003703426318615,4,55,59,load_extrapolation
1,208,gp,2,1,6.0,165.71428571428572,766.0869680124856,none,1,0.021603070439178307,8,0,8,load_extrapolation
1,208,gp,2,1,6.0,165.71428571428572,766.0869680124856,scale,1,0.02003703426318615,8,18,26,load_extrapolation
1,208,gp,2,1,6.0,165.71428571428572,766.0869680124856,scale+thin,1,0.02003703426318615,8,55,63,load_extrapolation
1,208,gp,3,1,6.0,165.71428571428572,766.0869680124856,none,1,0.021603070439178307,13,0,13,load_extrapolation
1,208,gp,3,1,6.0,165.71428571428572,766.0869680124856,scale,1,0.02003703426318615,13,18,31,load_extrapolation
1,208,gp,3,1,6.0,165.71428571428572,766.0869680124856,scale+thin,1,0.02003703426318615,13,55,68,load_extrapolation
1,208,gp,1,2,6.0,181.42857142857144,809.0128740060688,none,1,0.023870261091380796,4,0,4,load_extrapolation
1,208,gp,1,2,6.0,181.42857142857144,809.0128740060688,scale,1,0.022324166188694816,4,18,22,load_extrapolation
1,208,gp,1,2,6.0,181.42857142857144,809.0128740060688,scale+thin,1,0.022324166188694816,4,55,59,load_extrapolation
1,208,gp,2,2,6.0,181.42857142857144,809.0128740060688,none,1,0.023870261091380796,8,0,8,load_extrapolation
1,208,gp,2,2,6.0,181.42857142857144,809.0128740060688,scale,1,0.022324166188694816,8,18,26,load_extrapolation
1,208,gp,2,2,6.0,181.42857142857144,809.0128740060688,scale+thin,1,0.022324166188694816,8,55,63,load_extrapolation
1,208,gp,3,2,6.0,181.42857142857144,809.0128740060688,none,1,0.023870261091380796,13,0,13,load_extrapolation
1,208,gp,3,2,6.0,181.42857142857144,809.0128740060688,scale,1,0.022324166188694816,13,18,31,load_extrapolation
1,208,gp,3,2,6.0,181.42857142857144,809.0128740060688,scale+thin,1,0.022324166188694816,13,55,68,load_extrapolation
1,208,gp,1,3,6.0,197.14285714285717,854.6554477993761,none,1,0.0213333705173111,4,0,4,load_extrapolation
1,208,gp,1,3,6.0,197.14285714285717,854.6554477993761,scale,1,0.019791106445281814,4,18,22,load_extrapolation
1,208,gp,1,3,6.0,197.14285714285717,854.6554477993761,scale+thin,1,0.019791106445281814,4,55,59,load_extrapolation
1,208,gp,2,3,6.0,197.14285714285717,854.6554477993761,none,1,0.0213333705173111,8,0,8,load_extrapolation
1,208,gp,2,3,6.0,197.14285714285717,854.6554477993761,scale,1,0.019791106445281814,8,18,26,load_extrapolation
1,208,gp,2,3,6.0,197.14285714285717,854.6554477993761,scale+thin,1,0.019791106445281814,8,55,63,load_extrapolation
1,208,gp,3,3,6.0,197.14285714285717,854.6554477993761,none,1,0.0213333705173111,12,0,12,load_extrapolation
1,208,gp,3,3,6.0,197.14285714285717,854.6554477993761,scale,1,0.019791106445281814,12,18,30,load_extrapolation
1,208,gp,3,3,6.0,197.14285714285717,854.6554477993761,scale+thin,1,0.019791106445281814,12,55,67,load_extrapolation
1,208,gp,1,4,6.0,212.8571428571429,895.7569021904145,none,1,0.023364585080941636,3,0,3,load_extrapolation
1,208,gp,1,4,6.0,212.8571428571429,895.7569021904145,scale,1,0.02158521452772777,3,18,21,load_extrapolation
1,208,gp,1,4,6.0,212.8571428571429,895.7569021904145,scale+thin,1,0.02158521452772777,3,55,58,load_extrapolation
1,208,gp,2,4,6.0,212.8571428571429,895.7569021904145,none,1,0.023364585080941636,7,0,7,load_extrapolation
1,208,gp,2,4,6.0,212.8571428571429,895.7569021904145,scale,1,0.02158521452772777,7,18,25,load_extrapolation
1,208,gp,2,4,6.0,212.8571428571429,895.7569021904145,scale+thin,1,0.02158521452772777,7,55,62,load_extrapolation
1,208,gp,3,4,6.0,212.8571428571429,895.7569021904145,none,1,0.023364585080941636,11,0,11,load_extrapolation
1,208,gp,3,4,6.0,212.8571428571429,895.7569021904145,scale,1,0.02158521452772777,11,18,29,load_extrapolation
1,208,gp,3,4,6.0,212.8571428571429,895.7569021904145,scale+thin,1,0.02158521452772777,11,55,66,load_extrapolation
1,208,gp,1,5,6.0,228.57142857142856,927.0052988628717,none,1,0.03469221465565542,3,0,3,load_extrapolation
1,208,gp,1,5,6.0,228.57142857142856,927.0052988628717,scale,1,0.03312977806605932,3,18,21,load_extrapolation
1,208,gp,1,5,6.0,228.57142857142856,927.0052988628717,scale+thin,1,0.03312977806605932,3,56,59,load_extrapolation
1,208,gp,2,5,6.0,228.57142857142856,927.0052988628717,none,1,0.03469221465565542,7,0,7,load_extrapolation
1,208,gp,2,5,6.0,228.57142857142856,927.0052988628717,scale,1,0.03312977806605932,7,18,25,load_extrapolation
1,208,gp,2,5,6.0,228.57142857142856,927.0052988628717,scale+thin,1,0.03312977806605932,7,56,63,load_extrapolation
1,208,gp,3,5,6.0,228.57142857142856,927.0052988628717,none,1,0.03469221465565542,11,0,11,load_extrapolation
1,208,gp,3,5,6.0,228.57142857142856,927.0052988628717,scale,1,0.03312977806605932,11,18,29,load_extrapolation
1,208,gp,3,5,6.0,228.57142857142856,927.0052988628717,scale+thin,1,0.03312977806605932,11,56,67,load_extrapolation
1,208,gp,1,6,6.0,244.28571428571428,968.4098952439792,none,1,0.033818116255275976,3,0,3,load_extrapolation
1,208,gp,1,6,6.0,244.28571428571428,968.4098952439792,scale,1,0.0321860677766006,3,18,21,load_extrapolation
1,208,gp,1,6,6.0,244.28571428571428,968.4098952439792,scale+thin,1,0.0321860677766006,3,56,59,load_extrapolation
1,208,gp,2,6,6.0,244.28571428571428,968.4098952439792,none,1,0.033818116255275976,7,0,7,load_extrapolation
1,208,gp,2,6,6.0,244.28571428571428,968.4098952439792,scale,1,0.0321860677766006,7,18,25,load_extrapolation
1,208,gp,2,6,6.0,244.28571428571428,968.4098952439792,scale+thin,1,0.0321860677766006,7,56,63,load_extrapolation
1,208,gp,3,6,6.0,244.28571428571428,968.4098952439792,none,1,0.033818116255275976,11,0,11,load_extrapolation
1,208,gp,3,6,6.0,244.28571428571428,968.4098952439792,scale,1,0.0321860677766006,11,18,29,load_extrapolation
1,208,gp,3,6,6.0,244.28571428571428,968.4098952439792,scale+thin,1,0.0321860677766006,11,56,67,load_extrapolation
1,208,gp,1,7,6.0,260.0,1013.7382545756694,none,1,0.02844934512273678,3,0,3,load_extrapolation
1,208,gp,1,7,6.0,260.0,1013.7382545756694,scale,1,0.026590578085990302,3,18,21,load_extrapolation
1,208,gp,1,7,6.0,260.0,1013.7382545756694,scale+thin,1,0.026590578085990302,3,56,59,load_extrapolation
1,208,gp,2,7,6.0,260.0,1013.7382545756694,none,1,0.02844934512273678,7,0,7,load_extrapolation
1,208,gp,2,7,6.0,260.0,1013.7382545756694,scale,1,0.026590578085990302,7,18,25,load_extrapolation
1,208,gp,2,7,6.0,260.0,1013.7382545756694,scale+thin,1,0.026590578085990302,7,56,63,load_extrapolation
1,208,gp,3,7,6.0,260.0,1013.7382545756694,none,1,0.02844934512273678,11,0,11,load_extrapolation
1,208,gp,3,7,6.0,260.0,1013.7382545756694,scale,1,0.026590578085990302,11,18,29,load_extrapolation
1,208,gp,3,7,6.0,260.0,1013.7382545756694,scale+thin,1,0.026590578085990302,11,56,67,load_extrapolation
1,208,gp,1,8,7.285714285714286,150.0,1153.3708205133214,none,1,0.012823013641292125,3,0,3,load_extrapolation
1,208,gp,1,8,7.285714285714286,150.0,1153.3708205133214,scale,1,0.011849617108413923,3,18,21,load_extrapolation
1,208,gp,1,8,7.285714285714286,150.0,1153.3708205133214,scale+thin,1,0.011849617108413923,3,55,58,load_extrapolation
1,208,gp,2,8,7.285714285714286,150.0,1153.3708205133214,none,1,0.012823013641292125,6,0,6,load_extrapolation
1,208,gp,2,8,7.285714285714286,150.0,1153.3708205133214,scale,1,0.011849617108413923,6,18,24,load_extrapolation
1,208,gp,2,8,7.285714285714286,150.0,1153.3708205133214,scale+thin,1,0.011849617108413923,6,55,61,load_extrapolation
1,208,gp,3,8,7.285714285714286,150.0,1153.3708205133214,none,1,0.012823013641292125,9,0,9,load_extrapolation
1,208,gp,3,8,7.285714285714286,150.0,1153.3708205133214,scale,1,0.011849617108413923,9,18,27,load_extrapolation
1,208,gp,3,8,7.285714285714286,150.0,1153.3708205133214,scale+thin,1,0.011849617108413923,9,55,64,load_extrapolation
1,208,gp,1,9,7.285714285714286,165.71428571428572,1218.9044722408655,none,1,0.01786908892350647,3,0,3,load_extrapolation
1,208,gp,1,9,7.285714285714286,165.71428571428572,1218.9044722408655,scale,1,0.01784579188223212,3,18,21,load_extrapolation
1,208,gp,1,9,7.285714285714286,165.71428571428572,1218.9044722408655,scale+thin,1,0.01784579188223212,3,56,59,load_extrapolation
1,208,gp,2,9,7.285714285714286,165.71428571428572,1218.9044722408655,none,1,0.01786908892350647,6,0,6,load_extrapolation
1,208,gp,2,9,7.285714285714286,165.71428571428572,1218.9044722408655,scale,1,0.01784579188223212,6,18,24,load_extrapolation
1,208,gp,2,9,7.285714285714286,165.71428571428572,1218.9044722408655,scale+thin,1,0.01784579188223212,6,56,62,load_extrapolation
1,208,gp,3,9,7.285714285714286,165.71428571428572,1218.9044722408655,none,1,0.01786908892350647,9,0,9,load_extrapolation
1,208,gp,3,9,7.285714285714286,165.71428571428572,1218.9044722408655,scale,1,0.01784579188223212,9,18,27,load_extrapolation
1,208,gp,3,9,7.285714285714286,165.71428571428572,1218.9044722408655,scale+thin,1,0.01784579188223212,9,56,65,load_extrapolation
1,208,gp,1,10,7.285714285714286,181.42857142857144,1289.0609260869776,none,1,0.018452026019778023,3,0,3,load_extrapolation
1,208,gp,1,10,7.285714285714286,181.42857142857144,1289.0609260869776,scale,1,0.017752830556652333,3,18,21,load_extrapolation
1,208,gp,1,10,7.285714285714286,181.42857142857144,1289.0609260869776,scale+thin,1,0.017752830556652333,3,56,59,load_extrapolation
1,208,gp,2,10,7.285714285714286,181.42857142857144,1289.0609260869776,none,1,0.018452026019778023,6,0,6,load_extrapolation
1,208,gp,2,10,7.285714285714286,181.42857142857144,1289.0609260869776,scale,1,0.017752830556652333,6,18,24,load_extrapolation
1,208,gp,2,10,7.285714285714286,181.42857142857144,1289.0609260869776,scale+thin,1,0.017752830556652333,6,56,62,load_extrapolation
1,208,gp,3,10,7.285714285714286,181.42857142857144,1289.0609260869776,none,1,0.018452026019778023,9,0,9,load_extrapolation
1,208,gp,3,10,7.285714285714286,181.42857142857144,1289.0609260869776,scale,1,0.017752830556652333,9,18,27,load_extrapolation
1,208,gp,3,10,7.285714285714286,181.42857142857144,1289.0609260869776,scale+thin,1,0.017752830556652333,9,56,65,load_extrapolation
1,208,gp,1,11,7.285714285714286,197.14285714285717,1353.7155222893743,none,1,0.02268448174631188,3,0,3,load_extrapolation
1,208,gp,1,11,7.285714285714286,197.14285714285717,1353.7155222893743,scale,1,0.020415225123329828,3,18,21,load_extrapolation
1,208,gp,1,11,7.285714285714286,197.14285714285717,1353.7155222893743,scale+thin,1,0.020415225123329828,3,56,59,load_extrapolation
1,208,gp,2,11,7.285714285714286,197.14285714285717,1353.7155222893743,none,1,0.02268448174631188,5,0,5,load_extrapolation
1,208,gp,2,11,7.285714285714286,197.14285714285717,1353.7155222893743,scale,1,0.020415225123329828,5,18,23,load_extrapolation
1,208,gp,2,11,7.285714285714286,197.14285714285717,1353.7155222893743,scale+thin,1,0.020415225123329828,5,56,61,load_extrapolation
1,208,gp,3,11,7.285714285714286,197.14285714285717,1353.7155222893743,none,1,0.02268448174631188,8,0,8,load_extrapolation
1,208,gp,3,11,7.285714285714286,197.14285714285717,1353.7155222893743,scale,1,0.020415225123329828,8,18,26,load_extrapolation
1,208,gp,3,11,7.285714285714286,197.14285714285717,1353.7155222893743,scale+thin,1,0.020415225123329828,8,56,64,load_extrapolation
1,208,gp,1,12,7.285714285714286,212.8571428571429,1426.808505633445,none,1,0.017236161238479486,5,0,5,load_extrapolation
1,208,gp,1,12,7.285714285714286,212.8571428571429,1426.808505633445,scale,1,0.01567681918663788,5,18,23,load_extrapolation
1,208,gp,1,12,7.285714285714286,212.8571428571429,1426.808505633445,scale+thin,1,0.01567681918663788,5,57,62,load_extrapolation
1,208,gp,2,12,7.285714285714286,212.8571428571429,1426.808505633445,none,1,0.017236161238479486,8,0,8,load_extrapolation
1,208,gp,2,12,7.285714285714286,212.8571428571429,1426.808505633445,scale,1,0.01567681918663788,8,18,26,load_extrapolation
1,208,gp,2,12,7.285714285714286,212.8571428571429,1426.808505633445,scale+thin,1,0.01567681918663788,8,57,65,load_extrapolation
1,208,gp,3,12,7.285714285714286,212.8571428571429,1426.808505633445,none,1,0.017236161238479486,11,0,11,load_extrapolation
1,208,gp,3,12,7.285714285714286,212.8571428571429,1426.808505633445,scale,1,0.01567681918663788,11,18,29,load_extrapolation
1,208,gp,3,12,7.285714285714286,212.8571428571429,1426.808505633445,scale+thin,1,0.01567681918663788,11,57,68,load_extrapolation
1,208,gp,1,13,7.285714285714286,228.57142857142856,1481.0244610123186,none,1,0.023720512053022835,5,0,5,load_extrapolation
1,208,gp,1,13,7.285714285714286,228.57142857142856,1481.0244610123186,scale,1,0.023041122821299886,5,18,23,load_extrapolation
1,208,gp,1,13,7.285714285714286,228.57142857142856,1481.0244610123186,scale+thin,1,0.023041122821299886,5,57,62,load_extrapolation
1,208,gp,2,13,7.285714285714286,228.57142857142856,1481.0244610123186,none,1,0.023720512053022835,8,0,8,load_extrapolation
1,208,gp,2,13,7.285714285714286,228.57142857142856,1481.0244610123186,scale,1,0.023041122821299886,8,18,26,load_extrapolation
1,208,gp,2,13,7.285714285714286,228.57142857142856,1481.0244610123186,scale+thin,1,0.023041122821299886,8,57,65,load_extrapolation
1,208,gp,3,13,7.285714285714286,228.57142857142856,1481.0244610123186,none,1,0.023720512053022835,11,0,11,load_extrapolation
1,208,gp,3,13,7.285714285714286,228.57142857142856,1481.0244610123186,scale,1,0.023041122821299886,11,18,29,load_extrapolation
1,208,gp,3,13,7.285714285714286,228.57142857142856,1481.0244610123186,scale+thin,1,0.023041122821299886,11,57,68,load_extrapolation
1,208,gp,1,14,7.285714285714286,244.28571428571428,1543.6092503419804,none,1,0.02460656703084596,4,0,4,load_extrapolation
1,208,gp,1,14,7.285714285714286,244.28571428571428,1543.6092503419804,scale,1,0.02303592673369037,4,18,22,load_extrapolation
1,208,gp,1,14,7.285714285714286,244.28571428571428,1543.6092503419804,scale+thin,1,0.022746413889468187,4,75,79,load_extrapolation
1,208,gp,2,14,7.285714285714286,244.28571428571428,1543.6092503419804,none,1,0.02460656703084596,7,0,7,load_extrapolation
1,208,gp,2,14,7.285714285714286,244.28571428571428,1543.6092503419804,scale,1,0.02303592673369037,7,18,25,load_extrapolation
1,208,gp,2,14,7.285714285714286,244.28571428571428,1543.6092503419804,scale+thin,1,0.022746413889468187,7,75,82,load_extrapolation
1,208,gp,3,14,7.285714285714286,244.28571428571428,1543.6092503419804,none,1,0.02460656703084596,10,0,10,load_extrapolation
1,208,gp,3,14,7.285714285714286,244.28571428571428,1543.6092503419804,scale,1,0.02303592673369037,10,18,28,load_extrapolation
1,208,gp,3,14,7.285714285714286,244.28571428571428,1543.6092503419804,scale+thin,1,0.022746413889468187,10,75,85,load_extrapolation
1,208,gp,1,15,7.285714285714286,260.0,1618.4847454305025,none,1,0.016034564781967076,4,0,4,load_extrapolation
1,208,gp,1,15,7.285714285714286,260.0,1618.4847454305025,scale,1,0.014453827460253033,4,18,22,load_extrapolation
1,208,gp,1,15,7.285714285714286,260.0,1618.4847454305025,scale+thin,1,0.009873147715573571,4,76,80,load_extrapolation
1,208,gp,2,15,7.285714285714286,260.0,1618.4847454305025,none,1,0.016034564781967076,7,0,7,load_extrapolation
1,208,gp,2,15,7.285714285714286,260.0,1618.4847454305025,scale,1,0.014453827460253033,7,18,25,load_extrapolation
1,208,gp,2,15,7.285714285714286,260.0,1618.4847454305025,scale+thin,1,0.009873147715573571,7,76,83,load_extrapolation
1,208,gp,3,15,7.285714285714286,260.0,1618.4847454305025,none,1,0.016034564781967076,10,0,10,load_extrapolation
1,208,gp,3,15,7.285714285714286,260.0,1618.4847454305025,scale,1,0.014453827460253033,10,18,28,load_extrapolation
1,208,gp,3,15,7.285714285714286,260.0,1618.4847454305025,scale+thin,1,0.009873147715573571,10,76,86,load_extrapolation
1,208,gp,1,16,8.571428571428571,150.0,1686.3433188884542,none,1,0.020588655059502248,5,0,5,load_extrapolation
1,208,gp,1,16,8.571428571428571,150.0,1686.3433188884542,scale,1,0.020471861298540617,5,18,23,load_extrapolation
1,208,gp,1,16,8.571428571428571,150.0,1686.3433188884542,scale+thin,1,0.020471861298540617,5,57,62,load_extrapolation
1,208,gp,2,16,8.571428571428571,150.0,1686.3433188884542,none,1,0.020588655059502248,8,0,8,load_extrapolation
1,208,gp,2,16,8.571428571428571,150.0,1686.3433188884542,scale,1,0.020471861298540617,8,18,26,load_extrapolation
1,208,gp,2,16,8.571428571428571,150.0,1686.3433188884542,scale+thin,1,0.020471861298540617,8,57,65,load_extrapolation
1,208,gp,3,16,8.571428571428571,150.0,1686.3433188884542,none,1,0.020588655059502248,9,0,9,load_extrapolation
1,208,gp,3,16,8.571428571428571,150.0,1686.3433188884542,scale,1,0.020471861298540617,9,18,27,load_extrapolation
1,208,gp,3,16,8.571428571428571,150.0,1686.3433188884542,scale+thin,1,0.020471861298540617,9,57,66,load_extrapolation
1,208,gp,1,17,8.571428571428571,165.71428571428572,1809.7430894999927,none,1,0.012795574692221034,4,0,4,load_extrapolation
1,208,gp,1,17,8.571428571428571,165.71428571428572,1809.7430894999927,scale,1,0.011266203115566809,4,18,22,load_extrapolation
1,208,gp,1,17,8.571428571428571,165.71428571428572,1809.7430894999927,scale+thin,1,0.011266203115566809,4,58,62,load_extrapolation
1,208,gp,2,17,8.571428571428571,165.71428571428572,1809.7430894999927,none,1,0.012795574692221034,7,0,7,load_extrapolation
1,208,gp,2,17,8.571428571428571,165.71428571428572,1809.7430894999927,scale,1,0.011266203115566809,7,18,25,load_extrapolation
1,208,gp,2,17,8.571428571428571,165.71428571428572,1809.7430894999927,scale+thin,1,0.011266203115566809,7,58,65,load_extrapolation
1,208,gp,3,17,8.571428571428571,165.71428571428572,1809.7430894999927,none,1,0.012795574692221034,10,0,10,load_extrapolation
1,208,gp,3,17,8.571428571428571,165.71428571428572,1809.7430894999927,scale,1,0.011266203115566809,10,18,28,load_extrapolation
1,208,gp,3,17,8.571428571428571,165.71428571428572,1809.7430894999927,scale+thin,1,0.011266203115566809,10,58,68,load_extrapolation
1,208,gp,1,18,8.571428571428571,181.42857142857144,1926.769836691324,none,1,0.0065818838750548725,5,0,5,load_extrapolation
1,208,gp,1,18,8.571428571428571,181.42857142857144,1926.769836691324,scale,1,0.005061895279881545,5,18,23,load_extrapolation
1,208,gp,1,18,8.571428571428571,181.42857142857144,1926.769836691324,scale+thin,1,0.0009977637547968765,5,76,81,load_extrapolation
1,208,gp,2,18,8.571428571428571,181.42857142857144,1926.769836691324,none,1,0.0065818838750548725,8,0,8,load_extrapolation
1,208,gp,2,18,8.571428571428571,181.42857142857144,1926.769836691324,scale,1,0.005061895279881545,8,18,26,load_extrapolation
1,208,gp,2,18,8.571428571428571,181.42857142857144,1926.769836691324,scale+thin,1,0.0009977637547968765,8,76,84,load_extrapolation
1,208,gp,3,18,8.571428571428571,181.42857142857144,1926.769836691324,none,1,0.0065818838750548725,11,0,11,load_extrapolation
1,208,gp,3,18,8.571428571428571,181.42857142857144,1926.769836691324,scale,1,0.005061895279881545,11,18,29,load_extrapolation
1,208,gp,3,18,8.571428571428571,181.42857142857144,1926.769836691324,scale+thin,1,0.0009977637547968765,11,76,87,load_extrapolation
1,208,gp,1,19,8.571428571428571,197.14285714285717,2004.21381384588,none,1,0.01783232695713699,3,0,3,load_extrapolation
1,208,gp,1,19,8.571428571428571,197.14285714285717,2004.21381384588,scale,1,0.017785734824013577,3,18,21,load_extrapolation
1,208,gp,1,19,8.571428571428571,197.14285714285717,2004.21381384588,scale+thin,1,0.010016629304500535,3,77,80,load_extrapolation
1,208,gp,2,19,8.571428571428571,197.14285714285717,2004.21381384588,none,1,0.01783232695713699,6,0,6,load_extrapolation
1,208,gp,2,19,8.571428571428571,197.14285714285717,2004.21381384588,scale,1,0.017785734824013577,6,18,24,load_extrapolation
1,208,gp,2,19,8.571428571428571,197.14285714285717,2004.21381384588,scale+thin,1,0.010016629304500535,6,77,83,load_extrapolation
1,208,gp,3,19,8.571428571428571,197.14285714285717,2004.21381384588,none,1,0.01783232695713699,9,0,9,load_extrapolation
1,208,gp,3,19,8.571428571428571,197.14285714285717,2004.21381384588,scale,1,0.017785734824013577,9,18,27,load_extrapolation
1,208,gp,3,19,8.571428571428571,197.14285714285717,2004.21381384588,scale+thin,1,0.010016629304500535,9,77,86,load_extrapolation
1,208,gp,1,20,8.571428571428571,212.8571428571429,2119.4215005582246,none,1,0.010901834252983189,4,0,4,load_extrapolation
1,208,gp,1,20,8.571428571428571,212.8571428571429,2119.4215005582246,scale,1,0.010022792573841643,4,18,22,load_extrapolation
1,208,gp,1,20,8.571428571428571,212.8571428571429,2119.4215005582246,scale+thin,1,0.004261553319790057,4,79,83,load_extrapolation
1,208,gp,2,20,8.571428571428571,212.8571428571429,2119.4215005582246,none,1,0.010901834252983189,9,0,9,load_extrapolation
1,208,gp,2,20,8.571428571428571,212.8571428571429,2119.4215005582246,scale,1,0.010022792573841643,9,18,27,load_extrapolation
1,208,gp,2,20,8.571428571428571,212.8571428571429,2119.4215005582246,scale+thin,1,0.004261553319790057,9,79,88,load_extrapolation
1,208,gp,3,20,8.571428571428571,212.8571428571429,2119.4215005582246,none,1,0.010901834252983189,12,0,12,load_extrapolation
1,208,gp,3,20,8.571428571428571,212.8571428571429,2119.4215005582246,scale,1,0.010022792573841643,12,18,30,load_extrapolation
1,208,gp,3,20,8.571428571428571,212.8571428571429,2119.4215005582246,scale+thin,1,0.004261553319790057,12,79,91,load_extrapolation
1,208,gp,1,21,8.571428571428571,228.57142857142856,2258.167962393494,none,1,0.007726333513636163,9,0,9,load_extrapolation
1,208,gp,1,21,8.571428571428571,228.57142857142856,2258.167962393494,scale,1,0.007472634204440665,9,18,27,load_extrapolation
1,208,gp,1,21,8.571428571428571,228.57142857142856,2258.167962393494,scale+thin,1,0.007472634204440665,9,80,89,load_extrapolation
1,208,gp,2,21,8.571428571428571,228.57142857142856,2258.167962393494,none,1,0.007726333513636163,13,0,13,load_extrapolation
1,208,gp,2,21,8.571428571428571,228.57142857142856,2258.167962393494,scale,1,0.007472634204440665,13,18,31,load_extrapolation
1,208,gp,2,21,8.571428571428571,228.57142857142856,2258.167962393494,scale+thin,1,0.007472634204440665,13,80,93,load_extrapolation
1,208,gp,3,21,8.571428571428571,228.57142857142856,2258.167962393494,none,1,0.007726333513636163,18,0,18,load_extrapolation
1,208,gp,3,21,8.571428571428571,228.57142857142856,2258.167962393494,scale,1,0.007472634204440665,18,18,36,load_extrapolation
1,208,gp,3,21,8.571428571428571,228.57142857142856,2258.167962393494,scale+thin,1,0.007472634204440665,18,80,98,load_extrapolation
1,208,gp,1,22,8.571428571428571,244.28571428571428,2347.8753054507297,none,0,,10,0,10,load_extrapolation
1,208,gp,1,22,8.571428571428571,244.28571428571428,2347.8753054507297,scale,1,0.03612652861370291,10,19,29,load_extrapolation
1,208,gp,1,22,8.571428571428571,244.28571428571428,2347.8753054507297,scale+thin,1,0.03612652861370291,10,84,94,load_extrapolation
1,208,gp,2,22,8.571428571428571,244.28571428571428,2347.8753054507297,none,1,0.019745989801645436,14,0,14,load_extrapolation
1,208,gp,2,22,8.571428571428571,244.28571428571428,2347.8753054507297,scale,1,0.018252768296274313,14,18,32,load_extrapolation
1,208,gp,2,22,8.571428571428571,244.28571428571428,2347.8753054507297,scale+thin,1,0.016202487699565893,14,76,90,load_extrapolation
1,208,gp,3,22,8.571428571428571,244.28571428571428,2347.8753054507297,none,1,0.019745989801645436,19,0,19,load_extrapolation
1,208,gp,3,22,8.571428571428571,244.28571428571428,2347.8753054507297,scale,1,0.018252768296274313,19,18,37,load_extrapolation
1,208,gp,3,22,8.571428571428571,244.28571428571428,2347.8753054507297,scale+thin,1,0.016202487699565893,19,76,95,load_extrapolation
1,208,gp,1,23,8.571428571428571,260.0,2454.6466970028446,none,0,,10,0,10,load_extrapolation
1,208,gp,1,23,8.571428571428571,260.0,2454.6466970028446,scale,1,0.05547730711816867,10,19,29,load_extrapolation
1,208,gp,1,23,8.571428571428571,260.0,2454.6466970028446,scale+thin,1,0.05547730711816867,10,86,96,load_extrapolation
1,208,gp,2,23,8.571428571428571,260.0,2454.6466970028446,none,1,0.014264341114209378,15,0,15,load_extrapolation
1,208,gp,2,23,8.571428571428571,260.0,2454.6466970028446,scale,1,0.012779146427072119,15,18,33,load_extrapolation
1,208,gp,2,23,8.571428571428571,260.0,2454.6466970028446,scale+thin,1,0.007753036014899184,15,76,91,load_extrapolation
1,208,gp,3,23,8.571428571428571,260.0,2454.6466970028446,none,1,0.014264341114209378,19,0,19,load_extrapolation
1,208,gp,3,23,8.571428571428571,260.0,2454.6466970028446,scale,1,0.012779146427072119,19,18,37,load_extrapolation
1,208,gp,3,23,8.571428571428571,260.0,2454.6466970028446,scale+thin,1,0.007753036014899184,19,76,95,load_extrapolation
1,208,gp,1,24,9.857142857142858,150.0,2401.6635135318147,none,1,0.009953034117625048,4,0,4,load_extrapolation
1,208,gp,1,24,9.857142857142858,150.0,2401.6635135318147,scale,1,0.009814342936576459,4,18,22,load_extrapolation
1,208,gp,1,24,9.857142857142858,150.0,2401.6635135318147,scale+thin,1,0.006810237080912662,4,77,81,load_extrapolation
1,208,gp,2,24,9.857142857142858,150.0,2401.6635135318147,none,1,0.009953034117625048,9,0,9,load_extrapolation
1,208,gp,2,24,9.857142857142858,150.0,2401.6635135318147,scale,1,0.009814342936576459,9,18,27,load_extrapolation
1,208,gp,2,24,9.857142857142858,150.0,2401.6635135318147,scale+thin,1,0.006810237080912662,9,77,86,load_extrapolation
1,208,gp,3,24,9.857142857142858,150.0,2401.6635135318147,none,1,0.009953034117625048,12,0,12,load_extrapolation
1,208,gp,3,24,9.857142857142858,150.0,2401.6635135318147,scale,1,0.009814342936576459,12,18,30,load_extrapolation
1,208,gp,3,24,9.857142857142858,150.0,2401.6635135318147,scale+thin,1,0.006810237080912662,12,77,89,load_extrapolation
1,208,gp,1,25,9.857142857142858,165.71428571428572,2596.489349148936,none,1,0.012395622929362915,10,0,10,load_extrapolation
1,208,gp,1,25,9.857142857142858,165.71428571428572,2596.489349148936,scale,1,0.012140748107074106,10,18,28,load_extrapolation
1,208,gp,1,25,9.857142857142858,165.71428571428572,2596.489349148936,scale+thin,1,0.012140748107074106,10,80,90,load_extrapolation
1,208,gp,2,25,9.857142857142858,165.71428571428572,2596.489349148936,none,1,0.012395622929362915,14,0,14,load_extrapolation
1,208,gp,2,25,9.857142857142858,165.71428571428572,2596.489349148936,scale,1,0.012140748107074106,14,18,32,load_extrapolation
1,208,gp,2,25,9.857142857142858,165.71428571428572,2596.489349148936,scale+thin,1,0.012140748107074106,14,80,94,load_extrapolation
1,208,gp,3,25,9.857142857142858,165.71428571428572,2596.489349148936,none,1,0.012395622929362915,19,0,19,load_extrapolation
1,208,gp,3,25,9.857142857142858,165.71428571428572,2596.489349148936,scale,1,0.012140748107074106,19,18,37,load_extrapolation
1,208,gp,3,25,9.857142857142858,165.71428571428572,2596.489349148936,scale+thin,1,0.012140748107074106,19,80,99,load_extrapolation
1,208,gp,1,26,9.857142857142858,181.42857142857144,2778.4364695846,none,0,,10,0,10,load_extrapolation
1,208,gp,1,26,9.857142857142858,181.42857142857144,2778.4364695846,scale,1,0.03505226742899481,10,19,29,load_extrapolation
1,208,gp,1,26,9.857142857142858,181.42857142857144,2778.4364695846,scale+thin,1,0.03505226742899481,10,84,94,load_extrapolation
1,208,gp,2,26,9.857142857142858,181.42857142857144,2778.4364695846,none,1,0.016840984796526737,14,0,14,load_extrapolation
1,208,gp,2,26,9.857142857142858,181.42857142857144,2778.4364695846,scale,1,0.015398530837946955,14,18,32,load_extrapolation
1,208,gp,2,26,9.857142857142858,181.42857142857144,2778.4364695846,scale+thin,1,0.012034553113475122,14,76,90,load_extrapolation
1,208,gp,3,26,9.857142857142858,181.42857142857144,2778.4364695846,none,1,0.016840984796526737,17,0,17,load_extrapolation
1,208,gp,3,26,9.857142857142858,181.42857142857144,2778.4364695846,scale,1,0.015398530837946955,17,18,35,load_extrapolation
1,208,gp,3,26,9.857142857142858,181.42857142857144,2778.4364695846,scale+thin,1,0.012034553113475122,17,76,93,load_extrapolation
1,208,gp,1,27,9.857142857142858,197.14285714285717,2934.59017073786,none,0,,10,0,10,load_extrapolation
1,208,gp,1,27,9.857142857142858,197.14285714285717,2934.59017073786,scale,1,0.06440522334047749,10,19,29,load_extrapolation
1,208,gp,1,27,9.857142857142858,197.14285714285717,2934.59017073786,scale+thin,1,0.06440522334047749,10,86,96,load_extrapolation
1,208,gp,2,27,9.857142857142858,197.14285714285717,2934.59017073786,none,1,0.013958130894240917,14,0,14,load_extrapolation
1,208,gp,2,27,9.857142857142858,197.14285714285717,2934.59017073786,scale,1,0.013146025473506961,14,18,32,load_extrapolation
1,208,gp,2,27,9.857142857142858,197.14285714285717,2934.59017073786,scale+thin,1,0.007531860599599316,14,77,91,load_extrapolation
1,208,gp,3,27,9.857142857142858,197.14285714285717,2934.59017073786,none,1,0.013958130894240917,18,0,18,load_extrapolation
1,208,gp,3,27,9.857142857142858,197.14285714285717,2934.59017073786,scale,1,0.013146025473506961,18,18,36,load_extrapolation
1,208,gp,3,27,9.857142857142858,197.14285714285717,2934.59017073786,scale+thin,1,0.007531860599599316,18,77,95,load_extrapolation
1,208,gp,1,28,9.857142857142858,212.8571428571429,3092.903946849261,none,0,,10,0,10,load_extrapolation
1,208,gp,1,28,9.857142857142858,212.8571428571429,3092.903946849261,scale,1,0.08984564794807937,10,19,29,load_extrapolation
1,208,gp,1,28,9.857142857142858,212.8571428571429,3092.903946849261,scale+thin,1,0.08984564794807937,10,72,82,load_extrapolation
1,208,gp,2,28,9.857142857142858,212.8571428571429,3092.903946849261,none,1,0.00926457216354426,14,0,14,load_extrapolation
1,208,gp,2,28,9.857142857142858,212.8571428571429,3092.903946849261,scale,1,0.009172173347144597,14,18,32,load_extrapolation
1,208,gp,2,28,9.857142857142858,212.8571428571429,3092.903946849261,scale+thin,1,0.008728488144477131,14,80,94,load_extrapolation
1,208,gp,3,28,9.857142857142858,212.8571428571429,3092.903946849261,none,1,0.00926457216354426,17,0,17,load_extrapolation
1,208,gp,3,28,9.857142857142858,212.8571428571429,3092.903946849261,scale,1,0.009172173347144597,17,18,35,load_extrapolation
1,208,gp,3,28,9.857142857142858,212.8571428571429,3092.903946849261,scale+thin,1,0.008728488144477131,17,80,97,load_extrapolation
1,208,gp,1,29,9.857142857142858,228.57142857142856,3278.0505051710666,none,0,,10,0,10,load_extrapolation
1,208,gp,1,29,9.857142857142858,228.57142857142856,3278.0505051710666,scale,1,0.10351930812942389,10,19,29,load_extrapolation
1,208,gp,1,29,9.857142857142858,228.57142857142856,3278.0505051710666,scale+thin,1,0.10351930812942389,10,72,82,load_extrapolation
1,208,gp,2,29,9.857142857142858,228.57142857142856,3278.0505051710666,none,1,0.013961624595212996,20,0,20,load_extrapolation
1,208,gp,2,29,9.857142857142858,228.57142857142856,3278.0505051710666,scale,1,0.013659946420025548,20,18,38,load_extrapolation
1,208,gp,2,29,9.857142857142858,228.57142857142856,3278.0505051710666,scale+thin,1,0.013659946420025548,20,80,100,load_extrapolation
1,208,gp,3,29,9.857142857142858,228.57142857142856,3278.0505051710666,none,1,0.013961624595212996,24,0,24,load_extrapolation
1,208,gp,3,29,9.857142857142858,228.57142857142856,3278.0505051710666,scale,1,0.013659946420025548,24,18,42,load_extrapolation
1,208,gp,3,29,9.857142857142858,228.57142857142856,3278.0505051710666,scale+thin,1,0.013659946420025548,24,80,104,load_extrapolation
1,208,gp,1,30,9.857142857142858,244.28571428571428,3503.3130527973344,none,0,,10,0,10,load_extrapolation
1,208,gp,1,30,9.857142857142858,244.28571428571428,3503.3130527973344,scale,1,0.10279290297421717,10,19,29,load_extrapolation
1,208,gp,1,30,9.857142857142858,244.28571428571428,3503.3130527973344,scale+thin,1,0.10279290297421717,10,74,84,load_extrapolation
1,208,gp,2,30,9.857142857142858,244.28571428571428,3503.3130527973344,none,0,,20,0,20,load_extrapolation
1,208,gp,2,30,9.857142857142858,244.28571428571428,3503.3130527973344,scale,1,0.012171543003609342,20,19,39,load_extrapolation
1,208,gp,2,30,9.857142857142858,244.28571428571428,3503.3130527973344,scale+thin,1,0.012171543003609342,20,84,104,load_extrapolation
1,208,gp,3,30,9.857142857142858,244.28571428571428,3503.3130527973344,none,1,0.2490266228237905,28,0,28,load_extrapolation
1,208,gp,3,30,9.857142857142858,244.28571428571428,3503.3130527973344,scale,1,0.24868359097165604,28,18,46,load_extrapolation
1,208,gp,3,30,9.857142857142858,244.28571428571428,3503.3130527973344,scale+thin,1,0.24868359097165604,28,80,108,load_extrapolation
1,208,gp,1,31,9.857142857142858,260.0,3720.59576057169,none,0,,10,0,10,load_extrapolation
1,208,gp,1,31,9.857142857142858,260.0,3720.59576057169,scale,1,0.15050828743195233,10,20,30,load_extrapolation
1,208,gp,1,31,9.857142857142858,260.0,3720.59576057169,scale+thin,1,0.15050757228305667,10,60,70,load_extrapolation
1,208,gp,2,31,9.857142857142858,260.0,3720.59576057169,none,0,,20,0,20,load_extrapolation
1,208,gp,2,31,9.857142857142858,260.0,3720.59576057169,scale,1,0.012997445995442058,20,19,39,load_extrapolation
1,208,gp,2,31,9.857142857142858,260.0,3720.59576057169,scale+thin,1,0.012997445995442058,20,86,106,load_extrapolation
1,208,gp,3,31,9.857142857142858,260.0,3720.59576057169,none,0,,30,0,30,load_extrapolation
1,208,gp,3,31,9.857142857142858,260.0,3720.59576057169,scale,1,0.24919864247741863,30,19,49,load_extrapolation
1,208,gp,3,31,9.857142857142858,260.0,3720.59576057169,scale+thin,1,0.24919864247741863,30,83,113,load_extrapolation
1,208,gp,1,32,11.142857142857142,150.0,3412.4966998531304,none,1,0.010633686364709405,4,0,4,load_extrapolation
1,208,gp,1,32,11.142857142857142,150.0,3412.4966998531304,scale,1,0.009986106192805266,4,18,22,load_extrapolation
1,208,gp,1,32,11.142857142857142,150.0,3412.4966998531304,scale+thin,1,0.009677415037458337,4,77,81,load_extrapolation
1,208,gp,2,32,11.142857142857142,150.0,3412.4966998531304,none,1,0.010633686364709405,14,0,14,load_extrapolation
1,208,gp,2,32,11.142857142857142,150.0,3412.4966998531304,scale,1,0.009986106192805266,14,18,32,load_extrapolation
1,208,gp,2,32,11.142857142857142,150.0,3412.4966998531304,scale+thin,1,0.009677415037458337,14,77,91,load_extrapolation
1,208,gp,3,32,11.142857142857142,150.0,3412.4966998531304,none,1,0.010633686364709405,18,0,18,load_extrapolation
1,208,gp,3,32,11.142857142857142,150.0,3412.4966998531304,scale,1,0.009986106192805266,18,18,36,load_extrapolation
1,208,gp,3,32,11.142857142857142,150.0,3412.4966998531304,scale+thin,1,0.009677415037458337,18,77,95,load_extrapolation
1,208,gp,1,33,11.142857142857142,165.71428571428572,3681.539358959639,none,1,0.01087054117295505,9,0,9,load_extrapolation
1,208,gp,1,33,11.142857142857142,165.71428571428572,3681.539358959639,scale,1,0.010824267721446512,9,18,27,load_extrapolation
1,208,gp,1,33,11.142857142857142,165.71428571428572,3681.539358959639,scale+thin,1,0.010824267721446512,9,80,89,load_extrapolation
1,208,gp,2,33,11.142857142857142,165.71428571428572,3681.539358959639,none,1,0.01087054117295505,19,0,19,load_extrapolation
1,208,gp,2,33,11.142857142857142,165.71428571428572,3681.539358959639,scale,1,0.010824267721446512,19,18,37,load_extrapolation
1,208,gp,2,33,11.142857142857142,165.71428571428572,3681.539358959639,scale+thin,1,0.010824267721446512,19,80,99,load_extrapolation
1,208,gp,3,33,11.142857142857142,165.71428571428572,3681.539358959639,none,1,0.01087054117295505,23,0,23,load_extrapolation
1,208,gp,3,33,11.142857142857142,165.71428571428572,3681.539358959639,scale,1,0.010824267721446512,23,18,41,load_extrapolation
1,208,gp,3,33,11.142857142857142,165.71428571428572,3681.539358959639,scale+thin,1,0.010824267721446512,23,80,103,load_extrapolation
1,208,gp,1,34,11.142857142857142,181.42857142857144,4001.813446814073,none,0,,10,0,10,load_extrapolation
1,208,gp,1,34,11.142857142857142,181.42857142857144,4001.813446814073,scale,1,0.013790243354269816,10,19,29,load_extrapolation
1,208,gp,1,34,11.142857142857142,181.42857142857144,4001.813446814073,scale+thin,1,0.013790243354269816,10,84,94,load_extrapolation
1,208,gp,2,34,11.142857142857142,181.42857142857144,4001.813446814073,none,0,,20,0,20,load_extrapolation
1,208,gp,2,34,11.142857142857142,181.42857142857144,4001.813446814073,scale,1,0.013790243354269816,20,19,39,load_extrapolation
1,208,gp,2,34,11.142857142857142,181.42857142857144,4001.813446814073,scale+thin,1,0.013790243354269816,20,84,104,load_extrapolation
1,208,gp,3,34,11.142857142857142,181.42857142857144,4001.813446814073,none,1,0.26058720003400193,29,0,29,load_extrapolation
1,208,gp,3,34,11.142857142857142,181.42857142857144,4001.813446814073,scale,1,0.26035639018995926,29,18,47,load_extrapolation
1,208,gp,3,34,11.142857142857142,181.42857142857144,4001.813446814073,scale+thin,1,0.26035639018995926,29,80,109,load_extrapolation
1,208,gp,1,35,11.142857142857142,197.14285714285717,4332.975062229721,none,0,,10,0,10,load_extrapolation
1,208,gp,1,35,11.142857142857142,197.14285714285717,4332.975062229721,scale,1,0.012996171527185796,10,19,29,load_extrapolation
1,208,gp,1,35,11.142857142857142,197.14285714285717,4332.975062229721,scale+thin,1,0.012996171527185796,10,86,96,load_extrapolation
1,208,gp,2,35,11.142857142857142,197.14285714285717,4332.975062229721,none,0,,20,0,20,load_extrapolation
1,208,gp,2,35,11.142857142857142,197.14285714285717,4332.975062229721,scale,1,0.012996171527185796,20,19,39,load_extrapolation
1,208,gp,2,35,11.142857142857142,197.14285714285717,4332.975062229721,scale+thin,1,0.012996171527185796,20,86,106,load_extrapolation
1,208,gp,3,35,11.142857142857142,197.14285714285717,4332.975062229721,none,0,,30,0,30,load_extrapolation
1,208,gp,3,35,11.142857142857142,197.14285714285717,4332.975062229721,scale,1,0.2587488098491617,30,19,49,load_extrapolation
1,208,gp,3,35,11.142857142857142,197.14285714285717,4332.975062229721,scale+thin,1,0.2587488098491617,30,84,114,load_extrapolation
1,208,gp,1,36,11.142857142857142,212.8571428571429,4658.140801057062,none,0,,10,0,10,load_extrapolation
1,208,gp,1,36,11.142857142857142,212.8571428571429,4658.140801057062,scale,1,0.012898561263221753,10,19,29,load_extrapolation
1,208,gp,1,36,11.142857142857142,212.8571428571429,4658.140801057062,scale+thin,1,0.012898561263221753,10,71,81,load_extrapolation
1,208,gp,2,36,11.142857142857142,212.8571428571429,4658.140801057062,none,0,,20,0,20,load_extrapolation
1,208,gp,2,36,11.142857142857142,212.8571428571429,4658.140801057062,scale,1,0.012898561263221753,20,19,39,load_extrapolation
1,208,gp,2,36,11.142857142857142,212.8571428571429,4658.140801057062,scale+thin,1,0.012898561263221753,20,71,91,load_extrapolation
1,208,gp,3,36,11.142857142857142,212.8571428571429,4658.140801057062,none,0,,30,0,30,load_extrapolation
1,208,gp,3,36,11.142857142857142,212.8571428571429,4658.140801057062,scale,1,0.2581855995039548,30,19,49,load_extrapolation
1,208,gp,3,36,11.142857142857142,212.8571428571429,4658.140801057062,scale+thin,1,0.2581855995039548,30,86,116,load_extrapolation
1,208,gp,1,37,11.142857142857142,228.57142857142856,5137.886749115688,none,0,,10,0,10,load_extrapolation
1,208,gp,1,37,11.142857142857142,228.57142857142856,5137.886749115688,scale,1,3.0710329457228625e-07,10,19,29,load_extrapolation
1,208,gp,1,37,11.142857142857142,228.57142857142856,5137.886749115688,scale+thin,1,3.0710329457228625e-07,10,72,82,load_extrapolation
1,208,gp,2,37,11.142857142857142,228.57142857142856,5137.886749115688,none,0,,20,0,20,load_extrapolation
1,208,gp,2,37,11.142857142857142,228.57142857142856,5137.886749115688,scale,1,3.0710329457228625e-07,20,19,39,load_extrapolation
1,208,gp,2,37,11.142857142857142,228.57142857142856,5137.886749115688,scale+thin,1,3.0710329457228625e-07,20,72,92,load_extrapolation
1,208,gp,3,37,11.142857142857142,228.57142857142856,5137.886749115688,none,0,,30,0,30,load_extrapolation
1,208,gp,3,37,11.142857142857142,228.57142857142856,5137.886749115688,scale,1,0.21899888468763162,30,19,49,load_extrapolation
1,208,gp,3,37,11.142857142857142,228.57142857142856,5137.886749115688,scale+thin,1,0.21899888468763162,30,70,100,load_extrapolation
1,208,gp,1,38,11.142857142857142,244.28571428571428,6871.433005819378,none,0,,10,0,10,load_extrapolation
1,208,gp,1,38,11.142857142857142,244.28571428571428,6871.433005819378,scale,0,,10,9,19,load_extrapolation
1,208,gp,1,38,11.142857142857142,244.28571428571428,6871.433005819378,scale+thin,0,,10,33,43,load_extrapolation
1,208,gp,2,38,11.142857142857142,244.28571428571428,6871.433005819378,none,0,,20,0,20,load_extrapolation
1,208,gp,2,38,11.142857142857142,244.28571428571428,6871.433005819378,scale,0,,20,9,29,load_extrapolation
1,208,gp,2,38,11.142857142857142,244.28571428571428,6871.433005819378,scale+thin,0,,20,33,53,load_extrapolation
1,208,gp,3,38,11.142857142857142,244.28571428571428,6871.433005819378,none,0,,30,0,30,load_extrapolation
1,208,gp,3,38,11.142857142857142,244.28571428571428,6871.433005819378,scale,1,-2.852022914734409e-05,30,20,50,load_extrapolation
1,208,gp,3,38,11.142857142857142,244.28571428571428,6871.433005819378,scale+thin,1,-2.882814862625871e-05,30,73,103,load_extrapolation
1,208,gp,1,39,11.142857142857142,260.0,8337.065935629631,none,0,,10,0,10,load_extrapolation
1,208,gp,1,39,11.142857142857142,260.0,8337.065935629631,scale,0,,10,9,19,load_extrapolation
1,208,gp,1,39,11.142857142857142,260.0,8337.065935629631,scale+thin,0,,10,33,43,load_extrapolation
1,208,gp,2,39,11.142857142857142,260.0,8337.065935629631,none,0,,20,0,20,load_extrapolation
1,208,gp,2,39,11.142857142857142,260.0,8337.065935629631,scale,0,,20,9,29,load_extrapolation
1,208,gp,2,39,11.142857142857142,260.0,8337.065935629631,scale+thin,0,,20,33,53,load_extrapolation
1,208,gp,3,39,11.142857142857142,260.0,8337.065935629631,none,0,,30,0,30,load_extrapolation
1,208,gp,3,39,11.142857142857142,260.0,8337.065935629631,scale,0,,30,9,39,load_extrapolation
1,208,gp,3,39,11.142857142857142,260.0,8337.065935629631,scale+thin,0,,30,33,63,load_extrapolation
1,208,gp,1,40,12.428571428571429,150.0,4886.521183652799,none,0,,10,0,10,load_extrapolation
1,208,gp,1,40,12.428571428571429,150.0,4886.521183652799,scale,1,0.013437132310486266,10,19,29,load_extrapolation
1,208,gp,1,40,12.428571428571429,150.0,4886.521183652799,scale+thin,1,0.013437132310486266,10,86,96,load_extrapolation
1,208,gp,2,40,12.428571428571429,150.0,4886.521183652799,none,0,,20,0,20,load_extrapolation
1,208,gp,2,40,12.428571428571429,150.0,4886.521183652799,scale,1,0.013437132310486266,20,19,39,load_extrapolation
1,208,gp,2,40,12.428571428571429,150.0,4886.521183652799,scale+thin,1,0.013437132310486266,20,86,106,load_extrapolation
1,208,gp,3,40,12.428571428571429,150.0,4886.521183652799,none,0,,30,0,30,load_extrapolation
1,208,gp,3,40,12.428571428571429,150.0,4886.521183652799,scale,1,0.2689817942070003,30,19,49,load_extrapolation
1,208,gp,3,40,12.428571428571429,150.0,4886.521183652799,scale+thin,1,0.2689817942070003,30,84,114,load_extrapolation
1,208,gp,1,41,12.428571428571429,165.71428571428572,5340.456835444255,none,0,,10,0,10,load_extrapolation
1,208,gp,1,41,12.428571428571429,165.71428571428572,5340.456835444255,scale,1,0.014697763601897229,10,19,29,load_extrapolation
1,208,gp,1,41,12.428571428571429,165.71428571428572,5340.456835444255,scale+thin,1,0.014697763601897229,10,72,82,load_extrapolation
1,208,gp,2,41,12.428571428571429,165.71428571428572,5340.456835444255,none,0,,20,0,20,load_extrapolation
1,208,gp,2,41,12.428571428571429,165.71428571428572,5340.456835444255,scale,1,0.014697763601897229,20,19,39,load_extrapolation
1,208,gp,2,41,12.428571428571429,165.71428571428572,5340.456835444255,scale+thin,1,0.014697763601897229,20,72,92,load_extrapolation
1,208,gp,3,41,12.428571428571429,165.71428571428572,5340.456835444255,none,0,,30,0,30,load_extrapolation
1,208,gp,3,41,12.428571428571429,165.71428571428572,5340.456835444255,scale,1,0.26977204148151257,30,19,49,load_extrapolation
1,208,gp,3,41,12.428571428571429,165.71428571428572,5340.456835444255,scale+thin,1,0.26977204148151257,30,86,116,load_extrapolation
1,208,gp,1,42,12.428571428571429,181.42857142857144,7499.029230834781,none,0,,10,0,10,load_extrapolation
1,208,gp,1,42,12.428571428571429,181.42857142857144,7499.029230834781,scale,0,,10,9,19,load_extrapolation
1,208,gp,1,42,12.428571428571429,181.42857142857144,7499.029230834781,scale+thin,0,,10,33,43,load_extrapolation
1,208,gp,2,42,12.428571428571429,181.42857142857144,7499.029230834781,none,0,,20,0,20,load_extrapolation
1,208,gp,2,42,12.428571428571429,181.42857142857144,7499.029230834781,scale,0,,20,9,29,load_extrapolation
1,208,gp,2,42,12.428571428571429,181.42857142857144,7499.029230834781,scale+thin,0,,20,33,53,load_extrapolation
1,208,gp,3,42,12.428571428571429,181.42857142857144,7499.029230834781,none,0,,30,0,30,load_extrapolation
1,208,gp,3,42,12.428571428571429,181.42857142857144,7499.029230834781,scale,1,-4.966310686249642e-06,30,19,49,load_extrapolation
1,208,gp,3,42,12.428571428571429,181.42857142857144,7499.029230834781,scale+thin,1,-4.966310686249642e-06,30,72,102,load_extrapolation
1,208,gp,1,43,12.428571428571429,197.14285714285717,9997.68170860264,none,0,,10,0,10,load_extrapolation
1,208,gp,1,43,12.428571428571429,197.14285714285717,9997.68170860264,scale,0,,10,9,19,load_extrapolation
1,208,gp,1,43,12.428571428571429,197.14285714285717,9997.68170860264,scale+thin,0,,10,33,43,load_extrapolation
1,208,gp,2,43,12.428571428571429,197.14285714285717,9997.68170860264,none,0,,20,0,20,load_extrapolation
1,208,gp,2,43,12.428571428571429,197.14285714285717,9997.68170860264,scale,0,,20,9,29,load_extrapolation
1,208,gp,2,43,12.428571428571429,197.14285714285717,9997.68170860264,scale+thin,0,,20,33,53,load_extrapolation
1,208,gp,3,43,12.428571428571429,197.14285714285717,9997.68170860264,none,0,,30,0,30,load_extrapolation
1,208,gp,3,43,12.428571428571429,197.14285714285717,9997.68170860264,scale,0,,30,9,39,load_extrapolation
1,208,gp,3,43,12.428571428571429,197.14285714285717,9997.68170860264,scale+thin,0,,30,33,63,load_extrapolation
1,208,gp,1,44,12.428571428571429,212.8571428571429,12790.67961945902,none,0,,10,0,10,load_extrapolation
1,208,gp,1,44,12.428571428571429,212.8571428571429,12790.67961945902,scale,0,,10,9,19,load_extrapolation
1,208,gp,1,44,12.428571428571429,212.8571428571429,12790.67961945902,scale+thin,0,,10,33,43,load_extrapolation
1,208,gp,2,44,12.428571428571429,212.8571428571429,12790.67961945902,none,0,,20,0,20,load_extrapolation
1,208,gp,2,44,12.428571428571429,212.8571428571429,12790.67961945902,scale,0,,20,9,29,load_extrapolation
1,208,gp,2,44,12.428571428571429,212.8571428571429,12790.67961945902,scale+thin,0,,20,33,53,load_extrapolation
1,208,gp,3,44,12.428571428571429,212.8571428571429,12790.67961945902,none,0,,30,0,30,load_extrapolation
1,208,gp,3,44,12.428571428571429,212.8571428571429,12790.67961945902,scale,0,,30,9,39,load_extrapolation
1,208,gp,3,44,12.428571428571429,212.8571428571429,12790.67961945902,scale+thin,0,,30,33,63,load_extrapolation
1,208,gp,1,45,13.714285714285715,150.0,11343.005436312367,none,0,,10,0,10,load_extrapolation
1,208,gp,1,45,13.714285714285715,150.0,11343.005436312367,scale,0,,10,9,19,load_extrapolation
1,208,gp,1,45,13.714285714285715,150.0,11343.005436312367,scale+thin,0,,10,33,43,load_extrapolation
1,208,gp,2,45,13.714285714285715,150.0,11343.005436312367,none,0,,20,0,20,load_extrapolation
1,208,gp,2,45,13.714285714285715,150.0,11343.005436312367,scale,0,,20,9,29,load_extrapolation
1,208,gp,2,45,13.714285714285715,150.0,11343.005436312367,scale+thin,0,,20,33,53,load_extrapolation
1,208,gp,3,45,13.714285714285715,150.0,11343.005436312367,none,0,,30,0,30,load_extrapolation
1,208,gp,3,45,13.714285714285715,150.0,11343.005436312367,scale,0,,30,9,39,load_extrapolation
1,208,gp,3,45,13.714285714285715,150.0,11343.005436312367,scale+thin,0,,30,33,63,load_extrapolation
1,208,gp,1,46,13.714285714285715,165.71428571428572,15604.275186931443,none,0,,10,0,10,load_extrapolation
1,208,gp,1,46,13.714285714285715,165.71428571428572,15604.275186931443,scale,0,,10,9,19,load_extrapolation
1,208,gp,1,46,13.714285714285715,165.71428571428572,15604.275186931443,scale+thin,0,,10,33,43,load_extrapolation
1,208,gp,2,46,13.714285714285715,165.71428571428572,15604.275186931443,none,0,,20,0,20,load_extrapolation
1,208,gp,2,46,13.714285714285715,165.71428571428572,15604.275186931443,scale,0,,20,9,29,load_extrapolation
1,208,gp,2,46,13.714285714285715,165.71428571428572,15604.275186931443,scale+thin,0,,20,33,53,load_extrapolation
1,208,gp,3,46,13.714285714285715,165.71428571428572,15604.275186931443,none,0,,30,0,30,load_extrapolation
1,208,gp,3,46,13.714285714285715,165.71428571428572,15604.275186931443,scale,0,,30,9,39,load_extrapolation
1,208,gp,3,46,13.714285714285715,165.71428571428572,15604.275186931443,scale+thin,0,,30,33,63,load_extrapolation
1,208,poly3,1,0,6.0,150.0,718.2839060185494,none,1,0.08804585746883054,3,0,3,load_extrapolation
1,208,poly3,1,0,6.0,150.0,718.2839060185494,scale,1,0.08797114857128285,3,18,21,load_extrapolation
1,208,poly3,1,0,6.0,150.0,718.2839060185494,scale+thin,1,0.08797114857128285,3,55,58,load_extrapolation
1,208,poly3,2,0,6.0,150.0,718.2839060185494,none,1,0.08804585746883054,6,0,6,load_extrapolation
1,208,poly3,2,0,6.0,150.0,718.2839060185494,scale,1,0.08797114857128285,6,18,24,load_extrapolation
1,208,poly3,2,0,6.0,150.0,718.2839060185494,scale+thin,1,0.08797114857128285,6,55,61,load_extrapolation
1,208,poly3,3,0,6.0,150.0,718.2839060185494,none,1,0.08804585746883054,9,0,9,load_extrapolation
1,208,poly3,3,0,6.0,150.0,718.2839060185494,scale,1,0.08797114857128285,9,18,27,load_extrapolation
1,208,poly3,3,0,6.0,150.0,718.2839060185494,scale+thin,1,0.08797114857128285,9,55,64,load_extrapolation
1,208,poly3,1,1,6.0,165.71428571428572,766.0869680124856,none,1,0.09036575384997514,3,0,3,load_extrapolation
1,208,poly3,1,1,6.0,165.71428571428572,766.0869680124856,scale,1,0.08969203268069359,3,18,21,load_extrapolation
1,208,poly3,1,1,6.0,165.71428571428572,766.0869680124856,scale+thin,1,0.0809374205555573,3,55,58,load_extrapolation
1,208,poly3,2,1,6.0,165.71428571428572,766.0869680124856,none,1,0.09036575384997514,6,0,6,load_extrapolation
1,208,poly3,2,1,6.0,165.71428571428572,766.0869680124856,scale,1,0.08969203268069359,6,18,24,load_extrapolation
1,208,poly3,2,1,6.0,165.71428571428572,766.0869680124856,scale+thin,1,0.0809374205555573,6,55,61,load_extrapolation
1,208,poly3,3,1,6.0,165.71428571428572,766.0869680124856,none,1,0.09036575384997514,9,0,9,load_extrapolation
1,208,poly3,3,1,6.0,165.71428571428572,766.0869680124856,scale,1,0.08969203268069359,9,18,27,load_extrapolation
1,208,poly3,3,1,6.0,165.71428571428572,766.0869680124856,scale+thin,1,0.0809374205555573,9,55,64,load_extrapolation
1,208,poly3,1,2,6.0,181.42857142857144,809.0128740060688,none,1,0.096930147428822,3,0,3,load_extrapolation
1,208,poly3,1,2,6.0,181.42857142857144,809.0128740060688,scale,1,0.0955748024623444,3,18,21,load_extrapolation
1,208,poly3,1,2,6.0,181.42857142857144,809.0128740060688,scale+thin,1,0.08162162389224026,3,55,58,load_extrapolation
1,208,poly3,2,2,6.0,181.42857142857144,809.0128740060688,none,1,0.096930147428822,6,0,6,load_extrapolation
1,208,poly3,2,2,6.0,181.42857142857144,809.0128740060688,scale,1,0.0955748024623444,6,18,24,load_extrapolation
1,208,poly3,2,2,6.0,181.42857142857144,809.0128740060688,scale+thin,1,0.08162162389224026,6,55,61,load_extrapolation
1,208,poly3,3,2,6.0,181.42857142857144,809.0128740060688,none,1,0.096930147428822,9,0,9,load_extrapolation
1,208,poly3,3,2,6.0,181.42857142857144,809.0128740060688,scale,1,0.0955748024623444,9,18,27,load_extrapolation
1,208,poly3,3,2,6.0,181.42857142857144,809.0128740060688,scale+thin,1,0.08162162389224026,9,55,64,load_extrapolation
1,208,poly3,1,3,6.0,197.14285714285717,854.6554477993761,none,1,0.30136633970066695,3,0,3,load_extrapolation
1,208,poly3,1,3,6.0,197.14285714285717,854.6554477993761,scale,1,0.2987762554150264,3,18,21,load_extrapolation
1,208,poly3,1,3,6.0,197.14285714285717,854.6554477993761,scale+thin,1,0.091580189756989,3,55,58,load_extrapolation
1,208,poly3,2,3,6.0,197.14285714285717,854.6554477993761,none,1,0.30136633970066695,6,0,6,load_extrapolation
1,208,poly3,2,3,6.0,197.14285714285717,854.6554477993761,scale,1,0.2987762554150264,6,18,24,load_extrapolation
1,208,poly3,2,3,6.0,197.14285714285717,854.6554477993761,scale+thin,1,0.091580189756989,6,55,61,load_extrapolation
1,208,poly3,3,3,6.0,197.14285714285717,854.6554477993761,none,1,0.30136633970066695,9,0,9,load_extrapolation
1,208,poly3,3,3,6.0,197.14285714285717,854.6554477993761,scale,1,0.2987762554150264,9,18,27,load_extrapolation
1,208,poly3,3,3,6.0,197.14285714285717,854.6554477993761,scale+thin,1,0.091580189756989,9,55,64,load_extrapolation
1,208,poly3,1,4,6.0,212.8571428571429,895.7569021904145,none,1,0.2920584430922204,1,0,1,load_extrapolation
1,208,poly3,1,4,6.0,212.8571428571429,895.7569021904145,scale,1,0.29149661963334705,1,18,19,load_extrapolation
1,208,poly3,1,4,6.0,212.8571428571429,895.7569021904145,scale+thin,1,0.12021380087187494,1,55,56,load_extrapolation
1,208,poly3,2,4,6.0,212.8571428571429,895.7569021904145,none,1,0.2920584430922204,4,0,4,load_extrapolation
1,208,poly3,2,4,6.0,212.8571428571429,895.7569021904145,scale,1,0.29149661963334705,4,18,22,load_extrapolation
1,208,poly3,2,4,6.0,212.8571428571429,895.7569021904145,scale+thin,1,0.12021380087187494,4,55,59,load_extrapolation
1,208,poly3,3,4,6.0,212.8571428571429,895.7569021904145,none,1,0.2920584430922204,7,0,7,load_extrapolation
1,208,poly3,3,4,6.0,212.8571428571429,895.7569021904145,scale,1,0.29149661963334705,7,18,25,load_extrapolation
1,208,poly3,3,4,6.0,212.8571428571429,895.7569021904145,scale+thin,1,0.12021380087187494,7,55,62,load_extrapolation
1,208,poly3,1,5,6.0,228.57142857142856,927.0052988628717,none,1,0.3088412159214504,6,0,6,load_extrapolation
1,208,poly3,1,5,6.0,228.57142857142856,927.0052988628717,scale,1,0.30776298614607933,6,18,24,load_extrapolation
1,208,poly3,1,5,6.0,228.57142857142856,927.0052988628717,scale+thin,1,0.11831986455887988,6,55,61,load_extrapolation
1,208,poly3,2,5,6.0,228.57142857142856,927.0052988628717,none,1,0.3088412159214504,9,0,9,load_extrapolation
1,208,poly3,2,5,6.0,228.57142857142856,927.0052988628717,scale,1,0.30776298614607933,9,18,27,load_extrapolation
1,208,poly3,2,5,6.0,228.57142857142856,927.0052988628717,scale+thin,1,0.11831986455887988,9,55,64,load_extrapolation
1,208,poly3,3,5,6.0,228.57142857142856,927.0052988628717,none,1,0.3088412159214504,12,0,12,load_extrapolation
1,208,poly3,3,5,6.0,228.57142857142856,927.0052988628717,scale,1,0.30776298614607933,12,18,30,load_extrapolation
1,208,poly3,3,5,6.0,228.57142857142856,927.0052988628717,scale+thin,1,0.11831986455887988,12,55,67,load_extrapolation
1,208,poly3,1,6,6.0,244.28571428571428,968.4098952439792,none,1,0.2872145464246896,6,0,6,load_extrapolation
1,208,poly3,1,6,6.0,244.28571428571428,968.4098952439792,scale,1,0.2869494020541392,6,18,24,load_extrapolation
1,208,poly3,1,6,6.0,244.28571428571428,968.4098952439792,scale+thin,1,0.15958681349058423,6,56,62,load_extrapolation
1,208,poly3,2,6,6.0,244.28571428571428,968.4098952439792,none,1,0.28301364721817746,8,0,8,load_extrapolation
1,208,poly3,2,6,6.0,244.28571428571428,968.4098952439792,scale,1,0.2829549161864868,8,18,26,load_extrapolation
1,208,poly3,2,6,6.0,244.28571428571428,968.4098952439792,scale+thin,1,0.2829549161864868,8,38,46,load_extrapolation
1,208,poly3,3,6,6.0,244.28571428571428,968.4098952439792,none,1,0.28301364721817746,11,0,11,load_extrapolation
1,208,poly3,3,6,6.0,244.28571428571428,968.4098952439792,scale,1,0.2829549161864868,11,18,29,load_extrapolation
1,208,poly3,3,6,6.0,244.28571428571428,968.4098952439792,scale+thin,1,0.2829549161864868,11,38,49,load_extrapolation
1,208,poly3,1,7,6.0,260.0,1013.7382545756694,none,1,0.2317211196855684,6,0,6,load_extrapolation
1,208,poly3,1,7,6.0,260.0,1013.7382545756694,scale,1,0.23158016442282792,6,18,24,load_extrapolation
1,208,poly3,1,7,6.0,260.0,1013.7382545756694,scale+thin,1,0.107140807929756,6,36,42,load_extrapolation
1,208,poly3,2,7,6.0,260.0,1013.7382545756694,none,1,0.21238395999773974,9,0,9,load_extrapolation
1,208,poly3,2,7,6.0,260.0,1013.7382545756694,scale,1,0.21124650697808844,9,18,27,load_extrapolation
1,208,poly3,2,7,6.0,260.0,1013.7382545756694,scale+thin,1,0.21124650697808844,9,38,47,load_extrapolation
1,208,poly3,3,7,6.0,260.0,1013.7382545756694,none,1,0.21238395999773974,12,0,12,load_extrapolation
1,208,poly3,3,7,6.0,260.0,1013.7382545756694,scale,1,0.21124650697808844,12,18,30,load_extrapolation
1,208,poly3,3,7,6.0,260.0,1013.7382545756694,scale+thin,1,0.21124650697808844,12,38,50,load_extrapolation
1,208,poly3,1,8,7.285714285714286,150.0,1153.3708205133214,none,1,0.07147006603973072,4,0,4,load_extrapolation
1,208,poly3,1,8,7.285714285714286,150.0,1153.3708205133214,scale,1,0.06982758772945163,4,18,22,load_extrapolation
1,208,poly3,1,8,7.285714285714286,150.0,1153.3708205133214,scale+thin,1,0.06982758772945163,4,55,59,load_extrapolation
1,208,poly3,2,8,7.285714285714286,150.0,1153.3708205133214,none,1,0.07147006603973072,7,0,7,load_extrapolation
1,208,poly3,2,8,7.285714285714286,150.0,1153.3708205133214,scale,1,0.06982758772945163,7,18,25,load_extrapolation
1,208,poly3,2,8,7.285714285714286,150.0,1153.3708205133214,scale+thin,1,0.06982758772945163,7,55,62,load_extrapolation
1,208,poly3,3,8,7.285714285714286,150.0,1153.3708205133214,none,1,0.07147006603973072,10,0,10,load_extrapolation
1,208,poly3,3,8,7.285714285714286,150.0,1153.3708205133214,scale,1,0.06982758772945163,10,18,28,load_extrapolation
1,208,poly3,3,8,7.285714285714286,150.0,1153.3708205133214,scale+thin,1,0.06982758772945163,10,55,65,load_extrapolation
1,208,poly3,1,9,7.285714285714286,165.71428571428572,1218.9044722408655,none,1,0.07496807630341151,4,0,4,load_extrapolation
1,208,poly3,1,9,7.285714285714286,165.71428571428572,1218.9044722408655,scale,1,0.0733202358218783,4,18,22,load_extrapolation
1,208,poly3,1,9,7.285714285714286,165.71428571428572,1218.9044722408655,scale+thin,1,0.0733202358218783,4,55,59,load_extrapolation
1,208,poly3,2,9,7.285714285714286,165.71428571428572,1218.9044722408655,none,1,0.07496807630341151,7,0,7,load_extrapolation
1,208,poly3,2,9,7.285714285714286,165.71428571428572,1218.9044722408655,scale,1,0.0733202358218783,7,18,25,load_extrapolation
1,208,poly3,2,9,7.285714285714286,165.71428571428572,1218.9044722408655,scale+thin,1,0.0733202358218783,7,55,62,load_extrapolation
1,208,poly3,3,9,7.285714285714286,165.71428571428572,1218.9044722408655,none,1,0.07496807630341151,10,0,10,load_extrapolation
1,208,poly3,3,9,7.285714285714286,165.71428571428572,1218.9044722408655,scale,1,0.0733202358218783,10,18,28,load_extrapolation
1,208,poly3,3,9,7.285714285714286,165.71428571428572,1218.9044722408655,scale+thin,1,0.0733202358218783,10,55,65,load_extrapolation
1,208,poly3,1,10,7.285714285714286,181.42857142857144,1289.0609260869776,none,1,0.26933621816071174,4,0,4,load_extrapolation
1,208,poly3,1,10,7.285714285714286,181.42857142857144,1289.0609260869776,scale,1,0.2673904267915823,4,18,22,load_extrapolation
1,208,poly3,1,10,7.285714285714286,181.42857142857144,1289.0609260869776,scale+thin,1,0.09973707682355348,4,55,59,load_extrapolation
1,208,poly3,2,10,7.285714285714286,181.42857142857144,1289.0609260869776,none,1,0.26933621816071174,7,0,7,load_extrapolation
1,208,poly3,2,10,7.285714285714286,181.42857142857144,1289.0609260869776,scale,1,0.2673904267915823,7,18,25,load_extrapolation
1,208,poly3,2,10,7.285714285714286,181.42857142857144,1289.0609260869776,scale+thin,1,0.09973707682355348,7,55,62,load_extrapolation
1,208,poly3,3,10,7.285714285714286,181.42857142857144,1289.0609260869776,none,1,0.26933621816071174,10,0,10,load_extrapolation
1,208,poly3,3,10,7.285714285714286,181.42857142857144,1289.0609260869776,scale,1,0.2673904267915823,10,18,28,load_extrapolation
1,208,poly3,3,10,7.285714285714286,181.42857142857144,1289.0609260869776,scale+thin,1,0.09973707682355348,10,55,65,load_extrapolation
1,208,poly3,1,11,7.285714285714286,197.14285714285717,1353.7155222893743,none,1,0.25666362506781804,4,0,4,load_extrapolation
1,208,poly3,1,11,7.285714285714286,197.14285714285717,1353.7155222893743,scale,1,0.2547372597750206,4,18,22,load_extrapolation
1,208,poly3,1,11,7.285714285714286,197.14285714285717,1353.7155222893743,scale+thin,1,0.14340711296451958,4,56,60,load_extrapolation
1,208,poly3,2,11,7.285714285714286,197.14285714285717,1353.7155222893743,none,1,0.25666362506781804,8,0,8,load_extrapolation
1,208,poly3,2,11,7.285714285714286,197.14285714285717,1353.7155222893743,scale,1,0.2547372597750206,8,18,26,load_extrapolation
1,208,poly3,2,11,7.285714285714286,197.14285714285717,1353.7155222893743,scale+thin,1,0.14340711296451958,8,56,64,load_extrapolation
1,208,poly3,3,11,7.285714285714286,197.14285714285717,1353.7155222893743,none,1,0.25666362506781804,11,0,11,load_extrapolation
1,208,poly3,3,11,7.285714285714286,197.14285714285717,1353.7155222893743,scale,1,0.2547372597750206,11,18,29,load_extrapolation
1,208,poly3,3,11,7.285714285714286,197.14285714285717,1353.7155222893743,scale+thin,1,0.14340711296451958,11,56,67,load_extrapolation
1,208,poly3,1,12,7.285714285714286,212.8571428571429,1426.808505633445,none,0,,10,0,10,load_extrapolation
1,208,poly3,1,12,7.285714285714286,212.8571428571429,1426.808505633445,scale,1,0.2659521131068949,10,19,29,load_extrapolation
1,208,poly3,1,12,7.285714285714286,212.8571428571429,1426.808505633445,scale+thin,1,0.18197409312468582,10,57,67,load_extrapolation
1,208,poly3,2,12,7.285714285714286,212.8571428571429,1426.808505633445,none,1,0.26359606245427525,14,0,14,load_extrapolation
1,208,poly3,2,12,7.285714285714286,212.8571428571429,1426.808505633445,scale,1,0.2616879696954011,14,18,32,load_extrapolation
1,208,poly3,2,12,7.285714285714286,212.8571428571429,1426.808505633445,scale+thin,1,0.0988431005385697,14,36,50,load_extrapolation
1,208,poly3,3,12,7.285714285714286,212.8571428571429,1426.808505633445,none,1,0.26359606245427525,17,0,17,load_extrapolation
1,208,poly3,3,12,7.285714285714286,212.8571428571429,1426.808505633445,scale,1,0.2616879696954011,17,18,35,load_extrapolation
1,208,poly3,3,12,7.285714285714286,212.8571428571429,1426.808505633445,scale+thin,1,0.0988431005385697,17,36,53,load_extrapolation
1,208,poly3,1,13,7.285714285714286,228.57142857142856,1481.0244610123186,none,0,,10,0,10,load_extrapolation
1,208,poly3,1,13,7.285714285714286,228.57142857142856,1481.0244610123186,scale,1,0.10962391564799545,10,19,29,load_extrapolation
1,208,poly3,1,13,7.285714285714286,228.57142857142856,1481.0244610123186,scale+thin,1,0.10178493591450777,10,76,86,load_extrapolation
1,208,poly3,2,13,7.285714285714286,228.57142857142856,1481.0244610123186,none,1,0.23751893927800505,14,0,14,load_extrapolation
1,208,poly3,2,13,7.285714285714286,228.57142857142856,1481.0244610123186,scale,1,0.2356502242691756,14,18,32,load_extrapolation
1,208,poly3,2,13,7.285714285714286,228.57142857142856,1481.0244610123186,scale+thin,1,0.10574737307277182,14,36,50,load_extrapolation
1,208,poly3,3,13,7.285714285714286,228.57142857142856,1481.0244610123186,none,1,0.23751893927800505,17,0,17,load_extrapolation
1,208,poly3,3,13,7.285714285714286,228.57142857142856,1481.0244610123186,scale,1,0.2356502242691756,17,18,35,load_extrapolation
1,208,poly3,3,13,7.285714285714286,228.57142857142856,1481.0244610123186,scale+thin,1,0.10574737307277182,17,36,53,load_extrapolation
1,208,poly3,1,14,7.285714285714286,244.28571428571428,1543.6092503419804,none,1,0.08513821546807021,10,0,10,load_extrapolation
1,208,poly3,1,14,7.285714285714286,244.28571428571428,1543.6092503419804,scale,1,0.01755086607797951,10,18,28,load_extrapolation
1,208,poly3,1,14,7.285714285714286,244.28571428571428,1543.6092503419804,scale+thin,1,0.01755086607797951,10,76,86,load_extrapolation
1,208,poly3,2,14,7.285714285714286,244.28571428571428,1543.6092503419804,none,1,0.08513821546807021,11,0,11,load_extrapolation
1,208,poly3,2,14,7.285714285714286,244.28571428571428,1543.6092503419804,scale,1,0.01755086607797951,11,18,29,load_extrapolation
1,208,poly3,2,14,7.285714285714286,244.28571428571428,1543.6092503419804,scale+thin,1,0.01755086607797951,11,76,87,load_extrapolation
1,208,poly3,3,14,7.285714285714286,244.28571428571428,1543.6092503419804,none,1,0.08513821546807021,14,0,14,load_extrapolation
1,208,poly3,3,14,7.285714285714286,244.28571428571428,1543.6092503419804,scale,1,0.01755086607797951,14,18,32,load_extrapolation
1,208,poly3,3,14,7.285714285714286,244.28571428571428,1543.6092503419804,scale+thin,1,0.01755086607797951,14,76,90,load_extrapolation
1,208,poly3,1,15,7.285714285714286,260.0,1618.4847454305025,none,1,0.020384688173334276,10,0,10,load_extrapolation
1,208,poly3,1,15,7.285714285714286,260.0,1618.4847454305025,scale,1,-0.009819663746717056,10,18,28,load_extrapolation
1,208,poly3,1,15,7.285714285714286,260.0,1618.4847454305025,scale+thin,1,-0.009819663746717056,10,57,67,load_extrapolation
1,208,poly3,2,15,7.285714285714286,260.0,1618.4847454305025,none,1,0.020384688173334276,20,0,20,load_extrapolation
1,208,poly3,2,15,7.285714285714286,260.0,1618.4847454305025,scale,1,-0.009819663746717056,20,18,38,load_extrapolation
1,208,poly3,2,15,7.285714285714286,260.0,1618.4847454305025,scale+thin,1,-0.009819663746717056,20,57,77,load_extrapolation
1,208,poly3,3,15,7.285714285714286,260.0,1618.4847454305025,none,1,0.020384688173334276,23,0,23,load_extrapolation
1,208,poly3,3,15,7.285714285714286,260.0,1618.4847454305025,scale,1,-0.009819663746717056,23,18,41,load_extrapolation
1,208,poly3,3,15,7.285714285714286,260.0,1618.4847454305025,scale+thin,1,-0.009819663746717056,23,57,80,load_extrapolation
1,208,poly3,1,16,8.571428571428571,150.0,1686.3433188884542,none,1,0.002986972863071591,3,0,3,load_extrapolation
1,208,poly3,1,16,8.571428571428571,150.0,1686.3433188884542,scale,1,0.0018394737603015798,3,18,21,load_extrapolation
1,208,poly3,1,16,8.571428571428571,150.0,1686.3433188884542,scale+thin,1,0.0018394737603015798,3,57,60,load_extrapolation
1,208,poly3,2,16,8.571428571428571,150.0,1686.3433188884542,none,1,0.002986972863071591,6,0,6,load_extrapolation
1,208,poly3,2,16,8.571428571428571,150.0,1686.3433188884542,scale,1,0.0018394737603015798,6,18,24,load_extrapolation
1,208,poly3,2,16,8.571428571428571,150.0,1686.3433188884542,scale+thin,1,0.0018394737603015798,6,57,63,load_extrapolation
1,208,poly3,3,16,8.571428571428571,150.0,1686.3433188884542,none,1,0.002986972863071591,9,0,9,load_extrapolation
1,208,poly3,3,16,8.571428571428571,150.0,1686.3433188884542,scale,1,0.0018394737603015798,9,18,27,load_extrapolation
1,208,poly3,3,16,8.571428571428571,150.0,1686.3433188884542,scale+thin,1,0.0018394737603015798,9,57,66,load_extrapolation
1,208,poly3,1,17,8.571428571428571,165.71428571428572,1809.7430894999927,none,1,0.17632347618069044,7,0,7,load_extrapolation
1,208,poly3,1,17,8.571428571428571,165.71428571428572,1809.7430894999927,scale,1,0.17454716935789572,7,18,25,load_extrapolation
1,208,poly3,1,17,8.571428571428571,165.71428571428572,1809.7430894999927,scale+thin,1,0.14701979576863056,7,58,65,load_extrapolation
1,208,poly3,2,17,8.571428571428571,165.71428571428572,1809.7430894999927,none,1,0.17632347618069044,10,0,10,load_extrapolation
1,208,poly3,2,17,8.571428571428571,165.71428571428572,1809.7430894999927,scale,1,0.17454716935789572,10,18,28,load_extrapolation
1,208,poly3,2,17,8.571428571428571,165.71428571428572,1809.7430894999927,scale+thin,1,0.14701979576863056,10,58,68,load_extrapolation
1,208,poly3,3,17,8.571428571428571,165.71428571428572,1809.7430894999927,none,1,0.17632347618069044,13,0,13,load_extrapolation
1,208,poly3,3,17,8.571428571428571,165.71428571428572,1809.7430894999927,scale,1,0.17454716935789572,13,18,31,load_extrapolation
1,208,poly3,3,17,8.571428571428571,165.71428571428572,1809.7430894999927,scale+thin,1,0.14701979576863056,13,58,71,load_extrapolation
1,208,poly3,1,18,8.571428571428571,181.42857142857144,1926.769836691324,none,1,0.15816566747925354,6,0,6,load_extrapolation
1,208,poly3,1,18,8.571428571428571,181.42857142857144,1926.769836691324,scale,1,0.15644326828677824,6,18,24,load_extrapolation
1,208,poly3,1,18,8.571428571428571,181.42857142857144,1926.769836691324,scale+thin,1,0.13463130804482004,6,58,64,load_extrapolation
1,208,poly3,2,18,8.571428571428571,181.42857142857144,1926.769836691324,none,1,0.15816566747925354,9,0,9,load_extrapolation
1,208,poly3,2,18,8.571428571428571,181.42857142857144,1926.769836691324,scale,1,0.15644326828677824,9,18,27,load_extrapolation
1,208,poly3,2,18,8.571428571428571,181.42857142857144,1926.769836691324,scale+thin,1,0.13463130804482004,9,58,67,load_extrapolation
1,208,poly3,3,18,8.571428571428571,181.42857142857144,1926.769836691324,none,1,0.15816566747925354,12,0,12,load_extrapolation
1,208,poly3,3,18,8.571428571428571,181.42857142857144,1926.769836691324,scale,1,0.15644326828677824,12,18,30,load_extrapolation
1,208,poly3,3,18,8.571428571428571,181.42857142857144,1926.769836691324,scale+thin,1,0.13463130804482004,12,58,70,load_extrapolation
1,208,poly3,1,19,8.571428571428571,197.14285714285717,2004.21381384588,none,0,,10,0,10,load_extrapolation
1,208,poly3,1,19,8.571428571428571,197.14285714285717,2004.21381384588,scale,1,0.013571511813513126,10,19,29,load_extrapolation
1,208,poly3,1,19,8.571428571428571,197.14285714285717,2004.21381384588,scale+thin,1,0.011279620610866514,10,78,88,load_extrapolation
1,208,poly3,2,19,8.571428571428571,197.14285714285717,2004.21381384588,none,1,0.2826100567032044,14,0,14,load_extrapolation
1,208,poly3,2,19,8.571428571428571,197.14285714285717,2004.21381384588,scale,1,0.2816414713562292,14,18,32,load_extrapolation
1,208,poly3,2,19,8.571428571428571,197.14285714285717,2004.21381384588,scale+thin,1,0.18247450706205792,14,56,70,load_extrapolation
1,208,poly3,3,19,8.571428571428571,197.14285714285717,2004.21381384588,none,1,0.2826100567032044,17,0,17,load_extrapolation
1,208,poly3,3,19,8.571428571428571,197.14285714285717,2004.21381384588,scale,1,0.2816414713562292,17,18,35,load_extrapolation
1,208,poly3,3,19,8.571428571428571,197.14285714285717,2004.21381384588,scale+thin,1,0.18247450706205792,17,56,73,load_extrapolation
1,208,poly3,1,20,8.571428571428571,212.8571428571429,2119.4215005582246,none,0,,10,0,10,load_extrapolation
1,208,poly3,1,20,8.571428571428571,212.8571428571429,2119.4215005582246,scale,1,0.043015016745892476,10,19,29,load_extrapolation
1,208,poly3,1,20,8.571428571428571,212.8571428571429,2119.4215005582246,scale+thin,1,0.006809452118115233,10,80,90,load_extrapolation
1,208,poly3,2,20,8.571428571428571,212.8571428571429,2119.4215005582246,none,0,,20,0,20,load_extrapolation
1,208,poly3,2,20,8.571428571428571,212.8571428571429,2119.4215005582246,scale,1,0.282016287245489,20,19,39,load_extrapolation
1,208,poly3,2,20,8.571428571428571,212.8571428571429,2119.4215005582246,scale+thin,1,0.22300664429523875,20,58,78,load_extrapolation
1,208,poly3,3,20,8.571428571428571,212.8571428571429,2119.4215005582246,none,1,0.3307937005202066,24,0,24,load_extrapolation
1,208,poly3,3,20,8.571428571428571,212.8571428571429,2119.4215005582246,scale,1,0.3298800738652561,24,18,42,load_extrapolation
1,208,poly3,3,20,8.571428571428571,212.8571428571429,2119.4215005582246,scale+thin,1,0.24499851855521393,24,38,62,load_extrapolation
1,208,poly3,1,21,8.571428571428571,228.57142857142856,2258.167962393494,none,0,,10,0,10,load_extrapolation
1,208,poly3,1,21,8.571428571428571,228.57142857142856,2258.167962393494,scale,1,0.05787559047598689,10,19,29,load_extrapolation
1,208,poly3,1,21,8.571428571428571,228.57142857142856,2258.167962393494,scale+thin,1,0.015419397344437424,10,81,91,load_extrapolation
1,208,poly3,2,21,8.571428571428571,228.57142857142856,2258.167962393494,none,1,0.08298118273411914,20,0,20,load_extrapolation
1,208,poly3,2,21,8.571428571428571,228.57142857142856,2258.167962393494,scale,1,0.009943155287683192,20,18,38,load_extrapolation
1,208,poly3,2,21,8.571428571428571,228.57142857142856,2258.167962393494,scale+thin,1,0.009943155287683192,20,57,77,load_extrapolation
1,208,poly3,3,21,8.571428571428571,228.57142857142856,2258.167962393494,none,1,0.08298118273411914,30,0,30,load_extrapolation
1,208,poly3,3,21,8.571428571428571,228.57142857142856,2258.167962393494,scale,1,0.009943155287683192,30,18,48,load_extrapolation
1,208,poly3,3,21,8.571428571428571,228.57142857142856,2258.167962393494,scale+thin,1,0.009943155287683192,30,57,87,load_extrapolation
1,208,poly3,1,22,8.571428571428571,244.28571428571428,2347.8753054507297,none,0,,10,0,10,load_extrapolation
1,208,poly3,1,22,8.571428571428571,244.28571428571428,2347.8753054507297,scale,1,0.08500860827512358,10,19,29,load_extrapolation
1,208,poly3,1,22,8.571428571428571,244.28571428571428,2347.8753054507297,scale+thin,1,0.04738642714227881,10,84,94,load_extrapolation
1,208,poly3,2,22,8.571428571428571,244.28571428571428,2347.8753054507297,none,1,0.03649374884108769,20,0,20,load_extrapolation
1,208,poly3,2,22,8.571428571428571,244.28571428571428,2347.8753054507297,scale,1,0.005882663819707146,20,18,38,load_extrapolation
1,208,poly3,2,22,8.571428571428571,244.28571428571428,2347.8753054507297,scale+thin,1,0.005882663819707146,20,58,78,load_extrapolation
1,208,poly3,3,22,8.571428571428571,244.28571428571428,2347.8753054507297,none,1,0.03649374884108769,30,0,30,load_extrapolation
1,208,poly3,3,22,8.571428571428571,244.28571428571428,2347.8753054507297,scale,1,0.005882663819707146,30,18,48,load_extrapolation
1,208,poly3,3,22,8.571428571428571,244.28571428571428,2347.8753054507297,scale+thin,1,0.005882663819707146,30,58,88,load_extrapolation
1,208,poly3,1,23,8.571428571428571,260.0,2454.6466970028446,none,0,,10,0,10,load_extrapolation
1,208,poly3,1,23,8.571428571428571,260.0,2454.6466970028446,scale,1,0.08305142095616036,10,19,29,load_extrapolation
1,208,poly3,1,23,8.571428571428571,260.0,2454.6466970028446,scale+thin,1,0.06390218540503634,10,86,96,load_extrapolation
1,208,poly3,2,23,8.571428571428571,260.0,2454.6466970028446,none,1,0.1710164687166429,20,0,20,load_extrapolation
1,208,poly3,2,23,8.571428571428571,260.0,2454.6466970028446,scale,1,0.17085565959821136,20,18,38,load_extrapolation
1,208,poly3,2,23,8.571428571428571,260.0,2454.6466970028446,scale+thin,1,0.16025898654059745,20,58,78,load_extrapolation
1,208,poly3,3,23,8.571428571428571,260.0,2454.6466970028446,none,1,0.1710164687166429,30,0,30,load_extrapolation
1,208,poly3,3,23,8.571428571428571,260.0,2454.6466970028446,scale,1,0.17085565959821136,30,18,48,load_extrapolation
1,208,poly3,3,23,8.571428571428571,260.0,2454.6466970028446,scale+thin,1,0.16025898654059745,30,58,88,load_extrapolation
1,208,poly3,1,24,9.857142857142858,150.0,2401.6635135318147,none,1,0.0034547287502719737,8,0,8,load_extrapolation
1,208,poly3,1,24,9.857142857142858,150.0,2401.6635135318147,scale,1,0.0032480340907306005,8,18,26,load_extrapolation
1,208,poly3,1,24,9.857142857142858,150.0,2401.6635135318147,scale+thin,1,-0.0010295628269323398,8,77,85,load_extrapolation
1,208,poly3,2,24,9.857142857142858,150.0,2401.6635135318147,none,1,0.0034547287502719737,11,0,11,load_extrapolation
1,208,poly3,2,24,9.857142857142858,150.0,2401.6635135318147,scale,1,0.0032480340907306005,11,18,29,load_extrapolation
1,208,poly3,2,24,9.857142857142858,150.0,2401.6635135318147,scale+thin,1,-0.0010295628269323398,11,77,88,load_extrapolation
1,208,poly3,3,24,9.857142857142858,150.0,2401.6635135318147,none,1,0.0034547287502719737,14,0,14,load_extrapolation
1,208,poly3,3,24,9.857142857142858,150.0,2401.6635135318147,scale,1,0.0032480340907306005,14,18,32,load_extrapolation
1,208,poly3,3,24,9.857142857142858,150.0,2401.6635135318147,scale+thin,1,-0.0010295628269323398,14,77,91,load_extrapolation
1,208,poly3,1,25,9.857142857142858,165.71428571428572,2596.489349148936,none,0,,10,0,10,load_extrapolation
1,208,poly3,1,25,9.857142857142858,165.71428571428572,2596.489349148936,scale,1,0.02845958307779939,10,19,29,load_extrapolation
1,208,poly3,1,25,9.857142857142858,165.71428571428572,2596.489349148936,scale+thin,1,0.02060369388430905,10,81,91,load_extrapolation
1,208,poly3,2,25,9.857142857142858,165.71428571428572,2596.489349148936,none,1,0.20707116206397225,12,0,12,load_extrapolation
1,208,poly3,2,25,9.857142857142858,165.71428571428572,2596.489349148936,scale,1,0.20602153901929032,12,18,30,load_extrapolation
1,208,poly3,2,25,9.857142857142858,165.71428571428572,2596.489349148936,scale+thin,1,0.17336086594503564,12,58,70,load_extrapolation
1,208,poly3,3,25,9.857142857142858,165.71428571428572,2596.489349148936,none,1,0.20707116206397225,15,0,15,load_extrapolation
1,208,poly3,3,25,9.857142857142858,165.71428571428572,2596.489349148936,scale,1,0.20602153901929032,15,18,33,load_extrapolation
1,208,poly3,3,25,9.857142857142858,165.71428571428572,2596.489349148936,scale+thin,1,0.17336086594503564,15,58,73,load_extrapolation
1,208,poly3,1,26,9.857142857142858,181.42857142857144,2778.4364695846,none,0,,10,0,10,load_extrapolation
1,208,poly3,1,26,9.857142857142858,181.42857142857144,2778.4364695846,scale,1,0.053801982939794435,10,19,29,load_extrapolation
1,208,poly3,1,26,9.857142857142858,181.42857142857144,2778.4364695846,scale+thin,1,0.04383753469690621,10,84,94,load_extrapolation
1,208,poly3,2,26,9.857142857142858,181.42857142857144,2778.4364695846,none,1,0.1830252378206758,14,0,14,load_extrapolation
1,208,poly3,2,26,9.857142857142858,181.42857142857144,2778.4364695846,scale,1,0.18294400731859572,14,18,32,load_extrapolation
1,208,poly3,2,26,9.857142857142858,181.42857142857144,2778.4364695846,scale+thin,1,0.1586895151121932,14,58,72,load_extrapolation
1,208,poly3,3,26,9.857142857142858,181.42857142857144,2778.4364695846,none,1,0.1830252378206758,17,0,17,load_extrapolation
1,208,poly3,3,26,9.857142857142858,181.42857142857144,2778.4364695846,scale,1,0.18294400731859572,17,18,35,load_extrapolation
1,208,poly3,3,26,9.857142857142858,181.42857142857144,2778.4364695846,scale+thin,1,0.1586895151121932,17,58,75,load_extrapolation
1,208,poly3,1,27,9.857142857142858,197.14285714285717,2934.59017073786,none,0,,10,0,10,load_extrapolation
1,208,poly3,1,27,9.857142857142858,197.14285714285717,2934.59017073786,scale,1,0.08353440055920314,10,19,29,load_extrapolation
1,208,poly3,1,27,9.857142857142858,197.14285714285717,2934.59017073786,scale+thin,1,0.07336153057788453,10,86,96,load_extrapolation
1,208,poly3,2,27,9.857142857142858,197.14285714285717,2934.59017073786,none,1,0.19210592804333215,19,0,19,load_extrapolation
1,208,poly3,2,27,9.857142857142858,197.14285714285717,2934.59017073786,scale,1,0.19186037443550608,19,18,37,load_extrapolation
1,208,poly3,2,27,9.857142857142858,197.14285714285717,2934.59017073786,scale+thin,1,-0.0007834634453371958,19,77,96,load_extrapolation
1,208,poly3,3,27,9.857142857142858,197.14285714285717,2934.59017073786,none,1,0.19210592804333215,24,0,24,load_extrapolation
1,208,poly3,3,27,9.857142857142858,197.14285714285717,2934.59017073786,scale,1,0.19186037443550608,24,18,42,load_extrapolation
1,208,poly3,3,27,9.857142857142858,197.14285714285717,2934.59017073786,scale+thin,1,-0.0007834634453371958,24,77,101,load_extrapolation
1,208,poly3,1,28,9.857142857142858,212.8571428571429,3092.903946849261,none,0,,10,0,10,load_extrapolation
1,208,poly3,1,28,9.857142857142858,212.8571428571429,3092.903946849261,scale,1,0.10697634453931903,10,19,29,load_extrapolation
1,208,poly3,1,28,9.857142857142858,212.8571428571429,3092.903946849261,scale+thin,1,0.10697634453931903,10,72,82,load_extrapolation
1,208,poly3,2,28,9.857142857142858,212.8571428571429,3092.903946849261,none,0,,20,0,20,load_extrapolation
1,208,poly3,2,28,9.857142857142858,212.8571428571429,3092.903946849261,scale,1,0.019055525741998425,20,19,39,load_extrapolation
1,208,poly3,2,28,9.857142857142858,212.8571428571429,3092.903946849261,scale+thin,1,0.011054936820500405,20,80,100,load_extrapolation
1,208,poly3,3,28,9.857142857142858,212.8571428571429,3092.903946849261,none,1,0.25821678009934734,30,0,30,load_extrapolation
1,208,poly3,3,28,9.857142857142858,212.8571428571429,3092.903946849261,scale,1,0.25821678009934734,30,18,48,load_extrapolation
1,208,poly3,3,28,9.857142857142858,212.8571428571429,3092.903946849261,scale+thin,1,0.2480242130682877,30,59,89,load_extrapolation
1,208,poly3,1,29,9.857142857142858,228.57142857142856,3278.0505051710666,none,0,,10,0,10,load_extrapolation
1,208,poly3,1,29,9.857142857142858,228.57142857142856,3278.0505051710666,scale,1,0.11594610703689989,10,19,29,load_extrapolation
1,208,poly3,1,29,9.857142857142858,228.57142857142856,3278.0505051710666,scale+thin,1,0.11594610703689989,10,72,82,load_extrapolation
1,208,poly3,2,29,9.857142857142858,228.57142857142856,3278.0505051710666,none,0,,20,0,20,load_extrapolation
1,208,poly3,2,29,9.857142857142858,228.57142857142856,3278.0505051710666,scale,1,0.026260800033553355,20,19,39,load_extrapolation
1,208,poly3,2,29,9.857142857142858,228.57142857142856,3278.0505051710666,scale+thin,1,0.02310908513250154,20,81,101,load_extrapolation
1,208,poly3,3,29,9.857142857142858,228.57142857142856,3278.0505051710666,none,0,,30,0,30,load_extrapolation
1,208,poly3,3,29,9.857142857142858,228.57142857142856,3278.0505051710666,scale,1,0.2666506028197506,30,19,49,load_extrapolation
1,208,poly3,3,29,9.857142857142858,228.57142857142856,3278.0505051710666,scale+thin,1,0.2627100541370657,30,78,108,load_extrapolation
1,208,poly3,1,30,9.857142857142858,244.28571428571428,3503.3130527973344,none,0,,10,0,10,load_extrapolation
1,208,poly3,1,30,9.857142857142858,244.28571428571428,3503.3130527973344,scale,1,0.10786434544542822,10,19,29,load_extrapolation
1,208,poly3,1,30,9.857142857142858,244.28571428571428,3503.3130527973344,scale+thin,1,0.10786434544542822,10,74,84,load_extrapolation
1,208,poly3,2,30,9.857142857142858,244.28571428571428,3503.3130527973344,none,0,,20,0,20,load_extrapolation
1,208,poly3,2,30,9.857142857142858,244.28571428571428,3503.3130527973344,scale,1,0.0175088981788174,20,19,39,load_extrapolation
1,208,poly3,2,30,9.857142857142858,244.28571428571428,3503.3130527973344,scale+thin,1,0.0175088981788174,20,84,104,load_extrapolation
1,208,poly3,3,30,9.857142857142858,244.28571428571428,3503.3130527973344,none,0,,30,0,30,load_extrapolation
1,208,poly3,3,30,9.857142857142858,244.28571428571428,3503.3130527973344,scale,1,0.2553001376706612,30,19,49,load_extrapolation
1,208,poly3,3,30,9.857142857142858,244.28571428571428,3503.3130527973344,scale+thin,1,0.2553001376706612,30,81,111,load_extrapolation
1,208,poly3,1,31,9.857142857142858,260.0,3720.59576057169,none,0,,10,0,10,load_extrapolation
1,208,poly3,1,31,9.857142857142858,260.0,3720.59576057169,scale,1,0.15050820193975678,10,22,32,load_extrapolation
1,208,poly3,1,31,9.857142857142858,260.0,3720.59576057169,scale+thin,1,0.15050757228309286,10,62,72,load_extrapolation
1,208,poly3,2,31,9.857142857142858,260.0,3720.59576057169,none,0,,20,0,20,load_extrapolation
1,208,poly3,2,31,9.857142857142858,260.0,3720.59576057169,scale,1,0.1813622929696217,20,19,39,load_extrapolation
1,208,poly3,2,31,9.857142857142858,260.0,3720.59576057169,scale+thin,1,0.022515821707480566,20,86,106,load_extrapolation
1,208,poly3,3,31,9.857142857142858,260.0,3720.59576057169,none,0,,30,0,30,load_extrapolation
1,208,poly3,3,31,9.857142857142858,260.0,3720.59576057169,scale,1,0.21941146898049002,30,19,49,load_extrapolation
1,208,poly3,3,31,9.857142857142858,260.0,3720.59576057169,scale+thin,1,0.21941146898049002,30,83,113,load_extrapolation
1,208,poly3,1,32,11.142857142857142,150.0,3412.4966998531304,none,1,0.012106759057604277,4,0,4,load_extrapolation
1,208,poly3,1,32,11.142857142857142,150.0,3412.4966998531304,scale,1,0.011435077260314452,4,18,22,load_extrapolation
1,208,poly3,1,32,11.142857142857142,150.0,3412.4966998531304,scale+thin,1,0.011435077260314452,4,77,81,load_extrapolation
1,208,poly3,2,32,11.142857142857142,150.0,3412.4966998531304,none,1,0.012106759057604277,14,0,14,load_extrapolation
1,208,poly3,2,32,11.142857142857142,150.0,3412.4966998531304,scale,1,0.011435077260314452,14,18,32,load_extrapolation
1,208,poly3,2,32,11.142857142857142,150.0,3412.4966998531304,scale+thin,1,0.011435077260314452,14,77,91,load_extrapolation
1,208,poly3,3,32,11.142857142857142,150.0,3412.4966998531304,none,1,0.012106759057604277,17,0,17,load_extrapolation
1,208,poly3,3,32,11.142857142857142,150.0,3412.4966998531304,scale,1,0.011435077260314452,17,18,35,load_extrapolation
1,208,poly3,3,32,11.142857142857142,150.0,3412.4966998531304,scale+thin,1,0.011435077260314452,17,77,94,load_extrapolation
1,208,poly3,1,33,11.142857142857142,165.71428571428572,3681.539358959639,none,1,0.014016537303130239,10,0,10,load_extrapolation
1,208,poly3,1,33,11.142857142857142,165.71428571428572,3681.539358959639,scale,1,0.013761254408884982,10,18,28,load_extrapolation
1,208,poly3,1,33,11.142857142857142,165.71428571428572,3681.539358959639,scale+thin,1,0.013761254408884982,10,80,90,load_extrapolation
1,208,poly3,2,33,11.142857142857142,165.71428571428572,3681.539358959639,none,1,0.014016537303130239,20,0,20,load_extrapolation
1,208,poly3,2,33,11.142857142857142,165.71428571428572,3681.539358959639,scale,1,0.013761254408884982,20,18,38,load_extrapolation
1,208,poly3,2,33,11.142857142857142,165.71428571428572,3681.539358959639,scale+thin,1,0.013761254408884982,20,80,100,load_extrapolation
1,208,poly3,3,33,11.142857142857142,165.71428571428572,3681.539358959639,none,1,0.014016537303130239,24,0,24,load_extrapolation
1,208,poly3,3,33,11.142857142857142,165.71428571428572,3681.539358959639,scale,1,0.013761254408884982,24,18,42,load_extrapolation
1,208,poly3,3,33,11.142857142857142,165.71428571428572,3681.539358959639,scale+thin,1,0.013761254408884982,24,80,104,load_extrapolation
1,208,poly3,1,34,11.142857142857142,181.42857142857144,4001.813446814073,none,0,,10,0,10,load_extrapolation
1,208,poly3,1,34,11.142857142857142,181.42857142857144,4001.813446814073,scale,1,0.008846113053556204,10,19,29,load_extrapolation
1,208,poly3,1,34,11.142857142857142,181.42857142857144,4001.813446814073,scale+thin,1,0.008846113053556204,10,84,94,load_extrapolation
1,208,poly3,2,34,11.142857142857142,181.42857142857144,4001.813446814073,none,0,,20,0,20,load_extrapolation
1,208,poly3,2,34,11.142857142857142,181.42857142857144,4001.813446814073,scale,1,0.008846113053556204,20,19,39,load_extrapolation
1,208,poly3,2,34,11.142857142857142,181.42857142857144,4001.813446814073,scale+thin,1,0.008846113053556204,20,84,104,load_extrapolation
1,208,poly3,3,34,11.142857142857142,181.42857142857144,4001.813446814073,none,1,0.25433159607776834,30,0,30,load_extrapolation
1,208,poly3,3,34,11.142857142857142,181.42857142857144,4001.813446814073,scale,1,0.2540445187868181,30,18,48,load_extrapolation
1,208,poly3,3,34,11.142857142857142,181.42857142857144,4001.813446814073,scale+thin,1,0.2540445187868181,30,80,110,load_extrapolation
1,208,poly3,1,35,11.142857142857142,197.14285714285717,4332.975062229721,none,0,,10,0,10,load_extrapolation
1,208,poly3,1,35,11.142857142857142,197.14285714285717,4332.975062229721,scale,1,0.1907520221515524,10,19,29,load_extrapolation
1,208,poly3,1,35,11.142857142857142,197.14285714285717,4332.975062229721,scale+thin,1,0.02314155667424922,10,86,96,load_extrapolation
1,208,poly3,2,35,11.142857142857142,197.14285714285717,4332.975062229721,none,0,,20,0,20,load_extrapolation
1,208,poly3,2,35,11.142857142857142,197.14285714285717,4332.975062229721,scale,1,0.1907520221515524,20,19,39,load_extrapolation
1,208,poly3,2,35,11.142857142857142,197.14285714285717,4332.975062229721,scale+thin,1,0.02314155667424922,20,86,106,load_extrapolation
1,208,poly3,3,35,11.142857142857142,197.14285714285717,4332.975062229721,none,0,,30,0,30,load_extrapolation
1,208,poly3,3,35,11.142857142857142,197.14285714285717,4332.975062229721,scale,1,0.23871666433154282,30,19,49,load_extrapolation
1,208,poly3,3,35,11.142857142857142,197.14285714285717,4332.975062229721,scale+thin,1,0.23871666433154282,30,84,114,load_extrapolation
1,208,poly3,1,36,11.142857142857142,212.8571428571429,4658.140801057062,none,0,,10,0,10,load_extrapolation
1,208,poly3,1,36,11.142857142857142,212.8571428571429,4658.140801057062,scale,1,0.1744640156521402,10,19,29,load_extrapolation
1,208,poly3,1,36,11.142857142857142,212.8571428571429,4658.140801057062,scale+thin,1,0.037678227105246265,10,71,81,load_extrapolation
1,208,poly3,2,36,11.142857142857142,212.8571428571429,4658.140801057062,none,0,,20,0,20,load_extrapolation
1,208,poly3,2,36,11.142857142857142,212.8571428571429,4658.140801057062,scale,1,0.1744640156521402,20,19,39,load_extrapolation
1,208,poly3,2,36,11.142857142857142,212.8571428571429,4658.140801057062,scale+thin,1,0.037678227105246265,20,71,91,load_extrapolation
1,208,poly3,3,36,11.142857142857142,212.8571428571429,4658.140801057062,none,0,,30,0,30,load_extrapolation
1,208,poly3,3,36,11.142857142857142,212.8571428571429,4658.140801057062,scale,1,0.2206520689553939,30,19,49,load_extrapolation
1,208,poly3,3,36,11.142857142857142,212.8571428571429,4658.140801057062,scale+thin,1,0.2206520689553939,30,86,116,load_extrapolation
1,208,poly3,1,37,11.142857142857142,228.57142857142856,5137.886749115688,none,0,,10,0,10,load_extrapolation
1,208,poly3,1,37,11.142857142857142,228.57142857142856,5137.886749115688,scale,1,5.33097258559323e-07,10,21,31,load_extrapolation
1,208,poly3,1,37,11.142857142857142,228.57142857142856,5137.886749115688,scale+thin,1,5.33097258559323e-07,10,74,84,load_extrapolation
1,208,poly3,2,37,11.142857142857142,228.57142857142856,5137.886749115688,none,0,,20,0,20,load_extrapolation
1,208,poly3,2,37,11.142857142857142,228.57142857142856,5137.886749115688,scale,1,5.33097258559323e-07,20,21,41,load_extrapolation
1,208,poly3,2,37,11.142857142857142,228.57142857142856,5137.886749115688,scale+thin,1,5.33097258559323e-07,20,74,94,load_extrapolation
1,208,poly3,3,37,11.142857142857142,228.57142857142856,5137.886749115688,none,0,,30,0,30,load_extrapolation
1,208,poly3,3,37,11.142857142857142,228.57142857142856,5137.886749115688,scale,1,0.1617875755812508,30,19,49,load_extrapolation
1,208,poly3,3,37,11.142857142857142,228.57142857142856,5137.886749115688,scale+thin,1,0.1617875755812508,30,70,100,load_extrapolation
1,208,poly3,1,38,11.142857142857142,244.28571428571428,6871.433005819378,none,0,,10,0,10,load_extrapolation
1,208,poly3,1,38,11.142857142857142,244.28571428571428,6871.433005819378,scale,0,,10,9,19,load_extrapolation
1,208,poly3,1,38,11.142857142857142,244.28571428571428,6871.433005819378,scale+thin,0,,10,33,43,load_extrapolation
1,208,poly3,2,38,11.142857142857142,244.28571428571428,6871.433005819378,none,0,,20,0,20,load_extrapolation
1,208,poly3,2,38,11.142857142857142,244.28571428571428,6871.433005819378,scale,0,,20,9,29,load_extrapolation
1,208,poly3,2,38,11.142857142857142,244.28571428571428,6871.433005819378,scale+thin,0,,20,33,53,load_extrapolation
1,208,poly3,3,38,11.142857142857142,244.28571428571428,6871.433005819378,none,0,,30,0,30,load_extrapolation
1,208,poly3,3,38,11.142857142857142,244.28571428571428,6871.433005819378,scale,1,-2.879604971128824e-05,30,22,52,load_extrapolation
1,208,poly3,3,38,11.142857142857142,244.28571428571428,6871.433005819378,scale+thin,1,-2.8828148534554288e-05,30,75,105,load_extrapolation
1,208,poly3,1,39,11.142857142857142,260.0,8337.065935629631,none,0,,10,0,10,load_extrapolation
1,208,poly3,1,39,11.142857142857142,260.0,8337.065935629631,scale,0,,10,9,19,load_extrapolation
1,208,poly3,1,39,11.142857142857142,260.0,8337.065935629631,scale+thin,0,,10,33,43,load_extrapolation
1,208,poly3,2,39,11.142857142857142,260.0,8337.065935629631,none,0,,20,0,20,load_extrapolation
1,208,poly3,2,39,11.142857142857142,260.0,8337.065935629631,scale,0,,20,9,29,load_extrapolation
1,208,poly3,2,39,11.142857142857142,260.0,8337.065935629631,scale+thin,0,,20,33,53,load_extrapolation
1,208,poly3,3,39,11.142857142857142,260.0,8337.065935629631,none,0,,30,0,30,load_extrapolation
1,208,poly3,3,39,11.142857142857142,260.0,8337.065935629631,scale,0,,30,9,39,load_extrapolation
1,208,poly3,3,39,11.142857142857142,260.0,8337.065935629631,scale+thin,0,,30,33,63,load_extrapolation
1,208,poly3,1,40,12.428571428571429,150.0,4886.521183652799,none,0,,10,0,10,load_extrapolation
1,208,poly3,1,40,12.428571428571429,150.0,4886.521183652799,scale,1,-0.001465481743265995,10,19,29,load_extrapolation
1,208,poly3,1,40,12.428571428571429,150.0,4886.521183652799,scale+thin,1,-0.001465481743265995,10,86,96,load_extrapolation
1,208,poly3,2,40,12.428571428571429,150.0,4886.521183652799,none,0,,20,0,20,load_extrapolation
1,208,poly3,2,40,12.428571428571429,150.0,4886.521183652799,scale,1,-0.001465481743265995,20,19,39,load_extrapolation
1,208,poly3,2,40,12.428571428571429,150.0,4886.521183652799,scale+thin,1,-0.001465481743265995,20,86,106,load_extrapolation
1,208,poly3,3,40,12.428571428571429,150.0,4886.521183652799,none,1,0.2505498708662488,28,0,28,load_extrapolation
1,208,poly3,3,40,12.428571428571429,150.0,4886.521183652799,scale,1,0.2500347132606373,28,18,46,load_extrapolation
1,208,poly3,3,40,12.428571428571429,150.0,4886.521183652799,scale+thin,1,0.2500347132606373,28,83,111,load_extrapolation
1,208,poly3,1,41,12.428571428571429,165.71428571428572,5340.456835444255,none,0,,10,0,10,load_extrapolation
1,208,poly3,1,41,12.428571428571429,165.71428571428572,5340.456835444255,scale,1,0.1754327496857473,10,19,29,load_extrapolation
1,208,poly3,1,41,12.428571428571429,165.71428571428572,5340.456835444255,scale+thin,1,0.040796421136085614,10,72,82,load_extrapolation
1,208,poly3,2,41,12.428571428571429,165.71428571428572,5340.456835444255,none,0,,20,0,20,load_extrapolation
1,208,poly3,2,41,12.428571428571429,165.71428571428572,5340.456835444255,scale,1,0.1754327496857473,20,19,39,load_extrapolation
1,208,poly3,2,41,12.428571428571429,165.71428571428572,5340.456835444255,scale+thin,1,0.040796421136085614,20,72,92,load_extrapolation
1,208,poly3,3,41,12.428571428571429,165.71428571428572,5340.456835444255,none,1,0.23120282393931602,30,0,30,load_extrapolation
1,208,poly3,3,41,12.428571428571429,165.71428571428572,5340.456835444255,scale,1,0.23089286349120108,30,18,48,load_extrapolation
1,208,poly3,3,41,12.428571428571429,165.71428571428572,5340.456835444255,scale+thin,1,0.23089286349120108,30,85,115,load_extrapolation
1,208,poly3,1,42,12.428571428571429,181.42857142857144,7499.029230834781,none,0,,10,0,10,load_extrapolation
1,208,poly3,1,42,12.428571428571429,181.42857142857144,7499.029230834781,scale,0,,10,9,19,load_extrapolation
1,208,poly3,1,42,12.428571428571429,181.42857142857144,7499.029230834781,scale+thin,0,,10,33,43,load_extrapolation
1,208,poly3,2,42,12.428571428571429,181.42857142857144,7499.029230834781,none,0,,20,0,20,load_extrapolation
1,208,poly3,2,42,12.428571428571429,181.42857142857144,7499.029230834781,scale,0,,20,9,29,load_extrapolation
1,208,poly3,2,42,12.428571428571429,181.42857142857144,7499.029230834781,scale+thin,0,,20,33,53,load_extrapolation
1,208,poly3,3,42,12.428571428571429,181.42857142857144,7499.029230834781,none,0,,30,0,30,load_extrapolation
1,208,poly3,3,42,12.428571428571429,181.42857142857144,7499.029230834781,scale,1,-5.25226462377848e-06,30,21,51,load_extrapolation
1,208,poly3,3,42,12.428571428571429,181.42857142857144,7499.029230834781,scale+thin,1,-5.25226462377848e-06,30,74,104,load_extrapolation
1,208,poly3,1,43,12.428571428571429,197.14285714285717,9997.68170860264,none,0,,10,0,10,load_extrapolation
1,208,poly3,1,43,12.428571428571429,197.14285714285717,9997.68170860264,scale,0,,10,9,19,load_extrapolation
1,208,poly3,1,43,12.428571428571429,197.14285714285717,9997.68170860264,scale+thin,0,,10,33,43,load_extrapolation
1,208,poly3,2,43,12.428571428571429,197.14285714285717,9997.68170860264,none,0,,20,0,20,load_extrapolation
1,208,poly3,2,43,12.428571428571429,197.14285714285717,9997.68170860264,scale,0,,20,9,29,load_extrapolation
1,208,poly3,2,43,12.428571428571429,197.14285714285717,9997.68170860264,scale+thin,0,,20,33,53,load_extrapolation
1,208,poly3,3,43,12.428571428571429,197.14285714285717,9997.68170860264,none,0,,30,0,30,load_extrapolation
1,208,poly3,3,43,12.428571428571429,197.14285714285717,9997.68170860264,scale,0,,30,9,39,load_extrapolation
1,208,poly3,3,43,12.428571428571429,197.14285714285717,9997.68170860264,scale+thin,0,,30,33,63,load_extrapolation
1,208,poly3,1,44,12.428571428571429,212.8571428571429,12790.67961945902,none,0,,10,0,10,load_extrapolation
1,208,poly3,1,44,12.428571428571429,212.8571428571429,12790.67961945902,scale,0,,10,9,19,load_extrapolation
1,208,poly3,1,44,12.428571428571429,212.8571428571429,12790.67961945902,scale+thin,0,,10,33,43,load_extrapolation
1,208,poly3,2,44,12.428571428571429,212.8571428571429,12790.67961945902,none,0,,20,0,20,load_extrapolation
1,208,poly3,2,44,12.428571428571429,212.8571428571429,12790.67961945902,scale,0,,20,9,29,load_extrapolation
1,208,poly3,2,44,12.428571428571429,212.8571428571429,12790.67961945902,scale+thin,0,,20,33,53,load_extrapolation
1,208,poly3,3,44,12.428571428571429,212.8571428571429,12790.67961945902,none,0,,30,0,30,load_extrapolation
1,208,poly3,3,44,12.428571428571429,212.8571428571429,12790.67961945902,scale,0,,30,9,39,load_extrapolation
1,208,poly3,3,44,12.428571428571429,212.8571428571429,12790.67961945902,scale+thin,0,,30,33,63,load_extrapolation
1,208,poly3,1,45,13.714285714285715,150.0,11343.005436312367,none,0,,10,0,10,load_extrapolation
1,208,poly3,1,45,13.714285714285715,150.0,11343.005436312367,scale,0,,10,9,19,load_extrapolation
1,208,poly3,1,45,13.714285714285715,150.0,11343.005436312367,scale+thin,0,,10,33,43,load_extrapolation
1,208,poly3,2,45,13.714285714285715,150.0,11343.005436312367,none,0,,20,0,20,load_extrapolation
1,208,poly3,2,45,13.714285714285715,150.0,11343.005436312367,scale,0,,20,9,29,load_extrapolation
1,208,poly3,2,45,13.714285714285715,150.0,11343.005436312367,scale+thin,0,,20,33,53,load_extrapolation
1,208,poly3,3,45,13.714285714285715,150.0,11343.005436312367,none,0,,30,0,30,load_extrapolation
1,208,poly3,3,45,13.714285714285715,150.0,11343.005436312367,scale,0,,30,9,39,load_extrapolation
1,208,poly3,3,45,13.714285714285715,150.0,11343.005436312367,scale+thin,0,,30,33,63,load_extrapolation
1,208,poly3,1,46,13.714285714285715,165.71428571428572,15604.275186931443,none,0,,10,0,10,load_extrapolation
1,208,poly3,1,46,13.714285714285715,165.71428571428572,15604.275186931443,scale,0,,10,9,19,load_extrapolation
1,208,poly3,1,46,13.714285714285715,165.71428571428572,15604.275186931443,scale+thin,0,,10,33,43,load_extrapolation
1,208,poly3,2,46,13.714285714285715,165.71428571428572,15604.275186931443,none,0,,20,0,20,load_extrapolation
1,208,poly3,2,46,13.714285714285715,165.71428571428572,15604.275186931443,scale,0,,20,9,29,load_extrapolation
1,208,poly3,2,46,13.714285714285715,165.71428571428572,15604.275186931443,scale+thin,0,,20,33,53,load_extrapolation
1,208,poly3,3,46,13.714285714285715,165.71428571428572,15604.275186931443,none,0,,30,0,30,load_extrapolation
1,208,poly3,3,46,13.714285714285715,165.71428571428572,15604.275186931443,scale,0,,30,9,39,load_extrapolation
1,208,poly3,3,46,13.714285714285715,165.71428571428572,15604.275186931443,scale+thin,0,,30,33,63,load_extrapolation
1,208,mlp,1,0,6.0,150.0,718.2839060185494,none,1,0.08843162289564455,4,0,4,load_extrapolation
1,208,mlp,1,0,6.0,150.0,718.2839060185494,scale,1,0.08673825089031917,4,18,22,load_extrapolation
1,208,mlp,1,0,6.0,150.0,718.2839060185494,scale+thin,1,0.08673825089031917,4,55,59,load_extrapolation
1,208,mlp,2,0,6.0,150.0,718.2839060185494,none,1,0.08843162289564455,8,0,8,load_extrapolation
1,208,mlp,2,0,6.0,150.0,718.2839060185494,scale,1,0.08673825089031917,8,18,26,load_extrapolation
1,208,mlp,2,0,6.0,150.0,718.2839060185494,scale+thin,1,0.08673825089031917,8,55,63,load_extrapolation
1,208,mlp,3,0,6.0,150.0,718.2839060185494,none,1,0.08843162289564455,11,0,11,load_extrapolation
1,208,mlp,3,0,6.0,150.0,718.2839060185494,scale,1,0.08673825089031917,11,18,29,load_extrapolation
1,208,mlp,3,0,6.0,150.0,718.2839060185494,scale+thin,1,0.08673825089031917,11,55,66,load_extrapolation
1,208,mlp,1,1,6.0,165.71428571428572,766.0869680124856,none,1,0.08600914016474914,4,0,4,load_extrapolation
1,208,mlp,1,1,6.0,165.71428571428572,766.0869680124856,scale,1,0.08431953703599238,4,18,22,load_extrapolation
1,208,mlp,1,1,6.0,165.71428571428572,766.0869680124856,scale+thin,1,0.08431953703599238,4,55,59,load_extrapolation
1,208,mlp,2,1,6.0,165.71428571428572,766.0869680124856,none,1,0.08600914016474914,8,0,8,load_extrapolation
1,208,mlp,2,1,6.0,165.71428571428572,766.0869680124856,scale,1,0.08431953703599238,8,18,26,load_extrapolation
1,208,mlp,2,1,6.0,165.71428571428572,766.0869680124856,scale+thin,1,0.08431953703599238,8,55,63,load_extrapolation
1,208,mlp,3,1,6.0,165.71428571428572,766.0869680124856,none,1,0.08600914016474914,11,0,11,load_extrapolation
1,208,mlp,3,1,6.0,165.71428571428572,766.0869680124856,scale,1,0.08431953703599238,11,18,29,load_extrapolation
1,208,mlp,3,1,6.0,165.71428571428572,766.0869680124856,scale+thin,1,0.08431953703599238,11,55,66,load_extrapolation
1,208,mlp,1,2,6.0,181.42857142857144,809.0128740060688,none,1,0.0891078572934596,4,0,4,load_extrapolation
1,208,mlp,1,2,6.0,181.42857142857144,809.0128740060688,scale,1,0.08741343320881723,4,18,22,load_extrapolation
1,208,mlp,1,2,6.0,181.42857142857144,809.0128740060688,scale+thin,1,0.08741343320881723,4,55,59,load_extrapolation
1,208,mlp,2,2,6.0,181.42857142857144,809.0128740060688,none,1,0.0891078572934596,8,0,8,load_extrapolation
1,208,mlp,2,2,6.0,181.42857142857144,809.0128740060688,scale,1,0.08741343320881723,8,18,26,load_extrapolation
1,208,mlp,2,2,6.0,181.42857142857144,809.0128740060688,scale+thin,1,0.08741343320881723,8,55,63,load_extrapolation
1,208,mlp,3,2,6.0,181.42857142857144,809.0128740060688,none,1,0.0891078572934596,12,0,12,load_extrapolation
1,208,mlp,3,2,6.0,181.42857142857144,809.0128740060688,scale,1,0.08741343320881723,12,18,30,load_extrapolation
1,208,mlp,3,2,6.0,181.42857142857144,809.0128740060688,scale+thin,1,0.08741343320881723,12,55,67,load_extrapolation
1,208,mlp,1,3,6.0,197.14285714285717,854.6554477993761,none,1,0.08759727955641439,4,0,4,load_extrapolation
1,208,mlp,1,3,6.0,197.14285714285717,854.6554477993761,scale,1,0.08590520561485726,4,18,22,load_extrapolation
1,208,mlp,1,3,6.0,197.14285714285717,854.6554477993761,scale+thin,1,0.08590520561485726,4,55,59,load_extrapolation
1,208,mlp,2,3,6.0,197.14285714285717,854.6554477993761,none,1,0.08759727955641439,8,0,8,load_extrapolation
1,208,mlp,2,3,6.0,197.14285714285717,854.6554477993761,scale,1,0.08590520561485726,8,18,26,load_extrapolation
1,208,mlp,2,3,6.0,197.14285714285717,854.6554477993761,scale+thin,1,0.08590520561485726,8,55,63,load_extrapolation
1,208,mlp,3,3,6.0,197.14285714285717,854.6554477993761,none,1,0.08759727955641439,12,0,12,load_extrapolation
1,208,mlp,3,3,6.0,197.14285714285717,854.6554477993761,scale,1,0.08590520561485726,12,18,30,load_extrapolation
1,208,mlp,3,3,6.0,197.14285714285717,854.6554477993761,scale+thin,1,0.08590520561485726,12,55,67,load_extrapolation
1,208,mlp,1,4,6.0,212.8571428571429,895.7569021904145,none,1,0.09109669166104117,4,0,4,load_extrapolation
1,208,mlp,1,4,6.0,212.8571428571429,895.7569021904145,scale,1,0.08939917336600467,4,18,22,load_extrapolation
1,208,mlp,1,4,6.0,212.8571428571429,895.7569021904145,scale+thin,1,0.08665360169190772,4,55,59,load_extrapolation
1,208,mlp,2,4,6.0,212.8571428571429,895.7569021904145,none,1,0.09109669166104117,8,0,8,load_extrapolation
1,208,mlp,2,4,6.0,212.8571428571429,895.7569021904145,scale,1,0.08939917336600467,8,18,26,load_extrapolation
1,208,mlp,2,4,6.0,212.8571428571429,895.7569021904145,scale+thin,1,0.08665360169190772,8,55,63,load_extrapolation
1,208,mlp,3,4,6.0,212.8571428571429,895.7569021904145,none,1,0.09109669166104117,12,0,12,load_extrapolation
1,208,mlp,3,4,6.0,212.8571428571429,895.7569021904145,scale,1,0.08939917336600467,12,18,30,load_extrapolation
1,208,mlp,3,4,6.0,212.8571428571429,895.7569021904145,scale+thin,1,0.08665360169190772,12,55,67,load_extrapolation
1,208,mlp,1,5,6.0,228.57142857142856,927.0052988628717,none,1,0.10546774835775308,4,0,4,load_extrapolation
1,208,mlp,1,5,6.0,228.57142857142856,927.0052988628717,scale,1,0.10374787170360089,4,18,22,load_extrapolation
1,208,mlp,1,5,6.0,228.57142857142856,927.0052988628717,scale+thin,1,0.09682272110473278,4,55,59,load_extrapolation
1,208,mlp,2,5,6.0,228.57142857142856,927.0052988628717,none,1,0.10546774835775308,8,0,8,load_extrapolation
1,208,mlp,2,5,6.0,228.57142857142856,927.0052988628717,scale,1,0.10374787170360089,8,18,26,load_extrapolation
1,208,mlp,2,5,6.0,228.57142857142856,927.0052988628717,scale+thin,1,0.09682272110473278,8,55,63,load_extrapolation
1,208,mlp,3,5,6.0,228.57142857142856,927.0052988628717,none,1,0.10546774835775308,12,0,12,load_extrapolation
1,208,mlp,3,5,6.0,228.57142857142856,927.0052988628717,scale,1,0.10374787170360089,12,18,30,load_extrapolation
1,208,mlp,3,5,6.0,228.57142857142856,927.0052988628717,scale+thin,1,0.09682272110473278,12,55,67,load_extrapolation
1,208,mlp,1,6,6.0,244.28571428571428,968.4098952439792,none,1,0.10527793241980432,3,0,3,load_extrapolation
1,208,mlp,1,6,6.0,244.28571428571428,968.4098952439792,scale,1,0.10492379153247233,3,18,21,load_extrapolation
1,208,mlp,1,6,6.0,244.28571428571428,968.4098952439792,scale+thin,1,0.09431880600674192,3,73,76,load_extrapolation
1,208,mlp,2,6,6.0,244.28571428571428,968.4098952439792,none,1,0.10527793241980432,7,0,7,load_extrapolation
1,208,mlp,2,6,6.0,244.28571428571428,968.4098952439792,scale,1,0.10492379153247233,7,18,25,load_extrapolation
1,208,mlp,2,6,6.0,244.28571428571428,968.4098952439792,scale+thin,1,0.09431880600674192,7,73,80,load_extrapolation
1,208,mlp,3,6,6.0,244.28571428571428,968.4098952439792,none,1,0.10527793241980432,11,0,11,load_extrapolation
1,208,mlp,3,6,6.0,244.28571428571428,968.4098952439792,scale,1,0.10492379153247233,11,18,29,load_extrapolation
1,208,mlp,3,6,6.0,244.28571428571428,968.4098952439792,scale+thin,1,0.09431880600674192,11,73,84,load_extrapolation
1,208,mlp,1,7,6.0,260.0,1013.7382545756694,none,1,0.10446604408701932,2,0,2,load_extrapolation
1,208,mlp,1,7,6.0,260.0,1013.7382545756694,scale,1,0.1020910753749289,2,18,20,load_extrapolation
1,208,mlp,1,7,6.0,260.0,1013.7382545756694,scale+thin,1,0.09714852281765518,2,72,74,load_extrapolation
1,208,mlp,2,7,6.0,260.0,1013.7382545756694,none,1,0.10446604408701932,6,0,6,load_extrapolation
1,208,mlp,2,7,6.0,260.0,1013.7382545756694,scale,1,0.1020910753749289,6,18,24,load_extrapolation
1,208,mlp,2,7,6.0,260.0,1013.7382545756694,scale+thin,1,0.09714852281765518,6,72,78,load_extrapolation
1,208,mlp,3,7,6.0,260.0,1013.7382545756694,none,1,0.10446604408701932,10,0,10,load_extrapolation
1,208,mlp,3,7,6.0,260.0,1013.7382545756694,scale,1,0.1020910753749289,10,18,28,load_extrapolation
1,208,mlp,3,7,6.0,260.0,1013.7382545756694,scale+thin,1,0.09714852281765518,10,72,82,load_extrapolation
1,208,mlp,1,8,7.285714285714286,150.0,1153.3708205133214,none,1,0.07423575475829525,4,0,4,load_extrapolation
1,208,mlp,1,8,7.285714285714286,150.0,1153.3708205133214,scale,1,0.07258903686739027,4,18,22,load_extrapolation
1,208,mlp,1,8,7.285714285714286,150.0,1153.3708205133214,scale+thin,1,0.07258903686739027,4,55,59,load_extrapolation
1,208,mlp,2,8,7.285714285714286,150.0,1153.3708205133214,none,1,0.07423575475829525,7,0,7,load_extrapolation
1,208,mlp,2,8,7.285714285714286,150.0,1153.3708205133214,scale,1,0.07258903686739027,7,18,25,load_extrapolation
1,208,mlp,2,8,7.285714285714286,150.0,1153.3708205133214,scale+thin,1,0.07258903686739027,7,55,62,load_extrapolation
1,208,mlp,3,8,7.285714285714286,150.0,1153.3708205133214,none,1,0.07423575475829525,10,0,10,load_extrapolation
1,208,mlp,3,8,7.285714285714286,150.0,1153.3708205133214,scale,1,0.07258903686739027,10,18,28,load_extrapolation
1,208,mlp,3,8,7.285714285714286,150.0,1153.3708205133214,scale+thin,1,0.07258903686739027,10,55,65,load_extrapolation
1,208,mlp,1,9,7.285714285714286,165.71428571428572,1218.9044722408655,none,1,0.08177156122686902,4,0,4,load_extrapolation
1,208,mlp,1,9,7.285714285714286,165.71428571428572,1218.9044722408655,scale,1,0.08011329154458191,4,18,22,load_extrapolation
1,208,mlp,1,9,7.285714285714286,165.71428571428572,1218.9044722408655,scale+thin,1,0.08011329154458191,4,55,59,load_extrapolation
1,208,mlp,2,9,7.285714285714286,165.71428571428572,1218.9044722408655,none,1,0.08177156122686902,7,0,7,load_extrapolation
1,208,mlp,2,9,7.285714285714286,165.71428571428572,1218.9044722408655,scale,1,0.08011329154458191,7,18,25,load_extrapolation
1,208,mlp,2,9,7.285714285714286,165.71428571428572,1218.9044722408655,scale+thin,1,0.08011329154458191,7,55,62,load_extrapolation
1,208,mlp,3,9,7.285714285714286,165.71428571428572,1218.9044722408655,none,1,0.08177156122686902,10,0,10,load_extrapolation
1,208,mlp,3,9,7.285714285714286,165.71428571428572,1218.9044722408655,scale,1,0.08011329154458191,10,18,28,load_extrapolation
1,208,mlp,3,9,7.285714285714286,165.71428571428572,1218.9044722408655,scale+thin,1,0.08011329154458191,10,55,65,load_extrapolation
1,208,mlp,1,10,7.285714285714286,181.42857142857144,1289.0609260869776,none,1,0.08359254196538268,4,0,4,load_extrapolation
1,208,mlp,1,10,7.285714285714286,181.42857142857144,1289.0609260869776,scale,1,0.08190669855809363,4,18,22,load_extrapolation
1,208,mlp,1,10,7.285714285714286,181.42857142857144,1289.0609260869776,scale+thin,1,0.08190669855809363,4,55,59,load_extrapolation
1,208,mlp,2,10,7.285714285714286,181.42857142857144,1289.0609260869776,none,1,0.08359254196538268,7,0,7,load_extrapolation
1,208,mlp,2,10,7.285714285714286,181.42857142857144,1289.0609260869776,scale,1,0.08190669855809363,7,18,25,load_extrapolation
1,208,mlp,2,10,7.285714285714286,181.42857142857144,1289.0609260869776,scale+thin,1,0.08190669855809363,7,55,62,load_extrapolation
1,208,mlp,3,10,7.285714285714286,181.42857142857144,1289.0609260869776,none,1,0.08359254196538268,10,0,10,load_extrapolation
1,208,mlp,3,10,7.285714285714286,181.42857142857144,1289.0609260869776,scale,1,0.08190669855809363,10,18,28,load_extrapolation
1,208,mlp,3,10,7.285714285714286,181.42857142857144,1289.0609260869776,scale+thin,1,0.08190669855809363,10,55,65,load_extrapolation
1,208,mlp,1,11,7.285714285714286,197.14285714285717,1353.7155222893743,none,1,0.08882426742805305,4,0,4,load_extrapolation
1,208,mlp,1,11,7.285714285714286,197.14285714285717,1353.7155222893743,scale,1,0.08713028454994043,4,18,22,load_extrapolation
1,208,mlp,1,11,7.285714285714286,197.14285714285717,1353.7155222893743,scale+thin,1,0.08713028454994043,4,56,60,load_extrapolation
1,208,mlp,2,11,7.285714285714286,197.14285714285717,1353.7155222893743,none,1,0.08882426742805305,8,0,8,load_extrapolation
1,208,mlp,2,11,7.285714285714286,197.14285714285717,1353.7155222893743,scale,1,0.08713028454994043,8,18,26,load_extrapolation
1,208,mlp,2,11,7.285714285714286,197.14285714285717,1353.7155222893743,scale+thin,1,0.08713028454994043,8,56,64,load_extrapolation
1,208,mlp,3,11,7.285714285714286,197.14285714285717,1353.7155222893743,none,1,0.08882426742805305,11,0,11,load_extrapolation
1,208,mlp,3,11,7.285714285714286,197.14285714285717,1353.7155222893743,scale,1,0.08713028454994043,11,18,29,load_extrapolation
1,208,mlp,3,11,7.285714285714286,197.14285714285717,1353.7155222893743,scale+thin,1,0.08713028454994043,11,56,67,load_extrapolation
1,208,mlp,1,12,7.285714285714286,212.8571428571429,1426.808505633445,none,1,0.08697657628480404,4,0,4,load_extrapolation
1,208,mlp,1,12,7.285714285714286,212.8571428571429,1426.808505633445,scale,1,0.0850617435303882,4,18,22,load_extrapolation
1,208,mlp,1,12,7.285714285714286,212.8571428571429,1426.808505633445,scale+thin,1,0.0850617435303882,4,56,60,load_extrapolation
1,208,mlp,2,12,7.285714285714286,212.8571428571429,1426.808505633445,none,1,0.08697657628480404,8,0,8,load_extrapolation
1,208,mlp,2,12,7.285714285714286,212.8571428571429,1426.808505633445,scale,1,0.0850617435303882,8,18,26,load_extrapolation
1,208,mlp,2,12,7.285714285714286,212.8571428571429,1426.808505633445,scale+thin,1,0.0850617435303882,8,56,64,load_extrapolation
1,208,mlp,3,12,7.285714285714286,212.8571428571429,1426.808505633445,none,1,0.08697657628480404,11,0,11,load_extrapolation
1,208,mlp,3,12,7.285714285714286,212.8571428571429,1426.808505633445,scale,1,0.0850617435303882,11,18,29,load_extrapolation
1,208,mlp,3,12,7.285714285714286,212.8571428571429,1426.808505633445,scale+thin,1,0.0850617435303882,11,56,67,load_extrapolation
1,208,mlp,1,13,7.285714285714286,228.57142857142856,1481.0244610123186,none,1,0.010463985390672503,2,0,2,load_extrapolation
1,208,mlp,1,13,7.285714285714286,228.57142857142856,1481.0244610123186,scale,1,0.008660831086520826,2,18,20,load_extrapolation
1,208,mlp,1,13,7.285714285714286,228.57142857142856,1481.0244610123186,scale+thin,1,0.008660831086520826,2,57,59,load_extrapolation
1,208,mlp,2,13,7.285714285714286,228.57142857142856,1481.0244610123186,none,1,0.010463985390672503,5,0,5,load_extrapolation
1,208,mlp,2,13,7.285714285714286,228.57142857142856,1481.0244610123186,scale,1,0.008660831086520826,5,18,23,load_extrapolation
1,208,mlp,2,13,7.285714285714286,228.57142857142856,1481.0244610123186,scale+thin,1,0.008660831086520826,5,57,62,load_extrapolation
1,208,mlp,3,13,7.285714285714286,228.57142857142856,1481.0244610123186,none,1,0.010463985390672503,8,0,8,load_extrapolation
1,208,mlp,3,13,7.285714285714286,228.57142857142856,1481.0244610123186,scale,1,0.008660831086520826,8,18,26,load_extrapolation
1,208,mlp,3,13,7.285714285714286,228.57142857142856,1481.0244610123186,scale+thin,1,0.008660831086520826,8,57,65,load_extrapolation
1,208,mlp,1,14,7.285714285714286,244.28571428571428,1543.6092503419804,none,1,0.01392785770151339,3,0,3,load_extrapolation
1,208,mlp,1,14,7.285714285714286,244.28571428571428,1543.6092503419804,scale,1,0.011840306285077373,3,18,21,load_extrapolation
1,208,mlp,1,14,7.285714285714286,244.28571428571428,1543.6092503419804,scale+thin,1,0.009027006736458176,3,75,78,load_extrapolation
1,208,mlp,2,14,7.285714285714286,244.28571428571428,1543.6092503419804,none,1,0.01392785770151339,6,0,6,load_extrapolation
1,208,mlp,2,14,7.285714285714286,244.28571428571428,1543.6092503419804,scale,1,0.011840306285077373,6,18,24,load_extrapolation
1,208,mlp,2,14,7.285714285714286,244.28571428571428,1543.6092503419804,scale+thin,1,0.009027006736458176,6,75,81,load_extrapolation
1,208,mlp,3,14,7.285714285714286,244.28571428571428,1543.6092503419804,none,1,0.01392785770151339,9,0,9,load_extrapolation
1,208,mlp,3,14,7.285714285714286,244.28571428571428,1543.6092503419804,scale,1,0.011840306285077373,9,18,27,load_extrapolation
1,208,mlp,3,14,7.285714285714286,244.28571428571428,1543.6092503419804,scale+thin,1,0.009027006736458176,9,75,84,load_extrapolation
1,208,mlp,1,15,7.285714285714286,260.0,1618.4847454305025,none,1,0.009170597100781608,3,0,3,load_extrapolation
1,208,mlp,1,15,7.285714285714286,260.0,1618.4847454305025,scale,1,0.006862110593244042,3,18,21,load_extrapolation
1,208,mlp,1,15,7.285714285714286,260.0,1618.4847454305025,scale+thin,1,0.0009929126431889035,3,76,79,load_extrapolation
1,208,mlp,2,15,7.285714285714286,260.0,1618.4847454305025,none,1,0.009170597100781608,6,0,6,load_extrapolation
1,208,mlp,2,15,7.285714285714286,260.0,1618.4847454305025,scale,1,0.006862110593244042,6,18,24,load_extrapolation
1,208,mlp,2,15,7.285714285714286,260.0,1618.4847454305025,scale+thin,1,0.0009929126431889035,6,76,82,load_extrapolation
1,208,mlp,3,15,7.285714285714286,260.0,1618.4847454305025,none,1,0.009170597100781608,9,0,9,load_extrapolation
1,208,mlp,3,15,7.285714285714286,260.0,1618.4847454305025,scale,1,0.006862110593244042,9,18,27,load_extrapolation
1,208,mlp,3,15,7.285714285714286,260.0,1618.4847454305025,scale+thin,1,0.0009929126431889035,9,76,85,load_extrapolation
1,208,mlp,1,16,8.571428571428571,150.0,1686.3433188884542,none,1,0.012380979675685078,10,0,10,load_extrapolation
1,208,mlp,1,16,8.571428571428571,150.0,1686.3433188884542,scale,1,0.00433333322051066,10,18,28,load_extrapolation
1,208,mlp,1,16,8.571428571428571,150.0,1686.3433188884542,scale+thin,1,0.00433333322051066,10,57,67,load_extrapolation
1,208,mlp,2,16,8.571428571428571,150.0,1686.3433188884542,none,1,0.012380979675685078,13,0,13,load_extrapolation
1,208,mlp,2,16,8.571428571428571,150.0,1686.3433188884542,scale,1,0.00433333322051066,13,18,31,load_extrapolation
1,208,mlp,2,16,8.571428571428571,150.0,1686.3433188884542,scale+thin,1,0.00433333322051066,13,57,70,load_extrapolation
1,208,mlp,3,16,8.571428571428571,150.0,1686.3433188884542,none,1,0.012380979675685078,16,0,16,load_extrapolation
1,208,mlp,3,16,8.571428571428571,150.0,1686.3433188884542,scale,1,0.00433333322051066,16,18,34,load_extrapolation
1,208,mlp,3,16,8.571428571428571,150.0,1686.3433188884542,scale+thin,1,0.00433333322051066,16,57,73,load_extrapolation
1,208,mlp,1,17,8.571428571428571,165.71428571428572,1809.7430894999927,none,1,-0.00246864288984483,7,0,7,load_extrapolation
1,208,mlp,1,17,8.571428571428571,165.71428571428572,1809.7430894999927,scale,1,-0.00397496474047998,7,18,25,load_extrapolation
1,208,mlp,1,17,8.571428571428571,165.71428571428572,1809.7430894999927,scale+thin,1,-0.00397496474047998,7,58,65,load_extrapolation
1,208,mlp,2,17,8.571428571428571,165.71428571428572,1809.7430894999927,none,1,-0.00246864288984483,10,0,10,load_extrapolation
1,208,mlp,2,17,8.571428571428571,165.71428571428572,1809.7430894999927,scale,1,-0.00397496474047998,10,18,28,load_extrapolation
1,208,mlp,2,17,8.571428571428571,165.71428571428572,1809.7430894999927,scale+thin,1,-0.00397496474047998,10,58,68,load_extrapolation
1,208,mlp,3,17,8.571428571428571,165.71428571428572,1809.7430894999927,none,1,-0.00246864288984483,13,0,13,load_extrapolation
1,208,mlp,3,17,8.571428571428571,165.71428571428572,1809.7430894999927,scale,1,-0.00397496474047998,13,18,31,load_extrapolation
1,208,mlp,3,17,8.571428571428571,165.71428571428572,1809.7430894999927,scale+thin,1,-0.00397496474047998,13,58,71,load_extrapolation
1,208,mlp,1,18,8.571428571428571,181.42857142857144,1926.769836691324,none,1,-0.008160699945088723,4,0,4,load_extrapolation
1,208,mlp,1,18,8.571428571428571,181.42857142857144,1926.769836691324,scale,1,-0.008342302831548909,4,18,22,load_extrapolation
1,208,mlp,1,18,8.571428571428571,181.42857142857144,1926.769836691324,scale+thin,1,-0.008342302831548909,4,58,62,load_extrapolation
1,208,mlp,2,18,8.571428571428571,181.42857142857144,1926.769836691324,none,1,-0.008160699945088723,7,0,7,load_extrapolation
1,208,mlp,2,18,8.571428571428571,181.42857142857144,1926.769836691324,scale,1,-0.008342302831548909,7,18,25,load_extrapolation
1,208,mlp,2,18,8.571428571428571,181.42857142857144,1926.769836691324,scale+thin,1,-0.008342302831548909,7,58,65,load_extrapolation
1,208,mlp,3,18,8.571428571428571,181.42857142857144,1926.769836691324,none,1,-0.008160699945088723,10,0,10,load_extrapolation
1,208,mlp,3,18,8.571428571428571,181.42857142857144,1926.769836691324,scale,1,-0.008342302831548909,10,18,28,load_extrapolation
1,208,mlp,3,18,8.571428571428571,181.42857142857144,1926.769836691324,scale+thin,1,-0.008342302831548909,10,58,68,load_extrapolation
1,208,mlp,1,19,8.571428571428571,197.14285714285717,2004.21381384588,none,1,0.0076379424953427755,5,0,5,load_extrapolation
1,208,mlp,1,19,8.571428571428571,197.14285714285717,2004.21381384588,scale,1,0.007545692597928255,5,18,23,load_extrapolation
1,208,mlp,1,19,8.571428571428571,197.14285714285717,2004.21381384588,scale+thin,1,0.007545692597928255,5,59,64,load_extrapolation
1,208,mlp,2,19,8.571428571428571,197.14285714285717,2004.21381384588,none,1,0.0076379424953427755,8,0,8,load_extrapolation
1,208,mlp,2,19,8.571428571428571,197.14285714285717,2004.21381384588,scale,1,0.007545692597928255,8,18,26,load_extrapolation
1,208,mlp,2,19,8.571428571428571,197.14285714285717,2004.21381384588,scale+thin,1,0.007545692597928255,8,59,67,load_extrapolation
1,208,mlp,3,19,8.571428571428571,197.14285714285717,2004.21381384588,none,1,0.0076379424953427755,11,0,11,load_extrapolation
1,208,mlp,3,19,8.571428571428571,197.14285714285717,2004.21381384588,scale,1,0.007545692597928255,11,18,29,load_extrapolation
1,208,mlp,3,19,8.571428571428571,197.14285714285717,2004.21381384588,scale+thin,1,0.007545692597928255,11,59,70,load_extrapolation
1,208,mlp,1,20,8.571428571428571,212.8571428571429,2119.4215005582246,none,0,,10,0,10,load_extrapolation
1,208,mlp,1,20,8.571428571428571,212.8571428571429,2119.4215005582246,scale,1,0.03405393898124842,10,19,29,load_extrapolation
1,208,mlp,1,20,8.571428571428571,212.8571428571429,2119.4215005582246,scale+thin,1,0.006809452118093473,10,80,90,load_extrapolation
1,208,mlp,2,20,8.571428571428571,212.8571428571429,2119.4215005582246,none,1,0.03700229373554498,13,0,13,load_extrapolation
1,208,mlp,2,20,8.571428571428571,212.8571428571429,2119.4215005582246,scale,1,0.03538893501210172,13,18,31,load_extrapolation
1,208,mlp,2,20,8.571428571428571,212.8571428571429,2119.4215005582246,scale+thin,1,0.03538893501210172,13,57,70,load_extrapolation
1,208,mlp,3,20,8.571428571428571,212.8571428571429,2119.4215005582246,none,1,0.03700229373554498,16,0,16,load_extrapolation
1,208,mlp,3,20,8.571428571428571,212.8571428571429,2119.4215005582246,scale,1,0.03538893501210172,16,18,34,load_extrapolation
1,208,mlp,3,20,8.571428571428571,212.8571428571429,2119.4215005582246,scale+thin,1,0.03538893501210172,16,57,73,load_extrapolation
1,208,mlp,1,21,8.571428571428571,228.57142857142856,2258.167962393494,none,0,,10,0,10,load_extrapolation
1,208,mlp,1,21,8.571428571428571,228.57142857142856,2258.167962393494,scale,1,0.044467041812440655,10,19,29,load_extrapolation
1,208,mlp,1,21,8.571428571428571,228.57142857142856,2258.167962393494,scale+thin,1,0.015419397344405006,10,81,91,load_extrapolation
1,208,mlp,2,21,8.571428571428571,228.57142857142856,2258.167962393494,none,1,0.021241843083808165,13,0,13,load_extrapolation
1,208,mlp,2,21,8.571428571428571,228.57142857142856,2258.167962393494,scale,1,0.01967636064059386,13,18,31,load_extrapolation
1,208,mlp,2,21,8.571428571428571,228.57142857142856,2258.167962393494,scale+thin,1,0.017593753308042803,13,75,88,load_extrapolation
1,208,mlp,3,21,8.571428571428571,228.57142857142856,2258.167962393494,none,1,0.021241843083808165,16,0,16,load_extrapolation
1,208,mlp,3,21,8.571428571428571,228.57142857142856,2258.167962393494,scale,1,0.01967636064059386,16,18,34,load_extrapolation
1,208,mlp,3,21,8.571428571428571,228.57142857142856,2258.167962393494,scale+thin,1,0.017593753308042803,16,75,91,load_extrapolation
1,208,mlp,1,22,8.571428571428571,244.28571428571428,2347.8753054507297,none,0,,10,0,10,load_extrapolation
1,208,mlp,1,22,8.571428571428571,244.28571428571428,2347.8753054507297,scale,1,0.07007851303552592,10,19,29,load_extrapolation
1,208,mlp,1,22,8.571428571428571,244.28571428571428,2347.8753054507297,scale+thin,1,0.047386427142242615,10,84,94,load_extrapolation
1,208,mlp,2,22,8.571428571428571,244.28571428571428,2347.8753054507297,none,1,0.026296042462484737,13,0,13,load_extrapolation
1,208,mlp,2,22,8.571428571428571,244.28571428571428,2347.8753054507297,scale,1,0.02476975695393091,13,18,31,load_extrapolation
1,208,mlp,2,22,8.571428571428571,244.28571428571428,2347.8753054507297,scale+thin,1,0.019576736106400094,13,76,89,load_extrapolation
1,208,mlp,3,22,8.571428571428571,244.28571428571428,2347.8753054507297,none,1,0.026296042462484737,16,0,16,load_extrapolation
1,208,mlp,3,22,8.571428571428571,244.28571428571428,2347.8753054507297,scale,1,0.02476975695393091,16,18,34,load_extrapolation
1,208,mlp,3,22,8.571428571428571,244.28571428571428,2347.8753054507297,scale+thin,1,0.019576736106400094,16,76,92,load_extrapolation
1,208,mlp,1,23,8.571428571428571,260.0,2454.6466970028446,none,0,,10,0,10,load_extrapolation
1,208,mlp,1,23,8.571428571428571,260.0,2454.6466970028446,scale,1,0.09129887209995058,10,19,29,load_extrapolation
1,208,mlp,1,23,8.571428571428571,260.0,2454.6466970028446,scale+thin,1,0.06390218540507275,10,86,96,load_extrapolation
1,208,mlp,2,23,8.571428571428571,260.0,2454.6466970028446,none,1,0.0250089100540003,13,0,13,load_extrapolation
1,208,mlp,2,23,8.571428571428571,260.0,2454.6466970028446,scale,1,0.02353142555935195,13,18,31,load_extrapolation
1,208,mlp,2,23,8.571428571428571,260.0,2454.6466970028446,scale+thin,1,0.013321998816193892,13,76,89,load_extrapolation
1,208,mlp,3,23,8.571428571428571,260.0,2454.6466970028446,none,1,0.0250089100540003,16,0,16,load_extrapolation
1,208,mlp,3,23,8.571428571428571,260.0,2454.6466970028446,scale,1,0.02353142555935195,16,18,34,load_extrapolation
1,208,mlp,3,23,8.571428571428571,260.0,2454.6466970028446,scale+thin,1,0.013321998816193892,16,76,92,load_extrapolation
1,208,mlp,1,24,9.857142857142858,150.0,2401.6635135318147,none,1,0.007098278780200307,9,0,9,load_extrapolation
1,208,mlp,1,24,9.857142857142858,150.0,2401.6635135318147,scale,1,0.006867785466871279,9,18,27,load_extrapolation
1,208,mlp,1,24,9.857142857142858,150.0,2401.6635135318147,scale+thin,1,-0.001029562826923347,9,77,86,load_extrapolation
1,208,mlp,2,24,9.857142857142858,150.0,2401.6635135318147,none,1,0.007098278780200307,12,0,12,load_extrapolation
1,208,mlp,2,24,9.857142857142858,150.0,2401.6635135318147,scale,1,0.006867785466871279,12,18,30,load_extrapolation
1,208,mlp,2,24,9.857142857142858,150.0,2401.6635135318147,scale+thin,1,-0.001029562826923347,12,77,89,load_extrapolation
1,208,mlp,3,24,9.857142857142858,150.0,2401.6635135318147,none,1,0.007098278780200307,15,0,15,load_extrapolation
1,208,mlp,3,24,9.857142857142858,150.0,2401.6635135318147,scale,1,0.006867785466871279,15,18,33,load_extrapolation
1,208,mlp,3,24,9.857142857142858,150.0,2401.6635135318147,scale+thin,1,-0.001029562826923347,15,77,92,load_extrapolation
1,208,mlp,1,25,9.857142857142858,165.71428571428572,2596.489349148936,none,0,,10,0,10,load_extrapolation
1,208,mlp,1,25,9.857142857142858,165.71428571428572,2596.489349148936,scale,1,0.03261546469088361,10,19,29,load_extrapolation
1,208,mlp,1,25,9.857142857142858,165.71428571428572,2596.489349148936,scale+thin,1,0.020603693884320373,10,81,91,load_extrapolation
1,208,mlp,2,25,9.857142857142858,165.71428571428572,2596.489349148936,none,1,0.022104189048255174,13,0,13,load_extrapolation
1,208,mlp,2,25,9.857142857142858,165.71428571428572,2596.489349148936,scale,1,0.020654268897889683,13,18,31,load_extrapolation
1,208,mlp,2,25,9.857142857142858,165.71428571428572,2596.489349148936,scale+thin,1,0.020654268897889683,13,58,71,load_extrapolation
1,208,mlp,3,25,9.857142857142858,165.71428571428572,2596.489349148936,none,1,0.022104189048255174,16,0,16,load_extrapolation
1,208,mlp,3,25,9.857142857142858,165.71428571428572,2596.489349148936,scale,1,0.020654268897889683,16,18,34,load_extrapolation
1,208,mlp,3,25,9.857142857142858,165.71428571428572,2596.489349148936,scale+thin,1,0.020654268897889683,16,58,74,load_extrapolation
1,208,mlp,1,26,9.857142857142858,181.42857142857144,2778.4364695846,none,0,,10,0,10,load_extrapolation
1,208,mlp,1,26,9.857142857142858,181.42857142857144,2778.4364695846,scale,1,0.05962658309828561,10,19,29,load_extrapolation
1,208,mlp,1,26,9.857142857142858,181.42857142857144,2778.4364695846,scale+thin,1,0.04383753469692553,10,84,94,load_extrapolation
1,208,mlp,2,26,9.857142857142858,181.42857142857144,2778.4364695846,none,1,0.014097038494750302,13,0,13,load_extrapolation
1,208,mlp,2,26,9.857142857142858,181.42857142857144,2778.4364695846,scale,1,0.012658476999459767,13,18,31,load_extrapolation
1,208,mlp,2,26,9.857142857142858,181.42857142857144,2778.4364695846,scale+thin,1,0.012658476999459767,13,58,71,load_extrapolation
1,208,mlp,3,26,9.857142857142858,181.42857142857144,2778.4364695846,none,1,0.014097038494750302,16,0,16,load_extrapolation
1,208,mlp,3,26,9.857142857142858,181.42857142857144,2778.4364695846,scale,1,0.012658476999459767,16,18,34,load_extrapolation
1,208,mlp,3,26,9.857142857142858,181.42857142857144,2778.4364695846,scale+thin,1,0.012658476999459767,16,58,74,load_extrapolation
1,208,mlp,1,27,9.857142857142858,197.14285714285717,2934.59017073786,none,0,,10,0,10,load_extrapolation
1,208,mlp,1,27,9.857142857142858,197.14285714285717,2934.59017073786,scale,1,0.09168786093199865,10,19,29,load_extrapolation
1,208,mlp,1,27,9.857142857142858,197.14285714285717,2934.59017073786,scale+thin,1,0.07336153057791339,10,86,96,load_extrapolation
1,208,mlp,2,27,9.857142857142858,197.14285714285717,2934.59017073786,none,1,0.013689344068487763,12,0,12,load_extrapolation
1,208,mlp,2,27,9.857142857142858,197.14285714285717,2934.59017073786,scale,1,0.013666142693433914,12,18,30,load_extrapolation
1,208,mlp,2,27,9.857142857142858,197.14285714285717,2934.59017073786,scale+thin,1,0.002166493148563653,12,77,89,load_extrapolation
1,208,mlp,3,27,9.857142857142858,197.14285714285717,2934.59017073786,none,1,0.013689344068487763,15,0,15,load_extrapolation
1,208,mlp,3,27,9.857142857142858,197.14285714285717,2934.59017073786,scale,1,0.013666142693433914,15,18,33,load_extrapolation
1,208,mlp,3,27,9.857142857142858,197.14285714285717,2934.59017073786,scale+thin,1,0.002166493148563653,15,77,92,load_extrapolation
1,208,mlp,1,28,9.857142857142858,212.8571428571429,3092.903946849261,none,0,,10,0,10,load_extrapolation
1,208,mlp,1,28,9.857142857142858,212.8571428571429,3092.903946849261,scale,1,0.1123703047093354,10,19,29,load_extrapolation
1,208,mlp,1,28,9.857142857142858,212.8571428571429,3092.903946849261,scale+thin,1,0.1123703047093354,10,72,82,load_extrapolation
1,208,mlp,2,28,9.857142857142858,212.8571428571429,3092.903946849261,none,1,0.02504441819092662,18,0,18,load_extrapolation
1,208,mlp,2,28,9.857142857142858,212.8571428571429,3092.903946849261,scale,1,0.02485673554406742,18,18,36,load_extrapolation
1,208,mlp,2,28,9.857142857142858,212.8571428571429,3092.903946849261,scale+thin,1,0.011054936820533046,18,79,97,load_extrapolation
1,208,mlp,3,28,9.857142857142858,212.8571428571429,3092.903946849261,none,1,0.02504441819092662,21,0,21,load_extrapolation
1,208,mlp,3,28,9.857142857142858,212.8571428571429,3092.903946849261,scale,1,0.02485673554406742,21,18,39,load_extrapolation
1,208,mlp,3,28,9.857142857142858,212.8571428571429,3092.903946849261,scale+thin,1,0.011054936820533046,21,79,100,load_extrapolation
1,208,mlp,1,29,9.857142857142858,228.57142857142856,3278.0505051710666,none,0,,10,0,10,load_extrapolation
1,208,mlp,1,29,9.857142857142858,228.57142857142856,3278.0505051710666,scale,1,0.12155595295112143,10,19,29,load_extrapolation
1,208,mlp,1,29,9.857142857142858,228.57142857142856,3278.0505051710666,scale+thin,1,0.12155595295112143,10,72,82,load_extrapolation
1,208,mlp,2,29,9.857142857142858,228.57142857142856,3278.0505051710666,none,1,0.03246538818480649,20,0,20,load_extrapolation
1,208,mlp,2,29,9.857142857142858,228.57142857142856,3278.0505051710666,scale,1,0.032276346779959386,20,18,38,load_extrapolation
1,208,mlp,2,29,9.857142857142858,228.57142857142856,3278.0505051710666,scale+thin,1,0.023109085132541507,20,80,100,load_extrapolation
1,208,mlp,3,29,9.857142857142858,228.57142857142856,3278.0505051710666,none,1,0.03246538818480649,23,0,23,load_extrapolation
1,208,mlp,3,29,9.857142857142858,228.57142857142856,3278.0505051710666,scale,1,0.032276346779959386,23,18,41,load_extrapolation
1,208,mlp,3,29,9.857142857142858,228.57142857142856,3278.0505051710666,scale+thin,1,0.023109085132541507,23,80,103,load_extrapolation
1,208,mlp,1,30,9.857142857142858,244.28571428571428,3503.3130527973344,none,0,,10,0,10,load_extrapolation
1,208,mlp,1,30,9.857142857142858,244.28571428571428,3503.3130527973344,scale,1,0.12182280860859063,10,19,29,load_extrapolation
1,208,mlp,1,30,9.857142857142858,244.28571428571428,3503.3130527973344,scale+thin,1,0.12182280860859063,10,74,84,load_extrapolation
1,208,mlp,2,30,9.857142857142858,244.28571428571428,3503.3130527973344,none,0,,20,0,20,load_extrapolation
1,208,mlp,2,30,9.857142857142858,244.28571428571428,3503.3130527973344,scale,1,0.031915907208182936,20,19,39,load_extrapolation
1,208,mlp,2,30,9.857142857142858,244.28571428571428,3503.3130527973344,scale+thin,1,0.0217658381531467,20,84,104,load_extrapolation
1,208,mlp,3,30,9.857142857142858,244.28571428571428,3503.3130527973344,none,1,0.2746625275396837,27,0,27,load_extrapolation
1,208,mlp,3,30,9.857142857142858,244.28571428571428,3503.3130527973344,scale,1,0.27419577491686864,27,18,45,load_extrapolation
1,208,mlp,3,30,9.857142857142858,244.28571428571428,3503.3130527973344,scale+thin,1,0.26084907224070264,27,80,107,load_extrapolation
1,208,mlp,1,31,9.857142857142858,260.0,3720.59576057169,none,0,,10,0,10,load_extrapolation
1,208,mlp,1,31,9.857142857142858,260.0,3720.59576057169,scale,1,0.1505081074280381,10,20,30,load_extrapolation
1,208,mlp,1,31,9.857142857142858,260.0,3720.59576057169,scale+thin,1,0.15050757228303469,10,60,70,load_extrapolation
1,208,mlp,2,31,9.857142857142858,260.0,3720.59576057169,none,0,,20,0,20,load_extrapolation
1,208,mlp,2,31,9.857142857142858,260.0,3720.59576057169,scale,1,0.033694163704714564,20,19,39,load_extrapolation
1,208,mlp,2,31,9.857142857142858,260.0,3720.59576057169,scale+thin,1,0.022515821707761008,20,86,106,load_extrapolation
1,208,mlp,3,31,9.857142857142858,260.0,3720.59576057169,none,1,0.2761707113414402,29,0,29,load_extrapolation
1,208,mlp,3,31,9.857142857142858,260.0,3720.59576057169,scale,1,0.2760246693721635,29,18,47,load_extrapolation
1,208,mlp,3,31,9.857142857142858,260.0,3720.59576057169,scale+thin,1,0.26155873069723556,29,82,111,load_extrapolation
1,208,mlp,1,32,11.142857142857142,150.0,3412.4966998531304,none,1,0.014234180275087605,3,0,3,load_extrapolation
1,208,mlp,1,32,11.142857142857142,150.0,3412.4966998531304,scale,1,0.013816371706223407,3,18,21,load_extrapolation
1,208,mlp,1,32,11.142857142857142,150.0,3412.4966998531304,scale+thin,1,0.01024193331340606,3,77,80,load_extrapolation
1,208,mlp,2,32,11.142857142857142,150.0,3412.4966998531304,none,1,0.014234180275087605,13,0,13,load_extrapolation
1,208,mlp,2,32,11.142857142857142,150.0,3412.4966998531304,scale,1,0.013816371706223407,13,18,31,load_extrapolation
1,208,mlp,2,32,11.142857142857142,150.0,3412.4966998531304,scale+thin,1,0.01024193331340606,13,77,90,load_extrapolation
1,208,mlp,3,32,11.142857142857142,150.0,3412.4966998531304,none,1,0.014234180275087605,16,0,16,load_extrapolation
1,208,mlp,3,32,11.142857142857142,150.0,3412.4966998531304,scale,1,0.013816371706223407,16,18,34,load_extrapolation
1,208,mlp,3,32,11.142857142857142,150.0,3412.4966998531304,scale+thin,1,0.01024193331340606,16,77,93,load_extrapolation
1,208,mlp,1,33,11.142857142857142,165.71428571428572,3681.539358959639,none,1,0.01931791525516835,9,0,9,load_extrapolation
1,208,mlp,1,33,11.142857142857142,165.71428571428572,3681.539358959639,scale,1,0.018967990258278444,9,18,27,load_extrapolation
1,208,mlp,1,33,11.142857142857142,165.71428571428572,3681.539358959639,scale+thin,1,0.018967990258278444,9,80,89,load_extrapolation
1,208,mlp,2,33,11.142857142857142,165.71428571428572,3681.539358959639,none,1,0.01931791525516835,19,0,19,load_extrapolation
1,208,mlp,2,33,11.142857142857142,165.71428571428572,3681.539358959639,scale,1,0.018967990258278444,19,18,37,load_extrapolation
1,208,mlp,2,33,11.142857142857142,165.71428571428572,3681.539358959639,scale+thin,1,0.018967990258278444,19,80,99,load_extrapolation
1,208,mlp,3,33,11.142857142857142,165.71428571428572,3681.539358959639,none,1,0.01931791525516835,22,0,22,load_extrapolation
1,208,mlp,3,33,11.142857142857142,165.71428571428572,3681.539358959639,scale,1,0.018967990258278444,22,18,40,load_extrapolation
1,208,mlp,3,33,11.142857142857142,165.71428571428572,3681.539358959639,scale+thin,1,0.018967990258278444,22,80,102,load_extrapolation
1,208,mlp,1,34,11.142857142857142,181.42857142857144,4001.813446814073,none,0,,10,0,10,load_extrapolation
1,208,mlp,1,34,11.142857142857142,181.42857142857144,4001.813446814073,scale,1,0.020778369542902686,10,19,29,load_extrapolation
1,208,mlp,1,34,11.142857142857142,181.42857142857144,4001.813446814073,scale+thin,1,0.020778369542902686,10,84,94,load_extrapolation
1,208,mlp,2,34,11.142857142857142,181.42857142857144,4001.813446814073,none,0,,20,0,20,load_extrapolation
1,208,mlp,2,34,11.142857142857142,181.42857142857144,4001.813446814073,scale,1,0.020778369542902686,20,19,39,load_extrapolation
1,208,mlp,2,34,11.142857142857142,181.42857142857144,4001.813446814073,scale+thin,1,0.020778369542902686,20,84,104,load_extrapolation
1,208,mlp,3,34,11.142857142857142,181.42857142857144,4001.813446814073,none,1,0.26946632893705424,27,0,27,load_extrapolation
1,208,mlp,3,34,11.142857142857142,181.42857142857144,4001.813446814073,scale,1,0.26937916309817256,27,18,45,load_extrapolation
1,208,mlp,3,34,11.142857142857142,181.42857142857144,4001.813446814073,scale+thin,1,0.26937916309817256,27,80,107,load_extrapolation
1,208,mlp,1,35,11.142857142857142,197.14285714285717,4332.975062229721,none,0,,10,0,10,load_extrapolation
1,208,mlp,1,35,11.142857142857142,197.14285714285717,4332.975062229721,scale,1,0.015714884947762853,10,19,29,load_extrapolation
1,208,mlp,1,35,11.142857142857142,197.14285714285717,4332.975062229721,scale+thin,1,0.015714884947762853,10,86,96,load_extrapolation
1,208,mlp,2,35,11.142857142857142,197.14285714285717,4332.975062229721,none,0,,20,0,20,load_extrapolation
1,208,mlp,2,35,11.142857142857142,197.14285714285717,4332.975062229721,scale,1,0.015714884947762853,20,19,39,load_extrapolation
1,208,mlp,2,35,11.142857142857142,197.14285714285717,4332.975062229721,scale+thin,1,0.015714884947762853,20,86,106,load_extrapolation
1,208,mlp,3,35,11.142857142857142,197.14285714285717,4332.975062229721,none,1,0.2630145237854309,30,0,30,load_extrapolation
1,208,mlp,3,35,11.142857142857142,197.14285714285717,4332.975062229721,scale,1,0.262667650305354,30,18,48,load_extrapolation
1,208,mlp,3,35,11.142857142857142,197.14285714285717,4332.975062229721,scale+thin,1,0.262667650305354,30,83,113,load_extrapolation
1,208,mlp,1,36,11.142857142857142,212.8571428571429,4658.140801057062,none,0,,10,0,10,load_extrapolation
1,208,mlp,1,36,11.142857142857142,212.8571428571429,4658.140801057062,scale,1,0.011708708845375781,10,19,29,load_extrapolation
1,208,mlp,1,36,11.142857142857142,212.8571428571429,4658.140801057062,scale+thin,1,0.011708708845375781,10,71,81,load_extrapolation
1,208,mlp,2,36,11.142857142857142,212.8571428571429,4658.140801057062,none,0,,20,0,20,load_extrapolation
1,208,mlp,2,36,11.142857142857142,212.8571428571429,4658.140801057062,scale,1,0.011708708845375781,20,19,39,load_extrapolation
1,208,mlp,2,36,11.142857142857142,212.8571428571429,4658.140801057062,scale+thin,1,0.011708708845375781,20,71,91,load_extrapolation
1,208,mlp,3,36,11.142857142857142,212.8571428571429,4658.140801057062,none,0,,30,0,30,load_extrapolation
1,208,mlp,3,36,11.142857142857142,212.8571428571429,4658.140801057062,scale,1,0.2567548662893471,30,19,49,load_extrapolation
1,208,mlp,3,36,11.142857142857142,212.8571428571429,4658.140801057062,scale+thin,1,0.2567548662893471,30,86,116,load_extrapolation
1,208,mlp,1,37,11.142857142857142,228.57142857142856,5137.886749115688,none,0,,10,0,10,load_extrapolation
1,208,mlp,1,37,11.142857142857142,228.57142857142856,5137.886749115688,scale,1,7.632546958902253e-07,10,19,29,load_extrapolation
1,208,mlp,1,37,11.142857142857142,228.57142857142856,5137.886749115688,scale+thin,1,7.632546958902253e-07,10,72,82,load_extrapolation
1,208,mlp,2,37,11.142857142857142,228.57142857142856,5137.886749115688,none,0,,20,0,20,load_extrapolation
1,208,mlp,2,37,11.142857142857142,228.57142857142856,5137.886749115688,scale,1,7.632546958902253e-07,20,19,39,load_extrapolation
1,208,mlp,2,37,11.142857142857142,228.57142857142856,5137.886749115688,scale+thin,1,7.632546958902253e-07,20,72,92,load_extrapolation
1,208,mlp,3,37,11.142857142857142,228.57142857142856,5137.886749115688,none,0,,30,0,30,load_extrapolation
1,208,mlp,3,37,11.142857142857142,228.57142857142856,5137.886749115688,scale,1,0.2174137946502781,30,19,49,load_extrapolation
1,208,mlp,3,37,11.142857142857142,228.57142857142856,5137.886749115688,scale+thin,1,0.2174137946502781,30,70,100,load_extrapolation
1,208,mlp,1,38,11.142857142857142,244.28571428571428,6871.433005819378,none,0,,10,0,10,load_extrapolation
1,208,mlp,1,38,11.142857142857142,244.28571428571428,6871.433005819378,scale,0,,10,9,19,load_extrapolation
1,208,mlp,1,38,11.142857142857142,244.28571428571428,6871.433005819378,scale+thin,0,,10,33,43,load_extrapolation
1,208,mlp,2,38,11.142857142857142,244.28571428571428,6871.433005819378,none,0,,20,0,20,load_extrapolation
1,208,mlp,2,38,11.142857142857142,244.28571428571428,6871.433005819378,scale,0,,20,9,29,load_extrapolation
1,208,mlp,2,38,11.142857142857142,244.28571428571428,6871.433005819378,scale+thin,0,,20,33,53,load_extrapolation
1,208,mlp,3,38,11.142857142857142,244.28571428571428,6871.433005819378,none,0,,30,0,30,load_extrapolation
1,208,mlp,3,38,11.142857142857142,244.28571428571428,6871.433005819378,scale,1,-2.8301044633249894e-05,30,20,50,load_extrapolation
1,208,mlp,3,38,11.142857142857142,244.28571428571428,6871.433005819378,scale+thin,1,-2.8828148628590178e-05,30,73,103,load_extrapolation
1,208,mlp,1,39,11.142857142857142,260.0,8337.065935629631,none,0,,10,0,10,load_extrapolation
1,208,mlp,1,39,11.142857142857142,260.0,8337.065935629631,scale,0,,10,9,19,load_extrapolation
1,208,mlp,1,39,11.142857142857142,260.0,8337.065935629631,scale+thin,0,,10,33,43,load_extrapolation
1,208,mlp,2,39,11.142857142857142,260.0,8337.065935629631,none,0,,20,0,20,load_extrapolation
1,208,mlp,2,39,11.142857142857142,260.0,8337.065935629631,scale,0,,20,9,29,load_extrapolation
1,208,mlp,2,39,11.142857142857142,260.0,8337.065935629631,scale+thin,0,,20,33,53,load_extrapolation
1,208,mlp,3,39,11.142857142857142,260.0,8337.065935629631,none,0,,30,0,30,load_extrapolation
1,208,mlp,3,39,11.142857142857142,260.0,8337.065935629631,scale,0,,30,9,39,load_extrapolation
1,208,mlp,3,39,11.142857142857142,260.0,8337.065935629631,scale+thin,0,,30,33,63,load_extrapolation
1,208,mlp,1,40,12.428571428571429,150.0,4886.521183652799,none,1,0.0015063692641243964,10,0,10,load_extrapolation
1,208,mlp,1,40,12.428571428571429,150.0,4886.521183652799,scale,1,0.001368838016147178,10,18,28,load_extrapolation
1,208,mlp,1,40,12.428571428571429,150.0,4886.521183652799,scale+thin,1,0.001368838016147178,10,85,95,load_extrapolation
1,208,mlp,2,40,12.428571428571429,150.0,4886.521183652799,none,1,0.0015063692641243964,20,0,20,load_extrapolation
1,208,mlp,2,40,12.428571428571429,150.0,4886.521183652799,scale,1,0.001368838016147178,20,18,38,load_extrapolation
1,208,mlp,2,40,12.428571428571429,150.0,4886.521183652799,scale+thin,1,0.001368838016147178,20,85,105,load_extrapolation
1,208,mlp,3,40,12.428571428571429,150.0,4886.521183652799,none,1,0.0015063692641243964,27,0,27,load_extrapolation
1,208,mlp,3,40,12.428571428571429,150.0,4886.521183652799,scale,1,0.001368838016147178,27,18,45,load_extrapolation
1,208,mlp,3,40,12.428571428571429,150.0,4886.521183652799,scale+thin,1,0.001368838016147178,27,85,112,load_extrapolation
1,208,mlp,1,41,12.428571428571429,165.71428571428572,5340.456835444255,none,0,,10,0,10,load_extrapolation
1,208,mlp,1,41,12.428571428571429,165.71428571428572,5340.456835444255,scale,1,0.18854351755678045,10,19,29,load_extrapolation
1,208,mlp,1,41,12.428571428571429,165.71428571428572,5340.456835444255,scale+thin,1,0.04079642113635096,10,72,82,load_extrapolation
1,208,mlp,2,41,12.428571428571429,165.71428571428572,5340.456835444255,none,0,,20,0,20,load_extrapolation
1,208,mlp,2,41,12.428571428571429,165.71428571428572,5340.456835444255,scale,1,0.18854351755678045,20,19,39,load_extrapolation
1,208,mlp,2,41,12.428571428571429,165.71428571428572,5340.456835444255,scale+thin,1,0.04079642113635096,20,72,92,load_extrapolation
1,208,mlp,3,41,12.428571428571429,165.71428571428572,5340.456835444255,none,1,0.24599339251479813,30,0,30,load_extrapolation
1,208,mlp,3,41,12.428571428571429,165.71428571428572,5340.456835444255,scale,1,0.2454230872780332,30,18,48,load_extrapolation
1,208,mlp,3,41,12.428571428571429,165.71428571428572,5340.456835444255,scale+thin,1,0.2454230872780332,30,85,115,load_extrapolation
1,208,mlp,1,42,12.428571428571429,181.42857142857144,7499.029230834781,none,0,,10,0,10,load_extrapolation
1,208,mlp,1,42,12.428571428571429,181.42857142857144,7499.029230834781,scale,0,,10,9,19,load_extrapolation
1,208,mlp,1,42,12.428571428571429,181.42857142857144,7499.029230834781,scale+thin,0,,10,33,43,load_extrapolation
1,208,mlp,2,42,12.428571428571429,181.42857142857144,7499.029230834781,none,0,,20,0,20,load_extrapolation
1,208,mlp,2,42,12.428571428571429,181.42857142857144,7499.029230834781,scale,0,,20,9,29,load_extrapolation
1,208,mlp,2,42,12.428571428571429,181.42857142857144,7499.029230834781,scale+thin,0,,20,33,53,load_extrapolation
1,208,mlp,3,42,12.428571428571429,181.42857142857144,7499.029230834781,none,0,,30,0,30,load_extrapolation
1,208,mlp,3,42,12.428571428571429,181.42857142857144,7499.029230834781,scale,1,-5.084524232201737e-06,30,20,50,load_extrapolation
1,208,mlp,3,42,12.428571428571429,181.42857142857144,7499.029230834781,scale+thin,1,-5.084524232201737e-06,30,73,103,load_extrapolation
1,208,mlp,1,43,12.428571428571429,197.14285714285717,9997.68170860264,none,0,,10,0,10,load_extrapolation
1,208,mlp,1,43,12.428571428571429,197.14285714285717,9997.68170860264,scale,0,,10,9,19,load_extrapolation
1,208,mlp,1,43,12.428571428571429,197.14285714285717,9997.68170860264,scale+thin,0,,10,33,43,load_extrapolation
1,208,mlp,2,43,12.428571428571429,197.14285714285717,9997.68170860264,none,0,,20,0,20,load_extrapolation
1,208,mlp,2,43,12.428571428571429,197.14285714285717,9997.68170860264,scale,0,,20,9,29,load_extrapolation
1,208,mlp,2,43,12.428571428571429,197.14285714285717,9997.68170860264,scale+thin,0,,20,33,53,load_extrapolation
1,208,mlp,3,43,12.428571428571429,197.14285714285717,9997.68170860264,none,0,,30,0,30,load_extrapolation
1,208,mlp,3,43,12.428571428571429,197.14285714285717,9997.68170860264,scale,0,,30,9,39,load_extrapolation
1,208,mlp,3,43,12.428571428571429,197.14285714285717,9997.68170860264,scale+thin,0,,30,33,63,load_extrapolation
1,208,mlp,1,44,12.428571428571429,212.8571428571429,12790.67961945902,none,0,,10,0,10,load_extrapolation
1,208,mlp,1,44,12.428571428571429,212.8571428571429,12790.67961945902,scale,0,,10,9,19,load_extrapolation
1,208,mlp,1,44,12.428571428571429,212.8571428571429,12790.67961945902,scale+thin,0,,10,33,43,load_extrapolation
1,208,mlp,2,44,12.428571428571429,212.8571428571429,12790.67961945902,none,0,,20,0,20,load_extrapolation
1,208,mlp,2,44,12.428571428571429,212.8571428571429,12790.67961945902,scale,0,,20,9,29,load_extrapolation
1,208,mlp,2,44,12.428571428571429,212.8571428571429,12790.67961945902,scale+thin,0,,20,33,53,load_extrapolation
1,208,mlp,3,44,12.428571428571429,212.8571428571429,12790.67961945902,none,0,,30,0,30,load_extrapolation
1,208,mlp,3,44,12.428571428571429,212.8571428571429,12790.67961945902,scale,0,,30,9,39,load_extrapolation
1,208,mlp,3,44,12.428571428571429,212.8571428571429,12790.67961945902,scale+thin,0,,30,33,63,load_extrapolation
1,208,mlp,1,45,13.714285714285715,150.0,11343.005436312367,none,0,,10,0,10,load_extrapolation
1,208,mlp,1,45,13.714285714285715,150.0,11343.005436312367,scale,0,,10,9,19,load_extrapolation
1,208,mlp,1,45,13.714285714285715,150.0,11343.005436312367,scale+thin,0,,10,33,43,load_extrapolation
1,208,mlp,2,45,13.714285714285715,150.0,11343.005436312367,none,0,,20,0,20,load_extrapolation
1,208,mlp,2,45,13.714285714285715,150.0,11343.005436312367,scale,0,,20,9,29,load_extrapolation
1,208,mlp,2,45,13.714285714285715,150.0,11343.005436312367,scale+thin,0,,20,33,53,load_extrapolation
1,208,mlp,3,45,13.714285714285715,150.0,11343.005436312367,none,0,,30,0,30,load_extrapolation
1,208,mlp,3,45,13.714285714285715,150.0,11343.005436312367,scale,0,,30,9,39,load_extrapolation
1,208,mlp,3,45,13.714285714285715,150.0,11343.005436312367,scale+thin,0,,30,33,63,load_extrapolation
1,208,mlp,1,46,13.714285714285715,165.71428571428572,15604.275186931443,none,0,,10,0,10,load_extrapolation
1,208,mlp,1,46,13.714285714285715,165.71428571428572,15604.275186931443,scale,0,,10,9,19,load_extrapolation
1,208,mlp,1,46,13.714285714285715,165.71428571428572,15604.275186931443,scale+thin,0,,10,33,43,load_extrapolation
1,208,mlp,2,46,13.714285714285715,165.71428571428572,15604.275186931443,none,0,,20,0,20,load_extrapolation
1,208,mlp,2,46,13.714285714285715,165.71428571428572,15604.275186931443,scale,0,,20,9,29,load_extrapolation
1,208,mlp,2,46,13.714285714285715,165.71428571428572,15604.275186931443,scale+thin,0,,20,33,53,load_extrapolation
1,208,mlp,3,46,13.714285714285715,165.71428571428572,15604.275186931443,none,0,,30,0,30,load_extrapolation
1,208,mlp,3,46,13.714285714285715,165.71428571428572,15604.275186931443,scale,0,,30,9,39,load_extrapolation
1,208,mlp,3,46,13.714285714285715,165.71428571428572,15604.275186931443,scale+thin,0,,30,33,63,load_extrapolation
2,208,knn,1,0,6.0,150.0,718.2839060185494,none,1,0.0043925524216914535,3,0,3,load_extrapolation
2,208,knn,1,0,6.0,150.0,718.2839060185494,scale,1,0.002026109678837429,3,18,21,load_extrapolation
2,208,knn,1,0,6.0,150.0,718.2839060185494,scale+thin,1,0.002026109678837429,3,55,58,load_extrapolation
2,208,knn,2,0,6.0,150.0,718.2839060185494,none,1,0.0043925524216914535,6,0,6,load_extrapolation
2,208,knn,2,0,6.0,150.0,718.2839060185494,scale,1,0.002026109678837429,6,18,24,load_extrapolation
2,208,knn,2,0,6.0,150.0,718.2839060185494,scale+thin,1,0.002026109678837429,6,55,61,load_extrapolation
2,208,knn,3,0,6.0,150.0,718.2839060185494,none,1,0.0043925524216914535,9,0,9,load_extrapolation
2,208,knn,3,0,6.0,150.0,718.2839060185494,scale,1,0.002026109678837429,9,18,27,load_extrapolation
2,208,knn,3,0,6.0,150.0,718.2839060185494,scale+thin,1,0.002026109678837429,9,55,64,load_extrapolation
2,208,knn,1,1,6.0,165.71428571428572,766.0869680124856,none,1,0.005899737689426754,3,0,3,load_extrapolation
2,208,knn,1,1,6.0,165.71428571428572,766.0869680124856,scale,1,0.005301223080903528,3,18,21,load_extrapolation
2,208,knn,1,1,6.0,165.71428571428572,766.0869680124856,scale+thin,1,0.005301223080903528,3,55,58,load_extrapolation
2,208,knn,2,1,6.0,165.71428571428572,766.0869680124856,none,1,0.005899737689426754,6,0,6,load_extrapolation
2,208,knn,2,1,6.0,165.71428571428572,766.0869680124856,scale,1,0.005301223080903528,6,18,24,load_extrapolation
2,208,knn,2,1,6.0,165.71428571428572,766.0869680124856,scale+thin,1,0.005301223080903528,6,55,61,load_extrapolation
2,208,knn,3,1,6.0,165.71428571428572,766.0869680124856,none,1,0.005899737689426754,9,0,9,load_extrapolation
2,208,knn,3,1,6.0,165.71428571428572,766.0869680124856,scale,1,0.005301223080903528,9,18,27,load_extrapolation
2,208,knn,3,1,6.0,165.71428571428572,766.0869680124856,scale+thin,1,0.005301223080903528,9,55,64,load_extrapolation
2,208,knn,1,2,6.0,181.42857142857144,809.0128740060688,none,1,-0.00037547177152053024,2,0,2,load_extrapolation
2,208,knn,1,2,6.0,181.42857142857144,809.0128740060688,scale,1,-0.0012447071354608763,2,18,20,load_extrapolation
2,208,knn,1,2,6.0,181.42857142857144,809.0128740060688,scale+thin,1,-0.0012447071354608763,2,55,57,load_extrapolation
2,208,knn,2,2,6.0,181.42857142857144,809.0128740060688,none,1,-0.00037547177152053024,5,0,5,load_extrapolation
2,208,knn,2,2,6.0,181.42857142857144,809.0128740060688,scale,1,-0.0012447071354608763,5,18,23,load_extrapolation
2,208,knn,2,2,6.0,181.42857142857144,809.0128740060688,scale+thin,1,-0.0012447071354608763,5,55,60,load_extrapolation
2,208,knn,3,2,6.0,181.42857142857144,809.0128740060688,none,1,-0.00037547177152053024,8,0,8,load_extrapolation
2,208,knn,3,2,6.0,181.42857142857144,809.0128740060688,scale,1,-0.0012447071354608763,8,18,26,load_extrapolation
2,208,knn,3,2,6.0,181.42857142857144,809.0128740060688,scale+thin,1,-0.0012447071354608763,8,55,63,load_extrapolation
2,208,knn,1,3,6.0,197.14285714285717,854.6554477993761,none,1,-0.003599973421674285,3,0,3,load_extrapolation
2,208,knn,1,3,6.0,197.14285714285717,854.6554477993761,scale,1,-0.004352422274250811,3,18,21,load_extrapolation
2,208,knn,1,3,6.0,197.14285714285717,854.6554477993761,scale+thin,1,-0.004352422274250811,3,55,58,load_extrapolation
2,208,knn,2,3,6.0,197.14285714285717,854.6554477993761,none,1,-0.003599973421674285,7,0,7,load_extrapolation
2,208,knn,2,3,6.0,197.14285714285717,854.6554477993761,scale,1,-0.004352422274250811,7,18,25,load_extrapolation
2,208,knn,2,3,6.0,197.14285714285717,854.6554477993761,scale+thin,1,-0.004352422274250811,7,55,62,load_extrapolation
2,208,knn,3,3,6.0,197.14285714285717,854.6554477993761,none,1,-0.003599973421674285,10,0,10,load_extrapolation
2,208,knn,3,3,6.0,197.14285714285717,854.6554477993761,scale,1,-0.004352422274250811,10,18,28,load_extrapolation
2,208,knn,3,3,6.0,197.14285714285717,854.6554477993761,scale+thin,1,-0.004352422274250811,10,55,65,load_extrapolation
2,208,knn,1,4,6.0,212.8571428571429,895.7569021904145,none,1,-0.0024004556614433126,3,0,3,load_extrapolation
2,208,knn,1,4,6.0,212.8571428571429,895.7569021904145,scale,1,-0.003267930176625633,3,18,21,load_extrapolation
2,208,knn,1,4,6.0,212.8571428571429,895.7569021904145,scale+thin,1,-0.003267930176625633,3,55,58,load_extrapolation
2,208,knn,2,4,6.0,212.8571428571429,895.7569021904145,none,1,-0.0024004556614433126,7,0,7,load_extrapolation
2,208,knn,2,4,6.0,212.8571428571429,895.7569021904145,scale,1,-0.003267930176625633,7,18,25,load_extrapolation
2,208,knn,2,4,6.0,212.8571428571429,895.7569021904145,scale+thin,1,-0.003267930176625633,7,55,62,load_extrapolation
2,208,knn,3,4,6.0,212.8571428571429,895.7569021904145,none,1,-0.0024004556614433126,10,0,10,load_extrapolation
2,208,knn,3,4,6.0,212.8571428571429,895.7569021904145,scale,1,-0.003267930176625633,10,18,28,load_extrapolation
2,208,knn,3,4,6.0,212.8571428571429,895.7569021904145,scale+thin,1,-0.003267930176625633,10,55,65,load_extrapolation
2,208,knn,1,5,6.0,228.57142857142856,927.0052988628717,none,1,0.009229643826486278,3,0,3,load_extrapolation
2,208,knn,1,5,6.0,228.57142857142856,927.0052988628717,scale,1,0.007359456929871833,3,18,21,load_extrapolation
2,208,knn,1,5,6.0,228.57142857142856,927.0052988628717,scale+thin,1,0.007359456929871833,3,55,58,load_extrapolation
2,208,knn,2,5,6.0,228.57142857142856,927.0052988628717,none,1,0.009229643826486278,6,0,6,load_extrapolation
2,208,knn,2,5,6.0,228.57142857142856,927.0052988628717,scale,1,0.007359456929871833,6,18,24,load_extrapolation
2,208,knn,2,5,6.0,228.57142857142856,927.0052988628717,scale+thin,1,0.007359456929871833,6,55,61,load_extrapolation
2,208,knn,3,5,6.0,228.57142857142856,927.0052988628717,none,1,0.009229643826486278,9,0,9,load_extrapolation
2,208,knn,3,5,6.0,228.57142857142856,927.0052988628717,scale,1,0.007359456929871833,9,18,27,load_extrapolation
2,208,knn,3,5,6.0,228.57142857142856,927.0052988628717,scale+thin,1,0.007359456929871833,9,55,64,load_extrapolation
2,208,knn,1,6,6.0,244.28571428571428,968.4098952439792,none,1,0.008051735599317267,3,0,3,load_extrapolation
2,208,knn,1,6,6.0,244.28571428571428,968.4098952439792,scale,1,0.005814947891918276,3,18,21,load_extrapolation
2,208,knn,1,6,6.0,244.28571428571428,968.4098952439792,scale+thin,1,0.005814947891918276,3,55,58,load_extrapolation
2,208,knn,2,6,6.0,244.28571428571428,968.4098952439792,none,1,0.008051735599317267,6,0,6,load_extrapolation
2,208,knn,2,6,6.0,244.28571428571428,968.4098952439792,scale,1,0.005814947891918276,6,18,24,load_extrapolation
2,208,knn,2,6,6.0,244.28571428571428,968.4098952439792,scale+thin,1,0.005814947891918276,6,55,61,load_extrapolation
2,208,knn,3,6,6.0,244.28571428571428,968.4098952439792,none,1,0.008051735599317267,9,0,9,load_extrapolation
2,208,knn,3,6,6.0,244.28571428571428,968.4098952439792,scale,1,0.005814947891918276,9,18,27,load_extrapolation
2,208,knn,3,6,6.0,244.28571428571428,968.4098952439792,scale+thin,1,0.005814947891918276,9,55,64,load_extrapolation
2,208,knn,1,7,6.0,260.0,1013.7382545756694,none,1,0.00046303309299777773,5,0,5,load_extrapolation
2,208,knn,1,7,6.0,260.0,1013.7382545756694,scale,1,-0.00020092137838134683,5,18,23,load_extrapolation
2,208,knn,1,7,6.0,260.0,1013.7382545756694,scale+thin,1,-0.00020092137838134683,5,56,61,load_extrapolation
2,208,knn,2,7,6.0,260.0,1013.7382545756694,none,1,0.00046303309299777773,7,0,7,load_extrapolation
2,208,knn,2,7,6.0,260.0,1013.7382545756694,scale,1,-0.00020092137838134683,7,18,25,load_extrapolation
2,208,knn,2,7,6.0,260.0,1013.7382545756694,scale+thin,1,-0.00020092137838134683,7,56,63,load_extrapolation
2,208,knn,3,7,6.0,260.0,1013.7382545756694,none,1,0.00046303309299777773,10,0,10,load_extrapolation
2,208,knn,3,7,6.0,260.0,1013.7382545756694,scale,1,-0.00020092137838134683,10,18,28,load_extrapolation
2,208,knn,3,7,6.0,260.0,1013.7382545756694,scale+thin,1,-0.00020092137838134683,10,56,66,load_extrapolation
2,208,knn,1,8,7.285714285714286,150.0,1153.3708205133214,none,1,-0.00730459282722995,3,0,3,load_extrapolation
2,208,knn,1,8,7.285714285714286,150.0,1153.3708205133214,scale,1,-0.008235935063467203,3,18,21,load_extrapolation
2,208,knn,1,8,7.285714285714286,150.0,1153.3708205133214,scale+thin,1,-0.008235935063467203,3,55,58,load_extrapolation
2,208,knn,2,8,7.285714285714286,150.0,1153.3708205133214,none,1,-0.00730459282722995,6,0,6,load_extrapolation
2,208,knn,2,8,7.285714285714286,150.0,1153.3708205133214,scale,1,-0.008235935063467203,6,18,24,load_extrapolation
2,208,knn,2,8,7.285714285714286,150.0,1153.3708205133214,scale+thin,1,-0.008235935063467203,6,55,61,load_extrapolation
2,208,knn,3,8,7.285714285714286,150.0,1153.3708205133214,none,1,-0.00730459282722995,9,0,9,load_extrapolation
2,208,knn,3,8,7.285714285714286,150.0,1153.3708205133214,scale,1,-0.008235935063467203,9,18,27,load_extrapolation
2,208,knn,3,8,7.285714285714286,150.0,1153.3708205133214,scale+thin,1,-0.008235935063467203,9,55,64,load_extrapolation
2,208,knn,1,9,7.285714285714286,165.71428571428572,1218.9044722408655,none,1,-0.0012132374938456092,4,0,4,load_extrapolation
2,208,knn,1,9,7.285714285714286,165.71428571428572,1218.9044722408655,scale,1,-0.002721455068927625,4,18,22,load_extrapolation
2,208,knn,1,9,7.285714285714286,165.71428571428572,1218.9044722408655,scale+thin,1,-0.002721455068927625,4,55,59,load_extrapolation
2,208,knn,2,9,7.285714285714286,165.71428571428572,1218.9044722408655,none,1,-0.0012132374938456092,7,0,7,load_extrapolation
2,208,knn,2,9,7.285714285714286,165.71428571428572,1218.9044722408655,scale,1,-0.002721455068927625,7,18,25,load_extrapolation
2,208,knn,2,9,7.285714285714286,165.71428571428572,1218.9044722408655,scale+thin,1,-0.002721455068927625,7,55,62,load_extrapolation
2,208,knn,3,9,7.285714285714286,165.71428571428572,1218.9044722408655,none,1,-0.0012132374938456092,10,0,10,load_extrapolation
2,208,knn,3,9,7.285714285714286,165.71428571428572,1218.9044722408655,scale,1,-0.002721455068927625,10,18,28,load_extrapolation
2,208,knn,3,9,7.285714285714286,165.71428571428572,1218.9044722408655,scale+thin,1,-0.002721455068927625,10,55,65,load_extrapolation
2,208,knn,1,10,7.285714285714286,181.42857142857144,1289.0609260869776,none,1,0.033475344276634234,3,0,3,load_extrapolation
2,208,knn,1,10,7.285714285714286,181.42857142857144,1289.0609260869776,scale,1,0.03191474522169613,3,18,21,load_extrapolation
2,208,knn,1,10,7.285714285714286,181.42857142857144,1289.0609260869776,scale+thin,1,0.03191474522169613,3,55,58,load_extrapolation
2,208,knn,2,10,7.285714285714286,181.42857142857144,1289.0609260869776,none,1,0.003699424839306742,6,0,6,load_extrapolation
2,208,knn,2,10,7.285714285714286,181.42857142857144,1289.0609260869776,scale,1,0.0033089242648118855,6,18,24,load_extrapolation
2,208,knn,2,10,7.285714285714286,181.42857142857144,1289.0609260869776,scale+thin,1,0.0033089242648118855,6,56,62,load_extrapolation
2,208,knn,3,10,7.285714285714286,181.42857142857144,1289.0609260869776,none,1,0.003699424839306742,9,0,9,load_extrapolation
2,208,knn,3,10,7.285714285714286,181.42857142857144,1289.0609260869776,scale,1,0.0033089242648118855,9,18,27,load_extrapolation
2,208,knn,3,10,7.285714285714286,181.42857142857144,1289.0609260869776,scale+thin,1,0.0033089242648118855,9,56,65,load_extrapolation
2,208,knn,1,11,7.285714285714286,197.14285714285717,1353.7155222893743,none,1,0.034156791747500304,3,0,3,load_extrapolation
2,208,knn,1,11,7.285714285714286,197.14285714285717,1353.7155222893743,scale,1,0.032618815900852915,3,18,21,load_extrapolation
2,208,knn,1,11,7.285714285714286,197.14285714285717,1353.7155222893743,scale+thin,1,0.032618815900852915,3,55,58,load_extrapolation
2,208,knn,2,11,7.285714285714286,197.14285714285717,1353.7155222893743,none,1,0.008199266475866995,6,0,6,load_extrapolation
2,208,knn,2,11,7.285714285714286,197.14285714285717,1353.7155222893743,scale,1,0.006031303299224966,6,18,24,load_extrapolation
2,208,knn,2,11,7.285714285714286,197.14285714285717,1353.7155222893743,scale+thin,1,0.006031303299224966,6,56,62,load_extrapolation
2,208,knn,3,11,7.285714285714286,197.14285714285717,1353.7155222893743,none,1,0.008199266475866995,9,0,9,load_extrapolation
2,208,knn,3,11,7.285714285714286,197.14285714285717,1353.7155222893743,scale,1,0.006031303299224966,9,18,27,load_extrapolation
2,208,knn,3,11,7.285714285714286,197.14285714285717,1353.7155222893743,scale+thin,1,0.006031303299224966,9,56,65,load_extrapolation
2,208,knn,1,12,7.285714285714286,212.8571428571429,1426.808505633445,none,1,0.027359195372193668,3,0,3,load_extrapolation
2,208,knn,1,12,7.285714285714286,212.8571428571429,1426.808505633445,scale,1,0.025831328765387518,3,18,21,load_extrapolation
2,208,knn,1,12,7.285714285714286,212.8571428571429,1426.808505633445,scale+thin,1,0.025831328765387518,3,55,58,load_extrapolation
2,208,knn,2,12,7.285714285714286,212.8571428571429,1426.808505633445,none,1,0.0037726062509086944,6,0,6,load_extrapolation
2,208,knn,2,12,7.285714285714286,212.8571428571429,1426.808505633445,scale,1,0.0013387829903406256,6,18,24,load_extrapolation
2,208,knn,2,12,7.285714285714286,212.8571428571429,1426.808505633445,scale+thin,1,0.0013387829903406256,6,57,63,load_extrapolation
2,208,knn,3,12,7.285714285714286,212.8571428571429,1426.808505633445,none,1,0.0037726062509086944,9,0,9,load_extrapolation
2,208,knn,3,12,7.285714285714286,212.8571428571429,1426.808505633445,scale,1,0.0013387829903406256,9,18,27,load_extrapolation
2,208,knn,3,12,7.285714285714286,212.8571428571429,1426.808505633445,scale+thin,1,0.0013387829903406256,9,57,66,load_extrapolation
2,208,knn,1,13,7.285714285714286,228.57142857142856,1481.0244610123186,none,1,0.03296842670398181,3,0,3,load_extrapolation
2,208,knn,1,13,7.285714285714286,228.57142857142856,1481.0244610123186,scale,1,0.031597601084968785,3,18,21,load_extrapolation
2,208,knn,1,13,7.285714285714286,228.57142857142856,1481.0244610123186,scale+thin,1,0.031597601084968785,3,55,58,load_extrapolation
2,208,knn,2,13,7.285714285714286,228.57142857142856,1481.0244610123186,none,1,0.010050033374195078,7,0,7,load_extrapolation
2,208,knn,2,13,7.285714285714286,228.57142857142856,1481.0244610123186,scale,1,0.008501707084273002,7,18,25,load_extrapolation
2,208,knn,2,13,7.285714285714286,228.57142857142856,1481.0244610123186,scale+thin,1,0.008501707084273002,7,57,64,load_extrapolation
2,208,knn,3,13,7.285714285714286,228.57142857142856,1481.0244610123186,none,1,0.010050033374195078,9,0,9,load_extrapolation
2,208,knn,3,13,7.285714285714286,228.57142857142856,1481.0244610123186,scale,1,0.008501707084273002,9,18,27,load_extrapolation
2,208,knn,3,13,7.285714285714286,228.57142857142856,1481.0244610123186,scale+thin,1,0.008501707084273002,9,57,66,load_extrapolation
2,208,knn,1,14,7.285714285714286,244.28571428571428,1543.6092503419804,none,1,0.0319064498426862,3,0,3,load_extrapolation
2,208,knn,1,14,7.285714285714286,244.28571428571428,1543.6092503419804,scale,1,0.03034821989619796,3,18,21,load_extrapolation
2,208,knn,1,14,7.285714285714286,244.28571428571428,1543.6092503419804,scale+thin,1,0.03034821989619796,3,56,59,load_extrapolation
2,208,knn,2,14,7.285714285714286,244.28571428571428,1543.6092503419804,none,1,0.010260649447710657,7,0,7,load_extrapolation
2,208,knn,2,14,7.285714285714286,244.28571428571428,1543.6092503419804,scale,1,0.008712000300115319,7,18,25,load_extrapolation
2,208,knn,2,14,7.285714285714286,244.28571428571428,1543.6092503419804,scale+thin,1,0.008712000300115319,7,58,65,load_extrapolation
2,208,knn,3,14,7.285714285714286,244.28571428571428,1543.6092503419804,none,1,0.010260649447710657,10,0,10,load_extrapolation
2,208,knn,3,14,7.285714285714286,244.28571428571428,1543.6092503419804,scale,1,0.008712000300115319,10,18,28,load_extrapolation
2,208,knn,3,14,7.285714285714286,244.28571428571428,1543.6092503419804,scale+thin,1,0.008712000300115319,10,58,68,load_extrapolation
2,208,knn,1,15,7.285714285714286,260.0,1618.4847454305025,none,1,0.02237391145426959,3,0,3,load_extrapolation
2,208,knn,1,15,7.285714285714286,260.0,1618.4847454305025,scale,1,0.020526124847323635,3,18,21,load_extrapolation
2,208,knn,1,15,7.285714285714286,260.0,1618.4847454305025,scale+thin,1,0.020526124847323635,3,56,59,load_extrapolation
2,208,knn,2,15,7.285714285714286,260.0,1618.4847454305025,none,1,0.001977165427374139,7,0,7,load_extrapolation
2,208,knn,2,15,7.285714285714286,260.0,1618.4847454305025,scale,1,0.0004412142013241471,7,18,25,load_extrapolation
2,208,knn,2,15,7.285714285714286,260.0,1618.4847454305025,scale+thin,1,0.0004412142013241471,7,58,65,load_extrapolation
2,208,knn,3,15,7.285714285714286,260.0,1618.4847454305025,none,1,0.001977165427374139,10,0,10,load_extrapolation
2,208,knn,3,15,7.285714285714286,260.0,1618.4847454305025,scale,1,0.0004412142013241471,10,18,28,load_extrapolation
2,208,knn,3,15,7.285714285714286,260.0,1618.4847454305025,scale+thin,1,0.0004412142013241471,10,58,68,load_extrapolation
2,208,knn,1,16,8.571428571428571,150.0,1686.3433188884542,none,1,0.04642718391270173,3,0,3,load_extrapolation
2,208,knn,1,16,8.571428571428571,150.0,1686.3433188884542,scale,1,0.044918826352250196,3,18,21,load_extrapolation
2,208,knn,1,16,8.571428571428571,150.0,1686.3433188884542,scale+thin,1,0.044918826352250196,3,55,58,load_extrapolation
2,208,knn,2,16,8.571428571428571,150.0,1686.3433188884542,none,1,0.010274684953327062,7,0,7,load_extrapolation
2,208,knn,2,16,8.571428571428571,150.0,1686.3433188884542,scale,1,0.00874912004527495,7,18,25,load_extrapolation
2,208,knn,2,16,8.571428571428571,150.0,1686.3433188884542,scale+thin,1,0.00874912004527495,7,57,64,load_extrapolation
2,208,knn,3,16,8.571428571428571,150.0,1686.3433188884542,none,1,0.010274684953327062,10,0,10,load_extrapolation
2,208,knn,3,16,8.571428571428571,150.0,1686.3433188884542,scale,1,0.00874912004527495,10,18,28,load_extrapolation
2,208,knn,3,16,8.571428571428571,150.0,1686.3433188884542,scale+thin,1,0.00874912004527495,10,57,67,load_extrapolation
2,208,knn,1,17,8.571428571428571,165.71428571428572,1809.7430894999927,none,1,0.03336677131208465,3,0,3,load_extrapolation
2,208,knn,1,17,8.571428571428571,165.71428571428572,1809.7430894999927,scale,1,0.03185360479680455,3,18,21,load_extrapolation
2,208,knn,1,17,8.571428571428571,165.71428571428572,1809.7430894999927,scale+thin,1,0.03185360479680455,3,56,59,load_extrapolation
2,208,knn,2,17,8.571428571428571,165.71428571428572,1809.7430894999927,none,1,0.0001808351803977981,7,0,7,load_extrapolation
2,208,knn,2,17,8.571428571428571,165.71428571428572,1809.7430894999927,scale,1,-0.000368505110813655,7,18,25,load_extrapolation
2,208,knn,2,17,8.571428571428571,165.71428571428572,1809.7430894999927,scale+thin,1,-0.000368505110813655,7,58,65,load_extrapolation
2,208,knn,3,17,8.571428571428571,165.71428571428572,1809.7430894999927,none,1,0.0001808351803977981,10,0,10,load_extrapolation
2,208,knn,3,17,8.571428571428571,165.71428571428572,1809.7430894999927,scale,1,-0.000368505110813655,10,18,28,load_extrapolation
2,208,knn,3,17,8.571428571428571,165.71428571428572,1809.7430894999927,scale+thin,1,-0.000368505110813655,10,58,68,load_extrapolation
2,208,knn,1,18,8.571428571428571,181.42857142857144,1926.769836691324,none,1,0.02373690501390091,3,0,3,load_extrapolation
2,208,knn,1,18,8.571428571428571,181.42857142857144,1926.769836691324,scale,1,0.02219101148550906,3,18,21,load_extrapolation
2,208,knn,1,18,8.571428571428571,181.42857142857144,1926.769836691324,scale+thin,1,0.02219101148550906,3,56,59,load_extrapolation
2,208,knn,2,18,8.571428571428571,181.42857142857144,1926.769836691324,none,1,-0.00541899484829933,8,0,8,load_extrapolation
2,208,knn,2,18,8.571428571428571,181.42857142857144,1926.769836691324,scale,1,-0.006443117945823196,8,18,26,load_extrapolation
2,208,knn,2,18,8.571428571428571,181.42857142857144,1926.769836691324,scale+thin,1,-0.007564863527609544,8,76,84,load_extrapolation
2,208,knn,3,18,8.571428571428571,181.42857142857144,1926.769836691324,none,1,-0.00541899484829933,11,0,11,load_extrapolation
2,208,knn,3,18,8.571428571428571,181.42857142857144,1926.769836691324,scale,1,-0.006443117945823196,11,18,29,load_extrapolation
2,208,knn,3,18,8.571428571428571,181.42857142857144,1926.769836691324,scale+thin,1,-0.007564863527609544,11,76,87,load_extrapolation
2,208,knn,1,19,8.571428571428571,197.14285714285717,2004.21381384588,none,1,0.03370705168424304,5,0,5,load_extrapolation
2,208,knn,1,19,8.571428571428571,197.14285714285717,2004.21381384588,scale,1,0.03219338689392681,5,18,23,load_extrapolation
2,208,knn,1,19,8.571428571428571,197.14285714285717,2004.21381384588,scale+thin,1,0.03219338689392681,5,56,61,load_extrapolation
2,208,knn,2,19,8.571428571428571,197.14285714285717,2004.21381384588,none,1,0.007160138757729362,10,0,10,load_extrapolation
2,208,knn,2,19,8.571428571428571,197.14285714285717,2004.21381384588,scale,1,0.0062843507142820165,10,18,28,load_extrapolation
2,208,knn,2,19,8.571428571428571,197.14285714285717,2004.21381384588,scale+thin,1,0.0062843507142820165,10,77,87,load_extrapolation
2,208,knn,3,19,8.571428571428571,197.14285714285717,2004.21381384588,none,1,0.007160138757729362,13,0,13,load_extrapolation
2,208,knn,3,19,8.571428571428571,197.14285714285717,2004.21381384588,scale,1,0.0062843507142820165,13,18,31,load_extrapolation
2,208,knn,3,19,8.571428571428571,197.14285714285717,2004.21381384588,scale+thin,1,0.0062843507142820165,13,77,90,load_extrapolation
2,208,knn,1,20,8.571428571428571,212.8571428571429,2119.4215005582246,none,1,0.03295125231923168,5,0,5,load_extrapolation
2,208,knn,1,20,8.571428571428571,212.8571428571429,2119.4215005582246,scale,1,0.032242102736531386,5,18,23,load_extrapolation
2,208,knn,1,20,8.571428571428571,212.8571428571429,2119.4215005582246,scale+thin,1,0.032242102736531386,5,57,62,load_extrapolation
2,208,knn,2,20,8.571428571428571,212.8571428571429,2119.4215005582246,none,1,0.006447608234171565,10,0,10,load_extrapolation
2,208,knn,2,20,8.571428571428571,212.8571428571429,2119.4215005582246,scale,1,0.006194230849400073,10,18,28,load_extrapolation
2,208,knn,2,20,8.571428571428571,212.8571428571429,2119.4215005582246,scale+thin,1,0.0028935188237095844,10,79,89,load_extrapolation
2,208,knn,3,20,8.571428571428571,212.8571428571429,2119.4215005582246,none,1,0.006447608234171565,13,0,13,load_extrapolation
2,208,knn,3,20,8.571428571428571,212.8571428571429,2119.4215005582246,scale,1,0.006194230849400073,13,18,31,load_extrapolation
2,208,knn,3,20,8.571428571428571,212.8571428571429,2119.4215005582246,scale+thin,1,0.0028935188237095844,13,79,92,load_extrapolation
2,208,knn,1,21,8.571428571428571,228.57142857142856,2258.167962393494,none,1,0.01293812017949425,5,0,5,load_extrapolation
2,208,knn,1,21,8.571428571428571,228.57142857142856,2258.167962393494,scale,1,0.012474486970901033,5,18,23,load_extrapolation
2,208,knn,1,21,8.571428571428571,228.57142857142856,2258.167962393494,scale+thin,1,0.01234006614188532,5,75,80,load_extrapolation
2,208,knn,2,21,8.571428571428571,228.57142857142856,2258.167962393494,none,1,-0.0013874763772196985,15,0,15,load_extrapolation
2,208,knn,2,21,8.571428571428571,228.57142857142856,2258.167962393494,scale,1,-0.0017302933521723407,15,18,33,load_extrapolation
2,208,knn,2,21,8.571428571428571,228.57142857142856,2258.167962393494,scale+thin,1,-0.0017302933521723407,15,80,95,load_extrapolation
2,208,knn,3,21,8.571428571428571,228.57142857142856,2258.167962393494,none,1,-0.0013874763772196985,20,0,20,load_extrapolation
2,208,knn,3,21,8.571428571428571,228.57142857142856,2258.167962393494,scale,1,-0.0017302933521723407,20,18,38,load_extrapolation
2,208,knn,3,21,8.571428571428571,228.57142857142856,2258.167962393494,scale+thin,1,-0.0017302933521723407,20,80,100,load_extrapolation
2,208,knn,1,22,8.571428571428571,244.28571428571428,2347.8753054507297,none,1,0.015107383478595304,5,0,5,load_extrapolation
2,208,knn,1,22,8.571428571428571,244.28571428571428,2347.8753054507297,scale,1,0.014805364412351807,5,18,23,load_extrapolation
2,208,knn,1,22,8.571428571428571,244.28571428571428,2347.8753054507297,scale+thin,1,0.01063352937891704,5,76,81,load_extrapolation
2,208,knn,2,22,8.571428571428571,244.28571428571428,2347.8753054507297,none,1,0.015107383478595304,15,0,15,load_extrapolation
2,208,knn,2,22,8.571428571428571,244.28571428571428,2347.8753054507297,scale,1,0.014805364412351807,15,18,33,load_extrapolation
2,208,knn,2,22,8.571428571428571,244.28571428571428,2347.8753054507297,scale+thin,1,0.01063352937891704,15,76,91,load_extrapolation
2,208,knn,3,22,8.571428571428571,244.28571428571428,2347.8753054507297,none,1,0.015107383478595304,20,0,20,load_extrapolation
2,208,knn,3,22,8.571428571428571,244.28571428571428,2347.8753054507297,scale,1,0.014805364412351807,20,18,38,load_extrapolation
2,208,knn,3,22,8.571428571428571,244.28571428571428,2347.8753054507297,scale+thin,1,0.01063352937891704,20,76,96,load_extrapolation
2,208,knn,1,23,8.571428571428571,260.0,2454.6466970028446,none,1,0.009250420025610051,5,0,5,load_extrapolation
2,208,knn,1,23,8.571428571428571,260.0,2454.6466970028446,scale,1,0.009088727140028618,5,18,23,load_extrapolation
2,208,knn,1,23,8.571428571428571,260.0,2454.6466970028446,scale+thin,1,0.0018395733741525255,5,76,81,load_extrapolation
2,208,knn,2,23,8.571428571428571,260.0,2454.6466970028446,none,1,0.009250420025610051,15,0,15,load_extrapolation
2,208,knn,2,23,8.571428571428571,260.0,2454.6466970028446,scale,1,0.009088727140028618,15,18,33,load_extrapolation
2,208,knn,2,23,8.571428571428571,260.0,2454.6466970028446,scale+thin,1,0.0018395733741525255,15,76,91,load_extrapolation
2,208,knn,3,23,8.571428571428571,260.0,2454.6466970028446,none,1,0.009250420025610051,20,0,20,load_extrapolation
2,208,knn,3,23,8.571428571428571,260.0,2454.6466970028446,scale,1,0.009088727140028618,20,18,38,load_extrapolation
2,208,knn,3,23,8.571428571428571,260.0,2454.6466970028446,scale+thin,1,0.0018395733741525255,20,76,96,load_extrapolation
2,208,knn,1,24,9.857142857142858,150.0,2401.6635135318147,none,1,0.03516770138136116,3,0,3,load_extrapolation
2,208,knn,1,24,9.857142857142858,150.0,2401.6635135318147,scale,1,0.03440966073938356,3,18,21,load_extrapolation
2,208,knn,1,24,9.857142857142858,150.0,2401.6635135318147,scale+thin,1,0.03440966073938356,3,57,60,load_extrapolation
2,208,knn,2,24,9.857142857142858,150.0,2401.6635135318147,none,1,0.002381611911518755,8,0,8,load_extrapolation
2,208,knn,2,24,9.857142857142858,150.0,2401.6635135318147,scale,1,0.0020145624091503223,8,18,26,load_extrapolation
2,208,knn,2,24,9.857142857142858,150.0,2401.6635135318147,scale+thin,1,0.0020145624091503223,8,77,85,load_extrapolation
2,208,knn,3,24,9.857142857142858,150.0,2401.6635135318147,none,1,0.002381611911518755,9,0,9,load_extrapolation
2,208,knn,3,24,9.857142857142858,150.0,2401.6635135318147,scale,1,0.0020145624091503223,9,18,27,load_extrapolation
2,208,knn,3,24,9.857142857142858,150.0,2401.6635135318147,scale+thin,1,0.0020145624091503223,9,77,86,load_extrapolation
2,208,knn,1,25,9.857142857142858,165.71428571428572,2596.489349148936,none,1,0.017939686700249702,4,0,4,load_extrapolation
2,208,knn,1,25,9.857142857142858,165.71428571428572,2596.489349148936,scale,1,0.01791638804312945,4,18,22,load_extrapolation
2,208,knn,1,25,9.857142857142858,165.71428571428572,2596.489349148936,scale+thin,1,0.01791638804312945,4,58,62,load_extrapolation
2,208,knn,2,25,9.857142857142858,165.71428571428572,2596.489349148936,none,1,0.017939686700249702,14,0,14,load_extrapolation
2,208,knn,2,25,9.857142857142858,165.71428571428572,2596.489349148936,scale,1,0.01791638804312945,14,18,32,load_extrapolation
2,208,knn,2,25,9.857142857142858,165.71428571428572,2596.489349148936,scale+thin,1,0.01791638804312945,14,58,72,load_extrapolation
2,208,knn,3,25,9.857142857142858,165.71428571428572,2596.489349148936,none,1,0.017939686700249702,17,0,17,load_extrapolation
2,208,knn,3,25,9.857142857142858,165.71428571428572,2596.489349148936,scale,1,0.01791638804312945,17,18,35,load_extrapolation
2,208,knn,3,25,9.857142857142858,165.71428571428572,2596.489349148936,scale+thin,1,0.01791638804312945,17,58,75,load_extrapolation
2,208,knn,1,26,9.857142857142858,181.42857142857144,2778.4364695846,none,1,0.007857361186972334,5,0,5,load_extrapolation
2,208,knn,1,26,9.857142857142858,181.42857142857144,2778.4364695846,scale,1,0.007119319572964189,5,18,23,load_extrapolation
2,208,knn,1,26,9.857142857142858,181.42857142857144,2778.4364695846,scale+thin,1,0.005233277255972224,5,76,81,load_extrapolation
2,208,knn,2,26,9.857142857142858,181.42857142857144,2778.4364695846,none,1,0.007857361186972334,15,0,15,load_extrapolation
2,208,knn,2,26,9.857142857142858,181.42857142857144,2778.4364695846,scale,1,0.007119319572964189,15,18,33,load_extrapolation
2,208,knn,2,26,9.857142857142858,181.42857142857144,2778.4364695846,scale+thin,1,0.005233277255972224,15,76,91,load_extrapolation
2,208,knn,3,26,9.857142857142858,181.42857142857144,2778.4364695846,none,1,0.007857361186972334,19,0,19,load_extrapolation
2,208,knn,3,26,9.857142857142858,181.42857142857144,2778.4364695846,scale,1,0.007119319572964189,19,18,37,load_extrapolation
2,208,knn,3,26,9.857142857142858,181.42857142857144,2778.4364695846,scale+thin,1,0.005233277255972224,19,76,95,load_extrapolation
2,208,knn,1,27,9.857142857142858,197.14285714285717,2934.59017073786,none,1,0.005442588189133568,5,0,5,load_extrapolation
2,208,knn,1,27,9.857142857142858,197.14285714285717,2934.59017073786,scale,1,0.004982385770119446,5,18,23,load_extrapolation
2,208,knn,1,27,9.857142857142858,197.14285714285717,2934.59017073786,scale+thin,1,0.0006537028557240809,5,77,82,load_extrapolation
2,208,knn,2,27,9.857142857142858,197.14285714285717,2934.59017073786,none,1,0.005442588189133568,15,0,15,load_extrapolation
2,208,knn,2,27,9.857142857142858,197.14285714285717,2934.59017073786,scale,1,0.004982385770119446,15,18,33,load_extrapolation
2,208,knn,2,27,9.857142857142858,197.14285714285717,2934.59017073786,scale+thin,1,0.0006537028557240809,15,77,92,load_extrapolation
2,208,knn,3,27,9.857142857142858,197.14285714285717,2934.59017073786,none,1,0.005442588189133568,20,0,20,load_extrapolation
2,208,knn,3,27,9.857142857142858,197.14285714285717,2934.59017073786,scale,1,0.004982385770119446,20,18,38,load_extrapolation
2,208,knn,3,27,9.857142857142858,197.14285714285717,2934.59017073786,scale+thin,1,0.0006537028557240809,20,77,97,load_extrapolation
2,208,knn,1,28,9.857142857142858,212.8571428571429,3092.903946849261,none,1,0.0033577732919340963,5,0,5,load_extrapolation
2,208,knn,1,28,9.857142857142858,212.8571428571429,3092.903946849261,scale,1,0.0030362885307502196,5,18,23,load_extrapolation
2,208,knn,1,28,9.857142857142858,212.8571428571429,3092.903946849261,scale+thin,1,0.0030362885307502196,5,80,85,load_extrapolation
2,208,knn,2,28,9.857142857142858,212.8571428571429,3092.903946849261,none,1,0.0033577732919340963,15,0,15,load_extrapolation
2,208,knn,2,28,9.857142857142858,212.8571428571429,3092.903946849261,scale,1,0.0030362885307502196,15,18,33,load_extrapolation
2,208,knn,2,28,9.857142857142858,212.8571428571429,3092.903946849261,scale+thin,1,0.0030362885307502196,15,80,95,load_extrapolation
2,208,knn,3,28,9.857142857142858,212.8571428571429,3092.903946849261,none,1,0.0033577732919340963,20,0,20,load_extrapolation
2,208,knn,3,28,9.857142857142858,212.8571428571429,3092.903946849261,scale,1,0.0030362885307502196,20,18,38,load_extrapolation
2,208,knn,3,28,9.857142857142858,212.8571428571429,3092.903946849261,scale+thin,1,0.0030362885307502196,20,80,100,load_extrapolation
2,208,knn,1,29,9.857142857142858,228.57142857142856,3278.0505051710666,none,0,,10,0,10,load_extrapolation
2,208,knn,1,29,9.857142857142858,228.57142857142856,3278.0505051710666,scale,1,0.007565273157275287,10,19,29,load_extrapolation
2,208,knn,1,29,9.857142857142858,228.57142857142856,3278.0505051710666,scale+thin,1,0.007565273157275287,10,81,91,load_extrapolation
2,208,knn,2,29,9.857142857142858,228.57142857142856,3278.0505051710666,none,0,,20,0,20,load_extrapolation
2,208,knn,2,29,9.857142857142858,228.57142857142856,3278.0505051710666,scale,1,0.007565273157275287,20,19,39,load_extrapolation
2,208,knn,2,29,9.857142857142858,228.57142857142856,3278.0505051710666,scale+thin,1,0.007565273157275287,20,81,101,load_extrapolation
2,208,knn,3,29,9.857142857142858,228.57142857142856,3278.0505051710666,none,1,0.26448513630999404,25,0,25,load_extrapolation
2,208,knn,3,29,9.857142857142858,228.57142857142856,3278.0505051710666,scale,1,0.26399317411498946,25,18,43,load_extrapolation
2,208,knn,3,29,9.857142857142858,228.57142857142856,3278.0505051710666,scale+thin,1,0.2560922423497538,25,77,102,load_extrapolation
2,208,knn,1,30,9.857142857142858,244.28571428571428,3503.3130527973344,none,0,,10,0,10,load_extrapolation
2,208,knn,1,30,9.857142857142858,244.28571428571428,3503.3130527973344,scale,1,0.006394191838243524,10,19,29,load_extrapolation
2,208,knn,1,30,9.857142857142858,244.28571428571428,3503.3130527973344,scale+thin,1,0.006394191838243524,10,84,94,load_extrapolation
2,208,knn,2,30,9.857142857142858,244.28571428571428,3503.3130527973344,none,0,,20,0,20,load_extrapolation
2,208,knn,2,30,9.857142857142858,244.28571428571428,3503.3130527973344,scale,1,0.006394191838243524,20,19,39,load_extrapolation
2,208,knn,2,30,9.857142857142858,244.28571428571428,3503.3130527973344,scale+thin,1,0.006394191838243524,20,84,104,load_extrapolation
2,208,knn,3,30,9.857142857142858,244.28571428571428,3503.3130527973344,none,1,0.2417113418268113,29,0,29,load_extrapolation
2,208,knn,3,30,9.857142857142858,244.28571428571428,3503.3130527973344,scale,1,0.24131348646074802,29,18,47,load_extrapolation
2,208,knn,3,30,9.857142857142858,244.28571428571428,3503.3130527973344,scale+thin,1,0.24131348646074802,29,80,109,load_extrapolation
2,208,knn,1,31,9.857142857142858,260.0,3720.59576057169,none,0,,10,0,10,load_extrapolation
2,208,knn,1,31,9.857142857142858,260.0,3720.59576057169,scale,1,0.007276434914085028,10,19,29,load_extrapolation
2,208,knn,1,31,9.857142857142858,260.0,3720.59576057169,scale+thin,1,0.007276434914085028,10,86,96,load_extrapolation
2,208,knn,2,31,9.857142857142858,260.0,3720.59576057169,none,0,,20,0,20,load_extrapolation
2,208,knn,2,31,9.857142857142858,260.0,3720.59576057169,scale,1,0.007276434914085028,20,19,39,load_extrapolation
2,208,knn,2,31,9.857142857142858,260.0,3720.59576057169,scale+thin,1,0.007276434914085028,20,86,106,load_extrapolation
2,208,knn,3,31,9.857142857142858,260.0,3720.59576057169,none,0,,30,0,30,load_extrapolation
2,208,knn,3,31,9.857142857142858,260.0,3720.59576057169,scale,1,0.24188175196891804,30,19,49,load_extrapolation
2,208,knn,3,31,9.857142857142858,260.0,3720.59576057169,scale+thin,1,0.24188175196891804,30,83,113,load_extrapolation
2,208,knn,1,32,11.142857142857142,150.0,3412.4966998531304,none,1,0.0026194433626887115,5,0,5,load_extrapolation
2,208,knn,1,32,11.142857142857142,150.0,3412.4966998531304,scale,1,0.001816419391502011,5,18,23,load_extrapolation
2,208,knn,1,32,11.142857142857142,150.0,3412.4966998531304,scale+thin,1,0.00023275006753920024,5,77,82,load_extrapolation
2,208,knn,2,32,11.142857142857142,150.0,3412.4966998531304,none,1,0.0026194433626887115,15,0,15,load_extrapolation
2,208,knn,2,32,11.142857142857142,150.0,3412.4966998531304,scale,1,0.001816419391502011,15,18,33,load_extrapolation
2,208,knn,2,32,11.142857142857142,150.0,3412.4966998531304,scale+thin,1,0.00023275006753920024,15,77,92,load_extrapolation
2,208,knn,3,32,11.142857142857142,150.0,3412.4966998531304,none,1,0.0026194433626887115,19,0,19,load_extrapolation
2,208,knn,3,32,11.142857142857142,150.0,3412.4966998531304,scale,1,0.001816419391502011,19,18,37,load_extrapolation
2,208,knn,3,32,11.142857142857142,150.0,3412.4966998531304,scale+thin,1,0.00023275006753920024,19,77,96,load_extrapolation
2,208,knn,1,33,11.142857142857142,165.71428571428572,3681.539358959639,none,1,0.009379807590796263,7,0,7,load_extrapolation
2,208,knn,1,33,11.142857142857142,165.71428571428572,3681.539358959639,scale,1,0.009010195507260121,7,18,25,load_extrapolation
2,208,knn,1,33,11.142857142857142,165.71428571428572,3681.539358959639,scale+thin,1,0.009010195507260121,7,80,87,load_extrapolation
2,208,knn,2,33,11.142857142857142,165.71428571428572,3681.539358959639,none,1,0.009379807590796263,17,0,17,load_extrapolation
2,208,knn,2,33,11.142857142857142,165.71428571428572,3681.539358959639,scale,1,0.009010195507260121,17,18,35,load_extrapolation
2,208,knn,2,33,11.142857142857142,165.71428571428572,3681.539358959639,scale+thin,1,0.009010195507260121,17,80,97,load_extrapolation
2,208,knn,3,33,11.142857142857142,165.71428571428572,3681.539358959639,none,1,0.009379807590796263,21,0,21,load_extrapolation
2,208,knn,3,33,11.142857142857142,165.71428571428572,3681.539358959639,scale,1,0.009010195507260121,21,18,39,load_extrapolation
2,208,knn,3,33,11.142857142857142,165.71428571428572,3681.539358959639,scale+thin,1,0.009010195507260121,21,80,101,load_extrapolation
2,208,knn,1,34,11.142857142857142,181.42857142857144,4001.813446814073,none,0,,10,0,10,load_extrapolation
2,208,knn,1,34,11.142857142857142,181.42857142857144,4001.813446814073,scale,1,0.011420950398429053,10,19,29,load_extrapolation
2,208,knn,1,34,11.142857142857142,181.42857142857144,4001.813446814073,scale+thin,1,0.011420950398429053,10,84,94,load_extrapolation
2,208,knn,2,34,11.142857142857142,181.42857142857144,4001.813446814073,none,0,,20,0,20,load_extrapolation
2,208,knn,2,34,11.142857142857142,181.42857142857144,4001.813446814073,scale,1,0.011420950398429053,20,19,39,load_extrapolation
2,208,knn,2,34,11.142857142857142,181.42857142857144,4001.813446814073,scale+thin,1,0.011420950398429053,20,84,104,load_extrapolation
2,208,knn,3,34,11.142857142857142,181.42857142857144,4001.813446814073,none,1,0.2592090360900865,25,0,25,load_extrapolation
2,208,knn,3,34,11.142857142857142,181.42857142857144,4001.813446814073,scale,1,0.25828693271994774,25,18,43,load_extrapolation
2,208,knn,3,34,11.142857142857142,181.42857142857144,4001.813446814073,scale+thin,1,0.25828693271994774,25,80,105,load_extrapolation
2,208,knn,1,35,11.142857142857142,197.14285714285717,4332.975062229721,none,0,,10,0,10,load_extrapolation
2,208,knn,1,35,11.142857142857142,197.14285714285717,4332.975062229721,scale,1,0.010540490089816723,10,19,29,load_extrapolation
2,208,knn,1,35,11.142857142857142,197.14285714285717,4332.975062229721,scale+thin,1,0.010540490089816723,10,86,96,load_extrapolation
2,208,knn,2,35,11.142857142857142,197.14285714285717,4332.975062229721,none,0,,20,0,20,load_extrapolation
2,208,knn,2,35,11.142857142857142,197.14285714285717,4332.975062229721,scale,1,0.010540490089816723,20,19,39,load_extrapolation
2,208,knn,2,35,11.142857142857142,197.14285714285717,4332.975062229721,scale+thin,1,0.010540490089816723,20,86,106,load_extrapolation
2,208,knn,3,35,11.142857142857142,197.14285714285717,4332.975062229721,none,0,,30,0,30,load_extrapolation
2,208,knn,3,35,11.142857142857142,197.14285714285717,4332.975062229721,scale,1,0.25561706834341047,30,19,49,load_extrapolation
2,208,knn,3,35,11.142857142857142,197.14285714285717,4332.975062229721,scale+thin,1,0.25561706834341047,30,84,114,load_extrapolation
2,208,knn,1,36,11.142857142857142,212.8571428571429,4658.140801057062,none,0,,10,0,10,load_extrapolation
2,208,knn,1,36,11.142857142857142,212.8571428571429,4658.140801057062,scale,1,0.010420381310517035,10,19,29,load_extrapolation
2,208,knn,1,36,11.142857142857142,212.8571428571429,4658.140801057062,scale+thin,1,0.010420381310517035,10,71,81,load_extrapolation
2,208,knn,2,36,11.142857142857142,212.8571428571429,4658.140801057062,none,0,,20,0,20,load_extrapolation
2,208,knn,2,36,11.142857142857142,212.8571428571429,4658.140801057062,scale,1,0.010420381310517035,20,19,39,load_extrapolation
2,208,knn,2,36,11.142857142857142,212.8571428571429,4658.140801057062,scale+thin,1,0.010420381310517035,20,71,91,load_extrapolation
2,208,knn,3,36,11.142857142857142,212.8571428571429,4658.140801057062,none,0,,30,0,30,load_extrapolation
2,208,knn,3,36,11.142857142857142,212.8571428571429,4658.140801057062,scale,1,0.25502581933315605,30,19,49,load_extrapolation
2,208,knn,3,36,11.142857142857142,212.8571428571429,4658.140801057062,scale+thin,1,0.25502581933315605,30,86,116,load_extrapolation
2,208,knn,1,37,11.142857142857142,228.57142857142856,5137.886749115688,none,0,,10,0,10,load_extrapolation
2,208,knn,1,37,11.142857142857142,228.57142857142856,5137.886749115688,scale,1,2.7129498558764453e-07,10,20,30,load_extrapolation
2,208,knn,1,37,11.142857142857142,228.57142857142856,5137.886749115688,scale+thin,1,2.7129498558764453e-07,10,73,83,load_extrapolation
2,208,knn,2,37,11.142857142857142,228.57142857142856,5137.886749115688,none,0,,20,0,20,load_extrapolation
2,208,knn,2,37,11.142857142857142,228.57142857142856,5137.886749115688,scale,1,2.7129498558764453e-07,20,20,40,load_extrapolation
2,208,knn,2,37,11.142857142857142,228.57142857142856,5137.886749115688,scale+thin,1,2.7129498558764453e-07,20,73,93,load_extrapolation
2,208,knn,3,37,11.142857142857142,228.57142857142856,5137.886749115688,none,0,,30,0,30,load_extrapolation
2,208,knn,3,37,11.142857142857142,228.57142857142856,5137.886749115688,scale,1,0.2159444883814854,30,19,49,load_extrapolation
2,208,knn,3,37,11.142857142857142,228.57142857142856,5137.886749115688,scale+thin,1,0.2159444883814854,30,70,100,load_extrapolation
2,208,knn,1,38,11.142857142857142,244.28571428571428,6871.433005819378,none,0,,10,0,10,load_extrapolation
2,208,knn,1,38,11.142857142857142,244.28571428571428,6871.433005819378,scale,0,,10,9,19,load_extrapolation
2,208,knn,1,38,11.142857142857142,244.28571428571428,6871.433005819378,scale+thin,0,,10,33,43,load_extrapolation
2,208,knn,2,38,11.142857142857142,244.28571428571428,6871.433005819378,none,0,,20,0,20,load_extrapolation
2,208,knn,2,38,11.142857142857142,244.28571428571428,6871.433005819378,scale,0,,20,9,29,load_extrapolation
2,208,knn,2,38,11.142857142857142,244.28571428571428,6871.433005819378,scale+thin,0,,20,33,53,load_extrapolation
2,208,knn,3,38,11.142857142857142,244.28571428571428,6871.433005819378,none,0,,30,0,30,load_extrapolation
2,208,knn,3,38,11.142857142857142,244.28571428571428,6871.433005819378,scale,1,-2.85162689098728e-05,30,20,50,load_extrapolation
2,208,knn,3,38,11.142857142857142,244.28571428571428,6871.433005819378,scale+thin,1,-2.8828148623261107e-05,30,73,103,load_extrapolation
2,208,knn,1,39,11.142857142857142,260.0,8337.065935629631,none,0,,10,0,10,load_extrapolation
2,208,knn,1,39,11.142857142857142,260.0,8337.065935629631,scale,0,,10,9,19,load_extrapolation
2,208,knn,1,39,11.142857142857142,260.0,8337.065935629631,scale+thin,0,,10,33,43,load_extrapolation
2,208,knn,2,39,11.142857142857142,260.0,8337.065935629631,none,0,,20,0,20,load_extrapolation
2,208,knn,2,39,11.142857142857142,260.0,8337.065935629631,scale,0,,20,9,29,load_extrapolation
2,208,knn,2,39,11.142857142857142,260.0,8337.065935629631,scale+thin,0,,20,33,53,load_extrapolation
2,208,knn,3,39,11.142857142857142,260.0,8337.065935629631,none,0,,30,0,30,load_extrapolation
2,208,knn,3,39,11.142857142857142,260.0,8337.065935629631,scale,0,,30,9,39,load_extrapolation
2,208,knn,3,39,11.142857142857142,260.0,8337.065935629631,scale+thin,0,,30,33,63,load_extrapolation
2,208,knn,1,40,12.428571428571429,150.0,4886.521183652799,none,1,-0.0017524459052277175,5,0,5,load_extrapolation
2,208,knn,1,40,12.428571428571429,150.0,4886.521183652799,scale,1,-0.0018209889484587238,5,18,23,load_extrapolation
2,208,knn,1,40,12.428571428571429,150.0,4886.521183652799,scale+thin,1,-0.0018209889484587238,5,85,90,load_extrapolation
2,208,knn,2,40,12.428571428571429,150.0,4886.521183652799,none,1,-0.0017524459052277175,15,0,15,load_extrapolation
2,208,knn,2,40,12.428571428571429,150.0,4886.521183652799,scale,1,-0.0018209889484587238,15,18,33,load_extrapolation
2,208,knn,2,40,12.428571428571429,150.0,4886.521183652799,scale+thin,1,-0.0018209889484587238,15,85,100,load_extrapolation
2,208,knn,3,40,12.428571428571429,150.0,4886.521183652799,none,1,-0.0017524459052277175,18,0,18,load_extrapolation
2,208,knn,3,40,12.428571428571429,150.0,4886.521183652799,scale,1,-0.0018209889484587238,18,18,36,load_extrapolation
2,208,knn,3,40,12.428571428571429,150.0,4886.521183652799,scale+thin,1,-0.0018209889484587238,18,85,103,load_extrapolation
2,208,knn,1,41,12.428571428571429,165.71428571428572,5340.456835444255,none,0,,10,0,10,load_extrapolation
2,208,knn,1,41,12.428571428571429,165.71428571428572,5340.456835444255,scale,1,0.009329051276099065,10,19,29,load_extrapolation
2,208,knn,1,41,12.428571428571429,165.71428571428572,5340.456835444255,scale+thin,1,0.009329051276099065,10,72,82,load_extrapolation
2,208,knn,2,41,12.428571428571429,165.71428571428572,5340.456835444255,none,0,,20,0,20,load_extrapolation
2,208,knn,2,41,12.428571428571429,165.71428571428572,5340.456835444255,scale,1,0.009329051276099065,20,19,39,load_extrapolation
2,208,knn,2,41,12.428571428571429,165.71428571428572,5340.456835444255,scale+thin,1,0.009329051276099065,20,72,92,load_extrapolation
2,208,knn,3,41,12.428571428571429,165.71428571428572,5340.456835444255,none,1,0.26306765892284933,30,0,30,load_extrapolation
2,208,knn,3,41,12.428571428571429,165.71428571428572,5340.456835444255,scale,1,0.26295202427170206,30,18,48,load_extrapolation
2,208,knn,3,41,12.428571428571429,165.71428571428572,5340.456835444255,scale+thin,1,0.26295202427170206,30,85,115,load_extrapolation
2,208,knn,1,42,12.428571428571429,181.42857142857144,7499.029230834781,none,0,,10,0,10,load_extrapolation
2,208,knn,1,42,12.428571428571429,181.42857142857144,7499.029230834781,scale,0,,10,9,19,load_extrapolation
2,208,knn,1,42,12.428571428571429,181.42857142857144,7499.029230834781,scale+thin,0,,10,33,43,load_extrapolation
2,208,knn,2,42,12.428571428571429,181.42857142857144,7499.029230834781,none,0,,20,0,20,load_extrapolation
2,208,knn,2,42,12.428571428571429,181.42857142857144,7499.029230834781,scale,0,,20,9,29,load_extrapolation
2,208,knn,2,42,12.428571428571429,181.42857142857144,7499.029230834781,scale+thin,0,,20,33,53,load_extrapolation
2,208,knn,3,42,12.428571428571429,181.42857142857144,7499.029230834781,none,0,,30,0,30,load_extrapolation
2,208,knn,3,42,12.428571428571429,181.42857142857144,7499.029230834781,scale,1,-5.204152070725776e-06,30,20,50,load_extrapolation
2,208,knn,3,42,12.428571428571429,181.42857142857144,7499.029230834781,scale+thin,1,-5.204152070725776e-06,30,73,103,load_extrapolation
2,208,knn,1,43,12.428571428571429,197.14285714285717,9997.68170860264,none,0,,10,0,10,load_extrapolation
2,208,knn,1,43,12.428571428571429,197.14285714285717,9997.68170860264,scale,0,,10,9,19,load_extrapolation
2,208,knn,1,43,12.428571428571429,197.14285714285717,9997.68170860264,scale+thin,0,,10,33,43,load_extrapolation
2,208,knn,2,43,12.428571428571429,197.14285714285717,9997.68170860264,none,0,,20,0,20,load_extrapolation
2,208,knn,2,43,12.428571428571429,197.14285714285717,9997.68170860264,scale,0,,20,9,29,load_extrapolation
2,208,knn,2,43,12.428571428571429,197.14285714285717,9997.68170860264,scale+thin,0,,20,33,53,load_extrapolation
2,208,knn,3,43,12.428571428571429,197.14285714285717,9997.68170860264,none,0,,30,0,30,load_extrapolation
2,208,knn,3,43,12.428571428571429,197.14285714285717,9997.68170860264,scale,0,,30,9,39,load_extrapolation
2,208,knn,3,43,12.428571428571429,197.14285714285717,9997.68170860264,scale+thin,0,,30,33,63,load_extrapolation
2,208,knn,1,44,12.428571428571429,212.8571428571429,12790.67961945902,none,0,,10,0,10,load_extrapolation
2,208,knn,1,44,12.428571428571429,212.8571428571429,12790.67961945902,scale,0,,10,9,19,load_extrapolation
2,208,knn,1,44,12.428571428571429,212.8571428571429,12790.67961945902,scale+thin,0,,10,33,43,load_extrapolation
2,208,knn,2,44,12.428571428571429,212.8571428571429,12790.67961945902,none,0,,20,0,20,load_extrapolation
2,208,knn,2,44,12.428571428571429,212.8571428571429,12790.67961945902,scale,0,,20,9,29,load_extrapolation
2,208,knn,2,44,12.428571428571429,212.8571428571429,12790.67961945902,scale+thin,0,,20,33,53,load_extrapolation
2,208,knn,3,44,12.428571428571429,212.8571428571429,12790.67961945902,none,0,,30,0,30,load_extrapolation
2,208,knn,3,44,12.428571428571429,212.8571428571429,12790.67961945902,scale,0,,30,9,39,load_extrapolation
2,208,knn,3,44,12.428571428571429,212.8571428571429,12790.67961945902,scale+thin,0,,30,33,63,load_extrapolation
2,208,knn,1,45,13.714285714285715,150.0,11343.005436312367,none,0,,10,0,10,load_extrapolation
2,208,knn,1,45,13.714285714285715,150.0,11343.005436312367,scale,0,,10,9,19,load_extrapolation
2,208,knn,1,45,13.714285714285715,150.0,11343.005436312367,scale+thin,0,,10,33,43,load_extrapolation
2,208,knn,2,45,13.714285714285715,150.0,11343.005436312367,none,0,,20,0,20,load_extrapolation
2,208,knn,2,45,13.714285714285715,150.0,11343.005436312367,scale,0,,20,9,29,load_extrapolation
2,208,knn,2,45,13.714285714285715,150.0,11343.005436312367,scale+thin,0,,20,33,53,load_extrapolation
2,208,knn,3,45,13.714285714285715,150.0,11343.005436312367,none,0,,30,0,30,load_extrapolation
2,208,knn,3,45,13.714285714285715,150.0,11343.005436312367,scale,0,,30,9,39,load_extrapolation
2,208,knn,3,45,13.714285714285715,150.0,11343.005436312367,scale+thin,0,,30,33,63,load_extrapolation
2,208,knn,1,46,13.714285714285715,165.71428571428572,15604.275186931443,none,0,,10,0,10,load_extrapolation
2,208,knn,1,46,13.714285714285715,165.71428571428572,15604.275186931443,scale,0,,10,9,19,load_extrapolation
2,208,knn,1,46,13.714285714285715,165.71428571428572,15604.275186931443,scale+thin,0,,10,33,43,load_extrapolation
2,208,knn,2,46,13.714285714285715,165.71428571428572,15604.275186931443,none,0,,20,0,20,load_extrapolation
2,208,knn,2,46,13.714285714285715,165.71428571428572,15604.275186931443,scale,0,,20,9,29,load_extrapolation
2,208,knn,2,46,13.714285714285715,165.71428571428572,15604.275186931443,scale+thin,0,,20,33,53,load_extrapolation
2,208,knn,3,46,13.714285714285715,165.71428571428572,15604.275186931443,none,0,,30,0,30,load_extrapolation
2,208,knn,3,46,13.714285714285715,165.71428571428572,15604.275186931443,scale,0,,30,9,39,load_extrapolation
2,208,knn,3,46,13.714285714285715,165.71428571428572,15604.275186931443,scale+thin,0,,30,33,63,load_extrapolation
2,208,gp,1,0,6.0,150.0,718.2839060185494,none,1,0.007360977483838571,4,0,4,load_extrapolation
2,208,gp,1,0,6.0,150.0,718.2839060185494,scale,1,0.005816773302517619,4,18,22,load_extrapolation
2,208,gp,1,0,6.0,150.0,718.2839060185494,scale+thin,1,0.005816773302517619,4,55,59,load_extrapolation
2,208,gp,2,0,6.0,150.0,718.2839060185494,none,1,0.007360977483838571,7,0,7,load_extrapolation
2,208,gp,2,0,6.0,150.0,718.2839060185494,scale,1,0.005816773302517619,7,18,25,load_extrapolation
2,208,gp,2,0,6.0,150.0,718.2839060185494,scale+thin,1,0.005816773302517619,7,55,62,load_extrapolation
2,208,gp,3,0,6.0,150.0,718.2839060185494,none,1,0.007360977483838571,10,0,10,load_extrapolation
2,208,gp,3,0,6.0,150.0,718.2839060185494,scale,1,0.005816773302517619,10,18,28,load_extrapolation
2,208,gp,3,0,6.0,150.0,718.2839060185494,scale+thin,1,0.005816773302517619,10,55,65,load_extrapolation
2,208,gp,1,1,6.0,165.71428571428572,766.0869680124856,none,1,0.012883650643016331,3,0,3,load_extrapolation
2,208,gp,1,1,6.0,165.71428571428572,766.0869680124856,scale,1,0.010589827161940457,3,18,21,load_extrapolation
2,208,gp,1,1,6.0,165.71428571428572,766.0869680124856,scale+thin,1,0.010589827161940457,3,55,58,load_extrapolation
2,208,gp,2,1,6.0,165.71428571428572,766.0869680124856,none,1,0.012883650643016331,7,0,7,load_extrapolation
2,208,gp,2,1,6.0,165.71428571428572,766.0869680124856,scale,1,0.010589827161940457,7,18,25,load_extrapolation
2,208,gp,2,1,6.0,165.71428571428572,766.0869680124856,scale+thin,1,0.010589827161940457,7,55,62,load_extrapolation
2,208,gp,3,1,6.0,165.71428571428572,766.0869680124856,none,1,0.012883650643016331,10,0,10,load_extrapolation
2,208,gp,3,1,6.0,165.71428571428572,766.0869680124856,scale,1,0.010589827161940457,10,18,28,load_extrapolation
2,208,gp,3,1,6.0,165.71428571428572,766.0869680124856,scale+thin,1,0.010589827161940457,10,55,65,load_extrapolation
2,208,gp,1,2,6.0,181.42857142857144,809.0128740060688,none,1,0.019791174445999316,2,0,2,load_extrapolation
2,208,gp,1,2,6.0,181.42857142857144,809.0128740060688,scale,1,0.019511099666992715,2,18,20,load_extrapolation
2,208,gp,1,2,6.0,181.42857142857144,809.0128740060688,scale+thin,1,0.019511099666992715,2,55,57,load_extrapolation
2,208,gp,2,2,6.0,181.42857142857144,809.0128740060688,none,1,0.019791174445999316,6,0,6,load_extrapolation
2,208,gp,2,2,6.0,181.42857142857144,809.0128740060688,scale,1,0.019511099666992715,6,18,24,load_extrapolation
2,208,gp,2,2,6.0,181.42857142857144,809.0128740060688,scale+thin,1,0.019511099666992715,6,55,61,load_extrapolation
2,208,gp,3,2,6.0,181.42857142857144,809.0128740060688,none,1,0.019791174445999316,9,0,9,load_extrapolation
2,208,gp,3,2,6.0,181.42857142857144,809.0128740060688,scale,1,0.019511099666992715,9,18,27,load_extrapolation
2,208,gp,3,2,6.0,181.42857142857144,809.0128740060688,scale+thin,1,0.019511099666992715,9,55,64,load_extrapolation
2,208,gp,1,3,6.0,197.14285714285717,854.6554477993761,none,1,0.020621482843397265,2,0,2,load_extrapolation
2,208,gp,1,3,6.0,197.14285714285717,854.6554477993761,scale,1,0.02017768783183449,2,18,20,load_extrapolation
2,208,gp,1,3,6.0,197.14285714285717,854.6554477993761,scale+thin,1,0.02017768783183449,2,55,57,load_extrapolation
2,208,gp,2,3,6.0,197.14285714285717,854.6554477993761,none,1,0.020621482843397265,6,0,6,load_extrapolation
2,208,gp,2,3,6.0,197.14285714285717,854.6554477993761,scale,1,0.02017768783183449,6,18,24,load_extrapolation
2,208,gp,2,3,6.0,197.14285714285717,854.6554477993761,scale+thin,1,0.02017768783183449,6,55,61,load_extrapolation
2,208,gp,3,3,6.0,197.14285714285717,854.6554477993761,none,1,0.020621482843397265,10,0,10,load_extrapolation
2,208,gp,3,3,6.0,197.14285714285717,854.6554477993761,scale,1,0.02017768783183449,10,18,28,load_extrapolation
2,208,gp,3,3,6.0,197.14285714285717,854.6554477993761,scale+thin,1,0.02017768783183449,10,55,65,load_extrapolation
2,208,gp,1,4,6.0,212.8571428571429,895.7569021904145,none,1,0.023353175162074358,2,0,2,load_extrapolation
2,208,gp,1,4,6.0,212.8571428571429,895.7569021904145,scale,1,0.022299425273247353,2,18,20,load_extrapolation
2,208,gp,1,4,6.0,212.8571428571429,895.7569021904145,scale+thin,1,0.022299425273247353,2,55,57,load_extrapolation
2,208,gp,2,4,6.0,212.8571428571429,895.7569021904145,none,1,0.023353175162074358,6,0,6,load_extrapolation
2,208,gp,2,4,6.0,212.8571428571429,895.7569021904145,scale,1,0.022299425273247353,6,18,24,load_extrapolation
2,208,gp,2,4,6.0,212.8571428571429,895.7569021904145,scale+thin,1,0.022299425273247353,6,55,61,load_extrapolation
2,208,gp,3,4,6.0,212.8571428571429,895.7569021904145,none,1,0.023353175162074358,10,0,10,load_extrapolation
2,208,gp,3,4,6.0,212.8571428571429,895.7569021904145,scale,1,0.022299425273247353,10,18,28,load_extrapolation
2,208,gp,3,4,6.0,212.8571428571429,895.7569021904145,scale+thin,1,0.022299425273247353,10,55,65,load_extrapolation
2,208,gp,1,5,6.0,228.57142857142856,927.0052988628717,none,1,0.0346139226632296,3,0,3,load_extrapolation
2,208,gp,1,5,6.0,228.57142857142856,927.0052988628717,scale,1,0.03309892993511143,3,18,21,load_extrapolation
2,208,gp,1,5,6.0,228.57142857142856,927.0052988628717,scale+thin,1,0.03309892993511143,3,56,59,load_extrapolation
2,208,gp,2,5,6.0,228.57142857142856,927.0052988628717,none,1,0.0346139226632296,7,0,7,load_extrapolation
2,208,gp,2,5,6.0,228.57142857142856,927.0052988628717,scale,1,0.03309892993511143,7,18,25,load_extrapolation
2,208,gp,2,5,6.0,228.57142857142856,927.0052988628717,scale+thin,1,0.03309892993511143,7,56,63,load_extrapolation
2,208,gp,3,5,6.0,228.57142857142856,927.0052988628717,none,1,0.0346139226632296,11,0,11,load_extrapolation
2,208,gp,3,5,6.0,228.57142857142856,927.0052988628717,scale,1,0.03309892993511143,11,18,29,load_extrapolation
2,208,gp,3,5,6.0,228.57142857142856,927.0052988628717,scale+thin,1,0.03309892993511143,11,56,67,load_extrapolation
2,208,gp,1,6,6.0,244.28571428571428,968.4098952439792,none,1,0.03300341211900659,3,0,3,load_extrapolation
2,208,gp,1,6,6.0,244.28571428571428,968.4098952439792,scale,1,0.03141990012681384,3,18,21,load_extrapolation
2,208,gp,1,6,6.0,244.28571428571428,968.4098952439792,scale+thin,1,0.03141990012681384,3,56,59,load_extrapolation
2,208,gp,2,6,6.0,244.28571428571428,968.4098952439792,none,1,0.03300341211900659,7,0,7,load_extrapolation
2,208,gp,2,6,6.0,244.28571428571428,968.4098952439792,scale,1,0.03141990012681384,7,18,25,load_extrapolation
2,208,gp,2,6,6.0,244.28571428571428,968.4098952439792,scale+thin,1,0.03141990012681384,7,56,63,load_extrapolation
2,208,gp,3,6,6.0,244.28571428571428,968.4098952439792,none,1,0.03300341211900659,11,0,11,load_extrapolation
2,208,gp,3,6,6.0,244.28571428571428,968.4098952439792,scale,1,0.03141990012681384,11,18,29,load_extrapolation
2,208,gp,3,6,6.0,244.28571428571428,968.4098952439792,scale+thin,1,0.03141990012681384,11,56,67,load_extrapolation
2,208,gp,1,7,6.0,260.0,1013.7382545756694,none,1,0.027082297359336982,3,0,3,load_extrapolation
2,208,gp,1,7,6.0,260.0,1013.7382545756694,scale,1,0.02539041521106511,3,18,21,load_extrapolation
2,208,gp,1,7,6.0,260.0,1013.7382545756694,scale+thin,1,0.02539041521106511,3,56,59,load_extrapolation
2,208,gp,2,7,6.0,260.0,1013.7382545756694,none,1,0.027082297359336982,7,0,7,load_extrapolation
2,208,gp,2,7,6.0,260.0,1013.7382545756694,scale,1,0.02539041521106511,7,18,25,load_extrapolation
2,208,gp,2,7,6.0,260.0,1013.7382545756694,scale+thin,1,0.02539041521106511,7,56,63,load_extrapolation
2,208,gp,3,7,6.0,260.0,1013.7382545756694,none,1,0.027082297359336982,11,0,11,load_extrapolation
2,208,gp,3,7,6.0,260.0,1013.7382545756694,scale,1,0.02539041521106511,11,18,29,load_extrapolation
2,208,gp,3,7,6.0,260.0,1013.7382545756694,scale+thin,1,0.02539041521106511,11,56,67,load_extrapolation
2,208,gp,1,8,7.285714285714286,150.0,1153.3708205133214,none,1,0.00015394300066473576,4,0,4,load_extrapolation
2,208,gp,1,8,7.285714285714286,150.0,1153.3708205133214,scale,1,-0.0013563390848078116,4,18,22,load_extrapolation
2,208,gp,1,8,7.285714285714286,150.0,1153.3708205133214,scale+thin,1,-0.0013563390848078116,4,55,59,load_extrapolation
2,208,gp,2,8,7.285714285714286,150.0,1153.3708205133214,none,1,0.00015394300066473576,7,0,7,load_extrapolation
2,208,gp,2,8,7.285714285714286,150.0,1153.3708205133214,scale,1,-0.0013563390848078116,7,18,25,load_extrapolation
2,208,gp,2,8,7.285714285714286,150.0,1153.3708205133214,scale+thin,1,-0.0013563390848078116,7,55,62,load_extrapolation
2,208,gp,3,8,7.285714285714286,150.0,1153.3708205133214,none,1,0.00015394300066473576,10,0,10,load_extrapolation
2,208,gp,3,8,7.285714285714286,150.0,1153.3708205133214,scale,1,-0.0013563390848078116,10,18,28,load_extrapolation
2,208,gp,3,8,7.285714285714286,150.0,1153.3708205133214,scale+thin,1,-0.0013563390848078116,10,55,65,load_extrapolation
2,208,gp,1,9,7.285714285714286,165.71428571428572,1218.9044722408655,none,1,0.014329880048500998,3,0,3,load_extrapolation
2,208,gp,1,9,7.285714285714286,165.71428571428572,1218.9044722408655,scale,1,0.013053392632991434,3,18,21,load_extrapolation
2,208,gp,1,9,7.285714285714286,165.71428571428572,1218.9044722408655,scale+thin,1,0.013053392632991434,3,56,59,load_extrapolation
2,208,gp,2,9,7.285714285714286,165.71428571428572,1218.9044722408655,none,1,0.014329880048500998,5,0,5,load_extrapolation
2,208,gp,2,9,7.285714285714286,165.71428571428572,1218.9044722408655,scale,1,0.013053392632991434,5,18,23,load_extrapolation
2,208,gp,2,9,7.285714285714286,165.71428571428572,1218.9044722408655,scale+thin,1,0.013053392632991434,5,56,61,load_extrapolation
2,208,gp,3,9,7.285714285714286,165.71428571428572,1218.9044722408655,none,1,0.014329880048500998,8,0,8,load_extrapolation
2,208,gp,3,9,7.285714285714286,165.71428571428572,1218.9044722408655,scale,1,0.013053392632991434,8,18,26,load_extrapolation
2,208,gp,3,9,7.285714285714286,165.71428571428572,1218.9044722408655,scale+thin,1,0.013053392632991434,8,56,64,load_extrapolation
2,208,gp,1,10,7.285714285714286,181.42857142857144,1289.0609260869776,none,1,0.048738185043289084,3,0,3,load_extrapolation
2,208,gp,1,10,7.285714285714286,181.42857142857144,1289.0609260869776,scale,1,0.0471785240606184,3,18,21,load_extrapolation
2,208,gp,1,10,7.285714285714286,181.42857142857144,1289.0609260869776,scale+thin,1,0.0471785240606184,3,55,58,load_extrapolation
2,208,gp,2,10,7.285714285714286,181.42857142857144,1289.0609260869776,none,1,0.019912753285387996,8,0,8,load_extrapolation
2,208,gp,2,10,7.285714285714286,181.42857142857144,1289.0609260869776,scale,1,0.019679327139435765,8,18,26,load_extrapolation
2,208,gp,2,10,7.285714285714286,181.42857142857144,1289.0609260869776,scale+thin,1,0.019679327139435765,8,56,64,load_extrapolation
2,208,gp,3,10,7.285714285714286,181.42857142857144,1289.0609260869776,none,1,0.019912753285387996,11,0,11,load_extrapolation
2,208,gp,3,10,7.285714285714286,181.42857142857144,1289.0609260869776,scale,1,0.019679327139435765,11,18,29,load_extrapolation
2,208,gp,3,10,7.285714285714286,181.42857142857144,1289.0609260869776,scale+thin,1,0.019679327139435765,11,56,67,load_extrapolation
2,208,gp,1,11,7.285714285714286,197.14285714285717,1353.7155222893743,none,1,0.05194074829169737,3,0,3,load_extrapolation
2,208,gp,1,11,7.285714285714286,197.14285714285717,1353.7155222893743,scale,1,0.05035226556037142,3,18,21,load_extrapolation
2,208,gp,1,11,7.285714285714286,197.14285714285717,1353.7155222893743,scale+thin,1,0.05035226556037142,3,55,58,load_extrapolation
2,208,gp,2,11,7.285714285714286,197.14285714285717,1353.7155222893743,none,1,0.024891533089984375,8,0,8,load_extrapolation
2,208,gp,2,11,7.285714285714286,197.14285714285717,1353.7155222893743,scale,1,0.02446933427928677,8,18,26,load_extrapolation
2,208,gp,2,11,7.285714285714286,197.14285714285717,1353.7155222893743,scale+thin,1,0.02446933427928677,8,56,64,load_extrapolation
2,208,gp,3,11,7.285714285714286,197.14285714285717,1353.7155222893743,none,1,0.024891533089984375,10,0,10,load_extrapolation
2,208,gp,3,11,7.285714285714286,197.14285714285717,1353.7155222893743,scale,1,0.02446933427928677,10,18,28,load_extrapolation
2,208,gp,3,11,7.285714285714286,197.14285714285717,1353.7155222893743,scale+thin,1,0.02446933427928677,10,56,66,load_extrapolation
2,208,gp,1,12,7.285714285714286,212.8571428571429,1426.808505633445,none,1,0.044970731136682485,3,0,3,load_extrapolation
2,208,gp,1,12,7.285714285714286,212.8571428571429,1426.808505633445,scale,1,0.043392773477140434,3,18,21,load_extrapolation
2,208,gp,1,12,7.285714285714286,212.8571428571429,1426.808505633445,scale+thin,1,0.043392773477140434,3,56,59,load_extrapolation
2,208,gp,2,12,7.285714285714286,212.8571428571429,1426.808505633445,none,1,0.020234168339491987,8,0,8,load_extrapolation
2,208,gp,2,12,7.285714285714286,212.8571428571429,1426.808505633445,scale,1,0.018670230581438796,8,18,26,load_extrapolation
2,208,gp,2,12,7.285714285714286,212.8571428571429,1426.808505633445,scale+thin,1,0.018670230581438796,8,57,65,load_extrapolation
2,208,gp,3,12,7.285714285714286,212.8571428571429,1426.808505633445,none,1,0.020234168339491987,10,0,10,load_extrapolation
2,208,gp,3,12,7.285714285714286,212.8571428571429,1426.808505633445,scale,1,0.018670230581438796,10,18,28,load_extrapolation
2,208,gp,3,12,7.285714285714286,212.8571428571429,1426.808505633445,scale+thin,1,0.018670230581438796,10,57,67,load_extrapolation
2,208,gp,1,13,7.285714285714286,228.57142857142856,1481.0244610123186,none,1,0.04999356901916352,3,0,3,load_extrapolation
2,208,gp,1,13,7.285714285714286,228.57142857142856,1481.0244610123186,scale,1,0.048432041056312825,3,18,21,load_extrapolation
2,208,gp,1,13,7.285714285714286,228.57142857142856,1481.0244610123186,scale+thin,1,0.048432041056312825,3,56,59,load_extrapolation
2,208,gp,2,13,7.285714285714286,228.57142857142856,1481.0244610123186,none,1,0.026573140773028747,8,0,8,load_extrapolation
2,208,gp,2,13,7.285714285714286,228.57142857142856,1481.0244610123186,scale,1,0.024483026619123605,8,18,26,load_extrapolation
2,208,gp,2,13,7.285714285714286,228.57142857142856,1481.0244610123186,scale+thin,1,0.024483026619123605,8,57,65,load_extrapolation
2,208,gp,3,13,7.285714285714286,228.57142857142856,1481.0244610123186,none,1,0.026573140773028747,11,0,11,load_extrapolation
2,208,gp,3,13,7.285714285714286,228.57142857142856,1481.0244610123186,scale,1,0.024483026619123605,11,18,29,load_extrapolation
2,208,gp,3,13,7.285714285714286,228.57142857142856,1481.0244610123186,scale+thin,1,0.024483026619123605,11,57,68,load_extrapolation
2,208,gp,1,14,7.285714285714286,244.28571428571428,1543.6092503419804,none,1,0.048110891277182155,3,0,3,load_extrapolation
2,208,gp,1,14,7.285714285714286,244.28571428571428,1543.6092503419804,scale,1,0.04648024989886235,3,18,21,load_extrapolation
2,208,gp,1,14,7.285714285714286,244.28571428571428,1543.6092503419804,scale+thin,1,0.04648024989886235,3,56,59,load_extrapolation
2,208,gp,2,14,7.285714285714286,244.28571428571428,1543.6092503419804,none,1,0.025087540366542926,7,0,7,load_extrapolation
2,208,gp,2,14,7.285714285714286,244.28571428571428,1543.6092503419804,scale,1,0.023516162775554683,7,18,25,load_extrapolation
2,208,gp,2,14,7.285714285714286,244.28571428571428,1543.6092503419804,scale+thin,1,0.023516162775554683,7,58,65,load_extrapolation
2,208,gp,3,14,7.285714285714286,244.28571428571428,1543.6092503419804,none,1,0.025087540366542926,10,0,10,load_extrapolation
2,208,gp,3,14,7.285714285714286,244.28571428571428,1543.6092503419804,scale,1,0.023516162775554683,10,18,28,load_extrapolation
2,208,gp,3,14,7.285714285714286,244.28571428571428,1543.6092503419804,scale+thin,1,0.023516162775554683,10,58,68,load_extrapolation
2,208,gp,1,15,7.285714285714286,260.0,1618.4847454305025,none,1,0.03785477160303885,3,0,3,load_extrapolation
2,208,gp,1,15,7.285714285714286,260.0,1618.4847454305025,scale,1,0.03609767474703318,3,18,21,load_extrapolation
2,208,gp,1,15,7.285714285714286,260.0,1618.4847454305025,scale+thin,1,0.03609767474703318,3,56,59,load_extrapolation
2,208,gp,2,15,7.285714285714286,260.0,1618.4847454305025,none,1,0.016124516016682966,7,0,7,load_extrapolation
2,208,gp,2,15,7.285714285714286,260.0,1618.4847454305025,scale,1,0.0145668780284669,7,18,25,load_extrapolation
2,208,gp,2,15,7.285714285714286,260.0,1618.4847454305025,scale+thin,1,0.010703632897295146,7,76,83,load_extrapolation
2,208,gp,3,15,7.285714285714286,260.0,1618.4847454305025,none,1,0.016124516016682966,10,0,10,load_extrapolation
2,208,gp,3,15,7.285714285714286,260.0,1618.4847454305025,scale,1,0.0145668780284669,10,18,28,load_extrapolation
2,208,gp,3,15,7.285714285714286,260.0,1618.4847454305025,scale+thin,1,0.010703632897295146,10,76,86,load_extrapolation
2,208,gp,1,16,8.571428571428571,150.0,1686.3433188884542,none,1,0.04624287723499432,2,0,2,load_extrapolation
2,208,gp,1,16,8.571428571428571,150.0,1686.3433188884542,scale,1,0.04554854109911366,2,18,20,load_extrapolation
2,208,gp,1,16,8.571428571428571,150.0,1686.3433188884542,scale+thin,1,0.04554854109911366,2,55,57,load_extrapolation
2,208,gp,2,16,8.571428571428571,150.0,1686.3433188884542,none,1,0.010035440053444145,6,0,6,load_extrapolation
2,208,gp,2,16,8.571428571428571,150.0,1686.3433188884542,scale,1,0.008510236417063277,6,18,24,load_extrapolation
2,208,gp,2,16,8.571428571428571,150.0,1686.3433188884542,scale+thin,1,0.008510236417063277,6,57,63,load_extrapolation
2,208,gp,3,16,8.571428571428571,150.0,1686.3433188884542,none,1,0.010035440053444145,9,0,9,load_extrapolation
2,208,gp,3,16,8.571428571428571,150.0,1686.3433188884542,scale,1,0.008510236417063277,9,18,27,load_extrapolation
2,208,gp,3,16,8.571428571428571,150.0,1686.3433188884542,scale+thin,1,0.008510236417063277,9,57,66,load_extrapolation
2,208,gp,1,17,8.571428571428571,165.71428571428572,1809.7430894999927,none,1,0.04244590054526376,3,0,3,load_extrapolation
2,208,gp,1,17,8.571428571428571,165.71428571428572,1809.7430894999927,scale,1,0.04077639100285868,3,18,21,load_extrapolation
2,208,gp,1,17,8.571428571428571,165.71428571428572,1809.7430894999927,scale+thin,1,0.04077639100285868,3,56,59,load_extrapolation
2,208,gp,2,17,8.571428571428571,165.71428571428572,1809.7430894999927,none,1,0.010451938635454239,7,0,7,load_extrapolation
2,208,gp,2,17,8.571428571428571,165.71428571428572,1809.7430894999927,scale,1,0.009434588820838918,7,18,25,load_extrapolation
2,208,gp,2,17,8.571428571428571,165.71428571428572,1809.7430894999927,scale+thin,1,0.009434588820838918,7,58,65,load_extrapolation
2,208,gp,3,17,8.571428571428571,165.71428571428572,1809.7430894999927,none,1,0.010451938635454239,10,0,10,load_extrapolation
2,208,gp,3,17,8.571428571428571,165.71428571428572,1809.7430894999927,scale,1,0.009434588820838918,10,18,28,load_extrapolation
2,208,gp,3,17,8.571428571428571,165.71428571428572,1809.7430894999927,scale+thin,1,0.009434588820838918,10,58,68,load_extrapolation
2,208,gp,1,18,8.571428571428571,181.42857142857144,1926.769836691324,none,1,0.03985290708242073,3,0,3,load_extrapolation
2,208,gp,1,18,8.571428571428571,181.42857142857144,1926.769836691324,scale,1,0.037830861769992064,3,18,21,load_extrapolation
2,208,gp,1,18,8.571428571428571,181.42857142857144,1926.769836691324,scale+thin,1,0.037830861769992064,3,56,59,load_extrapolation
2,208,gp,2,18,8.571428571428571,181.42857142857144,1926.769836691324,none,1,0.01011003825800505,7,0,7,load_extrapolation
2,208,gp,2,18,8.571428571428571,181.42857142857144,1926.769836691324,scale,1,0.009046817322185152,7,18,25,load_extrapolation
2,208,gp,2,18,8.571428571428571,181.42857142857144,1926.769836691324,scale+thin,1,0.0014110690103898982,7,76,83,load_extrapolation
2,208,gp,3,18,8.571428571428571,181.42857142857144,1926.769836691324,none,1,0.01011003825800505,10,0,10,load_extrapolation
2,208,gp,3,18,8.571428571428571,181.42857142857144,1926.769836691324,scale,1,0.009046817322185152,10,18,28,load_extrapolation
2,208,gp,3,18,8.571428571428571,181.42857142857144,1926.769836691324,scale+thin,1,0.0014110690103898982,10,76,86,load_extrapolation
2,208,gp,1,19,8.571428571428571,197.14285714285717,2004.21381384588,none,1,0.051843506822846,5,0,5,load_extrapolation
2,208,gp,1,19,8.571428571428571,197.14285714285717,2004.21381384588,scale,1,0.05027922767208781,5,18,23,load_extrapolation
2,208,gp,1,19,8.571428571428571,197.14285714285717,2004.21381384588,scale+thin,1,0.05027922767208781,5,56,61,load_extrapolation
2,208,gp,2,19,8.571428571428571,197.14285714285717,2004.21381384588,none,1,0.02306611075756826,8,0,8,load_extrapolation
2,208,gp,2,19,8.571428571428571,197.14285714285717,2004.21381384588,scale,1,0.022785136552201823,8,18,26,load_extrapolation
2,208,gp,2,19,8.571428571428571,197.14285714285717,2004.21381384588,scale+thin,1,0.011408851903078165,8,77,85,load_extrapolation
2,208,gp,3,19,8.571428571428571,197.14285714285717,2004.21381384588,none,1,0.02306611075756826,11,0,11,load_extrapolation
2,208,gp,3,19,8.571428571428571,197.14285714285717,2004.21381384588,scale,1,0.022785136552201823,11,18,29,load_extrapolation
2,208,gp,3,19,8.571428571428571,197.14285714285717,2004.21381384588,scale+thin,1,0.011408851903078165,11,77,88,load_extrapolation
2,208,gp,1,20,8.571428571428571,212.8571428571429,2119.4215005582246,none,1,0.04142128456824623,5,0,5,load_extrapolation
2,208,gp,1,20,8.571428571428571,212.8571428571429,2119.4215005582246,scale,1,0.03922950476722509,5,18,23,load_extrapolation
2,208,gp,1,20,8.571428571428571,212.8571428571429,2119.4215005582246,scale+thin,1,0.03922950476722509,5,57,62,load_extrapolation
2,208,gp,2,20,8.571428571428571,212.8571428571429,2119.4215005582246,none,1,0.014581397141375962,9,0,9,load_extrapolation
2,208,gp,2,20,8.571428571428571,212.8571428571429,2119.4215005582246,scale,1,0.013513469745669138,9,18,27,load_extrapolation
2,208,gp,2,20,8.571428571428571,212.8571428571429,2119.4215005582246,scale+thin,1,0.00252056226186137,9,79,88,load_extrapolation
2,208,gp,3,20,8.571428571428571,212.8571428571429,2119.4215005582246,none,1,0.014581397141375962,12,0,12,load_extrapolation
2,208,gp,3,20,8.571428571428571,212.8571428571429,2119.4215005582246,scale,1,0.013513469745669138,12,18,30,load_extrapolation
2,208,gp,3,20,8.571428571428571,212.8571428571429,2119.4215005582246,scale+thin,1,0.00252056226186137,12,79,91,load_extrapolation
2,208,gp,1,21,8.571428571428571,228.57142857142856,2258.167962393494,none,1,0.019136015357040348,4,0,4,load_extrapolation
2,208,gp,1,21,8.571428571428571,228.57142857142856,2258.167962393494,scale,1,0.01764368704170627,4,18,22,load_extrapolation
2,208,gp,1,21,8.571428571428571,228.57142857142856,2258.167962393494,scale+thin,1,0.01764368704170627,4,58,62,load_extrapolation
2,208,gp,2,21,8.571428571428571,228.57142857142856,2258.167962393494,none,1,0.0072132939995361856,13,0,13,load_extrapolation
2,208,gp,2,21,8.571428571428571,228.57142857142856,2258.167962393494,scale,1,0.0067753292467158666,13,18,31,load_extrapolation
2,208,gp,2,21,8.571428571428571,228.57142857142856,2258.167962393494,scale+thin,1,0.0067753292467158666,13,80,93,load_extrapolation
2,208,gp,3,21,8.571428571428571,228.57142857142856,2258.167962393494,none,1,0.0072132939995361856,18,0,18,load_extrapolation
2,208,gp,3,21,8.571428571428571,228.57142857142856,2258.167962393494,scale,1,0.0067753292467158666,18,18,36,load_extrapolation
2,208,gp,3,21,8.571428571428571,228.57142857142856,2258.167962393494,scale+thin,1,0.0067753292467158666,18,80,98,load_extrapolation
2,208,gp,1,22,8.571428571428571,244.28571428571428,2347.8753054507297,none,1,0.02068568264041426,4,0,4,load_extrapolation
2,208,gp,1,22,8.571428571428571,244.28571428571428,2347.8753054507297,scale,1,0.019191085135952246,4,18,22,load_extrapolation
2,208,gp,1,22,8.571428571428571,244.28571428571428,2347.8753054507297,scale+thin,1,0.017299269371909176,4,76,80,load_extrapolation
2,208,gp,2,22,8.571428571428571,244.28571428571428,2347.8753054507297,none,1,0.02068568264041426,14,0,14,load_extrapolation
2,208,gp,2,22,8.571428571428571,244.28571428571428,2347.8753054507297,scale,1,0.019191085135952246,14,18,32,load_extrapolation
2,208,gp,2,22,8.571428571428571,244.28571428571428,2347.8753054507297,scale+thin,1,0.017299269371909176,14,76,90,load_extrapolation
2,208,gp,3,22,8.571428571428571,244.28571428571428,2347.8753054507297,none,1,0.02068568264041426,20,0,20,load_extrapolation
2,208,gp,3,22,8.571428571428571,244.28571428571428,2347.8753054507297,scale,1,0.019191085135952246,20,18,38,load_extrapolation
2,208,gp,3,22,8.571428571428571,244.28571428571428,2347.8753054507297,scale+thin,1,0.017299269371909176,20,76,96,load_extrapolation
2,208,gp,1,23,8.571428571428571,260.0,2454.6466970028446,none,1,0.014792946453460853,4,0,4,load_extrapolation
2,208,gp,1,23,8.571428571428571,260.0,2454.6466970028446,scale,1,0.013306977725662472,4,18,22,load_extrapolation
2,208,gp,1,23,8.571428571428571,260.0,2454.6466970028446,scale+thin,1,0.008793180135910239,4,76,80,load_extrapolation
2,208,gp,2,23,8.571428571428571,260.0,2454.6466970028446,none,1,0.014792946453460853,14,0,14,load_extrapolation
2,208,gp,2,23,8.571428571428571,260.0,2454.6466970028446,scale,1,0.013306977725662472,14,18,32,load_extrapolation
2,208,gp,2,23,8.571428571428571,260.0,2454.6466970028446,scale+thin,1,0.008793180135910239,14,76,90,load_extrapolation
2,208,gp,3,23,8.571428571428571,260.0,2454.6466970028446,none,1,0.014792946453460853,18,0,18,load_extrapolation
2,208,gp,3,23,8.571428571428571,260.0,2454.6466970028446,scale,1,0.013306977725662472,18,18,36,load_extrapolation
2,208,gp,3,23,8.571428571428571,260.0,2454.6466970028446,scale+thin,1,0.008793180135910239,18,76,94,load_extrapolation
2,208,gp,1,24,9.857142857142858,150.0,2401.6635135318147,none,1,0.036007872392411766,5,0,5,load_extrapolation
2,208,gp,1,24,9.857142857142858,150.0,2401.6635135318147,scale,1,0.03432498034532161,5,18,23,load_extrapolation
2,208,gp,1,24,9.857142857142858,150.0,2401.6635135318147,scale+thin,1,0.03432498034532161,5,57,62,load_extrapolation
2,208,gp,2,24,9.857142857142858,150.0,2401.6635135318147,none,1,0.00247853321118896,10,0,10,load_extrapolation
2,208,gp,2,24,9.857142857142858,150.0,2401.6635135318147,scale,1,0.0019508696720851315,10,18,28,load_extrapolation
2,208,gp,2,24,9.857142857142858,150.0,2401.6635135318147,scale+thin,1,0.0019508696720851315,10,77,87,load_extrapolation
2,208,gp,3,24,9.857142857142858,150.0,2401.6635135318147,none,1,0.00247853321118896,13,0,13,load_extrapolation
2,208,gp,3,24,9.857142857142858,150.0,2401.6635135318147,scale,1,0.0019508696720851315,13,18,31,load_extrapolation
2,208,gp,3,24,9.857142857142858,150.0,2401.6635135318147,scale+thin,1,0.0019508696720851315,13,77,90,load_extrapolation
2,208,gp,1,25,9.857142857142858,165.71428571428572,2596.489349148936,none,1,0.028630484946840173,4,0,4,load_extrapolation
2,208,gp,1,25,9.857142857142858,165.71428571428572,2596.489349148936,scale,1,0.02804198206015851,4,18,22,load_extrapolation
2,208,gp,1,25,9.857142857142858,165.71428571428572,2596.489349148936,scale+thin,1,0.026807554884582308,4,76,80,load_extrapolation
2,208,gp,2,25,9.857142857142858,165.71428571428572,2596.489349148936,none,1,0.005907509058928451,14,0,14,load_extrapolation
2,208,gp,2,25,9.857142857142858,165.71428571428572,2596.489349148936,scale,1,0.005447093840385664,14,18,32,load_extrapolation
2,208,gp,2,25,9.857142857142858,165.71428571428572,2596.489349148936,scale+thin,1,0.005447093840385664,14,80,94,load_extrapolation
2,208,gp,3,25,9.857142857142858,165.71428571428572,2596.489349148936,none,1,0.005907509058928451,18,0,18,load_extrapolation
2,208,gp,3,25,9.857142857142858,165.71428571428572,2596.489349148936,scale,1,0.005447093840385664,18,18,36,load_extrapolation
2,208,gp,3,25,9.857142857142858,165.71428571428572,2596.489349148936,scale+thin,1,0.005447093840385664,18,80,98,load_extrapolation
2,208,gp,1,26,9.857142857142858,181.42857142857144,2778.4364695846,none,1,0.02180715369020425,4,0,4,load_extrapolation
2,208,gp,1,26,9.857142857142858,181.42857142857144,2778.4364695846,scale,1,0.021713606592451917,4,18,22,load_extrapolation
2,208,gp,1,26,9.857142857142858,181.42857142857144,2778.4364695846,scale+thin,1,0.014671104144150071,4,76,80,load_extrapolation
2,208,gp,2,26,9.857142857142858,181.42857142857144,2778.4364695846,none,1,0.02180715369020425,14,0,14,load_extrapolation
2,208,gp,2,26,9.857142857142858,181.42857142857144,2778.4364695846,scale,1,0.021713606592451917,14,18,32,load_extrapolation
2,208,gp,2,26,9.857142857142858,181.42857142857144,2778.4364695846,scale+thin,1,0.014671104144150071,14,76,90,load_extrapolation
2,208,gp,3,26,9.857142857142858,181.42857142857144,2778.4364695846,none,1,0.02180715369020425,16,0,16,load_extrapolation
2,208,gp,3,26,9.857142857142858,181.42857142857144,2778.4364695846,scale,1,0.021713606592451917,16,18,34,load_extrapolation
2,208,gp,3,26,9.857142857142858,181.42857142857144,2778.4364695846,scale+thin,1,0.014671104144150071,16,76,92,load_extrapolation
2,208,gp,1,27,9.857142857142858,197.14285714285717,2934.59017073786,none,1,0.01921961220010493,4,0,4,load_extrapolation
2,208,gp,1,27,9.857142857142858,197.14285714285717,2934.59017073786,scale,1,0.019196284247983142,4,18,22,load_extrapolation
2,208,gp,1,27,9.857142857142858,197.14285714285717,2934.59017073786,scale+thin,1,0.010345024751238219,4,77,81,load_extrapolation
2,208,gp,2,27,9.857142857142858,197.14285714285717,2934.59017073786,none,1,0.01921961220010493,14,0,14,load_extrapolation
2,208,gp,2,27,9.857142857142858,197.14285714285717,2934.59017073786,scale,1,0.019196284247983142,14,18,32,load_extrapolation
2,208,gp,2,27,9.857142857142858,197.14285714285717,2934.59017073786,scale+thin,1,0.010345024751238219,14,77,91,load_extrapolation
2,208,gp,3,27,9.857142857142858,197.14285714285717,2934.59017073786,none,1,0.01921961220010493,17,0,17,load_extrapolation
2,208,gp,3,27,9.857142857142858,197.14285714285717,2934.59017073786,scale,1,0.019196284247983142,17,18,35,load_extrapolation
2,208,gp,3,27,9.857142857142858,197.14285714285717,2934.59017073786,scale+thin,1,0.010345024751238219,17,77,94,load_extrapolation
2,208,gp,1,28,9.857142857142858,212.8571428571429,3092.903946849261,none,1,0.014231240947582213,5,0,5,load_extrapolation
2,208,gp,1,28,9.857142857142858,212.8571428571429,3092.903946849261,scale,1,0.013233288385697373,5,18,23,load_extrapolation
2,208,gp,1,28,9.857142857142858,212.8571428571429,3092.903946849261,scale+thin,1,0.0062044335266149275,5,80,85,load_extrapolation
2,208,gp,2,28,9.857142857142858,212.8571428571429,3092.903946849261,none,1,0.014231240947582213,15,0,15,load_extrapolation
2,208,gp,2,28,9.857142857142858,212.8571428571429,3092.903946849261,scale,1,0.013233288385697373,15,18,33,load_extrapolation
2,208,gp,2,28,9.857142857142858,212.8571428571429,3092.903946849261,scale+thin,1,0.0062044335266149275,15,80,95,load_extrapolation
2,208,gp,3,28,9.857142857142858,212.8571428571429,3092.903946849261,none,1,0.014231240947582213,19,0,19,load_extrapolation
2,208,gp,3,28,9.857142857142858,212.8571428571429,3092.903946849261,scale,1,0.013233288385697373,19,18,37,load_extrapolation
2,208,gp,3,28,9.857142857142858,212.8571428571429,3092.903946849261,scale+thin,1,0.0062044335266149275,19,80,99,load_extrapolation
2,208,gp,1,29,9.857142857142858,228.57142857142856,3278.0505051710666,none,1,0.013070762883878206,10,0,10,load_extrapolation
2,208,gp,1,29,9.857142857142858,228.57142857142856,3278.0505051710666,scale,1,0.012630251138353366,10,18,28,load_extrapolation
2,208,gp,1,29,9.857142857142858,228.57142857142856,3278.0505051710666,scale+thin,1,0.012630251138353366,10,80,90,load_extrapolation
2,208,gp,2,29,9.857142857142858,228.57142857142856,3278.0505051710666,none,1,0.013070762883878206,20,0,20,load_extrapolation
2,208,gp,2,29,9.857142857142858,228.57142857142856,3278.0505051710666,scale,1,0.012630251138353366,20,18,38,load_extrapolation
2,208,gp,2,29,9.857142857142858,228.57142857142856,3278.0505051710666,scale+thin,1,0.012630251138353366,20,80,100,load_extrapolation
2,208,gp,3,29,9.857142857142858,228.57142857142856,3278.0505051710666,none,1,0.013070762883878206,24,0,24,load_extrapolation
2,208,gp,3,29,9.857142857142858,228.57142857142856,3278.0505051710666,scale,1,0.012630251138353366,24,18,42,load_extrapolation
2,208,gp,3,29,9.857142857142858,228.57142857142856,3278.0505051710666,scale+thin,1,0.012630251138353366,24,80,104,load_extrapolation
2,208,gp,1,30,9.857142857142858,244.28571428571428,3503.3130527973344,none,0,,10,0,10,load_extrapolation
2,208,gp,1,30,9.857142857142858,244.28571428571428,3503.3130527973344,scale,1,0.013386798667389455,10,19,29,load_extrapolation
2,208,gp,1,30,9.857142857142858,244.28571428571428,3503.3130527973344,scale+thin,1,0.013386798667389455,10,84,94,load_extrapolation
2,208,gp,2,30,9.857142857142858,244.28571428571428,3503.3130527973344,none,0,,20,0,20,load_extrapolation
2,208,gp,2,30,9.857142857142858,244.28571428571428,3503.3130527973344,scale,1,0.013386798667389455,20,19,39,load_extrapolation
2,208,gp,2,30,9.857142857142858,244.28571428571428,3503.3130527973344,scale+thin,1,0.013386798667389455,20,84,104,load_extrapolation
2,208,gp,3,30,9.857142857142858,244.28571428571428,3503.3130527973344,none,1,0.2506942633189404,28,0,28,load_extrapolation
2,208,gp,3,30,9.857142857142858,244.28571428571428,3503.3130527973344,scale,1,0.2502649083751569,28,18,46,load_extrapolation
2,208,gp,3,30,9.857142857142858,244.28571428571428,3503.3130527973344,scale+thin,1,0.2502649083751569,28,80,108,load_extrapolation
2,208,gp,1,31,9.857142857142858,260.0,3720.59576057169,none,0,,10,0,10,load_extrapolation
2,208,gp,1,31,9.857142857142858,260.0,3720.59576057169,scale,1,0.015204855436353082,10,19,29,load_extrapolation
2,208,gp,1,31,9.857142857142858,260.0,3720.59576057169,scale+thin,1,0.015204855436353082,10,86,96,load_extrapolation
2,208,gp,2,31,9.857142857142858,260.0,3720.59576057169,none,0,,20,0,20,load_extrapolation
2,208,gp,2,31,9.857142857142858,260.0,3720.59576057169,scale,1,0.015204855436353082,20,19,39,load_extrapolation
2,208,gp,2,31,9.857142857142858,260.0,3720.59576057169,scale+thin,1,0.015204855436353082,20,86,106,load_extrapolation
2,208,gp,3,31,9.857142857142858,260.0,3720.59576057169,none,0,,30,0,30,load_extrapolation
2,208,gp,3,31,9.857142857142858,260.0,3720.59576057169,scale,1,0.25203395810584084,30,19,49,load_extrapolation
2,208,gp,3,31,9.857142857142858,260.0,3720.59576057169,scale+thin,1,0.25203395810584084,30,83,113,load_extrapolation
2,208,gp,1,32,11.142857142857142,150.0,3412.4966998531304,none,1,0.02026039805545432,5,0,5,load_extrapolation
2,208,gp,1,32,11.142857142857142,150.0,3412.4966998531304,scale,1,0.019349876907656105,5,18,23,load_extrapolation
2,208,gp,1,32,11.142857142857142,150.0,3412.4966998531304,scale+thin,1,0.005885471527468544,5,77,82,load_extrapolation
2,208,gp,2,32,11.142857142857142,150.0,3412.4966998531304,none,1,0.02026039805545432,15,0,15,load_extrapolation
2,208,gp,2,32,11.142857142857142,150.0,3412.4966998531304,scale,1,0.019349876907656105,15,18,33,load_extrapolation
2,208,gp,2,32,11.142857142857142,150.0,3412.4966998531304,scale+thin,1,0.005885471527468544,15,77,92,load_extrapolation
2,208,gp,3,32,11.142857142857142,150.0,3412.4966998531304,none,1,0.02026039805545432,19,0,19,load_extrapolation
2,208,gp,3,32,11.142857142857142,150.0,3412.4966998531304,scale,1,0.019349876907656105,19,18,37,load_extrapolation
2,208,gp,3,32,11.142857142857142,150.0,3412.4966998531304,scale+thin,1,0.005885471527468544,19,77,96,load_extrapolation
2,208,gp,1,33,11.142857142857142,165.71428571428572,3681.539358959639,none,1,0.013842390821715345,5,0,5,load_extrapolation
2,208,gp,1,33,11.142857142857142,165.71428571428572,3681.539358959639,scale,1,0.013331944850224264,5,18,23,load_extrapolation
2,208,gp,1,33,11.142857142857142,165.71428571428572,3681.539358959639,scale+thin,1,0.013331944850224264,5,80,85,load_extrapolation
2,208,gp,2,33,11.142857142857142,165.71428571428572,3681.539358959639,none,1,0.013842390821715345,15,0,15,load_extrapolation
2,208,gp,2,33,11.142857142857142,165.71428571428572,3681.539358959639,scale,1,0.013331944850224264,15,18,33,load_extrapolation
2,208,gp,2,33,11.142857142857142,165.71428571428572,3681.539358959639,scale+thin,1,0.013331944850224264,15,80,95,load_extrapolation
2,208,gp,3,33,11.142857142857142,165.71428571428572,3681.539358959639,none,1,0.013842390821715345,20,0,20,load_extrapolation
2,208,gp,3,33,11.142857142857142,165.71428571428572,3681.539358959639,scale,1,0.013331944850224264,20,18,38,load_extrapolation
2,208,gp,3,33,11.142857142857142,165.71428571428572,3681.539358959639,scale+thin,1,0.013331944850224264,20,80,100,load_extrapolation
2,208,gp,1,34,11.142857142857142,181.42857142857144,4001.813446814073,none,1,0.004756103044261328,10,0,10,load_extrapolation
2,208,gp,1,34,11.142857142857142,181.42857142857144,4001.813446814073,scale,1,0.004664116981089705,10,18,28,load_extrapolation
2,208,gp,1,34,11.142857142857142,181.42857142857144,4001.813446814073,scale+thin,1,0.004664116981089705,10,83,93,load_extrapolation
2,208,gp,2,34,11.142857142857142,181.42857142857144,4001.813446814073,none,1,0.004756103044261328,20,0,20,load_extrapolation
2,208,gp,2,34,11.142857142857142,181.42857142857144,4001.813446814073,scale,1,0.004664116981089705,20,18,38,load_extrapolation
2,208,gp,2,34,11.142857142857142,181.42857142857144,4001.813446814073,scale+thin,1,0.004664116981089705,20,83,103,load_extrapolation
2,208,gp,3,34,11.142857142857142,181.42857142857144,4001.813446814073,none,1,0.004756103044261328,25,0,25,load_extrapolation
2,208,gp,3,34,11.142857142857142,181.42857142857144,4001.813446814073,scale,1,0.004664116981089705,25,18,43,load_extrapolation
2,208,gp,3,34,11.142857142857142,181.42857142857144,4001.813446814073,scale+thin,1,0.004664116981089705,25,83,108,load_extrapolation
2,208,gp,1,35,11.142857142857142,197.14285714285717,4332.975062229721,none,0,,10,0,10,load_extrapolation
2,208,gp,1,35,11.142857142857142,197.14285714285717,4332.975062229721,scale,1,0.005904308748261533,10,19,29,load_extrapolation
2,208,gp,1,35,11.142857142857142,197.14285714285717,4332.975062229721,scale+thin,1,0.005904308748261533,10,86,96,load_extrapolation
2,208,gp,2,35,11.142857142857142,197.14285714285717,4332.975062229721,none,0,,20,0,20,load_extrapolation
2,208,gp,2,35,11.142857142857142,197.14285714285717,4332.975062229721,scale,1,0.005904308748261533,20,19,39,load_extrapolation
2,208,gp,2,35,11.142857142857142,197.14285714285717,4332.975062229721,scale+thin,1,0.005904308748261533,20,86,106,load_extrapolation
2,208,gp,3,35,11.142857142857142,197.14285714285717,4332.975062229721,none,1,0.24972976659874724,30,0,30,load_extrapolation
2,208,gp,3,35,11.142857142857142,197.14285714285717,4332.975062229721,scale,1,0.24964395593878907,30,18,48,load_extrapolation
2,208,gp,3,35,11.142857142857142,197.14285714285717,4332.975062229721,scale+thin,1,0.24964395593878907,30,83,113,load_extrapolation
2,208,gp,1,36,11.142857142857142,212.8571428571429,4658.140801057062,none,0,,10,0,10,load_extrapolation
2,208,gp,1,36,11.142857142857142,212.8571428571429,4658.140801057062,scale,1,0.00950936358860055,10,19,29,load_extrapolation
2,208,gp,1,36,11.142857142857142,212.8571428571429,4658.140801057062,scale+thin,1,0.00950936358860055,10,71,81,load_extrapolation
2,208,gp,2,36,11.142857142857142,212.8571428571429,4658.140801057062,none,0,,20,0,20,load_extrapolation
2,208,gp,2,36,11.142857142857142,212.8571428571429,4658.140801057062,scale,1,0.00950936358860055,20,19,39,load_extrapolation
2,208,gp,2,36,11.142857142857142,212.8571428571429,4658.140801057062,scale+thin,1,0.00950936358860055,20,71,91,load_extrapolation
2,208,gp,3,36,11.142857142857142,212.8571428571429,4658.140801057062,none,0,,30,0,30,load_extrapolation
2,208,gp,3,36,11.142857142857142,212.8571428571429,4658.140801057062,scale,1,0.2537886071344675,30,19,49,load_extrapolation
2,208,gp,3,36,11.142857142857142,212.8571428571429,4658.140801057062,scale+thin,1,0.2537886071344675,30,86,116,load_extrapolation
2,208,gp,1,37,11.142857142857142,228.57142857142856,5137.886749115688,none,0,,10,0,10,load_extrapolation
2,208,gp,1,37,11.142857142857142,228.57142857142856,5137.886749115688,scale,1,6.992648351467068e-07,10,19,29,load_extrapolation
2,208,gp,1,37,11.142857142857142,228.57142857142856,5137.886749115688,scale+thin,1,6.992648351467068e-07,10,72,82,load_extrapolation
2,208,gp,2,37,11.142857142857142,228.57142857142856,5137.886749115688,none,0,,20,0,20,load_extrapolation
2,208,gp,2,37,11.142857142857142,228.57142857142856,5137.886749115688,scale,1,6.992648351467068e-07,20,19,39,load_extrapolation
2,208,gp,2,37,11.142857142857142,228.57142857142856,5137.886749115688,scale+thin,1,6.992648351467068e-07,20,72,92,load_extrapolation
2,208,gp,3,37,11.142857142857142,228.57142857142856,5137.886749115688,none,0,,30,0,30,load_extrapolation
2,208,gp,3,37,11.142857142857142,228.57142857142856,5137.886749115688,scale,1,0.21870082727938822,30,19,49,load_extrapolation
2,208,gp,3,37,11.142857142857142,228.57142857142856,5137.886749115688,scale+thin,1,0.21870082727938822,30,70,100,load_extrapolation
2,208,gp,1,38,11.142857142857142,244.28571428571428,6871.433005819378,none,0,,10,0,10,load_extrapolation
2,208,gp,1,38,11.142857142857142,244.28571428571428,6871.433005819378,scale,0,,10,9,19,load_extrapolation
2,208,gp,1,38,11.142857142857142,244.28571428571428,6871.433005819378,scale+thin,0,,10,33,43,load_extrapolation
2,208,gp,2,38,11.142857142857142,244.28571428571428,6871.433005819378,none,0,,20,0,20,load_extrapolation
2,208,gp,2,38,11.142857142857142,244.28571428571428,6871.433005819378,scale,0,,20,9,29,load_extrapolation
2,208,gp,2,38,11.142857142857142,244.28571428571428,6871.433005819378,scale+thin,0,,20,33,53,load_extrapolation
2,208,gp,3,38,11.142857142857142,244.28571428571428,6871.433005819378,none,0,,30,0,30,load_extrapolation
2,208,gp,3,38,11.142857142857142,244.28571428571428,6871.433005819378,scale,1,-2.873035480210895e-05,30,20,50,load_extrapolation
2,208,gp,3,38,11.142857142857142,244.28571428571428,6871.433005819378,scale+thin,1,-2.8828148628590178e-05,30,73,103,load_extrapolation
2,208,gp,1,39,11.142857142857142,260.0,8337.065935629631,none,0,,10,0,10,load_extrapolation
2,208,gp,1,39,11.142857142857142,260.0,8337.065935629631,scale,0,,10,9,19,load_extrapolation
2,208,gp,1,39,11.142857142857142,260.0,8337.065935629631,scale+thin,0,,10,33,43,load_extrapolation
2,208,gp,2,39,11.142857142857142,260.0,8337.065935629631,none,0,,20,0,20,load_extrapolation
2,208,gp,2,39,11.142857142857142,260.0,8337.065935629631,scale,0,,20,9,29,load_extrapolation
2,208,gp,2,39,11.142857142857142,260.0,8337.065935629631,scale+thin,0,,20,33,53,load_extrapolation
2,208,gp,3,39,11.142857142857142,260.0,8337.065935629631,none,0,,30,0,30,load_extrapolation
2,208,gp,3,39,11.142857142857142,260.0,8337.065935629631,scale,0,,30,9,39,load_extrapolation
2,208,gp,3,39,11.142857142857142,260.0,8337.065935629631,scale+thin,0,,30,33,63,load_extrapolation
2,208,gp,1,40,12.428571428571429,150.0,4886.521183652799,none,1,0.007464718636096546,10,0,10,load_extrapolation
2,208,gp,1,40,12.428571428571429,150.0,4886.521183652799,scale,1,0.0071419179730698445,10,18,28,load_extrapolation
2,208,gp,1,40,12.428571428571429,150.0,4886.521183652799,scale+thin,1,0.0071419179730698445,10,85,95,load_extrapolation
2,208,gp,2,40,12.428571428571429,150.0,4886.521183652799,none,1,0.007464718636096546,20,0,20,load_extrapolation
2,208,gp,2,40,12.428571428571429,150.0,4886.521183652799,scale,1,0.0071419179730698445,20,18,38,load_extrapolation
2,208,gp,2,40,12.428571428571429,150.0,4886.521183652799,scale+thin,1,0.0071419179730698445,20,85,105,load_extrapolation
2,208,gp,3,40,12.428571428571429,150.0,4886.521183652799,none,1,0.007464718636096546,24,0,24,load_extrapolation
2,208,gp,3,40,12.428571428571429,150.0,4886.521183652799,scale,1,0.0071419179730698445,24,18,42,load_extrapolation
2,208,gp,3,40,12.428571428571429,150.0,4886.521183652799,scale+thin,1,0.0071419179730698445,24,85,109,load_extrapolation
2,208,gp,1,41,12.428571428571429,165.71428571428572,5340.456835444255,none,0,,10,0,10,load_extrapolation
2,208,gp,1,41,12.428571428571429,165.71428571428572,5340.456835444255,scale,1,0.01017045730234245,10,19,29,load_extrapolation
2,208,gp,1,41,12.428571428571429,165.71428571428572,5340.456835444255,scale+thin,1,0.01017045730234245,10,72,82,load_extrapolation
2,208,gp,2,41,12.428571428571429,165.71428571428572,5340.456835444255,none,0,,20,0,20,load_extrapolation
2,208,gp,2,41,12.428571428571429,165.71428571428572,5340.456835444255,scale,1,0.01017045730234245,20,19,39,load_extrapolation
2,208,gp,2,41,12.428571428571429,165.71428571428572,5340.456835444255,scale+thin,1,0.01017045730234245,20,72,92,load_extrapolation
2,208,gp,3,41,12.428571428571429,165.71428571428572,5340.456835444255,none,1,0.26427536351857084,30,0,30,load_extrapolation
2,208,gp,3,41,12.428571428571429,165.71428571428572,5340.456835444255,scale,1,0.26404387838253807,30,18,48,load_extrapolation
2,208,gp,3,41,12.428571428571429,165.71428571428572,5340.456835444255,scale+thin,1,0.26404387838253807,30,85,115,load_extrapolation
2,208,gp,1,42,12.428571428571429,181.42857142857144,7499.029230834781,none,0,,10,0,10,load_extrapolation
2,208,gp,1,42,12.428571428571429,181.42857142857144,7499.029230834781,scale,0,,10,9,19,load_extrapolation
2,208,gp,1,42,12.428571428571429,181.42857142857144,7499.029230834781,scale+thin,0,,10,33,43,load_extrapolation
2,208,gp,2,42,12.428571428571429,181.42857142857144,7499.029230834781,none,0,,20,0,20,load_extrapolation
2,208,gp,2,42,12.428571428571429,181.42857142857144,7499.029230834781,scale,0,,20,9,29,load_extrapolation
2,208,gp,2,42,12.428571428571429,181.42857142857144,7499.029230834781,scale+thin,0,,20,33,53,load_extrapolation
2,208,gp,3,42,12.428571428571429,181.42857142857144,7499.029230834781,none,0,,30,0,30,load_extrapolation
2,208,gp,3,42,12.428571428571429,181.42857142857144,7499.029230834781,scale,1,-4.516769672058274e-06,30,20,50,load_extrapolation
2,208,gp,3,42,12.428571428571429,181.42857142857144,7499.029230834781,scale+thin,1,-4.516769672058274e-06,30,73,103,load_extrapolation
2,208,gp,1,43,12.428571428571429,197.14285714285717,9997.68170860264,none,0,,10,0,10,load_extrapolation
2,208,gp,1,43,12.428571428571429,197.14285714285717,9997.68170860264,scale,0,,10,9,19,load_extrapolation
2,208,gp,1,43,12.428571428571429,197.14285714285717,9997.68170860264,scale+thin,0,,10,33,43,load_extrapolation
2,208,gp,2,43,12.428571428571429,197.14285714285717,9997.68170860264,none,0,,20,0,20,load_extrapolation
2,208,gp,2,43,12.428571428571429,197.14285714285717,9997.68170860264,scale,0,,20,9,29,load_extrapolation
2,208,gp,2,43,12.428571428571429,197.14285714285717,9997.68170860264,scale+thin,0,,20,33,53,load_extrapolation
2,208,gp,3,43,12.428571428571429,197.14285714285717,9997.68170860264,none,0,,30,0,30,load_extrapolation
2,208,gp,3,43,12.428571428571429,197.14285714285717,9997.68170860264,scale,0,,30,9,39,load_extrapolation
2,208,gp,3,43,12.428571428571429,197.14285714285717,9997.68170860264,scale+thin,0,,30,33,63,load_extrapolation
2,208,gp,1,44,12.428571428571429,212.8571428571429,12790.67961945902,none,0,,10,0,10,load_extrapolation
2,208,gp,1,44,12.428571428571429,212.8571428571429,12790.67961945902,scale,0,,10,9,19,load_extrapolation
2,208,gp,1,44,12.428571428571429,212.8571428571429,12790.67961945902,scale+thin,0,,10,33,43,load_extrapolation
2,208,gp,2,44,12.428571428571429,212.8571428571429,12790.67961945902,none,0,,20,0,20,load_extrapolation
2,208,gp,2,44,12.428571428571429,212.8571428571429,12790.67961945902,scale,0,,20,9,29,load_extrapolation
2,208,gp,2,44,12.428571428571429,212.8571428571429,12790.67961945902,scale+thin,0,,20,33,53,load_extrapolation
2,208,gp,3,44,12.428571428571429,212.8571428571429,12790.67961945902,none,0,,30,0,30,load_extrapolation
2,208,gp,3,44,12.428571428571429,212.8571428571429,12790.67961945902,scale,0,,30,9,39,load_extrapolation
2,208,gp,3,44,12.428571428571429,212.8571428571429,12790.67961945902,scale+thin,0,,30,33,63,load_extrapolation
2,208,gp,1,45,13.714285714285715,150.0,11343.005436312367,none,0,,10,0,10,load_extrapolation
2,208,gp,1,45,13.714285714285715,150.0,11343.005436312367,scale,0,,10,9,19,load_extrapolation
2,208,gp,1,45,13.714285714285715,150.0,11343.005436312367,scale+thin,0,,10,33,43,load_extrapolation
2,208,gp,2,45,13.714285714285715,150.0,11343.005436312367,none,0,,20,0,20,load_extrapolation
2,208,gp,2,45,13.714285714285715,150.0,11343.005436312367,scale,0,,20,9,29,load_extrapolation
2,208,gp,2,45,13.714285714285715,150.0,11343.005436312367,scale+thin,0,,20,33,53,load_extrapolation
2,208,gp,3,45,13.714285714285715,150.0,11343.005436312367,none,0,,30,0,30,load_extrapolation
2,208,gp,3,45,13.714285714285715,150.0,11343.005436312367,scale,0,,30,9,39,load_extrapolation
2,208,gp,3,45,13.714285714285715,150.0,11343.005436312367,scale+thin,0,,30,33,63,load_extrapolation
2,208,gp,1,46,13.714285714285715,165.71428571428572,15604.275186931443,none,0,,10,0,10,load_extrapolation
2,208,gp,1,46,13.714285714285715,165.71428571428572,15604.275186931443,scale,0,,10,9,19,load_extrapolation
2,208,gp,1,46,13.714285714285715,165.71428571428572,15604.275186931443,scale+thin,0,,10,33,43,load_extrapolation
2,208,gp,2,46,13.714285714285715,165.71428571428572,15604.275186931443,none,0,,20,0,20,load_extrapolation
2,208,gp,2,46,13.714285714285715,165.71428571428572,15604.275186931443,scale,0,,20,9,29,load_extrapolation
2,208,gp,2,46,13.714285714285715,165.71428571428572,15604.275186931443,scale+thin,0,,20,33,53,load_extrapolation
2,208,gp,3,46,13.714285714285715,165.71428571428572,15604.275186931443,none,0,,30,0,30,load_extrapolation
2,208,gp,3,46,13.714285714285715,165.71428571428572,15604.275186931443,scale,0,,30,9,39,load_extrapolation
2,208,gp,3,46,13.714285714285715,165.71428571428572,15604.275186931443,scale+thin,0,,30,33,63,load_extrapolation
2,208,poly3,1,0,6.0,150.0,718.2839060185494,none,1,0.011701259633771555,3,0,3,load_extrapolation
2,208,poly3,1,0,6.0,150.0,718.2839060185494,scale,1,0.011122442341782834,3,18,21,load_extrapolation
2,208,poly3,1,0,6.0,150.0,718.2839060185494,scale+thin,1,0.011122442341782834,3,55,58,load_extrapolation
2,208,poly3,2,0,6.0,150.0,718.2839060185494,none,1,0.011701259633771555,6,0,6,load_extrapolation
2,208,poly3,2,0,6.0,150.0,718.2839060185494,scale,1,0.011122442341782834,6,18,24,load_extrapolation
2,208,poly3,2,0,6.0,150.0,718.2839060185494,scale+thin,1,0.011122442341782834,6,55,61,load_extrapolation
2,208,poly3,3,0,6.0,150.0,718.2839060185494,none,1,0.011701259633771555,9,0,9,load_extrapolation
2,208,poly3,3,0,6.0,150.0,718.2839060185494,scale,1,0.011122442341782834,9,18,27,load_extrapolation
2,208,poly3,3,0,6.0,150.0,718.2839060185494,scale+thin,1,0.011122442341782834,9,55,64,load_extrapolation
2,208,poly3,1,1,6.0,165.71428571428572,766.0869680124856,none,1,0.015021489076066485,4,0,4,load_extrapolation
2,208,poly3,1,1,6.0,165.71428571428572,766.0869680124856,scale,1,0.01348875625823398,4,18,22,load_extrapolation
2,208,poly3,1,1,6.0,165.71428571428572,766.0869680124856,scale+thin,1,0.012207220060453716,4,72,76,load_extrapolation
2,208,poly3,2,1,6.0,165.71428571428572,766.0869680124856,none,1,0.015021489076066485,7,0,7,load_extrapolation
2,208,poly3,2,1,6.0,165.71428571428572,766.0869680124856,scale,1,0.01348875625823398,7,18,25,load_extrapolation
2,208,poly3,2,1,6.0,165.71428571428572,766.0869680124856,scale+thin,1,0.012207220060453716,7,72,79,load_extrapolation
2,208,poly3,3,1,6.0,165.71428571428572,766.0869680124856,none,1,0.015021489076066485,10,0,10,load_extrapolation
2,208,poly3,3,1,6.0,165.71428571428572,766.0869680124856,scale,1,0.01348875625823398,10,18,28,load_extrapolation
2,208,poly3,3,1,6.0,165.71428571428572,766.0869680124856,scale+thin,1,0.012207220060453716,10,72,82,load_extrapolation
2,208,poly3,1,2,6.0,181.42857142857144,809.0128740060688,none,1,0.02168382932549373,3,0,3,load_extrapolation
2,208,poly3,1,2,6.0,181.42857142857144,809.0128740060688,scale,1,0.021637060886601445,3,18,21,load_extrapolation
2,208,poly3,1,2,6.0,181.42857142857144,809.0128740060688,scale+thin,1,0.016235262489669777,3,73,76,load_extrapolation
2,208,poly3,2,2,6.0,181.42857142857144,809.0128740060688,none,1,0.02168382932549373,6,0,6,load_extrapolation
2,208,poly3,2,2,6.0,181.42857142857144,809.0128740060688,scale,1,0.021637060886601445,6,18,24,load_extrapolation
2,208,poly3,2,2,6.0,181.42857142857144,809.0128740060688,scale+thin,1,0.016235262489669777,6,73,79,load_extrapolation
2,208,poly3,3,2,6.0,181.42857142857144,809.0128740060688,none,1,0.02168382932549373,9,0,9,load_extrapolation
2,208,poly3,3,2,6.0,181.42857142857144,809.0128740060688,scale,1,0.021637060886601445,9,18,27,load_extrapolation
2,208,poly3,3,2,6.0,181.42857142857144,809.0128740060688,scale+thin,1,0.016235262489669777,9,73,82,load_extrapolation
2,208,poly3,1,3,6.0,197.14285714285717,854.6554477993761,none,1,0.02858298875599008,5,0,5,load_extrapolation
2,208,poly3,1,3,6.0,197.14285714285717,854.6554477993761,scale,1,0.028206344901313463,5,18,23,load_extrapolation
2,208,poly3,1,3,6.0,197.14285714285717,854.6554477993761,scale+thin,1,0.021139867623868325,5,73,78,load_extrapolation
2,208,poly3,2,3,6.0,197.14285714285717,854.6554477993761,none,1,0.02858298875599008,8,0,8,load_extrapolation
2,208,poly3,2,3,6.0,197.14285714285717,854.6554477993761,scale,1,0.028206344901313463,8,18,26,load_extrapolation
2,208,poly3,2,3,6.0,197.14285714285717,854.6554477993761,scale+thin,1,0.021139867623868325,8,73,81,load_extrapolation
2,208,poly3,3,3,6.0,197.14285714285717,854.6554477993761,none,1,0.02858298875599008,11,0,11,load_extrapolation
2,208,poly3,3,3,6.0,197.14285714285717,854.6554477993761,scale,1,0.028206344901313463,11,18,29,load_extrapolation
2,208,poly3,3,3,6.0,197.14285714285717,854.6554477993761,scale+thin,1,0.021139867623868325,11,73,84,load_extrapolation
2,208,poly3,1,4,6.0,212.8571428571429,895.7569021904145,none,1,0.03011979233454598,5,0,5,load_extrapolation
2,208,poly3,1,4,6.0,212.8571428571429,895.7569021904145,scale,1,0.02854070070191428,5,18,23,load_extrapolation
2,208,poly3,1,4,6.0,212.8571428571429,895.7569021904145,scale+thin,1,0.02854070070191428,5,74,79,load_extrapolation
2,208,poly3,2,4,6.0,212.8571428571429,895.7569021904145,none,1,0.03011979233454598,8,0,8,load_extrapolation
2,208,poly3,2,4,6.0,212.8571428571429,895.7569021904145,scale,1,0.02854070070191428,8,18,26,load_extrapolation
2,208,poly3,2,4,6.0,212.8571428571429,895.7569021904145,scale+thin,1,0.02854070070191428,8,74,82,load_extrapolation
2,208,poly3,3,4,6.0,212.8571428571429,895.7569021904145,none,1,0.03011979233454598,11,0,11,load_extrapolation
2,208,poly3,3,4,6.0,212.8571428571429,895.7569021904145,scale,1,0.02854070070191428,11,18,29,load_extrapolation
2,208,poly3,3,4,6.0,212.8571428571429,895.7569021904145,scale+thin,1,0.02854070070191428,11,74,85,load_extrapolation
2,208,poly3,1,5,6.0,228.57142857142856,927.0052988628717,none,1,0.29353624482511176,6,0,6,load_extrapolation
2,208,poly3,1,5,6.0,228.57142857142856,927.0052988628717,scale,1,0.2914941894313401,6,18,24,load_extrapolation
2,208,poly3,1,5,6.0,228.57142857142856,927.0052988628717,scale+thin,1,0.21148243686410395,6,74,80,load_extrapolation
2,208,poly3,2,5,6.0,228.57142857142856,927.0052988628717,none,1,0.2902553747498544,11,0,11,load_extrapolation
2,208,poly3,2,5,6.0,228.57142857142856,927.0052988628717,scale,1,0.28830702510647477,11,18,29,load_extrapolation
2,208,poly3,2,5,6.0,228.57142857142856,927.0052988628717,scale+thin,1,0.20860085650603888,11,73,84,load_extrapolation
2,208,poly3,3,5,6.0,228.57142857142856,927.0052988628717,none,1,0.2902553747498544,16,0,16,load_extrapolation
2,208,poly3,3,5,6.0,228.57142857142856,927.0052988628717,scale,1,0.28830702510647477,16,18,34,load_extrapolation
2,208,poly3,3,5,6.0,228.57142857142856,927.0052988628717,scale+thin,1,0.20860085650603888,16,73,89,load_extrapolation
2,208,poly3,1,6,6.0,244.28571428571428,968.4098952439792,none,1,0.4085676046777107,5,0,5,load_extrapolation
2,208,poly3,1,6,6.0,244.28571428571428,968.4098952439792,scale,1,0.40647281308358285,5,18,23,load_extrapolation
2,208,poly3,1,6,6.0,244.28571428571428,968.4098952439792,scale+thin,1,0.25677643215394097,5,75,80,load_extrapolation
2,208,poly3,2,6,6.0,244.28571428571428,968.4098952439792,none,1,0.3916142298589971,11,0,11,load_extrapolation
2,208,poly3,2,6,6.0,244.28571428571428,968.4098952439792,scale,1,0.3893218650905341,11,18,29,load_extrapolation
2,208,poly3,2,6,6.0,244.28571428571428,968.4098952439792,scale+thin,1,0.2675073103339294,11,74,85,load_extrapolation
2,208,poly3,3,6,6.0,244.28571428571428,968.4098952439792,none,1,0.3916142298589971,16,0,16,load_extrapolation
2,208,poly3,3,6,6.0,244.28571428571428,968.4098952439792,scale,1,0.3893218650905341,16,18,34,load_extrapolation
2,208,poly3,3,6,6.0,244.28571428571428,968.4098952439792,scale+thin,1,0.2675073103339294,16,74,90,load_extrapolation
2,208,poly3,1,7,6.0,260.0,1013.7382545756694,none,1,0.49340593809485034,5,0,5,load_extrapolation
2,208,poly3,1,7,6.0,260.0,1013.7382545756694,scale,1,0.49186817344093003,5,18,23,load_extrapolation
2,208,poly3,1,7,6.0,260.0,1013.7382545756694,scale+thin,1,0.27012357071145754,5,77,82,load_extrapolation
2,208,poly3,2,7,6.0,260.0,1013.7382545756694,none,1,0.49340593809485034,11,0,11,load_extrapolation
2,208,poly3,2,7,6.0,260.0,1013.7382545756694,scale,1,0.49186817344093003,11,18,29,load_extrapolation
2,208,poly3,2,7,6.0,260.0,1013.7382545756694,scale+thin,1,0.27012357071145754,11,77,88,load_extrapolation
2,208,poly3,3,7,6.0,260.0,1013.7382545756694,none,1,0.49340593809485034,16,0,16,load_extrapolation
2,208,poly3,3,7,6.0,260.0,1013.7382545756694,scale,1,0.49186817344093003,16,18,34,load_extrapolation
2,208,poly3,3,7,6.0,260.0,1013.7382545756694,scale+thin,1,0.27012357071145754,16,77,93,load_extrapolation
2,208,poly3,1,8,7.285714285714286,150.0,1153.3708205133214,none,1,-0.002511903038507679,3,0,3,load_extrapolation
2,208,poly3,1,8,7.285714285714286,150.0,1153.3708205133214,scale,1,-0.003173883201910588,3,18,21,load_extrapolation
2,208,poly3,1,8,7.285714285714286,150.0,1153.3708205133214,scale+thin,1,-0.003173883201910588,3,55,58,load_extrapolation
2,208,poly3,2,8,7.285714285714286,150.0,1153.3708205133214,none,1,-0.002511903038507679,6,0,6,load_extrapolation
2,208,poly3,2,8,7.285714285714286,150.0,1153.3708205133214,scale,1,-0.003173883201910588,6,18,24,load_extrapolation
2,208,poly3,2,8,7.285714285714286,150.0,1153.3708205133214,scale+thin,1,-0.003173883201910588,6,55,61,load_extrapolation
2,208,poly3,3,8,7.285714285714286,150.0,1153.3708205133214,none,1,-0.002511903038507679,9,0,9,load_extrapolation
2,208,poly3,3,8,7.285714285714286,150.0,1153.3708205133214,scale,1,-0.003173883201910588,9,18,27,load_extrapolation
2,208,poly3,3,8,7.285714285714286,150.0,1153.3708205133214,scale+thin,1,-0.003173883201910588,9,55,64,load_extrapolation
2,208,poly3,1,9,7.285714285714286,165.71428571428572,1218.9044722408655,none,1,0.008733527495115911,4,0,4,load_extrapolation
2,208,poly3,1,9,7.285714285714286,165.71428571428572,1218.9044722408655,scale,1,0.007210289811303561,4,18,22,load_extrapolation
2,208,poly3,1,9,7.285714285714286,165.71428571428572,1218.9044722408655,scale+thin,1,0.007210289811303561,4,55,59,load_extrapolation
2,208,poly3,2,9,7.285714285714286,165.71428571428572,1218.9044722408655,none,1,0.008733527495115911,7,0,7,load_extrapolation
2,208,poly3,2,9,7.285714285714286,165.71428571428572,1218.9044722408655,scale,1,0.007210289811303561,7,18,25,load_extrapolation
2,208,poly3,2,9,7.285714285714286,165.71428571428572,1218.9044722408655,scale+thin,1,0.007210289811303561,7,55,62,load_extrapolation
2,208,poly3,3,9,7.285714285714286,165.71428571428572,1218.9044722408655,none,1,0.008733527495115911,10,0,10,load_extrapolation
2,208,poly3,3,9,7.285714285714286,165.71428571428572,1218.9044722408655,scale,1,0.007210289811303561,10,18,28,load_extrapolation
2,208,poly3,3,9,7.285714285714286,165.71428571428572,1218.9044722408655,scale+thin,1,0.007210289811303561,10,55,65,load_extrapolation
2,208,poly3,1,10,7.285714285714286,181.42857142857144,1289.0609260869776,none,1,0.044016056673669146,2,0,2,load_extrapolation
2,208,poly3,1,10,7.285714285714286,181.42857142857144,1289.0609260869776,scale,1,0.043203763275624585,2,18,20,load_extrapolation
2,208,poly3,1,10,7.285714285714286,181.42857142857144,1289.0609260869776,scale+thin,1,0.043203763275624585,2,55,57,load_extrapolation
2,208,poly3,2,10,7.285714285714286,181.42857142857144,1289.0609260869776,none,1,0.014596486592652003,5,0,5,load_extrapolation
2,208,poly3,2,10,7.285714285714286,181.42857142857144,1289.0609260869776,scale,1,0.0137606570599913,5,18,23,load_extrapolation
2,208,poly3,2,10,7.285714285714286,181.42857142857144,1289.0609260869776,scale+thin,1,0.0137606570599913,5,56,61,load_extrapolation
2,208,poly3,3,10,7.285714285714286,181.42857142857144,1289.0609260869776,none,1,0.014596486592652003,8,0,8,load_extrapolation
2,208,poly3,3,10,7.285714285714286,181.42857142857144,1289.0609260869776,scale,1,0.0137606570599913,8,18,26,load_extrapolation
2,208,poly3,3,10,7.285714285714286,181.42857142857144,1289.0609260869776,scale+thin,1,0.0137606570599913,8,56,64,load_extrapolation
2,208,poly3,1,11,7.285714285714286,197.14285714285717,1353.7155222893743,none,1,0.017251204991119984,4,0,4,load_extrapolation
2,208,poly3,1,11,7.285714285714286,197.14285714285717,1353.7155222893743,scale,1,0.015691839878402725,4,18,22,load_extrapolation
2,208,poly3,1,11,7.285714285714286,197.14285714285717,1353.7155222893743,scale+thin,1,0.015691839878402725,4,56,60,load_extrapolation
2,208,poly3,2,11,7.285714285714286,197.14285714285717,1353.7155222893743,none,1,0.006935029279341087,9,0,9,load_extrapolation
2,208,poly3,2,11,7.285714285714286,197.14285714285717,1353.7155222893743,scale,1,0.005368448932082437,9,18,27,load_extrapolation
2,208,poly3,2,11,7.285714285714286,197.14285714285717,1353.7155222893743,scale+thin,1,0.005368448932082437,9,56,65,load_extrapolation
2,208,poly3,3,11,7.285714285714286,197.14285714285717,1353.7155222893743,none,1,0.006935029279341087,11,0,11,load_extrapolation
2,208,poly3,3,11,7.285714285714286,197.14285714285717,1353.7155222893743,scale,1,0.005368448932082437,11,18,29,load_extrapolation
2,208,poly3,3,11,7.285714285714286,197.14285714285717,1353.7155222893743,scale+thin,1,0.005368448932082437,11,56,67,load_extrapolation
2,208,poly3,1,12,7.285714285714286,212.8571428571429,1426.808505633445,none,1,0.234757609645442,5,0,5,load_extrapolation
2,208,poly3,1,12,7.285714285714286,212.8571428571429,1426.808505633445,scale,1,0.23430546930210294,5,18,23,load_extrapolation
2,208,poly3,1,12,7.285714285714286,212.8571428571429,1426.808505633445,scale+thin,1,0.16991375439607603,5,56,61,load_extrapolation
2,208,poly3,2,12,7.285714285714286,212.8571428571429,1426.808505633445,none,1,0.2154179074393583,11,0,11,load_extrapolation
2,208,poly3,2,12,7.285714285714286,212.8571428571429,1426.808505633445,scale,1,0.21358256608534454,11,18,29,load_extrapolation
2,208,poly3,2,12,7.285714285714286,212.8571428571429,1426.808505633445,scale+thin,1,0.13633010162717007,11,75,86,load_extrapolation
2,208,poly3,3,12,7.285714285714286,212.8571428571429,1426.808505633445,none,1,0.2154179074393583,14,0,14,load_extrapolation
2,208,poly3,3,12,7.285714285714286,212.8571428571429,1426.808505633445,scale,1,0.21358256608534454,14,18,32,load_extrapolation
2,208,poly3,3,12,7.285714285714286,212.8571428571429,1426.808505633445,scale+thin,1,0.13633010162717007,14,75,89,load_extrapolation
2,208,poly3,1,13,7.285714285714286,228.57142857142856,1481.0244610123186,none,1,0.2933312041264138,5,0,5,load_extrapolation
2,208,poly3,1,13,7.285714285714286,228.57142857142856,1481.0244610123186,scale,1,0.29134863035406755,5,18,23,load_extrapolation
2,208,poly3,1,13,7.285714285714286,228.57142857142856,1481.0244610123186,scale+thin,1,0.20623057765303576,5,56,61,load_extrapolation
2,208,poly3,2,13,7.285714285714286,228.57142857142856,1481.0244610123186,none,1,0.27385643325475484,10,0,10,load_extrapolation
2,208,poly3,2,13,7.285714285714286,228.57142857142856,1481.0244610123186,scale,1,0.2717289153363518,10,18,28,load_extrapolation
2,208,poly3,2,13,7.285714285714286,228.57142857142856,1481.0244610123186,scale+thin,1,0.17870930238907734,10,76,86,load_extrapolation
2,208,poly3,3,13,7.285714285714286,228.57142857142856,1481.0244610123186,none,1,0.27385643325475484,16,0,16,load_extrapolation
2,208,poly3,3,13,7.285714285714286,228.57142857142856,1481.0244610123186,scale,1,0.2717289153363518,16,18,34,load_extrapolation
2,208,poly3,3,13,7.285714285714286,228.57142857142856,1481.0244610123186,scale+thin,1,0.17870930238907734,16,76,92,load_extrapolation
2,208,poly3,1,14,7.285714285714286,244.28571428571428,1543.6092503419804,none,1,0.4030954935265152,5,0,5,load_extrapolation
2,208,poly3,1,14,7.285714285714286,244.28571428571428,1543.6092503419804,scale,1,0.4025174955340092,5,18,23,load_extrapolation
2,208,poly3,1,14,7.285714285714286,244.28571428571428,1543.6092503419804,scale+thin,1,0.22983886602894255,5,76,81,load_extrapolation
2,208,poly3,2,14,7.285714285714286,244.28571428571428,1543.6092503419804,none,1,0.17354894300342893,11,0,11,load_extrapolation
2,208,poly3,2,14,7.285714285714286,244.28571428571428,1543.6092503419804,scale,1,0.17277012055590668,11,18,29,load_extrapolation
2,208,poly3,2,14,7.285714285714286,244.28571428571428,1543.6092503419804,scale+thin,1,0.17277012055590668,11,79,90,load_extrapolation
2,208,poly3,3,14,7.285714285714286,244.28571428571428,1543.6092503419804,none,1,0.17354894300342893,14,0,14,load_extrapolation
2,208,poly3,3,14,7.285714285714286,244.28571428571428,1543.6092503419804,scale,1,0.17277012055590668,14,18,32,load_extrapolation
2,208,poly3,3,14,7.285714285714286,244.28571428571428,1543.6092503419804,scale+thin,1,0.17277012055590668,14,79,93,load_extrapolation
2,208,poly3,1,15,7.285714285714286,260.0,1618.4847454305025,none,1,0.41581223002799317,6,0,6,load_extrapolation
2,208,poly3,1,15,7.285714285714286,260.0,1618.4847454305025,scale,1,0.41432197535558957,6,18,24,load_extrapolation
2,208,poly3,1,15,7.285714285714286,260.0,1618.4847454305025,scale+thin,1,0.21478007116803677,6,76,82,load_extrapolation
2,208,poly3,2,15,7.285714285714286,260.0,1618.4847454305025,none,1,0.18299880274701552,12,0,12,load_extrapolation
2,208,poly3,2,15,7.285714285714286,260.0,1618.4847454305025,scale,1,0.18221370892671573,12,18,30,load_extrapolation
2,208,poly3,2,15,7.285714285714286,260.0,1618.4847454305025,scale+thin,1,0.18221370892671573,12,79,91,load_extrapolation
2,208,poly3,3,15,7.285714285714286,260.0,1618.4847454305025,none,1,0.18299880274701552,17,0,17,load_extrapolation
2,208,poly3,3,15,7.285714285714286,260.0,1618.4847454305025,scale,1,0.18221370892671573,17,18,35,load_extrapolation
2,208,poly3,3,15,7.285714285714286,260.0,1618.4847454305025,scale+thin,1,0.18221370892671573,17,79,96,load_extrapolation
2,208,poly3,1,16,8.571428571428571,150.0,1686.3433188884542,none,1,0.05019434000782397,3,0,3,load_extrapolation
2,208,poly3,1,16,8.571428571428571,150.0,1686.3433188884542,scale,1,0.048608494439670746,3,18,21,load_extrapolation
2,208,poly3,1,16,8.571428571428571,150.0,1686.3433188884542,scale+thin,1,0.048608494439670746,3,55,58,load_extrapolation
2,208,poly3,2,16,8.571428571428571,150.0,1686.3433188884542,none,1,0.008027683262732621,6,0,6,load_extrapolation
2,208,poly3,2,16,8.571428571428571,150.0,1686.3433188884542,scale,1,0.006897476027969418,6,18,24,load_extrapolation
2,208,poly3,2,16,8.571428571428571,150.0,1686.3433188884542,scale+thin,1,0.006897476027969418,6,57,63,load_extrapolation
2,208,poly3,3,16,8.571428571428571,150.0,1686.3433188884542,none,1,0.008027683262732621,9,0,9,load_extrapolation
2,208,poly3,3,16,8.571428571428571,150.0,1686.3433188884542,scale,1,0.006897476027969418,9,18,27,load_extrapolation
2,208,poly3,3,16,8.571428571428571,150.0,1686.3433188884542,scale+thin,1,0.006897476027969418,9,57,66,load_extrapolation
2,208,poly3,1,17,8.571428571428571,165.71428571428572,1809.7430894999927,none,1,0.03950935870604955,3,0,3,load_extrapolation
2,208,poly3,1,17,8.571428571428571,165.71428571428572,1809.7430894999927,scale,1,0.03798719755515689,3,18,21,load_extrapolation
2,208,poly3,1,17,8.571428571428571,165.71428571428572,1809.7430894999927,scale+thin,1,0.03798719755515689,3,56,59,load_extrapolation
2,208,poly3,2,17,8.571428571428571,165.71428571428572,1809.7430894999927,none,1,0.004245964537941793,7,0,7,load_extrapolation
2,208,poly3,2,17,8.571428571428571,165.71428571428572,1809.7430894999927,scale,1,0.0032808111726729816,7,18,25,load_extrapolation
2,208,poly3,2,17,8.571428571428571,165.71428571428572,1809.7430894999927,scale+thin,1,0.0032808111726729816,7,58,65,load_extrapolation
2,208,poly3,3,17,8.571428571428571,165.71428571428572,1809.7430894999927,none,1,0.004245964537941793,10,0,10,load_extrapolation
2,208,poly3,3,17,8.571428571428571,165.71428571428572,1809.7430894999927,scale,1,0.0032808111726729816,10,18,28,load_extrapolation
2,208,poly3,3,17,8.571428571428571,165.71428571428572,1809.7430894999927,scale+thin,1,0.0032808111726729816,10,58,68,load_extrapolation
2,208,poly3,1,18,8.571428571428571,181.42857142857144,1926.769836691324,none,1,0.03435177176238646,3,0,3,load_extrapolation
2,208,poly3,1,18,8.571428571428571,181.42857142857144,1926.769836691324,scale,1,0.0328135059456347,3,18,21,load_extrapolation
2,208,poly3,1,18,8.571428571428571,181.42857142857144,1926.769836691324,scale+thin,1,0.0328135059456347,3,56,59,load_extrapolation
2,208,poly3,2,18,8.571428571428571,181.42857142857144,1926.769836691324,none,1,0.005449129897489913,8,0,8,load_extrapolation
2,208,poly3,2,18,8.571428571428571,181.42857142857144,1926.769836691324,scale,1,0.00462083600187535,8,18,26,load_extrapolation
2,208,poly3,2,18,8.571428571428571,181.42857142857144,1926.769836691324,scale+thin,1,3.557202974446838e-05,8,76,84,load_extrapolation
2,208,poly3,3,18,8.571428571428571,181.42857142857144,1926.769836691324,none,1,0.005449129897489913,11,0,11,load_extrapolation
2,208,poly3,3,18,8.571428571428571,181.42857142857144,1926.769836691324,scale,1,0.00462083600187535,11,18,29,load_extrapolation
2,208,poly3,3,18,8.571428571428571,181.42857142857144,1926.769836691324,scale+thin,1,3.557202974446838e-05,11,76,87,load_extrapolation
2,208,poly3,1,19,8.571428571428571,197.14285714285717,2004.21381384588,none,1,0.2154200169352496,4,0,4,load_extrapolation
2,208,poly3,1,19,8.571428571428571,197.14285714285717,2004.21381384588,scale,1,0.214363134044798,4,18,22,load_extrapolation
2,208,poly3,1,19,8.571428571428571,197.14285714285717,2004.21381384588,scale+thin,1,0.13330917187663172,4,56,60,load_extrapolation
2,208,poly3,2,19,8.571428571428571,197.14285714285717,2004.21381384588,none,1,0.2154200169352496,9,0,9,load_extrapolation
2,208,poly3,2,19,8.571428571428571,197.14285714285717,2004.21381384588,scale,1,0.214363134044798,9,18,27,load_extrapolation
2,208,poly3,2,19,8.571428571428571,197.14285714285717,2004.21381384588,scale+thin,1,0.13330917187663172,9,56,65,load_extrapolation
2,208,poly3,3,19,8.571428571428571,197.14285714285717,2004.21381384588,none,1,0.2154200169352496,12,0,12,load_extrapolation
2,208,poly3,3,19,8.571428571428571,197.14285714285717,2004.21381384588,scale,1,0.214363134044798,12,18,30,load_extrapolation
2,208,poly3,3,19,8.571428571428571,197.14285714285717,2004.21381384588,scale+thin,1,0.13330917187663172,12,56,68,load_extrapolation
2,208,poly3,1,20,8.571428571428571,212.8571428571429,2119.4215005582246,none,1,0.22753321507457214,4,0,4,load_extrapolation
2,208,poly3,1,20,8.571428571428571,212.8571428571429,2119.4215005582246,scale,1,0.22736464482860663,4,18,22,load_extrapolation
2,208,poly3,1,20,8.571428571428571,212.8571428571429,2119.4215005582246,scale+thin,1,0.14069258814972607,4,76,80,load_extrapolation
2,208,poly3,2,20,8.571428571428571,212.8571428571429,2119.4215005582246,none,1,0.22753321507457214,7,0,7,load_extrapolation
2,208,poly3,2,20,8.571428571428571,212.8571428571429,2119.4215005582246,scale,1,0.22736464482860663,7,18,25,load_extrapolation
2,208,poly3,2,20,8.571428571428571,212.8571428571429,2119.4215005582246,scale+thin,1,0.14069258814972607,7,76,83,load_extrapolation
2,208,poly3,3,20,8.571428571428571,212.8571428571429,2119.4215005582246,none,1,0.22753321507457214,12,0,12,load_extrapolation
2,208,poly3,3,20,8.571428571428571,212.8571428571429,2119.4215005582246,scale,1,0.22736464482860663,12,18,30,load_extrapolation
2,208,poly3,3,20,8.571428571428571,212.8571428571429,2119.4215005582246,scale+thin,1,0.14069258814972607,12,76,88,load_extrapolation
2,208,poly3,1,21,8.571428571428571,228.57142857142856,2258.167962393494,none,1,0.25571272215979435,5,0,5,load_extrapolation
2,208,poly3,1,21,8.571428571428571,228.57142857142856,2258.167962393494,scale,1,0.25473571883927026,5,18,23,load_extrapolation
2,208,poly3,1,21,8.571428571428571,228.57142857142856,2258.167962393494,scale+thin,1,0.1498209780344102,5,77,82,load_extrapolation
2,208,poly3,2,21,8.571428571428571,228.57142857142856,2258.167962393494,none,1,0.25571272215979435,11,0,11,load_extrapolation
2,208,poly3,2,21,8.571428571428571,228.57142857142856,2258.167962393494,scale,1,0.25473571883927026,11,18,29,load_extrapolation
2,208,poly3,2,21,8.571428571428571,228.57142857142856,2258.167962393494,scale+thin,1,0.1498209780344102,11,77,88,load_extrapolation
2,208,poly3,3,21,8.571428571428571,228.57142857142856,2258.167962393494,none,1,0.25571272215979435,17,0,17,load_extrapolation
2,208,poly3,3,21,8.571428571428571,228.57142857142856,2258.167962393494,scale,1,0.25473571883927026,17,18,35,load_extrapolation
2,208,poly3,3,21,8.571428571428571,228.57142857142856,2258.167962393494,scale+thin,1,0.1498209780344102,17,77,94,load_extrapolation
2,208,poly3,1,22,8.571428571428571,244.28571428571428,2347.8753054507297,none,1,0.3554555632066809,6,0,6,load_extrapolation
2,208,poly3,1,22,8.571428571428571,244.28571428571428,2347.8753054507297,scale,1,0.35399783130711704,6,18,24,load_extrapolation
2,208,poly3,1,22,8.571428571428571,244.28571428571428,2347.8753054507297,scale+thin,1,0.1847609994784425,6,79,85,load_extrapolation
2,208,poly3,2,22,8.571428571428571,244.28571428571428,2347.8753054507297,none,1,0.17021045755000053,13,0,13,load_extrapolation
2,208,poly3,2,22,8.571428571428571,244.28571428571428,2347.8753054507297,scale,1,0.1697016170324641,13,18,31,load_extrapolation
2,208,poly3,2,22,8.571428571428571,244.28571428571428,2347.8753054507297,scale+thin,1,0.025053140464838197,13,83,96,load_extrapolation
2,208,poly3,3,22,8.571428571428571,244.28571428571428,2347.8753054507297,none,1,0.17021045755000053,18,0,18,load_extrapolation
2,208,poly3,3,22,8.571428571428571,244.28571428571428,2347.8753054507297,scale,1,0.1697016170324641,18,18,36,load_extrapolation
2,208,poly3,3,22,8.571428571428571,244.28571428571428,2347.8753054507297,scale+thin,1,0.025053140464838197,18,83,101,load_extrapolation
2,208,poly3,1,23,8.571428571428571,260.0,2454.6466970028446,none,1,0.34113622722586756,6,0,6,load_extrapolation
2,208,poly3,1,23,8.571428571428571,260.0,2454.6466970028446,scale,1,0.34012344482080215,6,18,24,load_extrapolation
2,208,poly3,1,23,8.571428571428571,260.0,2454.6466970028446,scale+thin,1,0.18517953721994673,6,80,86,load_extrapolation
2,208,poly3,2,23,8.571428571428571,260.0,2454.6466970028446,none,1,0.16134364303682447,13,0,13,load_extrapolation
2,208,poly3,2,23,8.571428571428571,260.0,2454.6466970028446,scale,1,0.1602540758063009,13,18,31,load_extrapolation
2,208,poly3,2,23,8.571428571428571,260.0,2454.6466970028446,scale+thin,1,0.05122504587852106,13,85,98,load_extrapolation
2,208,poly3,3,23,8.571428571428571,260.0,2454.6466970028446,none,1,0.16134364303682447,18,0,18,load_extrapolation
2,208,poly3,3,23,8.571428571428571,260.0,2454.6466970028446,scale,1,0.1602540758063009,18,18,36,load_extrapolation
2,208,poly3,3,23,8.571428571428571,260.0,2454.6466970028446,scale+thin,1,0.05122504587852106,18,85,103,load_extrapolation
2,208,poly3,1,24,9.857142857142858,150.0,2401.6635135318147,none,1,0.044503276343815124,3,0,3,load_extrapolation
2,208,poly3,1,24,9.857142857142858,150.0,2401.6635135318147,scale,1,0.04299769197252745,3,18,21,load_extrapolation
2,208,poly3,1,24,9.857142857142858,150.0,2401.6635135318147,scale+thin,1,0.04299769197252745,3,57,60,load_extrapolation
2,208,poly3,2,24,9.857142857142858,150.0,2401.6635135318147,none,1,0.006366515865995126,8,0,8,load_extrapolation
2,208,poly3,2,24,9.857142857142858,150.0,2401.6635135318147,scale,1,0.005606540645264779,8,18,26,load_extrapolation
2,208,poly3,2,24,9.857142857142858,150.0,2401.6635135318147,scale+thin,1,-0.001803505776520331,8,77,85,load_extrapolation
2,208,poly3,3,24,9.857142857142858,150.0,2401.6635135318147,none,1,0.006366515865995126,11,0,11,load_extrapolation
2,208,poly3,3,24,9.857142857142858,150.0,2401.6635135318147,scale,1,0.005606540645264779,11,18,29,load_extrapolation
2,208,poly3,3,24,9.857142857142858,150.0,2401.6635135318147,scale+thin,1,-0.001803505776520331,11,77,88,load_extrapolation
2,208,poly3,1,25,9.857142857142858,165.71428571428572,2596.489349148936,none,1,0.027188763802193705,4,0,4,load_extrapolation
2,208,poly3,1,25,9.857142857142858,165.71428571428572,2596.489349148936,scale,1,0.026507072874975224,4,18,22,load_extrapolation
2,208,poly3,1,25,9.857142857142858,165.71428571428572,2596.489349148936,scale+thin,1,0.026507072874975224,4,58,62,load_extrapolation
2,208,poly3,2,25,9.857142857142858,165.71428571428572,2596.489349148936,none,1,0.027188763802193705,14,0,14,load_extrapolation
2,208,poly3,2,25,9.857142857142858,165.71428571428572,2596.489349148936,scale,1,0.026507072874975224,14,18,32,load_extrapolation
2,208,poly3,2,25,9.857142857142858,165.71428571428572,2596.489349148936,scale+thin,1,0.026507072874975224,14,58,72,load_extrapolation
2,208,poly3,3,25,9.857142857142858,165.71428571428572,2596.489349148936,none,1,0.027188763802193705,17,0,17,load_extrapolation
2,208,poly3,3,25,9.857142857142858,165.71428571428572,2596.489349148936,scale,1,0.026507072874975224,17,18,35,load_extrapolation
2,208,poly3,3,25,9.857142857142858,165.71428571428572,2596.489349148936,scale+thin,1,0.026507072874975224,17,58,75,load_extrapolation
2,208,poly3,1,26,9.857142857142858,181.42857142857144,2778.4364695846,none,1,0.22067749937952086,6,0,6,load_extrapolation
2,208,poly3,1,26,9.857142857142858,181.42857142857144,2778.4364695846,scale,1,0.21950433957800142,6,18,24,load_extrapolation
2,208,poly3,1,26,9.857142857142858,181.42857142857144,2778.4364695846,scale+thin,1,0.012286815994702271,6,77,83,load_extrapolation
2,208,poly3,2,26,9.857142857142858,181.42857142857144,2778.4364695846,none,1,0.22067749937952086,16,0,16,load_extrapolation
2,208,poly3,2,26,9.857142857142858,181.42857142857144,2778.4364695846,scale,1,0.21950433957800142,16,18,34,load_extrapolation
2,208,poly3,2,26,9.857142857142858,181.42857142857144,2778.4364695846,scale+thin,1,0.012286815994702271,16,77,93,load_extrapolation
2,208,poly3,3,26,9.857142857142858,181.42857142857144,2778.4364695846,none,1,0.22067749937952086,21,0,21,load_extrapolation
2,208,poly3,3,26,9.857142857142858,181.42857142857144,2778.4364695846,scale,1,0.21950433957800142,21,18,39,load_extrapolation
2,208,poly3,3,26,9.857142857142858,181.42857142857144,2778.4364695846,scale+thin,1,0.012286815994702271,21,77,98,load_extrapolation
2,208,poly3,1,27,9.857142857142858,197.14285714285717,2934.59017073786,none,1,0.2307058933487678,6,0,6,load_extrapolation
2,208,poly3,1,27,9.857142857142858,197.14285714285717,2934.59017073786,scale,1,0.22977650433571273,6,18,24,load_extrapolation
2,208,poly3,1,27,9.857142857142858,197.14285714285717,2934.59017073786,scale+thin,1,0.16289430704563612,6,78,84,load_extrapolation
2,208,poly3,2,27,9.857142857142858,197.14285714285717,2934.59017073786,none,1,0.2307058933487678,16,0,16,load_extrapolation
2,208,poly3,2,27,9.857142857142858,197.14285714285717,2934.59017073786,scale,1,0.22977650433571273,16,18,34,load_extrapolation
2,208,poly3,2,27,9.857142857142858,197.14285714285717,2934.59017073786,scale+thin,1,0.16289430704563612,16,78,94,load_extrapolation
2,208,poly3,3,27,9.857142857142858,197.14285714285717,2934.59017073786,none,1,0.2307058933487678,21,0,21,load_extrapolation
2,208,poly3,3,27,9.857142857142858,197.14285714285717,2934.59017073786,scale,1,0.22977650433571273,21,18,39,load_extrapolation
2,208,poly3,3,27,9.857142857142858,197.14285714285717,2934.59017073786,scale+thin,1,0.16289430704563612,21,78,99,load_extrapolation
2,208,poly3,1,28,9.857142857142858,212.8571428571429,3092.903946849261,none,1,0.24225218004078153,5,0,5,load_extrapolation
2,208,poly3,1,28,9.857142857142858,212.8571428571429,3092.903946849261,scale,1,0.24208158852197847,5,18,23,load_extrapolation
2,208,poly3,1,28,9.857142857142858,212.8571428571429,3092.903946849261,scale+thin,1,0.1682685348386761,5,80,85,load_extrapolation
2,208,poly3,2,28,9.857142857142858,212.8571428571429,3092.903946849261,none,1,0.2025167930858427,14,0,14,load_extrapolation
2,208,poly3,2,28,9.857142857142858,212.8571428571429,3092.903946849261,scale,1,0.2021039771441402,14,18,32,load_extrapolation
2,208,poly3,2,28,9.857142857142858,212.8571428571429,3092.903946849261,scale+thin,1,0.10044168547327792,14,71,85,load_extrapolation
2,208,poly3,3,28,9.857142857142858,212.8571428571429,3092.903946849261,none,1,0.2025167930858427,17,0,17,load_extrapolation
2,208,poly3,3,28,9.857142857142858,212.8571428571429,3092.903946849261,scale,1,0.2021039771441402,17,18,35,load_extrapolation
2,208,poly3,3,28,9.857142857142858,212.8571428571429,3092.903946849261,scale+thin,1,0.10044168547327792,17,71,88,load_extrapolation
2,208,poly3,1,29,9.857142857142858,228.57142857142856,3278.0505051710666,none,1,0.3185424716133345,9,0,9,load_extrapolation
2,208,poly3,1,29,9.857142857142858,228.57142857142856,3278.0505051710666,scale,1,0.31799930480455885,9,18,27,load_extrapolation
2,208,poly3,1,29,9.857142857142858,228.57142857142856,3278.0505051710666,scale+thin,1,0.004837169389958262,9,82,91,load_extrapolation
2,208,poly3,2,29,9.857142857142858,228.57142857142856,3278.0505051710666,none,1,0.2981159605995405,18,0,18,load_extrapolation
2,208,poly3,2,29,9.857142857142858,228.57142857142856,3278.0505051710666,scale,1,0.2974920937291661,18,18,36,load_extrapolation
2,208,poly3,2,29,9.857142857142858,228.57142857142856,3278.0505051710666,scale+thin,1,0.1183042794949487,18,71,89,load_extrapolation
2,208,poly3,3,29,9.857142857142858,228.57142857142856,3278.0505051710666,none,1,0.2981159605995405,23,0,23,load_extrapolation
2,208,poly3,3,29,9.857142857142858,228.57142857142856,3278.0505051710666,scale,1,0.2974920937291661,23,18,41,load_extrapolation
2,208,poly3,3,29,9.857142857142858,228.57142857142856,3278.0505051710666,scale+thin,1,0.1183042794949487,23,71,94,load_extrapolation
2,208,poly3,1,30,9.857142857142858,244.28571428571428,3503.3130527973344,none,1,0.3180597643528691,9,0,9,load_extrapolation
2,208,poly3,1,30,9.857142857142858,244.28571428571428,3503.3130527973344,scale,1,0.31772793730759497,9,18,27,load_extrapolation
2,208,poly3,1,30,9.857142857142858,244.28571428571428,3503.3130527973344,scale+thin,1,-0.0016335657356026934,9,83,92,load_extrapolation
2,208,poly3,2,30,9.857142857142858,244.28571428571428,3503.3130527973344,none,1,0.09819429045838546,19,0,19,load_extrapolation
2,208,poly3,2,30,9.857142857142858,244.28571428571428,3503.3130527973344,scale,1,0.09754086019967434,19,18,37,load_extrapolation
2,208,poly3,2,30,9.857142857142858,244.28571428571428,3503.3130527973344,scale+thin,1,0.09754086019967434,19,73,92,load_extrapolation
2,208,poly3,3,30,9.857142857142858,244.28571428571428,3503.3130527973344,none,1,0.09819429045838546,24,0,24,load_extrapolation
2,208,poly3,3,30,9.857142857142858,244.28571428571428,3503.3130527973344,scale,1,0.09754086019967434,24,18,42,load_extrapolation
2,208,poly3,3,30,9.857142857142858,244.28571428571428,3503.3130527973344,scale+thin,1,0.09754086019967434,24,73,97,load_extrapolation
2,208,poly3,1,31,9.857142857142858,260.0,3720.59576057169,none,1,0.2805151379342874,10,0,10,load_extrapolation
2,208,poly3,1,31,9.857142857142858,260.0,3720.59576057169,scale,1,0.2799583338301228,10,18,28,load_extrapolation
2,208,poly3,1,31,9.857142857142858,260.0,3720.59576057169,scale+thin,1,0.010101729337889775,10,85,95,load_extrapolation
2,208,poly3,2,31,9.857142857142858,260.0,3720.59576057169,none,1,0.2805151379342874,20,0,20,load_extrapolation
2,208,poly3,2,31,9.857142857142858,260.0,3720.59576057169,scale,1,0.2799583338301228,20,18,38,load_extrapolation
2,208,poly3,2,31,9.857142857142858,260.0,3720.59576057169,scale+thin,1,0.010101729337889775,20,85,105,load_extrapolation
2,208,poly3,3,31,9.857142857142858,260.0,3720.59576057169,none,1,0.2805151379342874,29,0,29,load_extrapolation
2,208,poly3,3,31,9.857142857142858,260.0,3720.59576057169,scale,1,0.2799583338301228,29,18,47,load_extrapolation
2,208,poly3,3,31,9.857142857142858,260.0,3720.59576057169,scale+thin,1,0.010101729337889775,29,85,114,load_extrapolation
2,208,poly3,1,32,11.142857142857142,150.0,3412.4966998531304,none,1,0.017989868640359452,4,0,4,load_extrapolation
2,208,poly3,1,32,11.142857142857142,150.0,3412.4966998531304,scale,1,0.017710288570797594,4,18,22,load_extrapolation
2,208,poly3,1,32,11.142857142857142,150.0,3412.4966998531304,scale+thin,1,0.008843187518986495,4,77,81,load_extrapolation
2,208,poly3,2,32,11.142857142857142,150.0,3412.4966998531304,none,1,0.017989868640359452,14,0,14,load_extrapolation
2,208,poly3,2,32,11.142857142857142,150.0,3412.4966998531304,scale,1,0.017710288570797594,14,18,32,load_extrapolation
2,208,poly3,2,32,11.142857142857142,150.0,3412.4966998531304,scale+thin,1,0.008843187518986495,14,77,91,load_extrapolation
2,208,poly3,3,32,11.142857142857142,150.0,3412.4966998531304,none,1,0.017989868640359452,16,0,16,load_extrapolation
2,208,poly3,3,32,11.142857142857142,150.0,3412.4966998531304,scale,1,0.017710288570797594,16,18,34,load_extrapolation
2,208,poly3,3,32,11.142857142857142,150.0,3412.4966998531304,scale+thin,1,0.008843187518986495,16,77,93,load_extrapolation
2,208,poly3,1,33,11.142857142857142,165.71428571428572,3681.539358959639,none,1,0.008541613016265215,5,0,5,load_extrapolation
2,208,poly3,1,33,11.142857142857142,165.71428571428572,3681.539358959639,scale,1,0.008079992138615877,5,18,23,load_extrapolation
2,208,poly3,1,33,11.142857142857142,165.71428571428572,3681.539358959639,scale+thin,1,0.008079992138615877,5,80,85,load_extrapolation
2,208,poly3,2,33,11.142857142857142,165.71428571428572,3681.539358959639,none,1,0.008541613016265215,15,0,15,load_extrapolation
2,208,poly3,2,33,11.142857142857142,165.71428571428572,3681.539358959639,scale,1,0.008079992138615877,15,18,33,load_extrapolation
2,208,poly3,2,33,11.142857142857142,165.71428571428572,3681.539358959639,scale+thin,1,0.008079992138615877,15,80,95,load_extrapolation
2,208,poly3,3,33,11.142857142857142,165.71428571428572,3681.539358959639,none,1,0.008541613016265215,20,0,20,load_extrapolation
2,208,poly3,3,33,11.142857142857142,165.71428571428572,3681.539358959639,scale,1,0.008079992138615877,20,18,38,load_extrapolation
2,208,poly3,3,33,11.142857142857142,165.71428571428572,3681.539358959639,scale+thin,1,0.008079992138615877,20,80,100,load_extrapolation
2,208,poly3,1,34,11.142857142857142,181.42857142857144,4001.813446814073,none,1,0.17778883013640479,6,0,6,load_extrapolation
2,208,poly3,1,34,11.142857142857142,181.42857142857144,4001.813446814073,scale,1,0.17703414255436845,6,18,24,load_extrapolation
2,208,poly3,1,34,11.142857142857142,181.42857142857144,4001.813446814073,scale+thin,1,0.018432284276938216,6,83,89,load_extrapolation
2,208,poly3,2,34,11.142857142857142,181.42857142857144,4001.813446814073,none,1,0.17778883013640479,16,0,16,load_extrapolation
2,208,poly3,2,34,11.142857142857142,181.42857142857144,4001.813446814073,scale,1,0.17703414255436845,16,18,34,load_extrapolation
2,208,poly3,2,34,11.142857142857142,181.42857142857144,4001.813446814073,scale+thin,1,0.018432284276938216,16,83,99,load_extrapolation
2,208,poly3,3,34,11.142857142857142,181.42857142857144,4001.813446814073,none,1,0.17778883013640479,22,0,22,load_extrapolation
2,208,poly3,3,34,11.142857142857142,181.42857142857144,4001.813446814073,scale,1,0.17703414255436845,22,18,40,load_extrapolation
2,208,poly3,3,34,11.142857142857142,181.42857142857144,4001.813446814073,scale+thin,1,0.018432284276938216,22,83,105,load_extrapolation
2,208,poly3,1,35,11.142857142857142,197.14285714285717,4332.975062229721,none,1,0.15920189210404723,6,0,6,load_extrapolation
2,208,poly3,1,35,11.142857142857142,197.14285714285717,4332.975062229721,scale,1,0.158273457179942,6,18,24,load_extrapolation
2,208,poly3,1,35,11.142857142857142,197.14285714285717,4332.975062229721,scale+thin,1,0.009630425699237444,6,85,91,load_extrapolation
2,208,poly3,2,35,11.142857142857142,197.14285714285717,4332.975062229721,none,1,0.15920189210404723,16,0,16,load_extrapolation
2,208,poly3,2,35,11.142857142857142,197.14285714285717,4332.975062229721,scale,1,0.158273457179942,16,18,34,load_extrapolation
2,208,poly3,2,35,11.142857142857142,197.14285714285717,4332.975062229721,scale+thin,1,0.009630425699237444,16,85,101,load_extrapolation
2,208,poly3,3,35,11.142857142857142,197.14285714285717,4332.975062229721,none,1,0.15920189210404723,21,0,21,load_extrapolation
2,208,poly3,3,35,11.142857142857142,197.14285714285717,4332.975062229721,scale,1,0.158273457179942,21,18,39,load_extrapolation
2,208,poly3,3,35,11.142857142857142,197.14285714285717,4332.975062229721,scale+thin,1,0.009630425699237444,21,85,106,load_extrapolation
2,208,poly3,1,36,11.142857142857142,212.8571428571429,4658.140801057062,none,0,,10,0,10,load_extrapolation
2,208,poly3,1,36,11.142857142857142,212.8571428571429,4658.140801057062,scale,1,0.12532609862154498,10,19,29,load_extrapolation
2,208,poly3,1,36,11.142857142857142,212.8571428571429,4658.140801057062,scale+thin,1,0.023134820682501056,10,71,81,load_extrapolation
2,208,poly3,2,36,11.142857142857142,212.8571428571429,4658.140801057062,none,0,,20,0,20,load_extrapolation
2,208,poly3,2,36,11.142857142857142,212.8571428571429,4658.140801057062,scale,1,0.12532609862154498,20,19,39,load_extrapolation
2,208,poly3,2,36,11.142857142857142,212.8571428571429,4658.140801057062,scale+thin,1,0.023134820682501056,20,71,91,load_extrapolation
2,208,poly3,3,36,11.142857142857142,212.8571428571429,4658.140801057062,none,0,,30,0,30,load_extrapolation
2,208,poly3,3,36,11.142857142857142,212.8571428571429,4658.140801057062,scale,1,0.1857213066266037,30,19,49,load_extrapolation
2,208,poly3,3,36,11.142857142857142,212.8571428571429,4658.140801057062,scale+thin,1,0.1857213066266037,30,86,116,load_extrapolation
2,208,poly3,1,37,11.142857142857142,228.57142857142856,5137.886749115688,none,0,,10,0,10,load_extrapolation
2,208,poly3,1,37,11.142857142857142,228.57142857142856,5137.886749115688,scale,1,5.605439552525127e-07,10,20,30,load_extrapolation
2,208,poly3,1,37,11.142857142857142,228.57142857142856,5137.886749115688,scale+thin,1,5.605439552525127e-07,10,73,83,load_extrapolation
2,208,poly3,2,37,11.142857142857142,228.57142857142856,5137.886749115688,none,0,,20,0,20,load_extrapolation
2,208,poly3,2,37,11.142857142857142,228.57142857142856,5137.886749115688,scale,1,5.605439552525127e-07,20,20,40,load_extrapolation
2,208,poly3,2,37,11.142857142857142,228.57142857142856,5137.886749115688,scale+thin,1,5.605439552525127e-07,20,73,93,load_extrapolation
2,208,poly3,3,37,11.142857142857142,228.57142857142856,5137.886749115688,none,0,,30,0,30,load_extrapolation
2,208,poly3,3,37,11.142857142857142,228.57142857142856,5137.886749115688,scale,1,0.2218436133769015,30,19,49,load_extrapolation
2,208,poly3,3,37,11.142857142857142,228.57142857142856,5137.886749115688,scale+thin,1,0.2218436133769015,30,70,100,load_extrapolation
2,208,poly3,1,38,11.142857142857142,244.28571428571428,6871.433005819378,none,0,,10,0,10,load_extrapolation
2,208,poly3,1,38,11.142857142857142,244.28571428571428,6871.433005819378,scale,0,,10,9,19,load_extrapolation
2,208,poly3,1,38,11.142857142857142,244.28571428571428,6871.433005819378,scale+thin,0,,10,33,43,load_extrapolation
2,208,poly3,2,38,11.142857142857142,244.28571428571428,6871.433005819378,none,0,,20,0,20,load_extrapolation
2,208,poly3,2,38,11.142857142857142,244.28571428571428,6871.433005819378,scale,0,,20,9,29,load_extrapolation
2,208,poly3,2,38,11.142857142857142,244.28571428571428,6871.433005819378,scale+thin,0,,20,33,53,load_extrapolation
2,208,poly3,3,38,11.142857142857142,244.28571428571428,6871.433005819378,none,0,,30,0,30,load_extrapolation
2,208,poly3,3,38,11.142857142857142,244.28571428571428,6871.433005819378,scale,1,-2.8395853492457768e-05,30,20,50,load_extrapolation
2,208,poly3,3,38,11.142857142857142,244.28571428571428,6871.433005819378,scale+thin,1,-2.882814861515648e-05,30,73,103,load_extrapolation
2,208,poly3,1,39,11.142857142857142,260.0,8337.065935629631,none,0,,10,0,10,load_extrapolation
2,208,poly3,1,39,11.142857142857142,260.0,8337.065935629631,scale,0,,10,9,19,load_extrapolation
2,208,poly3,1,39,11.142857142857142,260.0,8337.065935629631,scale+thin,0,,10,33,43,load_extrapolation
2,208,poly3,2,39,11.142857142857142,260.0,8337.065935629631,none,0,,20,0,20,load_extrapolation
2,208,poly3,2,39,11.142857142857142,260.0,8337.065935629631,scale,0,,20,9,29,load_extrapolation
2,208,poly3,2,39,11.142857142857142,260.0,8337.065935629631,scale+thin,0,,20,33,53,load_extrapolation
2,208,poly3,3,39,11.142857142857142,260.0,8337.065935629631,none,0,,30,0,30,load_extrapolation
2,208,poly3,3,39,11.142857142857142,260.0,8337.065935629631,scale,0,,30,9,39,load_extrapolation
2,208,poly3,3,39,11.142857142857142,260.0,8337.065935629631,scale+thin,0,,30,33,63,load_extrapolation
2,208,poly3,1,40,12.428571428571429,150.0,4886.521183652799,none,1,0.1843235999441124,10,0,10,load_extrapolation
2,208,poly3,1,40,12.428571428571429,150.0,4886.521183652799,scale,1,0.18418806874185245,10,18,28,load_extrapolation
2,208,poly3,1,40,12.428571428571429,150.0,4886.521183652799,scale+thin,1,0.024198093596238257,10,85,95,load_extrapolation
2,208,poly3,2,40,12.428571428571429,150.0,4886.521183652799,none,1,0.1843235999441124,20,0,20,load_extrapolation
2,208,poly3,2,40,12.428571428571429,150.0,4886.521183652799,scale,1,0.18418806874185245,20,18,38,load_extrapolation
2,208,poly3,2,40,12.428571428571429,150.0,4886.521183652799,scale+thin,1,0.024198093596238257,20,85,105,load_extrapolation
2,208,poly3,3,40,12.428571428571429,150.0,4886.521183652799,none,1,0.1843235999441124,25,0,25,load_extrapolation
2,208,poly3,3,40,12.428571428571429,150.0,4886.521183652799,scale,1,0.18418806874185245,25,18,43,load_extrapolation
2,208,poly3,3,40,12.428571428571429,150.0,4886.521183652799,scale+thin,1,0.024198093596238257,25,85,110,load_extrapolation
2,208,poly3,1,41,12.428571428571429,165.71428571428572,5340.456835444255,none,0,,10,0,10,load_extrapolation
2,208,poly3,1,41,12.428571428571429,165.71428571428572,5340.456835444255,scale,1,0.17028205458646672,10,19,29,load_extrapolation
2,208,poly3,1,41,12.428571428571429,165.71428571428572,5340.456835444255,scale+thin,1,0.04079642113559667,10,72,82,load_extrapolation
2,208,poly3,2,41,12.428571428571429,165.71428571428572,5340.456835444255,none,0,,20,0,20,load_extrapolation
2,208,poly3,2,41,12.428571428571429,165.71428571428572,5340.456835444255,scale,1,0.17028205458646672,20,19,39,load_extrapolation
2,208,poly3,2,41,12.428571428571429,165.71428571428572,5340.456835444255,scale+thin,1,0.04079642113559667,20,72,92,load_extrapolation
2,208,poly3,3,41,12.428571428571429,165.71428571428572,5340.456835444255,none,1,0.21342631212395102,25,0,25,load_extrapolation
2,208,poly3,3,41,12.428571428571429,165.71428571428572,5340.456835444255,scale,1,0.21328745047588127,25,18,43,load_extrapolation
2,208,poly3,3,41,12.428571428571429,165.71428571428572,5340.456835444255,scale+thin,1,0.21328745047588127,25,85,110,load_extrapolation
2,208,poly3,1,42,12.428571428571429,181.42857142857144,7499.029230834781,none,0,,10,0,10,load_extrapolation
2,208,poly3,1,42,12.428571428571429,181.42857142857144,7499.029230834781,scale,0,,10,9,19,load_extrapolation
2,208,poly3,1,42,12.428571428571429,181.42857142857144,7499.029230834781,scale+thin,0,,10,33,43,load_extrapolation
2,208,poly3,2,42,12.428571428571429,181.42857142857144,7499.029230834781,none,0,,20,0,20,load_extrapolation
2,208,poly3,2,42,12.428571428571429,181.42857142857144,7499.029230834781,scale,0,,20,9,29,load_extrapolation
2,208,poly3,2,42,12.428571428571429,181.42857142857144,7499.029230834781,scale+thin,0,,20,33,53,load_extrapolation
2,208,poly3,3,42,12.428571428571429,181.42857142857144,7499.029230834781,none,0,,30,0,30,load_extrapolation
2,208,poly3,3,42,12.428571428571429,181.42857142857144,7499.029230834781,scale,1,-5.263315981829386e-06,30,22,52,load_extrapolation
2,208,poly3,3,42,12.428571428571429,181.42857142857144,7499.029230834781,scale+thin,1,-5.263315981829386e-06,30,75,105,load_extrapolation
2,208,poly3,1,43,12.428571428571429,197.14285714285717,9997.68170860264,none,0,,10,0,10,load_extrapolation
2,208,poly3,1,43,12.428571428571429,197.14285714285717,9997.68170860264,scale,0,,10,9,19,load_extrapolation
2,208,poly3,1,43,12.428571428571429,197.14285714285717,9997.68170860264,scale+thin,0,,10,33,43,load_extrapolation
2,208,poly3,2,43,12.428571428571429,197.14285714285717,9997.68170860264,none,0,,20,0,20,load_extrapolation
2,208,poly3,2,43,12.428571428571429,197.14285714285717,9997.68170860264,scale,0,,20,9,29,load_extrapolation
2,208,poly3,2,43,12.428571428571429,197.14285714285717,9997.68170860264,scale+thin,0,,20,33,53,load_extrapolation
2,208,poly3,3,43,12.428571428571429,197.14285714285717,9997.68170860264,none,0,,30,0,30,load_extrapolation
2,208,poly3,3,43,12.428571428571429,197.14285714285717,9997.68170860264,scale,0,,30,9,39,load_extrapolation
2,208,poly3,3,43,12.428571428571429,197.14285714285717,9997.68170860264,scale+thin,0,,30,33,63,load_extrapolation
2,208,poly3,1,44,12.428571428571429,212.8571428571429,12790.67961945902,none,0,,10,0,10,load_extrapolation
2,208,poly3,1,44,12.428571428571429,212.8571428571429,12790.67961945902,scale,0,,10,9,19,load_extrapolation
2,208,poly3,1,44,12.428571428571429,212.8571428571429,12790.67961945902,scale+thin,0,,10,33,43,load_extrapolation
2,208,poly3,2,44,12.428571428571429,212.8571428571429,12790.67961945902,none,0,,20,0,20,load_extrapolation
2,208,poly3,2,44,12.428571428571429,212.8571428571429,12790.67961945902,scale,0,,20,9,29,load_extrapolation
2,208,poly3,2,44,12.428571428571429,212.8571428571429,12790.67961945902,scale+thin,0,,20,33,53,load_extrapolation
2,208,poly3,3,44,12.428571428571429,212.8571428571429,12790.67961945902,none,0,,30,0,30,load_extrapolation
2,208,poly3,3,44,12.428571428571429,212.8571428571429,12790.67961945902,scale,0,,30,9,39,load_extrapolation
2,208,poly3,3,44,12.428571428571429,212.8571428571429,12790.67961945902,scale+thin,0,,30,33,63,load_extrapolation
2,208,poly3,1,45,13.714285714285715,150.0,11343.005436312367,none,0,,10,0,10,load_extrapolation
2,208,poly3,1,45,13.714285714285715,150.0,11343.005436312367,scale,0,,10,9,19,load_extrapolation
2,208,poly3,1,45,13.714285714285715,150.0,11343.005436312367,scale+thin,0,,10,33,43,load_extrapolation
2,208,poly3,2,45,13.714285714285715,150.0,11343.005436312367,none,0,,20,0,20,load_extrapolation
2,208,poly3,2,45,13.714285714285715,150.0,11343.005436312367,scale,0,,20,9,29,load_extrapolation
2,208,poly3,2,45,13.714285714285715,150.0,11343.005436312367,scale+thin,0,,20,33,53,load_extrapolation
2,208,poly3,3,45,13.714285714285715,150.0,11343.005436312367,none,0,,30,0,30,load_extrapolation
2,208,poly3,3,45,13.714285714285715,150.0,11343.005436312367,scale,0,,30,9,39,load_extrapolation
2,208,poly3,3,45,13.714285714285715,150.0,11343.005436312367,scale+thin,0,,30,33,63,load_extrapolation
2,208,poly3,1,46,13.714285714285715,165.71428571428572,15604.275186931443,none,0,,10,0,10,load_extrapolation
2,208,poly3,1,46,13.714285714285715,165.71428571428572,15604.275186931443,scale,0,,10,9,19,load_extrapolation
2,208,poly3,1,46,13.714285714285715,165.71428571428572,15604.275186931443,scale+thin,0,,10,33,43,load_extrapolation
2,208,poly3,2,46,13.714285714285715,165.71428571428572,15604.275186931443,none,0,,20,0,20,load_extrapolation
2,208,poly3,2,46,13.714285714285715,165.71428571428572,15604.275186931443,scale,0,,20,9,29,load_extrapolation
2,208,poly3,2,46,13.714285714285715,165.71428571428572,15604.275186931443,scale+thin,0,,20,33,53,load_extrapolation
2,208,poly3,3,46,13.714285714285715,165.71428571428572,15604.275186931443,none,0,,30,0,30,load_extrapolation
2,208,poly3,3,46,13.714285714285715,165.71428571428572,15604.275186931443,scale,0,,30,9,39,load_extrapolation
2,208,poly3,3,46,13.714285714285715,165.71428571428572,15604.275186931443,scale+thin,0,,30,33,63,load_extrapolation
2,208,mlp,1,0,6.0,150.0,718.2839060185494,none,1,0.09041139529423026,4,0,4,load_extrapolation
2,208,mlp,1,0,6.0,150.0,718.2839060185494,scale,1,0.08871494317703976,4,18,22,load_extrapolation
2,208,mlp,1,0,6.0,150.0,718.2839060185494,scale+thin,1,0.08871494317703976,4,55,59,load_extrapolation
2,208,mlp,2,0,6.0,150.0,718.2839060185494,none,1,0.09041139529423026,8,0,8,load_extrapolation
2,208,mlp,2,0,6.0,150.0,718.2839060185494,scale,1,0.08871494317703976,8,18,26,load_extrapolation
2,208,mlp,2,0,6.0,150.0,718.2839060185494,scale+thin,1,0.08871494317703976,8,55,63,load_extrapolation
2,208,mlp,3,0,6.0,150.0,718.2839060185494,none,1,0.09041139529423026,11,0,11,load_extrapolation
2,208,mlp,3,0,6.0,150.0,718.2839060185494,scale,1,0.08871494317703976,11,18,29,load_extrapolation
2,208,mlp,3,0,6.0,150.0,718.2839060185494,scale+thin,1,0.08871494317703976,11,55,66,load_extrapolation
2,208,mlp,1,1,6.0,165.71428571428572,766.0869680124856,none,1,0.0053118000209320115,3,0,3,load_extrapolation
2,208,mlp,1,1,6.0,165.71428571428572,766.0869680124856,scale,1,0.004736638284053463,3,18,21,load_extrapolation
2,208,mlp,1,1,6.0,165.71428571428572,766.0869680124856,scale+thin,1,0.004736638284053463,3,55,58,load_extrapolation
2,208,mlp,2,1,6.0,165.71428571428572,766.0869680124856,none,1,0.0053118000209320115,6,0,6,load_extrapolation
2,208,mlp,2,1,6.0,165.71428571428572,766.0869680124856,scale,1,0.004736638284053463,6,18,24,load_extrapolation
2,208,mlp,2,1,6.0,165.71428571428572,766.0869680124856,scale+thin,1,0.004736638284053463,6,55,61,load_extrapolation
2,208,mlp,3,1,6.0,165.71428571428572,766.0869680124856,none,1,0.0053118000209320115,9,0,9,load_extrapolation
2,208,mlp,3,1,6.0,165.71428571428572,766.0869680124856,scale,1,0.004736638284053463,9,18,27,load_extrapolation
2,208,mlp,3,1,6.0,165.71428571428572,766.0869680124856,scale+thin,1,0.004736638284053463,9,55,64,load_extrapolation
2,208,mlp,1,2,6.0,181.42857142857144,809.0128740060688,none,1,0.007381723090127634,3,0,3,load_extrapolation
2,208,mlp,1,2,6.0,181.42857142857144,809.0128740060688,scale,1,0.007243385012788872,3,18,21,load_extrapolation
2,208,mlp,1,2,6.0,181.42857142857144,809.0128740060688,scale+thin,1,0.007243385012788872,3,55,58,load_extrapolation
2,208,mlp,2,2,6.0,181.42857142857144,809.0128740060688,none,1,0.007381723090127634,6,0,6,load_extrapolation
2,208,mlp,2,2,6.0,181.42857142857144,809.0128740060688,scale,1,0.007243385012788872,6,18,24,load_extrapolation
2,208,mlp,2,2,6.0,181.42857142857144,809.0128740060688,scale+thin,1,0.007243385012788872,6,55,61,load_extrapolation
2,208,mlp,3,2,6.0,181.42857142857144,809.0128740060688,none,1,0.007381723090127634,9,0,9,load_extrapolation
2,208,mlp,3,2,6.0,181.42857142857144,809.0128740060688,scale,1,0.007243385012788872,9,18,27,load_extrapolation
2,208,mlp,3,2,6.0,181.42857142857144,809.0128740060688,scale+thin,1,0.007243385012788872,9,55,64,load_extrapolation
2,208,mlp,1,3,6.0,197.14285714285717,854.6554477993761,none,1,0.00551416642947844,3,0,3,load_extrapolation
2,208,mlp,1,3,6.0,197.14285714285717,854.6554477993761,scale,1,0.005353072132328052,3,18,21,load_extrapolation
2,208,mlp,1,3,6.0,197.14285714285717,854.6554477993761,scale+thin,1,0.005353072132328052,3,55,58,load_extrapolation
2,208,mlp,2,3,6.0,197.14285714285717,854.6554477993761,none,1,0.00551416642947844,6,0,6,load_extrapolation
2,208,mlp,2,3,6.0,197.14285714285717,854.6554477993761,scale,1,0.005353072132328052,6,18,24,load_extrapolation
2,208,mlp,2,3,6.0,197.14285714285717,854.6554477993761,scale+thin,1,0.005353072132328052,6,55,61,load_extrapolation
2,208,mlp,3,3,6.0,197.14285714285717,854.6554477993761,none,1,0.00551416642947844,9,0,9,load_extrapolation
2,208,mlp,3,3,6.0,197.14285714285717,854.6554477993761,scale,1,0.005353072132328052,9,18,27,load_extrapolation
2,208,mlp,3,3,6.0,197.14285714285717,854.6554477993761,scale+thin,1,0.005353072132328052,9,55,64,load_extrapolation
2,208,mlp,1,4,6.0,212.8571428571429,895.7569021904145,none,1,0.008075794241727996,3,0,3,load_extrapolation
2,208,mlp,1,4,6.0,212.8571428571429,895.7569021904145,scale,1,0.007845077205667739,3,18,21,load_extrapolation
2,208,mlp,1,4,6.0,212.8571428571429,895.7569021904145,scale+thin,1,0.007845077205667739,3,55,58,load_extrapolation
2,208,mlp,2,4,6.0,212.8571428571429,895.7569021904145,none,1,0.008075794241727996,6,0,6,load_extrapolation
2,208,mlp,2,4,6.0,212.8571428571429,895.7569021904145,scale,1,0.007845077205667739,6,18,24,load_extrapolation
2,208,mlp,2,4,6.0,212.8571428571429,895.7569021904145,scale+thin,1,0.007845077205667739,6,55,61,load_extrapolation
2,208,mlp,3,4,6.0,212.8571428571429,895.7569021904145,none,1,0.008075794241727996,9,0,9,load_extrapolation
2,208,mlp,3,4,6.0,212.8571428571429,895.7569021904145,scale,1,0.007845077205667739,9,18,27,load_extrapolation
2,208,mlp,3,4,6.0,212.8571428571429,895.7569021904145,scale+thin,1,0.007845077205667739,9,55,64,load_extrapolation
2,208,mlp,1,5,6.0,228.57142857142856,927.0052988628717,none,1,0.020301763846662713,3,0,3,load_extrapolation
2,208,mlp,1,5,6.0,228.57142857142856,927.0052988628717,scale,1,0.01990480394504357,3,18,21,load_extrapolation
2,208,mlp,1,5,6.0,228.57142857142856,927.0052988628717,scale+thin,1,0.018525490660171284,3,73,76,load_extrapolation
2,208,mlp,2,5,6.0,228.57142857142856,927.0052988628717,none,1,0.020301763846662713,7,0,7,load_extrapolation
2,208,mlp,2,5,6.0,228.57142857142856,927.0052988628717,scale,1,0.01990480394504357,7,18,25,load_extrapolation
2,208,mlp,2,5,6.0,228.57142857142856,927.0052988628717,scale+thin,1,0.018525490660171284,7,73,80,load_extrapolation
2,208,mlp,3,5,6.0,228.57142857142856,927.0052988628717,none,1,0.020301763846662713,10,0,10,load_extrapolation
2,208,mlp,3,5,6.0,228.57142857142856,927.0052988628717,scale,1,0.01990480394504357,10,18,28,load_extrapolation
2,208,mlp,3,5,6.0,228.57142857142856,927.0052988628717,scale+thin,1,0.018525490660171284,10,73,83,load_extrapolation
2,208,mlp,1,6,6.0,244.28571428571428,968.4098952439792,none,1,0.020255985176672153,3,0,3,load_extrapolation
2,208,mlp,1,6,6.0,244.28571428571428,968.4098952439792,scale,1,0.019672273531705642,3,18,21,load_extrapolation
2,208,mlp,1,6,6.0,244.28571428571428,968.4098952439792,scale+thin,1,0.016432862719603536,3,73,76,load_extrapolation
2,208,mlp,2,6,6.0,244.28571428571428,968.4098952439792,none,1,0.020255985176672153,7,0,7,load_extrapolation
2,208,mlp,2,6,6.0,244.28571428571428,968.4098952439792,scale,1,0.019672273531705642,7,18,25,load_extrapolation
2,208,mlp,2,6,6.0,244.28571428571428,968.4098952439792,scale+thin,1,0.016432862719603536,7,73,80,load_extrapolation
2,208,mlp,3,6,6.0,244.28571428571428,968.4098952439792,none,1,0.020255985176672153,10,0,10,load_extrapolation
2,208,mlp,3,6,6.0,244.28571428571428,968.4098952439792,scale,1,0.019672273531705642,10,18,28,load_extrapolation
2,208,mlp,3,6,6.0,244.28571428571428,968.4098952439792,scale+thin,1,0.016432862719603536,10,73,83,load_extrapolation
2,208,mlp,1,7,6.0,260.0,1013.7382545756694,none,1,0.016173862134884143,3,0,3,load_extrapolation
2,208,mlp,1,7,6.0,260.0,1013.7382545756694,scale,1,0.01545298043852239,3,18,21,load_extrapolation
2,208,mlp,1,7,6.0,260.0,1013.7382545756694,scale+thin,1,0.009926897261081091,3,74,77,load_extrapolation
2,208,mlp,2,7,6.0,260.0,1013.7382545756694,none,1,0.016173862134884143,7,0,7,load_extrapolation
2,208,mlp,2,7,6.0,260.0,1013.7382545756694,scale,1,0.01545298043852239,7,18,25,load_extrapolation
2,208,mlp,2,7,6.0,260.0,1013.7382545756694,scale+thin,1,0.009926897261081091,7,74,81,load_extrapolation
2,208,mlp,3,7,6.0,260.0,1013.7382545756694,none,1,0.016173862134884143,10,0,10,load_extrapolation
2,208,mlp,3,7,6.0,260.0,1013.7382545756694,scale,1,0.01545298043852239,10,18,28,load_extrapolation
2,208,mlp,3,7,6.0,260.0,1013.7382545756694,scale+thin,1,0.009926897261081091,10,74,84,load_extrapolation
2,208,mlp,1,8,7.285714285714286,150.0,1153.3708205133214,none,1,-0.0029743491835581004,3,0,3,load_extrapolation
2,208,mlp,1,8,7.285714285714286,150.0,1153.3708205133214,scale,1,-0.0034535138278094513,3,18,21,load_extrapolation
2,208,mlp,1,8,7.285714285714286,150.0,1153.3708205133214,scale+thin,1,-0.0034535138278094513,3,55,58,load_extrapolation
2,208,mlp,2,8,7.285714285714286,150.0,1153.3708205133214,none,1,-0.0029743491835581004,6,0,6,load_extrapolation
2,208,mlp,2,8,7.285714285714286,150.0,1153.3708205133214,scale,1,-0.0034535138278094513,6,18,24,load_extrapolation
2,208,mlp,2,8,7.285714285714286,150.0,1153.3708205133214,scale+thin,1,-0.0034535138278094513,6,55,61,load_extrapolation
2,208,mlp,3,8,7.285714285714286,150.0,1153.3708205133214,none,1,-0.0029743491835581004,9,0,9,load_extrapolation
2,208,mlp,3,8,7.285714285714286,150.0,1153.3708205133214,scale,1,-0.0034535138278094513,9,18,27,load_extrapolation
2,208,mlp,3,8,7.285714285714286,150.0,1153.3708205133214,scale+thin,1,-0.0034535138278094513,9,55,64,load_extrapolation
2,208,mlp,1,9,7.285714285714286,165.71428571428572,1218.9044722408655,none,1,0.004802985314887653,4,0,4,load_extrapolation
2,208,mlp,1,9,7.285714285714286,165.71428571428572,1218.9044722408655,scale,1,0.0032856829448164593,4,18,22,load_extrapolation
2,208,mlp,1,9,7.285714285714286,165.71428571428572,1218.9044722408655,scale+thin,1,0.0032856829448164593,4,55,59,load_extrapolation
2,208,mlp,2,9,7.285714285714286,165.71428571428572,1218.9044722408655,none,1,0.004802985314887653,7,0,7,load_extrapolation
2,208,mlp,2,9,7.285714285714286,165.71428571428572,1218.9044722408655,scale,1,0.0032856829448164593,7,18,25,load_extrapolation
2,208,mlp,2,9,7.285714285714286,165.71428571428572,1218.9044722408655,scale+thin,1,0.0032856829448164593,7,55,62,load_extrapolation
2,208,mlp,3,9,7.285714285714286,165.71428571428572,1218.9044722408655,none,1,0.004802985314887653,10,0,10,load_extrapolation
2,208,mlp,3,9,7.285714285714286,165.71428571428572,1218.9044722408655,scale,1,0.0032856829448164593,10,18,28,load_extrapolation
2,208,mlp,3,9,7.285714285714286,165.71428571428572,1218.9044722408655,scale+thin,1,0.0032856829448164593,10,55,65,load_extrapolation
2,208,mlp,1,10,7.285714285714286,181.42857142857144,1289.0609260869776,none,1,0.03908202177672626,3,0,3,load_extrapolation
2,208,mlp,1,10,7.285714285714286,181.42857142857144,1289.0609260869776,scale,1,0.037512956360537864,3,18,21,load_extrapolation
2,208,mlp,1,10,7.285714285714286,181.42857142857144,1289.0609260869776,scale+thin,1,0.037512956360537864,3,55,58,load_extrapolation
2,208,mlp,2,10,7.285714285714286,181.42857142857144,1289.0609260869776,none,1,0.006028317924215321,7,0,7,load_extrapolation
2,208,mlp,2,10,7.285714285714286,181.42857142857144,1289.0609260869776,scale,1,0.004486156603904501,7,18,25,load_extrapolation
2,208,mlp,2,10,7.285714285714286,181.42857142857144,1289.0609260869776,scale+thin,1,0.004486156603904501,7,56,63,load_extrapolation
2,208,mlp,3,10,7.285714285714286,181.42857142857144,1289.0609260869776,none,1,0.006028317924215321,10,0,10,load_extrapolation
2,208,mlp,3,10,7.285714285714286,181.42857142857144,1289.0609260869776,scale,1,0.004486156603904501,10,18,28,load_extrapolation
2,208,mlp,3,10,7.285714285714286,181.42857142857144,1289.0609260869776,scale+thin,1,0.004486156603904501,10,56,66,load_extrapolation
2,208,mlp,1,11,7.285714285714286,197.14285714285717,1353.7155222893743,none,1,0.04195636900807842,3,0,3,load_extrapolation
2,208,mlp,1,11,7.285714285714286,197.14285714285717,1353.7155222893743,scale,1,0.040382963184934395,3,18,21,load_extrapolation
2,208,mlp,1,11,7.285714285714286,197.14285714285717,1353.7155222893743,scale+thin,1,0.040382963184934395,3,55,58,load_extrapolation
2,208,mlp,2,11,7.285714285714286,197.14285714285717,1353.7155222893743,none,1,0.010241803545042671,7,0,7,load_extrapolation
2,208,mlp,2,11,7.285714285714286,197.14285714285717,1353.7155222893743,scale,1,0.008693183286715644,7,18,25,load_extrapolation
2,208,mlp,2,11,7.285714285714286,197.14285714285717,1353.7155222893743,scale+thin,1,0.008693183286715644,7,56,63,load_extrapolation
2,208,mlp,3,11,7.285714285714286,197.14285714285717,1353.7155222893743,none,1,0.010241803545042671,10,0,10,load_extrapolation
2,208,mlp,3,11,7.285714285714286,197.14285714285717,1353.7155222893743,scale,1,0.008693183286715644,10,18,28,load_extrapolation
2,208,mlp,3,11,7.285714285714286,197.14285714285717,1353.7155222893743,scale+thin,1,0.008693183286715644,10,56,66,load_extrapolation
2,208,mlp,1,12,7.285714285714286,212.8571428571429,1426.808505633445,none,1,0.03821117769802762,3,0,3,load_extrapolation
2,208,mlp,1,12,7.285714285714286,212.8571428571429,1426.808505633445,scale,1,0.036643427299612785,3,18,21,load_extrapolation
2,208,mlp,1,12,7.285714285714286,212.8571428571429,1426.808505633445,scale+thin,1,0.036643427299612785,3,55,58,load_extrapolation
2,208,mlp,2,12,7.285714285714286,212.8571428571429,1426.808505633445,none,1,0.007573028968091977,7,0,7,load_extrapolation
2,208,mlp,2,12,7.285714285714286,212.8571428571429,1426.808505633445,scale,1,0.006028499728727432,7,18,25,load_extrapolation
2,208,mlp,2,12,7.285714285714286,212.8571428571429,1426.808505633445,scale+thin,1,0.006028499728727432,7,57,64,load_extrapolation
2,208,mlp,3,12,7.285714285714286,212.8571428571429,1426.808505633445,none,1,0.007573028968091977,10,0,10,load_extrapolation
2,208,mlp,3,12,7.285714285714286,212.8571428571429,1426.808505633445,scale,1,0.006028499728727432,10,18,28,load_extrapolation
2,208,mlp,3,12,7.285714285714286,212.8571428571429,1426.808505633445,scale+thin,1,0.006028499728727432,10,57,67,load_extrapolation
2,208,mlp,1,13,7.285714285714286,228.57142857142856,1481.0244610123186,none,1,0.04784027617757958,3,0,3,load_extrapolation
2,208,mlp,1,13,7.285714285714286,228.57142857142856,1481.0244610123186,scale,1,0.04628195054575546,3,18,21,load_extrapolation
2,208,mlp,1,13,7.285714285714286,228.57142857142856,1481.0244610123186,scale+thin,1,0.043532180054757896,3,72,75,load_extrapolation
2,208,mlp,2,13,7.285714285714286,228.57142857142856,1481.0244610123186,none,1,0.017698507030396105,7,0,7,load_extrapolation
2,208,mlp,2,13,7.285714285714286,228.57142857142856,1481.0244610123186,scale,1,0.01613845623926302,7,18,25,load_extrapolation
2,208,mlp,2,13,7.285714285714286,228.57142857142856,1481.0244610123186,scale+thin,1,0.013611946471852265,7,74,81,load_extrapolation
2,208,mlp,3,13,7.285714285714286,228.57142857142856,1481.0244610123186,none,1,0.017698507030396105,10,0,10,load_extrapolation
2,208,mlp,3,13,7.285714285714286,228.57142857142856,1481.0244610123186,scale,1,0.01613845623926302,10,18,28,load_extrapolation
2,208,mlp,3,13,7.285714285714286,228.57142857142856,1481.0244610123186,scale+thin,1,0.013611946471852265,10,74,84,load_extrapolation
2,208,mlp,1,14,7.285714285714286,244.28571428571428,1543.6092503419804,none,1,0.05065035367642734,3,0,3,load_extrapolation
2,208,mlp,1,14,7.285714285714286,244.28571428571428,1543.6092503419804,scale,1,0.0490638195050046,3,18,21,load_extrapolation
2,208,mlp,1,14,7.285714285714286,244.28571428571428,1543.6092503419804,scale+thin,1,0.04348379567090421,3,74,77,load_extrapolation
2,208,mlp,2,14,7.285714285714286,244.28571428571428,1543.6092503419804,none,1,0.021343000657269462,7,0,7,load_extrapolation
2,208,mlp,2,14,7.285714285714286,244.28571428571428,1543.6092503419804,scale,1,0.019777363147547966,7,18,25,load_extrapolation
2,208,mlp,2,14,7.285714285714286,244.28571428571428,1543.6092503419804,scale+thin,1,0.014587151108899521,7,76,83,load_extrapolation
2,208,mlp,3,14,7.285714285714286,244.28571428571428,1543.6092503419804,none,1,0.021343000657269462,10,0,10,load_extrapolation
2,208,mlp,3,14,7.285714285714286,244.28571428571428,1543.6092503419804,scale,1,0.019777363147547966,10,18,28,load_extrapolation
2,208,mlp,3,14,7.285714285714286,244.28571428571428,1543.6092503419804,scale+thin,1,0.014587151108899521,10,76,86,load_extrapolation
2,208,mlp,1,15,7.285714285714286,260.0,1618.4847454305025,none,1,0.04475156704220762,3,0,3,load_extrapolation
2,208,mlp,1,15,7.285714285714286,260.0,1618.4847454305025,scale,1,0.0431739403313236,3,18,21,load_extrapolation
2,208,mlp,1,15,7.285714285714286,260.0,1618.4847454305025,scale+thin,1,0.0348493374677501,3,74,77,load_extrapolation
2,208,mlp,2,15,7.285714285714286,260.0,1618.4847454305025,none,1,0.015080050341482965,6,0,6,load_extrapolation
2,208,mlp,2,15,7.285714285714286,260.0,1618.4847454305025,scale,1,0.014870961062812604,6,18,24,load_extrapolation
2,208,mlp,2,15,7.285714285714286,260.0,1618.4847454305025,scale+thin,1,0.0071995606847417015,6,76,82,load_extrapolation
2,208,mlp,3,15,7.285714285714286,260.0,1618.4847454305025,none,1,0.015080050341482965,9,0,9,load_extrapolation
2,208,mlp,3,15,7.285714285714286,260.0,1618.4847454305025,scale,1,0.014870961062812604,9,18,27,load_extrapolation
2,208,mlp,3,15,7.285714285714286,260.0,1618.4847454305025,scale+thin,1,0.0071995606847417015,9,76,85,load_extrapolation
2,208,mlp,1,16,8.571428571428571,150.0,1686.3433188884542,none,1,0.04968857224263612,3,0,3,load_extrapolation
2,208,mlp,1,16,8.571428571428571,150.0,1686.3433188884542,scale,1,0.04807948322829825,3,18,21,load_extrapolation
2,208,mlp,1,16,8.571428571428571,150.0,1686.3433188884542,scale+thin,1,0.04807948322829825,3,55,58,load_extrapolation
2,208,mlp,2,16,8.571428571428571,150.0,1686.3433188884542,none,1,0.007188647572306195,6,0,6,load_extrapolation
2,208,mlp,2,16,8.571428571428571,150.0,1686.3433188884542,scale,1,0.005990262882152875,6,18,24,load_extrapolation
2,208,mlp,2,16,8.571428571428571,150.0,1686.3433188884542,scale+thin,1,0.005990262882152875,6,57,63,load_extrapolation
2,208,mlp,3,16,8.571428571428571,150.0,1686.3433188884542,none,1,0.007188647572306195,9,0,9,load_extrapolation
2,208,mlp,3,16,8.571428571428571,150.0,1686.3433188884542,scale,1,0.005990262882152875,9,18,27,load_extrapolation
2,208,mlp,3,16,8.571428571428571,150.0,1686.3433188884542,scale+thin,1,0.005990262882152875,9,57,66,load_extrapolation
2,208,mlp,1,17,8.571428571428571,165.71428571428572,1809.7430894999927,none,1,0.03960322205437716,3,0,3,load_extrapolation
2,208,mlp,1,17,8.571428571428571,165.71428571428572,1809.7430894999927,scale,1,0.038057146393148056,3,18,21,load_extrapolation
2,208,mlp,1,17,8.571428571428571,165.71428571428572,1809.7430894999927,scale+thin,1,0.038057146393148056,3,55,58,load_extrapolation
2,208,mlp,2,17,8.571428571428571,165.71428571428572,1809.7430894999927,none,1,0.00011663583648813258,7,0,7,load_extrapolation
2,208,mlp,2,17,8.571428571428571,165.71428571428572,1809.7430894999927,scale,1,-0.0013935899133161733,7,18,25,load_extrapolation
2,208,mlp,2,17,8.571428571428571,165.71428571428572,1809.7430894999927,scale+thin,1,-0.0013935899133161733,7,58,65,load_extrapolation
2,208,mlp,3,17,8.571428571428571,165.71428571428572,1809.7430894999927,none,1,0.00011663583648813258,10,0,10,load_extrapolation
2,208,mlp,3,17,8.571428571428571,165.71428571428572,1809.7430894999927,scale,1,-0.0013935899133161733,10,18,28,load_extrapolation
2,208,mlp,3,17,8.571428571428571,165.71428571428572,1809.7430894999927,scale+thin,1,-0.0013935899133161733,10,58,68,load_extrapolation
2,208,mlp,1,18,8.571428571428571,181.42857142857144,1926.769836691324,none,1,0.033131194625263705,3,0,3,load_extrapolation
2,208,mlp,1,18,8.571428571428571,181.42857142857144,1926.769836691324,scale,1,0.03161837306664772,3,18,21,load_extrapolation
2,208,mlp,1,18,8.571428571428571,181.42857142857144,1926.769836691324,scale+thin,1,0.03161837306664772,3,56,59,load_extrapolation
2,208,mlp,2,18,8.571428571428571,181.42857142857144,1926.769836691324,none,1,-0.0033183846990173516,7,0,7,load_extrapolation
2,208,mlp,2,18,8.571428571428571,181.42857142857144,1926.769836691324,scale,1,-0.004413071078005815,7,18,25,load_extrapolation
2,208,mlp,2,18,8.571428571428571,181.42857142857144,1926.769836691324,scale+thin,1,-0.004413071078005815,7,58,65,load_extrapolation
2,208,mlp,3,18,8.571428571428571,181.42857142857144,1926.769836691324,none,1,-0.0033183846990173516,10,0,10,load_extrapolation
2,208,mlp,3,18,8.571428571428571,181.42857142857144,1926.769836691324,scale,1,-0.004413071078005815,10,18,28,load_extrapolation
2,208,mlp,3,18,8.571428571428571,181.42857142857144,1926.769836691324,scale+thin,1,-0.004413071078005815,10,58,68,load_extrapolation
2,208,mlp,1,19,8.571428571428571,197.14285714285717,2004.21381384588,none,1,0.04764859805082233,3,0,3,load_extrapolation
2,208,mlp,1,19,8.571428571428571,197.14285714285717,2004.21381384588,scale,1,0.046114518552273775,3,18,21,load_extrapolation
2,208,mlp,1,19,8.571428571428571,197.14285714285717,2004.21381384588,scale+thin,1,0.046114518552273775,3,57,60,load_extrapolation
2,208,mlp,2,19,8.571428571428571,197.14285714285717,2004.21381384588,none,1,0.012950924939263198,7,0,7,load_extrapolation
2,208,mlp,2,19,8.571428571428571,197.14285714285717,2004.21381384588,scale,1,0.012464106702244626,7,18,25,load_extrapolation
2,208,mlp,2,19,8.571428571428571,197.14285714285717,2004.21381384588,scale+thin,1,0.011926091650827031,7,77,84,load_extrapolation
2,208,mlp,3,19,8.571428571428571,197.14285714285717,2004.21381384588,none,1,0.012950924939263198,10,0,10,load_extrapolation
2,208,mlp,3,19,8.571428571428571,197.14285714285717,2004.21381384588,scale,1,0.012464106702244626,10,18,28,load_extrapolation
2,208,mlp,3,19,8.571428571428571,197.14285714285717,2004.21381384588,scale+thin,1,0.011926091650827031,10,77,87,load_extrapolation
2,208,mlp,1,20,8.571428571428571,212.8571428571429,2119.4215005582246,none,1,0.04210355988242598,3,0,3,load_extrapolation
2,208,mlp,1,20,8.571428571428571,212.8571428571429,2119.4215005582246,scale,1,0.040577600023792515,3,18,21,load_extrapolation
2,208,mlp,1,20,8.571428571428571,212.8571428571429,2119.4215005582246,scale+thin,1,0.03794867736639751,3,74,77,load_extrapolation
2,208,mlp,2,20,8.571428571428571,212.8571428571429,2119.4215005582246,none,1,0.021830453102775538,12,0,12,load_extrapolation
2,208,mlp,2,20,8.571428571428571,212.8571428571429,2119.4215005582246,scale,1,0.021713517233372004,12,18,30,load_extrapolation
2,208,mlp,2,20,8.571428571428571,212.8571428571429,2119.4215005582246,scale+thin,1,0.006809452118061499,12,79,91,load_extrapolation
2,208,mlp,3,20,8.571428571428571,212.8571428571429,2119.4215005582246,none,1,0.021830453102775538,15,0,15,load_extrapolation
2,208,mlp,3,20,8.571428571428571,212.8571428571429,2119.4215005582246,scale,1,0.021713517233372004,15,18,33,load_extrapolation
2,208,mlp,3,20,8.571428571428571,212.8571428571429,2119.4215005582246,scale+thin,1,0.006809452118061499,15,79,94,load_extrapolation
2,208,mlp,1,21,8.571428571428571,228.57142857142856,2258.167962393494,none,1,0.025029347479884168,3,0,3,load_extrapolation
2,208,mlp,1,21,8.571428571428571,228.57142857142856,2258.167962393494,scale,1,0.02352838951525338,3,18,21,load_extrapolation
2,208,mlp,1,21,8.571428571428571,228.57142857142856,2258.167962393494,scale+thin,1,0.017994877220491867,3,76,79,load_extrapolation
2,208,mlp,2,21,8.571428571428571,228.57142857142856,2258.167962393494,none,1,0.025029347479884168,13,0,13,load_extrapolation
2,208,mlp,2,21,8.571428571428571,228.57142857142856,2258.167962393494,scale,1,0.02352838951525338,13,18,31,load_extrapolation
2,208,mlp,2,21,8.571428571428571,228.57142857142856,2258.167962393494,scale+thin,1,0.017994877220491867,13,76,89,load_extrapolation
2,208,mlp,3,21,8.571428571428571,228.57142857142856,2258.167962393494,none,1,0.025029347479884168,16,0,16,load_extrapolation
2,208,mlp,3,21,8.571428571428571,228.57142857142856,2258.167962393494,scale,1,0.02352838951525338,16,18,34,load_extrapolation
2,208,mlp,3,21,8.571428571428571,228.57142857142856,2258.167962393494,scale+thin,1,0.017994877220491867,16,76,92,load_extrapolation
2,208,mlp,1,22,8.571428571428571,244.28571428571428,2347.8753054507297,none,1,0.030343645326410762,3,0,3,load_extrapolation
2,208,mlp,1,22,8.571428571428571,244.28571428571428,2347.8753054507297,scale,1,0.02883490559660462,3,18,21,load_extrapolation
2,208,mlp,1,22,8.571428571428571,244.28571428571428,2347.8753054507297,scale+thin,1,0.0190031751099764,3,76,79,load_extrapolation
2,208,mlp,2,22,8.571428571428571,244.28571428571428,2347.8753054507297,none,1,0.030343645326410762,13,0,13,load_extrapolation
2,208,mlp,2,22,8.571428571428571,244.28571428571428,2347.8753054507297,scale,1,0.02883490559660462,13,18,31,load_extrapolation
2,208,mlp,2,22,8.571428571428571,244.28571428571428,2347.8753054507297,scale+thin,1,0.0190031751099764,13,76,89,load_extrapolation
2,208,mlp,3,22,8.571428571428571,244.28571428571428,2347.8753054507297,none,1,0.030343645326410762,16,0,16,load_extrapolation
2,208,mlp,3,22,8.571428571428571,244.28571428571428,2347.8753054507297,scale,1,0.02883490559660462,16,18,34,load_extrapolation
2,208,mlp,3,22,8.571428571428571,244.28571428571428,2347.8753054507297,scale+thin,1,0.0190031751099764,16,76,92,load_extrapolation
2,208,mlp,1,23,8.571428571428571,260.0,2454.6466970028446,none,1,0.027616854215393172,3,0,3,load_extrapolation
2,208,mlp,1,23,8.571428571428571,260.0,2454.6466970028446,scale,1,0.0261121073457391,3,18,21,load_extrapolation
2,208,mlp,1,23,8.571428571428571,260.0,2454.6466970028446,scale+thin,1,0.011163319216009437,3,76,79,load_extrapolation
2,208,mlp,2,23,8.571428571428571,260.0,2454.6466970028446,none,1,0.027616854215393172,13,0,13,load_extrapolation
2,208,mlp,2,23,8.571428571428571,260.0,2454.6466970028446,scale,1,0.0261121073457391,13,18,31,load_extrapolation
2,208,mlp,2,23,8.571428571428571,260.0,2454.6466970028446,scale+thin,1,0.011163319216009437,13,76,89,load_extrapolation
2,208,mlp,3,23,8.571428571428571,260.0,2454.6466970028446,none,1,0.027616854215393172,16,0,16,load_extrapolation
2,208,mlp,3,23,8.571428571428571,260.0,2454.6466970028446,scale,1,0.0261121073457391,16,18,34,load_extrapolation
2,208,mlp,3,23,8.571428571428571,260.0,2454.6466970028446,scale+thin,1,0.011163319216009437,16,76,92,load_extrapolation
2,208,mlp,1,24,9.857142857142858,150.0,2401.6635135318147,none,1,0.04223473079986095,3,0,3,load_extrapolation
2,208,mlp,1,24,9.857142857142858,150.0,2401.6635135318147,scale,1,0.0407085788666941,3,18,21,load_extrapolation
2,208,mlp,1,24,9.857142857142858,150.0,2401.6635135318147,scale+thin,1,0.0407085788666941,3,57,60,load_extrapolation
2,208,mlp,2,24,9.857142857142858,150.0,2401.6635135318147,none,1,0.008742759228483443,12,0,12,load_extrapolation
2,208,mlp,2,24,9.857142857142858,150.0,2401.6635135318147,scale,1,0.00828104628394244,12,18,30,load_extrapolation
2,208,mlp,2,24,9.857142857142858,150.0,2401.6635135318147,scale+thin,1,-0.0010295628269200163,12,77,89,load_extrapolation
2,208,mlp,3,24,9.857142857142858,150.0,2401.6635135318147,none,1,0.008742759228483443,15,0,15,load_extrapolation
2,208,mlp,3,24,9.857142857142858,150.0,2401.6635135318147,scale,1,0.00828104628394244,15,18,33,load_extrapolation
2,208,mlp,3,24,9.857142857142858,150.0,2401.6635135318147,scale+thin,1,-0.0010295628269200163,15,77,92,load_extrapolation
2,208,mlp,1,25,9.857142857142858,165.71428571428572,2596.489349148936,none,1,0.027024822406155335,3,0,3,load_extrapolation
2,208,mlp,1,25,9.857142857142858,165.71428571428572,2596.489349148936,scale,1,0.025567922022723177,3,18,21,load_extrapolation
2,208,mlp,1,25,9.857142857142858,165.71428571428572,2596.489349148936,scale+thin,1,0.025567922022723177,3,58,61,load_extrapolation
2,208,mlp,2,25,9.857142857142858,165.71428571428572,2596.489349148936,none,1,0.027024822406155335,13,0,13,load_extrapolation
2,208,mlp,2,25,9.857142857142858,165.71428571428572,2596.489349148936,scale,1,0.025567922022723177,13,18,31,load_extrapolation
2,208,mlp,2,25,9.857142857142858,165.71428571428572,2596.489349148936,scale+thin,1,0.025567922022723177,13,58,71,load_extrapolation
2,208,mlp,3,25,9.857142857142858,165.71428571428572,2596.489349148936,none,1,0.027024822406155335,16,0,16,load_extrapolation
2,208,mlp,3,25,9.857142857142858,165.71428571428572,2596.489349148936,scale,1,0.025567922022723177,16,18,34,load_extrapolation
2,208,mlp,3,25,9.857142857142858,165.71428571428572,2596.489349148936,scale+thin,1,0.025567922022723177,16,58,74,load_extrapolation
2,208,mlp,1,26,9.857142857142858,181.42857142857144,2778.4364695846,none,1,0.016528477578459988,2,0,2,load_extrapolation
2,208,mlp,1,26,9.857142857142858,181.42857142857144,2778.4364695846,scale,1,0.01634235417551877,2,18,20,load_extrapolation
2,208,mlp,1,26,9.857142857142858,181.42857142857144,2778.4364695846,scale+thin,1,0.015898877795548882,2,75,77,load_extrapolation
2,208,mlp,2,26,9.857142857142858,181.42857142857144,2778.4364695846,none,1,0.016528477578459988,12,0,12,load_extrapolation
2,208,mlp,2,26,9.857142857142858,181.42857142857144,2778.4364695846,scale,1,0.01634235417551877,12,18,30,load_extrapolation
2,208,mlp,2,26,9.857142857142858,181.42857142857144,2778.4364695846,scale+thin,1,0.015898877795548882,12,75,87,load_extrapolation
2,208,mlp,3,26,9.857142857142858,181.42857142857144,2778.4364695846,none,1,0.016528477578459988,15,0,15,load_extrapolation
2,208,mlp,3,26,9.857142857142858,181.42857142857144,2778.4364695846,scale,1,0.01634235417551877,15,18,33,load_extrapolation
2,208,mlp,3,26,9.857142857142858,181.42857142857144,2778.4364695846,scale+thin,1,0.015898877795548882,15,75,90,load_extrapolation
2,208,mlp,1,27,9.857142857142858,197.14285714285717,2934.59017073786,none,1,0.01812869606815881,3,0,3,load_extrapolation
2,208,mlp,1,27,9.857142857142858,197.14285714285717,2934.59017073786,scale,1,0.017779179322231276,3,18,21,load_extrapolation
2,208,mlp,1,27,9.857142857142858,197.14285714285717,2934.59017073786,scale+thin,1,0.012812501978721746,3,77,80,load_extrapolation
2,208,mlp,2,27,9.857142857142858,197.14285714285717,2934.59017073786,none,1,0.01812869606815881,13,0,13,load_extrapolation
2,208,mlp,2,27,9.857142857142858,197.14285714285717,2934.59017073786,scale,1,0.017779179322231276,13,18,31,load_extrapolation
2,208,mlp,2,27,9.857142857142858,197.14285714285717,2934.59017073786,scale+thin,1,0.012812501978721746,13,77,90,load_extrapolation
2,208,mlp,3,27,9.857142857142858,197.14285714285717,2934.59017073786,none,1,0.01812869606815881,16,0,16,load_extrapolation
2,208,mlp,3,27,9.857142857142858,197.14285714285717,2934.59017073786,scale,1,0.017779179322231276,16,18,34,load_extrapolation
2,208,mlp,3,27,9.857142857142858,197.14285714285717,2934.59017073786,scale+thin,1,0.012812501978721746,16,77,93,load_extrapolation
2,208,mlp,1,28,9.857142857142858,212.8571428571429,3092.903946849261,none,1,0.025898989788316396,8,0,8,load_extrapolation
2,208,mlp,1,28,9.857142857142858,212.8571428571429,3092.903946849261,scale,1,0.02547637596099861,8,18,26,load_extrapolation
2,208,mlp,1,28,9.857142857142858,212.8571428571429,3092.903946849261,scale+thin,1,0.011054936820536376,8,79,87,load_extrapolation
2,208,mlp,2,28,9.857142857142858,212.8571428571429,3092.903946849261,none,1,0.025898989788316396,18,0,18,load_extrapolation
2,208,mlp,2,28,9.857142857142858,212.8571428571429,3092.903946849261,scale,1,0.02547637596099861,18,18,36,load_extrapolation
2,208,mlp,2,28,9.857142857142858,212.8571428571429,3092.903946849261,scale+thin,1,0.011054936820536376,18,79,97,load_extrapolation
2,208,mlp,3,28,9.857142857142858,212.8571428571429,3092.903946849261,none,1,0.025898989788316396,21,0,21,load_extrapolation
2,208,mlp,3,28,9.857142857142858,212.8571428571429,3092.903946849261,scale,1,0.02547637596099861,21,18,39,load_extrapolation
2,208,mlp,3,28,9.857142857142858,212.8571428571429,3092.903946849261,scale+thin,1,0.011054936820536376,21,79,100,load_extrapolation
2,208,mlp,1,29,9.857142857142858,228.57142857142856,3278.0505051710666,none,1,0.03793858305467612,10,0,10,load_extrapolation
2,208,mlp,1,29,9.857142857142858,228.57142857142856,3278.0505051710666,scale,1,0.037843559114259406,10,18,28,load_extrapolation
2,208,mlp,1,29,9.857142857142858,228.57142857142856,3278.0505051710666,scale+thin,1,0.023109085132570373,10,80,90,load_extrapolation
2,208,mlp,2,29,9.857142857142858,228.57142857142856,3278.0505051710666,none,1,0.03793858305467612,20,0,20,load_extrapolation
2,208,mlp,2,29,9.857142857142858,228.57142857142856,3278.0505051710666,scale,1,0.037843559114259406,20,18,38,load_extrapolation
2,208,mlp,2,29,9.857142857142858,228.57142857142856,3278.0505051710666,scale+thin,1,0.023109085132570373,20,80,100,load_extrapolation
2,208,mlp,3,29,9.857142857142858,228.57142857142856,3278.0505051710666,none,1,0.03793858305467612,22,0,22,load_extrapolation
2,208,mlp,3,29,9.857142857142858,228.57142857142856,3278.0505051710666,scale,1,0.037843559114259406,22,18,40,load_extrapolation
2,208,mlp,3,29,9.857142857142858,228.57142857142856,3278.0505051710666,scale+thin,1,0.023109085132570373,22,80,102,load_extrapolation
2,208,mlp,1,30,9.857142857142858,244.28571428571428,3503.3130527973344,none,0,,10,0,10,load_extrapolation
2,208,mlp,1,30,9.857142857142858,244.28571428571428,3503.3130527973344,scale,1,0.03354942783935244,10,19,29,load_extrapolation
2,208,mlp,1,30,9.857142857142858,244.28571428571428,3503.3130527973344,scale+thin,1,0.021765838153154915,10,84,94,load_extrapolation
2,208,mlp,2,30,9.857142857142858,244.28571428571428,3503.3130527973344,none,0,,20,0,20,load_extrapolation
2,208,mlp,2,30,9.857142857142858,244.28571428571428,3503.3130527973344,scale,1,0.03354942783935244,20,19,39,load_extrapolation
2,208,mlp,2,30,9.857142857142858,244.28571428571428,3503.3130527973344,scale+thin,1,0.021765838153154915,20,84,104,load_extrapolation
2,208,mlp,3,30,9.857142857142858,244.28571428571428,3503.3130527973344,none,1,0.27645913003661615,28,0,28,load_extrapolation
2,208,mlp,3,30,9.857142857142858,244.28571428571428,3503.3130527973344,scale,1,0.2761669884448663,28,18,46,load_extrapolation
2,208,mlp,3,30,9.857142857142858,244.28571428571428,3503.3130527973344,scale+thin,1,0.26084907224071463,28,80,108,load_extrapolation
2,208,mlp,1,31,9.857142857142858,260.0,3720.59576057169,none,0,,10,0,10,load_extrapolation
2,208,mlp,1,31,9.857142857142858,260.0,3720.59576057169,scale,1,0.03106071316371506,10,19,29,load_extrapolation
2,208,mlp,1,31,9.857142857142858,260.0,3720.59576057169,scale+thin,1,0.02251582170774391,10,86,96,load_extrapolation
2,208,mlp,2,31,9.857142857142858,260.0,3720.59576057169,none,0,,20,0,20,load_extrapolation
2,208,mlp,2,31,9.857142857142858,260.0,3720.59576057169,scale,1,0.03106071316371506,20,19,39,load_extrapolation
2,208,mlp,2,31,9.857142857142858,260.0,3720.59576057169,scale+thin,1,0.02251582170774391,20,86,106,load_extrapolation
2,208,mlp,3,31,9.857142857142858,260.0,3720.59576057169,none,1,0.27305515499776,30,0,30,load_extrapolation
2,208,mlp,3,31,9.857142857142858,260.0,3720.59576057169,scale,1,0.2727055239653158,30,18,48,load_extrapolation
2,208,mlp,3,31,9.857142857142858,260.0,3720.59576057169,scale+thin,1,0.26155873069721336,30,82,112,load_extrapolation
2,208,mlp,1,32,11.142857142857142,150.0,3412.4966998531304,none,1,0.015541061223727892,3,0,3,load_extrapolation
2,208,mlp,1,32,11.142857142857142,150.0,3412.4966998531304,scale,1,0.01496004709395038,3,18,21,load_extrapolation
2,208,mlp,1,32,11.142857142857142,150.0,3412.4966998531304,scale+thin,1,0.013765829604115654,3,77,80,load_extrapolation
2,208,mlp,2,32,11.142857142857142,150.0,3412.4966998531304,none,1,0.015541061223727892,13,0,13,load_extrapolation
2,208,mlp,2,32,11.142857142857142,150.0,3412.4966998531304,scale,1,0.01496004709395038,13,18,31,load_extrapolation
2,208,mlp,2,32,11.142857142857142,150.0,3412.4966998531304,scale+thin,1,0.013765829604115654,13,77,90,load_extrapolation
2,208,mlp,3,32,11.142857142857142,150.0,3412.4966998531304,none,1,0.015541061223727892,16,0,16,load_extrapolation
2,208,mlp,3,32,11.142857142857142,150.0,3412.4966998531304,scale,1,0.01496004709395038,16,18,34,load_extrapolation
2,208,mlp,3,32,11.142857142857142,150.0,3412.4966998531304,scale+thin,1,0.013765829604115654,16,77,93,load_extrapolation
2,208,mlp,1,33,11.142857142857142,165.71428571428572,3681.539358959639,none,1,0.028646490915879674,10,0,10,load_extrapolation
2,208,mlp,1,33,11.142857142857142,165.71428571428572,3681.539358959639,scale,1,0.028175667808732152,10,18,28,load_extrapolation
2,208,mlp,1,33,11.142857142857142,165.71428571428572,3681.539358959639,scale+thin,1,0.021188430874575115,10,80,90,load_extrapolation
2,208,mlp,2,33,11.142857142857142,165.71428571428572,3681.539358959639,none,1,0.028646490915879674,20,0,20,load_extrapolation
2,208,mlp,2,33,11.142857142857142,165.71428571428572,3681.539358959639,scale,1,0.028175667808732152,20,18,38,load_extrapolation
2,208,mlp,2,33,11.142857142857142,165.71428571428572,3681.539358959639,scale+thin,1,0.021188430874575115,20,80,100,load_extrapolation
2,208,mlp,3,33,11.142857142857142,165.71428571428572,3681.539358959639,none,1,0.028646490915879674,23,0,23,load_extrapolation
2,208,mlp,3,33,11.142857142857142,165.71428571428572,3681.539358959639,scale,1,0.028175667808732152,23,18,41,load_extrapolation
2,208,mlp,3,33,11.142857142857142,165.71428571428572,3681.539358959639,scale+thin,1,0.021188430874575115,23,80,103,load_extrapolation
2,208,mlp,1,34,11.142857142857142,181.42857142857144,4001.813446814073,none,0,,10,0,10,load_extrapolation
2,208,mlp,1,34,11.142857142857142,181.42857142857144,4001.813446814073,scale,1,0.029659117700269633,10,19,29,load_extrapolation
2,208,mlp,1,34,11.142857142857142,181.42857142857144,4001.813446814073,scale+thin,1,0.024089851964213427,10,84,94,load_extrapolation
2,208,mlp,2,34,11.142857142857142,181.42857142857144,4001.813446814073,none,0,,20,0,20,load_extrapolation
2,208,mlp,2,34,11.142857142857142,181.42857142857144,4001.813446814073,scale,1,0.029659117700269633,20,19,39,load_extrapolation
2,208,mlp,2,34,11.142857142857142,181.42857142857144,4001.813446814073,scale+thin,1,0.024089851964213427,20,84,104,load_extrapolation
2,208,mlp,3,34,11.142857142857142,181.42857142857144,4001.813446814073,none,1,0.2818350806114187,29,0,29,load_extrapolation
2,208,mlp,3,34,11.142857142857142,181.42857142857144,4001.813446814073,scale,1,0.2812777025589437,29,18,47,load_extrapolation
2,208,mlp,3,34,11.142857142857142,181.42857142857144,4001.813446814073,scale+thin,1,0.2736664037594514,29,80,109,load_extrapolation
2,208,mlp,1,35,11.142857142857142,197.14285714285717,4332.975062229721,none,0,,10,0,10,load_extrapolation
2,208,mlp,1,35,11.142857142857142,197.14285714285717,4332.975062229721,scale,1,0.02543213027935054,10,19,29,load_extrapolation
2,208,mlp,1,35,11.142857142857142,197.14285714285717,4332.975062229721,scale+thin,1,0.023141556674421082,10,86,96,load_extrapolation
2,208,mlp,2,35,11.142857142857142,197.14285714285717,4332.975062229721,none,0,,20,0,20,load_extrapolation
2,208,mlp,2,35,11.142857142857142,197.14285714285717,4332.975062229721,scale,1,0.02543213027935054,20,19,39,load_extrapolation
2,208,mlp,2,35,11.142857142857142,197.14285714285717,4332.975062229721,scale+thin,1,0.023141556674421082,20,86,106,load_extrapolation
2,208,mlp,3,35,11.142857142857142,197.14285714285717,4332.975062229721,none,1,0.27508424238999285,30,0,30,load_extrapolation
2,208,mlp,3,35,11.142857142857142,197.14285714285717,4332.975062229721,scale,1,0.275025874333495,30,18,48,load_extrapolation
2,208,mlp,3,35,11.142857142857142,197.14285714285717,4332.975062229721,scale+thin,1,0.2720679270030224,30,83,113,load_extrapolation
2,208,mlp,1,36,11.142857142857142,212.8571428571429,4658.140801057062,none,0,,10,0,10,load_extrapolation
2,208,mlp,1,36,11.142857142857142,212.8571428571429,4658.140801057062,scale,1,0.022324159928513998,10,19,29,load_extrapolation
2,208,mlp,1,36,11.142857142857142,212.8571428571429,4658.140801057062,scale+thin,1,0.022324159928513998,10,71,81,load_extrapolation
2,208,mlp,2,36,11.142857142857142,212.8571428571429,4658.140801057062,none,0,,20,0,20,load_extrapolation
2,208,mlp,2,36,11.142857142857142,212.8571428571429,4658.140801057062,scale,1,0.022324159928513998,20,19,39,load_extrapolation
2,208,mlp,2,36,11.142857142857142,212.8571428571429,4658.140801057062,scale+thin,1,0.022324159928513998,20,71,91,load_extrapolation
2,208,mlp,3,36,11.142857142857142,212.8571428571429,4658.140801057062,none,0,,30,0,30,load_extrapolation
2,208,mlp,3,36,11.142857142857142,212.8571428571429,4658.140801057062,scale,1,0.2705027984175936,30,19,49,load_extrapolation
2,208,mlp,3,36,11.142857142857142,212.8571428571429,4658.140801057062,scale+thin,1,0.2705027984175936,30,86,116,load_extrapolation
2,208,mlp,1,37,11.142857142857142,228.57142857142856,5137.886749115688,none,0,,10,0,10,load_extrapolation
2,208,mlp,1,37,11.142857142857142,228.57142857142856,5137.886749115688,scale,1,7.629565246247694e-07,10,19,29,load_extrapolation
2,208,mlp,1,37,11.142857142857142,228.57142857142856,5137.886749115688,scale+thin,1,7.629565246247694e-07,10,72,82,load_extrapolation
2,208,mlp,2,37,11.142857142857142,228.57142857142856,5137.886749115688,none,0,,20,0,20,load_extrapolation
2,208,mlp,2,37,11.142857142857142,228.57142857142856,5137.886749115688,scale,1,7.629565246247694e-07,20,19,39,load_extrapolation
2,208,mlp,2,37,11.142857142857142,228.57142857142856,5137.886749115688,scale+thin,1,7.629565246247694e-07,20,72,92,load_extrapolation
2,208,mlp,3,37,11.142857142857142,228.57142857142856,5137.886749115688,none,0,,30,0,30,load_extrapolation
2,208,mlp,3,37,11.142857142857142,228.57142857142856,5137.886749115688,scale,1,0.22729860581313055,30,19,49,load_extrapolation
2,208,mlp,3,37,11.142857142857142,228.57142857142856,5137.886749115688,scale+thin,1,0.22729860581313055,30,70,100,load_extrapolation
2,208,mlp,1,38,11.142857142857142,244.28571428571428,6871.433005819378,none,0,,10,0,10,load_extrapolation
2,208,mlp,1,38,11.142857142857142,244.28571428571428,6871.433005819378,scale,0,,10,9,19,load_extrapolation
2,208,mlp,1,38,11.142857142857142,244.28571428571428,6871.433005819378,scale+thin,0,,10,33,43,load_extrapolation
2,208,mlp,2,38,11.142857142857142,244.28571428571428,6871.433005819378,none,0,,20,0,20,load_extrapolation
2,208,mlp,2,38,11.142857142857142,244.28571428571428,6871.433005819378,scale,0,,20,9,29,load_extrapolation
2,208,mlp,2,38,11.142857142857142,244.28571428571428,6871.433005819378,scale+thin,0,,20,33,53,load_extrapolation
2,208,mlp,3,38,11.142857142857142,244.28571428571428,6871.433005819378,none,0,,30,0,30,load_extrapolation
2,208,mlp,3,38,11.142857142857142,244.28571428571428,6871.433005819378,scale,1,-2.8964077899984453e-05,30,20,50,load_extrapolation
2,208,mlp,3,38,11.142857142857142,244.28571428571428,6871.433005819378,scale+thin,1,-2.8964077899984453e-05,30,73,103,load_extrapolation
2,208,mlp,1,39,11.142857142857142,260.0,8337.065935629631,none,0,,10,0,10,load_extrapolation
2,208,mlp,1,39,11.142857142857142,260.0,8337.065935629631,scale,0,,10,9,19,load_extrapolation
2,208,mlp,1,39,11.142857142857142,260.0,8337.065935629631,scale+thin,0,,10,33,43,load_extrapolation
2,208,mlp,2,39,11.142857142857142,260.0,8337.065935629631,none,0,,20,0,20,load_extrapolation
2,208,mlp,2,39,11.142857142857142,260.0,8337.065935629631,scale,0,,20,9,29,load_extrapolation
2,208,mlp,2,39,11.142857142857142,260.0,8337.065935629631,scale+thin,0,,20,33,53,load_extrapolation
2,208,mlp,3,39,11.142857142857142,260.0,8337.065935629631,none,0,,30,0,30,load_extrapolation
2,208,mlp,3,39,11.142857142857142,260.0,8337.065935629631,scale,0,,30,9,39,load_extrapolation
2,208,mlp,3,39,11.142857142857142,260.0,8337.065935629631,scale+thin,0,,30,33,63,load_extrapolation
2,208,mlp,1,40,12.428571428571429,150.0,4886.521183652799,none,1,0.005631012557603343,10,0,10,load_extrapolation
2,208,mlp,1,40,12.428571428571429,150.0,4886.521183652799,scale,1,0.005631012557603343,10,18,28,load_extrapolation
2,208,mlp,1,40,12.428571428571429,150.0,4886.521183652799,scale+thin,1,0.005631012557603343,10,85,95,load_extrapolation
2,208,mlp,2,40,12.428571428571429,150.0,4886.521183652799,none,1,0.005631012557603343,20,0,20,load_extrapolation
2,208,mlp,2,40,12.428571428571429,150.0,4886.521183652799,scale,1,0.005631012557603343,20,18,38,load_extrapolation
2,208,mlp,2,40,12.428571428571429,150.0,4886.521183652799,scale+thin,1,0.005631012557603343,20,85,105,load_extrapolation
2,208,mlp,3,40,12.428571428571429,150.0,4886.521183652799,none,1,0.005631012557603343,28,0,28,load_extrapolation
2,208,mlp,3,40,12.428571428571429,150.0,4886.521183652799,scale,1,0.005631012557603343,28,18,46,load_extrapolation
2,208,mlp,3,40,12.428571428571429,150.0,4886.521183652799,scale+thin,1,0.005631012557603343,28,85,113,load_extrapolation
2,208,mlp,1,41,12.428571428571429,165.71428571428572,5340.456835444255,none,0,,10,0,10,load_extrapolation
2,208,mlp,1,41,12.428571428571429,165.71428571428572,5340.456835444255,scale,1,0.006285059180546337,10,19,29,load_extrapolation
2,208,mlp,1,41,12.428571428571429,165.71428571428572,5340.456835444255,scale+thin,1,0.006285059180546337,10,72,82,load_extrapolation
2,208,mlp,2,41,12.428571428571429,165.71428571428572,5340.456835444255,none,0,,20,0,20,load_extrapolation
2,208,mlp,2,41,12.428571428571429,165.71428571428572,5340.456835444255,scale,1,0.006285059180546337,20,19,39,load_extrapolation
2,208,mlp,2,41,12.428571428571429,165.71428571428572,5340.456835444255,scale+thin,1,0.006285059180546337,20,72,92,load_extrapolation
2,208,mlp,3,41,12.428571428571429,165.71428571428572,5340.456835444255,none,1,0.25929222879649827,30,0,30,load_extrapolation
2,208,mlp,3,41,12.428571428571429,165.71428571428572,5340.456835444255,scale,1,0.25909047649575734,30,18,48,load_extrapolation
2,208,mlp,3,41,12.428571428571429,165.71428571428572,5340.456835444255,scale+thin,1,0.25909047649575734,30,85,115,load_extrapolation
2,208,mlp,1,42,12.428571428571429,181.42857142857144,7499.029230834781,none,0,,10,0,10,load_extrapolation
2,208,mlp,1,42,12.428571428571429,181.42857142857144,7499.029230834781,scale,0,,10,9,19,load_extrapolation
2,208,mlp,1,42,12.428571428571429,181.42857142857144,7499.029230834781,scale+thin,0,,10,33,43,load_extrapolation
2,208,mlp,2,42,12.428571428571429,181.42857142857144,7499.029230834781,none,0,,20,0,20,load_extrapolation
2,208,mlp,2,42,12.428571428571429,181.42857142857144,7499.029230834781,scale,0,,20,9,29,load_extrapolation
2,208,mlp,2,42,12.428571428571429,181.42857142857144,7499.029230834781,scale+thin,0,,20,33,53,load_extrapolation
2,208,mlp,3,42,12.428571428571429,181.42857142857144,7499.029230834781,none,0,,30,0,30,load_extrapolation
2,208,mlp,3,42,12.428571428571429,181.42857142857144,7499.029230834781,scale,1,-4.828771887233074e-06,30,20,50,load_extrapolation
2,208,mlp,3,42,12.428571428571429,181.42857142857144,7499.029230834781,scale+thin,1,-4.828771887233074e-06,30,73,103,load_extrapolation
2,208,mlp,1,43,12.428571428571429,197.14285714285717,9997.68170860264,none,0,,10,0,10,load_extrapolation
2,208,mlp,1,43,12.428571428571429,197.14285714285717,9997.68170860264,scale,0,,10,9,19,load_extrapolation
2,208,mlp,1,43,12.428571428571429,197.14285714285717,9997.68170860264,scale+thin,0,,10,33,43,load_extrapolation
2,208,mlp,2,43,12.428571428571429,197.14285714285717,9997.68170860264,none,0,,20,0,20,load_extrapolation
2,208,mlp,2,43,12.428571428571429,197.14285714285717,9997.68170860264,scale,0,,20,9,29,load_extrapolation
2,208,mlp,2,43,12.428571428571429,197.14285714285717,9997.68170860264,scale+thin,0,,20,33,53,load_extrapolation
2,208,mlp,3,43,12.428571428571429,197.14285714285717,9997.68170860264,none,0,,30,0,30,load_extrapolation
2,208,mlp,3,43,12.428571428571429,197.14285714285717,9997.68170860264,scale,0,,30,9,39,load_extrapolation
2,208,mlp,3,43,12.428571428571429,197.14285714285717,9997.68170860264,scale+thin,0,,30,33,63,load_extrapolation
2,208,mlp,1,44,12.428571428571429,212.8571428571429,12790.67961945902,none,0,,10,0,10,load_extrapolation
2,208,mlp,1,44,12.428571428571429,212.8571428571429,12790.67961945902,scale,0,,10,9,19,load_extrapolation
2,208,mlp,1,44,12.428571428571429,212.8571428571429,12790.67961945902,scale+thin,0,,10,33,43,load_extrapolation
2,208,mlp,2,44,12.428571428571429,212.8571428571429,12790.67961945902,none,0,,20,0,20,load_extrapolation
2,208,mlp,2,44,12.428571428571429,212.8571428571429,12790.67961945902,scale,0,,20,9,29,load_extrapolation
2,208,mlp,2,44,12.428571428571429,212.8571428571429,12790.67961945902,scale+thin,0,,20,33,53,load_extrapolation
2,208,mlp,3,44,12.428571428571429,212.8571428571429,12790.67961945902,none,0,,30,0,30,load_extrapolation
2,208,mlp,3,44,12.428571428571429,212.8571428571429,12790.67961945902,scale,0,,30,9,39,load_extrapolation
2,208,mlp,3,44,12.428571428571429,212.8571428571429,12790.67961945902,scale+thin,0,,30,33,63,load_extrapolation
2,208,mlp,1,45,13.714285714285715,150.0,11343.005436312367,none,0,,10,0,10,load_extrapolation
2,208,mlp,1,45,13.714285714285715,150.0,11343.005436312367,scale,0,,10,9,19,load_extrapolation
2,208,mlp,1,45,13.714285714285715,150.0,11343.005436312367,scale+thin,0,,10,33,43,load_extrapolation
2,208,mlp,2,45,13.714285714285715,150.0,11343.005436312367,none,0,,20,0,20,load_extrapolation
2,208,mlp,2,45,13.714285714285715,150.0,11343.005436312367,scale,0,,20,9,29,load_extrapolation
2,208,mlp,2,45,13.714285714285715,150.0,11343.005436312367,scale+thin,0,,20,33,53,load_extrapolation
2,208,mlp,3,45,13.714285714285715,150.0,11343.005436312367,none,0,,30,0,30,load_extrapolation
2,208,mlp,3,45,13.714285714285715,150.0,11343.005436312367,scale,0,,30,9,39,load_extrapolation
2,208,mlp,3,45,13.714285714285715,150.0,11343.005436312367,scale+thin,0,,30,33,63,load_extrapolation
2,208,mlp,1,46,13.714285714285715,165.71428571428572,15604.275186931443,none,0,,10,0,10,load_extrapolation
2,208,mlp,1,46,13.714285714285715,165.71428571428572,15604.275186931443,scale,0,,10,9,19,load_extrapolation
2,208,mlp,1,46,13.714285714285715,165.71428571428572,15604.275186931443,scale+thin,0,,10,33,43,load_extrapolation
2,208,mlp,2,46,13.714285714285715,165.71428571428572,15604.275186931443,none,0,,20,0,20,load_extrapolation
2,208,mlp,2,46,13.714285714285715,165.71428571428572,15604.275186931443,scale,0,,20,9,29,load_extrapolation
2,208,mlp,2,46,13.714285714285715,165.71428571428572,15604.275186931443,scale+thin,0,,20,33,53,load_extrapolation
2,208,mlp,3,46,13.714285714285715,165.71428571428572,15604.275186931443,none,0,,30,0,30,load_extrapolation
2,208,mlp,3,46,13.714285714285715,165.71428571428572,15604.275186931443,scale,0,,30,9,39,load_extrapolation
2,208,mlp,3,46,13.714285714285715,165.71428571428572,15604.275186931443,scale+thin,0,,30,33,63,load_extrapolation
