arm,repair_mode,span_m,load_kNm,optimal,optimal_grade,optimal_type,achieved,gap,feasible,feasible_before,utilization,section_class,h,b,tf,tw,fy,section_type,grade_match,repaired,variant,scale,n_ec3_gen,n_ec3_repair,n_ec3,t_gen,t_repair,sec_per_design
gated_cost_merged_seed42,none,16.0,20.0,2421.4508823550423,355,rolled,3877.9048027925223,0.6014798528644817,True,True,0.657816850947133,1,639.7579665812773,265.57816573228047,20.838304058936075,15.874761447737368,355.0,rolled,1.0,False,original,,40,1,41,0.0986623764038086,0.0001423358917236328,0.09880471229553223
gated_cost_merged_seed42,none,16.0,37.14285714285714,3516.030947725065,355,rolled,5537.829048172915,0.5750228398177182,True,True,0.7371224573515622,1,638.4260361777533,253.27866178128474,35.0,20.469023889353632,355.0,rolled,1.0,False,original,,40,1,41,0.05801987648010254,0.00017714500427246094,0.058197021484375
gated_cost_merged_seed42,none,16.0,54.285714285714285,4818.031502286582,355,rolled,6221.812132951786,0.2913597866678511,True,True,0.7348071914324731,1,750.0,300.0,35.0,17.634542715868697,355.0,rolled,1.0,False,original,,40,1,41,0.04804253578186035,0.0001270771026611328,0.048169612884521484
gated_cost_merged_seed42,none,16.0,71.42857142857143,6040.8149576734495,355,rolled,7114.800659719342,0.177788213936539,True,True,0.9033499117854776,1,750.0,300.0,35.0,24.59795309379754,355.0,rolled,1.0,False,original,,40,1,41,0.04628181457519531,0.00011157989501953125,0.046393394470214844
gated_cost_merged_seed42,none,16.0,88.57142857142857,7740.122846398965,460,rolled,8030.8326,0.03755880357070634,True,True,0.9808726685509475,1,750.0,300.0,35.0,25.0,460.0,rolled,1.0,False,original,,40,1,41,0.038826704025268555,0.00014328956604003906,0.038969993591308594
gated_cost_merged_seed42,none,16.857142857142858,20.0,2765.6018704601493,355,rolled,4135.374074602781,0.495289006987374,True,True,0.8665246440051243,1,625.098192912739,222.80177208681704,25.44966348446346,16.497063496410494,355.0,rolled,1.0,False,original,,40,1,41,0.040418386459350586,0.00012540817260742188,0.04054379463195801
gated_cost_merged_seed42,none,16.857142857142858,37.14285714285714,4191.730814567369,355,rolled,5366.995472138527,0.28037693963715504,True,True,0.8126781928622767,1,718.1241019485013,293.5429463592261,27.239133658145008,16.605258608998966,355.0,rolled,1.0,False,original,,40,1,41,0.04199051856994629,0.0001232624053955078,0.0421137809753418
gated_cost_merged_seed42,none,16.857142857142858,54.285714285714285,5746.32444658975,355,rolled,6576.90494475492,0.14454117686621254,True,True,0.8439416350857761,1,750.0,300.0,35.0,17.79575527241357,355.0,rolled,1.0,False,original,,40,1,41,0.03960585594177246,0.00013756752014160156,0.03974342346191406
gated_cost_merged_seed42,none,16.857142857142858,71.42857142857143,7246.974901538043,460,rolled,18992.347154233245,1.6207276018304482,True,True,0.8568596804815412,1,719.6423689883541,300.0,35.0,25.0,690.0,rolled,0.0,False,original,,40,1,41,0.03938794136047363,0.0001289844512939453,0.03951692581176758
gated_cost_merged_seed42,none,16.857142857142858,88.57142857142857,19199.44257726372,690,rolled,19379.394863775007,0.009372787037285701,True,True,0.9962923053066628,1,750.0,300.0,35.0,25.0,690.0,rolled,1.0,False,original,,9,1,10,0.009784698486328125,0.00011324882507324219,0.009897947311401367
gated_cost_merged_seed42,none,17.714285714285715,20.0,3088.9917829239694,355,rolled,5017.796694791283,0.62441244503459,True,True,0.7250987990831779,1,750.0,260.6560415492013,22.53268295121945,17.42812586769302,355.0,rolled,1.0,False,original,,40,1,41,0.03974509239196777,0.00012302398681640625,0.03986811637878418
gated_cost_merged_seed42,none,17.714285714285715,37.14285714285714,4941.944563380349,355,rolled,6872.9990813941495,0.39074791172747114,True,True,0.6681480015242479,1,741.4218205863034,300.0,35.0,17.749737219416467,355.0,rolled,1.0,False,original,,40,1,41,0.039380788803100586,0.00012087821960449219,0.03950166702270508
gated_cost_merged_seed42,none,17.714285714285715,54.285714285714285,6713.5931419363405,355,rolled,7548.813593936908,0.12440736790905266,True,True,0.992228687189963,1,676.1723512446287,300.0,35.0,25.0,355.0,rolled,1.0,False,original,,11,1,12,0.011456012725830078,0.00013589859008789062,0.011591911315917969
gated_cost_merged_seed42,none,17.714285714285715,71.42857142857143,14833.40139842013,550,rolled,17140.41059232,0.15552799603640366,True,True,0.9618395222352941,1,750.0,300.0,35.0,25.0,620.0,rolled,0.0,False,original,,6,1,7,0.0066547393798828125,0.0001430511474609375,0.00679779052734375
gated_cost_merged_seed42,none,18.57142857142857,20.0,3503.887898866028,355,rolled,5275.495964128598,0.5056120847461814,True,True,0.6499177682044786,1,750.0,288.2987934434744,25.04179337884804,13.803494528081567,355.0,rolled,1.0,False,original,,40,1,41,0.040766239166259766,0.00012183189392089844,0.040888071060180664
gated_cost_merged_seed42,none,18.57142857142857,37.14285714285714,5769.316751136709,355,rolled,7060.221703787556,0.22375352374204524,True,True,0.9041415589960893,1,750.0,270.17253550308794,33.98535818524811,20.36535306706748,355.0,rolled,1.0,False,original,,40,1,41,0.04104018211364746,0.0001220703125,0.04116225242614746
gated_cost_merged_seed42,none,18.57142857142857,54.285714285714285,8018.356569936577,460,rolled,9321.502124999997,0.1625202800221352,True,True,0.9225106644547628,1,750.0,300.0,35.0,25.0,460.0,rolled,1.0,False,original,,8,1,9,0.008867979049682617,0.00011801719665527344,0.00898599624633789
gated_cost_merged_seed42,none,19.428571428571427,20.0,4106.725084470224,355,rolled,6071.094139557529,0.47832981626056736,True,True,0.6393013081629072,1,750.0,300.0,26.51108300879258,15.215197161280795,355.0,rolled,1.0,False,original,,40,1,41,0.04078340530395508,0.00014352798461914062,0.04092693328857422
gated_cost_merged_seed42,none,19.428571428571427,37.14285714285714,6707.685574377439,355,rolled,7655.513508838302,0.1413047651013121,True,True,0.8499762127358982,1,750.0,300.0,35.0,18.27964823276485,355.0,rolled,1.0,False,original,,40,1,41,0.04094266891479492,0.0001308917999267578,0.04107356071472168
gated_cost_merged_seed42,none,19.428571428571427,54.285714285714285,16356.728333954406,550,rolled,18799.16000448,0.14932275089850505,True,True,0.9689967949179153,1,750.0,300.0,35.0,25.0,620.0,rolled,0.0,False,original,,40,1,41,0.04002857208251953,0.00012636184692382812,0.04015493392944336
gated_cost_merged_seed42,none,20.285714285714285,20.0,4751.567875374571,355,rolled,6954.216863873078,0.4635625642462007,True,True,0.7518670800402529,2,739.6485897945527,265.19320942871536,32.80639359966276,10.481945233475916,355.0,rolled,1.0,False,original,,40,1,41,0.040244340896606445,0.000125885009765625,0.04037022590637207
gated_cost_merged_seed42,none,20.285714285714285,37.14285714285714,7669.906780167899,355,rolled,8032.720321593596,0.047303513826768374,True,True,0.961956722160289,1,750.0,300.0,34.82102325036811,18.670458819663224,355.0,rolled,1.0,False,original,,6,1,7,0.00682830810546875,0.0001308917999267578,0.006959199905395508
gated_cost_merged_seed42,none,21.142857142857142,20.0,5513.290592155899,355,rolled,6964.285386540625,0.26318126536793596,True,True,0.877108749883315,1,622.514085567155,287.91801905542684,29.10121196134016,19.826561568293553,355.0,rolled,1.0,False,original,,40,1,41,0.04071402549743652,0.0001575946807861328,0.040871620178222656
gated_cost_merged_seed42,none,21.142857142857142,37.14285714285714,9160.10981105924,460,rolled,8745.414256072121,,False,False,1.1313775797311167,1,750.0,300.0,35.0,12.528660117509062,355.0,rolled,0.0,False,original,,40,1,41,0.035858869552612305,0.00012111663818359375,0.0359799861907959
gated_cost_merged_seed42,none,22.0,20.0,6287.717386669555,355,rolled,7201.524075713862,0.14533202318883598,True,True,0.9940227538643719,1,625.3285608071867,267.9575199758363,32.20389834079682,18.743146533619182,355.0,rolled,1.0,False,original,,40,1,41,0.04013490676879883,0.00024056434631347656,0.040375471115112305
gated_cost_merged_seed42,none,22.0,37.14285714285714,18414.0359884616,550,rolled,9916.419157342152,,False,False,1.229206407920564,1,750.0,300.0,35.0,16.423557468489673,355.0,rolled,0.0,False,original,,40,1,41,0.039902687072753906,0.000179290771484375,0.04008197784423828
gated_cost_merged_seed42,scale,16.0,20.0,2421.4508823550423,355,rolled,3143.9899699263296,0.2983909741206743,True,True,1.0009647557436767,1,576.04671827664,239.13016923185737,18.763090566494572,14.293849726108677,355.0,rolled,1.0,True,scale,0.9004135131835938,40,18,58,0.0986623764038086,0.0011782646179199219,0.09984064102172852
gated_cost_merged_seed42,scale,16.0,37.14285714285714,3516.030947725065,355,rolled,4693.576726068407,0.3349076830808999,True,True,1.0009617101288781,1,587.7501902274867,233.17435882434134,32.221832275390625,18.84427013153476,355.0,rolled,1.0,True,scale,0.920623779296875,40,18,58,0.05801987648010254,0.002112150192260742,0.06013202667236328
gated_cost_merged_seed42,scale,16.0,54.285714285714285,4818.031502286582,355,rolled,5262.933320850622,0.09234099410784165,True,True,1.0009734868503717,1,689.7897720336914,275.91590881347656,32.190189361572266,16.218836266529948,355.0,rolled,1.0,True,scale,0.9197196960449219,40,18,58,0.04804253578186035,0.0015552043914794922,0.049597740173339844
gated_cost_merged_seed42,scale,16.0,71.42857142857143,6040.8149576734495,355,rolled,6727.756559301352,0.1137167098216282,True,True,1.0009844016709377,1,729.3148040771484,291.7259216308594,34.034690856933594,23.919535121735787,355.0,rolled,1.0,True,scale,0.9724197387695312,40,18,58,0.04628181457519531,0.0011682510375976562,0.04745006561279297
gated_cost_merged_seed42,scale,16.0,88.57142857142857,7740.122846398965,460,rolled,7946.136334284062,0.026616307256795535,True,True,1.0009931302758306,1,746.0346221923828,298.4138488769531,34.81494903564453,24.867820739746094,460.0,rolled,1.0,True,scale,0.9947128295898438,40,18,58,0.038826704025268555,0.0011589527130126953,0.03998565673828125
gated_cost_merged_seed42,scale,16.857142857142858,20.0,2765.6018704601493,355,rolled,3845.6995591041054,0.3905470632561607,True,True,1.0009973081588817,1,602.8073225996734,214.8567076738701,24.542133828042697,15.908781675867413,355.0,rolled,1.0,True,scale,0.9643402099609375,40,18,58,0.040418386459350586,0.0011126995086669922,0.04153108596801758
gated_cost_merged_seed42,scale,16.857142857142858,37.14285714285714,4191.730814567369,355,rolled,4818.896232087319,0.14961967866361672,True,True,1.0009894635013492,1,680.4679514915613,278.15048519034974,25.810799874938596,15.734531509239675,355.0,rolled,1.0,True,scale,0.9475631713867188,40,18,58,0.04199051856994629,0.0012679100036621094,0.0432584285736084
gated_cost_merged_seed42,scale,16.857142857142858,54.285714285714285,5746.32444658975,355,rolled,6000.337538115153,0.04420444649207918,True,True,1.000965893137044,1,716.3715362548828,286.5486145019531,33.43067169189453,16.99783005775312,355.0,rolled,1.0,True,scale,0.9551620483398438,40,18,58,0.03960585594177246,0.0012516975402832031,0.040857553482055664
gated_cost_merged_seed42,scale,16.857142857142858,71.42857142857143,7246.974901538043,460,rolled,17475.179068492725,1.4113756851543566,True,True,1.0009828022047538,1,692.2094077407168,288.5639190673828,33.66579055786133,24.046993255615234,690.0,rolled,0.0,True,scale,0.9618797302246094,40,18,58,0.03938794136047363,0.001230001449584961,0.040617942810058594
gated_cost_merged_seed42,scale,16.857142857142858,88.57142857142857,19199.44257726372,690,rolled,19331.392427044037,0.00687258753733689,True,True,1.0009982728795934,1,749.1331100463867,299.6532440185547,34.95954513549805,24.97110366821289,690.0,rolled,1.0,True,scale,0.9988441467285156,9,18,27,0.009784698486328125,0.0011506080627441406,0.010935306549072266
gated_cost_merged_seed42,scale,17.714285714285715,20.0,3088.9917829239694,355,rolled,4289.804793344853,0.38873946413810845,True,True,1.0009809170744717,1,693.4633255004883,241.00720717933677,20.83411900240106,16.11435482860198,355.0,rolled,1.0,True,scale,0.9246177673339844,40,18,58,0.03974509239196777,0.001123189926147461,0.040868282318115234
gated_cost_merged_seed42,scale,17.714285714285715,37.14285714285714,4941.944563380349,355,rolled,5545.648821910241,0.12215925346539123,True,True,1.0009925769245371,1,665.9910651425904,269.4786071777344,31.439170837402344,15.943914878863804,355.0,rolled,1.0,True,scale,0.8982620239257812,40,18,58,0.039380788803100586,0.0012590885162353516,0.04063987731933594
gated_cost_merged_seed42,scale,17.714285714285715,54.285714285714285,6713.5931419363405,355,rolled,7512.573680675914,0.11900937722138029,True,True,1.0009897702977664,1,674.5473337684167,299.2790222167969,34.91588592529297,24.939918518066406,355.0,rolled,1.0,True,scale,0.9975967407226562,11,18,29,0.011456012725830078,0.0011820793151855469,0.012638092041015625
gated_cost_merged_seed42,scale,17.714285714285715,71.42857142857143,14833.40139842013,550,rolled,16783.221803401186,0.1314479634582481,True,True,1.0009819264875695,1,742.6357269287109,297.0542907714844,34.656333923339844,24.75452423095703,620.0,rolled,0.0,True,scale,0.9901809692382812,6,18,24,0.0066547393798828125,0.00116729736328125,0.007822036743164062
gated_cost_merged_seed42,scale,18.57142857142857,20.0,3503.887898866028,355,rolled,4262.740071000539,0.21657432944133279,True,True,1.0009836455330463,1,674.1771697998047,259.1526194938934,22.51014051581768,12.408001165718828,355.0,rolled,1.0,True,scale,0.8989028930664062,40,18,58,0.040766239166259766,0.001316070556640625,0.04208230972290039
gated_cost_merged_seed42,scale,18.57142857142857,37.14285714285714,5769.316751136709,355,rolled,6698.321644439922,0.16102511499653305,True,True,1.0009890108883164,1,730.525016784668,263.15706137753284,33.102872478281775,19.83653318819355,355.0,rolled,1.0,True,scale,0.9740333557128906,40,18,58,0.04104018211364746,0.001287698745727539,0.042327880859375
gated_cost_merged_seed42,scale,18.57142857142857,54.285714285714285,8018.356569936577,460,rolled,8941.005590475794,0.11506709791362077,True,True,1.0009577758069588,1,734.5333099365234,293.8133239746094,34.278221130371094,24.48444366455078,460.0,rolled,1.0,True,scale,0.9793777465820312,8,18,26,0.008867979049682617,0.0013828277587890625,0.01025080680847168
gated_cost_merged_seed42,scale,19.428571428571427,20.0,4106.725084470224,355,rolled,4856.513994971405,0.18257587130352196,True,True,1.0009590068213963,1,670.7954406738281,268.31817626953125,23.71135147949794,13.608379846320705,355.0,rolled,1.0,True,scale,0.8943939208984375,40,18,58,0.04078340530395508,0.0012714862823486328,0.04205489158630371
gated_cost_merged_seed42,scale,19.428571428571427,37.14285714285714,6707.685574377439,355,rolled,7026.628847981012,0.04754893026320415,True,True,1.0009618201046149,1,718.5344696044922,287.4137878417969,33.53160858154297,17.512743129981846,355.0,rolled,1.0,True,scale,0.9580459594726562,40,18,58,0.04094266891479492,0.001216888427734375,0.0421595573425293
gated_cost_merged_seed42,scale,19.428571428571427,54.285714285714285,16356.728333954406,550,rolled,18481.02061272427,0.12987268819279185,True,True,1.000972619316086,1,744.0261840820312,297.6104736328125,34.721221923828125,24.800872802734375,620.0,rolled,0.0,True,scale,0.992034912109375,40,18,58,0.04002857208251953,0.0014967918395996094,0.04152536392211914
gated_cost_merged_seed42,scale,20.285714285714285,20.0,4751.567875374571,355,rolled,6012.140575156224,0.265296157572469,True,True,1.0009939603098723,2,687.7266943882136,246.5771608450849,30.503448443485265,9.746133022681757,355.0,rolled,1.0,True,scale,0.9298019409179688,40,18,58,0.040244340896606445,0.0013132095336914062,0.04155755043029785
gated_cost_merged_seed42,scale,20.285714285714285,37.14285714285714,7669.906780167899,355,rolled,7867.739603381224,0.02579338039998887,True,True,1.0009947116971525,1,742.2580718994141,296.9032287597656,34.46158077251053,18.47773168661418,355.0,rolled,1.0,True,scale,0.9896774291992188,6,18,24,0.00682830810546875,0.0013964176177978516,0.008224725723266602
gated_cost_merged_seed42,scale,21.142857142857142,20.0,5513.290592155899,355,rolled,6502.609430856183,0.1794425347555324,True,True,1.0009655819305159,1,601.5264623972846,278.21106618825513,28.120085132901117,19.15812303397433,355.0,rolled,1.0,True,scale,0.9662857055664062,40,18,58,0.04071402549743652,0.0013127326965332031,0.04202675819396973
gated_cost_merged_seed42,scale,21.142857142857142,37.14285714285714,9160.10981105924,460,rolled,8745.414256072121,,False,False,1.1313775797311167,1,750.0,300.0,35.0,12.528660117509062,355.0,rolled,0.0,False,original,,40,9,49,0.035858869552612305,0.0006413459777832031,0.03650021553039551
gated_cost_merged_seed42,scale,22.0,20.0,6287.717386669555,355,rolled,7175.339980808874,0.14116769879338847,True,True,1.0009962049135022,1,624.1907063321462,267.4699416332899,32.14529978615296,18.709041305589793,355.0,rolled,1.0,True,scale,0.9981803894042969,40,18,58,0.04013490676879883,0.0012669563293457031,0.04140186309814453
gated_cost_merged_seed42,scale,22.0,37.14285714285714,18414.0359884616,550,rolled,9916.419157342152,,False,False,1.229206407920564,1,750.0,300.0,35.0,16.423557468489673,355.0,rolled,0.0,False,original,,40,9,49,0.039902687072753906,0.0008287429809570312,0.04073143005371094
gated_cost_merged_seed42,scale+thin,16.0,20.0,2421.4508823550423,355,rolled,2643.1539043022713,0.09155792651536512,True,True,1.0009957162426906,3,701.4934168540924,291.20596327534975,12.440901160663119,6.7154466630681755,355.0,rolled,1.0,True,thin_c3,1.096498134447181,40,71,111,0.0986623764038086,0.004602670669555664,0.10326504707336426
gated_cost_merged_seed42,scale+thin,16.0,37.14285714285714,3516.030947725065,355,rolled,3716.641914929212,0.057056086873736415,True,True,1.0009941334352854,1,742.0540369641516,294.39033310250437,19.116123109328232,12.009414058736729,355.0,rolled,1.0,True,thin_c1,1.1623179427437162,40,80,120,0.05801987648010254,0.01005244255065918,0.06807231903076172
gated_cost_merged_seed42,scale+thin,16.0,54.285714285714285,4818.031502286582,355,rolled,4910.871607834172,0.019269302308116867,True,True,1.0009999673567758,1,750.0,300.0,26.25854654009876,14.745923248265083,355.0,rolled,1.0,True,thin_c3,2.0506981891134517,40,85,125,0.04804253578186035,0.0067064762115478516,0.0547490119934082
gated_cost_merged_seed42,scale+thin,16.0,71.42857142857143,6040.8149576734495,355,rolled,6294.800479520708,0.042044910103500026,True,True,1.0009977359029238,1,750.0,300.0,33.05008758860375,19.81059298933114,355.0,rolled,1.0,True,thin_c2,1.871778471573539,40,72,112,0.04628181457519531,0.004927873611450195,0.05120968818664551
gated_cost_merged_seed42,scale+thin,16.0,88.57142857142857,7740.122846398965,460,rolled,7739.846325095126,-3.572569962076992e-05,True,True,1.0009996335478673,1,750.0,300.0,35.0,22.975179097211868,460.0,rolled,1.0,True,thin_c1,1.6769050929857334,40,73,113,0.038826704025268555,0.00526738166809082,0.044094085693359375
gated_cost_merged_seed42,scale+thin,16.857142857142858,20.0,2765.6018704601493,355,rolled,3173.893825539211,0.14763222408839663,True,True,1.0009939494788411,3,750.0,298.6587567582878,12.707637201607227,8.06869212248689,355.0,rolled,1.0,True,thin_c3,1.3404684978982675,40,78,118,0.040418386459350586,0.0050237178802490234,0.04544210433959961
gated_cost_merged_seed42,scale+thin,16.857142857142858,37.14285714285714,4191.730814567369,355,rolled,4221.123157145851,0.007011982371658087,True,True,1.0009986461812508,2,750.0,300.0,21.503556223360974,11.799964453668071,355.0,rolled,1.0,True,thin_c3,1.715351867675781,40,80,120,0.04199051856994629,0.005733489990234375,0.047724008560180664
gated_cost_merged_seed42,scale+thin,16.857142857142858,54.285714285714285,5746.32444658975,355,rolled,5952.785654646508,0.035929263997490836,True,True,1.000999627716475,1,750.0,300.0,29.542160761272644,17.707902325514343,355.0,rolled,1.0,True,thin_c2,1.6731084408967387,40,71,111,0.03960585594177246,0.005152702331542969,0.04475855827331543
gated_cost_merged_seed42,scale+thin,16.857142857142858,71.42857142857143,7246.974901538043,460,rolled,14808.94953329745,1.0434663752118847,True,True,1.0009994211748319,1,750.0,300.0,30.912151550986263,16.557151654959142,690.0,rolled,0.0,True,thin_c3,1.75112132196841,40,80,120,0.03938794136047363,0.0054531097412109375,0.04484105110168457
gated_cost_merged_seed42,scale+thin,16.857142857142858,88.57142857142857,19199.44257726372,690,rolled,19199.35663180502,-4.476455936219464e-06,True,True,1.0009999543452097,1,750.0,300.0,35.0,24.541971957332954,690.0,rolled,1.0,True,thin_c1,1.4839171699855633,9,71,80,0.009784698486328125,0.004580974578857422,0.014365673065185547
gated_cost_merged_seed42,scale+thin,17.714285714285715,20.0,3088.9917829239694,355,rolled,3754.188612784687,0.21534431834294404,True,True,1.0009985831592199,1,750.0,265.1651603156899,17.108261567649862,12.444114468113176,355.0,rolled,1.0,True,thin_c1,1.0172991147248642,40,75,115,0.03974509239196777,0.0050618648529052734,0.04480695724487305
gated_cost_merged_seed42,scale+thin,17.714285714285715,37.14285714285714,4941.944563380349,355,rolled,5059.112976225352,0.023708969484040256,True,True,0.9972299090753439,1,750.0,300.0,24.50313302682461,13.59248942482951,355.0,rolled,1.0,True,thin_c3,1.913047856869905,40,83,123,0.039380788803100586,0.005248546600341797,0.04462933540344238
gated_cost_merged_seed42,scale+thin,17.714285714285715,54.285714285714285,6713.5931419363405,355,rolled,6831.758070837201,0.017600847475064428,True,True,0.9952428793789989,1,750.0,300.0,33.90727866222571,18.141216591306843,355.0,rolled,1.0,True,thin_c2,1.913047856869905,11,73,84,0.011456012725830078,0.004738807678222656,0.016194820404052734
gated_cost_merged_seed42,scale+thin,17.714285714285715,71.42857142857143,14833.40139842013,550,rolled,15751.013933074346,0.06186123533014811,True,True,1.000998811432801,1,750.0,300.0,34.99900829790911,20.94330944691104,620.0,rolled,0.0,True,thin_c2,1.5224511188009506,6,69,75,0.0066547393798828125,0.004456520080566406,0.011111259460449219
gated_cost_merged_seed42,scale+thin,18.57142857142857,20.0,3503.887898866028,355,rolled,4043.1522420402302,0.1539045650828971,True,True,1.0009674163028437,1,730.9627532958984,280.9809064364367,18.218944735540564,11.852991270393725,355.0,rolled,1.0,True,thin_c1,0.9746170043945312,40,74,114,0.040766239166259766,0.005553007125854492,0.04631924629211426
gated_cost_merged_seed42,scale+thin,18.57142857142857,37.14285714285714,5769.316751136709,355,rolled,6232.938440763063,0.08035989522242963,True,True,1.0009981193997632,1,750.0,300.0,26.653211064605667,17.916540903000076,355.0,rolled,1.0,True,thin_c2,1.6833261241083557,40,71,111,0.04104018211364746,0.0051686763763427734,0.046208858489990234
gated_cost_merged_seed42,scale+thin,18.57142857142857,54.285714285714285,8018.356569936577,460,rolled,8398.434258961235,0.04740094627990138,True,True,1.0009996761383453,1,750.0,300.0,33.94618967136525,20.3330249305089,460.0,rolled,1.0,True,thin_c2,1.6998589557150132,8,71,79,0.008867979049682617,0.00512242317199707,0.013990402221679688
gated_cost_merged_seed42,scale+thin,19.428571428571427,20.0,4106.725084470224,355,rolled,4459.467726367002,0.08589390198791028,True,True,1.0009735127546222,1,734.2414855957031,293.69659423828125,19.078136193596546,11.87681304009005,355.0,rolled,1.0,True,thin_c1,0.9789886474609375,40,75,115,0.04078340530395508,0.0055544376373291016,0.04633784294128418
gated_cost_merged_seed42,scale+thin,19.428571428571427,37.14285714285714,6707.685574377439,355,rolled,7004.151781328225,0.044197988063610555,True,True,1.0009975636903292,1,750.0,300.0,30.182090157937292,18.091483179427566,355.0,rolled,1.0,True,thin_c2,1.7093505859374998,40,71,111,0.04094266891479492,0.0048084259033203125,0.045751094818115234
gated_cost_merged_seed42,scale+thin,19.428571428571427,54.285714285714285,16356.728333954406,550,rolled,17637.058735622606,0.07827545799671948,True,True,1.0009999062294848,1,750.0,300.0,35.0,21.911728408332024,620.0,rolled,0.0,True,thin_c1,1.3919587508491849,40,69,109,0.04002857208251953,0.005224704742431641,0.04525327682495117
gated_cost_merged_seed42,scale+thin,20.285714285714285,20.0,4751.567875374571,355,rolled,5017.112227273633,0.05588562741053746,True,True,1.000998468268168,1,750.0,300.0,20.348529341367694,12.369788960114498,355.0,rolled,1.0,True,thin_c1,1.180104330311651,40,81,121,0.040244340896606445,0.005774974822998047,0.04601931571960449
gated_cost_merged_seed42,scale+thin,20.285714285714285,37.14285714285714,7669.906780167899,355,rolled,7867.739603381224,0.02579338039998887,True,True,1.0009947116971525,1,742.2580718994141,296.9032287597656,34.46158077251053,18.47773168661418,355.0,rolled,1.0,True,scale,0.9896774291992188,6,72,78,0.00682830810546875,0.005263566970825195,0.012091875076293945
gated_cost_merged_seed42,scale+thin,21.142857142857142,20.0,5513.290592155899,355,rolled,5517.755296373292,0.0008098075265152876,True,True,1.0009989865425777,2,750.0,300.0,23.069470258027216,11.791604232917896,355.0,rolled,1.0,True,thin_c2,1.3542833079462466,40,82,122,0.04071402549743652,0.005955219268798828,0.04666924476623535
gated_cost_merged_seed42,scale+thin,21.142857142857142,37.14285714285714,9160.10981105924,460,rolled,8745.414256072121,,False,False,1.1313775797311167,1,750.0,300.0,35.0,12.528660117509062,355.0,rolled,0.0,False,original,,40,33,73,0.035858869552612305,0.002548694610595703,0.03840756416320801
gated_cost_merged_seed42,scale+thin,22.0,20.0,6287.717386669555,355,rolled,6456.024407908916,0.02676758685054535,True,True,1.0009973193440074,1,750.0,300.0,25.176635625214615,13.994270506844078,355.0,rolled,1.0,True,thin_c2,1.5922811756963313,40,69,109,0.04013490676879883,0.004962921142578125,0.04509782791137695
gated_cost_merged_seed42,scale+thin,22.0,37.14285714285714,18414.0359884616,550,rolled,9916.419157342152,,False,False,1.229206407920564,1,750.0,300.0,35.0,16.423557468489673,355.0,rolled,0.0,False,original,,40,33,73,0.039902687072753906,0.003227710723876953,0.04313039779663086
gated_cost_merged_seed43,none,16.0,20.0,2421.4508823550423,355,rolled,3165.9453796040634,0.30745802141769835,True,True,0.7406717657524231,1,633.6883268481808,266.9866870043967,19.985949040298003,10.300588739394973,355.0,rolled,1.0,False,original,,40,1,41,0.044252872467041016,0.0001239776611328125,0.04437685012817383
gated_cost_merged_seed43,none,16.0,37.14285714285714,3516.030947725065,355,rolled,4030.7407432229593,0.14638943830426776,True,True,0.8489941608121353,2,750.0,300.0,21.760250183665576,11.772551941834015,355.0,rolled,1.0,False,original,,40,1,41,0.04142165184020996,0.00012111663818359375,0.041542768478393555
gated_cost_merged_seed43,none,16.0,54.285714285714285,4818.031502286582,355,rolled,5797.694437473069,0.20333261306439177,True,True,0.8485453926033433,1,694.9986969531578,300.0,32.60565806500573,17.750732959421764,355.0,rolled,1.0,False,original,,40,1,41,0.04094433784484863,0.00011992454528808594,0.04106426239013672
gated_cost_merged_seed43,none,16.0,71.42857142857143,6040.8149576734495,355,rolled,7215.729144488788,0.19449597364721183,True,True,0.9773509968891371,1,750.0,300.0,35.0,16.448404025736863,355.0,rolled,1.0,False,original,,40,1,41,0.04096674919128418,0.00012135505676269531,0.041088104248046875
gated_cost_merged_seed43,none,16.0,88.57142857142857,7740.122846398965,460,rolled,14690.843749789494,0.8980117036029087,True,True,0.9223142009562408,2,750.0,300.0,35.0,14.865923102292028,690.0,rolled,0.0,False,original,,9,1,10,0.00984048843383789,0.00014138221740722656,0.009981870651245117
gated_cost_merged_seed43,none,16.857142857142858,20.0,2765.6018704601493,355,rolled,3709.0519243713834,0.3411373357779296,True,True,0.7415197253292702,1,594.7925645328313,284.65341319057353,21.552559546693452,11.596033038954674,355.0,rolled,1.0,False,original,,40,1,41,0.04200291633605957,0.00013971328735351562,0.042142629623413086
gated_cost_merged_seed43,none,16.857142857142858,37.14285714285714,4191.730814567369,355,rolled,4468.82106806802,0.0661040190218537,True,True,0.9332810049566689,1,737.9090123666672,300.0,23.334367640387097,12.283211856771239,355.0,rolled,1.0,False,original,,34,1,35,0.03690791130065918,0.0001304149627685547,0.037038326263427734
gated_cost_merged_seed43,none,16.857142857142858,54.285714285714285,5746.32444658975,355,rolled,6546.500219290274,0.1392500162735158,True,True,0.9730417353624605,3,750.0,300.0,35.0,9.87523080371894,355.0,rolled,1.0,False,original,,36,1,37,0.03768610954284668,0.00013971328735351562,0.037825822830200195
gated_cost_merged_seed43,none,16.857142857142858,71.42857142857143,7246.974901538043,460,rolled,7900.446251244807,0.09017160381886742,True,True,0.9520902229265833,1,750.0,300.0,35.0,21.297367597878452,460.0,rolled,1.0,False,original,,40,1,41,0.03958296775817871,0.00012803077697753906,0.03971099853515625
gated_cost_merged_seed43,none,16.857142857142858,88.57142857142857,19199.44257726372,690,rolled,19379.394863775007,0.009372787037285701,True,True,0.9962923053066628,1,750.0,300.0,35.0,25.0,690.0,rolled,1.0,False,original,,9,1,10,0.009753704071044922,0.00012803077697753906,0.009881734848022461
gated_cost_merged_seed43,none,17.714285714285715,20.0,3088.9917829239694,355,rolled,4074.080856900333,0.31890310599787375,True,True,0.8163798261203303,1,650.5432300254599,284.09549341614905,20.67750201948162,12.744244810042428,355.0,rolled,1.0,False,original,,40,1,41,0.041440486907958984,0.00012183189392089844,0.04156231880187988
gated_cost_merged_seed43,none,17.714285714285715,37.14285714285714,4941.944563380349,355,rolled,5735.796013307951,0.16063544213142664,True,True,0.9917426753828823,3,750.0,300.0,27.15628272581443,9.79494564043091,355.0,rolled,1.0,False,original,,27,1,28,0.02780890464782715,0.00011873245239257812,0.027927637100219727
gated_cost_merged_seed43,none,17.714285714285715,54.285714285714285,6713.5931419363405,355,rolled,6937.9197268935495,0.03341378904181085,True,True,0.9642444239183777,1,750.0,300.0,35.0,17.983076468460823,355.0,rolled,1.0,False,original,,10,1,11,0.010847330093383789,0.0001418590545654297,0.010989189147949219
gated_cost_merged_seed43,none,17.714285714285715,71.42857142857143,14833.40139842013,550,rolled,18115.567969306703,0.22126864113824551,True,True,0.9859687959643981,1,750.0,300.0,35.0,19.495718831917564,690.0,rolled,0.0,False,original,,6,1,7,0.006872892379760742,0.00013589859008789062,0.007008790969848633
gated_cost_merged_seed43,none,18.57142857142857,20.0,3503.887898866028,355,rolled,4349.916470159425,0.24145423475653993,True,True,0.8414520730666438,2,713.7998506094722,281.1102337139591,22.09318403673813,11.126889927017077,355.0,rolled,1.0,False,original,,32,1,33,0.03444981575012207,0.0001316070556640625,0.03458142280578613
gated_cost_merged_seed43,none,18.57142857142857,37.14285714285714,5769.316751136709,355,rolled,6540.162048338019,0.1336111935697469,True,True,0.9590654608670083,2,723.3950046471435,300.0,30.701502660258623,10.13845621800677,355.0,rolled,1.0,False,original,,13,1,14,0.014062643051147461,0.00013303756713867188,0.014195680618286133
gated_cost_merged_seed43,none,18.57142857142857,54.285714285714285,8018.356569936577,460,rolled,11947.134835290704,0.4899730052021374,True,True,0.9669132618805574,2,750.0,300.0,35.0,12.755761263221542,550.0,rolled,0.0,False,original,,40,1,41,0.03939700126647949,0.00014734268188476562,0.03954434394836426
gated_cost_merged_seed43,none,19.428571428571427,20.0,4106.725084470224,355,rolled,4574.024387665378,0.11378879608042627,True,True,0.9521996736322557,1,701.9073858267036,286.0226648026105,21.975554733419422,11.251317137316367,355.0,rolled,1.0,False,original,,20,1,21,0.021748781204223633,0.00011992454528808594,0.02186870574951172
gated_cost_merged_seed43,none,19.428571428571427,37.14285714285714,6707.685574377439,355,rolled,7469.196948609846,0.11352818580842405,True,True,0.9824089857313486,1,749.8211579584262,300.0,32.36807954925331,11.699903576125305,355.0,rolled,1.0,False,original,,12,1,13,0.013169527053833008,0.00011682510375976562,0.013286352157592773
gated_cost_merged_seed43,none,19.428571428571427,54.285714285714285,16356.728333954406,550,rolled,15882.789969639518,,False,False,1.0427633021562308,1,750.0,300.0,35.0,17.175365102458166,620.0,rolled,0.0,False,original,,9,1,10,0.008950948715209961,0.00011992454528808594,0.009070873260498047
gated_cost_merged_seed43,none,20.285714285714285,20.0,4751.567875374571,355,rolled,5659.308762103729,0.19104028618292665,True,True,0.9859571404087768,2,657.8762498149885,300.0,23.49225780970079,9.517836811401446,355.0,rolled,1.0,False,original,,17,1,18,0.01786017417907715,0.00014281272888183594,0.018002986907958984
gated_cost_merged_seed43,none,20.285714285714285,37.14285714285714,7669.906780167899,355,rolled,7939.635734769367,,False,False,1.0238060558569138,2,750.0,300.0,35.0,10.194151962358982,355.0,rolled,1.0,False,original,,19,1,20,0.01828455924987793,0.00014829635620117188,0.0184328556060791
gated_cost_merged_seed43,none,21.142857142857142,20.0,5513.290592155899,355,rolled,6442.195635394047,0.16848468763096927,True,True,0.9483392711532639,3,696.6404921318583,300.0,27.169977771277956,8.474476459300522,355.0,rolled,1.0,False,original,,12,1,13,0.01988077163696289,0.00012922286987304688,0.020009994506835938
gated_cost_merged_seed43,none,21.142857142857142,37.14285714285714,9160.10981105924,460,rolled,8177.702545754305,,False,False,1.219983170733157,3,750.0,300.0,35.0,9.71061859899965,355.0,rolled,0.0,False,original,,40,1,41,0.03820157051086426,0.000133514404296875,0.03833508491516113
gated_cost_merged_seed43,none,22.0,20.0,6287.717386669555,355,rolled,7213.6288310637765,0.14725716622652685,True,True,0.9745535066900478,3,687.108698551822,300.0,29.35525998333451,9.20951347020643,355.0,rolled,1.0,False,original,,40,1,41,0.03924918174743652,0.00012922286987304688,0.03937840461730957
gated_cost_merged_seed43,none,22.0,37.14285714285714,18414.0359884616,550,rolled,13382.198691516847,,False,False,1.159940906279299,3,750.0,300.0,35.0,10.576987049733217,550.0,rolled,1.0,False,original,,40,1,41,0.04323887825012207,0.00011849403381347656,0.04335737228393555
gated_cost_merged_seed43,scale,16.0,20.0,2421.4508823550423,355,rolled,2724.7440592801413,0.12525266530705909,True,True,1.0009872460301865,1,587.877522549399,247.68559788765046,18.541118259266632,9.555935200880743,355.0,rolled,1.0,True,scale,0.9277076721191406,40,18,58,0.044252872467041016,0.0011420249938964844,0.0453948974609375
gated_cost_merged_seed43,scale,16.0,37.14285714285714,3516.030947725065,355,rolled,3707.051829067922,0.0543285551756736,True,True,1.0009668521803845,2,719.2554473876953,287.7021789550781,20.868237974827416,11.289962818424941,355.0,rolled,1.0,True,scale,0.9590072631835938,40,18,58,0.04142165184020996,0.0012967586517333984,0.04271841049194336
gated_cost_merged_seed43,scale,16.0,54.285714285714285,4818.031502286582,355,rolled,5298.566726250802,0.09973683728223119,True,True,1.0009630459170866,1,664.4090402551386,286.7958068847656,31.170553379206943,16.96945260631123,355.0,rolled,1.0,True,scale,0.9559860229492188,40,18,58,0.04094433784484863,0.0012726783752441406,0.04221701622009277
gated_cost_merged_seed43,scale,16.0,71.42857142857143,6040.8149576734495,355,rolled,7122.226029763457,0.17901741398589374,True,True,1.0009623720489766,1,745.1248168945312,298.0499267578125,34.772491455078125,16.341485383845935,355.0,rolled,1.0,True,scale,0.993499755859375,40,18,58,0.04096674919128418,0.0011906623840332031,0.04215741157531738
gated_cost_merged_seed43,scale,16.0,88.57142857142857,7740.122846398965,460,rolled,14079.105520119525,0.8189770110263463,True,True,1.0009834320521995,2,735.1169586181641,294.0467834472656,34.305458068847656,14.570922904011223,690.0,rolled,0.0,True,scale,0.9801559448242188,9,18,27,0.00984048843383789,0.0011763572692871094,0.011016845703125
gated_cost_merged_seed43,scale,16.857142857142858,20.0,2765.6018704601493,355,rolled,3181.6981068852024,0.15045413472902439,True,True,1.000985995220877,1,550.8883129622812,263.6418945396122,19.961670465774116,10.740078909530492,355.0,rolled,1.0,True,scale,0.9261856079101562,40,18,58,0.04200291633605957,0.0011754035949707031,0.04317831993103027
gated_cost_merged_seed43,scale,16.857142857142858,37.14285714285714,4191.730814567369,355,rolled,4312.492010122285,0.0288093870759161,True,True,1.0009603834667875,1,724.8872873178078,294.7059631347656,22.922590965336624,12.066452602127136,355.0,rolled,1.0,True,scale,0.9823532104492188,34,18,52,0.03690791130065918,0.0012142658233642578,0.03812217712402344
gated_cost_merged_seed43,scale,16.857142857142858,54.285714285714285,5746.32444658975,355,rolled,6443.9665129223,0.12140666139145308,True,True,1.0009963334699323,3,744.1034317016602,297.64137268066406,34.72482681274414,9.797590839857609,355.0,rolled,1.0,True,scale,0.9921379089355469,36,18,54,0.03768610954284668,0.0011646747589111328,0.03885078430175781
gated_cost_merged_seed43,scale,16.857142857142858,71.42857142857143,7246.974901538043,460,rolled,7699.039582358408,0.06237977735019089,True,True,1.000969394293208,1,740.3783798217773,296.15135192871094,34.55099105834961,21.02414735544809,460.0,rolled,1.0,True,scale,0.9871711730957031,40,18,58,0.03958296775817871,0.0012285709381103516,0.04081153869628906
gated_cost_merged_seed43,scale,16.857142857142858,88.57142857142857,19199.44257726372,690,rolled,19331.392427044037,0.00687258753733689,True,True,1.0009982728795934,1,749.1331100463867,299.6532440185547,34.95954513549805,24.97110366821289,690.0,rolled,1.0,True,scale,0.9988441467285156,9,18,27,0.009753704071044922,0.0011751651763916016,0.010928869247436523
gated_cost_merged_seed43,scale,17.714285714285715,20.0,3088.9917829239694,355,rolled,3682.092308450462,0.19200456563373478,True,True,1.0009844709014704,1,618.4558125593757,270.0827571724402,19.65760417283284,12.115647224769264,355.0,rolled,1.0,True,scale,0.9506759643554688,40,18,58,0.041440486907958984,0.001192331314086914,0.0426328182220459
gated_cost_merged_seed43,scale,17.714285714285715,37.14285714285714,4941.944563380349,355,rolled,5707.736077552558,0.15495752822617626,True,True,1.0009819220188232,3,748.1632232666016,299.2652893066406,27.089776021445942,9.77095746942125,355.0,rolled,1.0,True,scale,0.9975509643554688,27,18,45,0.02780890464782715,0.0012595653533935547,0.029068470001220703
gated_cost_merged_seed43,scale,17.714285714285715,54.285714285714285,6713.5931419363405,355,rolled,6800.769059964589,0.012984986755260159,True,True,1.0009601012182423,1,742.5498962402344,297.01995849609375,34.65232849121094,17.80444208764771,355.0,rolled,1.0,True,scale,0.9900665283203125,10,18,28,0.010847330093383789,0.0011799335479736328,0.012027263641357422
gated_cost_merged_seed43,scale,17.714285714285715,71.42857142857143,14833.40139842013,550,rolled,17973.930104560513,0.2117200648581433,True,True,1.0009966025956607,1,747.2448348999023,298.89793395996094,34.87142562866211,19.424100266414875,690.0,rolled,0.0,True,scale,0.9963264465332031,6,18,24,0.006872892379760742,0.0011391639709472656,0.008012056350708008
gated_cost_merged_seed43,scale,18.57142857142857,20.0,3503.887898866028,355,rolled,3995.918956362213,0.14042431484620904,True,True,1.0009934801805431,2,684.1389704341144,269.4291203722608,21.175134973199814,10.664528736316557,355.0,rolled,1.0,True,scale,0.9584465026855469,32,18,50,0.03444981575012207,0.0011882781982421875,0.03563809394836426
gated_cost_merged_seed43,scale,18.57142857142857,37.14285714285714,5769.316751136709,355,rolled,6395.026184332704,0.10845468539627569,True,True,1.000995266727335,2,715.3233707795254,296.65260314941406,30.358935615881272,10.02533142996024,355.0,rolled,1.0,True,scale,0.9888420104980469,13,18,31,0.014062643051147461,0.0011942386627197266,0.015256881713867188
gated_cost_merged_seed43,scale,18.57142857142857,54.285714285714285,8018.356569936577,460,rolled,11732.708614723952,0.46323108886348185,True,True,1.0009889566245436,2,743.5712814331055,297.4285125732422,34.69999313354492,12.64642366419788,550.0,rolled,0.0,True,scale,0.9914283752441406,40,18,58,0.03939700126647949,0.001140594482421875,0.04053759574890137
gated_cost_merged_seed43,scale,19.428571428571427,20.0,4106.725084470224,355,rolled,4463.621480177867,0.08690535362526791,True,True,1.00097818891871,1,693.3846990244637,282.5497257230714,21.70872356155787,11.114701603685697,355.0,rolled,1.0,True,scale,0.9878578186035156,20,18,38,0.021748781204223633,0.001188039779663086,0.02293682098388672
gated_cost_merged_seed43,scale,19.428571428571427,37.14285714285714,6707.685574377439,355,rolled,7396.717190413623,0.10272270642324133,True,True,1.000985560927253,1,746.1742235391871,298.54087829589844,32.21064965795197,11.642998298645905,355.0,rolled,1.0,True,scale,0.9951362609863281,12,18,30,0.013169527053833008,0.0011861324310302734,0.014355659484863281
gated_cost_merged_seed43,scale,19.428571428571427,54.285714285714285,16356.728333954406,550,rolled,17637.070683514536,0.07827618845403868,True,False,1.0009995939025396,1,750.0,300.0,35.0,21.911760357839803,620.0,rolled,0.0,True,scale,1.2757667873216714,9,21,30,0.008950948715209961,0.001340627670288086,0.010291576385498047
gated_cost_merged_seed43,scale,20.285714285714285,20.0,4751.567875374571,355,rolled,5616.515107342476,0.18203406847044581,True,True,1.0009889759762234,2,655.3842182748186,298.8636016845703,23.403269269032176,9.481783299004743,355.0,rolled,1.0,True,scale,0.9962120056152344,17,18,35,0.01786017417907715,0.0011932849884033203,0.01905345916748047
gated_cost_merged_seed43,scale,20.285714285714285,37.14285714285714,7669.906780167899,355,rolled,8528.00788880532,0.11187894888842909,True,False,1.0009998699328755,1,750.0,300.0,35.0,13.238154543550909,355.0,rolled,1.0,True,scale,1.2986028256623643,19,21,40,0.01828455924987793,0.0013279914855957031,0.019612550735473633
gated_cost_merged_seed43,scale,21.142857142857142,20.0,5513.290592155899,355,rolled,6265.161640715725,0.13637428247108185,True,True,1.000969321640755,3,687.0018390825334,295.84922790527344,26.794056486120084,8.357224391284916,355.0,rolled,1.0,True,scale,0.9861640930175781,12,18,30,0.01988077163696289,0.0011434555053710938,0.021024227142333984
gated_cost_merged_seed43,scale,21.142857142857142,37.14285714285714,9160.10981105924,460,rolled,8177.702545754305,,False,False,1.219983170733157,3,750.0,300.0,35.0,9.71061859899965,355.0,rolled,0.0,False,original,,40,9,49,0.03820157051086426,0.0007388591766357422,0.0389404296875
gated_cost_merged_seed43,scale,22.0,20.0,6287.717386669555,355,rolled,7113.757058236792,0.13137353681297836,True,True,1.000970233508158,3,682.3356541942824,297.91603088378906,29.15134179932247,9.145538998048966,355.0,rolled,1.0,True,scale,0.9930534362792969,40,18,58,0.03924918174743652,0.0011591911315917969,0.04040837287902832
gated_cost_merged_seed43,scale,22.0,37.14285714285714,18414.0359884616,550,rolled,13382.198691516847,,False,False,1.159940906279299,3,750.0,300.0,35.0,10.576987049733217,550.0,rolled,1.0,False,original,,40,9,49,0.04323887825012207,0.0006284713745117188,0.04386734962463379
gated_cost_merged_seed43,scale+thin,16.0,20.0,2421.4508823550423,355,rolled,2634.793017574471,0.08810508475478035,True,True,1.0009978401350772,3,694.0731159686686,292.4281131908706,12.497633228767393,6.640284176745601,355.0,rolled,1.0,True,thin_c3,1.095290991741678,40,71,111,0.044252872467041016,0.004703998565673828,0.048956871032714844
gated_cost_merged_seed43,scale+thin,16.0,37.14285714285714,3516.030947725065,355,rolled,3670.227848572251,0.04385538783353264,True,True,1.000993844941748,2,738.4128570556641,295.3651428222656,19.210461332936283,11.590671618941148,355.0,rolled,1.0,True,thin_c1,0.9845504760742188,40,75,115,0.04142165184020996,0.005575418472290039,0.0469970703125
gated_cost_merged_seed43,scale+thin,16.0,54.285714285714285,4818.031502286582,355,rolled,4812.691977787241,-0.0011082377723779292,True,True,1.0009990544144498,1,750.0,300.0,26.560164792425997,13.751951977985687,355.0,rolled,1.0,True,thin_c3,2.0703756581182065,40,85,125,0.04094433784484863,0.006186485290527344,0.04713082313537598
gated_cost_merged_seed43,scale+thin,16.0,71.42857142857143,6040.8149576734495,355,rolled,6294.800479509462,0.04204491010163837,True,True,1.0009977359060929,1,750.0,300.0,33.050087588492914,19.81059298933477,355.0,rolled,1.0,True,thin_c2,1.871778471573539,40,72,112,0.04096674919128418,0.0046901702880859375,0.04565691947937012
gated_cost_merged_seed43,scale+thin,16.0,88.57142857142857,7740.122846398965,460,rolled,14079.105520119525,0.8189770110263463,True,True,1.0009834320521995,2,735.1169586181641,294.0467834472656,34.305458068847656,14.570922904011223,690.0,rolled,0.0,True,scale,0.9801559448242188,9,82,91,0.00984048843383789,0.0052831172943115234,0.015123605728149414
gated_cost_merged_seed43,scale+thin,16.857142857142858,20.0,2765.6018704601493,355,rolled,2968.9149520876367,0.07351494942171832,True,True,1.0009666611993486,1,576.5705984158759,275.9328185504769,18.056106224173543,9.210332991275024,355.0,rolled,1.0,True,thin_c1,0.9693641662597656,40,71,111,0.04200291633605957,0.004655599594116211,0.04665851593017578
gated_cost_merged_seed43,scale+thin,16.857142857142858,37.14285714285714,4191.730814567369,355,rolled,4227.6665199423,0.008572999308554078,True,True,1.0009992046688572,2,750.0,300.0,21.48762394705748,11.859531906308577,355.0,rolled,1.0,True,thin_c3,1.677415598993716,34,80,114,0.03690791130065918,0.005334377288818359,0.04224228858947754
gated_cost_merged_seed43,scale+thin,16.857142857142858,54.285714285714285,5746.32444658975,355,rolled,5699.4814095537795,-0.008151826001361604,True,True,1.0009995801313032,1,750.0,300.0,30.302332219941455,15.236107585933663,355.0,rolled,1.0,True,thin_c1,1.5428609101668647,36,71,107,0.03768610954284668,0.004628658294677734,0.042314767837524414
gated_cost_merged_seed43,scale+thin,16.857142857142858,71.42857142857143,7246.974901538043,460,rolled,7572.841468324061,0.044965874894482984,True,True,1.0009974972192395,1,750.0,300.0,33.71261531811416,20.193119003160366,460.0,rolled,1.0,True,thin_c2,1.6881626958432403,40,71,111,0.03958296775817871,0.004549741744995117,0.04413270950317383
gated_cost_merged_seed43,scale+thin,16.857142857142858,88.57142857142857,19199.44257726372,690,rolled,19199.35663180502,-4.476455936219464e-06,True,True,1.0009999543452097,1,750.0,300.0,35.0,24.541971957332954,690.0,rolled,1.0,True,thin_c1,1.4839171699855633,9,71,80,0.009753704071044922,0.004618644714355469,0.01437234878540039
gated_cost_merged_seed43,scale+thin,17.714285714285715,20.0,3088.9917829239694,355,rolled,3433.844379168729,0.1116392080260991,True,True,1.000957045078551,1,640.9244496620769,279.89492375794214,18.25007960571534,10.307088282503305,355.0,rolled,1.0,True,thin_c1,0.9852142333984375,40,73,113,0.041440486907958984,0.004799365997314453,0.04623985290527344
gated_cost_merged_seed43,scale+thin,17.714285714285715,37.14285714285714,4941.944563380349,355,rolled,5039.622117048387,0.01976500392008148,True,True,1.0009990282676084,1,750.0,300.0,24.432783602326975,13.516822954203246,355.0,rolled,1.0,True,thin_c2,1.379979374097741,27,83,110,0.02780890464782715,0.0055866241455078125,0.03339552879333496
gated_cost_merged_seed43,scale+thin,17.714285714285715,54.285714285714285,6713.5931419363405,355,rolled,6800.769059964589,0.012984986755260159,True,True,1.0009601012182423,1,742.5498962402344,297.01995849609375,34.65232849121094,17.80444208764771,355.0,rolled,1.0,True,scale,0.9900665283203125,10,72,82,0.010847330093383789,0.0046367645263671875,0.015484094619750977
gated_cost_merged_seed43,scale+thin,17.714285714285715,71.42857142857143,14833.40139842013,550,rolled,17930.313945502436,0.2087796631332413,True,True,1.0009975680881669,1,750.0,300.0,34.58980838167994,19.382822766460254,690.0,rolled,0.0,True,thin_c3,1.9623072085173239,6,83,89,0.006872892379760742,0.005327463150024414,0.012200355529785156
gated_cost_merged_seed43,scale+thin,18.57142857142857,20.0,3503.887898866028,355,rolled,3950.8170893785023,0.12755236566133152,True,True,1.0009914625143503,2,718.5423712764335,282.97794367767574,18.398286327072803,11.200817520855638,355.0,rolled,1.0,True,thin_c1,1.0066440482761547,32,75,107,0.03444981575012207,0.004969358444213867,0.03941917419433594
gated_cost_merged_seed43,scale+thin,18.57142857142857,37.14285714285714,5769.316751136709,355,rolled,5813.748264341751,0.007701347511607382,True,True,1.0009978975386784,1,750.0,300.0,27.698095745736232,14.310890869769741,355.0,rolled,1.0,True,thin_c1,1.411545363716457,13,85,98,0.014062643051147461,0.0055389404296875,0.01960158348083496
gated_cost_merged_seed43,scale+thin,18.57142857142857,54.285714285714285,8018.356569936577,460,rolled,11732.708614723952,0.46323108886348185,True,True,1.0009889566245436,2,743.5712814331055,297.4285125732422,34.69999313354492,12.64642366419788,550.0,rolled,0.0,True,scale,0.9914283752441406,40,85,125,0.03939700126647949,0.005499362945556641,0.04489636421203613
gated_cost_merged_seed43,scale+thin,19.428571428571427,20.0,4106.725084470224,355,rolled,4417.110452138005,0.0755797773855177,True,True,1.0009972385957946,2,724.200626909102,295.1070146046354,19.191768632624342,11.608669589365705,355.0,rolled,1.0,True,thin_c1,1.031760943868886,20,77,97,0.021748781204223633,0.004921436309814453,0.026670217514038086
gated_cost_merged_seed43,scale+thin,19.428571428571427,37.14285714285714,6707.685574377439,355,rolled,7003.676904333613,0.0441271921103198,True,True,1.0009972075317912,1,750.0,300.0,30.18330308210698,18.08748458512024,355.0,rolled,1.0,True,thin_c2,1.7094035273012906,12,71,83,0.013169527053833008,0.004534482955932617,0.017704010009765625
gated_cost_merged_seed43,scale+thin,19.428571428571427,54.285714285714285,16356.728333954406,550,rolled,17637.05873563123,0.07827545799724682,True,False,1.0009999062292594,1,750.0,300.0,35.0,21.911728408355074,620.0,rolled,0.0,True,thin_c1,1.3919587508491849,9,72,81,0.008950948715209961,0.00471043586730957,0.013661384582519531
gated_cost_merged_seed43,scale+thin,20.285714285714285,20.0,4751.567875374571,355,rolled,5616.515107342476,0.18203406847044581,True,True,1.0009889759762234,2,655.3842182748186,298.8636016845703,23.403269269032176,9.481783299004743,355.0,rolled,1.0,True,scale,0.9962120056152344,17,79,96,0.01786017417907715,0.0050661563873291016,0.02292633056640625
gated_cost_merged_seed43,scale+thin,20.285714285714285,37.14285714285714,7669.906780167899,355,rolled,7738.758621408622,0.008976881103529621,True,False,1.0009976967259653,1,750.0,300.0,33.90970067504779,17.619900157425405,355.0,rolled,1.0,True,thin_c1,1.7284321660580844,19,75,94,0.01828455924987793,0.00522613525390625,0.02351069450378418
gated_cost_merged_seed43,scale+thin,21.142857142857142,20.0,5513.290592155899,355,rolled,5541.370242255022,0.005093083636671419,True,True,1.000997941640008,1,750.0,300.0,23.033237886794744,11.955889138834664,355.0,rolled,1.0,True,thin_c3,1.7955504707668137,12,82,94,0.01988077163696289,0.00527191162109375,0.02515268325805664
gated_cost_merged_seed43,scale+thin,21.142857142857142,37.14285714285714,9160.10981105924,460,rolled,8177.702545754305,,False,False,1.219983170733157,3,750.0,300.0,35.0,9.71061859899965,355.0,rolled,0.0,False,original,,40,33,73,0.03820157051086426,0.0028862953186035156,0.04108786582946777
gated_cost_merged_seed43,scale+thin,22.0,20.0,6287.717386669555,355,rolled,6309.93518059449,0.003533522987537326,True,True,1.000997371139509,1,750.0,300.0,25.410345544694437,12.997296531962336,355.0,rolled,1.0,True,thin_c3,1.9802157194718073,40,84,124,0.03924918174743652,0.005550861358642578,0.0448000431060791
gated_cost_merged_seed43,scale+thin,22.0,37.14285714285714,18414.0359884616,550,rolled,13382.198691516847,,False,False,1.159940906279299,3,750.0,300.0,35.0,10.576987049733217,550.0,rolled,1.0,False,original,,40,33,73,0.04323887825012207,0.0033550262451171875,0.04659390449523926
gated_cost_merged_seed44,none,16.0,20.0,2421.4508823550423,355,rolled,3517.0301517256385,0.4524474468402445,True,True,0.7295172512453043,3,522.3423046686383,274.8703535443718,23.344424331515395,6.0,355.0,rolled,1.0,False,original,,40,1,41,0.05548596382141113,0.00013899803161621094,0.055624961853027344
gated_cost_merged_seed44,none,16.0,37.14285714285714,3516.030947725065,355,rolled,4628.811050041809,0.3164875733066948,True,True,0.9257219369234576,3,612.4812893097858,300.0,27.369937071063365,7.573953092684635,355.0,rolled,1.0,False,original,,40,1,41,0.043836116790771484,0.00014543533325195312,0.04398155212402344
gated_cost_merged_seed44,none,16.0,54.285714285714285,4818.031502286582,355,rolled,5831.0236447195675,0.21025021151319406,True,True,0.9124077778372769,3,750.0,300.0,32.804745447212504,9.242896681083508,355.0,rolled,1.0,False,original,,40,1,41,0.042923688888549805,0.00012040138244628906,0.043044090270996094
gated_cost_merged_seed44,none,16.0,71.42857142857143,6040.8149576734495,355,rolled,6810.120769275713,0.12735132875160163,True,True,1.0007696032100744,1,750.0,300.0,35.0,13.787861889725905,355.0,rolled,1.0,False,original,,40,1,41,0.042348384857177734,0.00012230873107910156,0.042470693588256836
gated_cost_merged_seed44,none,16.0,88.57142857142857,7740.122846398965,460,rolled,15153.90527636068,0.9578378246814161,True,True,0.9595242718339145,1,750.0,300.0,33.269963189967136,17.625172037696768,690.0,rolled,0.0,False,original,,6,1,7,0.0072612762451171875,0.00013256072998046875,0.007393836975097656
gated_cost_merged_seed44,none,16.857142857142858,20.0,2765.6018704601493,355,rolled,3859.656995521226,0.39559386213426456,True,True,0.8259524396213654,3,520.7677858902234,282.4127971598868,23.63788839188603,6.31245452761995,355.0,rolled,1.0,False,original,,40,1,41,0.043959617614746094,0.0001404285430908203,0.044100046157836914
gated_cost_merged_seed44,none,16.857142857142858,37.14285714285714,4191.730814567369,355,rolled,5070.653733101465,0.2096801911705799,True,True,0.8329105154382255,1,718.1241019485013,293.5429463592261,27.239133658145008,14.357873537545398,355.0,rolled,1.0,False,original,,40,1,41,0.043691158294677734,0.00012946128845214844,0.04382061958312988
gated_cost_merged_seed44,none,16.857142857142858,54.285714285714285,5746.32444658975,355,rolled,6053.870569310937,0.05352049394003596,True,True,0.9532728065599885,1,734.3171515050855,300.0,31.935019168325116,16.86591762095791,355.0,rolled,1.0,False,original,,34,1,35,0.03695535659790039,0.0001220703125,0.03707742691040039
gated_cost_merged_seed44,none,16.857142857142858,71.42857142857143,7246.974901538043,460,rolled,9271.450770148042,0.2793546129406822,True,True,0.9642409922760774,1,750.0,300.0,35.0,15.899044033558873,500.0,rolled,0.0,False,original,,12,1,13,0.012955665588378906,0.00011897087097167969,0.013074636459350586
gated_cost_merged_seed44,none,16.857142857142858,88.57142857142857,19199.44257726372,690,rolled,17916.806605457277,,False,False,1.0327447185876846,1,750.0,300.0,35.0,21.25290491503806,690.0,rolled,1.0,False,original,,9,1,10,0.009458065032958984,0.00012683868408203125,0.009584903717041016
gated_cost_merged_seed44,none,17.714285714285715,20.0,3088.9917829239694,355,rolled,4189.945288770439,0.3564119244125448,True,True,0.9027555559096829,3,652.1886191458873,270.98206546877867,22.56121878419251,7.66440190747155,355.0,rolled,1.0,False,original,,40,1,41,0.04257988929748535,0.00014138221740722656,0.04272127151489258
gated_cost_merged_seed44,none,17.714285714285715,37.14285714285714,4941.944563380349,355,rolled,5787.00592278859,0.1709977415914616,True,True,1.0003654768073942,3,655.570325217302,300.0,30.585735444429872,8.349376828609671,355.0,rolled,1.0,False,original,,37,1,38,0.03778696060180664,0.00015115737915039062,0.03793811798095703
gated_cost_merged_seed44,none,17.714285714285715,54.285714285714285,6713.5931419363405,355,rolled,8042.170901072746,0.19789369582697355,True,True,0.9035477866811862,2,750.0,300.0,35.0,11.459203100668427,460.0,rolled,0.0,False,original,,24,1,25,0.024599075317382812,0.0001289844512939453,0.024728059768676758
gated_cost_merged_seed44,none,17.714285714285715,71.42857142857143,14833.40139842013,550,rolled,13755.651588081588,,False,False,1.0482748886928748,2,750.0,300.0,35.0,14.995631203003622,620.0,rolled,0.0,False,original,,7,1,8,0.008063793182373047,0.00013303756713867188,0.008196830749511719
gated_cost_merged_seed44,none,18.57142857142857,20.0,3503.887898866028,355,rolled,4635.070388170883,0.32283638117273744,True,True,0.8881507448058903,3,558.9493414379178,300.0,23.64244701106799,7.08695015799509,355.0,rolled,1.0,False,original,,40,1,41,0.0446016788482666,0.00012969970703125,0.04473137855529785
gated_cost_merged_seed44,none,18.57142857142857,37.14285714285714,5769.316751136709,355,rolled,6417.154663441023,0.11229023127854314,True,True,0.986572863446112,2,667.0551716967093,300.0,32.10827069310635,8.949035595289727,355.0,rolled,1.0,False,original,,22,1,23,0.040193796157836914,0.00017333030700683594,0.04036712646484375
gated_cost_merged_seed44,none,18.57142857142857,54.285714285714285,8018.356569936577,460,rolled,13781.27872693211,0.718716124274468,True,True,0.9704574363950036,3,750.0,300.0,35.0,13.146747990276205,620.0,rolled,0.0,False,original,,40,1,41,0.07098174095153809,0.0002009868621826172,0.0711827278137207
gated_cost_merged_seed44,none,19.428571428571427,20.0,4106.725084470224,355,rolled,5109.335884812066,0.24413876744105967,True,True,0.8955899498983731,1,718.3826474994615,276.513330298281,23.591009499655726,13.803672599376544,355.0,rolled,1.0,False,original,,29,1,30,0.05335521697998047,0.0001747608184814453,0.053529977798461914
gated_cost_merged_seed44,none,19.428571428571427,37.14285714285714,6707.685574377439,355,rolled,7296.956371614922,0.08785009236098187,True,True,0.9718486463957908,2,702.5787971238034,300.0,34.727627765955276,9.424725648337233,355.0,rolled,1.0,False,original,,7,1,8,0.011946678161621094,0.00016617774963378906,0.012112855911254883
gated_cost_merged_seed44,none,19.428571428571427,54.285714285714285,16356.728333954406,550,rolled,17100.514171833944,,False,False,1.0801301358207966,3,750.0,300.0,35.0,13.158014207802939,690.0,rolled,0.0,False,original,,40,1,41,0.059745073318481445,0.00014543533325195312,0.0598905086517334
gated_cost_merged_seed44,none,20.285714285714285,20.0,4751.567875374571,355,rolled,5888.358934773668,0.23924546364803492,True,True,0.921383934362868,3,580.7343161924053,300.0,28.102590913050065,7.34749955738104,355.0,rolled,1.0,False,original,,12,1,13,0.02497720718383789,0.0001857280731201172,0.025162935256958008
gated_cost_merged_seed44,none,20.285714285714285,37.14285714285714,7669.906780167899,355,rolled,8980.237407565319,0.17084048932453066,True,True,0.9783519339297034,3,739.271372332498,300.0,35.0,10.571566975687166,460.0,rolled,0.0,False,original,,40,1,41,0.057926177978515625,0.0001575946807861328,0.05808377265930176
gated_cost_merged_seed44,none,21.142857142857142,20.0,5513.290592155899,355,rolled,6298.043909263081,0.1423384644777658,True,True,0.995238253069335,3,615.7167682730363,300.0,28.497279014480977,7.445930431643136,355.0,rolled,1.0,False,original,,11,1,12,0.024573326110839844,0.00017642974853515625,0.024749755859375
gated_cost_merged_seed44,none,21.142857142857142,37.14285714285714,9160.10981105924,460,rolled,8194.015229526023,,False,False,1.2194525460757732,3,750.0,300.0,35.0,9.79159247942442,355.0,rolled,0.0,False,original,,40,1,41,0.054399967193603516,0.00016641616821289062,0.054566383361816406
gated_cost_merged_seed44,none,22.0,20.0,6287.717386669555,355,rolled,7311.2867730644575,0.16278870748309215,True,True,0.9995950768633157,2,593.5015312567361,300.0,31.937412656633516,8.599913638629971,355.0,rolled,1.0,False,original,,40,1,41,0.057271480560302734,0.00015974044799804688,0.05743122100830078
gated_cost_merged_seed44,none,22.0,37.14285714285714,18414.0359884616,550,rolled,9985.363823136424,,False,False,1.1705179234029606,2,750.0,300.0,35.0,11.448632032414128,460.0,rolled,0.0,False,original,,40,1,41,0.05057930946350098,0.0001475811004638672,0.050726890563964844
gated_cost_merged_seed44,scale,16.0,20.0,2421.4508823550423,355,rolled,3040.19234906113,0.25552509498120196,True,True,1.0009892271062597,3,481.9866272682251,253.634127384955,21.540855964563715,6.0,355.0,rolled,1.0,True,scale,0.9227409362792969,40,18,58,0.05548596382141113,0.0013434886932373047,0.05682945251464844
gated_cost_merged_seed44,scale,16.0,37.14285714285714,3516.030947725065,355,rolled,4430.325737463237,0.2600360472736274,True,True,1.0009681263925942,3,599.2056900747921,293.4974670410156,26.776690678096973,7.409786827301357,355.0,rolled,1.0,True,scale,0.9783248901367188,40,18,58,0.043836116790771484,0.0012068748474121094,0.045042991638183594
gated_cost_merged_seed44,scale,16.0,54.285714285714285,4818.031502286582,355,rolled,5537.592254431005,0.1493474569028717,True,True,1.0009719385579996,3,730.8855056762695,292.3542022705078,31.96868395302295,9.007332286222978,355.0,rolled,1.0,True,scale,0.9745140075683594,40,18,58,0.042923688888549805,0.0011801719665527344,0.04410386085510254
gated_cost_merged_seed44,scale,16.0,71.42857142857143,6040.8149576734495,355,rolled,6809.341435100965,0.1272223173218179,True,True,1.0009784989206274,1,749.9570846557617,299.9828338623047,34.99799728393555,13.787072941940162,355.0,rolled,1.0,True,scale,0.9999427795410156,40,18,58,0.042348384857177734,0.0011861324310302734,0.04353451728820801
gated_cost_merged_seed44,scale,16.0,88.57142857142857,7740.122846398965,460,rolled,14826.380201508906,0.9155225951493484,True,True,1.0009953243886254,1,742.3267364501953,296.9306945800781,32.92957759550191,17.444848584155572,690.0,rolled,0.0,True,scale,0.9897689819335938,6,18,24,0.0072612762451171875,0.0011754035949707031,0.00843667984008789
gated_cost_merged_seed44,scale,16.857142857142858,20.0,2765.6018704601493,355,rolled,3506.042249655437,0.2677320937276091,True,True,1.0009633397764823,3,496.33891678357946,269.1650014190912,22.52905083102245,6.016341500710532,355.0,rolled,1.0,True,scale,0.9530906677246094,40,18,58,0.043959617614746094,0.0012805461883544922,0.045240163803100586
gated_cost_merged_seed44,scale,16.857142857142858,37.14285714285714,4191.730814567369,355,rolled,4610.515287701671,0.09990729167982727,True,True,1.000991790133145,1,684.7661109610025,279.9074160483424,25.973833172323353,13.690927789915506,355.0,rolled,1.0,True,scale,0.9535484313964844,40,18,58,0.043691158294677734,0.0011746883392333984,0.04486584663391113
gated_cost_merged_seed44,scale,16.857142857142858,54.285714285714285,5746.32444658975,355,rolled,5898.171026961137,0.026424992494376628,True,True,1.0009954721330998,1,724.812687946672,296.1170196533203,31.5216756623203,16.647617532121583,355.0,rolled,1.0,True,scale,0.9870567321777344,34,18,52,0.03695535659790039,0.001192331314086914,0.038147687911987305
gated_cost_merged_seed44,scale,16.857142857142858,71.42857142857143,7246.974901538043,460,rolled,9096.57612421949,0.2552239034647272,True,True,1.0009823084349236,1,742.8932189941406,297.15728759765625,34.66835021972656,15.748389334693515,500.0,rolled,0.0,True,scale,0.9905242919921875,12,18,30,0.012955665588378906,0.0012102127075195312,0.014165878295898438
gated_cost_merged_seed44,scale,16.857142857142858,88.57142857142857,19199.44257726372,690,rolled,19199.372607279696,-3.6443758062707226e-06,True,False,1.00099953920594,1,750.0,300.0,35.0,24.542012639480145,690.0,rolled,1.0,True,scale,1.15476038393767,9,20,29,0.009458065032958984,0.0013041496276855469,0.010762214660644531
gated_cost_merged_seed44,scale,17.714285714285715,20.0,3088.9917829239694,355,rolled,3974.145347279447,0.2865509611416355,True,True,1.000981861657192,3,635.1713684937348,263.9114579866069,21.97253952209276,7.464418276157824,355.0,rolled,1.0,True,scale,0.973907470703125,40,18,58,0.04257988929748535,0.001203298568725586,0.04378318786621094
gated_cost_merged_seed44,scale,17.714285714285715,37.14285714285714,4941.944563380349,355,rolled,5785.019282507647,0.17059574592852683,True,True,1.0009867112180129,3,655.4577891125856,299.94850158691406,30.580485054968356,8.347943563086572,355.0,rolled,1.0,True,scale,0.9998283386230469,37,18,55,0.03778696060180664,0.001249551773071289,0.03903651237487793
gated_cost_merged_seed44,scale,17.714285714285715,54.285714285714285,6713.5931419363405,355,rolled,7630.295672444399,0.13654424853092342,True,True,1.0009981440841607,2,730.5421829223633,292.2168731689453,34.09196853637695,11.161908330284035,460.0,rolled,0.0,True,scale,0.9740562438964844,24,18,42,0.024599075317382812,0.0011448860168457031,0.025743961334228516
gated_cost_merged_seed44,scale,17.714285714285715,71.42857142857143,14833.40139842013,550,rolled,15750.007075870228,0.061793357627854865,True,False,1.0009997361915417,1,750.0,300.0,35.0,20.93951222476574,620.0,rolled,0.0,True,scale,1.3963741800059446,7,22,29,0.008063793182373047,0.0014171600341796875,0.009480953216552734
gated_cost_merged_seed44,scale,18.57142857142857,20.0,3503.887898866028,355,rolled,4366.020940428168,0.246050406418868,True,True,1.0009853539396323,3,542.4843191044538,291.1628723144531,22.946009267616045,6.878189213170725,355.0,rolled,1.0,True,scale,0.9705429077148438,40,18,58,0.0446016788482666,0.0012736320495605469,0.04587531089782715
gated_cost_merged_seed44,scale,18.57142857142857,37.14285714285714,5769.316751136709,355,rolled,6367.313633170725,0.10365124811637255,True,True,1.0009612472847114,2,664.459665886427,298.83270263671875,31.98333769404107,8.914214976442087,355.0,rolled,1.0,True,scale,0.9961090087890625,22,18,40,0.040193796157836914,0.0026619434356689453,0.04285573959350586
gated_cost_merged_seed44,scale,18.57142857142857,54.285714285714285,8018.356569936577,460,rolled,13558.862110377037,0.6909776950071806,True,True,1.000955516138227,3,744.2407608032227,297.69630432128906,34.73123550415039,13.045794301828536,620.0,rolled,0.0,True,scale,0.9923210144042969,40,18,58,0.07098174095153809,0.0021936893463134766,0.07317543029785156
gated_cost_merged_seed44,scale,19.428571428571427,20.0,4106.725084470224,355,rolled,4838.555666048751,0.17820296380344014,True,True,1.0009769162182853,1,699.0874043466764,269.0863803828521,22.957371888697338,13.432915844416636,355.0,rolled,1.0,True,scale,0.9731407165527344,29,18,47,0.05335521697998047,0.0021598339080810547,0.05551505088806152
gated_cost_merged_seed44,scale,19.428571428571427,37.14285714285714,6707.685574377439,355,rolled,7182.33734540907,0.07076237634702862,True,True,1.0009829672519883,2,697.0389778883645,297.63450622558594,34.453801141686824,9.35041188218156,355.0,rolled,1.0,True,scale,0.9921150207519531,7,18,25,0.011946678161621094,0.0021162033081054688,0.014062881469726562
gated_cost_merged_seed44,scale,19.428571428571427,54.285714285714285,16356.728333954406,550,rolled,19784.098600286652,0.20953886354017862,True,False,1.0009999364928863,1,750.0,300.0,35.0,19.304641528116548,690.0,rolled,0.0,True,scale,1.467139434814453,40,23,63,0.059745073318481445,0.002440214157104492,0.06218528747558594
gated_cost_merged_seed44,scale,20.285714285714285,20.0,4751.567875374571,355,rolled,5649.452692851199,0.18896600891044768,True,True,1.00095933314526,3,568.8313717004398,293.85108947753906,27.52658985647117,7.196902499573849,355.0,rolled,1.0,True,scale,0.9795036315917969,12,18,30,0.02497720718383789,0.0028085708618164062,0.027785778045654297
gated_cost_merged_seed44,scale,20.285714285714285,37.14285714285714,7669.906780167899,355,rolled,8874.899893176,0.15710661779147755,True,True,1.000984785971368,3,734.9227835563418,298.2353210449219,34.79412078857422,10.509382236473185,460.0,rolled,0.0,True,scale,0.9941177368164062,40,18,58,0.057926177978515625,0.0019073486328125,0.059833526611328125
gated_cost_merged_seed44,scale,21.142857142857142,20.0,5513.290592155899,355,rolled,6278.74251481653,0.1388375798202416,True,True,1.000974159416501,3,614.7725614979595,299.5399475097656,28.453578200562593,7.434512035519171,355.0,rolled,1.0,True,scale,0.9984664916992188,11,18,29,0.024573326110839844,0.002091646194458008,0.02666497230529785
gated_cost_merged_seed44,scale,21.142857142857142,37.14285714285714,9160.10981105924,460,rolled,8194.015229526023,,False,False,1.2194525460757732,3,750.0,300.0,35.0,9.79159247942442,355.0,rolled,0.0,False,original,,40,9,49,0.054399967193603516,0.0009665489196777344,0.05536651611328125
gated_cost_merged_seed44,scale,22.0,20.0,6287.717386669555,355,rolled,7306.267372630529,0.16199042089906568,True,True,1.000968990838995,2,593.2977686765774,299.8970031738281,31.9264478161676,8.596961092596201,355.0,rolled,1.0,True,scale,0.9996566772460938,40,18,58,0.057271480560302734,0.002032756805419922,0.059304237365722656
gated_cost_merged_seed44,scale,22.0,37.14285714285714,18414.0359884616,550,rolled,9985.363823136424,,False,False,1.1705179234029606,2,750.0,300.0,35.0,11.448632032414128,460.0,rolled,0.0,False,original,,40,9,49,0.05057930946350098,0.0009396076202392578,0.051518917083740234
gated_cost_merged_seed44,scale+thin,16.0,20.0,2421.4508823550423,355,rolled,2571.1356585037447,0.0618161521422738,True,True,1.000999682019919,3,577.888608286459,300.0,13.008160793944095,6.6380448581861415,355.0,rolled,1.0,True,thin_c3,1.1063408096976903,40,72,112,0.05548596382141113,0.00512385368347168,0.06060981750488281
gated_cost_merged_seed44,scale+thin,16.0,37.14285714285714,3516.030947725065,355,rolled,4215.033050107223,0.19880430882851732,True,True,1.000996080250763,3,725.2481215022007,300.0,21.125413636472565,8.968429482973189,355.0,rolled,1.0,True,thin_c2,1.1841147381326431,40,79,119,0.043836116790771484,0.00522303581237793,0.049059152603149414
gated_cost_merged_seed44,scale+thin,16.0,54.285714285714285,4818.031502286582,355,rolled,4820.17743827757,0.00044539683685550474,True,True,1.0009977191968387,1,750.0,300.0,26.537547645067274,13.827484190622213,355.0,rolled,1.0,True,thin_c2,1.4960119827933933,40,85,125,0.042923688888549805,0.005671977996826172,0.04859566688537598
gated_cost_merged_seed44,scale+thin,16.0,71.42857142857143,6040.8149576734495,355,rolled,6294.800479505793,0.04204491010103102,True,True,1.0009977359071274,1,750.0,300.0,33.050087588456734,19.81059298933595,355.0,rolled,1.0,True,thin_c2,1.871778471573539,40,72,112,0.042348384857177734,0.004677772521972656,0.04702615737915039
gated_cost_merged_seed44,scale+thin,16.0,88.57142857142857,7740.122846398965,460,rolled,14826.380201508906,0.9155225951493484,True,True,1.0009953243886254,1,742.3267364501953,296.9306945800781,32.92957759550191,17.444848584155572,690.0,rolled,0.0,True,scale,0.9897689819335938,6,82,88,0.0072612762451171875,0.005391120910644531,0.012652397155761719
gated_cost_merged_seed44,scale+thin,16.857142857142858,20.0,2765.6018704601493,355,rolled,3141.417009153793,0.1358890962245099,True,True,1.000994730368726,3,535.2616177063289,290.2728140343064,17.313477930104863,6.488140614104231,355.0,rolled,1.0,True,thin_c2,1.0278316597316577,40,74,114,0.043959617614746094,0.004989147186279297,0.04894876480102539
gated_cost_merged_seed44,scale+thin,16.857142857142858,37.14285714285714,4191.730814567369,355,rolled,4221.123157145283,0.007011982371522479,True,True,1.0009986461814806,2,750.0,300.0,21.503556223355883,11.799964453668183,355.0,rolled,1.0,True,thin_c3,1.715351867675781,40,80,120,0.043691158294677734,0.0053675174713134766,0.04905867576599121
gated_cost_merged_seed44,scale+thin,16.857142857142858,54.285714285714285,5746.32444658975,355,rolled,5898.171026961137,0.026424992494376628,True,True,1.0009954721330998,1,724.812687946672,296.1170196533203,31.5216756623203,16.647617532121583,355.0,rolled,1.0,True,scale,0.9870567321777344,34,71,105,0.03695535659790039,0.0045511722564697266,0.04150652885437012
gated_cost_merged_seed44,scale+thin,16.857142857142858,71.42857142857143,7246.974901538043,460,rolled,9096.57612421949,0.2552239034647272,True,True,1.0009823084349236,1,742.8932189941406,297.15728759765625,34.66835021972656,15.748389334693515,500.0,rolled,0.0,True,scale,0.9905242919921875,12,85,97,0.012955665588378906,0.005838155746459961,0.018793821334838867
gated_cost_merged_seed44,scale+thin,16.857142857142858,88.57142857142857,19199.44257726372,690,rolled,19199.35663181115,-4.4764556169396596e-06,True,False,1.00099995434505,1,750.0,300.0,35.0,24.541971957348554,690.0,rolled,1.0,True,thin_c1,1.4839171699855633,9,73,82,0.009458065032958984,0.004781484603881836,0.01423954963684082
gated_cost_merged_seed44,scale+thin,17.714285714285715,20.0,3088.9917829239694,355,rolled,3631.0981151621454,0.1754962040478562,True,True,1.000999183418265,3,750.0,300.0,14.799040936224186,7.98068386208955,355.0,rolled,1.0,True,thin_c3,1.2782972252887228,40,74,114,0.04257988929748535,0.0048139095306396484,0.047393798828125
gated_cost_merged_seed44,scale+thin,17.714285714285715,37.14285714285714,4941.944563380349,355,rolled,5597.32245394201,0.13261538695071373,True,True,1.0009984022786302,2,750.0,300.0,25.170971800013902,10.644534289109249,355.0,rolled,1.0,True,thin_c1,1.274889672320822,37,83,120,0.03778696060180664,0.005529880523681641,0.04331684112548828
gated_cost_merged_seed44,scale+thin,17.714285714285715,54.285714285714285,6713.5931419363405,355,rolled,6935.503355011045,0.033053866742169105,True,True,1.000998105920178,1,750.0,300.0,31.03134743648281,16.022533286792086,460.0,rolled,0.0,True,thin_c1,1.398224042809528,24,85,109,0.024599075317382812,0.005478858947753906,0.03007793426513672
gated_cost_merged_seed44,scale+thin,17.714285714285715,71.42857142857143,14833.40139842013,550,rolled,15750.007075870228,0.061793357627854865,True,False,1.0009997361915417,1,750.0,300.0,35.0,20.93951222476574,620.0,rolled,0.0,True,scale,1.3963741800059446,7,73,80,0.008063793182373047,0.005396127700805664,0.013459920883178711
gated_cost_merged_seed44,scale+thin,18.57142857142857,20.0,3503.887898866028,355,rolled,4112.3892067338575,0.17366460498486844,True,True,1.0009973768934224,3,565.4768496016601,300.0,20.06067643673495,7.169712801374079,355.0,rolled,1.0,True,thin_c1,1.0116781748896062,40,76,116,0.0446016788482666,0.0051479339599609375,0.04974961280822754
gated_cost_merged_seed44,scale+thin,18.57142857142857,37.14285714285714,5769.316751136709,355,rolled,5776.766830672899,0.0012913278742620945,True,True,1.0009991406920447,1,750.0,300.0,27.77977647819669,14.000403698173598,355.0,rolled,1.0,True,thin_c2,1.5644594938858696,22,85,107,0.040193796157836914,0.014249324798583984,0.0544431209564209
gated_cost_merged_seed44,scale+thin,18.57142857142857,54.285714285714285,8018.356569936577,460,rolled,13558.862110377037,0.6909776950071806,True,True,1.000955516138227,3,744.2407608032227,297.69630432128906,34.73123550415039,13.045794301828536,620.0,rolled,0.0,True,scale,0.9923210144042969,40,83,123,0.07098174095153809,0.011090993881225586,0.08207273483276367
gated_cost_merged_seed44,scale+thin,19.428571428571427,20.0,4106.725084470224,355,rolled,4526.853833073237,0.102302623127063,True,True,1.0009997888483035,1,750.0,291.52519550145325,18.903817662659765,12.280425286827196,355.0,rolled,1.0,True,thin_c1,1.0542898426885192,29,77,106,0.05335521697998047,0.008742570877075195,0.062097787857055664
gated_cost_merged_seed44,scale+thin,19.428571428571427,37.14285714285714,6707.685574377439,355,rolled,6790.1025063592515,0.012286940266943311,True,True,1.0009978376906228,1,750.0,300.0,30.691722526814168,16.316835770099424,355.0,rolled,1.0,True,thin_c2,1.73127965512483,7,71,78,0.011946678161621094,0.007973909378051758,0.01992058753967285
gated_cost_merged_seed44,scale+thin,19.428571428571427,54.285714285714285,16356.728333954406,550,rolled,19784.098600286652,0.20953886354017862,True,False,1.0009999364928863,1,750.0,300.0,35.0,19.304641528116548,690.0,rolled,0.0,True,scale,1.467139434814453,40,91,131,0.059745073318481445,0.012123346328735352,0.0718684196472168
gated_cost_merged_seed44,scale+thin,20.285714285714285,20.0,4751.567875374571,355,rolled,5601.418093638478,0.1788567985460827,True,True,1.000996625770514,3,689.182672514857,300.0,23.51113367052318,8.719597309933889,355.0,rolled,1.0,True,thin_c1,1.186743495775306,12,81,93,0.02497720718383789,0.01106715202331543,0.03604435920715332
gated_cost_merged_seed44,scale+thin,20.285714285714285,37.14285714285714,7669.906780167899,355,rolled,8158.504827919762,0.0637032576478285,True,True,1.0009994769051112,1,750.0,300.0,31.658795238421337,16.67880024317327,460.0,rolled,0.0,True,thin_c2,1.5777036915654719,40,85,125,0.057926177978515625,0.010131359100341797,0.06805753707885742
gated_cost_merged_seed44,scale+thin,21.142857142857142,20.0,5513.290592155899,355,rolled,6269.547053138079,0.13716970806112658,True,True,1.0009978604077174,3,750.0,300.0,24.506342512473633,9.213547055860232,355.0,rolled,1.0,True,thin_c1,1.2373936528744904,11,82,93,0.024573326110839844,0.009786605834960938,0.03435993194580078
gated_cost_merged_seed44,scale+thin,21.142857142857142,37.14285714285714,9160.10981105924,460,rolled,8194.015229526023,,False,False,1.2194525460757732,3,750.0,300.0,35.0,9.79159247942442,355.0,rolled,0.0,False,original,,40,33,73,0.054399967193603516,0.0040628910064697266,0.05846285820007324
gated_cost_merged_seed44,scale+thin,22.0,20.0,6287.717386669555,355,rolled,7189.074832254225,0.14335209268400284,True,True,1.0009995191503267,2,750.0,300.0,25.78347648469044,11.240390961218809,355.0,rolled,1.0,True,thin_c1,1.3070353300675104,40,84,124,0.057271480560302734,0.011574268341064453,0.06884574890136719
gated_cost_merged_seed44,scale+thin,22.0,37.14285714285714,18414.0359884616,550,rolled,9985.363823136424,,False,False,1.1705179234029606,2,750.0,300.0,35.0,11.448632032414128,460.0,rolled,0.0,False,original,,40,33,73,0.05057930946350098,0.0038156509399414062,0.05439496040344238
gated_cost_merged_seed45,none,16.0,20.0,2421.4508823550423,355,rolled,3536.4939323634803,0.46048551227434986,True,True,0.7251248343670533,3,621.6056762759993,300.0,18.477831583662102,8.017477008890204,355.0,rolled,1.0,False,original,,40,1,41,0.0616459846496582,0.00016117095947265625,0.06180715560913086
gated_cost_merged_seed45,none,16.0,37.14285714285714,3516.030947725065,355,rolled,4916.572091788567,0.398330152631244,True,True,0.8020436594471061,3,750.0,300.0,25.469473064242635,9.510056535875648,355.0,rolled,1.0,False,original,,40,1,41,0.0591585636138916,0.00018477439880371094,0.05934333801269531
gated_cost_merged_seed45,none,16.0,54.285714285714285,4818.031502286582,355,rolled,5937.268071155544,0.23230162948037716,True,True,0.9022422946298175,1,694.9986969531578,300.0,32.60565806500573,10.986396720350484,355.0,rolled,1.0,False,original,,40,1,41,0.059314727783203125,0.0001697540283203125,0.05948448181152344
gated_cost_merged_seed45,none,16.0,71.42857142857143,6040.8149576734495,355,rolled,6903.520620414907,0.14281279409917877,True,True,0.9953819816956246,1,750.0,300.0,35.0,14.400507620530746,355.0,rolled,1.0,False,original,,40,1,41,0.08019852638244629,0.0001537799835205078,0.0803523063659668
gated_cost_merged_seed45,none,16.0,88.57142857142857,7740.122846398965,460,rolled,14664.008114276805,0.8945446222599848,True,True,0.969397374277313,1,750.0,300.0,33.269963189967136,16.26359553986589,690.0,rolled,0.0,False,original,,7,1,8,0.011060237884521484,0.0001652240753173828,0.011225461959838867
gated_cost_merged_seed45,none,16.857142857142858,20.0,2765.6018704601493,355,rolled,3909.945352169915,0.4137773748031804,True,True,0.7736053143864521,3,641.6924392126331,300.0,19.38717752870313,8.16159726784918,355.0,rolled,1.0,False,original,,40,1,41,0.060623884201049805,0.00016164779663085938,0.060785531997680664
gated_cost_merged_seed45,none,16.857142857142858,37.14285714285714,4191.730814567369,355,rolled,5309.15292338968,0.2665777356072043,True,True,0.8724601586706289,2,718.1241019485013,293.5429463592261,27.239133658145008,9.771827234860597,355.0,rolled,1.0,False,original,,40,1,41,0.05852341651916504,0.00020384788513183594,0.058727264404296875
gated_cost_merged_seed45,none,16.857142857142858,54.285714285714285,5746.32444658975,355,rolled,6485.872270619913,0.12869928088885763,True,True,0.9753173098916837,3,750.0,300.0,35.0,9.497769776843523,355.0,rolled,1.0,False,original,,32,1,33,0.05173778533935547,0.0001811981201171875,0.051918983459472656
gated_cost_merged_seed45,none,16.857142857142858,71.42857142857143,7246.974901538043,460,rolled,7349.970709370785,0.014212248452921057,True,True,0.9831855345229766,1,750.0,300.0,35.0,17.66166664819532,460.0,rolled,1.0,False,original,,17,1,18,0.028577804565429688,0.0001888275146484375,0.028766632080078125
gated_cost_merged_seed45,none,16.857142857142858,88.57142857142857,19199.44257726372,690,rolled,18661.247122171,,False,False,1.0147129765591878,1,750.0,300.0,35.0,23.167639134249047,690.0,rolled,1.0,False,original,,9,1,10,0.013679742813110352,0.00015854835510253906,0.01383829116821289
gated_cost_merged_seed45,none,17.714285714285715,20.0,3088.9917829239694,355,rolled,4300.534890040319,0.3922131207385506,True,True,0.7788491478805116,1,750.0,260.6560415492013,22.53268295121945,12.554970950177186,355.0,rolled,1.0,False,original,,40,1,41,0.06623363494873047,0.00018644332885742188,0.06642007827758789
gated_cost_merged_seed45,none,17.714285714285715,37.14285714285714,4941.944563380349,355,rolled,6164.601551410516,0.24740402737214334,True,True,0.8266144609063947,3,750.0,300.0,32.68150742375371,7.634160712501189,355.0,rolled,1.0,False,original,,40,1,41,0.06263351440429688,0.00015425682067871094,0.06278777122497559
gated_cost_merged_seed45,none,17.714285714285715,54.285714285714285,6713.5931419363405,355,rolled,7645.588990483956,0.13882221171937273,True,True,0.9947159424611934,1,750.0,300.0,35.0,14.414758946002642,355.0,rolled,1.0,False,original,,11,1,12,0.016261577606201172,0.00017142295837402344,0.016433000564575195
gated_cost_merged_seed45,none,17.714285714285715,71.42857142857143,14833.40139842013,550,rolled,17171.136328835768,,False,False,1.0039818867043564,1,750.0,300.0,35.0,17.144853243681,690.0,rolled,0.0,False,original,,11,1,12,0.014774799346923828,0.00014710426330566406,0.014921903610229492
gated_cost_merged_seed45,none,18.57142857142857,20.0,3503.887898866028,355,rolled,4826.865472264476,0.377574172343415,True,True,0.8435577255177971,3,647.9011063844214,300.0,23.050704427629377,7.840174241214825,355.0,rolled,1.0,False,original,,40,1,41,0.11486506462097168,0.00016832351684570312,0.11503338813781738
gated_cost_merged_seed45,none,18.57142857142857,37.14285714285714,5769.316751136709,355,rolled,6791.935135777918,0.17725121166899452,True,True,0.8700192913019992,3,750.0,300.0,35.0,7.499985226602734,355.0,rolled,1.0,False,original,,40,1,41,0.0707089900970459,0.0001862049102783203,0.07089519500732422
gated_cost_merged_seed45,none,18.57142857142857,54.285714285714285,8018.356569936577,460,rolled,12725.864296102203,0.5870913428589097,True,True,0.9718448398143305,1,750.0,296.21503179507647,35.0,15.693635699871098,550.0,rolled,0.0,False,original,,40,1,41,0.061339378356933594,0.00016641616821289062,0.061505794525146484
gated_cost_merged_seed45,none,19.428571428571427,20.0,4106.725084470224,355,rolled,5207.317544376423,0.267997598394921,True,True,0.9869415796273376,3,718.3826474994615,276.513330298281,23.591009499655726,9.060414274425172,355.0,rolled,1.0,False,original,,40,1,41,0.06374382972717285,0.0001709461212158203,0.06391477584838867
gated_cost_merged_seed45,none,19.428571428571427,37.14285714285714,6707.685574377439,355,rolled,7483.8625454021285,0.11571457284604897,True,True,0.9701982077721703,3,750.0,300.0,35.0,9.544333318003586,355.0,rolled,1.0,False,original,,22,1,23,0.04119062423706055,0.00020837783813476562,0.04139900207519531
gated_cost_merged_seed45,none,19.428571428571427,54.285714285714285,16356.728333954406,550,rolled,17501.819713748875,,False,False,1.0391730331905242,2,750.0,300.0,35.0,14.08787978644139,690.0,rolled,0.0,False,original,,40,1,41,0.0568392276763916,0.0001659393310546875,0.05700516700744629
gated_cost_merged_seed45,none,20.285714285714285,20.0,4751.567875374571,355,rolled,5858.240369028915,0.23290680522312945,True,True,0.9082973085687734,3,673.0688792033324,300.0,26.187168144413747,7.889988281022989,355.0,rolled,1.0,False,original,,36,1,37,0.0627896785736084,0.00019693374633789062,0.06298661231994629
gated_cost_merged_seed45,none,20.285714285714285,37.14285714285714,7669.906780167899,355,rolled,7952.941021905143,,False,False,1.023300792910784,2,750.0,300.0,35.0,10.262988205044822,355.0,rolled,1.0,False,original,,8,1,9,0.012959957122802734,0.000148773193359375,0.01310873031616211
gated_cost_merged_seed45,none,21.142857142857142,20.0,5513.290592155899,355,rolled,6301.52947651036,0.14297067625565354,True,True,0.9649827412646361,3,623.1854968642548,299.68527136300685,29.14149663916615,6.733524292389601,355.0,rolled,1.0,False,original,,27,1,28,0.041756629943847656,0.00016307830810546875,0.041919708251953125
gated_cost_merged_seed45,none,21.142857142857142,37.14285714285714,9160.10981105924,460,rolled,8201.64413020955,,False,False,1.2192039781977866,3,750.0,300.0,35.0,9.829461275286901,355.0,rolled,0.0,False,original,,40,1,41,0.0507047176361084,0.00017023086547851562,0.050874948501586914
gated_cost_merged_seed45,none,22.0,20.0,6287.717386669555,355,rolled,6840.920511397859,0.08798155049098376,True,True,0.9907670135919949,3,616.7074031312869,300.0,31.407413932722143,6.042534650178052,355.0,rolled,1.0,False,original,,9,1,10,0.014911651611328125,0.00019931793212890625,0.015110969543457031
gated_cost_merged_seed45,none,22.0,37.14285714285714,18414.0359884616,550,rolled,8615.018939630323,,False,False,1.2876442334263694,2,750.0,300.0,35.0,10.215275917521389,355.0,rolled,0.0,False,original,,40,1,41,0.04893612861633301,0.0001475811004638672,0.049083709716796875
gated_cost_merged_seed45,scale,16.0,20.0,2421.4508823550423,355,rolled,2985.883938985072,0.23309704968331885,True,True,1.0009704209482593,3,571.1694552128031,275.6584167480469,16.97856599763117,7.366950061948467,355.0,rolled,1.0,True,scale,0.9188613891601562,40,18,58,0.0616459846496582,0.0019316673278808594,0.06357765197753906
gated_cost_merged_seed45,scale,16.0,37.14285714285714,3516.030947725065,355,rolled,4367.46697045745,0.24215828455186933,True,True,1.0009973057568688,3,706.878662109375,282.75146484375,24.00510272571013,8.963274720885728,355.0,rolled,1.0,True,scale,0.9425048828125,40,18,58,0.0591585636138916,0.00191497802734375,0.06107354164123535
gated_cost_merged_seed45,scale,16.0,54.285714285714285,4818.031502286582,355,rolled,5607.808315694858,0.16392105635537196,True,True,1.000997456231125,1,675.4407235209089,291.5576934814453,31.68810153292585,10.677228291525008,355.0,rolled,1.0,True,scale,0.9718589782714844,40,18,58,0.059314727783203125,0.0019268989562988281,0.06124162673950195
gated_cost_merged_seed45,scale,16.0,71.42857142857143,6040.8149576734495,355,rolled,6882.363642711312,0.13931045578028692,True,True,1.0009746248398745,1,748.8498687744141,299.5399475097656,34.946327209472656,14.378424322559198,355.0,rolled,1.0,True,scale,0.9984664916992188,40,18,58,0.08019852638244629,0.001913309097290039,0.08211183547973633
gated_cost_merged_seed45,scale,16.0,88.57142857142857,7740.122846398965,460,rolled,14423.625104650004,0.8634878787951653,True,True,1.0009700579321312,1,744.1806793212891,297.6722717285156,33.011818410272035,16.13740476941878,690.0,rolled,0.0,True,scale,0.9922409057617188,7,18,25,0.011060237884521484,0.001947641372680664,0.013007879257202148
gated_cost_merged_seed45,scale,16.857142857142858,20.0,2765.6018704601493,355,rolled,3420.4137064524266,0.23677010164999915,True,True,1.0009730506223073,3,600.1791408857324,280.5919647216797,18.1329541106227,7.633595375509648,355.0,rolled,1.0,True,scale,0.9353065490722656,40,18,58,0.060623884201049805,0.0020265579223632812,0.06265044212341309
gated_cost_merged_seed45,scale,16.857142857142858,37.14285714285714,4191.730814567369,355,rolled,4942.063291162548,0.17900302042000796,True,True,1.0009656796738433,2,692.8528966549416,283.2129991540112,26.280572684037693,9.427950944571332,355.0,rolled,1.0,True,scale,0.9648094177246094,40,18,58,0.05852341651916504,0.002599477767944336,0.061122894287109375
gated_cost_merged_seed45,scale,16.857142857142858,54.285714285714285,5746.32444658975,355,rolled,6392.68601583819,0.11248260958046562,True,True,1.0009614806456755,3,744.5926666259766,297.8370666503906,34.747657775878906,9.4292929668527,355.0,rolled,1.0,True,scale,0.9927902221679688,32,18,50,0.05173778533935547,0.0021789073944091797,0.05391669273376465
gated_cost_merged_seed45,scale,16.857142857142858,71.42857142857143,7246.974901538043,460,rolled,7282.331371105168,0.0048787901224303975,True,True,1.0009614213481532,1,746.5410232543945,298.6164093017578,34.83858108520508,17.580211589229,460.0,rolled,1.0,True,scale,0.9953880310058594,17,18,35,0.028577804565429688,0.00214385986328125,0.030721664428710938
gated_cost_merged_seed45,scale,16.857142857142858,88.57142857142857,19199.44257726372,690,rolled,19199.362008084507,-4.196433249965574e-06,True,False,1.000999814637066,1,750.0,300.0,35.0,24.541985648231655,690.0,rolled,1.0,True,scale,1.0593218198029895,9,19,28,0.013679742813110352,0.002282381057739258,0.01596212387084961
gated_cost_merged_seed45,scale,17.714285714285715,20.0,3088.9917829239694,355,rolled,3809.662903540151,0.2333030228827643,True,True,1.0009852652433682,1,705.9001922607422,245.3295331246736,21.20776696988821,11.816741876744144,355.0,rolled,1.0,True,scale,0.9412002563476562,40,18,58,0.06623363494873047,0.0021064281463623047,0.06834006309509277
gated_cost_merged_seed45,scale,17.714285714285715,37.14285714285714,4941.944563380349,355,rolled,5555.254347345977,0.12410292671233795,True,True,1.0009609387241274,3,711.9684219360352,284.78736877441406,31.024268355974325,7.247041807047399,355.0,rolled,1.0,True,scale,0.9492912292480469,40,18,58,0.06263351440429688,0.002409219741821289,0.06504273414611816
gated_cost_merged_seed45,scale,17.714285714285715,54.285714285714285,6713.5931419363405,355,rolled,7619.886562302838,0.1349937956033337,True,True,1.000984660303955,1,748.7382888793945,299.4953155517578,34.94112014770508,14.390509263785285,355.0,rolled,1.0,True,scale,0.9983177185058594,11,18,29,0.016261577606201172,0.001888275146484375,0.018149852752685547
gated_cost_merged_seed45,scale,17.714285714285715,71.42857142857143,14833.40139842013,550,rolled,17334.17145726399,0.1685904663181441,True,False,1.0009998400958051,1,750.0,300.0,35.0,17.552407941903677,690.0,rolled,0.0,True,scale,1.0237712561565897,11,19,30,0.014774799346923828,0.0020041465759277344,0.016778945922851562
gated_cost_merged_seed45,scale,18.57142857142857,20.0,3503.887898866028,355,rolled,4415.6484316828355,0.2602139563631253,True,True,1.0009974235511583,3,619.6884021860488,286.9365692138672,22.046966821422906,7.498775662710388,355.0,rolled,1.0,True,scale,0.9564552307128906,40,18,58,0.11486506462097168,0.0019392967224121094,0.11680436134338379
gated_cost_merged_seed45,scale,18.57142857142857,37.14285714285714,5769.316751136709,355,rolled,6291.313130864894,0.09047802404424025,True,True,1.0009953987854265,3,721.8303680419922,288.7321472167969,33.68541717529297,7.218289461904207,355.0,rolled,1.0,True,scale,0.9624404907226562,40,18,58,0.0707089900970459,0.001994609832763672,0.07270359992980957
gated_cost_merged_seed45,scale,18.57142857142857,54.285714285714285,8018.356569936577,460,rolled,12530.64525106226,0.5627448270439505,True,True,1.0009972347693028,1,744.5240020751953,294.05226792920206,34.74445343017578,15.579051277837586,550.0,rolled,0.0,True,scale,0.9926986694335938,40,18,58,0.061339378356933594,0.0019948482513427734,0.06333422660827637
gated_cost_merged_seed45,scale,19.428571428571427,20.0,4106.725084470224,355,rolled,5170.67294016934,0.2590745262502439,True,True,1.0009611187292167,3,715.8505065147756,275.5386815663031,23.507856374740864,9.028478304921506,355.0,rolled,1.0,True,scale,0.9964752197265625,40,18,58,0.06374382972717285,0.0019974708557128906,0.06574130058288574
gated_cost_merged_seed45,scale,19.428571428571427,37.14285714285714,6707.685574377439,355,rolled,7358.3225570848135,0.09699873011232531,True,True,1.0009878580992486,3,743.682861328125,297.47314453125,34.7052001953125,9.46394281520302,355.0,rolled,1.0,True,scale,0.9915771484375,22,18,40,0.04119062423706055,0.002037525177001953,0.0432281494140625
gated_cost_merged_seed45,scale,19.428571428571427,54.285714285714285,16356.728333954406,550,rolled,19784.108183114335,0.20953944940475294,True,False,1.0009997546045686,1,750.0,300.0,35.0,19.30466318371021,690.0,rolled,0.0,True,scale,1.3703029466711958,40,22,62,0.0568392276763916,0.002337217330932617,0.05917644500732422
gated_cost_merged_seed45,scale,20.285714285714285,20.0,4751.567875374571,355,rolled,5569.843901701846,0.172211793620389,True,True,1.0009959923586083,3,656.2924812819053,292.5224304199219,25.534446904730217,7.693328493165154,355.0,rolled,1.0,True,scale,0.9750747680664062,36,18,54,0.0627896785736084,0.001993417739868164,0.06478309631347656
gated_cost_merged_seed45,scale,20.285714285714285,37.14285714285714,7669.906780167899,355,rolled,8528.004694354964,0.1118785323970105,True,False,1.000999997026188,1,750.0,300.0,35.0,13.23813801674036,355.0,rolled,1.0,True,scale,1.289891184931216,8,21,29,0.012959957122802734,0.0022068023681640625,0.015166759490966797
gated_cost_merged_seed45,scale,21.142857142857142,20.0,5513.290592155899,355,rolled,6179.2441204870165,0.12079057274409069,True,True,1.0009796664636432,3,617.1092100524833,296.76323021919336,28.857356374999476,6.667869964648558,355.0,rolled,1.0,True,scale,0.9902496337890625,27,18,45,0.041756629943847656,0.00191497802734375,0.043671607971191406
gated_cost_merged_seed45,scale,21.142857142857142,37.14285714285714,9160.10981105924,460,rolled,8201.64413020955,,False,False,1.2192039781977866,3,750.0,300.0,35.0,9.829461275286901,355.0,rolled,0.0,False,original,,40,9,49,0.0507047176361084,0.0010008811950683594,0.05170559883117676
gated_cost_merged_seed45,scale,22.0,20.0,6287.717386669555,355,rolled,6803.081529823739,0.08196363027492239,True,True,1.0009718083000851,3,614.9994503470411,299.1691589355469,31.3204320353102,6.025800030442222,355.0,rolled,1.0,True,scale,0.9972305297851562,9,18,27,0.014911651611328125,0.0020072460174560547,0.01691889762878418
gated_cost_merged_seed45,scale,22.0,37.14285714285714,18414.0359884616,550,rolled,8615.018939630323,,False,False,1.2876442334263694,2,750.0,300.0,35.0,10.215275917521389,355.0,rolled,0.0,False,original,,40,9,49,0.04893612861633301,0.0009775161743164062,0.049913644790649414
gated_cost_merged_seed45,scale+thin,16.0,20.0,2421.4508823550423,355,rolled,2612.6407351673092,0.07895673383484884,True,True,1.0009968308912227,3,636.7374374793615,300.0,13.16972752994227,6.146058137313182,355.0,rolled,1.0,True,thin_c3,1.0243430228855304,40,53,93,0.0616459846496582,0.0058896541595458984,0.0675356388092041
gated_cost_merged_seed45,scale+thin,16.0,37.14285714285714,3516.030947725065,355,rolled,4191.5850024765705,0.19213541200159268,True,True,0.9964235044090897,2,750.0,300.0,18.692698557486313,10.497195563014895,355.0,rolled,1.0,True,thin_c3,1.4598326309867526,40,77,117,0.0591585636138916,0.008444547653198242,0.06760311126708984
gated_cost_merged_seed45,scale+thin,16.0,54.285714285714285,4818.031502286582,355,rolled,4812.691977785296,-0.0011082377727815171,True,True,1.0009990544151226,1,750.0,300.0,26.560164792407505,13.751951977986094,355.0,rolled,1.0,True,thin_c3,2.0703756581182065,40,85,125,0.059314727783203125,0.00942850112915039,0.06874322891235352
gated_cost_merged_seed45,scale+thin,16.0,71.42857142857143,6040.8149576734495,355,rolled,6294.800479506637,0.042044910101170736,True,True,1.0009977359068891,1,750.0,300.0,33.05008758846507,19.810592989335685,355.0,rolled,1.0,True,thin_c2,1.871778471573539,40,72,112,0.08019852638244629,0.008010149002075195,0.08820867538452148
gated_cost_merged_seed45,scale+thin,16.0,88.57142857142857,7740.122846398965,460,rolled,14423.625104650004,0.8634878787951653,True,True,1.0009700579321312,1,744.1806793212891,297.6722717285156,33.011818410272035,16.13740476941878,690.0,rolled,0.0,True,scale,0.9922409057617188,7,82,89,0.011060237884521484,0.008999109268188477,0.02005934715270996
gated_cost_merged_seed45,scale+thin,16.857142857142858,20.0,2765.6018704601493,355,rolled,3022.4706883403455,0.09287989736478507,True,True,1.0009972213328855,3,696.1577691201318,300.0,13.942753438313257,6.6293799365249395,355.0,rolled,1.0,True,thin_c3,1.0848776245117187,40,54,94,0.060623884201049805,0.005957126617431641,0.06658101081848145
gated_cost_merged_seed45,scale+thin,16.857142857142858,37.14285714285714,4191.730814567369,355,rolled,4221.123157144126,0.007011982371246488,True,True,1.0009986461819507,2,750.0,300.0,21.503556223345498,11.79996445366841,355.0,rolled,1.0,True,thin_c3,1.715351867675781,40,80,120,0.05852341651916504,0.010080814361572266,0.0686042308807373
gated_cost_merged_seed45,scale+thin,16.857142857142858,54.285714285714285,5746.32444658975,355,rolled,5788.668686481119,0.00736892604741441,True,True,1.000998577964184,1,750.0,300.0,30.043754171199634,16.10018943185212,355.0,rolled,1.0,True,thin_c2,1.6951547373896059,32,71,103,0.05173778533935547,0.008843183517456055,0.06058096885681152
gated_cost_merged_seed45,scale+thin,16.857142857142858,71.42857142857143,7246.974901538043,460,rolled,7282.331371105168,0.0048787901224303975,True,True,1.0009614213481532,1,746.5410232543945,298.6164093017578,34.83858108520508,17.580211589229,460.0,rolled,1.0,True,scale,0.9953880310058594,17,71,88,0.028577804565429688,0.008670330047607422,0.03724813461303711
gated_cost_merged_seed45,scale+thin,16.857142857142858,88.57142857142857,19199.44257726372,690,rolled,19199.356631808023,-4.476455779895524e-06,True,False,1.0009999543451313,1,750.0,300.0,35.0,24.54197195734059,690.0,rolled,1.0,True,thin_c1,1.4839171699855633,9,72,81,0.013679742813110352,0.012190103530883789,0.02586984634399414
gated_cost_merged_seed45,scale+thin,17.714285714285715,20.0,3088.9917829239694,355,rolled,3754.1886127788694,0.21534431834106071,True,True,1.0009985831625652,1,750.0,265.1651603156899,17.10826156759163,12.444114468115375,355.0,rolled,1.0,True,thin_c1,1.0172991147248642,40,75,115,0.06623363494873047,0.009372234344482422,0.07560586929321289
gated_cost_merged_seed45,scale+thin,17.714285714285715,37.14285714285714,4941.944563380349,355,rolled,5082.207636771627,0.028382162444844733,True,True,0.9956861257438095,1,750.0,300.0,24.49597724654975,13.756123166970092,355.0,rolled,1.0,True,thin_c3,1.913047856869905,40,84,124,0.06263351440429688,0.00974726676940918,0.07238078117370605
gated_cost_merged_seed45,scale+thin,17.714285714285715,54.285714285714285,6713.5931419363405,355,rolled,6992.994212911782,0.04161721824192284,True,True,1.0009980360224684,1,750.0,300.0,33.167336755882936,19.880873454639516,355.0,rolled,1.0,True,thin_c2,1.8784188312032948,11,72,83,0.016261577606201172,0.008127689361572266,0.024389266967773438
gated_cost_merged_seed45,scale+thin,17.714285714285715,71.42857142857143,14833.40139842013,550,rolled,17334.17145726399,0.1685904663181441,True,False,1.0009998400958051,1,750.0,300.0,35.0,17.552407941903677,690.0,rolled,0.0,True,scale,1.0237712561565897,11,84,95,0.014774799346923828,0.009300947189331055,0.024075746536254883
gated_cost_merged_seed45,scale+thin,18.57142857142857,20.0,3503.887898866028,355,rolled,4199.807057360492,0.19861341988700204,True,True,1.0009978324081603,3,750.0,300.0,17.098843088737812,8.214106730781342,355.0,rolled,1.0,True,thin_c3,1.3307314665421197,40,74,114,0.11486506462097168,0.008123397827148438,0.12298846244812012
gated_cost_merged_seed45,scale+thin,18.57142857142857,37.14285714285714,5769.316751136709,355,rolled,5941.262625522207,0.029803507382675704,True,True,1.0009995881792704,1,750.0,300.0,27.404998710591137,15.389732519601191,355.0,rolled,1.0,True,thin_c3,2.1402319866678,40,85,125,0.0707089900970459,0.009990692138671875,0.08069968223571777
gated_cost_merged_seed45,scale+thin,18.57142857142857,54.285714285714285,8018.356569936577,460,rolled,12530.64525106226,0.5627448270439505,True,True,1.0009972347693028,1,744.5240020751953,294.05226792920206,34.74445343017578,15.579051277837586,550.0,rolled,0.0,True,scale,0.9926986694335938,40,85,125,0.061339378356933594,0.009395837783813477,0.07073521614074707
gated_cost_merged_seed45,scale+thin,19.428571428571427,20.0,4106.725084470224,355,rolled,5043.431149875021,0.22809076481573987,True,True,1.0009994155449524,2,750.0,300.0,18.2075262530584,10.652271284580102,355.0,rolled,1.0,True,thin_c3,1.5442664436672044,40,77,117,0.06374382972717285,0.008651018142700195,0.07239484786987305
gated_cost_merged_seed45,scale+thin,19.428571428571427,37.14285714285714,6707.685574377439,355,rolled,6812.797684792339,0.015670399163672244,True,True,1.0009996362703235,1,750.0,300.0,30.640357065077193,16.503048835696386,355.0,rolled,1.0,True,thin_c2,1.7290939331054684,22,71,93,0.04119062423706055,0.00816202163696289,0.04935264587402344
gated_cost_merged_seed45,scale+thin,19.428571428571427,54.285714285714285,16356.728333954406,550,rolled,19784.108183114335,0.20953944940475294,True,False,1.0009997546045686,1,750.0,300.0,35.0,19.30466318371021,690.0,rolled,0.0,True,scale,1.3703029466711958,40,88,128,0.0568392276763916,0.009829044342041016,0.06666827201843262
gated_cost_merged_seed45,scale+thin,20.285714285714285,20.0,4751.567875374571,355,rolled,5514.259315778872,0.16051363684753805,True,True,1.0009967410346503,3,749.1818165224338,300.0,22.01094208479415,8.782215216537756,355.0,rolled,1.0,True,thin_c1,1.113083429751189,36,79,115,0.0627896785736084,0.0072481632232666016,0.070037841796875
gated_cost_merged_seed45,scale+thin,20.285714285714285,37.14285714285714,7669.906780167899,355,rolled,7752.3226067217765,0.010745349182988775,True,False,1.0009976222060095,1,750.0,300.0,33.880062429969186,17.72758529430892,355.0,rolled,1.0,True,thin_c1,1.7273317419964331,8,75,83,0.012959957122802734,0.008209466934204102,0.021169424057006836
gated_cost_merged_seed45,scale+thin,21.142857142857142,20.0,5513.290592155899,355,rolled,6115.916874313068,0.1093042842716404,True,True,1.0009997287500685,3,750.0,300.0,24.63699323645875,8.365069850934647,355.0,rolled,1.0,True,thin_c1,1.2423018745754077,27,82,109,0.041756629943847656,0.009859085083007812,0.05161571502685547
gated_cost_merged_seed45,scale+thin,21.142857142857142,37.14285714285714,9160.10981105924,460,rolled,8201.64413020955,,False,False,1.2192039781977866,3,750.0,300.0,35.0,9.829461275286901,355.0,rolled,0.0,False,original,,40,33,73,0.0507047176361084,0.003945350646972656,0.054650068283081055
gated_cost_merged_seed45,scale+thin,22.0,20.0,6287.717386669555,355,rolled,6803.081529823739,0.08196363027492239,True,True,1.0009718083000851,3,614.9994503470411,299.1691589355469,31.3204320353102,6.025800030442222,355.0,rolled,1.0,True,scale,0.9972305297851562,9,85,94,0.014911651611328125,0.009187936782836914,0.02409958839416504
gated_cost_merged_seed45,scale+thin,22.0,37.14285714285714,18414.0359884616,550,rolled,8615.018939630323,,False,False,1.2876442334263694,2,750.0,300.0,35.0,10.215275917521389,355.0,rolled,0.0,False,original,,40,33,73,0.04893612861633301,0.003950595855712891,0.0528867244720459
gated_cost_merged_seed46,none,16.0,20.0,2421.4508823550423,355,rolled,3129.9610378531656,0.29259736823942684,True,True,0.7578780697038588,1,588.482439669808,273.86247683878247,19.985949040298003,10.300588739394973,355.0,rolled,1.0,False,original,,40,1,41,0.06403756141662598,0.00017952919006347656,0.06421709060668945
gated_cost_merged_seed46,none,16.0,37.14285714285714,3516.030947725065,355,rolled,5184.436332977763,0.4745138510035547,True,True,0.7836574142219151,2,650.4837933932363,272.00617833210504,32.266311077141054,9.508128666326108,355.0,rolled,1.0,False,original,,40,1,41,0.06822705268859863,0.0001552104949951172,0.06838226318359375
gated_cost_merged_seed46,none,16.0,54.285714285714285,4818.031502286582,355,rolled,6374.5444864508545,0.3230599433452376,True,True,0.7797861850641495,2,750.0,300.0,35.0,10.93074866248109,355.0,rolled,1.0,False,original,,40,1,41,0.06383895874023438,0.00017595291137695312,0.06401491165161133
gated_cost_merged_seed46,none,16.0,71.42857142857143,6040.8149576734495,355,rolled,7324.918540188785,0.21257124932856636,True,True,0.8293675477097823,1,750.0,300.0,35.0,20.087914217448755,460.0,rolled,0.0,False,original,,40,1,41,0.09964585304260254,0.00017762184143066406,0.0998234748840332
gated_cost_merged_seed46,none,16.0,88.57142857142857,7740.122846398965,460,rolled,16885.73087623257,1.1815843509626636,True,True,0.9206947604708362,1,750.0,300.0,33.269963189967136,22.374201115924745,690.0,rolled,0.0,False,original,,40,1,41,0.0639188289642334,0.00015997886657714844,0.06407880783081055
gated_cost_merged_seed46,none,16.857142857142858,20.0,2765.6018704601493,355,rolled,4129.846661054576,0.4932903774639982,True,True,0.7712960591995635,2,572.3254247965685,260.35051881640567,25.552363545988275,8.017543277719339,355.0,rolled,1.0,False,original,,40,1,41,0.0616304874420166,0.00015282630920410156,0.0617833137512207
gated_cost_merged_seed46,none,16.857142857142858,37.14285714285714,4191.730814567369,355,rolled,5352.907444825908,0.27701603028112987,True,True,0.7591310876100602,1,713.2375634354681,300.0,28.869611953499785,14.67440873238402,355.0,rolled,1.0,False,original,,40,1,41,0.06476259231567383,0.00016450881958007812,0.0649271011352539
gated_cost_merged_seed46,none,16.857142857142858,54.285714285714285,5746.32444658975,355,rolled,6544.98076971203,0.13898559514791345,True,True,0.8457549192486422,1,750.0,300.0,35.0,17.55947263484759,355.0,rolled,1.0,False,original,,40,1,41,0.06136059761047363,0.00015401840209960938,0.06151461601257324
gated_cost_merged_seed46,none,16.857142857142858,71.42857142857143,7246.974901538043,460,rolled,8414.634707095911,0.16112375459035364,True,True,0.9206115045687133,1,750.0,300.0,35.0,24.6934048693796,460.0,rolled,1.0,False,original,,40,1,41,0.06595492362976074,0.00018358230590820312,0.06613850593566895
gated_cost_merged_seed46,none,16.857142857142858,88.57142857142857,19199.44257726372,690,rolled,19379.394863775007,0.009372787037285701,True,True,0.9962923053066628,1,750.0,300.0,35.0,25.0,690.0,rolled,1.0,False,original,,9,1,10,0.013942241668701172,0.0001876354217529297,0.014129877090454102
gated_cost_merged_seed46,none,17.714285714285715,20.0,3088.9917829239694,355,rolled,4491.438916736632,0.454014523950963,True,True,0.8527948206561725,3,619.4197707857943,264.0385967556022,25.65803289567693,8.000979035884363,355.0,rolled,1.0,False,original,,40,1,41,0.0637352466583252,0.00015401840209960938,0.0638892650604248
gated_cost_merged_seed46,none,17.714285714285715,37.14285714285714,4941.944563380349,355,rolled,5996.159761500757,0.21331991579430268,True,True,0.9368874884166233,2,708.3562751174709,274.4756881206964,32.501376507048256,9.816144100749181,355.0,rolled,1.0,False,original,,40,1,41,0.05905795097351074,0.0001518726348876953,0.05920982360839844
gated_cost_merged_seed46,none,17.714285714285715,54.285714285714285,6713.5931419363405,355,rolled,7072.621609888086,0.053477841203852586,True,True,0.9558898066044959,1,750.0,300.0,35.0,18.931814074821396,355.0,rolled,1.0,False,original,,11,1,12,0.016918182373046875,0.00015282630920410156,0.017071008682250977
gated_cost_merged_seed46,none,17.714285714285715,71.42857142857143,14833.40139842013,550,rolled,19959.77447363933,0.3455965990217993,True,True,0.9457320453345109,1,750.0,300.0,35.0,24.018386907077158,690.0,rolled,0.0,False,original,,6,1,7,0.011738061904907227,0.00017189979553222656,0.011909961700439453
gated_cost_merged_seed46,none,18.57142857142857,20.0,3503.887898866028,355,rolled,4206.26392665483,0.20045619268131093,True,True,0.9233824370680552,1,689.9671776605181,272.25971993663586,22.09318403673813,11.126889927017077,355.0,rolled,1.0,False,original,,40,1,41,0.06824016571044922,0.00022149085998535156,0.06846165657043457
gated_cost_merged_seed46,none,18.57142857142857,37.14285714285714,5769.316751136709,355,rolled,6950.5535596656955,0.20474466206006997,True,True,0.9777322891488046,1,706.5529283934213,286.1054830357926,32.39317570360527,12.736401987103537,355.0,rolled,1.0,False,original,,40,1,41,0.06587028503417969,0.0001685619354248047,0.06603884696960449
gated_cost_merged_seed46,none,18.57142857142857,54.285714285714285,8018.356569936577,460,rolled,8584.086697388515,0.07055437389415228,True,True,0.9649034223949077,1,750.0,300.0,35.0,20.579198648731357,460.0,rolled,1.0,False,original,,17,1,18,0.02809929847717285,0.00016689300537109375,0.028266191482543945
gated_cost_merged_seed46,none,19.428571428571427,20.0,4106.725084470224,355,rolled,5284.23792992849,0.2867279453185428,True,True,0.9694526016551231,3,666.0033477978767,259.660683151778,28.029688004002473,7.958018470070629,355.0,rolled,1.0,False,original,,40,1,41,0.0647122859954834,0.0001881122589111328,0.06490039825439453
gated_cost_merged_seed46,none,19.428571428571427,37.14285714285714,6707.685574377439,355,rolled,7629.968107502008,0.1374963872259575,True,True,0.9066817009560398,2,750.0,300.0,35.0,10.333573323936328,355.0,rolled,1.0,False,original,,15,1,16,0.03199911117553711,0.00013208389282226562,0.032131195068359375
gated_cost_merged_seed46,none,19.428571428571427,54.285714285714285,16356.728333954406,550,rolled,18476.162772678905,0.12957569481207512,True,True,0.9782034574605454,1,750.0,300.0,35.0,24.145470992318273,620.0,rolled,0.0,False,original,,9,1,10,0.023337364196777344,0.00018024444580078125,0.023517608642578125
gated_cost_merged_seed46,none,20.285714285714285,20.0,4751.567875374571,355,rolled,5883.883501234037,0.23830357801006996,True,True,0.8658467005847802,1,590.1872942601451,292.22172990051894,28.150260256694096,15.27646627736765,355.0,rolled,1.0,False,original,,40,1,41,0.08540892601013184,0.0001919269561767578,0.0856008529663086
gated_cost_merged_seed46,none,20.285714285714285,37.14285714285714,7669.906780167899,355,rolled,7967.857486891542,0.038846718123622406,True,True,0.9654916975852191,1,750.0,300.0,34.82102325036811,18.271734100382,355.0,rolled,1.0,False,original,,7,1,8,0.015610218048095703,0.00018715858459472656,0.01579737663269043
gated_cost_merged_seed46,none,21.142857142857142,20.0,5513.290592155899,355,rolled,6578.83758926787,0.1932687891742893,True,True,0.9852612280432316,1,627.8933984942769,282.33479717858546,29.2828159221564,9.961320410977015,355.0,rolled,1.0,False,original,,40,1,41,0.06657123565673828,0.00016927719116210938,0.06674051284790039
gated_cost_merged_seed46,none,21.142857142857142,37.14285714285714,9160.10981105924,460,rolled,9270.309690009019,,False,False,1.1089184148164226,1,750.0,300.0,35.0,15.134167629203914,355.0,rolled,0.0,False,original,,40,1,41,0.051818132400512695,0.000148773193359375,0.05196690559387207
gated_cost_merged_seed46,none,22.0,20.0,6287.717386669555,355,rolled,7188.093959977604,0.1431960945345471,True,True,0.9986330079178428,2,635.6578810460376,281.1982700312938,31.66029588544793,9.630551378549738,355.0,rolled,1.0,False,original,,29,1,30,0.04557681083679199,0.00017762184143066406,0.045754432678222656
gated_cost_merged_seed46,none,22.0,37.14285714285714,18414.0359884616,550,rolled,12865.580483044976,,False,False,1.0844625076306165,1,750.0,300.0,35.0,18.858836052649536,500.0,rolled,0.0,False,original,,40,1,41,0.049407005310058594,0.00014400482177734375,0.04955101013183594
gated_cost_merged_seed46,scale,16.0,20.0,2421.4508823550423,355,rolled,2717.5529632341813,0.12228291849189095,True,True,1.0009691733030406,1,548.3439431896437,255.18319718379348,18.62277166892758,9.598018676145834,355.0,rolled,1.0,True,scale,0.931793212890625,40,18,58,0.06403756141662598,0.0019161701202392578,0.06595373153686523
gated_cost_merged_seed46,scale,16.0,37.14285714285714,3516.030947725065,355,rolled,4540.220985093247,0.2912915308754183,True,True,1.0009635637603653,2,608.7292966607992,254.54612598379902,30.195139444393202,8.897802734516608,355.0,rolled,1.0,True,scale,0.9358100891113281,40,18,58,0.06822705268859863,0.001916646957397461,0.0701436996459961
gated_cost_merged_seed46,scale,16.0,54.285714285714285,4818.031502286582,355,rolled,5561.303848823847,0.15426888474774753,True,True,1.000971509254423,2,700.5271911621094,280.21087646484375,32.69126892089844,10.20971554376915,355.0,rolled,1.0,True,scale,0.9340362548828125,40,18,58,0.06383895874023438,0.001947641372680664,0.06578660011291504
gated_cost_merged_seed46,scale,16.0,71.42857142857143,6040.8149576734495,355,rolled,6644.23892271224,0.09989115198310802,True,True,1.0009560434947025,1,714.3030166625977,285.72120666503906,33.33414077758789,19.131810298644176,460.0,rolled,0.0,True,scale,0.9524040222167969,40,18,58,0.09964585304260254,0.004065752029418945,0.10371160507202148
gated_cost_merged_seed46,scale,16.0,88.57142857142857,7740.122846398965,460,rolled,16166.943568603794,1.088719247669996,True,True,1.0009888926182375,1,734.868049621582,293.9472198486328,32.5987106138573,21.922780714534188,690.0,rolled,0.0,True,scale,0.9798240661621094,40,18,58,0.0639188289642334,0.001935720443725586,0.06585454940795898
gated_cost_merged_seed46,scale,16.857142857142858,20.0,2765.6018704601493,355,rolled,3603.241082840888,0.30287772847122413,True,True,1.0009941393753532,2,534.5923455852989,243.18576197778285,23.867711220681134,7.488951356985607,355.0,rolled,1.0,True,scale,0.9340705871582031,40,18,58,0.0616304874420166,0.0019006729125976562,0.06353116035461426
gated_cost_merged_seed46,scale,16.857142857142858,37.14285714285714,4191.730814567369,355,rolled,4630.150484547065,0.10459156118901358,True,True,1.000959175090666,1,663.3410802970287,279.01268005371094,26.849959344188747,13.647820362086815,355.0,rolled,1.0,True,scale,0.9300422668457031,40,18,58,0.06476259231567383,0.001926422119140625,0.06668901443481445
gated_cost_merged_seed46,scale,16.857142857142858,54.285714285714285,5746.32444658975,355,rolled,5977.93894020554,0.04030654651831331,True,True,1.0009909001079946,1,716.7749404907227,286.70997619628906,33.44949722290039,16.78158660385514,355.0,rolled,1.0,True,scale,0.9556999206542969,40,18,58,0.06136059761047363,0.0018873214721679688,0.0632479190826416
gated_cost_merged_seed46,scale,16.857142857142858,71.42857142857143,7246.974901538043,460,rolled,8058.334469297696,0.11195837970784973,True,True,1.0009887259188677,1,733.9496612548828,293.5798645019531,34.25098419189453,24.164954852147773,460.0,rolled,1.0,True,scale,0.9785995483398438,40,18,58,0.06595492362976074,0.002014636993408203,0.06796956062316895
gated_cost_merged_seed46,scale,16.857142857142858,88.57142857142857,19199.44257726372,690,rolled,19331.392427044037,0.00687258753733689,True,True,1.0009982728795934,1,749.1331100463867,299.6532440185547,34.95954513549805,24.97110366821289,690.0,rolled,1.0,True,scale,0.9988441467285156,9,18,27,0.013942241668701172,0.002070188522338867,0.01601243019104004
gated_cost_merged_seed46,scale,17.714285714285715,20.0,3088.9917829239694,355,rolled,4129.373504140165,0.33680300704179733,True,True,1.0009599168254173,3,593.9288173890461,253.17262850227795,24.602129045584753,7.67171511285305,355.0,rolled,1.0,True,scale,0.9588470458984375,40,18,58,0.0637352466583252,0.0019321441650390625,0.06566739082336426
gated_cost_merged_seed46,scale,17.714285714285715,37.14285714285714,4941.944563380349,355,rolled,5790.716104845334,0.17174849506697315,True,True,1.0009684582151879,2,696.1154688190924,269.73258941469226,31.939733915278357,9.646515450936887,355.0,rolled,1.0,True,scale,0.9827194213867188,40,18,58,0.05905795097351074,0.0018966197967529297,0.06095457077026367
gated_cost_merged_seed46,scale,17.714285714285715,54.285714285714285,6713.5931419363405,355,rolled,6900.63098373533,0.027859573531595325,True,True,1.0009846366718824,1,740.8246994018555,296.3298797607422,34.57181930541992,18.70020729481517,355.0,rolled,1.0,True,scale,0.9877662658691406,11,18,29,0.016918182373046875,0.001897573471069336,0.01881575584411621
gated_cost_merged_seed46,scale,17.714285714285715,71.42857142857143,14833.40139842013,550,rolled,19375.41957067399,0.30620206723035337,True,True,1.0009763332220591,1,739.6659851074219,295.86639404296875,34.51774597167969,23.687445083085905,690.0,rolled,0.0,True,scale,0.9862213134765625,6,18,24,0.011738061904907227,0.002396106719970703,0.01413416862487793
gated_cost_merged_seed46,scale,18.57142857142857,20.0,3503.887898866028,355,rolled,4043.246665842436,0.15393151337717223,True,True,1.0009941753789453,1,676.4649360627762,266.9317613975316,21.66083374793325,10.90914340096423,355.0,rolled,1.0,True,scale,0.9804306030273438,40,18,58,0.06824016571044922,0.0019161701202392578,0.07015633583068848
gated_cost_merged_seed46,scale,18.57142857142857,37.14285714285714,5769.316751136709,355,rolled,6865.229015310465,0.18995529478561424,True,True,1.000997208935767,1,702.2027375577471,284.343954068432,32.19373346733201,12.657984961319292,355.0,rolled,1.0,True,scale,0.9938430786132812,40,18,58,0.06587028503417969,0.002207517623901367,0.06807780265808105
gated_cost_merged_seed46,scale,18.57142857142857,54.285714285714285,8018.356569936577,460,rolled,8425.290942729049,0.05075034631388191,True,True,1.000974459827621,1,743.0305480957031,297.21221923828125,34.67475891113281,20.387964335116283,460.0,rolled,1.0,True,scale,0.9907073974609375,17,18,35,0.02809929847717285,0.0021915435791015625,0.030290842056274414
gated_cost_merged_seed46,scale,19.428571428571427,20.0,4106.725084470224,355,rolled,5197.395187861228,0.26558147452222325,True,True,1.0009746383971374,3,660.5080275109855,257.51817347138365,27.798409717439906,7.892355346173981,355.0,rolled,1.0,True,scale,0.9917488098144531,40,18,58,0.0647122859954834,0.0024547576904296875,0.06716704368591309
gated_cost_merged_seed46,scale,19.428571428571427,37.14285714285714,6707.685574377439,355,rolled,7241.415150528888,0.07956985613491384,True,True,1.0009615860742826,2,730.6537628173828,292.2615051269531,34.09717559814453,10.067018976644544,355.0,rolled,1.0,True,scale,0.9742050170898438,15,18,33,0.03199911117553711,0.0012197494506835938,0.0332188606262207
gated_cost_merged_seed46,scale,19.428571428571427,54.285714285714285,16356.728333954406,550,rolled,18254.55035296357,0.11602699392332251,True,True,1.00096140987014,1,745.7685470581055,298.3074188232422,34.80253219604492,24.00924375996644,620.0,rolled,0.0,True,scale,0.9943580627441406,9,18,27,0.023337364196777344,0.0020160675048828125,0.025353431701660156
gated_cost_merged_seed46,scale,20.285714285714285,20.0,4751.567875374571,355,rolled,5453.69255880575,0.1477669480572937,True,True,1.000973639783512,1,568.2025113604781,281.3363188574336,27.10164845781021,14.707409983122902,355.0,rolled,1.0,True,scale,0.9627494812011719,40,18,58,0.08540892601013184,0.0020477771759033203,0.08745670318603516
gated_cost_merged_seed46,scale,20.285714285714285,37.14285714285714,7669.906780167899,355,rolled,7819.196591042157,0.019464357931999455,True,True,1.00098421846963,1,742.9704666137695,297.1881866455078,34.494655856393216,18.100478413871386,355.0,rolled,1.0,True,scale,0.9906272888183594,7,18,25,0.015610218048095703,0.0020685195922851562,0.01767873764038086
gated_cost_merged_seed46,scale,21.142857142857142,20.0,5513.290592155899,355,rolled,6525.191182479012,0.18353841021237072,True,True,1.000962198072163,1,625.3281144145826,281.1813068535036,29.16317978380256,9.920623030300149,355.0,rolled,1.0,True,scale,0.9959144592285156,40,18,58,0.06657123565673828,0.0019359588623046875,0.06850719451904297
gated_cost_merged_seed46,scale,21.142857142857142,37.14285714285714,9160.10981105924,460,rolled,9270.309690009019,,False,False,1.1089184148164226,1,750.0,300.0,35.0,15.134167629203914,355.0,rolled,0.0,False,original,,40,9,49,0.051818132400512695,0.0009353160858154297,0.052753448486328125
gated_cost_merged_seed46,scale,22.0,20.0,6287.717386669555,355,rolled,7179.376916428715,0.14180973395043917,True,True,1.0009578860937862,2,635.2723311075064,281.0277129140797,31.641092748829177,9.624710094106113,355.0,rolled,1.0,True,scale,0.9993934631347656,29,18,47,0.04557681083679199,0.002131938934326172,0.047708749771118164
gated_cost_merged_seed46,scale,22.0,37.14285714285714,18414.0359884616,550,rolled,12865.580483044976,,False,False,1.0844625076306165,1,750.0,300.0,35.0,18.858836052649536,500.0,rolled,0.0,False,original,,40,9,49,0.049407005310058594,0.0009436607360839844,0.05035066604614258
gated_cost_merged_seed46,scale+thin,16.0,20.0,2421.4508823550423,355,rolled,2620.062943787912,0.08202192449169343,True,True,1.0009856804371673,1,566.13014607624,263.4603746282274,17.22176271064314,9.06270445127272,355.0,rolled,1.0,True,thin_c1,0.9620170593261719,40,71,111,0.06403756141662598,0.00775909423828125,0.07179665565490723
gated_cost_merged_seed46,scale+thin,16.0,37.14285714285714,3516.030947725065,355,rolled,4193.071876076619,0.1925582961064698,True,True,1.0009991882219809,2,750.0,300.0,18.572682664927807,10.603980167887261,355.0,rolled,1.0,True,thin_c2,1.158165747601053,40,79,119,0.06822705268859863,0.008802652359008789,0.07702970504760742
gated_cost_merged_seed46,scale+thin,16.0,54.285714285714285,4818.031502286582,355,rolled,4904.279745900832,0.017901137336548665,True,True,1.0009986116836176,1,750.0,300.0,26.27915525817566,14.6789482736492,355.0,rolled,1.0,True,thin_c1,1.3429041986880095,40,85,125,0.06383895874023438,0.009187459945678711,0.07302641868591309
gated_cost_merged_seed46,scale+thin,16.0,71.42857142857143,6040.8149576734495,355,rolled,6267.536201069027,0.03753156568843097,True,True,1.0009975755519218,1,750.0,300.0,30.042750064630315,16.858391219047732,460.0,rolled,0.0,True,thin_c3,2.070358143682065,40,85,125,0.09964585304260254,0.01679706573486328,0.11644291877746582
gated_cost_merged_seed46,scale+thin,16.0,88.57142857142857,7740.122846398965,460,rolled,14872.8233525038,0.9215229070199152,True,True,1.0009982245794447,1,750.0,300.0,31.98878825960324,17.925309284956796,690.0,rolled,0.0,True,thin_c3,1.8147492781929346,40,82,122,0.0639188289642334,0.009313583374023438,0.07323241233825684
gated_cost_merged_seed46,scale+thin,16.857142857142858,20.0,2765.6018704601493,355,rolled,3112.756742443085,0.12552597526453618,True,True,1.0009961368537288,3,703.0371419895106,300.0,13.663183595743158,7.370322318699049,355.0,rolled,1.0,True,thin_c3,1.2283870531165082,40,74,114,0.0616304874420166,0.007992267608642578,0.06962275505065918
gated_cost_merged_seed46,scale+thin,16.857142857142858,37.14285714285714,4191.730814567369,355,rolled,4259.107259741975,0.016073657435361925,True,True,1.0009990379213247,1,750.0,300.0,21.41065038395357,12.146018892125333,355.0,rolled,1.0,True,thin_c2,1.2102910580842394,40,80,120,0.06476259231567383,0.008852481842041016,0.07361507415771484
gated_cost_merged_seed46,scale+thin,16.857142857142858,54.285714285714285,5746.32444658975,355,rolled,5952.7856546462,0.035929263997437184,True,True,1.00099962771657,1,750.0,300.0,29.542160761269773,17.707902325514436,355.0,rolled,1.0,True,thin_c2,1.6731084408967387,40,71,111,0.06136059761047363,0.007725954055786133,0.06908655166625977
gated_cost_merged_seed46,scale+thin,16.857142857142858,71.42857142857143,7246.974901538043,460,rolled,7572.841468333458,0.04496587489577965,True,True,1.0009974972167794,1,750.0,300.0,33.712615318193166,20.193119003157417,460.0,rolled,1.0,True,thin_c2,1.6881626958432403,40,71,111,0.06595492362976074,0.007886171340942383,0.07384109497070312
gated_cost_merged_seed46,scale+thin,16.857142857142858,88.57142857142857,19199.44257726372,690,rolled,19199.35663180502,-4.476455936219464e-06,True,True,1.0009999543452097,1,750.0,300.0,35.0,24.541971957332954,690.0,rolled,1.0,True,thin_c1,1.4839171699855633,9,71,80,0.013942241668701172,0.007925748825073242,0.021867990493774414
gated_cost_merged_seed46,scale+thin,17.714285714285715,20.0,3088.9917829239694,355,rolled,3615.5613913480965,0.17046649697646277,True,True,1.0009988861668193,3,750.0,300.0,14.817555335112676,7.878782123068104,355.0,rolled,1.0,True,thin_c3,1.3131303538446841,40,76,116,0.0637352466583252,0.008361339569091797,0.07209658622741699
gated_cost_merged_seed46,scale+thin,17.714285714285715,37.14285714285714,4941.944563380349,355,rolled,5026.656698544261,0.017141457998462135,True,True,1.0009982658800707,1,750.0,300.0,24.463483095128826,13.403159492632456,355.0,rolled,1.0,True,thin_c1,1.3654200014860733,40,85,125,0.05905795097351074,0.009284257888793945,0.06834220886230469
gated_cost_merged_seed46,scale+thin,17.714285714285715,54.285714285714285,6713.5931419363405,355,rolled,6900.63098373533,0.027859573531595325,True,True,1.0009846366718824,1,740.8246994018555,296.3298797607422,34.57181930541992,18.70020729481517,355.0,rolled,1.0,True,scale,0.9877662658691406,11,72,83,0.016918182373046875,0.008562326431274414,0.02548050880432129
gated_cost_merged_seed46,scale+thin,17.714285714285715,71.42857142857143,14833.40139842013,550,rolled,17930.313945524438,0.20877966313472462,True,True,1.0009975680858487,1,750.0,300.0,34.58980838174704,19.382822766458204,690.0,rolled,0.0,True,thin_c3,1.9623072085173239,6,83,89,0.011738061904907227,0.010295867919921875,0.0220339298248291
gated_cost_merged_seed46,scale+thin,18.57142857142857,20.0,3503.887898866028,355,rolled,3995.3115850202576,0.1402509727303976,True,True,1.0009979646120595,1,716.8302369195993,282.8598314018181,18.365968348599562,11.560102278497657,355.0,rolled,1.0,True,thin_c1,1.0389338219684103,40,76,116,0.06824016571044922,0.008361101150512695,0.07660126686096191
gated_cost_merged_seed46,scale+thin,18.57142857142857,37.14285714285714,5769.316751136709,355,rolled,6023.193794088546,0.04400469828629476,True,True,1.00099894752257,1,750.0,300.0,27.206376789624297,16.090363838663958,355.0,rolled,1.0,True,thin_c2,1.6148912181024968,40,70,110,0.06587028503417969,0.008790731430053711,0.0746610164642334
gated_cost_merged_seed46,scale+thin,18.57142857142857,54.285714285714285,8018.356569936577,460,rolled,8398.434258947671,0.04740094627820973,True,True,1.0009996761417344,1,750.0,300.0,33.946189671261685,20.333024930512753,460.0,rolled,1.0,True,thin_c2,1.6998589557150132,17,71,88,0.02809929847717285,0.00925898551940918,0.03735828399658203
gated_cost_merged_seed46,scale+thin,19.428571428571427,20.0,4106.725084470224,355,rolled,4952.57802320418,0.2059677532183951,True,True,1.0009938908255434,3,750.0,298.45121174277847,19.58481330008656,9.14686130620591,355.0,rolled,1.0,True,thin_c1,1.149389303456182,40,79,119,0.0647122859954834,0.00974416732788086,0.07445645332336426
gated_cost_merged_seed46,scale+thin,19.428571428571427,37.14285714285714,6707.685574377439,355,rolled,6774.81328305302,0.010007581293315478,True,True,1.0009990974278367,1,750.0,300.0,30.725904629653964,16.191704538456005,355.0,rolled,1.0,True,thin_c1,1.5669027577275816,15,71,86,0.03199911117553711,0.007742166519165039,0.03974127769470215
gated_cost_merged_seed46,scale+thin,19.428571428571427,54.285714285714285,16356.728333954406,550,rolled,17637.058735623552,0.0782754579967773,True,True,1.0009999062294597,1,750.0,300.0,35.0,21.911728408334543,620.0,rolled,0.0,True,thin_c1,1.3919587508491849,9,69,78,0.023337364196777344,0.007799386978149414,0.031136751174926758
gated_cost_merged_seed46,scale+thin,20.285714285714285,20.0,4751.567875374571,355,rolled,5453.69255880575,0.1477669480572937,True,True,1.000973639783512,1,568.2025113604781,281.3363188574336,27.10164845781021,14.707409983122902,355.0,rolled,1.0,True,scale,0.9627494812011719,40,80,120,0.08540892601013184,0.00977182388305664,0.09518074989318848
gated_cost_merged_seed46,scale+thin,20.285714285714285,37.14285714285714,7669.906780167899,355,rolled,7819.196591042157,0.019464357931999455,True,True,1.00098421846963,1,742.9704666137695,297.1881866455078,34.494655856393216,18.100478413871386,355.0,rolled,1.0,True,scale,0.9906272888183594,7,72,79,0.015610218048095703,0.008666038513183594,0.024276256561279297
gated_cost_merged_seed46,scale+thin,21.142857142857142,20.0,5513.290592155899,355,rolled,5565.43425358359,0.00945781118482668,True,True,1.0009978982109045,1,750.0,300.0,22.995770226402108,12.12371008762789,355.0,rolled,1.0,True,thin_c2,1.3779621290123982,40,83,123,0.06657123565673828,0.00901484489440918,0.07558608055114746
gated_cost_merged_seed46,scale+thin,21.142857142857142,37.14285714285714,9160.10981105924,460,rolled,9270.309690009019,,False,False,1.1089184148164226,1,750.0,300.0,35.0,15.134167629203914,355.0,rolled,0.0,False,original,,40,33,73,0.051818132400512695,0.0038878917694091797,0.055706024169921875
gated_cost_merged_seed46,scale+thin,22.0,20.0,6287.717386669555,355,rolled,6285.943951944359,-0.0002820474611273174,True,True,1.000998166488727,1,750.0,300.0,25.44675310010936,12.835063792806896,355.0,rolled,1.0,True,thin_c3,2.1150024414062507,29,85,114,0.04557681083679199,0.009461402893066406,0.0550382137298584
gated_cost_merged_seed46,scale+thin,22.0,37.14285714285714,18414.0359884616,550,rolled,12865.580483044976,,False,False,1.0844625076306165,1,750.0,300.0,35.0,18.858836052649536,500.0,rolled,0.0,False,original,,40,33,73,0.049407005310058594,0.0038924217224121094,0.0532994270324707
