mode,span_m,load_kNm,util,grade,stype,h,b,tf,tw,c_agent,c_rescaled,util_rescaled,scale,c_samegrade,c_opt,opt_grade,opt_type,infeasible,gap_total,gap_after_rescale,gap_shape_plus_grade,comp_slack,comp_shape,comp_grade
False,6.0,20.0,0.755990344590759,355.0,rolled,250.0,157.05299833441083,8.990563365278469,6.0,298.16555212911305,241.3234394874473,1.0009999999999202,0.7992316327285152,241.32394330328117,241.32394330328117,355,rolled,False,0.2355406929282471,-2.0877159015997293e-06,0.0,0.23554278064414869,-2.0877159015997293e-06,0.0
False,6.0,30.909090909090907,0.7398401388086501,355.0,rolled,275.3933863767951,170.63399125556268,10.601481998250971,6.0,363.7225905428577,312.67253794257,1.00099999999906,0.9145940050091667,293.1784667866335,293.1784667866335,355,rolled,False,0.24061836644900692,0.06649216557273174,0.0,0.17412620087627517,0.06649216557273174,0.0
False,6.0,41.81818181818181,0.7849989723501976,355.0,rolled,312.79197410751954,173.3257355719737,11.627668049219029,6.0,407.91445061509137,357.82119208823985,1.0009999999991346,0.9254246494801006,342.2463887683556,342.2463887683556,355,rolled,False,0.19187364425686382,0.04550757533463945,0.0,0.14636606892222437,0.04550757533463945,0.0
False,6.0,52.72727272727273,0.8883563798435934,355.0,rolled,363.2377971218223,165.94512194131377,12.220035451717283,6.545252072802675,443.6466957133546,413.9124780274663,1.0009999999980077,0.9659077127633284,381.4244664406149,381.4244664406149,355,rolled,False,0.1631311956817727,0.08517547888320798,0.0,0.07795571679856472,0.08517547888320798,0.0
False,6.0,63.63636363636363,0.8629392593423877,355.0,rolled,383.3422996458223,182.8918639573706,12.90559147060033,6.13184266970509,488.8904331118531,449.9880930458918,1.0009999999979595,0.955795880388905,420.0142340236296,420.0142340236296,355,rolled,False,0.16398539265778456,0.07136391244439544,0.0,0.09262148021338912,0.07136391244439544,0.0
False,6.0,74.54545454545453,0.8472681569253644,355.0,rolled,416.2801964407841,186.86017921659118,13.758311305730073,6.191787226559442,533.8632819120933,485.4403649403839,1.0009999999999186,0.9506446596582464,446.8639375548273,446.8639375548273,355,rolled,False,0.1946886670544805,0.08632700950683336,0.0,0.10836165754764715,0.08632700950683336,0.0
False,6.0,85.45454545454545,0.9462365199527379,355.0,rolled,456.18821404577454,185.66499179392085,14.393120513906224,6.069836386618091,561.4411451005078,543.4543691931118,1.0009999999998336,0.9829448705432697,477.37692626914094,477.37692626914094,355,rolled,False,0.17609610813902687,0.13841775604947637,0.0,0.037678352089550504,0.13841775604947637,0.0
False,6.0,96.36363636363636,1.0006655975868537,355.0,rolled,482.73637074951375,193.92017972473428,13.337540406795801,6.547226740691686,576.9937395506341,576.8767376952474,1.000999999999657,0.9998986056699324,512.46686792508,512.46686792508,355,rolled,False,0.12591423107373956,0.12568592001070344,0.0,0.00022831106303611293,0.12568592001070344,0.0
False,6.0,107.27272727272728,0.8563937947135722,355.0,rolled,512.3154188384784,184.1703442859813,15.419537425919524,7.402036433369162,653.7097563113273,596.2653470024085,1.0009999999987687,0.9550526232967058,535.2426456429821,535.2426456429821,355,rolled,False,0.22133346741463722,0.11400941583442092,0.0,0.1073240515802163,0.11400941583442092,0.0
False,6.0,118.18181818181816,0.8279690852710245,355.0,rolled,547.2281639004057,174.46025947995943,17.675448496141694,7.746859636232777,716.5959392477971,641.6256094017486,1.00099999999775,0.946245165128039,564.7428560600844,564.7428560600844,355,rolled,False,0.26888889617322875,0.13613762886357716,0.0,0.1327512673096516,0.13613762886357716,0.0
False,6.0,129.0909090909091,0.8503935649576512,355.0,rolled,571.7740750440364,171.47038820001384,17.859738656122012,8.619919170417582,759.934398295698,691.7330992413534,1.000999999997854,0.9540721680716164,594.324631241322,594.324631241322,355,rolled,False,0.27865203349973755,0.1638977469208731,0.0,0.11475428657886444,0.1638977469208731,0.0
False,6.0,140.0,0.9629522856079371,355.0,rolled,575.2705478244644,192.46448853181786,16.756309467246737,7.971234673309395,761.55310242534,743.9059395153754,1.0009999999983494,0.9883457913592789,627.5758504760335,627.5758504760335,355,rolled,False,0.2134837595291168,0.18536418976463542,0.0,0.028119569764481378,0.18536418976463542,0.0
False,6.818181818181818,20.0,0.7645571234993155,355.0,rolled,253.78005321523253,175.22462109117527,10.985208922815398,6.0,421.15882579304144,344.51674718024674,1.000999999998954,0.8681305665865693,318.7579376671374,318.7579376671374,355,rolled,False,0.3212496883225415,0.08080993904537026,0.0,0.24043974927717127,0.08080993904537026,0.0
False,6.818181818181818,30.909090909090907,0.7410209587041634,355.0,rolled,350.3760599387799,164.69624117458096,12.63104957245077,6.0,491.12731214972507,424.05634903056585,1.0009999999995116,0.9158841351868432,391.217405378461,391.217405378461,355,rolled,False,0.25538205968778893,0.0839403952907889,0.0,0.17144166439700004,0.0839403952907889,0.0
False,6.818181818181818,41.81818181818181,0.8327893704774828,355.0,rolled,493.51383131741545,158.45616407725248,10.12551212064877,7.210452865338402,532.1197529792713,483.5860596262344,1.0009999999983474,0.9533057138333789,453.9046681994346,453.9046681994346,355,rolled,False,0.17231610569264055,0.06539124513643135,0.0,0.1069248605562092,0.06539124513643135,0.0
False,6.818181818181818,52.72727272727273,0.8302836022726032,355.0,rolled,385.66108339022014,192.47797464191854,14.227026313733452,6.191787226559442,617.8837755499528,556.3907735355771,1.0009999999991719,0.9455670797525273,500.8636251128394,500.8636251128394,355,rolled,False,0.23363675174205367,0.11086280903355283,0.0,0.12277394270850084,0.11086280903355283,0.0
False,6.818181818181818,63.63636363636363,0.8931891408461822,355.0,rolled,436.07362845605854,187.37028161281467,14.437148154726797,6.0,631.1320576108346,595.401575681677,1.0009999999982895,0.9660078389722914,548.9888134965665,548.9888134965665,355,rolled,False,0.14962644428233296,0.08454227307384055,0.0,0.06508417120849241,0.08454227307384055,0.0
False,6.818181818181818,74.54545454545453,0.9846566142855229,355.0,rolled,472.83666994736967,193.368467159582,14.880827085222583,6.188435631377816,682.8485933313771,676.183263149198,1.0009999999986159,0.9951074987195172,589.9325742722189,589.9325742722189,355,rolled,False,0.15750277762469,0.14620431662615663,0.0,0.011298460998533377,0.14620431662615663,0.0
False,6.818181818181818,85.45454545454545,0.9071817683650427,355.0,rolled,500.397749221868,191.905737936426,15.527841533542382,7.172827554366009,749.5001393512524,707.8500889336284,1.000999999997838,0.9718176592396957,633.738385926991,633.738385926991,355,rolled,False,0.18266489137301156,0.11694368631029306,0.0,0.0657212050627185,0.11694368631029306,0.0
False,6.818181818181818,96.36363636363636,0.9581342683811384,355.0,rolled,524.7795153856814,201.65971952644315,14.458571304798827,7.348659838273097,761.4803212631948,742.2202838871866,1.000999999998489,0.9872725615670785,674.2139324503815,674.2139324503815,355,rolled,False,0.1294342709526186,0.10086761510495768,0.0,0.028566655847660938,0.10086761510495768,0.0
False,6.818181818181818,107.27272727272728,0.9637272431203123,355.0,rolled,548.6989566052363,200.17061460195032,17.79720644488969,7.392031672845329,877.4054316013753,857.6810528315401,1.0009999999990975,0.9886959354438657,721.7545869895499,721.7545869895499,355,rolled,False,0.21565619036942674,0.18832781708938162,0.0,0.027328373280045115,0.18832781708938162,0.0
False,6.818181818181818,118.18181818181816,0.8953744816696269,355.0,rolled,565.7685718297089,208.58486361402996,16.73008273545026,8.385550040556879,919.6081632511242,861.108567180854,1.0009999999996282,0.9676705993727412,765.2838592685139,765.2838592685139,355,rolled,False,0.20165629016417408,0.12521459423426617,0.0,0.0764416959299079,0.12521459423426617,0.0
False,6.818181818181818,129.0909090909091,0.8751022762146877,355.0,rolled,635.4927738806932,194.05918356154623,17.59021218343793,9.171734147124148,991.1330095206141,917.7163139148432,1.0009999999985244,0.9622507445222255,809.9367375252903,809.9367375252903,355,rolled,False,0.22371657390052158,0.13307159855332218,0.0,0.0906449753471994,0.13307159855332218,0.0
False,6.818181818181818,140.0,0.9699317363028346,355.0,rolled,610.5532344173672,216.17924381128387,15.46744155432573,8.951930974810077,954.4220330582823,936.8209214298656,1.0009999999995585,0.9907362695077607,872.8903969562454,872.8903969562454,355,rolled,False,0.09340420788948589,0.07324003643131483,0.0,0.020164171458171065,0.07324003643131483,0.0
False,7.636363636363637,20.0,0.7741269760452276,355.0,rolled,276.1333349042813,181.45669100320805,12.61175864654383,6.0,547.4684077445761,488.0525458301874,1.0009999999977262,0.93633132948662,410.4402624982554,410.4402624982554,355,rolled,False,0.33385648964422243,0.1890951995292176,0.0,0.14476129011500483,0.1890951995292176,0.0
False,7.636363636363637,30.909090909090907,0.748770132792866,355.0,rolled,331.9609740642187,188.4044901121654,13.629279359728281,6.0,626.8028485717527,543.1066972695937,1.0009999999982149,0.9204625046335424,505.73617341263,505.73617341263,355,rolled,False,0.2393870194061527,0.07389331794242282,0.0,0.16549370146372988,0.07389331794242282,0.0
False,7.636363636363637,41.81818181818181,0.8482912200059136,355.0,rolled,395.9643273687949,192.10389115025797,14.198549928941713,6.0,689.5157578968938,634.0639063529974,1.0009999999982948,0.9520724974740915,577.103938384453,577.103938384453,355,rolled,False,0.19478608970704103,0.09869966947028352,0.0,0.09608642023675751,0.09869966947028352,0.0
False,7.636363636363637,52.72727272727273,0.9855872049389586,355.0,rolled,431.81228574558156,188.00605939016833,14.435315287949972,6.0,706.1588561708945,700.7079501060907,1.0009999999998165,0.9954289192429313,636.6691386461515,636.6691386461515,355,rolled,False,0.10914572940116085,0.10058413008068023,0.0,0.008561599320480617,0.10058413008068023,0.0
False,7.636363636363637,63.63636363636363,0.854422432833993,355.0,rolled,470.61355729528833,196.26496826427626,17.425390264891693,6.539214847890753,872.1365231415784,796.1105565957464,1.000999999998885,0.9554202774137593,695.9762579966414,695.9762579966414,355,rolled,False,0.253112463422261,0.14387602658651066,0.0,0.10923643683575035,0.14387602658651066,0.0
False,7.636363636363637,74.54545454545453,0.8536113410336869,355.0,rolled,491.2213808742858,204.64995507092263,18.366851457277672,7.078126312124475,966.1894150879225,880.6713015602317,1.0009999999983916,0.9547194810582368,759.9937607556299,759.9937607556299,355,rolled,False,0.2713122988368759,0.1587875414722053,0.0,0.1125247573646706,0.1587875414722053,0.0
False,7.636363636363637,85.45454545454545,0.9300151122298073,355.0,rolled,520.1475251082734,205.45658220278054,17.847455472155847,7.316660700347278,979.137797181082,938.2545497112757,1.0009999999994217,0.9789002324688225,821.0715784057063,821.0715784057063,355,rolled,False,0.19251210604841118,0.14271955623297328,0.0,0.0497925498154379,0.14271955623297328,0.0
False,7.636363636363637,96.36363636363636,0.889364216135713,355.0,rolled,594.0422429370184,211.12627449650438,16.622899415538782,8.779098521798801,1074.908132527107,1004.6472476342864,1.0009999999989667,0.9667654583082368,885.4130387972486,885.4130387972486,355,rolled,False,0.21401886512454094,0.13466506998700445,0.0,0.07935379513753649,0.13466506998700445,0.0
False,7.636363636363637,107.27272727272728,0.9994681772930996,355.0,rolled,572.192814289498,215.89233111729,19.624451358748082,7.762570338366681,1135.051798599995,1134.0137611950595,1.0009999999980395,0.9995426310748371,972.5059662387416,972.5059662387416,355,rolled,False,0.16714121867027165,0.166073834570871,0.0,0.001067384099400659,0.166073834570871,0.0
False,7.636363636363637,118.18181818181816,0.9379944576688853,355.0,rolled,602.2284754003467,209.76900922890576,19.85326445515997,8.790266539351158,1194.7600553269756,1150.6428103914625,1.0009999999999695,0.9813635356424133,1008.7637482124452,1008.7637482124452,355,rolled,False,0.1843804433338534,0.14064647191221002,0.0,0.04373397142164337,0.14064647191221002,0.0
False,7.636363636363637,129.0909090909091,0.9243722098490512,355.0,rolled,610.7576795450269,208.9993046532895,22.415798195489753,8.319619119965054,1267.139606371295,1209.6181721585792,1.0009999999984143,0.9770390425107507,1053.171608858608,1053.171608858608,355,rolled,False,0.2031653680301717,0.1485480257766565,0.0,0.05461734225351522,0.1485480257766565,0.0
False,7.636363636363637,140.0,0.9619615815753564,355.0,rolled,649.808899893729,206.12358756948694,21.30628798224837,9.769506725103051,1324.511099583134,1294.598956263563,1.0009999999993195,0.9886437500885221,1114.1163843552508,1114.1163843552508,355,rolled,False,0.18884446740242522,0.16199615627478536,0.0,0.026848311127639857,0.16199615627478536,0.0
False,8.454545454545455,20.0,0.7588953800889822,355.0,rolled,307.95228093777087,185.85481677489884,13.65278597693754,6.0,673.5220040412465,595.183635377294,1.0009999999978705,0.9315601454301032,503.5977986749521,503.5977986749521,355,rolled,False,0.33742046890076316,0.18186306005172992,0.0,0.15555740884903324,0.18186306005172992,0.0
False,8.454545454545455,30.909090909090907,0.7198386954791316,355.0,rolled,359.4521175546304,196.02948804304708,15.982816971680801,6.0,820.2467036446384,699.1164656424445,1.0009999999997738,0.9128735251513719,630.7869497001437,630.7869497001437,355,rolled,False,0.30035458728903297,0.10832423843705463,0.0,0.19203034885197834,0.10832423843705463,0.0
False,8.454545454545455,41.81818181818181,0.8113451886237061,355.0,rolled,419.8813221207235,199.82872389184064,17.309844756070568,6.0,919.7443088592662,825.8785178583269,1.0009999999998833,0.940131402136285,717.4096387563654,717.4096387563654,355,rolled,False,0.2820350594308285,0.15119517949325711,0.0,0.1308398799375714,0.15119517949325711,0.0
False,8.454545454545455,52.72727272727273,0.9828134856580684,355.0,rolled,466.4849947927011,200.236785071462,17.51983463989129,6.118229038794155,962.2292573990759,952.049858033926,1.0009999999996217,0.9946964486158323,805.5999538966952,805.5999538966952,355,rolled,False,0.19442566095586677,0.1817898616166138,0.0,0.012635799339252962,0.1817898616166138,0.0
False,8.454545454545455,63.63636363636363,0.9375272390520532,355.0,rolled,496.9212469169742,212.10076909389053,17.184855248546963,6.821782973182235,1040.8900412692842,1002.6340791516444,1.0009999999978787,0.9814514122935181,885.8271517939731,885.8271517939731,355,rolled,False,0.17504869788793265,0.13186198585256093,0.0,0.04318671203537172,0.13186198585256093,0.0
False,8.454545454545455,74.54545454545453,0.9326538604886544,355.0,rolled,580.3329779941851,196.62535264790915,18.57925780388662,8.259267263758744,1175.1470652090334,1130.2931299999377,1.0009999999984844,0.9807299400939883,968.3951313197734,968.3951313197734,355,rolled,False,0.21349955942827692,0.16718175612832975,0.0,0.04631780329994717,0.16718175612832975,0.0
False,8.454545454545455,85.45454545454545,0.9433273091995354,355.0,rolled,574.8110002092872,218.79942073013245,18.42087620370881,7.922184387364409,1227.994059336305,1187.0821961183663,1.000999999999888,0.98320088959581,1050.1554168290577,1050.1554168290577,355,rolled,False,0.1693450699366299,0.13038715707695792,0.0,0.038957912859671984,0.13038715707695792,0.0
False,8.454545454545455,96.36363636363636,0.9540964386371421,355.0,rolled,603.890827211692,228.1448509238647,17.8949916724098,8.915960899297176,1318.4400152899013,1282.6720384702185,1.0009999999999053,0.9863422259119033,1161.2113106394324,1161.2113106394324,355,rolled,False,0.13540059695413187,0.10459829896412431,0.0,0.030802297990007554,0.10459829896412431,0.0
False,8.454545454545455,107.27272727272728,0.954291137395635,355.0,rolled,630.6242137177976,211.63840929191488,21.13992607692635,9.965362306885291,1475.9536812982747,1436.724426884605,1.0009999999988477,0.9866210418770607,1248.6831392754018,1247.3930159794309,460,rolled,False,0.18323067581020736,0.15178168266118952,0.0010342556671747438,0.031448993149017834,0.15074742699401478,0.0010342556671747438
False,8.454545454545455,118.18181818181816,0.9737993808333804,355.0,rolled,624.9142924255235,234.17115599259762,20.61147027864354,8.59250158094568,1461.7520135463467,1438.4712371615803,1.0009999999982957,0.9920047252146104,1285.189935510621,1285.189935510621,355,rolled,False,0.13738208894825776,0.11926743076311053,0.0,0.018114658185147237,0.11926743076311053,0.0
False,8.454545454545455,129.0909090909091,0.9974986342312573,355.0,rolled,698.4397122188116,229.68212270973515,18.66574634434883,10.449906301387013,1542.8987862652789,1539.8338673441606,1.0009999999981307,0.9990062722996301,1363.0307896626705,1359.5228722374015,460,rolled,False,0.13488255164555696,0.13262814387963662,0.0025802562773333815,0.002254407765920341,0.13004788760230324,0.0025802562773333815
False,8.454545454545455,140.0,0.9933651214168503,355.0,rolled,694.3918157527119,232.34928367231007,20.373463961637107,10.903188503944133,1653.655562274485,1646.4171257037046,1.0009999999994417,0.9978089829582131,1454.9800312964985,1454.9800312964985,355,rolled,False,0.13654863070591516,0.13157369193350443,0.0,0.004974938772410731,0.13157369193350443,0.0
False,9.272727272727272,20.0,0.8727284574020848,355.0,rolled,371.84554417273966,163.80427016620143,14.975996141452562,6.0,760.4375108822675,713.7777320134958,1.0009999999987707,0.963463652672726,618.4530890237875,618.4530890237875,355,rolled,False,0.22957993803959953,0.15413399121374893,0.0,0.0754459468258506,0.15413399121374893,0.0
False,9.272727272727272,30.909090909090907,0.7774288792245508,355.0,rolled,415.72117334209554,199.21863468746318,17.093395209426948,6.0,994.5733302564649,877.0108834943189,1.0009999999989276,0.9303158384173911,761.4534867686122,761.4534867686122,355,rolled,False,0.3061511274669524,0.15175896983031611,0.0,0.15439215763663627,0.15175896983031611,0.0
False,9.272727272727272,41.81818181818181,0.8253266269081153,355.0,rolled,463.26938802276237,207.5417488680846,18.256476772876084,6.418959989618946,1127.6344002180529,1012.1492698724865,1.0009999999996986,0.9474103502069737,881.2556840948919,881.2556840948919,355,rolled,False,0.2795768816812889,0.14853077051302188,0.0,0.13104611116826703,0.14853077051302188,0.0
False,9.272727272727272,52.72727272727273,0.9280827294701942,355.0,rolled,539.7357837066332,215.41252834690326,15.861794675721061,7.510875933289472,1163.9183851488106,1116.5929687069636,1.000999999998952,0.9794588173052035,989.9883669803154,989.9883669803154,355,rolled,False,0.17568895147628893,0.12788493880268548,0.0,0.04780401267360346,0.12788493880268548,0.0
False,9.272727272727272,63.63636363636363,0.9689978292324055,355.0,rolled,547.7051334244659,221.71002077120255,19.546621874076592,7.241102485739868,1349.8300662093156,1324.7152463245006,1.000999999998228,0.9906533640283669,1106.6209977316942,1106.6209977316942,355,rolled,False,0.21977630008479987,0.19708124917189096,0.0,0.02269505091290891,0.19708124917189096,0.0
False,9.272727272727272,74.54545454545453,0.9505446689700177,355.0,rolled,540.0888689545045,219.7916756027553,22.03909050288439,7.508252571780462,1465.892768464196,1423.1725162146358,1.0009999999983692,0.9853208502031523,1247.7748019974165,1247.7748019974165,355,rolled,False,0.17480555475044057,0.14056840540171645,0.0,0.03423714934872413,0.14056840540171645,0.0
False,9.272727272727272,85.45454545454545,0.9434043060638949,355.0,rolled,566.6599544602229,231.90760796572928,22.34694851543067,7.894952816004388,1583.2282479666862,1529.9886184793086,1.0009999999977766,0.9830425926777933,1317.098439688467,1317.098439688467,355,rolled,False,0.20205764448492314,0.16163573835923506,0.0,0.04042190612568808,0.16163573835923506,0.0
False,9.272727272727272,96.36363636363636,0.9942834766034208,355.0,rolled,648.224997708215,216.3567107962487,21.869036114263636,9.864555279146774,1685.9953550586656,1679.7177086168026,1.0009999999986698,0.9981365604344319,1414.7279425408665,1414.7279425408665,355,rolled,False,0.19174528498433419,0.18730793257678346,0.0,0.004437352407550721,0.18730793257678346,0.0
False,9.272727272727272,107.27272727272728,0.990550762705967,355.0,rolled,666.2026476947901,240.12275614294035,20.089016541292505,10.12592331191343,1747.2792436275686,1736.9188972668564,1.0009999999994497,0.9970308839296194,1522.6725742575536,1522.6725742575536,355,rolled,False,0.14750818604553362,0.14070413208418642,0.0,0.006804053961347201,0.14070413208418642,0.0
False,9.272727272727272,118.18181818181816,1.000850307952313,355.0,rolled,664.2310971463245,231.284622894588,23.914379483570862,9.845752899162388,1872.342240765405,1872.182670616038,1.0009999999977648,0.9999573866502942,1645.849345217246,1645.849345217246,355,rolled,False,0.13761459771900486,0.13751764464743088,0.0,9.69530715739797e-05,0.13751764464743088,0.0
False,9.272727272727272,129.0909090909091,0.9530030639420108,355.0,rolled,703.3422025984385,228.21256113612384,26.074455300720626,10.895857054278837,2076.2160264744643,2019.2166018453447,1.0009999999981807,0.9861777154954324,1740.933618872136,1740.933618872136,355,rolled,False,0.192587703498736,0.15984698092825278,0.0,0.032740722570483216,0.15984698092825278,0.0
False,9.272727272727272,140.0,0.9019668344409342,355.0,rolled,709.7927112999473,232.4397200011142,29.899575188466308,9.76738808741662,2213.0640731764393,2083.868355743271,1.0009999999983201,0.9703717529583629,1902.270024824972,1856.5687456377927,460,rolled,False,0.19201838250065917,0.12242994537075069,0.02461599081346133,0.06958843712990848,0.09781395455728936,0.02461599081346133
False,10.09090909090909,20.0,0.8640725949240751,355.0,rolled,450.9515262045172,164.3399973712468,15.276619925033309,8.5666122493514,1025.5549056432678,952.7606814304856,1.000999999998557,0.9638566653748057,742.9343178494156,742.9343178494156,355,rolled,False,0.3804112705574818,0.2824292249528302,0.0,0.09798204560465162,0.2824292249528302,0.0
False,10.09090909090909,30.909090909090907,0.7582078827854367,355.0,rolled,435.7401288907222,211.6807905842037,19.026753394892477,6.0,1241.8825710676117,1079.6714167663583,1.000999999997824,0.9237332507794236,915.5475138288588,915.5475138288588,355,rolled,False,0.3564370524845901,0.17926311901730418,0.0,0.17717393346728594,0.17926311901730418,0.0
False,10.09090909090909,41.81818181818181,0.9295462272980124,355.0,rolled,476.95312341443463,222.25611319215938,17.54887162216895,6.659393817921292,1277.7856814860693,1226.2439501484314,1.000999999999112,0.9796240311311519,1059.829316571149,1059.829316571149,355,rolled,False,0.20565232675396383,0.15702022106321922,0.0,0.04863210569074461,0.15702022106321922,0.0
False,10.09090909090909,52.72727272727273,0.8609518575856843,355.0,rolled,543.7352358160374,213.48234834544752,22.079605184934298,7.553450592150821,1570.085821354375,1444.5752139054612,1.0009999999996257,0.959198262947757,1213.1595349712586,1213.1595349712586,355,rolled,False,0.29421215931964984,0.1907545316698065,0.0,0.10345762764984334,0.1907545316698065,0.0
False,10.09090909090909,63.63636363636363,0.9562100718222268,355.0,rolled,627.6623260180974,214.93968596415223,19.829748764425002,8.786777568614557,1628.4035619400643,1588.9714108151811,1.0009999999989485,0.9878181915802999,1357.496004947102,1357.496004947102,355,rolled,False,0.19956416520247422,0.17051645457851583,0.0,0.02904771062395839,0.17051645457851583,0.0
False,10.09090909090909,74.54545454545453,0.9895478874242826,355.0,rolled,590.1045823330442,219.66267461797318,23.774640423465637,8.169128170019176,1769.4603083056204,1758.1271958271984,1.00099999999954,0.9967924351089097,1486.8770563048004,1486.8770563048004,355,rolled,False,0.19005152497483446,0.18242943380706356,0.0,0.007622091167770906,0.18242943380706356,0.0
False,10.09090909090909,85.45454545454545,0.9686857423121013,355.0,rolled,694.5579200370858,240.43672304102415,19.27027767112271,9.989200428189546,1881.5781502714015,1848.0766080068674,1.0009999999995356,0.9910575043800234,1614.031417022214,1614.031417022214,355,rolled,False,0.16576302693214862,0.1450065894110364,0.0,0.020756437521112225,0.1450065894110364,0.0
False,10.09090909090909,96.36363636363636,0.998052699425198,355.0,rolled,631.1130925803411,246.07976491524735,22.818118264800724,11.508873572622248,2137.1405562136906,2133.578067516943,1.0009999999981112,0.9991661815269253,1788.8199315380907,1771.028921502606,460,rolled,False,0.20672256125578237,0.20471102510665773,0.010045578488006912,0.0020115361491246375,0.19466544661865082,0.010045578488006912
False,10.09090909090909,107.27272727272728,0.9849378672226397,355.0,rolled,678.2407642934949,246.1502453677104,23.6924751177556,11.895393469985514,2279.8393531478537,2259.182177073129,1.000999999999509,0.9954592892923755,1916.4589042949708,1916.4589042949708,355,rolled,False,0.18961035273885174,0.17883152725585827,0.0,0.01077882548299347,0.17883152725585827,0.0
False,10.09090909090909,118.18181818181816,0.9767980977151871,355.0,rolled,662.9440328045933,262.37992930053645,25.668111186500663,10.363965971585602,2355.9820972976913,2322.7482706114915,1.0009999999993535,0.9929218772486819,2076.30196798726,2076.30196798726,355,rolled,False,0.13470108569109018,0.11869482687199562,0.0,0.016006258819094565,0.11869482687199562,0.0
False,10.09090909090909,129.0909090909091,0.9693429992867042,355.0,rolled,713.2583087574392,243.54998078269614,28.579669456766307,11.790999548279501,2575.8938729723277,2529.2360796294556,1.0009999999993477,0.9909019912927759,2210.304923798717,2210.304923798717,355,rolled,False,0.16540204260383007,0.14429283145359473,0.0,0.02110921115023534,0.14429283145359473,0.0
False,10.09090909090909,140.0,0.904672767392856,355.0,rolled,750.0,243.9071720781109,32.30753787975412,10.629457118874242,2740.997228763304,2586.467071560994,1.000999999998033,0.9714024145855547,2388.205677583476,2328.49511615869,460,rolled,False,0.1771539522423895,0.11078913312383465,0.025643412782110575,0.06636481911855485,0.08514572034172407,0.025643412782110575
False,10.90909090909091,20.0,0.8730004766282486,355.0,rolled,540.6575996226541,181.31952632269275,13.376784338991506,8.497302667016488,1185.2449829607272,1109.7442884323038,1.0009999999987889,0.9676257039580378,893.7291943214849,893.7291943214849,355,rolled,False,0.326179104913944,0.2417008367672453,0.0,0.08447826814669868,0.2417008367672453,0.0
False,10.90909090909091,30.909090909090907,0.811768298857713,355.0,rolled,413.6416291541874,225.81553003945137,19.95621554388951,6.0,1447.2302065232936,1315.0006398583082,1.0009999999988575,0.9480625516528562,1088.9504710209037,1088.9504710209037,355,rolled,False,0.32901380277332404,0.20758535383659815,0.0,0.12142844893672589,0.20758535383659815,0.0
False,10.90909090909091,41.81818181818181,0.8520266030719547,355.0,rolled,504.8267123297008,242.21669742549733,19.304708451441304,7.43282241080216,1648.0683459662964,1506.4395675447688,1.000999999998178,0.9560668236172207,1270.814818254924,1270.814818254924,355,rolled,False,0.296859559939201,0.18541234010270946,0.0,0.11144721983649153,0.18541234010270946,0.0
False,10.90909090909091,52.72727272727273,0.9198562853744636,355.0,rolled,541.1049609824278,240.61696018097473,21.315978043321106,7.3294575861686075,1788.7834881165595,1706.0574720761513,1.000999999998994,0.9766027433627644,1441.605296538102,1441.605296538102,355,rolled,False,0.240827494468963,0.18344284401084665,0.0,0.05738465045811636,0.18344284401084665,0.0
False,10.90909090909091,63.63636363636363,0.8821486741514362,355.0,rolled,591.642949869651,229.47626009075373,26.16736785412415,8.110131043287213,2106.6318285828647,1962.9058392536776,1.0009999999987382,0.9652846780754774,1652.8026644341987,1646.7666813117896,460,rolled,False,0.2792533711604812,0.19197568273002474,0.003665354170027779,0.08727768843045647,0.18831032855999696,0.003665354170027779
False,10.90909090909091,74.54545454545453,0.9944197536189605,355.0,rolled,676.5994360376114,234.70439783226618,21.929985332274814,10.012366128023803,2138.251350339854,2130.6612101528426,1.000999999997993,0.9982235746424521,1847.0428217431545,1797.093634182035,460,rolled,False,0.1898385869655035,0.1856150228491762,0.027794426851806442,0.004223564116327294,0.15782059599736975,0.027794426851806442
False,10.90909090909091,85.45454545454545,0.9788109944390133,355.0,rolled,622.4014384394045,245.5821512269183,26.795939336603194,9.507366510721273,2387.6692753423376,2357.4987420356983,1.0009999999993102,0.9936619260643966,2002.4625944633783,2002.4625944633783,355,rolled,False,0.192366480125032,0.17729976507624245,0.0,0.015066715048789536,0.17729976507624245,0.0
False,10.90909090909091,96.36363636363636,0.999944102610694,355.0,rolled,704.2749383256744,258.97711159429184,22.847158991505342,11.52360051335569,2497.4679255942387,2496.0038636296163,1.0009999999997918,0.999706847768175,2197.559639317925,2197.559639317925,355,rolled,False,0.13647333201359624,0.1358071102927254,0.0,0.0006662217208708299,0.1358071102927254,0.0
False,10.90909090909091,107.27272727272728,0.9880905959251861,355.0,rolled,716.2024909993258,263.2402029384865,24.892733820524747,11.79044674073649,2695.4714168274327,2675.8818078102818,1.0009999999986137,0.9963595734714545,2388.297343467485,2388.297343467485,355,rolled,False,0.12861634427561364,0.12041401173493038,0.0,0.008202332540683255,0.12041401173493038,0.0
False,10.90909090909091,118.18181818181816,0.9602806024053614,355.0,rolled,731.5523185740706,265.11028388576466,27.4124949107078,12.456353775877947,2952.808767316863,2884.195316243293,1.000999999999263,0.9883133750140587,2601.5036778796957,2601.5036778796957,355,rolled,False,0.13503924381282895,0.10866470832514818,0.0,0.02637453548768076,0.10866470832514818,0.0
False,10.90909090909091,129.0909090909091,0.9349926449979764,355.0,rolled,750.0,300.0,24.48487147148514,13.629535353618284,3117.5770709527683,2997.098026054969,1.0009999999990156,0.9804870781965291,2783.72243570426,2728.4009592725315,460,rolled,False,0.14263890003322754,0.09848151748710698,0.020276153416424192,0.04415738254612056,0.07820536407068279,0.020276153416424192
False,10.90909090909091,140.0,0.7955378379918615,355.0,rolled,750.0,291.88995498736756,35.0,11.922726938729237,3669.72682436443,3204.977786039419,1.0009999999986838,0.9345351560703419,2992.2291834657826,2907.631199570768,460,rolled,False,0.26210188723596195,0.1022642027340146,0.029095156190201532,0.15983768450194735,0.07316904654381307,0.029095156190201532
False,11.727272727272728,20.0,0.7140310263005594,355.0,rolled,411.33855505555704,207.7541039819096,19.17441375339577,8.487604695905809,1538.8664714518245,1299.6979691421095,1.0009999999990886,0.9190110884427667,1061.0441516058863,1061.0441516058863,355,rolled,False,0.45033217432352446,0.22492355023588928,0.0,0.22540862408763518,0.22492355023588928,0.0
False,11.727272727272728,30.909090909090907,0.8266813829685704,355.0,rolled,441.6386275359709,224.3222160255397,21.529122020900815,6.0,1665.687744742779,1526.0818834399777,1.0009999999982233,0.9524722284402741,1290.0501267580532,1290.0501267580532,355,rolled,False,0.29118063724292464,0.18296324444002932,0.0,0.10821739280289533,0.18296324444002932,0.0
False,11.727272727272728,41.81818181818181,0.9700198946007562,355.0,rolled,559.2669491704056,237.81267491539938,20.546512581425876,7.411052522679805,1881.6329128669672,1849.0198851979626,1.0009999999986954,0.9912959695192509,1482.922585855888,1482.922585855888,355,rolled,False,0.2688679306755304,0.24687553000669737,0.0,0.021992400668833012,0.24687553000669737,0.0
False,11.727272727272728,52.72727272727273,0.9285724786485404,355.0,rolled,637.2946844375498,225.68610328876645,23.430989959880556,8.901001811649838,2188.341955356734,2102.8170073332517,1.0009999999979553,0.980264210993937,1747.8813489218207,1747.8813489218207,355,rolled,False,0.25199685705589303,0.20306621992984408,0.0,0.04893063712604895,0.20306621992984408,0.0
False,11.727272727272728,63.63636363636363,0.9126450755651363,355.0,rolled,610.569002437153,250.6551831689186,25.788920947746963,8.400984848129438,2436.1533716717236,2313.4828718713925,1.0009999999985455,0.9744977282130092,2045.711369223295,1979.0906999138213,460,rolled,False,0.23094579332710974,0.16896253010139062,0.03366226182174192,0.06198326322571912,0.1353002682796487,0.03366226182174192
False,11.727272727272728,74.54545454545453,0.9992102129187631,355.0,rolled,644.5498865402263,247.53114490898372,26.106501897811757,9.839476614804338,2592.114562930359,2589.5471534626718,1.0009999999996744,0.9995046427433407,2216.73184965606,2216.73184965606,355,rolled,False,0.16934060532966222,0.16818240955235808,0.0,0.0011581957773041385,0.16818240955235808,0.0
False,11.727272727272728,85.45454545454545,0.9413118070437264,355.0,rolled,666.6711251223552,250.77667395115301,30.315378277676146,9.845287454511164,2926.4562030331067,2826.8250045715545,1.0009999999986463,0.9828300977356778,2462.677694524864,2462.677694524864,355,rolled,False,0.1883228607378611,0.1478664101503333,0.0,0.04045645058752778,0.1478664101503333,0.0
False,11.727272727272728,96.36363636363636,0.9490732281977663,355.0,rolled,706.1346591542218,262.3205747208887,29.42217995519168,11.087369780276548,3125.6978780977815,3033.4702560707465,1.0009999999990338,0.9851364120345352,2703.5807115927173,2703.5807115927173,355,rolled,False,0.1561326298471737,0.1220194918034041,0.0,0.034113138043769586,0.1220194918034041,0.0
False,11.727272727272728,107.27272727272728,0.7930399739971071,355.0,rolled,750.0,276.94515310541436,35.0,9.993746801612836,3619.0394720759446,3164.9230430014727,1.0009999999977057,0.9351578358304324,2957.147491077795,2937.489157347384,460,rolled,False,0.23201798482347935,0.07742458728238044,0.0066922234185071705,0.1545933975410989,0.07073236386387327,0.0066922234185071705
False,11.727272727272728,118.18181818181816,0.8098871030111491,355.0,rolled,750.0,291.3699383156529,35.0,10.802937213760213,3834.6710129560456,3389.7711362491714,1.000999999998426,0.9402019192963051,3198.796391547415,3160.0494447625265,460,rolled,False,0.21348449762760469,0.07269560033859168,0.012261500163900374,0.140788897289013,0.06043410017469131,0.012261500163900374
False,11.727272727272728,129.0909090909091,0.8300553475821064,355.0,rolled,750.0,300.0,35.0,13.310179421455189,4153.8405322012995,3723.3381810720425,1.0009999999983574,0.9467631197067929,3423.25493983864,3358.1079283394,460,rolled,False,0.23695861504230842,0.10876072494586264,0.019399915931664236,0.12819789009644578,0.0893608090141984,0.019399915931664236
False,11.727272727272728,140.0,0.8774086586255505,355.0,rolled,750.0,300.0,35.0,15.832980454285027,4390.969128925685,4065.9403527426,1.0009999999987023,0.9622774523982118,3631.440987809016,3576.995517433856,460,rolled,False,0.22755790649572183,0.13669148673116438,0.015221006039789264,0.09086641976455745,0.12147048069137512,0.015221006039789264
False,12.545454545454549,20.0,0.6363596264069411,355.0,rolled,442.696385736973,240.13800838808834,20.501950738403036,6.0,1812.4111590857656,1473.6386112366706,1.0009999999987254,0.8910635422865198,1212.3908752045115,1212.3908752045115,355,rolled,False,0.49490663131231494,0.21548144362938282,0.0,0.2794251876829321,0.21548144362938282,0.0
False,12.545454545454549,30.909090909090907,0.887782555510066,355.0,rolled,566.7070383793215,233.70962685391112,18.61540725909218,7.8383768565348735,1900.3473209932522,1785.5485333366196,1.0009999999993047,0.9693248311627031,1481.0813508506612,1481.0813508506612,355,rolled,False,0.2830809866735442,0.20557087043941724,0.0,0.07751011623412696,0.20557087043941724,0.0
False,12.545454545454549,41.81818181818181,0.8424607093854529,355.0,rolled,583.8348467841516,236.81439917902068,24.89739101483831,8.687800873069564,2429.771025279542,2213.585976507138,1.0009999999991224,0.9544771215383664,1783.0201996892802,1783.0201996892802,355,rolled,False,0.3627277053299611,0.24148115478046228,0.0,0.12124655054949884,0.24148115478046228,0.0
False,12.545454545454549,52.72727272727273,0.9242989377604045,355.0,rolled,613.8896045068373,249.6493118707065,24.700024824834934,9.852109292590196,2646.0087953695734,2533.8148602545075,1.000999999999721,0.9785697751925002,2134.718346358876,2087.7440020066583,460,rolled,False,0.2674009805926074,0.213661664370298,0.022500049961617696,0.05373931622230943,0.1911616144086803,0.022500049961617696
False,12.545454545454549,63.63636363636363,0.9811544054969381,355.0,rolled,680.3446433229916,248.79740194085133,25.61210549588619,9.350409115837989,2754.380511642657,2724.810896239155,1.0009999999999784,0.9946177724535121,2393.181985113689,2393.181985113689,355,rolled,False,0.1509281487056695,0.1385723748500105,0.0,0.012355773855659002,0.1385723748500105,0.0
False,12.545454545454549,74.54545454545453,0.9984111345367844,355.0,rolled,704.6826259592345,269.3651151792992,24.903032832691736,9.845974595274553,2937.2859892259444,2933.1234535315466,1.0009999999992139,0.9992911804509275,2689.930765449427,2689.930765449427,355,rolled,False,0.09195598152697815,0.09040853066026311,0.0,0.0015474508667150388,0.09040853066026311,0.0
False,12.545454545454549,85.45454545454545,0.8931957422523606,355.0,rolled,706.2047302598953,267.51700418065474,32.37228381559372,10.627322927897877,3569.1900211254747,3347.565835752222,1.0009999999992585,0.9684556304429863,2997.3064139092285,2997.3064139092285,355,rolled,False,0.19079918041157784,0.11685806303205704,0.0,0.0739411173795208,0.11685806303205704,0.0
False,12.545454545454549,96.36363636363636,0.7891831756506564,355.0,rolled,750.0,289.99070957626805,35.0,10.088602349533213,4016.102165581988,3504.2372177366997,1.0009999999998556,0.9341021523614472,3328.1569354355865,3286.35898355342,460,rolled,False,0.22205218166383145,0.06629775848397923,0.012718620239403178,0.15575442317985222,0.05357913824457605,0.012718620239403178
False,12.545454545454549,107.27272727272728,0.8273714768440535,355.0,rolled,750.0,300.0,35.0,11.494587656948672,4261.082147590265,3817.115816596922,1.0009999999989692,0.946471879429464,3602.6314037799543,3571.295426634208,460,rolled,False,0.1931474825106112,0.06883227529411884,0.00877440071522706,0.12431520721649236,0.06005787457889178,0.00877440071522706
False,12.545454545454549,118.18181818181816,0.8714338137344474,355.0,rolled,750.0,300.0,35.0,16.015356135031066,4715.654034646168,4354.278851682063,1.000999999999398,0.960919820223717,3872.980097330062,3837.483424001443,460,rolled,False,0.22884023554401023,0.1346703999940002,0.009249987402318416,0.09416983555001002,0.1254204125916818,0.009249987402318416
False,12.545454545454549,129.0909090909091,0.9228458432786295,355.0,rolled,750.0,300.0,35.0,19.1632125144886,5032.176993414883,4802.481239707618,1.0009999999978811,0.976910740873336,4207.808416334001,4106.19381133988,460,rolled,False,0.22550888355969945,0.1695700350151117,0.024746665564956194,0.05593884854458775,0.1448233694501555,0.024746665564956194
False,12.545454545454549,140.0,0.9671175272107118,355.0,rolled,750.0,300.0,35.0,22.62893985619017,5380.662483299289,5275.215270085687,1.0009999999993584,0.9901527960045313,5031.3200482783495,4431.563898254406,460,rolled,False,0.21416786643169772,0.19037328383408747,0.13533735805100044,0.023794582597610248,0.055035925783087025,0.13533735805100044
False,13.363636363636363,20.0,0.6801127632450937,355.0,rolled,512.8036338266969,244.07207444728803,20.899303849695798,6.239523713320418,2069.849657075461,1699.9943840366273,1.000999999998269,0.8993248967841283,1408.076363691634,1408.076363691634,355,rolled,False,0.4699839514732129,0.20731689549823495,0.0,0.26266705597497797,0.20731689549823495,0.0
False,13.363636363636363,30.909090909090907,0.8382857087797596,355.0,rolled,600.4926809596495,234.0769455211721,23.577177895062313,8.122666129904571,2446.562152645933,2224.3181268064973,1.0009999999986043,0.9534991802416698,1720.040315347003,1720.040315347003,355,rolled,False,0.42238651665112914,0.2931779022619949,0.0,0.12920861438913422,0.2931779022619949,0.0
False,13.363636363636363,41.81818181818181,0.919596503747883,355.0,rolled,628.4086586581063,267.70170434189305,20.468175605119285,9.051586708941771,2563.7460005370644,2450.9515964840634,1.0009999999977337,0.9777546033405997,2141.152823065344,2138.6377928116376,460,rolled,False,0.19877522465669273,0.14603398701835868,0.0011759963571951193,0.05274123763833405,0.14485799066116356,0.0011759963571951193
False,13.363636363636363,52.72727272727273,0.9040310361629077,355.0,rolled,602.6956626329171,264.10640871301473,28.20640399613191,8.872253565416047,3110.234596250742,2938.6739738679335,1.0009999999996364,0.9720287925870252,2503.477994394611,2503.477994394611,355,rolled,False,0.24236546245450685,0.17383655076966686,0.0,0.06852891168483999,0.17383655076966686,0.0
False,13.363636363636363,63.63636363636363,0.8365133922606778,355.0,rolled,688.408785372267,261.8109212649775,32.51150299195184,9.28465319906176,3593.15883986222,3252.7966719709825,1.0009999999976318,0.9514593765544306,2942.666807874382,2942.666807874382,355,rolled,False,0.22105527892154297,0.1053907507525873,0.0,0.11566452816895567,0.1053907507525873,0.0
False,13.363636363636363,74.54545454545453,0.8589935924981492,355.0,rolled,710.803039933611,277.6220810840902,32.64818239601666,10.15080620342315,3887.4696610828473,3568.4798380686516,1.0009999999984551,0.9580939931332977,3246.8124640164788,3246.8124640164788,355,rolled,False,0.19731881781488592,0.09907174424674148,0.0,0.09824707356814444,0.09907174424674148,0.0
False,13.363636363636363,85.45454545454545,0.7776307904484993,355.0,rolled,750.0,300.0,35.0,10.513583121944285,4433.903767787946,3840.0429793162816,1.0009999999978476,0.930625419919852,3626.480295778446,3626.480295778446,355,rolled,False,0.22264659012470434,0.05888979564743324,0.0,0.1637567944772711,0.05888979564743324,0.0
False,13.363636363636363,96.36363636363636,0.8495537066803871,355.0,rolled,750.0,300.0,35.0,13.772820560590024,4782.9995132565755,4357.270741808321,1.000999999998396,0.9544586201750462,3985.542327810074,3985.0843936185074,460,rolled,False,0.20022540072571737,0.09339484724233493,0.0001149120435943729,0.10683055348338244,0.09327993519874056,0.0001149120435943729
False,13.363636363636363,107.27272727272728,0.8888707293696766,355.0,rolled,750.0,300.0,35.0,20.191192120210072,5470.468973975345,5114.791610364918,1.0009999999994978,0.9669448227853537,4315.021962918399,4299.585213933902,460,rolled,False,0.27232481780961004,0.18960117217566275,0.003590287950212101,0.0827236456339473,0.18601088422545065,0.003590287950212101
False,13.363636363636363,118.18181818181816,0.9585971673312081,355.0,rolled,750.0,300.0,35.0,22.36119668832233,5702.8973798942,5564.663354636069,1.0009999999999668,0.9878060223220017,5228.730538579276,4639.765192767582,460,rolled,False,0.22913491156488197,0.1993415880851488,0.12693861032661014,0.02979332347973318,0.07240297775853866,0.12693861032661014
False,13.363636363636363,129.0909090909091,0.8695834342091,460.0,rolled,750.0,300.0,35.0,25.0,6707.570410227272,6216.747670342258,1.0009999999998624,0.962717796306515,5011.593967074791,5011.593967074791,460,rolled,False,0.3384105843958469,0.24047313313590357,0.0,0.09793745125994335,0.24047313313590357,0.0
False,13.363636363636363,140.0,0.8953376828819875,690.0,rolled,750.0,300.0,31.639261622296665,20.788144473822197,8819.866069697797,8346.296681378244,1.0009999999979542,0.9727828690207388,6900.973668145068,5775.260737408862,500,rolled,False,0.5271805846907844,0.4451809296358986,0.1949198455135499,0.08199965505488582,0.2502610841223487,0.1949198455135499
False,14.181818181818182,20.0,0.68500322432716,355.0,rolled,579.846667414981,250.45588439599715,18.450063874238715,10.719164405567696,2517.6967439549817,2079.7239543633327,1.0009999999994865,0.9088686804305321,1593.8777053579288,1593.8777053579288,355,rolled,False,0.5796047184119411,0.3048202803591509,0.0,0.2747844380527902,0.3048202803591509,0.0
False,14.181818181818182,30.909090909090907,0.7612520653419286,355.0,rolled,591.4746918355949,266.380433636816,23.24830779066314,8.521411926940786,2846.6608080070587,2460.3303214637795,1.00099999999868,0.929670067830557,2008.2518170171472,2008.2518170171472,355,rolled,False,0.41748200294682114,0.22511046703201965,0.0,0.1923715359148015,0.22511046703201965,0.0
False,14.181818181818182,41.81818181818181,0.8339291158789467,355.0,rolled,639.7198084240445,282.6160709837637,23.874475157631636,9.491267296957597,3194.9180913633695,2896.014686985521,1.0009999999993655,0.9520735845278978,2560.787477455235,2553.981911869284,460,rolled,False,0.25095564558050376,0.13392137725278563,0.002664688247917102,0.11703426832771813,0.13125668900486853,0.002664688247917102
False,14.181818181818182,52.72727272727273,0.8316324165577383,355.0,rolled,705.1256313292354,274.01908899206506,28.670084994919126,9.953891210310736,3704.26706390231,3351.99969071881,1.000999999998817,0.9512635146447791,2994.9908045830825,2994.9908045830825,355,rolled,False,0.236820847073673,0.11920199741161652,0.0,0.11761884966205649,0.11920199741161652,0.0
False,14.181818181818182,63.63636363636363,0.8287342126038535,355.0,rolled,707.78313579025,285.026431322519,32.432825485092906,10.39313219073446,4207.423085447617,3789.027679064873,1.0009999999981463,0.9489772391221779,3422.394407931884,3422.394407931884,355,rolled,False,0.22937995565219427,0.10712770868350674,0.0,0.12225224696868753,0.10712770868350674,0.0
False,14.181818181818182,74.54545454545453,0.7825089852828951,355.0,rolled,750.0,300.0,35.0,11.164125313087986,4779.3126850173885,4162.202484272641,1.0009999999982389,0.9332089161865953,3877.89015147114,3877.89015147114,355,rolled,False,0.2324517968112838,0.07331624200176035,0.0,0.15913555480952346,0.07331624200176035,0.0
False,14.181818181818182,85.45454545454545,0.8424527713250188,355.0,rolled,750.0,300.0,35.0,17.838065830329306,5537.9219644965315,5029.736173716522,1.0009999999990002,0.9530137943493173,4346.819839298043,4346.819839298043,355,rolled,False,0.27401690643586374,0.15710711731010263,0.0,0.11690978912576111,0.15710711731010263,0.0
False,14.181818181818182,96.36363636363636,0.9157823494984071,355.0,rolled,750.0,300.0,35.0,21.641005531768347,5970.192126233569,5680.611286658574,1.0009999999995918,0.9754463376775675,4906.367438861052,4726.7747503063865,460,rolled,False,0.2630583096532335,0.20179437073669737,0.03799476345747688,0.06126393891653614,0.1637996072792205,0.03799476345747688
False,14.181818181818182,107.27272727272728,0.8595093403798572,460.0,rolled,750.0,300.0,35.0,23.749886003944205,6958.999721228734,6416.749222004855,1.00099999999901,0.9602495753096265,5228.199585900407,5228.199585900407,460,rolled,False,0.3310508917823278,0.22733440385668713,0.0,0.1037164879256407,0.22733440385668713,0.0
False,14.181818181818182,118.18181818181816,0.8170067716658589,620.0,rolled,750.0,300.0,35.0,25.0,9416.951345454545,8497.831601922839,1.0009999999974974,0.9499459532953552,6598.732761814228,6021.5726386585375,500,rolled,False,0.5638690937642523,0.4112312699454461,0.09584873550313389,0.1526378238188062,0.31538253444231223,0.09584873550313389
False,14.181818181818182,129.0909090909091,0.9334164598871394,690.0,rolled,750.0,300.0,32.18403087659608,25.0,10258.153591781967,9910.281025340633,1.000999999998358,0.9828978527491017,8254.458303230436,7339.357801242832,620,rolled,False,0.3976908974304092,0.35029266779478263,0.12468400189355044,0.047398229635626565,0.22560866590123219,0.12468400189355044
False,14.181818181818182,140.0,0.9368838532422804,690.0,rolled,744.3432537934904,300.0,35.0,25.0,10654.21608262698,10307.669364232424,1.000999999997701,0.9836021952938607,8988.931503757598,8792.358071189423,620,rolled,False,0.21175866546409727,0.17234412893263928,0.022357305170759734,0.03941453653145799,0.14998682376187955,0.022357305170759734
False,15.0,20.0,0.597668623260007,355.0,rolled,549.0535630374862,255.51613743911756,25.468798656608605,8.519192385434156,3051.405783874631,2318.4207377371577,1.0009999999995915,0.8716580470233564,1822.7607913317145,1822.7607913317145,355,rolled,False,0.6740571765564833,0.27192813712177366,0.0,0.4021290394347097,0.27192813712177366,0.0
False,15.0,30.909090909090907,0.8083239186323482,355.0,rolled,612.5752114747964,275.605536733347,25.057318689121786,8.231058043791371,3260.4902023365457,2900.467929941587,1.0009999999980952,0.9431756590371152,2362.270236410251,2362.270236410251,355,rolled,False,0.38023590700242926,0.22783070507174097,0.0,0.1524052019306883,0.22783070507174097,0.0
False,15.0,41.81818181818181,0.8648986309928921,355.0,rolled,701.9073858267036,276.8849662900703,27.24670988156091,9.323496222907508,3734.8583673212975,3449.587726011766,1.0009999999987325,0.9610512066874436,3001.5397178272915,3001.5397178272915,355,rolled,False,0.24431415820971703,0.14927272343702325,0.0,0.09504143477269378,0.14927272343702325,0.0
False,15.0,52.72727272727273,0.7462845132267171,355.0,rolled,720.6911497390622,292.5038049534772,32.573309975273474,10.528565022877107,4589.341869390108,3907.323315147472,1.0009999999979993,0.9227083892342305,3503.587546633667,3503.587546633667,355,rolled,False,0.3098978713403808,0.115234959349517,0.0,0.19466291199086383,0.115234959349517,0.0
False,15.0,63.63636363636363,0.7695546334285238,355.0,rolled,750.0,300.0,35.0,11.372014091158826,5080.035713171049,4391.571124335871,1.0009999999977175,0.9297722449019599,4039.4076811948185,4039.4076811948185,355,rolled,False,0.25761896646897076,0.08718195115103766,0.0,0.1704370153179331,0.08718195115103766,0.0
False,15.0,74.54545454545453,0.8428955223775374,355.0,rolled,750.0,300.0,35.0,18.68522845175253,5959.267677560933,5420.7405018535965,1.00099999999758,0.9537462909732315,4613.23523086532,4613.23523086532,355,rolled,False,0.2917762436413054,0.1750409919671081,0.0,0.1167352516741973,0.1750409919671081,0.0
False,15.0,85.45454545454545,0.9156441672719675,355.0,rolled,750.0,300.0,35.0,24.177815865903927,6619.614576148965,6301.619361704983,1.00099999999805,0.9756852321685074,5502.3756168941045,5101.637723412046,460,rolled,False,0.29754697119529583,0.23521498455017142,0.07855083312619837,0.062331986645124404,0.15666415142397305,0.07855083312619837
False,15.0,96.36363636363636,0.8228144354327909,550.0,rolled,750.0,300.0,35.0,25.0,8987.704424999996,8131.471371859035,1.0009999999982617,0.951174454286138,6282.390347604614,5729.262990800587,460,rolled,False,0.5687365791082468,0.4192875043292037,0.09654424272234974,0.14944907477904312,0.32274326160685396,0.09654424272234974
False,15.0,107.27272727272728,0.9282844120875088,690.0,rolled,750.0,300.0,32.448701603974435,23.443231784597238,10575.834621274838,10192.426794816392,1.000999999999904,0.9817060670117825,8100.457208339521,7317.284243630855,550,rolled,False,0.4453223722285091,0.39292481410547,0.10703055103952797,0.052397558123039145,0.285894263065942,0.10703055103952797
False,15.0,118.18181818181816,0.9808549359843466,690.0,rolled,750.0,300.0,33.45477723506445,24.4364808514617,10943.427373082128,10834.40315070303,1.0009999999981354,0.9950062663637254,9524.780159932196,9238.359339706907,620,rolled,False,0.1845639437347666,0.17276269003049616,0.031003429255478165,0.011801253704270431,0.141759260775018,0.031003429255478165
True,6.0,20.0,0.6265767761484667,355.0,rolled,250.0,165.09004514359265,9.699424855054106,6.0,324.33649032536414,241.32343948751156,1.0009999999992427,0.760322793385876,241.32394330328117,241.32394330328117,355,rolled,False,0.3439880265745445,-2.0877156352572257e-06,0.0,0.3439901142901798,-2.0877156352572257e-06,0.0
True,6.0,30.909090909090907,0.769485220514427,355.0,rolled,278.0672269588805,166.58780975114476,10.30297559226735,6.0,352.009767386153,306.0818726813745,1.0009999999995056,0.9201802752097136,293.1784667866335,293.1784667866335,355,rolled,False,0.2006671951195349,0.0440121201129402,0.0,0.1566550750065947,0.0440121201129402,0.0
True,6.0,41.81818181818181,0.7810799592269425,355.0,rolled,315.2282530140532,173.4843910157009,11.554850696411838,6.0,407.4841663169242,356.58601774174537,1.0009999999982695,0.9239712134614819,342.2463887683556,342.2463887683556,355,rolled,False,0.19061640879057995,0.041898554503362107,0.0,0.14871785428721784,0.041898554503362107,0.0
True,6.0,52.72727272727273,0.8927808853486366,355.0,rolled,363.5567343940594,165.79206276935636,12.152198161130336,6.535173423285152,441.7599959319761,413.35775586463836,1.0009999999981385,0.9673192995535826,381.4244664406149,381.4244664406149,355,rolled,False,0.15818473852608794,0.08372113546364557,0.0,0.07446360306244237,0.08372113546364557,0.0
True,6.0,63.63636363636363,0.8684855873613999,355.0,rolled,381.7684704678145,183.07912728407015,12.843805571213204,6.177999561686864,488.1657520051265,450.01024874498745,1.0009999999992927,0.958030073491682,420.0142340236296,420.0142340236296,355,rolled,False,0.16226001992509298,0.0714166623211876,0.0,0.09084335760390538,0.0714166623211876,0.0
True,6.0,74.54545454545453,0.8819968644733313,355.0,rolled,414.08180789786627,186.6991787310135,13.253587705505002,6.100591732894795,517.2015049292098,482.07119878358145,1.00099999999918,0.9619640507315125,446.8639375548273,446.8639375548273,355,rolled,False,0.15740264868823184,0.07878743006518496,0.0,0.07861521862304688,0.07878743006518496,0.0
True,6.0,85.45454545454545,0.9881326778061004,355.0,rolled,454.96159750368815,184.8360660169916,13.824986507654874,6.0,542.7514264260972,539.1029007245771,1.0009999999980799,0.9959583132337684,477.37692626914094,477.37692626914094,355,rolled,False,0.1369452450663664,0.12930238362764013,0.0,0.007642861438726278,0.12930238362764013,0.0
True,6.0,96.36363636363636,0.948935053555716,355.0,rolled,465.81107299607004,187.63624122024183,15.750303834282091,6.371517934477976,613.7047865079461,594.1213844496577,1.0009999999981478,0.9839155786257835,512.46686792508,512.46686792508,355,rolled,False,0.1975501733268472,0.1593361866596128,0.0,0.03821398666723441,0.1593361866596128,0.0
True,6.0,107.27272727272728,0.94483277801109,355.0,rolled,534.5839718712036,185.00698240740618,14.751520836405374,7.384664297902274,649.7899477088167,627.6789509327813,1.0009999999989836,0.9828387891773674,535.2426456429821,535.2426456429821,355,rolled,False,0.21401004385259692,0.17269981389236322,0.0,0.0413102299602337,0.17269981389236322,0.0
True,6.0,118.18181818181816,0.9755087539357024,355.0,rolled,544.1344461701933,195.23991236637391,14.379304418091492,7.4436811208139755,668.3894669848211,658.0330191592144,1.0009999999979287,0.9922224395230841,564.7428560600844,564.7428560600844,355,rolled,False,0.18352885709404965,0.16519051475917146,0.0,0.018338342334878188,0.16519051475917146,0.0
True,6.0,129.0909090909091,0.9028935678683617,355.0,rolled,548.7029912926249,192.22398380767228,15.009888370022091,8.114193995302179,705.7367341576227,663.9070597474393,1.0009999999998662,0.9699118864054982,594.324631241322,594.324631241322,355,rolled,False,0.18746001269306722,0.11707815030446533,0.0,0.07038186238860189,0.11707815030446533,0.0
True,6.0,140.0,0.8235317948672318,355.0,rolled,588.2166140429049,192.08602251336023,16.22716899778868,9.215853468354068,803.0929800197435,715.9593756699156,1.0009999999997479,0.9441940851470463,627.5758504760335,627.5758504760335,355,rolled,False,0.27967476666059654,0.14083321582059094,0.0,0.1388415508400056,0.14083321582059094,0.0
True,6.818181818181818,20.0,0.7624090877361539,355.0,rolled,256.2716194738774,173.41480883931402,10.855345458238139,6.0,415.67033533454577,344.5027227332443,1.000999999999295,0.8778128622138863,318.7579376671374,318.7579376671374,355,rolled,False,0.30403132350733486,0.08076594187590347,0.0,0.2232653816314314,0.08076594187590347,0.0
True,6.818181818181818,30.909090909090907,0.7534294861255351,355.0,rolled,304.04226919110647,177.99301508160377,12.107242085571311,6.0,481.3002935522117,417.3330520709326,1.0009999999995736,0.9200384596922049,391.217405378461,391.217405378461,355,rolled,False,0.23026298660358724,0.06675481799488825,0.0,0.163508168608699,0.06675481799488825,0.0
True,6.818181818181818,41.81818181818181,0.7876997822889305,355.0,rolled,343.5642421512754,182.32463785999465,13.449191047656527,6.0,546.8179271663274,480.87484238363317,1.0009999999981227,0.9277304881806228,453.9046681994346,453.9046681994346,355,rolled,False,0.20469773826179072,0.059418146746947675,0.0,0.14527959151484304,0.059418146746947675,0.0
True,6.818181818181818,52.72727272727273,0.8733351607574935,355.0,rolled,396.589389020932,187.81371857320065,13.458168362715043,6.0,584.5138554494613,544.9485541293061,1.000999999998262,0.9593901391797772,500.8636251128394,500.8636251128394,355,rolled,False,0.16701198917724636,0.08801782921755374,0.0,0.07899415995969261,0.08801782921755374,0.0
True,6.818181818181818,63.63636363636363,0.9047086907107815,355.0,rolled,413.749448274109,198.03322580591222,13.991148441742835,6.198706563480901,637.5050222115481,600.525110389162,1.0009999999993808,0.9705631108590751,548.9888134965665,548.9888134965665,355,rolled,False,0.16123499521094553,0.09387494904378002,0.0,0.06736004616716551,0.09387494904378002,0.0
True,6.818181818181818,74.54545454545453,0.9755578963466492,355.0,rolled,487.29398122557876,187.0341987529,15.135552139487672,6.314328386750324,686.9164449105984,676.5483651387899,1.0009999999988022,0.9924244782800997,589.9325742722189,589.9325742722189,355,rolled,False,0.16439822933667547,0.14682320428470352,0.0,0.01757502505197195,0.14682320428470352,0.0
True,6.818181818181818,85.45454545454545,0.8775261988382772,355.0,rolled,495.3361719181376,194.6856472761333,16.13017787998855,7.0012263304954026,765.2879907595072,708.5883796463141,1.0009999999987518,0.9622425644386567,633.738385926991,633.738385926991,355,rolled,False,0.20757714500770552,0.11810866341927118,0.0,0.08946848158843435,0.11810866341927118,0.0
True,6.818181818181818,96.36363636363636,0.9213278044761116,355.0,rolled,533.4541325628334,191.4544660275908,16.022014846753596,7.44009096532303,792.8354946267162,755.6662334456491,1.000999999999768,0.9762779167371265,674.2139324503815,674.2139324503815,355,rolled,False,0.17594053825795797,0.12081076506270816,0.0,0.05512977319524981,0.12081076506270816,0.0
True,6.818181818181818,107.27272727272728,0.9368222125055758,355.0,rolled,530.7725542800293,193.5228209986276,17.78516826667373,7.355410164260163,845.9224267048928,813.7352183897277,1.0009999999986163,0.9807905818902332,721.7545869895499,721.7545869895499,355,rolled,False,0.1720360936440306,0.1274403142816598,0.0,0.0445957793623708,0.1274403142816598,0.0
True,6.818181818181818,118.18181818181816,0.982673976778861,355.0,rolled,543.2923652857203,206.22974905196827,18.97716300746345,7.365199211424554,928.1463660173771,917.8306750392046,1.00099999999862,0.9944273259800867,765.2838592685139,765.2838592685139,355,rolled,False,0.21281319967277645,0.19933363800002324,0.0,0.013479561672753215,0.19933363800002324,0.0
True,6.818181818181818,129.0909090909091,0.8793668477697163,355.0,rolled,606.8540466626206,190.81208980209067,19.758722669174254,8.350114534837182,986.692252932864,915.4337332098478,1.0009999999997181,0.9632135796947299,809.9367375252903,809.9367375252903,355,rolled,False,0.21823373014000924,0.13025337757476807,0.0,0.08798035256524117,0.13025337757476807,0.0
True,6.818181818181818,140.0,0.8801911535372166,355.0,rolled,615.6825081007592,188.73307774418174,21.61543010324269,8.553411877131317,1049.1977426948788,973.7976813116417,1.0009999999991324,0.9633978977230984,872.8903969562454,872.8903969562454,355,rolled,False,0.20198108073294696,0.11560132257985467,0.0,0.08637975815309229,0.11560132257985467,0.0
True,7.636363636363637,20.0,0.8157143779831164,355.0,rolled,272.49877308294606,181.60321348723676,12.239547272137306,6.0,534.0720894981768,487.41776482032475,1.000999999997593,0.9489431533585958,410.4402624982554,410.4402624982554,355,rolled,False,0.301217590709554,0.187548613904311,0.0,0.11366897680524302,0.187548613904311,0.0
True,7.636363636363637,30.909090909090907,0.7552981630667253,355.0,rolled,326.0839622384901,190.10810850881592,13.634338650746344,6.0,627.9764663609647,551.4162355261112,1.0009999999974695,0.9278350384561236,505.73617341263,505.73617341263,355,rolled,False,0.24170763211078206,0.09032389715222289,0.0,0.15138373495855917,0.09032389715222289,0.0
True,7.636363636363637,41.81818181818181,0.8007445800725213,355.0,rolled,369.4665724791052,199.6595253634649,14.31596138551178,6.0682284481483375,700.7039342150164,620.084632894455,1.0009999999981976,0.9333891631299593,577.103938384453,577.103938384453,355,rolled,False,0.2141728510406109,0.07447652260062942,0.0,0.13969632843998148,0.07447652260062942,0.0
True,7.636363636363637,52.72727272727273,0.9822009790736006,355.0,rolled,445.8469046603977,193.93470776760358,14.761997404560546,6.0,740.1964404938051,699.1626587441345,1.0009999999997208,0.9668677111628314,636.6691386461515,636.6691386461515,355,rolled,False,0.16260769615408055,0.09815698029729014,0.0,0.06445071585679041,0.09815698029729014,0.0
True,7.636363636363637,63.63636363636363,0.9957454668541572,355.0,rolled,471.46529250089037,203.38304108019872,15.592638597215565,6.084807060093551,812.0148660070612,809.4953080207858,1.000999999999966,0.9984473711130701,695.9762579966414,695.9762579966414,355,rolled,False,0.16672782537788788,0.16310764730812455,0.0,0.0036201780697633357,0.16310764730812455,0.0
True,7.636363636363637,74.54545454545453,0.9263289266954181,355.0,rolled,473.87351330210663,214.85698010077954,16.46528653082505,6.612871892122794,899.2945683179468,859.2030701806397,1.0009999999998849,0.9774553430981541,759.9937607556299,759.9937607556299,355,rolled,False,0.1832920410080945,0.1305396367022411,0.0,0.05275240430585337,0.1305396367022411,0.0
True,7.636363636363637,85.45454545454545,0.9120597274091561,355.0,rolled,524.8819863901847,205.7610053054889,17.936899676225064,7.460088076973781,992.7419235421602,940.6512690631349,1.0009999999987806,0.9734107577927716,821.0715784057063,821.0715784057063,355,rolled,False,0.20908085196395443,0.14563857013491965,0.0,0.06344228182903477,0.14563857013491965,0.0
True,7.636363636363637,96.36363636363636,0.9990654518068911,355.0,rolled,546.9983014581629,215.18033618303522,16.090263263628685,8.067415167268246,997.097602536993,995.9772365047927,1.0009999999995245,0.9994380284714679,885.4130387972486,885.4130387972486,355,rolled,False,0.12613837705785036,0.12487301729567402,0.0,0.0012653597621763435,0.12487301729567402,0.0
True,7.636363636363637,107.27272727272728,0.8918527294708731,355.0,rolled,566.9139262909991,217.51273662180498,19.830991888957815,7.760943178521287,1144.8093333872605,1069.734923943485,1.000999999999648,0.9666550108736374,972.5059662387416,972.5059662387416,355,rolled,False,0.1771746119100106,0.09997774931991987,0.0,0.07719686259009073,0.09997774931991987,0.0
True,7.636363636363637,118.18181818181816,0.9909132545303964,355.0,rolled,587.4120915423154,211.63746160285223,22.026149259874316,7.93258568448425,1227.1132579476166,1219.7078376855018,1.0009999999997516,0.996978018667869,1008.7637482124452,1008.7637482124452,355,rolled,False,0.21645257387777095,0.2091114890348258,0.0,0.007341084842945156,0.2091114890348258,0.0
True,7.636363636363637,129.0909090909091,0.9466872631650485,355.0,rolled,661.3993619996272,199.67837665497393,19.830272228068775,10.395584014051824,1294.5587120133093,1254.5778485878254,1.000999999999389,0.9844370078086288,1053.171608858608,1053.171608858608,355,rolled,False,0.2292001618010846,0.19123781730832534,0.0,0.03796234449275926,0.19123781730832534,0.0
True,7.636363636363637,140.0,0.916699572440131,355.0,rolled,647.3525046370323,202.72620524620012,23.83970515537373,8.830854185648281,1346.655429897131,1279.922009525844,1.000999999999315,0.9749077220071738,1114.1163843552508,1114.1163843552508,355,rolled,False,0.20872060478354104,0.14882253550785585,0.0,0.059898069275685195,0.14882253550785585,0.0
True,8.454545454545455,20.0,0.8153663067772878,355.0,rolled,405.03696243123886,147.96978987058466,12.996763200419785,8.080023339194334,688.4881259739689,620.9952090646273,1.0009999999989787,0.9497206859750804,503.5977986749521,503.5977986749521,355,rolled,False,0.3671388711100274,0.23311740182059348,0.0,0.13402146928943393,0.23311740182059348,0.0
True,8.454545454545455,30.909090909090907,0.7534633911823002,355.0,rolled,378.2051952960197,199.61334219137734,13.904397211251073,6.0,762.673762969453,659.0962204389886,1.000999999999504,0.9184912495800746,630.7869497001437,630.7869497001437,355,rolled,False,0.20908297695759903,0.044879290467727984,0.0,0.16420368648987105,0.044879290467727984,0.0
True,8.454545454545455,41.81818181818181,0.8308689132665452,355.0,rolled,409.6401839185414,207.97037433147608,14.934554490507287,6.0,846.095437048679,767.1922053160224,1.0009999999979757,0.9448610548591205,717.4096387563654,717.4096387563654,355,rolled,False,0.17937561936774538,0.06939210720106215,0.0,0.10998351216668323,0.06939210720106215,0.0
True,8.454545454545455,52.72727272727273,0.9626362381963737,355.0,rolled,486.4519951877981,206.03017352869983,16.31894746423972,6.066934156014307,944.4652608234943,923.399219944691,1.0009999999988808,0.9887537091765808,805.5999538966952,805.5999538966952,355,rolled,False,0.1723750184630799,0.14622551240004378,0.0,0.02614950606303612,0.14622551240004378,0.0
True,8.454545454545455,63.63636363636363,0.9578631792329707,355.0,rolled,496.56775613973633,221.5204031518077,15.665900208481984,6.863303843360702,1009.840581189995,984.5806718533552,1.000999999998881,0.9874139155357624,885.8271517939731,885.8271517939731,355,rolled,False,0.13999732244024177,0.1114817036928557,0.0,0.028515618747386062,0.1114817036928557,0.0
True,8.454545454545455,74.54545454545453,0.9792373276920141,355.0,rolled,528.706874136425,224.54057552910544,16.038263833441384,8.137357837285455,1120.4592930756103,1106.4180020655344,1.0009999999988308,0.9937143815385754,968.3951313197734,968.3951313197734,355,rolled,False,0.15702697880006555,0.14252743150170222,0.0,0.014499547298363336,0.14252743150170222,0.0
True,8.454545454545455,85.45454545454545,0.9873804699509652,355.0,rolled,541.2662128462899,226.8108482560771,17.900716528859014,7.9367769951903995,1208.9674342922744,1199.4080174307373,1.0009999999997898,0.9960386076299982,1050.1554168290577,1050.1554168290577,355,rolled,False,0.1512271563981924,0.14212429723244924,0.0,0.00910285916574316,0.14212429723244924,0.0
True,8.454545454545455,96.36363636363636,0.9229093925648585,355.0,rolled,567.9802622604088,222.4661968851103,21.444279863144306,8.157566800735568,1377.6591174417738,1314.2011163347602,1.0009999999993966,0.9766973975134534,1161.2113106394324,1161.2113106394324,355,rolled,False,0.18639829359150162,0.13175018559807383,0.0,0.054648107993427786,0.13175018559807383,0.0
True,8.454545454545455,107.27272727272728,0.9773513749676456,355.0,rolled,620.5427525531306,204.10712591785295,22.99351522016721,8.44431731222386,1418.8438247403571,1399.761494331865,1.0009999999985923,0.9932526308520209,1248.6831392754018,1247.3930159794309,460,rolled,False,0.1374473053517189,0.12214953619312752,0.0010342556671747438,0.015297769158591379,0.12111528052595277,0.0010342556671747438
True,8.454545454545455,118.18181818181816,0.9524658015079268,355.0,rolled,645.2195548710523,213.55718313113465,22.963969232379142,9.449956294084362,1541.7652780640153,1498.749092284829,1.0009999999998993,0.9859510098695865,1285.189935510621,1285.189935510621,355,rolled,False,0.1996400185404923,0.16616933487683938,0.0,0.03347068366365291,0.16616933487683938,0.0
True,8.454545454545455,129.0909090909091,0.9317785059788849,355.0,rolled,670.8498210812503,212.32319794375752,24.913047175238102,9.708772489931972,1655.0786726235256,1588.8651124615205,1.0009999999986148,0.9797926863887372,1363.0307896626705,1359.5228722374015,460,rolled,False,0.21739671058252985,0.16869318266538946,0.0025802562773333815,0.04870352791714039,0.16611292638805608,0.0025802562773333815
True,8.454545454545455,140.0,0.8921687520079974,355.0,rolled,711.4249558399173,218.4952822137525,25.09620608004051,10.42889393354025,1780.0535765526351,1667.1197104435062,1.000999999998479,0.9677581916052986,1454.9800312964985,1454.9800312964985,355,rolled,False,0.22342131043989055,0.14580246778917982,0.0,0.07761884265071073,0.14580246778917982,0.0
True,9.272727272727272,20.0,0.711012612774847,355.0,rolled,348.40098839171026,191.94420183205995,14.381497360699175,6.0,813.0187779597468,698.3406549961222,1.00099999999944,0.9160335605419276,618.4530890237875,618.4530890237875,355,rolled,False,0.31460056128602476,0.1291732022851324,0.0,0.18542735900089236,0.1291732022851324,0.0
True,9.272727272727272,30.909090909090907,0.6977943135085453,355.0,rolled,403.45921051135167,202.15721164612262,17.594386746190324,6.0,1018.9937752901086,845.3636555338148,1.000999999999298,0.8989290794896081,761.4534867686122,761.4534867686122,355,rolled,False,0.33822195708161074,0.11019736625186805,0.0,0.2280245908297427,0.11019736625186805,0.0
True,9.272727272727272,41.81818181818181,0.7754425387439152,355.0,rolled,416.37287775498913,221.40709531726864,18.393010477992306,6.295419503743106,1151.3569814600812,994.567147629926,1.0009999999998835,0.9263995483613141,881.2556840948919,881.2556840948919,355,rolled,False,0.30649594917802014,0.12857955481037564,0.0,0.1779163943676445,0.12857955481037564,0.0
True,9.272727272727272,52.72727272727273,0.934450484292729,355.0,rolled,470.5289878060006,231.23604776343308,16.890713618762945,6.996034174172538,1187.7130566696783,1141.7646992481052,1.00099999999985,0.9804660051979229,989.9883669803154,989.9883669803154,355,rolled,False,0.19972425564198004,0.15331122802052866,0.0,0.046413027621451386,0.15331122802052866,0.0
True,9.272727272727272,63.63636363636363,0.9027402503208924,355.0,rolled,527.824444208691,213.37405896350478,21.19601877422382,7.20360160894225,1370.8091375196004,1292.9769915981965,1.000999999997975,0.9711960402176376,1106.6209977316942,1106.6209977316942,355,rolled,False,0.2387340745652109,0.1684009197805636,0.0,0.0703331547846473,0.1684009197805636,0.0
True,9.272727272727272,74.54545454545453,0.9839881701831573,355.0,rolled,546.569434010863,234.15524732249168,18.95484473976185,7.506391022374213,1387.501723442972,1373.9216298335095,1.000999999999399,0.9950942454378491,1247.7748019974165,1247.7748019974165,355,rolled,False,0.11198088086238234,0.10109743171136287,0.0,0.010883449151019464,0.10109743171136287,0.0
True,9.272727272727272,85.45454545454545,0.9263010650856934,355.0,rolled,620.6265594598336,213.6628770875779,22.496603165192482,9.443103749160661,1644.8044037322086,1575.4210559187115,1.0009999999998265,0.9786810804926971,1317.098439688467,1317.098439688467,355,rolled,False,0.24880901394223343,0.1961300753581834,0.0,0.05267893858405004,0.1961300753581834,0.0
True,9.272727272727272,96.36363636363636,0.9578643208949922,355.0,rolled,645.5997607752739,213.10780545634637,23.86558961970055,9.099312728677345,1706.3308761020148,1664.9232792462587,1.0009999999990113,0.987791962723986,1414.7279425408665,1414.7279425408665,355,rolled,False,0.20611944162029228,0.17685049484216653,0.0,0.02926894677812575,0.17685049484216653,0.0
True,9.272727272727272,107.27272727272728,0.9986987160155613,355.0,rolled,618.9146402477364,219.96617071730589,25.09987221814685,10.628706996871852,1867.5275485589086,1865.0880890757712,1.000999999999698,0.9993466611396798,1522.6725742575536,1522.6725742575536,355,rolled,False,0.22648005889874545,0.22487796825603001,0.0,0.0016020906427154369,0.22487796825603001,0.0
True,9.272727272727272,118.18181818181816,0.9871675654999564,355.0,rolled,621.2210766019683,230.6219549760474,26.307420315839725,10.621865535959275,1986.315071881736,1970.4143893974165,1.0009999999998036,0.9959893995618587,1645.849345217246,1645.849345217246,355,rolled,False,0.2068632391256624,0.19720215894810766,0.0,0.009661080177554737,0.19720215894810766,0.0
True,9.272727272727272,129.0909090909091,0.9538835045358798,355.0,rolled,686.6825820165093,227.64536541614183,26.926074159109884,11.059033640619521,2104.7792778918774,2047.782086473087,1.0009999999986183,0.9863671273683394,1740.933618872136,1740.933618872136,355,rolled,False,0.20899456192675436,0.17625512212219951,0.0,0.03273943980455485,0.17625512212219951,0.0
True,9.272727272727272,140.0,0.9404977631326832,355.0,rolled,709.3657202872728,230.03242705989817,28.11528949667279,11.561159579544713,2239.012915826993,2160.746287460265,1.0009999999995023,0.9823666001891072,1902.270024824972,1856.5687456377927,460,rolled,False,0.20599515697320325,0.1638385556889128,0.02461599081346133,0.04215660128429044,0.13922256487545148,0.02461599081346133
True,10.09090909090909,20.0,0.922510751092573,355.0,rolled,473.7642351585115,169.24251714331191,12.996763200419785,8.30415316698808,965.4974608012911,927.669298547514,1.0009999999989734,0.9802142772222397,742.9343178494156,742.9343178494156,355,rolled,False,0.2995731084224684,0.2486558720733938,0.0,0.050917236349074635,0.2486558720733938,0.0
True,10.09090909090909,30.909090909090907,0.830717331337198,355.0,rolled,460.71266547399836,201.83061286114406,19.025236077771225,6.1957008395059034,1224.8888231875244,1069.0246512970693,1.000999999999752,0.9292456538330043,915.5475138288588,915.5475138288588,355,rolled,False,0.3378757570592781,0.16763426818381344,0.0,0.17024148887546464,0.16763426818381344,0.0
True,10.09090909090909,41.81818181818181,0.9599572078634271,355.0,rolled,525.2604488110068,208.42587958870968,18.38318673727284,6.714001999119189,1301.530355185398,1271.6326995635238,1.0009999999994013,0.9884476945830099,1059.829316571149,1059.829316571149,355,rolled,False,0.22805656989770862,0.1998466919915174,0.0,0.028209877906191227,0.1998466919915174,0.0
True,10.09090909090909,52.72727272727273,0.95262791322449,355.0,rolled,497.1892465158378,232.9166849799472,19.36782266215854,6.8710467428369055,1447.7567135790512,1407.6478011717932,1.0009999999980044,0.9860506174257351,1213.1595349712586,1213.1595349712586,355,rolled,False,0.19337702243205013,0.1603154907447042,0.0,0.033061531687345935,0.1603154907447042,0.0
True,10.09090909090909,63.63636363636363,0.9149286823905748,355.0,rolled,574.7503833254375,221.37417425055276,22.292323330707898,7.953725700697333,1675.459766150985,1593.7936675602732,1.0009999999983377,0.975324304751757,1357.496004947102,1357.496004947102,355,rolled,False,0.2342281377220503,0.17406877202734683,0.0,0.06015936569470348,0.17406877202734683,0.0
True,10.09090909090909,74.54545454545453,0.8879224192147667,355.0,rolled,627.8297252322294,230.82716397901652,22.5923071271127,9.20715974468655,1878.5677025506734,1757.6677112726586,1.0009999999987649,0.9672861327163449,1486.8770563048004,1486.8770563048004,355,rolled,False,0.2634317643042432,0.18212040721162892,0.0,0.08131135709261428,0.18212040721162892,0.0
True,10.09090909090909,85.45454545454545,0.9992208128053209,355.0,rolled,643.0231157486825,225.1174225421234,22.871417022802184,10.37016156304425,1961.475388074626,1959.5556752391244,1.0009999999982313,0.9995105259064075,1614.031417022214,1614.031417022214,355,rolled,False,0.21526468901914186,0.21407529901393163,0.0,0.0011893900052102335,0.21407529901393163,0.0
True,10.09090909090909,96.36363636363636,0.9685102078332931,355.0,rolled,690.2990778736001,224.58020029746638,24.918950090618335,10.408028088383878,2124.0822202578233,2085.888881364898,1.0009999999986263,0.9909686665470873,1788.8199315380907,1771.028921502606,460,rolled,False,0.19934925650772217,0.17778363528651675,0.010045578488006912,0.021565621221205422,0.16773805679850984,0.010045578488006912
True,10.09090909090909,107.27272727272728,0.9871258632761418,355.0,rolled,664.8274250721347,238.98326726808534,26.114022670017004,10.358205438440542,2239.276765101905,2221.629500803461,1.0009999999994172,0.9960518121655695,1916.4589042949708,1916.4589042949708,355,rolled,False,0.16844496904341022,0.15923670255833455,0.0,0.009208266485075667,0.15923670255833455,0.0
True,10.09090909090909,118.18181818181816,0.9898706123566577,355.0,rolled,725.9815895271486,236.28483603324668,26.358039099291382,10.605387398782492,2330.7639417681526,2316.233121341578,1.000999999998663,0.9968779466190427,2076.30196798726,2076.30196798726,355,rolled,False,0.1225553786030289,0.11555696476409172,0.0,0.006998413838937179,0.11555696476409172,0.0
True,10.09090909090909,129.0909090909091,0.927505240566591,355.0,rolled,750.0,235.58313635594305,30.222366712936424,10.673606299172883,2569.0647083835684,2460.891573641428,1.0009999999995705,0.9787205743118648,2210.304923798717,2210.304923798717,355,rolled,False,0.16231234917952975,0.11337198191281361,0.0,0.048940367266716134,0.11337198191281361,0.0
True,10.09090909090909,140.0,0.8883486562737117,355.0,rolled,750.0,246.7761125583564,32.501376507048256,10.417646899009263,2756.677716067604,2573.6231013629663,1.0009999999981225,0.9662276812066921,2388.205677583476,2328.49511615869,460,rolled,False,0.1838881245391164,0.10527313693002838,0.025643412782110575,0.07861498760908803,0.0796297241479178,0.025643412782110575
True,10.90909090909091,20.0,0.9396191067354455,355.0,rolled,508.127871522148,180.6970625978574,12.996763200419785,9.497302667016488,1192.7268646254802,1156.7117805976732,1.000999999998408,0.984786482527761,893.7291943214849,893.7291943214849,355,rolled,False,0.33455063592388634,0.2942531003206663,0.0,0.040297535603220025,0.2942531003206663,0.0
True,10.90909090909091,30.909090909090907,0.8197977395683381,355.0,rolled,406.1009933131407,237.29510753767244,19.57168743032841,6.0,1477.4542949053382,1348.0758976752122,1.0009999999995038,0.9504801564581613,1088.9504710209037,1088.9504710209037,355,rolled,False,0.3567690489359059,0.23795887283227435,0.0,0.11881017610363154,0.23795887283227435,0.0
True,10.90909090909091,41.81818181818181,0.9595268238633033,355.0,rolled,529.3637467459117,236.6658263146694,18.33738240879474,7.15492527663252,1569.3319034024967,1532.4006747574722,1.0009999999997854,0.9881634025690799,1270.814818254924,1270.814818254924,355,rolled,False,0.23490211229791513,0.20584104996647468,0.0,0.029061062331440457,0.20584104996647468,0.0
True,10.90909090909091,52.72727272727273,0.956058791912676,355.0,rolled,561.6359198325391,237.03387093391927,19.652222175598276,8.656008161484865,1779.3045649732178,1735.0493763723503,1.0009999999977575,0.9874856034825825,1441.605296538102,1441.605296538102,355,rolled,False,0.23425223897697456,0.2035536915263354,0.0,0.030698547450639158,0.2035536915263354,0.0
True,10.90909090909091,63.63636363636363,0.9479491245210447,355.0,rolled,652.8273775389783,236.5719679966689,22.770585791172387,7.835448246768319,1997.1671290764318,1937.0082697311784,1.0009999999985384,0.9848237935401811,1652.8026644341987,1646.7666813117896,460,rolled,False,0.21278087038141824,0.1762493689683997,0.003665354170027779,0.03653150141301853,0.17258401479837193,0.003665354170027779
True,10.90909090909091,74.54545454545453,0.9976849334775537,355.0,rolled,608.5758996028397,238.8504504411205,24.338869979454202,9.293451613774945,2164.063021550345,2160.057550652561,1.0009999999998764,0.9990741198362232,1847.0428217431545,1797.093634182035,460,rolled,False,0.20420159550303008,0.2019727350688283,0.027794426851806442,0.002228860434201785,0.17417830821702185,0.027794426851806442
True,10.90909090909091,85.45454545454545,0.9944806171034902,355.0,rolled,692.4222745917863,238.02277662224637,24.32498203104111,9.760377887299947,2296.911631658038,2288.7077629776977,1.0009999999978545,0.9982125548261138,2002.4625944633783,2002.4625944633783,355,rolled,False,0.14704346438669247,0.1429465745356544,0.0,0.004096889851038066,0.1429465745356544,0.0
True,10.90909090909091,96.36363636363636,0.9590810343379483,355.0,rolled,706.2047302598953,242.7757661128074,27.345082412841244,9.695277347612725,2519.463154857603,2460.132592565537,1.0009999999990655,0.9881554074968335,2197.559639317925,2197.559639317925,355,rolled,False,0.14648226595551694,0.11948388045983083,0.0,0.026998385495686117,0.11948388045983083,0.0
True,10.90909090909091,107.27272727272728,0.9536592871486164,355.0,rolled,705.1256313292354,246.3313955791919,30.108929592018786,10.12071076612286,2746.593870041653,2672.353720576635,1.0009999999977721,0.9863924690402199,2388.297343467485,2388.297343467485,355,rolled,False,0.15002174145283353,0.11893677220975296,0.0,0.031084969243080574,0.11893677220975296,0.0
True,10.90909090909091,118.18181818181816,0.9123004336968636,355.0,rolled,716.0246795494162,256.8812799740994,32.573309975273474,9.682623461008905,2962.186409943859,2808.102631089152,1.0009999999988,0.9736442326125141,2601.5036778796957,2601.5036778796957,355,rolled,False,0.13864394470436836,0.07941520704588845,0.0,0.05922873765847991,0.07941520704588845,0.0
True,10.90909090909091,129.0909090909091,0.7935616437309089,355.0,rolled,750.0,276.10811449925035,35.0,11.165759299336582,3461.4909210968826,3023.2064629611828,1.0009999999993593,0.9345494908899127,2783.72243570426,2728.4009592725315,460,rolled,False,0.26868850024880997,0.10805065241116707,0.020276153416424192,0.1606378478376429,0.08777449899474288,0.020276153416424192
True,10.90909090909091,140.0,0.7955377664532746,355.0,rolled,750.0,291.89009006580653,35.0,11.922681899425205,3669.72410210339,3204.9751720863246,1.0009999999987587,0.9345351215972186,2992.2291834657826,2907.631199570768,460,rolled,False,0.26210095098894404,0.10226330373654391,0.029095156190201532,0.15983764725240013,0.07316814754634238,0.029095156190201532
True,11.727272727272728,20.0,0.9785455149712373,355.0,rolled,542.4915078857844,192.15160805240288,12.996763200419785,9.497302667016488,1368.4494920046195,1353.621711876972,1.000999999997576,0.9945675139030754,1061.0441516058863,1061.0441516058863,355,rolled,False,0.28971965015167034,0.27574494409895256,0.0,0.013974706052717778,0.27574494409895256,0.0
True,11.727272727272728,30.909090909090907,0.9132608566307957,355.0,rolled,534.7438751351386,223.00120504307137,17.154540391204,7.857359584127179,1601.0887929150053,1526.4463441318928,1.000999999999775,0.9764118977573163,1290.0501267580532,1290.0501267580532,355,rolled,False,0.24110587620234925,0.18324576113016056,0.0,0.05786011507218869,0.18324576113016056,0.0
True,11.727272727272728,41.81818181818181,0.9721395414006524,355.0,rolled,593.2243160636446,230.26135125328733,18.33738240879474,8.774809396407086,1842.3406855581666,1814.3866014379735,1.000999999999411,0.9923844340280081,1482.922585855888,1482.922585855888,355,rolled,False,0.24237145157165152,0.22352078169392553,0.0,0.01885066987772599,0.22352078169392553,0.0
True,11.727272727272728,52.72727272727273,0.9733312699821218,355.0,rolled,576.6840596472624,243.06040116192855,22.255721952522443,7.955203216454743,2080.659259344112,2048.851332866718,1.0009999999985608,0.9923268478831234,1747.8813489218207,1747.8813489218207,355,rolled,False,0.19038930224157657,0.1721913127172794,0.0,0.018197989524297187,0.1721913127172794,0.0
True,11.727272727272728,63.63636363636363,0.9299032904789944,355.0,rolled,647.1896475066658,248.66405228724562,23.871953013079352,8.82451390631445,2372.24849563802,2278.459352036629,1.0009999999999688,0.9800326682002378,2045.711369223295,1979.0906999138213,460,rolled,False,0.19865577446315053,0.1512657566102673,0.03366226182174192,0.047390017852883215,0.11760349478852539,0.03366226182174192
True,11.727272727272728,74.54545454545453,0.9998891135663948,355.0,rolled,659.8705390143115,249.3713947209744,24.816313259733327,10.662311366499424,2610.2049046976576,2608.6162323118665,1.000999999999093,0.9996956342031809,2216.73184965606,2216.73184965606,355,rolled,False,0.17750142179021222,0.1767847485552254,0.0,0.0007166732349868088,0.1767847485552254,0.0
True,11.727272727272728,85.45454545454545,0.9930454399945906,355.0,rolled,705.2019234269859,256.264987838002,26.02518028808418,9.712046298809309,2720.5954363128462,2708.6275208316556,1.0009999999993318,0.9977980727889191,2462.677694524864,2462.677694524864,355,rolled,False,0.10473061187072785,0.09987089534842442,0.0,0.004859716522303437,0.09987089534842442,0.0
True,11.727272727272728,96.36363636363636,0.9668952593179849,355.0,rolled,727.0981629609062,252.39409768216132,29.751635474152085,10.727498753694084,3065.8546271176133,3007.3884339063266,1.000999999998259,0.9904190463214035,2703.5807115927173,2703.5807115927173,355,rolled,False,0.1339978177723702,0.11237235160426629,0.0,0.021625466168103902,0.11237235160426629,0.0
True,11.727272727272728,107.27272727272728,0.936421681028131,355.0,rolled,738.2623887451708,268.15336243254967,30.417251600342663,12.014086951303419,3379.8720678148575,3255.2179255077394,1.0009999999978987,0.9813861015377372,2957.147491077795,2937.489157347384,460,rolled,False,0.1505989934842702,0.10816338414922733,0.0066922234185071705,0.04243560933504287,0.10147116073072016,0.0066922234185071705
True,11.727272727272728,118.18181818181816,0.801419362800932,355.0,rolled,750.0,293.5721250732464,35.0,10.871392743051816,3862.4135082529224,3392.917049871353,1.0009999999997923,0.937253859377597,3198.796391547415,3160.0494447625265,460,rolled,False,0.22226363092340073,0.07369112704700931,0.012261500163900374,0.14857250387639143,0.061429626883108934,0.012261500163900374
True,11.727272727272728,129.0909090909091,0.8303587263937213,355.0,rolled,750.0,300.0,35.0,13.27453347514804,4150.490020957356,3721.1068581838676,1.000999999999205,0.9468613378798183,3423.25493983864,3358.1079283394,460,rolled,False,0.23596087723416104,0.10809626658544369,0.019399915931664236,0.12786461064871735,0.08869635065377945,0.019399915931664236
True,11.727272727272728,140.0,0.8781685560836072,355.0,rolled,750.0,300.0,35.0,15.747223971692824,4382.908519265042,4060.492496774944,1.0009999999996166,0.9625164333934663,3631.440987809016,3576.995517433856,460,rolled,False,0.22530444835708074,0.1351684610686763,0.015221006039789264,0.09013598728840444,0.11994745502888704,0.015221006039789264
True,12.545454545454549,20.0,0.7906578867018077,355.0,rolled,527.979727567711,225.72424533122884,16.652476542594286,7.053531832931007,1627.6011220823682,1438.7035783345093,1.000999999998949,0.9401814356933755,1212.3908752045115,1212.3908752045115,355,rolled,False,0.3424722631699262,0.18666645201517396,0.0,0.15580581115475223,0.18666645201517396,0.0
True,12.545454545454549,30.909090909090907,0.9261057631375228,355.0,rolled,593.0096405396173,242.35339398624436,17.154540391204,7.857359584127179,1878.6694276014032,1802.6364760873182,1.0009999999977401,0.9795551524975052,1481.0813508506612,1481.0813508506612,355,rolled,False,0.26844445548003604,0.2171083479323883,0.0,0.051336107547647725,0.2171083479323883,0.0
True,12.545454545454549,41.81818181818181,0.9485499282816788,355.0,rolled,627.5879524272809,245.43629010727344,19.2853940076975,8.774809396407086,2164.111312811426,2104.1526759465905,1.00099999999813,0.9860497486531128,1783.0201996892802,1783.0201996892802,355,rolled,False,0.213733480522855,0.18010591036112378,0.0,0.033627570161731235,0.18010591036112378,0.0
True,12.545454545454549,52.72727272727273,0.9301148060829969,355.0,rolled,661.1643232579654,248.57427539760178,23.054251578666232,9.182821546771187,2529.9651542678944,2432.9835875561366,1.0009999999983779,0.9806461323906661,2134.718346358876,2087.7440020066583,460,rolled,False,0.21181770937250466,0.16536490355984612,0.022500049961617696,0.04645280581265854,0.14286485359822843,0.022500049961617696
True,12.545454545454549,63.63636363636363,0.9797994022498799,355.0,rolled,676.6317610330127,259.4810589057598,23.576661642841994,10.811033250982385,2815.5578500597167,2783.2947862302235,1.000999999999332,0.9942540655632,2393.181985113689,2393.181985113689,355,rolled,False,0.1764913272677684,0.1630100859621848,0.0,0.013481241305583591,0.1630100859621848,0.0
True,12.545454545454549,74.54545454545453,0.9771383876195451,355.0,rolled,705.2019234269859,270.56322900959583,25.0301553353113,10.560933766663922,3025.9301673766,2986.242009616314,1.0009999999997858,0.9934203445352068,2689.930765449427,2689.930765449427,355,rolled,False,0.12491005576905057,0.11015571403280355,0.0,0.014754341736247012,0.11015571403280355,0.0
True,12.545454545454549,85.45454545454545,0.9328522328557498,355.0,rolled,705.1256313292354,262.2015705989614,32.30753787975412,9.604540333274564,3414.9177787759577,3282.3403249016333,1.0009999999988068,0.9803963333462888,2997.3064139092285,2997.3064139092285,355,rolled,False,0.13932888640573138,0.09509668736892674,0.0,0.04423219903680464,0.09509668736892674,0.0
True,12.545454545454549,96.36363636363636,0.9841879108383814,355.0,rolled,737.6793268184231,281.8814180529621,32.573309975273474,9.561746564444377,3666.330829268818,3630.394213676341,1.000999999998262,0.9950870349232901,3328.1569354355865,3286.35898355342,460,rolled,False,0.11562091896136928,0.10468583372803919,0.012718620239403178,0.010935085233330089,0.09196721348863601,0.012718620239403178
True,12.545454545454549,107.27272727272728,0.8269743108679822,355.0,rolled,750.0,300.0,35.0,11.542206863160448,4265.870349537065,3820.38195849581,1.0009999999980153,0.9463451630935196,3602.6314037799543,3571.295426634208,460,rolled,False,0.19448822903947316,0.06974682912087049,0.00877440071522706,0.12474139991860267,0.06097242840564343,0.00877440071522706
True,12.545454545454549,118.18181818181816,0.8759251990981256,355.0,rolled,750.0,300.0,35.0,15.493926350944179,4663.223276011063,4318.381517188684,1.0009999999992598,0.9623153186566016,3872.980097330062,3837.483424001443,460,rolled,False,0.21517743812130918,0.1253160053225184,0.009249987402318416,0.08986143279879077,0.1160660179202,0.009249987402318416
True,12.545454545454549,129.0909090909091,0.9121013828250019,355.0,rolled,750.0,300.0,35.0,20.351638847756327,5151.675526365542,4883.807091242943,1.0009999999996635,0.9736547788525058,4207.808416334001,4106.19381133988,460,rolled,False,0.25461090320150137,0.18937568844304553,0.024746665564956194,0.06523521475845584,0.16462902287808934,0.024746665564956194
True,12.545454545454549,140.0,0.9632867905343098,355.0,rolled,750.0,300.0,35.0,23.027467822072133,5420.735229863023,5302.41294830985,1.0009999999984487,0.9890259256987519,5031.3200482783495,4431.563898254406,460,rolled,False,0.2232104409006157,0.19651054798024514,0.13533735805100044,0.02669989292037056,0.0611731899292447,0.13533735805100044
True,13.363636363636363,20.0,0.677424532370109,355.0,rolled,562.9186415769984,243.47107154109545,16.985740997449227,10.595746792059321,2185.613656087712,1795.4906113636168,1.000999999998771,0.9063686416588098,1408.076363691634,1408.076363691634,355,rolled,False,0.5521982418322571,0.2751372423128222,0.0,0.27706099951943486,0.2751372423128222,0.0
True,13.363636363636363,30.909090909090907,0.7971109520022136,355.0,rolled,651.8606182452146,246.36230473589862,18.63382539469451,11.52342975162731,2561.7417442435835,2285.017065981296,1.0009999999987378,0.9444458255577046,1720.040315347003,1720.040315347003,355,rolled,False,0.48934982592357135,0.3284671560272785,0.0,0.16088266989629285,0.3284671560272785,0.0
True,13.363636363636363,41.81818181818181,0.9043691334186722,355.0,rolled,659.798861019945,247.10726231683452,24.521116858373993,8.812979670138839,2756.699342220635,2609.469296950003,1.0009999999993124,0.9729295506213022,2141.152823065344,2138.6377928116376,460,rolled,False,0.28899776833946267,0.2201548601268144,0.0011759963571951193,0.06884290821264827,0.21897886376961928,0.0011759963571951193
True,13.363636363636363,52.72727272727273,0.9178333269004797,355.0,rolled,677.4440617068361,273.97314130710345,23.02643793660238,9.518056285171308,2933.995732297219,2800.575901042321,1.0009999999982981,0.9769985851598904,2503.477994394611,2503.477994394611,355,rolled,False,0.17196785386832025,0.1186740635679342,0.0,0.05329379030038606,0.1186740635679342,0.0
True,13.363636363636363,63.63636363636363,0.9282466845252895,355.0,rolled,704.1928956019995,274.3480215371197,26.18263729832828,10.529156725052802,3343.9479125131625,3209.924505954725,1.000999999997639,0.9797553805942698,2942.666807874382,2942.666807874382,355,rolled,False,0.13636647668196034,0.09082159671124823,0.0,0.045544879970712104,0.09082159671124823,0.0
True,13.363636363636363,74.54545454545453,0.9053706913918755,355.0,rolled,704.1928956019995,272.7484501125601,32.251573736119965,9.647404566179667,3743.242350847252,3539.1419220655457,1.0009999999985568,0.972355368528224,3246.8124640164788,3246.8124640164788,355,rolled,False,0.15289761645693067,0.09003583092305867,0.0,0.062861785533872,0.09003583092305867,0.0
True,13.363636363636363,85.45454545454545,0.7836072000411292,355.0,rolled,750.0,296.565699268312,35.0,11.3624821494647,4486.962462921348,3905.14189677431,1.0009999999983559,0.9329152477434945,3626.480295778446,3626.480295778446,355,rolled,False,0.23727749690094324,0.07684078728354105,0.0,0.1604367096174022,0.07684078728354105,0.0
True,13.363636363636363,96.36363636363636,0.850175383128554,355.0,rolled,750.0,300.0,35.0,13.697023495070848,4774.880916931556,4351.633159911744,1.000999999997693,0.9546515153110704,3985.542327810074,3985.0843936185074,460,rolled,False,0.1981881549554596,0.09198017660057767,0.0001149120435943729,0.10620797835488194,0.0918652645569833,0.0001149120435943729
True,13.363636363636363,107.27272727272728,0.9106793315472642,355.0,rolled,750.0,300.0,34.010110096522396,20.243746010086845,5388.8578654956855,5108.90625022175,1.000999999999125,0.9736785489318206,4315.021962918399,4299.585213933902,460,rolled,False,0.25334365929804514,0.18823235173128716,0.003590287950212101,0.06511130756675798,0.18464206378107506,0.003590287950212101
True,13.363636363636363,118.18181818181816,0.954971320314037,355.0,rolled,750.0,300.0,35.0,22.743217671232586,5743.8155094641415,5592.5823835765295,1.0009999999989687,0.9867473169464575,5228.730538579276,4639.765192767582,460,rolled,False,0.2379539202581935,0.2053589246917471,0.12693861032661014,0.032594995566446405,0.07842031436513697,0.12693861032661014
True,13.363636363636363,129.0909090909091,0.8695834342091,460.0,rolled,750.0,300.0,35.0,25.0,6707.570410227272,6216.747670342258,1.0009999999998624,0.962717796306515,5011.593967074791,5011.593967074791,460,rolled,False,0.3384105843958469,0.24047313313590357,0.0,0.09793745125994335,0.24047313313590357,0.0
True,13.363636363636363,140.0,0.8137680275338721,620.0,rolled,750.0,300.0,35.0,25.0,8873.665690909089,7983.005667807078,1.0009999999978756,0.9484876650700244,6230.736079821431,5775.260737408862,500,rolled,False,0.5364961158256487,0.38227623492350693,0.07886662838653469,0.15421988090214178,0.30340960653697224,0.07886662838653469
True,14.181818181818182,20.0,0.6771373616143606,355.0,rolled,587.6648942876366,248.96278025725934,18.61723302916832,10.742429704101971,2537.951103190898,2085.419316080318,1.0009999999981694,0.9064734128403867,1593.8777053579288,1593.8777053579288,355,rolled,False,0.5923123177263863,0.30839355432981996,0.0,0.2839187633965663,0.30839355432981996,0.0
True,14.181818181818182,30.909090909090907,0.7269297671061943,355.0,rolled,624.2578756100356,275.1511287494922,21.79523535453111,8.850950002470254,2863.9874075248226,2419.8748848244113,1.0009999999994688,0.9192018802102211,2008.2518170171472,2008.2518170171472,355,rolled,False,0.4261097055939418,0.20496586350343615,0.0,0.22114384209050564,0.20496586350343615,0.0
True,14.181818181818182,41.81818181818181,0.8594617612437857,355.0,rolled,695.6436158713383,268.11787916423185,25.045271359226376,9.37673220799664,3256.795598975825,2999.1386830301303,1.000999999999739,0.9596282466975936,2560.787477455235,2553.981911869284,460,rolled,False,0.2751835022167972,0.17429910881202426,0.002664688247917102,0.10088439340477295,0.17163442056410716,0.002664688247917102
True,14.181818181818182,52.72727272727273,0.8268481031392452,355.0,rolled,706.1346591542218,275.4354091263642,28.509888391310817,10.117222596556651,3723.0252140389903,3358.588966717486,1.0009999999992822,0.9497962263335464,2994.9908045830825,2994.9908045830825,355,rolled,False,0.24308402160762355,0.12140209631963073,0.0,0.12168192528799282,0.12140209631963073,0.0
True,14.181818181818182,63.63636363636363,0.833434092150115,355.0,rolled,708.3562751174709,284.0887079478116,32.501376507048256,10.018556019266171,4164.2411850230465,3761.825560070238,1.0009999999989372,0.950454626316696,3422.394407931884,3422.394407931884,355,rolled,False,0.2167625027003981,0.09917943745807745,0.0,0.11758306524232065,0.09917943745807745,0.0
True,14.181818181818182,74.54545454545453,0.7823428071511099,355.0,rolled,750.0,300.0,35.0,11.186644876464971,4781.872424605039,4163.960920619509,1.0009999999987307,0.9331561653085374,3877.89015147114,3877.89015147114,355,rolled,False,0.23311188244745873,0.07376969382174048,0.0,0.15934218862571825,0.07376969382174048,0.0
True,14.181818181818182,85.45454545454545,0.8550129174710064,355.0,rolled,750.0,300.0,35.0,16.27300834413061,5360.025993011397,4907.775600317326,1.0009999999990649,0.9568831359712932,4346.819839298043,4346.819839298043,355,rolled,False,0.23309136131047348,0.1290496919030053,0.0,0.10404166940746817,0.1290496919030053,0.0
True,14.181818181818182,96.36363636363636,0.9164537689420574,355.0,rolled,750.0,300.0,35.0,21.566344410182793,5961.705592752368,5674.851986319775,1.0009999999999937,0.9756454119121372,4906.367438861052,4726.7747503063865,460,rolled,False,0.26126289228525934,0.20057592885126052,0.03799476345747688,0.06068696343399882,0.16258116539378364,0.03799476345747688
True,14.181818181818182,107.27272727272728,0.8586220297523143,460.0,rolled,750.0,300.0,35.0,23.85638646058488,6972.565642420757,6425.712145696662,1.0009999999975017,0.9599847354144915,5228.199585900407,5228.199585900407,460,rolled,False,0.33364565140638813,0.22904874615455562,0.0,0.10459690525183252,0.22904874615455562,0.0
True,14.181818181818182,118.18181818181816,0.8170067716658589,620.0,rolled,750.0,300.0,35.0,25.0,9416.951345454545,8497.831601922839,1.0009999999974974,0.9499459532953552,6598.732761814228,6021.5726386585375,500,rolled,False,0.5638690937642523,0.4112312699454461,0.09584873550313389,0.1526378238188062,0.31538253444231223,0.09584873550313389
True,14.181818181818182,129.0909090909091,0.9003109889512233,690.0,rolled,750.0,300.0,33.3866873050889,24.957805609105176,10436.189991822866,9902.17656152196,1.000999999999677,0.9740793675878192,8254.458303230436,7339.357801242832,620,rolled,False,0.4219486601478435,0.34918842079686385,0.12468400189355044,0.07276023935097964,0.2245044189033134,0.12468400189355044
True,14.181818181818182,140.0,0.943288617468839,690.0,rolled,750.0,300.0,34.53501266394057,25.0,10622.042752268362,10312.501098996856,1.0009999999989339,0.9853215500601438,8988.931503757598,8792.358071189423,620,rolled,False,0.20809942751016974,0.17289366692066377,0.022357305170759734,0.035205760589505974,0.15053636174990404,0.022357305170759734
True,15.0,20.0,0.6676497858245882,355.0,rolled,604.0498731816756,268.16216347255624,20.89800986279563,8.036235670059613,2780.4735042847124,2246.677786846296,1.0009999999974455,0.8988992441167284,1822.7607913317145,1822.7607913317145,355,rolled,False,0.5254187590096724,0.2325686384799106,0.0,0.2928501205297618,0.2325686384799106,0.0
True,15.0,30.909090909090907,0.7432970391602761,355.0,rolled,602.8471000509758,277.35089310255245,25.45154733304941,8.398262923046012,3315.6297632020264,2825.7589128818536,1.0009999999998513,0.9231760697169191,2362.270236410251,2362.270236410251,355,rolled,False,0.4035776737552761,0.19620476494506756,0.0,0.20737290881020853,0.19620476494506756,0.0
True,15.0,41.81818181818181,0.7504628057174748,355.0,rolled,687.9283398991153,282.1887011874748,28.732767456604883,9.658427669935014,3943.6316842209358,3378.502320315327,1.0009999999993393,0.9255799475457931,3001.5397178272915,3001.5397178272915,355,rolled,False,0.3138695652761814,0.1255897432404811,0.0,0.18827982203570026,0.1255897432404811,0.0
True,15.0,52.72727272727273,0.7638527038561918,355.0,rolled,718.2133783086063,291.5372136433414,32.30753787975412,9.835672823593663,4467.119044913537,3851.80569099082,1.0009999999983974,0.9285780685450844,3503.587546633667,3503.587546633667,355,rolled,False,0.2750128219874668,0.09938902331461064,0.0,0.17562379867285616,0.09938902331461064,0.0
True,15.0,63.63636363636363,0.7694575216488836,355.0,rolled,750.0,300.0,35.0,11.385898981435782,5081.70502556251,4392.724557857762,1.000999999997763,0.9297415927335348,4039.4076811948185,4039.4076811948185,355,rolled,False,0.2580322231945129,0.0874674963628419,0.0,0.170564726831671,0.0874674963628419,0.0
True,15.0,74.54545454545453,0.8426745376064053,355.0,rolled,750.0,300.0,35.0,18.71299215798407,5962.605572057811,5423.004152010792,1.0009999999995016,0.9536783589899643,4613.23523086532,4613.23523086532,355,rolled,False,0.292499791071652,0.17553167801364866,0.0,0.11696811305800336,0.17553167801364866,0.0
True,15.0,85.45454545454545,0.915160955465469,355.0,rolled,750.0,300.0,35.0,24.22961135659586,6625.8416944559285,6305.705067488571,1.0009999999984298,0.9755427354954918,5502.3756168941045,5101.637723412046,460,rolled,False,0.29876758281936056,0.23601584615679605,0.07855083312619837,0.0627517366625645,0.15746501303059768,0.07855083312619837
True,15.0,96.36363636363636,0.8228144354327909,550.0,rolled,750.0,300.0,35.0,25.0,8987.704424999996,8131.471371859035,1.0009999999982617,0.951174454286138,6282.390347604614,5729.262990800587,460,rolled,False,0.5687365791082468,0.4192875043292037,0.09654424272234974,0.14944907477904312,0.32274326160685396,0.09654424272234974
True,15.0,107.27272727272728,0.9711324592229986,690.0,rolled,750.0,300.0,31.090036587385548,23.350150106712835,10333.089320463223,10181.664055011961,1.0009999999976307,0.9926457555451633,8100.457208339521,7317.284243630855,550,rolled,False,0.4121481380824312,0.39145394876170525,0.10703055103952797,0.020694189320725975,0.2844233977221773,0.10703055103952797
True,15.0,118.18181818181816,0.9305157765355188,690.0,rolled,750.0,300.0,35.0,25.0,11310.976687499999,10909.1891493591,1.00099999999744,0.9820784521951281,9524.780159932196,9238.359339706907,620,rolled,False,0.22434907233851398,0.18085785021057643,0.031003429255478165,0.043491222127937545,0.14985442095509827,0.031003429255478165
