k,label_frac,n_labels,span_m,load_kNm,feasible,reference,achieved,gap,util,section_class,h,b,tf,tw,fy,section_type,grade_match,n_ec3
1,1.0,142,6.0,20.0,1,241.3288087904857,241.32384923701838,-2.0551021207015907e-05,1.0009956825646393,2.0,250.0,125.52208640352781,8.0,6.0,355.0,rolled,1,24
1,1.0,142,6.0,30.909090909090907,1,292.67799548197263,295.26440665015895,0.00883705371812149,1.000994883913251,2.0,283.7078383419851,145.3979257190081,8.86969248504698,6.0,355.0,rolled,1,24
1,1.0,142,6.0,41.81818181818181,1,342.2853688824266,345.8413270402283,0.010388869876068574,1.00099460314045,2.0,360.4355128238597,154.5860072417763,9.178630897028663,6.0,355.0,rolled,1,24
1,1.0,142,6.0,52.72727272727273,1,386.25765574493386,390.4202922835685,0.010776838922730514,1.0009976863782537,2.0,335.0615717425106,168.0360357124507,10.831629960174784,6.0,355.0,rolled,1,24
1,1.0,142,6.0,63.63636363636363,1,431.68145507497405,425.91305728516085,-0.01336262589462256,1.0009927365503357,2.0,360.57909900142016,182.94708428796818,10.904379494139482,6.0,355.0,rolled,1,24
1,1.0,142,6.0,74.54545454545453,1,466.9500019446189,478.63648665429565,0.025027272001302503,1.000998093018334,2.0,439.31629176494255,173.37563834619044,11.270573199363294,6.861978330385154,355.0,rolled,1,24
1,1.0,142,6.0,85.45454545454545,1,518.2473353887603,511.503702735147,-0.013012382685102741,1.0009971200277208,2.0,436.45655649379046,194.59314651101832,11.411352539626833,6.748946553347796,355.0,rolled,1,24
1,1.0,142,6.0,96.36363636363636,1,549.7256874002802,549.8954432095979,0.0003088009405574077,1.0009902037279645,2.0,456.8339270816919,199.23270829766815,11.837105309088201,7.0618808223063185,355.0,rolled,1,24
1,1.0,142,6.0,107.27272727272728,1,586.6560772595034,591.0160883652479,0.007431971260080994,1.0009973801321064,2.0,420.4535873412837,215.80325497093725,12.982018640969702,6.980989425869062,355.0,rolled,1,24
1,1.0,142,6.0,118.18181818181816,1,628.4217050081675,623.6546257269845,-0.0075857966763274165,1.0009961327605008,2.0,513.7491974876476,201.02061977876406,12.14850914354655,8.038299072183381,355.0,rolled,1,24
1,1.0,142,6.0,129.0909090909091,1,657.4964976148059,665.187061099969,0.011696736808579411,1.0009940061624405,2.0,546.9837991024606,193.71478727012746,12.750020883482039,8.564224595509131,355.0,rolled,1,24
1,1.0,142,6.0,140.0,1,697.879425726456,690.3792067277495,-0.010747155915793227,1.0009903257798063,2.0,540.533896951233,211.50098045492325,12.781880772994862,8.45738181897838,355.0,rolled,1,24
1,1.0,142,6.818181818181818,20.0,1,317.0885192434045,317.7750626942171,0.0021651476138295767,1.0009944709057212,2.0,270.35252688212285,144.19243611081356,8.437737772868749,6.0,355.0,rolled,1,24
1,1.0,142,6.818181818181818,30.909090909090907,1,392.6423822212096,389.5329967840011,-0.00791912839265696,1.0009963789491412,2.0,315.83442846011405,161.1057552641864,9.51634233130999,6.0,355.0,rolled,1,24
1,1.0,142,6.818181818181818,41.81818181818181,1,455.0251859822217,456.06200774846997,0.002278603027237258,1.0009983706461183,2.0,344.6004121168024,174.77601488549752,10.686723184311349,6.0,355.0,rolled,1,24
1,1.0,142,6.818181818181818,52.72727272727273,1,519.9507333014534,513.8235871992947,-0.011784089741068482,1.0009915292766156,2.0,371.42087827751374,188.05528496328023,11.439240518870083,6.0,355.0,rolled,1,24
1,1.0,142,6.818181818181818,63.63636363636363,1,570.1996303697795,588.5255874129417,0.03213954563821386,1.0009985943404764,2.0,446.8345055291433,191.5060971188357,11.353269401861452,7.01386019163885,355.0,rolled,1,24
1,1.0,142,6.818181818181818,74.54545454545453,1,645.0378754655677,644.9536842050709,-0.00013052142160807634,1.0009978090415108,2.0,481.5239808288071,196.5719767291909,11.651175533411251,7.5177132065009715,355.0,rolled,1,24
1,1.0,142,6.818181818181818,85.45454545454545,1,698.212152166206,680.9735149975486,-0.024689683665880757,1.0009940419935726,2.0,433.85888220173996,218.45072000869382,13.171824507086264,6.671616512972218,355.0,rolled,1,24
1,1.0,142,6.818181818181818,96.36363636363636,1,733.8166260116295,748.9736941865558,0.020655116874779056,1.000997162189244,2.0,510.8358608297733,213.8681951966373,12.756908474954447,7.959928500402229,355.0,rolled,1,24
1,1.0,142,6.818181818181818,107.27272727272728,1,798.4291807439346,803.9295134543692,0.006888942492444539,1.0009944466768652,2.0,418.0160116884304,212.18445551892964,14.344293017200636,7.29323913122931,460.0,rolled,0,24
1,1.0,142,6.818181818181818,118.18181818181816,1,852.2289524013323,850.042864984796,-0.00256514098749705,1.0009991427572613,2.0,547.8219200964968,220.0855822472689,13.994229367602593,8.497919695007845,355.0,rolled,0,24
1,1.0,142,6.818181818181818,129.0909090909091,1,896.311601431932,884.6992534648771,-0.01295570418647174,1.0009993325238271,2.0,496.3456428710923,248.89837183100727,14.683098885476767,7.921978499374703,355.0,rolled,1,24
1,1.0,142,6.818181818181818,140.0,1,931.1411275891702,940.6776109151583,0.010241716366539588,1.0009932998988142,2.0,576.2877610647358,231.52163647187805,14.721395428393052,8.939487331725173,355.0,rolled,1,24
1,1.0,142,7.636363636363637,20.0,1,409.6201332461394,410.29976352018826,0.0016591720447503011,1.00099044776339,2.0,294.40476467502435,156.74917608162133,9.260572704336683,6.0,355.0,rolled,1,24
1,1.0,142,7.636363636363637,30.909090909090907,1,501.774525145321,503.7439671295825,0.0039249541090016216,1.0009937215404978,2.0,339.0485366322317,176.76766960818637,10.430429483738404,6.0,355.0,rolled,1,24
1,1.0,142,7.636363636363637,41.81818181818181,1,593.9298338756057,592.778269617962,-0.0019388893973035781,1.0009939470541906,2.0,369.6020415963652,189.4198874015687,11.907706152690153,6.0,355.0,rolled,1,24
1,1.0,142,7.636363636363637,52.72727272727273,1,675.9362632758116,701.2577575770692,0.03746136385484222,1.000992746815094,2.0,460.610860089874,190.92097429681243,12.290260444224879,7.105273170315388,355.0,rolled,1,24
1,1.0,142,7.636363636363637,63.63636363636363,1,779.5020738899598,771.8596667853878,-0.009804216512771968,1.0009946573110315,2.0,473.07204548770613,210.99503186625486,12.523845815860682,7.344485198852645,355.0,rolled,1,24
1,1.0,142,7.636363636363637,74.54545454545453,1,846.6406079690952,852.2051085220287,0.006572447034263407,1.000989703209988,2.0,532.3262333089697,208.93454737974182,12.611473121404591,8.278685569741102,355.0,rolled,1,24
1,1.0,142,7.636363636363637,85.45454545454545,1,921.2774310054268,922.6300629701926,0.001468213503601934,1.000995399579942,2.0,512.8880295691813,224.24956647838596,14.33254856072496,7.893857846036941,355.0,rolled,1,24
1,1.0,142,7.636363636363637,96.36363636363636,1,990.3158107657674,991.0617205948581,0.0007532039991504647,1.0009908569627008,2.0,559.5921587516705,223.4717200460133,14.357867348093706,8.652957806887423,355.0,rolled,1,24
1,1.0,142,7.636363636363637,107.27272727272728,1,1055.0870687226268,1024.4310552792701,-0.02905543471447458,1.000996151523841,2.0,504.8687994278236,254.0686045858886,15.176690458641046,7.733577592519623,355.0,rolled,1,24
1,1.0,142,7.636363636363637,118.18181818181816,1,1088.4839809208006,1112.6162799700965,0.02217055967041537,1.0009917532862356,2.0,551.9472784418928,259.45730677213913,15.285430331102251,8.495699595249278,355.0,rolled,1,24
1,1.0,142,7.636363636363637,129.0909090909091,1,1173.7978050697595,1194.0366310345307,0.01724217397353911,1.0009917555015075,2.0,639.2593413438544,226.34177941199945,16.01204228587717,9.909654282856009,355.0,rolled,1,24
1,1.0,142,7.636363636363637,140.0,1,1251.7374258469372,1233.2369237531666,-0.014779858548411573,1.0009971556573787,2.0,581.09635425114,273.15959501552686,16.092674401144663,8.944368881659361,355.0,rolled,1,24
1,1.0,142,8.454545454545455,20.0,1,516.1523336674153,513.812236169096,-0.004533734220849572,1.0009889230044267,2.0,329.9100250912382,166.3240712795747,9.906854124477135,6.0,355.0,rolled,1,24
1,1.0,142,8.454545454545455,30.909090909090907,1,633.218032838701,640.2771120785587,0.01114794411051756,1.0009949472906674,2.0,359.2820407683287,190.00329640851098,11.585259374306968,6.017844626584251,355.0,rolled,1,24
1,1.0,142,8.454545454545455,41.81818181818181,1,757.3789000305048,769.3462760904788,0.01580104233098112,1.0009952757835765,2.0,398.7850784603832,202.2128080573447,12.70631156473901,6.914235759490918,355.0,rolled,1,24
1,1.0,142,8.454545454545455,52.72727272727273,1,897.7427828478864,866.9495488134544,-0.034300731370679904,1.000999464559223,2.0,429.0553650942718,215.60195127799201,13.738043715568356,6.912428152279177,355.0,rolled,1,24
1,1.0,142,8.454545454545455,63.63636363636363,1,969.5859503873623,1001.3147643867622,0.03272408597373322,1.0009948620707219,2.0,558.7900938555429,214.7376172186041,12.55896662808165,8.721398522809267,355.0,rolled,1,24
1,1.0,142,8.454545454545455,74.54545454545453,1,1093.1775012217977,1093.1748060275004,-2.4654681369806752e-06,1.0009914297189357,2.0,566.8276050291996,226.5530503452963,13.592762489558453,8.915129539974448,355.0,rolled,1,24
1,1.0,142,8.454545454545455,85.45454545454545,1,1181.2789978646645,1172.5383865098413,-0.007399277707148877,1.000999930215472,2.0,558.2865871120065,244.49055838257638,14.70999303169069,8.647629722940644,355.0,rolled,1,24
1,1.0,142,8.454545454545455,96.36363636363636,1,1257.923897819336,1263.894102883718,0.004746078101172557,1.000996008139925,2.0,473.51129347405583,239.41020375895945,16.00928740919898,8.272533609177186,460.0,rolled,0,24
1,1.0,142,8.454545454545455,107.27272727272728,1,1345.9822136266182,1339.3531526502886,-0.004925073235899746,1.0009914830256308,2.0,603.9067670760031,261.2244457383268,15.367513653974397,9.441475456028353,355.0,rolled,0,24
1,1.0,142,8.454545454545455,118.18181818181816,1,1418.3994702060834,1427.1122524733544,0.006142685787950297,1.000999490891512,2.0,616.7015164414792,261.55665468742006,16.779420677496255,9.506157874811164,355.0,rolled,1,24
1,1.0,142,8.454545454545455,129.0909090909091,1,1503.943042662674,1514.8240797759652,0.007235006117004783,1.0009906700962767,2.0,651.1424427935459,257.02474751469924,17.454243932532982,10.10788537878744,355.0,rolled,1,24
1,1.0,142,8.454545454545455,140.0,1,1589.050557323039,1578.5762816866807,-0.006591530765392095,1.0009897696601504,2.0,648.6026750844468,275.08663655523515,17.647398048556756,9.997898923543,355.0,rolled,1,24
1,1.0,142,9.272727272727272,20.0,1,633.3700898588271,636.3679151208404,0.004733133613368912,1.0009936551187326,2.0,341.471838154922,181.4068900459713,10.756759145194215,6.0,355.0,rolled,1,24
1,1.0,142,9.272727272727272,30.909090909090907,1,801.8071464602682,784.8072237635554,-0.021202009450479786,1.000992275509278,2.0,389.7147745757932,204.1817959829873,12.145145138798416,6.077757014980934,355.0,rolled,1,24
1,1.0,142,9.272727272727272,41.81818181818181,1,962.5021253931346,934.358096852281,-0.029240484564497127,1.0009972150626407,2.0,426.60037769155736,221.11998367434109,13.277790310256346,6.69160803035804,355.0,rolled,1,24
1,1.0,142,9.272727272727272,52.72727272727273,1,1070.6846994207378,1074.83080728449,0.0038723891973009295,1.0009964858150149,2.0,458.45222434799376,236.5325799750834,14.040846400776745,7.416708582570726,355.0,rolled,1,24
1,1.0,142,9.272727272727272,63.63636363636363,1,1216.7126656588257,1239.6922946419609,0.018886652232466217,1.0009976926002655,2.0,546.4197270030933,240.20212007990028,14.475798032131872,8.480394784290858,355.0,rolled,1,24
1,1.0,142,9.272727272727272,74.54545454545453,1,1356.4151141978043,1303.1953161191243,-0.039235627442971044,1.0009911888237517,2.0,512.8367867198375,262.20717987264044,15.523592389203891,7.851549973778851,355.0,rolled,1,24
1,1.0,142,9.272727272727272,85.45454545454545,1,1422.5235716023028,1421.630242688424,-0.0006279888303520886,1.0009904972279429,2.0,533.4743090879505,271.5396273700469,16.355757095017182,8.236910419144719,355.0,rolled,1,24
1,1.0,142,9.272727272727272,96.36363636363636,1,1530.0841209322955,1542.0234197105208,0.0078030342351049775,1.0009969187480448,2.0,553.5336287262515,278.9484604168851,17.087398116639946,8.810366458805202,355.0,rolled,1,24
1,1.0,142,9.272727272727272,107.27272727272728,1,1647.0835657255905,1692.1849384257164,0.027382564940023224,1.0009991760245804,2.0,673.4349587527784,269.6192252067263,15.823809177386048,10.82889139693831,355.0,rolled,1,24
1,1.0,142,9.272727272727272,118.18181818181816,1,1794.0191544704012,1782.7942817837966,-0.006256829899855876,1.0009993026517474,2.0,706.8646847076681,270.4406947828411,16.45677480732362,10.995632513999764,355.0,rolled,1,24
1,1.0,142,9.272727272727272,129.0909090909091,1,1876.6125693849333,1882.8122041608262,0.0033036306358775747,1.000995380285038,2.0,668.5975912738352,286.41291259275823,18.74565173841031,10.281632831519849,355.0,rolled,1,24
1,1.0,142,9.272727272727272,140.0,1,1975.8458780810136,1966.9813961917778,-0.00448642375783137,1.0009933161204772,2.0,742.4817693640376,284.0675024717716,17.285989159326025,11.54967401950152,355.0,rolled,1,24
1,1.0,142,10.09090909090909,20.0,1,771.2799576046779,777.0795678533261,0.00751946189119157,1.0009985411995677,2.0,366.0853540946566,189.4997256969143,11.81718998218757,6.0,355.0,rolled,1,24
1,1.0,142,10.09090909090909,30.909090909090907,1,964.7090665866748,988.945135229714,0.025122671158042564,1.0009973182415517,2.0,413.46039069401036,209.94536812294658,13.558299307617956,6.785930153896837,355.0,rolled,1,24
1,1.0,142,10.09090909090909,41.81818181818181,1,1147.2574547707825,1160.8894704904062,0.011882263796095582,1.000995072585966,2.0,459.34229648969006,232.94222180864406,13.854500468047894,7.658718974913121,355.0,rolled,1,24
1,1.0,142,10.09090909090909,52.72727272727273,1,1318.1429375417918,1316.005766460898,-0.0016213500220844113,1.000995309776529,2.0,483.76671152622987,252.7232418885162,14.921449850359917,7.760165239414646,355.0,rolled,1,24
1,1.0,142,10.09090909090909,63.63636363636363,1,1473.4968374975142,1450.4412626852038,-0.015646843770269925,1.0009972346010447,2.0,523.6780154070556,263.0183357066803,15.679605888221042,8.016669802165435,355.0,rolled,1,24
1,1.0,142,10.09090909090909,74.54545454545453,1,1593.8205978972342,1605.638104837593,0.007414577874040429,1.00099760115444,2.0,543.4769719706868,275.9623211277902,16.624461913909258,8.475025617766601,355.0,rolled,1,24
1,1.0,142,10.09090909090909,85.45454545454545,1,1744.078619322344,1800.9570818635575,0.03261232716866491,1.0009953970274783,2.0,645.0182701418339,275.50010786033044,16.29323175718741,10.065195221458076,355.0,rolled,1,24
1,1.0,142,10.09090909090909,96.36363636363636,1,1930.113776773892,1931.4090621033206,0.000671092732985823,1.0009957387892838,2.0,645.9939996570276,289.95094299316406,17.41115522220079,10.04930869736187,355.0,rolled,1,24
1,1.0,142,10.09090909090909,107.27272727272728,1,2067.605711285596,2051.658788249301,-0.007712748590919527,1.0009963754341742,2.0,698.9422533280296,290.6997365423581,17.29222501863048,10.831425459946532,355.0,rolled,1,24
1,1.0,142,10.09090909090909,118.18181818181816,1,2170.353625378734,2191.9398539763124,0.009945949980299629,1.0009930535020792,2.0,714.6044180225498,291.0077981215409,18.764529684120955,11.088600189907432,355.0,rolled,1,24
1,1.0,142,10.09090909090909,129.0909090909091,1,2307.5736162550616,2330.5415163627413,0.009953268639357304,1.0009952720165385,2.0,728.494023925225,288.1086652166034,20.65520433029209,11.194234726170915,355.0,rolled,1,24
1,1.0,142,10.09090909090909,140.0,1,2443.406284429296,2450.6572140301973,0.0029675497059609146,1.0009992099589056,2.0,750.0,300.0,20.213934018528374,11.945102614871654,355.0,rolled,1,24
1,1.0,142,10.90909090909091,20.0,1,939.0466900997784,925.6554177867796,-0.014260496793376598,1.0009994153154294,2.0,390.3080529606226,204.09665580102998,12.120202155055336,6.1505265248153185,355.0,rolled,1,24
1,1.0,142,10.90909090909091,30.909090909090907,1,1197.1649157491154,1172.1371326255114,-0.02090587753980666,1.0009895559617807,2.0,433.2963590297786,230.72378226572803,13.720846977149623,6.86046148824165,355.0,rolled,1,24
1,1.0,142,10.90909090909091,41.81818181818181,1,1403.509472950396,1390.577400352667,-0.009214097123650955,1.0009932790070932,2.0,477.9731709870417,249.62453330650598,14.783158318769447,7.658559766899754,355.0,rolled,1,24
1,1.0,142,10.90909090909091,52.72727272727273,1,1588.7457907355176,1592.3781568016004,0.002286310426289795,1.00099754854964,2.0,508.46971451432273,265.4946539892268,16.05950108929672,8.096189231240709,355.0,rolled,1,24
1,1.0,142,10.90909090909091,63.63636363636363,1,1789.9941201560932,1782.5247636302126,-0.004172838581854799,1.000995591282715,2.0,543.656678893655,275.59420937683586,17.089911709974217,8.720852341102711,355.0,rolled,1,24
1,1.0,142,10.90909090909091,74.54545454545453,1,1942.2808212955651,2015.047323629102,0.03746446010057358,1.0009907838231848,2.0,645.5587877409281,280.78304056647096,17.011806989581473,10.004209679290048,355.0,rolled,1,24
1,1.0,142,10.90909090909091,85.45454545454545,1,2177.190622234541,2191.805811691604,0.006712866254247718,1.0009959967730078,2.0,707.5256738725061,281.7902188689043,17.12750085915248,10.980903050732001,355.0,rolled,1,24
1,1.0,142,10.90909090909091,96.36363636363636,1,2344.698716886334,2351.475849019608,0.002890406381197641,1.0009931879066571,2.0,724.8770829482972,289.3031908333746,18.254593906924114,11.222757836100186,355.0,rolled,1,24
1,1.0,142,10.90909090909091,107.27272727272728,1,2499.121791022924,2525.3492272216868,0.010494661081734469,1.0009939606084104,2.0,727.3543066124986,291.6914873713282,20.48198385182092,11.204989946910754,355.0,rolled,1,24
1,1.0,142,10.90909090909091,118.18181818181816,1,2669.547168301596,2713.928014173545,0.016624859226662236,1.0009997965694932,2.0,731.109582051987,292.26862927926896,22.732433701821254,11.403099560190412,355.0,rolled,1,24
1,1.0,142,10.90909090909091,129.0909090909091,1,2855.841135487434,2946.205479834678,0.031641936669499326,1.0009950258693254,2.0,733.618740202228,293.46289699238406,19.595812665377085,12.881325250721172,460.0,rolled,0,24
1,1.0,142,10.90909090909091,140.0,1,3078.8301843712,3091.8776907426727,0.004237812932231355,1.0009989021266297,1.0,750.0,300.0,25.288820899965295,12.685440822775828,355.0,rolled,0,24
1,1.0,142,11.727272727272728,20.0,1,1117.8784812198996,1105.9400576706971,-0.010679536058494143,1.0009935675523551,2.0,409.18979849374153,216.1649835356785,12.782878481441406,6.450304749282568,355.0,rolled,1,24
1,1.0,142,11.727272727272728,30.909090909090907,1,1399.1707585826318,1418.1884410039886,0.013592109686898945,1.0009995684671522,2.0,456.3688750979475,239.0575463028963,14.818368552052263,7.440231466862796,355.0,rolled,1,24
1,1.0,142,11.727272727272728,41.81818181818181,1,1658.320920880548,1660.7746628150817,0.0014796544526680666,1.0009904263049734,2.0,501.5201412042552,263.19716162558706,15.613469474611945,8.071598015104733,355.0,rolled,1,24
1,1.0,142,11.727272727272728,52.72727272727273,1,1896.895430152976,1887.6181021711584,-0.004890795683486493,1.0009933264146085,2.0,535.0442415578701,281.65604164086005,16.749667185536016,8.415330755531368,355.0,rolled,1,24
1,1.0,142,11.727272727272728,63.63636363636363,1,2122.483987052358,2168.059129968103,0.021472549707684196,1.0009924904095258,1.0,564.9490958018367,283.2424833506516,18.852811848107542,9.492710802168983,355.0,rolled,1,24
1,1.0,142,11.727272727272728,74.54545454545453,1,2414.680044837911,2418.1096538350266,0.001420316121983678,1.000993030498311,2.0,721.342999126121,288.362701887735,16.97221377325248,11.209633014090961,355.0,rolled,1,24
1,1.0,142,11.727272727272728,85.45454545454545,1,2607.2244497923484,2645.606175682018,0.014721297160559699,1.0009956943167817,2.0,580.0628021634332,290.66374938110346,20.057694387463663,10.03663354899126,460.0,rolled,0,24
1,1.0,142,11.727272727272728,96.36363636363636,1,2809.399526814627,2874.4878374778327,0.023168050696229958,1.000997292348267,2.0,727.5350775233998,291.0377050525164,22.47919240227664,11.296710505771017,355.0,rolled,0,24
1,1.0,142,11.727272727272728,107.27272727272728,1,3054.1802093068686,3177.883635887688,0.040502988724720135,1.000989625054085,1.0,729.5284933925299,291.3580787837448,24.887995549472013,12.486505668927746,355.0,rolled,1,24
1,1.0,142,11.727272727272728,118.18181818181816,1,3357.8991517305085,3398.086272772981,0.01196793567244625,1.0009977915709387,2.0,712.4644007342033,292.5336465208651,23.471883697555967,12.32798363199998,460.0,rolled,0,24
1,1.0,142,11.727272727272728,129.0909090909091,1,3564.383823711408,3593.3787509698786,0.008134625419851549,1.0009960430604632,2.0,733.0118077409448,293.46868419229713,24.778215792653086,12.663087862782684,460.0,rolled,1,24
1,1.0,142,11.727272727272728,140.0,1,3755.070343632353,3776.200359951842,0.0056270627141035146,1.0009981308768117,2.0,750.0,300.0,25.198424569991605,13.234803378111017,460.0,rolled,1,24
1,1.0,142,12.545454545454549,20.0,1,1307.1994834284806,1328.1141825859404,0.015999623181157885,1.0009902130616444,2.0,433.1064610288704,225.49912204174097,13.431754548081646,7.1974385938699985,355.0,rolled,1,24
1,1.0,142,12.545454545454549,30.909090909090907,1,1673.5520688887286,1783.6529762656412,0.06578875520139738,1.0009904054549132,3.0,538.7195854134936,285.99538608960137,12.346950584855206,6.0,355.0,rolled,1,24
1,1.0,142,12.545454545454549,41.81818181818181,1,1957.4303873162305,1967.7198258274918,0.005256605076704002,1.0009931098237657,2.0,513.9111077407604,279.20189699508325,16.63460661208606,8.360122155714725,355.0,rolled,1,24
1,1.0,142,12.545454545454549,52.72727272727273,1,2222.5772160497027,2308.650614660463,0.038726842869262645,1.0009997808257574,2.0,569.816744326085,285.24104963399986,17.746132018934762,10.272421615419429,355.0,rolled,1,24
1,1.0,142,12.545454545454549,63.63636363636363,1,2552.3230156844406,2653.160587371411,0.03950815436263633,1.0009987331767742,2.0,692.513727762001,283.68602835787004,19.131215639539853,10.833680144756345,355.0,rolled,1,24
1,1.0,142,12.545454545454549,74.54545454545453,1,2864.0220557743514,2919.405258769454,0.019337561623675725,1.0009910112360554,2.0,716.311814666159,286.1114459532518,21.604860554559544,10.964454399385513,355.0,rolled,1,24
1,1.0,142,12.545454545454549,85.45454545454545,1,3136.2352005841685,3250.017708388829,0.03627996643346987,1.0009909268294515,1.0,725.3316985098321,290.13466438529616,23.899952836524825,11.970520789447217,355.0,rolled,1,24
1,1.0,142,12.545454545454549,96.36363636363636,1,3474.753399293351,3602.104367890057,0.03665036161202262,1.0009963796072556,2.0,722.4635997757309,291.2341597174111,22.740536790066308,12.543932352562663,460.0,rolled,0,24
1,1.0,142,12.545454545454549,107.27272727272728,1,3810.945853911128,3848.663852462866,0.00989728009728319,1.0009967278574006,2.0,730.9467936223209,292.3798821170826,25.036317757173027,12.609304613347144,460.0,rolled,1,24
1,1.0,142,12.545454545454549,118.18181818181816,1,4051.8868674716473,4186.173305753281,0.033141704759745094,1.0009908248975468,1.0,732.3708622041156,292.9830114727835,27.314968306904056,13.658183898107422,460.0,rolled,1,24
1,1.0,142,12.545454545454549,129.0909090909091,1,4389.083655555064,4528.009056435505,0.03165248415910438,1.000993570342875,1.0,733.6672921873295,293.4687542182215,29.531270369118353,14.811967811812464,460.0,rolled,1,24
1,1.0,142,12.545454545454549,140.0,1,4731.036754406592,4727.214206496881,-0.0008079725667213822,1.0009987024122198,1.0,750.0,300.0,30.1933157905538,15.097431376363009,460.0,rolled,1,24
1,1.0,142,13.363636363636363,20.0,1,1553.9456704912225,1550.0117475161412,-0.0025315704723690713,1.0009956116527963,2.0,451.41946049576495,236.76494207663046,14.128546633342319,7.444352288390426,355.0,rolled,1,24
1,1.0,142,13.363636363636363,30.909090909090907,1,2055.764041961098,1920.898402198531,-0.06560365733117501,1.0009981450567766,2.0,515.6944795748672,264.4365964712098,15.698657036305264,8.03738733063616,355.0,rolled,1,24
1,1.0,142,13.363636363636363,41.81818181818181,1,2295.1327804460216,2261.1362550087856,-0.014812443849383405,1.0009927439292363,2.0,559.193455283399,286.91364343669653,17.127335783934523,8.623855240475983,355.0,rolled,1,24
1,1.0,142,13.363636363636363,52.72727272727273,1,2698.233573079863,2770.3566982303896,0.02672975604117278,1.0009914135223332,1.0,571.5635067077543,287.2037440789793,20.894365193650252,10.544298901358607,355.0,rolled,1,24
1,1.0,142,13.363636363636363,63.63636363636363,1,3099.504449257762,3129.999846731154,0.009838797773203511,1.0009950085254615,2.0,717.9713409906647,287.21947217852767,21.667512516399576,11.005282842194545,355.0,rolled,1,24
1,1.0,142,13.363636363636363,74.54545454545453,1,3409.0278837627866,3624.714007948541,0.06326909944417536,1.0009973786401232,1.0,715.8344335233803,286.9940742799884,25.31778996950689,12.747879342625254,355.0,rolled,1,24
1,1.0,142,13.363636363636363,85.45454545454545,1,3859.8972334468967,3988.828207070853,0.033402695933647975,1.0009969232597034,2.0,723.9821373476046,290.7099599863858,24.283886168226744,12.553088390923666,460.0,rolled,0,24
1,1.0,142,13.363636363636363,96.36363636363636,1,4245.414696419247,4378.124527387117,0.03125956837144872,1.0009966293790307,1.0,729.1419676816286,291.6580200951345,26.901455516773343,13.491116923773362,460.0,rolled,1,24
1,1.0,142,13.363636363636363,107.27272727272728,1,4631.739739142465,4809.896151867608,0.03846425377046936,1.0009898687346919,1.0,728.9307808900746,291.6954137548188,29.673466416860283,14.842040631260502,460.0,rolled,1,24
1,1.0,142,13.363636363636363,118.18181818181816,1,5063.816158705762,5206.375064677485,0.02815246476249622,1.0009925515032136,1.0,732.4389826664508,292.7790103436343,32.070338884247505,16.0352390387548,460.0,rolled,1,24
1,1.0,142,13.363636363636363,129.0909090909091,1,5459.024045280959,5688.411420391988,0.04201985065614844,1.0009992381800785,1.0,733.6215143521738,293.4852300882854,34.23988554328914,18.234335605477956,460.0,rolled,1,24
1,1.0,142,13.363636363636363,140.0,1,5943.747564514266,5942.280219618629,-0.0002468720078888653,1.0009996669668768,1.0,750.0,300.0,35.0,18.624186714640345,460.0,rolled,1,24
1,1.0,142,14.181818181818182,20.0,1,1796.9028968466985,1787.8034713736258,-0.005063949470525575,1.00099051043615,2.0,468.11945487363715,248.65707346661185,14.88600849113627,7.510651619620876,355.0,rolled,1,24
1,1.0,142,14.181818181818182,30.909090909090907,1,2224.07150895444,2233.532572695744,0.004253938645053523,1.0009942288132057,2.0,535.3668015742409,274.4631021300697,16.699909505741555,8.356714760702744,355.0,rolled,1,24
1,1.0,142,14.181818181818182,41.81818181818181,1,2615.0382292659383,2815.749591666799,0.07675274500946849,1.00098885458868,2.0,639.9995112517419,287.8209061624647,19.00984879849011,9.804290930814641,355.0,rolled,1,24
1,1.0,142,14.181818181818182,52.72727272727273,1,3202.0654799770145,3277.578364675433,0.0235825548136388,1.0009912595797434,2.0,712.2433940042216,287.74810419730187,21.22586621941052,11.036675150530696,355.0,rolled,1,24
1,1.0,142,14.181818181818182,63.63636363636363,1,3623.765744949169,3844.0834723651406,0.06079800487188014,1.0009978394929906,1.0,719.7535654050944,287.8639396075028,25.08027706920428,12.779860944800717,355.0,rolled,1,24
1,1.0,142,14.181818181818182,74.54545454545453,1,4194.266016339479,4394.927252688865,0.047841800107021326,1.0009995162711445,1.0,718.781899634205,287.67138973950995,25.768768190247602,12.942790345125108,460.0,rolled,0,24
1,1.0,142,14.181818181818182,85.45454545454545,1,4665.282330709234,4940.680154494617,0.059031330638357415,1.0009905835264559,1.0,718.4600334595208,287.4810841772285,29.12044729186833,14.589353283731494,460.0,rolled,1,24
1,1.0,142,14.181818181818182,96.36363636363636,1,5186.697126154381,5372.326131179403,0.035789443746188976,1.0009890974977118,1.0,728.424574134593,291.6258917526108,31.300210481035613,15.655366246761297,460.0,rolled,1,24
1,1.0,142,14.181818181818182,107.27272727272728,1,5684.871516431859,5874.699429604677,0.03339176841976621,1.0009892361202621,1.0,730.8646261733979,292.345580898351,34.10718274478191,17.232809571781086,460.0,rolled,1,24
1,1.0,142,14.181818181818182,118.18181818181816,1,6186.248050426683,8542.470481924493,0.3808806908955573,1.0009947269880355,1.0,732.8157593074002,293.12666683171796,34.198003801158066,22.26100019066749,500.0,rolled,0,24
1,1.0,142,14.181818181818182,129.0909090909091,1,8947.780102569574,12163.42957878001,0.35937958234880885,1.0009913142200173,1.0,734.7736073335433,293.90943718995675,34.28910720715279,20.861814488737735,620.0,rolled,0,24
1,1.0,142,14.181818181818182,140.0,0,12705.653958132376,,,,,,,,,500.0,rolled,0,24
1,1.0,142,15.0,20.0,1,2057.2483346770277,2066.254431274102,0.0043777391602497495,1.0009875211810175,2.0,491.95046656789776,258.0230448939903,15.397087889311901,8.112748567701203,355.0,rolled,1,24
1,1.0,142,15.0,30.909090909090907,1,2565.283454586496,2554.5081375870377,-0.004200439128936528,1.0009943679525877,2.0,561.3201405063069,287.8324150543478,17.08758329281261,8.748488813484235,355.0,rolled,1,24
1,1.0,142,15.0,41.81818181818181,1,3234.6725939942403,3243.7586917755098,0.0028089698469451196,1.0009945779942537,2.0,657.6411073764234,300.0,20.14265361107657,10.142110313730932,355.0,rolled,1,24
1,1.0,142,15.0,52.72727272727273,1,3765.638206814382,3957.6261907474523,0.050984182066573513,1.0009937709505192,1.0,670.2884330440768,300.0,24.503403630112334,12.36559280848879,355.0,rolled,1,24
1,1.0,142,15.0,63.63636363636363,1,4414.262908667717,4410.094742753365,-0.0009442495838133391,1.000999390635823,1.0,750.0,300.0,26.135866100453974,13.274832472971623,355.0,rolled,1,24
1,1.0,142,15.0,74.54545454545453,1,5055.036012019389,5063.3886524995105,0.001652340450248202,1.0009972728825607,1.0,750.0,300.0,30.23562056934648,15.22407932649954,355.0,rolled,0,24
1,1.0,142,15.0,85.45454545454545,1,5678.659053486651,5671.822345222476,-0.0012039300475308323,1.0009982274703615,1.0,750.0,300.0,30.267267926947447,15.180662082135532,460.0,rolled,1,24
1,1.0,142,15.0,96.36363636363636,1,6293.677091962863,6946.384437577671,0.1037084261040857,1.0009990092078578,1.0,730.0033338348476,292.00117898507756,34.066834449768066,22.91203267100624,460.0,rolled,1,24
1,1.0,142,15.0,107.27272727272728,1,7396.103440982998,12668.055465714475,0.7128012833783182,1.0009977127018355,1.0,732.0250518958292,292.8108215332031,34.16053345351665,20.443762534402676,620.0,rolled,0,24
1,1.0,142,15.0,118.18181818181816,0,13338.283576315587,,,,,,,,,460.0,rolled,0,24
3,1.0,142,6.0,20.0,1,241.3288087904857,241.3238883603133,-2.038890506717017e-05,1.0009952703339917,2.0,250.0,125.52212097908576,8.0,6.0,355.0,rolled,1,24
3,1.0,142,6.0,30.909090909090907,1,292.67799548197263,294.6346788200784,0.006685447380092802,1.0009977281329145,2.0,285.4359452904277,145.16274074184145,8.815435701216407,6.0,355.0,rolled,1,24
3,1.0,142,6.0,41.81818181818181,1,342.2853688824266,351.4046253305751,0.026642261917075638,1.0009982168453455,2.0,336.3107067739372,160.2240552812996,9.56740143416556,6.0,355.0,rolled,1,24
3,1.0,142,6.0,52.72727272727273,1,386.25765574493386,388.12508299768393,0.00483466728743176,1.0009979619691214,2.0,336.888854252194,169.96237562606953,10.571969531625312,6.0,355.0,rolled,1,24
3,1.0,142,6.0,63.63636363636363,1,431.68145507497405,434.75743258194876,0.007125572504476763,1.000995423737804,2.0,380.58754081362014,182.7159337337486,10.932818283078115,6.0,355.0,rolled,1,24
3,1.0,142,6.0,74.54545454545453,1,466.9500019446189,480.6796153903712,0.02940274844967372,1.0009939982220728,2.0,411.5811443085806,182.9604940802708,11.582658214999912,6.587115839189966,355.0,rolled,1,24
3,1.0,142,6.0,85.45454545454545,1,518.2473353887603,514.6368425407611,-0.006966736925508421,1.0009909314598566,2.0,424.2865163767514,197.7970213594081,11.70326222640851,6.603714392302608,355.0,rolled,1,24
3,1.0,142,6.0,96.36363636363636,1,549.7256874002802,555.2305784182189,0.010013887187939163,1.0009920287517122,2.0,451.7470754519827,197.67233463176768,12.16596939171024,7.115536052727449,355.0,rolled,1,24
3,1.0,142,6.0,107.27272727272728,1,586.6560772595034,594.3428554309984,0.013102699297692366,1.0009918926387797,2.0,455.3773545298132,210.32481610277603,12.548432241197604,7.264095764582676,355.0,rolled,1,24
3,1.0,142,6.0,118.18181818181816,1,628.4217050081675,623.3806626689042,-0.00802175083879031,1.0009922969730976,2.0,506.30480696846286,202.58694958133813,12.382329386622665,7.886557605461377,355.0,rolled,1,24
3,1.0,142,6.0,129.0909090909091,1,657.4964976148059,665.3151061593878,0.011891483183477769,1.0009934918409005,2.0,495.55877020976715,213.7914671801951,13.325819014071415,7.911496138282576,355.0,rolled,1,24
3,1.0,142,6.0,140.0,1,697.879425726456,697.1513603084228,-0.0010432538790999812,1.0009924767737495,2.0,504.7235528399633,223.5887175824761,13.446262713454573,8.046680538369527,355.0,rolled,1,24
3,1.0,142,6.818181818181818,20.0,1,317.0885192434045,319.14362275509234,0.006481166573269359,1.000991317938986,2.0,273.2958275077841,141.37282341291237,8.611154922601303,6.0,355.0,rolled,1,24
3,1.0,142,6.818181818181818,30.909090909090907,1,392.6423822212096,389.7001140300051,-0.007493506367192926,1.0009935941978096,2.0,316.5088464351962,160.46108645518797,9.54969301098141,6.0,355.0,rolled,1,24
3,1.0,142,6.818181818181818,41.81818181818181,1,455.0251859822217,456.32069522887485,0.002847115470886896,1.0009980296120944,2.0,344.31689601125595,174.70148782416666,10.706026301136555,6.0,355.0,rolled,1,24
3,1.0,142,6.818181818181818,52.72727272727273,1,519.9507333014534,515.031284479576,-0.009461374908813158,1.0009912364285576,2.0,369.6836256680392,188.37321151476246,11.489076808249772,6.0,355.0,rolled,1,24
3,1.0,142,6.818181818181818,63.63636363636363,1,570.1996303697795,593.6586651233245,0.04114179228480319,1.0009973913203223,2.0,429.78365809650876,193.8406051727374,11.867560319926252,6.861882345386382,355.0,rolled,1,24
3,1.0,142,6.818181818181818,74.54545454545453,1,645.0378754655677,644.5446648937607,-0.0007646226532838085,1.0009925093224525,2.0,452.7132459384535,204.5519454179373,12.243213884678406,7.032562849499347,355.0,rolled,1,24
3,1.0,142,6.818181818181818,85.45454545454545,1,698.212152166206,699.2836924540858,0.0015346915469105493,1.0009908193654873,2.0,468.0281228287313,214.13244725424028,12.80487635136413,7.272606952711485,355.0,rolled,1,24
3,1.0,142,6.818181818181818,96.36363636363636,1,733.8166260116295,749.1223137476228,0.020857646438431576,1.0009943338300278,2.0,500.51505273017426,217.29240199769635,12.938325388903666,7.792821768444251,355.0,rolled,1,24
3,1.0,142,6.818181818181818,107.27272727272728,1,798.4291807439346,838.3502904583358,0.0499995624874392,1.0009964357165795,2.0,438.69507089536586,212.00056739139816,14.573208188003347,7.642259508150179,460.0,rolled,0,24
3,1.0,142,6.818181818181818,118.18181818181816,1,852.2289524013323,849.5002573107411,-0.0032018333605101645,1.0009913709074714,2.0,532.0922399832358,228.50525645090582,13.954373451463848,8.31703554807509,355.0,rolled,0,24
3,1.0,142,6.818181818181818,129.0909090909091,1,896.311601431932,905.1144019939727,0.009821138706647803,1.0009918438096148,2.0,510.9795969796818,249.59387316462085,14.828339784832739,8.02061692045751,355.0,rolled,1,24
3,1.0,142,6.818181818181818,140.0,1,931.1411275891702,942.4927737684344,0.012191112434969842,1.000998727203248,2.0,561.4626731582632,236.03537485974303,15.049835735974813,8.70056103234721,355.0,rolled,1,24
3,1.0,142,7.636363636363637,20.0,1,409.6201332461394,409.28033684435013,-0.000829540284303043,1.0009952329468728,2.0,299.91305721665384,155.33128839664556,9.199919658388971,6.0,355.0,rolled,1,24
3,1.0,142,7.636363636363637,30.909090909090907,1,501.774525145321,505.23436359908527,0.00689520547652811,1.000993014663987,2.0,339.6360454791989,174.9038982526164,10.584106483977413,6.0,355.0,rolled,1,24
3,1.0,142,7.636363636363637,41.81818181818181,1,593.9298338756057,592.855260572874,-0.001809259682612141,1.0009963192335196,2.0,371.3342301128953,190.0879974946772,11.730834424166478,6.114038468941289,355.0,rolled,1,24
3,1.0,142,7.636363636363637,52.72727272727273,1,675.9362632758116,701.032109801486,0.03712753389506207,1.000998456641854,2.0,447.8465737026342,196.4319573783308,12.200499736464039,7.073892819478537,355.0,rolled,1,24
3,1.0,142,7.636363636363637,63.63636363636363,1,779.5020738899598,782.0810830290874,0.0033085340315486267,1.0009963089577116,2.0,445.4802355133396,216.25125435762035,13.255594268877912,7.055246792738452,355.0,rolled,1,24
3,1.0,142,7.636363636363637,74.54545454545453,1,846.6406079690952,851.7916040824657,0.006084040931755741,1.0009985558227315,2.0,526.5054563276811,209.50252093544475,12.814273621744594,8.174172360199133,355.0,rolled,1,24
3,1.0,142,7.636363636363637,85.45454545454545,1,921.2774310054268,919.3569422414231,-0.0020845933042208387,1.0009995848229545,2.0,521.6720462678719,225.14697301253545,13.800639456028632,8.095628658400841,355.0,rolled,1,24
3,1.0,142,7.636363636363637,96.36363636363636,1,990.3158107657674,986.1246293535737,-0.004232166513582047,1.0009916676533837,2.0,548.6420158779534,230.09665020437984,14.217017320775385,8.483872463777052,355.0,rolled,1,24
3,1.0,142,7.636363636363637,107.27272727272728,1,1055.0870687226268,1054.7731082205962,-0.00029756833472582844,1.0009965340767029,2.0,530.6337751759835,250.20327513546874,15.272637314891234,8.150794844368546,355.0,rolled,1,24
3,1.0,142,7.636363636363637,118.18181818181816,1,1088.4839809208006,1114.9098833517478,0.0242777136771386,1.0009974144947196,2.0,580.4276298535802,243.03720437144582,15.348269383425063,8.961421133618424,355.0,rolled,1,24
3,1.0,142,7.636363636363637,129.0909090909091,1,1173.7978050697595,1178.9235326377093,0.004366789191299514,1.0009900729199097,2.0,590.677471252161,248.46032173797173,16.125122153218253,9.106048601013093,355.0,rolled,1,24
3,1.0,142,7.636363636363637,140.0,1,1251.7374258469372,1236.7978084222375,-0.011935104852035083,1.0009909517385278,2.0,581.8045036227472,269.3306072488114,16.37742566438566,8.959257447075538,355.0,rolled,1,24
3,1.0,142,8.454545454545455,20.0,1,516.1523336674153,514.7922588290515,-0.002635026037177801,1.000999912178505,2.0,322.9934312005926,168.2409148388307,9.948009748115064,6.0,355.0,rolled,1,24
3,1.0,142,8.454545454545455,30.909090909090907,1,633.218032838701,640.1154103870051,0.010892579160109106,1.0009985006433215,2.0,364.3624317398833,188.77037184434104,11.463855270980222,6.137181186257206,355.0,rolled,1,24
3,1.0,142,8.454545454545455,41.81818181818181,1,757.3789000305048,796.3431076427007,0.051446122423831175,1.0009915800884222,2.0,428.6202812776898,204.08380877303557,12.582504942362757,7.077571578828728,355.0,rolled,1,24
3,1.0,142,8.454545454545455,52.72727272727273,1,897.7427828478864,862.3354662913958,-0.03944038006540007,1.0009932750777055,2.0,428.31585524564423,218.46467398817936,13.536943892341704,6.825796113619021,355.0,rolled,1,24
3,1.0,142,8.454545454545455,63.63636363636363,1,969.5859503873623,996.3766358551926,0.027631057831569272,1.0009972279738324,2.0,518.9135470301945,223.73500342341288,13.246086000851676,8.26802597052952,355.0,rolled,1,24
3,1.0,142,8.454545454545455,74.54545454545453,1,1093.1775012217977,1091.9239826517762,-0.0011466743219837872,1.0009915070041904,2.0,528.5161947163581,235.27777857418906,14.421041509660155,8.348420303900289,355.0,rolled,1,24
3,1.0,142,8.454545454545455,85.45454545454545,1,1181.2789978646645,1170.4537422518551,-0.009164012593449566,1.000992139658189,2.0,560.2715566510675,245.19413300039625,14.553603238614066,8.676252129702723,355.0,rolled,1,24
3,1.0,142,8.454545454545455,96.36363636363636,1,1257.923897819336,1327.8853296176592,0.0556165853273034,1.0009917731392126,2.0,508.2462541215529,237.81753498898522,16.063477901235277,8.927401047499758,460.0,rolled,0,24
3,1.0,142,8.454545454545455,107.27272727272728,1,1345.9822136266182,1341.2336040693606,-0.003527988341289423,1.0009960860662173,2.0,600.326646549002,259.78448413339686,15.693394184752233,9.325057649756944,355.0,rolled,0,24
3,1.0,142,8.454545454545455,118.18181818181816,1,1418.3994702060834,1429.0349370622557,0.00749821688429364,1.0009986930987347,2.0,599.6895181541685,268.87681935938446,16.908691777981726,9.273416705533363,355.0,rolled,1,24
3,1.0,142,8.454545454545455,129.0909090909091,1,1503.943042662674,1503.5630545607667,-0.0002526612319271315,1.0009951344508585,2.0,631.6228916896699,271.6535542421893,16.958642290223125,9.828271281689293,355.0,rolled,1,24
3,1.0,142,8.454545454545455,140.0,1,1589.050557323039,1576.877177615116,-0.007660788168018184,1.000997984152545,2.0,648.5150560031426,277.04266465360575,17.45374088791409,10.027589316583361,355.0,rolled,1,24
3,1.0,142,9.272727272727272,20.0,1,633.3700898588271,637.2403163967348,0.006110529372756357,1.000991467114978,2.0,341.7703088274633,180.72294621557833,10.816583149172347,6.0,355.0,rolled,1,24
3,1.0,142,9.272727272727272,30.909090909090907,1,801.8071464602682,793.6590292383328,-0.010162190818461592,1.0009900454944471,2.0,390.5335812524481,202.7238716360991,12.172809505432717,6.352332782848985,355.0,rolled,1,24
3,1.0,142,9.272727272727272,41.81818181818181,1,962.5021253931346,939.0271694832662,-0.02438951072474782,1.0009956812439762,2.0,426.51988176224324,219.3956767545286,13.417796663146737,6.7653874440387565,355.0,rolled,1,24
3,1.0,142,9.272727272727272,52.72727272727273,1,1070.6846994207378,1123.9076296716053,0.04970924706373614,1.000996550133514,2.0,491.28760235101305,235.5641281586848,14.023497141113255,7.936115259059488,355.0,rolled,1,24
3,1.0,142,9.272727272727272,63.63636363636363,1,1216.7126656588257,1246.5382377721837,0.02451324207857075,1.000995165594857,2.0,512.6033017005645,249.98231255070007,14.986906417533161,8.106182515407172,355.0,rolled,1,24
3,1.0,142,9.272727272727272,74.54545454545453,1,1356.4151141978043,1311.9907729140218,-0.03275128743316569,1.0009927529381006,2.0,512.2068679358842,261.4358451217478,15.532957562191896,8.068987193568917,355.0,rolled,1,24
3,1.0,142,9.272727272727272,85.45454545454545,1,1422.5235716023028,1473.7824765976136,0.03603378251059408,1.0009929663616615,2.0,560.3765857377166,271.7407041710285,16.37403701618727,8.690570914208385,355.0,rolled,1,24
3,1.0,142,9.272727272727272,96.36363636363636,1,1530.0841209322955,1584.893281244424,0.03582101112109637,1.000997893023929,2.0,579.077760919453,282.3922183368989,16.943824795915237,9.045244454497665,355.0,rolled,1,24
3,1.0,142,9.272727272727272,107.27272727272728,1,1647.0835657255905,1680.5860943456341,0.02034051539169157,1.0009953066594557,2.0,626.7686151308466,282.8107984503791,16.851785960237237,9.85523269046267,355.0,rolled,1,24
3,1.0,142,9.272727272727272,118.18181818181816,1,1794.0191544704012,1784.2394367555153,-0.005451289463948239,1.0009962984681582,2.0,650.6357809233582,284.8962903546012,17.65513020792312,10.181834292485114,355.0,rolled,1,24
3,1.0,142,9.272727272727272,129.0909090909091,1,1876.6125693849333,1880.2947318576566,0.001962132478911194,1.0009936815132332,2.0,689.0654173271303,284.89404831052826,17.80697225747888,10.80043797849379,355.0,rolled,1,24
3,1.0,142,9.272727272727272,140.0,1,1975.8458780810136,1973.3495520282002,-0.001263421444205881,1.0009929459096016,2.0,729.6477564617718,284.6062880657385,17.804433815746695,11.412416234930898,355.0,rolled,1,24
3,1.0,142,10.09090909090909,20.0,1,771.2799576046779,773.9013433947376,0.0033987474511860682,1.0009926572382482,2.0,370.7218266729638,190.42637412384227,11.547931541309676,6.065805542400146,355.0,rolled,1,24
3,1.0,142,10.09090909090909,30.909090909090907,1,964.7090665866748,982.7857043829472,0.01873791635464883,1.0009950981987945,2.0,411.97031478161426,213.3917661990497,13.269370252462446,6.745091430143429,355.0,rolled,1,24
3,1.0,142,10.09090909090909,41.81818181818181,1,1147.2574547707825,1165.9458204372881,0.016289600550243977,1.0009953978607748,2.0,455.8337621166879,232.21773472488022,14.06978713622428,7.641811092038724,355.0,rolled,1,24
3,1.0,142,10.09090909090909,52.72727272727273,1,1318.1429375417918,1315.6966730184997,-0.0018558416190084248,1.00099680150311,2.0,485.615104739369,251.3359359910329,14.964881308841452,7.7674091459544385,355.0,rolled,1,24
3,1.0,142,10.09090909090909,63.63636363636363,1,1473.4968374975142,1472.1340085078202,-0.0009248944110450408,1.000992531170491,2.0,514.7533568990169,264.026747515085,15.881746927976303,8.262653859218172,355.0,rolled,1,24
3,1.0,142,10.09090909090909,74.54545454545453,1,1593.8205978972342,1611.293608989624,0.01096297231660981,1.0009946615971783,2.0,541.6428919531558,276.45080021615485,16.630730912762875,8.560575754176117,355.0,rolled,1,24
3,1.0,142,10.09090909090909,85.45454545454545,1,1744.078619322344,1797.8657303957405,0.030839843157010494,1.0009951375663089,2.0,620.146329813215,281.84668622351484,16.831431519395416,9.59628501502724,355.0,rolled,1,24
3,1.0,142,10.09090909090909,96.36363636363636,1,1930.113776773892,1933.7056863236028,0.00186098332281448,1.000995795493095,2.0,639.0728927880735,291.51837986854025,17.585556800353515,9.943500898682466,355.0,rolled,1,24
3,1.0,142,10.09090909090909,107.27272727272728,1,2067.605711285596,2055.7189896694194,-0.00574902726922033,1.000999784733889,2.0,697.0084831808571,289.88334536527975,17.448049205684832,10.825913721030812,355.0,rolled,1,24
3,1.0,142,10.09090909090909,118.18181818181816,1,2170.353625378734,2188.845519046447,0.008520221521267635,1.0009975622627048,2.0,702.1099575443393,295.6303596496582,18.89149221927761,10.888092471185246,355.0,rolled,1,24
3,1.0,142,10.09090909090909,129.0909090909091,1,2307.5736162550616,2318.325334151272,0.004659317397491813,1.0009904825724822,2.0,728.8926290527631,294.55813116697743,19.894043722888657,11.278067162008862,355.0,rolled,1,24
3,1.0,142,10.09090909090909,140.0,1,2443.406284429296,2472.3445507198157,0.011843411582809438,1.0009970916089281,1.0,750.0,300.0,20.033480573842375,12.34838088892102,355.0,rolled,1,24
3,1.0,142,10.90909090909091,20.0,1,939.0466900997784,928.9674247089071,-0.010733508245261314,1.000996836687042,2.0,388.0112883132954,204.56354890287884,12.130380545182836,6.217955484602028,355.0,rolled,1,24
3,1.0,142,10.90909090909091,30.909090909090907,1,1197.1649157491154,1173.5548641976634,-0.01972163671091065,1.0009952051179767,2.0,435.1072869858979,229.47785103924593,13.766272883600843,6.891295777030836,355.0,rolled,1,24
3,1.0,142,10.90909090909091,41.81818181818181,1,1403.509472950396,1388.8694100650457,-0.010431039595746094,1.000989879167054,2.0,478.4254720742178,249.200439563689,14.820550313745741,7.608932985372557,355.0,rolled,1,24
3,1.0,142,10.90909090909091,52.72727272727273,1,1588.7457907355176,1594.8529268684945,0.0038439983089739727,1.0009989036811384,2.0,510.1980360568561,265.0150183311037,15.992535028360102,8.21134454442009,355.0,rolled,1,24
3,1.0,142,10.90909090909091,63.63636363636363,1,1789.9941201560932,1775.9244650665216,-0.007860168327449402,1.0009905684726783,2.0,544.3879910308835,277.7065333950084,16.87581368951887,8.692008020226774,355.0,rolled,1,24
3,1.0,142,10.90909090909091,74.54545454545453,1,1942.2808212955651,2023.1995291947558,0.04166169331024716,1.0009907846584196,2.0,625.7703482096587,285.1555728461538,17.391447001452182,9.841231179978891,355.0,rolled,1,24
3,1.0,142,10.90909090909091,85.45454545454545,1,2177.190622234541,2179.146690057668,0.0008984366380924147,1.0009989457036257,2.0,672.5392510795726,291.69737275261366,17.61509530958556,10.467196849569774,355.0,rolled,1,24
3,1.0,142,10.90909090909091,96.36363636363636,1,2344.698716886334,2338.8608305642074,-0.0024898236520037864,1.0009949922689103,2.0,690.4296656251634,300.0,18.7072234289278,10.666165933808047,355.0,rolled,1,24
3,1.0,142,10.90909090909091,107.27272727272728,1,2499.121791022924,2520.0440965718494,0.0083718631177081,1.0009933778559121,2.0,733.763227237959,293.36019537965683,19.966224099493346,11.362984367016518,355.0,rolled,1,24
3,1.0,142,10.90909090909091,118.18181818181816,1,2669.547168301596,2707.266541962524,0.014129502602093336,1.0009969609365241,2.0,741.3592553503792,296.12259174482784,21.655992124952032,11.788550637687784,355.0,rolled,1,24
3,1.0,142,10.90909090909091,129.0909090909091,1,2855.841135487434,2968.149205804216,0.03932574152014712,1.0009921469959115,2.0,714.237396753027,287.6517093666698,21.25481823982658,12.461517939500137,460.0,rolled,0,24
3,1.0,142,10.90909090909091,140.0,1,3078.8301843712,3107.26952101455,0.009237059188166308,1.000998045393641,1.0,750.0,300.0,25.174981112141634,12.950028986932331,355.0,rolled,0,24
3,1.0,142,11.727272727272728,20.0,1,1117.8784812198996,1115.905327106287,-0.0017650881976540855,1.0009954826837066,2.0,409.8107254367953,214.17450207605592,12.93980027841426,6.590391700542246,355.0,rolled,1,24
3,1.0,142,11.727272727272728,30.909090909090907,1,1399.1707585826318,1701.077325553111,0.215775354879709,1.0009969079763203,3.0,480.41016731413987,249.4295018433973,14.363168389599668,7.055117119402091,355.0,rolled,1,24
3,1.0,142,11.727272727272728,41.81818181818181,1,1658.320920880548,1665.3559305155975,0.0042422486181468155,1.00099837792747,2.0,505.08085700036185,261.45844642832145,15.596741729258085,8.213349857169154,355.0,rolled,1,24
3,1.0,142,11.727272727272728,52.72727272727273,1,1896.895430152976,1893.4859453585732,-0.0017974026086022832,1.000991296940255,2.0,537.9777045688235,279.5528096714351,16.772171450661133,8.56603087704833,355.0,rolled,1,24
3,1.0,142,11.727272727272728,63.63636363636363,1,2122.483987052358,2234.755676738696,0.052896365942556534,1.0009963285626644,2.0,603.1553652203621,290.42976035314604,18.30437359895049,9.769805364221595,355.0,rolled,1,24
3,1.0,142,11.727272727272728,74.54545454545453,1,2414.680044837911,2408.679725692332,-0.0024849334214718244,1.0009987009658285,2.0,677.888833129101,295.19433975219727,18.059065117410842,10.539128998079677,355.0,rolled,1,24
3,1.0,142,11.727272727272728,85.45454545454545,1,2607.2244497923484,2804.3316853466176,0.07560040930498624,1.0009888125492514,2.0,634.3900810116102,281.4895317638693,20.5401069855514,11.023554981896424,460.0,rolled,0,24
3,1.0,142,11.727272727272728,96.36363636363636,1,2809.399526814627,2860.5083777636128,0.018192090680293704,1.0009920213098984,2.0,741.2612757780583,296.4541208279368,21.073398641720246,11.72873781645127,355.0,rolled,0,24
3,1.0,142,11.727272727272728,107.27272727272728,1,3054.1802093068686,3079.0439989861325,0.008140904588241904,1.0009976583047113,1.0,750.0,300.0,23.013471722380142,12.027780086426615,355.0,rolled,1,24
3,1.0,142,11.727272727272728,118.18181818181816,1,3357.8991517305085,3426.0894629410504,0.020307432751635712,1.000993889225961,2.0,712.0690331734946,287.7957616668206,24.16894739668304,12.364191616240932,460.0,rolled,0,24
3,1.0,142,11.727272727272728,129.0909090909091,1,3564.383823711408,3684.708703401643,0.03375755407983738,1.000999433553834,1.0,719.6184554801714,287.79476216666086,26.064910663707924,13.161016724080977,460.0,rolled,1,24
3,1.0,142,11.727272727272728,140.0,1,3755.070343632353,3824.6115060420616,0.01851927022555855,1.0009998475457216,1.0,750.0,300.0,24.97864264804074,13.861309931140772,460.0,rolled,1,24
3,1.0,142,12.545454545454549,20.0,1,1307.1994834284806,1319.877133865065,0.00969832882991506,1.0009971569896694,2.0,432.4951407704729,225.90221648749875,13.445613693352934,7.029306072293469,355.0,rolled,1,24
3,1.0,142,12.545454545454549,30.909090909090907,1,1673.5520688887286,1915.9247565782248,0.14482530433034957,1.0009963014266081,3.0,514.7021515823969,271.6025876527806,13.995492673208874,6.773038907017308,355.0,rolled,1,24
3,1.0,142,12.545454545454549,41.81818181818181,1,1957.4303873162305,1957.9902776703332,0.0002860333413288174,1.000996297605952,2.0,521.8431515021016,277.4186614053773,16.484331009326542,8.376654155710037,355.0,rolled,1,24
3,1.0,142,12.545454545454549,52.72727272727273,1,2222.5772160497027,2274.8557703521037,0.023521591927104568,1.0009991330831072,2.0,564.7690235996546,287.17160984903904,17.99381025627233,9.549296640965693,355.0,rolled,1,24
3,1.0,142,12.545454545454549,63.63636363636363,1,2552.3230156844406,2624.982087383487,0.028467819806718975,1.0009946254017863,2.0,666.3290021038493,294.572895567713,18.95832385774389,10.47510860526672,355.0,rolled,1,24
3,1.0,142,12.545454545454549,74.54545454545453,1,2864.0220557743514,2890.685228601523,0.00930969535427062,1.0009977995548351,2.0,721.4616037359668,293.5209681280368,20.42494728936188,11.10540418360426,355.0,rolled,1,24
3,1.0,142,12.545454545454549,85.45454545454545,1,3136.2352005841685,3213.2386865254075,0.02455284154928683,1.0009984024918228,1.0,736.0827511617376,296.1634870938788,22.604594457155986,12.072805788842214,355.0,rolled,1,24
3,1.0,142,12.545454545454549,96.36363636363636,1,3474.753399293351,3616.943301551514,0.04092086140187101,1.0009889556137683,2.0,715.7559039854237,288.37219745975153,23.462853350855326,12.402467527596615,460.0,rolled,0,24
3,1.0,142,12.545454545454549,107.27272727272728,1,3810.945853911128,3921.5164150061264,0.029013941770261953,1.0009994991237205,1.0,721.1510409436365,288.4618663253415,25.92743544461481,13.009296596740299,460.0,rolled,1,24
3,1.0,142,12.545454545454549,118.18181818181816,1,4051.8868674716473,4159.050870311693,0.026447925706009512,1.0009939206214982,1.0,739.2334450382402,296.5489400037366,26.41963202047421,13.737368343206446,460.0,rolled,1,24
3,1.0,142,12.545454545454549,129.0909090909091,1,4389.083655555064,4454.182573556003,0.014832006657824026,1.0009976945934314,1.0,742.710162431759,297.03624493426935,28.649750926014306,14.385074811723861,460.0,rolled,1,24
3,1.0,142,12.545454545454549,140.0,1,4731.036754406592,4749.323110054155,0.003865189935489566,1.000999627780751,1.0,750.0,300.0,30.10327159780782,15.365234041939104,460.0,rolled,1,24
3,1.0,142,13.363636363636363,20.0,1,1553.9456704912225,1539.3598227079076,-0.00938633059076266,1.0009911109876053,2.0,450.2965458440697,237.46062787748218,14.13046677491432,7.255251667588782,355.0,rolled,1,24
3,1.0,142,13.363636363636363,30.909090909090907,1,2055.764041961098,1935.384659918055,-0.05855700342350911,1.0009988569777186,2.0,509.73887213967225,263.52802932650076,15.985106364370672,8.083417576091096,355.0,rolled,1,24
3,1.0,142,13.363636363636363,41.81818181818181,1,2295.1327804460216,2290.274332356748,-0.002116848371765845,1.0009930043842412,2.0,556.0250237282042,286.28727681610764,17.199164328717078,8.995536325091456,355.0,rolled,1,24
3,1.0,142,13.363636363636363,52.72727272727273,1,2698.233573079863,2808.9603592915164,0.0410367683940962,1.000993049714863,1.0,616.6219862266768,300.0,19.848358383862173,10.268312475484912,355.0,rolled,1,24
3,1.0,142,13.363636363636363,63.63636363636363,1,3099.504449257762,3120.7771947281076,0.006863273087231558,1.0009948298203777,2.0,689.5742186448476,297.48945236206055,21.452877515625325,10.899968171695042,355.0,rolled,1,24
3,1.0,142,13.363636363636363,74.54545454545453,1,3409.0278837627866,3511.725019044437,0.03012504995069043,1.000996998157859,1.0,738.0824062351531,297.31041207789593,23.0602364668403,12.403230643152058,355.0,rolled,1,24
3,1.0,142,13.363636363636363,85.45454545454545,1,3859.8972334468967,3997.911260452912,0.03575588122142004,1.0009945519143095,2.0,721.0947393751601,289.73638854066525,24.546787890738628,12.537082029763495,460.0,rolled,0,24
3,1.0,142,13.363636363636363,96.36363636363636,1,4245.414696419247,4436.293009952424,0.04496105261381689,1.0009902809751259,1.0,722.1870835614652,288.8622225785276,27.5532665729281,13.813131685791722,460.0,rolled,1,24
3,1.0,142,13.363636363636363,107.27272727272728,1,4631.739739142465,4724.801108182226,0.02009209806270129,1.0009982289002313,1.0,739.8187826422964,296.4326845250902,28.510759672042273,14.446591087334825,460.0,rolled,1,24
3,1.0,142,13.363636363636363,118.18181818181816,1,5063.816158705762,5120.848105494677,0.011262641652356464,1.0009978357700235,1.0,742.3211567185782,296.85320782402357,31.0239139014196,15.569829445391955,460.0,rolled,1,24
3,1.0,142,13.363636363636363,129.0909090909091,1,5459.024045280959,5599.022190212366,0.02564526988160587,1.0009992979155917,1.0,746.0524423229605,298.4803011013526,32.81654946493442,17.82668385237154,460.0,rolled,1,24
3,1.0,142,13.363636363636363,140.0,1,5943.747564514266,5942.279955327425,-0.00024691647330421507,1.0009996866961328,1.0,750.0,300.0,35.0,18.624184512767904,460.0,rolled,1,24
3,1.0,142,14.181818181818182,20.0,1,1796.9028968466985,1787.9203848456723,-0.004998885591864344,1.0009889668074305,2.0,470.88623650160287,247.91736251802746,14.777890623680856,7.632841907053461,355.0,rolled,1,24
3,1.0,142,14.181818181818182,30.909090909090907,1,2224.07150895444,2596.0692326480444,0.16725978557608712,1.0009931723822185,3.0,563.1644024254887,293.9437622772581,15.45510732609912,7.474144064880462,355.0,rolled,1,24
3,1.0,142,14.181818181818182,41.81818181818181,1,2615.0382292659383,2834.1763928517385,0.0837992198864772,1.00099796432004,2.0,600.3151825652234,298.14510544570453,19.24714716720324,9.750793555612209,355.0,rolled,1,24
3,1.0,142,14.181818181818182,52.72727272727273,1,3202.0654799770145,3273.554756541161,0.022325988338208536,1.0009937392733579,1.0,686.8147508483239,298.4250068664551,20.70121528944777,11.199177574988067,355.0,rolled,1,24
3,1.0,142,14.181818181818182,63.63636363636363,1,3623.765744949169,3751.0099134760057,0.03511379528441938,1.0009934708604933,1.0,733.6207021554659,296.118274382797,23.454055648888158,12.449999027595908,355.0,rolled,1,24
3,1.0,142,14.181818181818182,74.54545454545453,1,4194.266016339479,4355.660574748052,0.038479809764052186,1.0009948343970625,2.0,724.0971335870793,289.57545803945817,25.322815419145304,12.750028190326487,460.0,rolled,0,24
3,1.0,142,14.181818181818182,85.45454545454545,1,4665.282330709234,4891.107346449482,0.04840543395493002,1.000995659452446,1.0,724.2999061092172,289.7406079598579,28.57267575802882,14.319556626192195,460.0,rolled,1,24
3,1.0,142,14.181818181818182,96.36363636363636,1,5186.697126154381,5266.123737697044,0.015313524119645816,1.0009982303481157,1.0,740.8445960230468,296.48289620972895,30.074523100690186,15.101480109807591,460.0,rolled,1,24
3,1.0,142,14.181818181818182,107.27272727272728,1,5684.871516431859,5873.0219490960235,0.03309669042129171,1.00099031805934,1.0,742.288653193836,296.92012713732964,32.57465277153266,17.734014357702662,460.0,rolled,1,24
3,1.0,142,14.181818181818182,118.18181818181816,1,6186.248050426683,8102.821352490684,0.309811906415846,1.0009971367132338,1.0,747.0175807632548,298.89680179404945,33.39900637185692,19.229935540092317,500.0,rolled,0,24
3,1.0,142,14.181818181818182,129.0909090909091,1,8947.780102569574,11974.360461748644,0.3382493003275655,1.000991990597983,1.0,736.284276202671,294.46277753869833,34.360032081604004,19.99734278070141,620.0,rolled,0,24
3,1.0,142,14.181818181818182,140.0,0,12705.653958132376,,,,,,,,,500.0,rolled,0,24
3,1.0,142,15.0,20.0,1,2057.2483346770277,2062.6001239145444,0.002601430827434248,1.0009985745891172,2.0,492.5549051864361,258.1556529290321,15.373192792029197,8.074406737314368,355.0,rolled,1,24
3,1.0,142,15.0,30.909090909090907,1,2565.283454586496,3033.7317628666824,0.18261073934837202,1.0009909631814895,3.0,592.1639869234551,298.811809000036,16.47440625392299,8.204745095942494,355.0,rolled,1,24
3,1.0,142,15.0,41.81818181818181,1,3234.6725939942403,3256.1269181820726,0.006632610740161526,1.0009944425820556,2.0,656.3802203111967,300.0,20.150820271035276,10.268732315154985,355.0,rolled,1,24
3,1.0,142,15.0,52.72727272727273,1,3765.638206814382,3891.166858773265,0.033335292735166,1.000998747987106,1.0,694.1424646060824,300.0,23.66316188920937,12.075708089751231,355.0,rolled,1,24
3,1.0,142,15.0,63.63636363636363,1,4414.262908667717,4413.856698994506,-9.202208423375602e-05,1.0009995612164357,1.0,750.0,300.0,26.122731669737874,13.31612175115038,355.0,rolled,1,24
3,1.0,142,15.0,74.54545454545453,1,5055.036012019389,5066.423626239515,0.002252726626091217,1.0009973804005998,1.0,750.0,300.0,30.22427924064026,15.25834139385698,355.0,rolled,0,24
3,1.0,142,15.0,85.45454545454545,1,5678.659053486651,5675.308402520849,-0.0005900426375738954,1.0009993926627758,1.0,750.0,300.0,30.258044052536977,15.213801584801402,460.0,rolled,1,24
3,1.0,142,15.0,96.36363636363636,1,6293.677091962863,6405.905166909946,0.01783187686740395,1.0009996690256853,1.0,750.0,300.0,33.195648047013194,18.160370718282437,460.0,rolled,1,24
3,1.0,142,15.0,107.27272727272728,1,7396.103440982998,12402.962869681676,0.6769590864501522,1.0009963859032636,1.0,733.6863387405498,293.5841519992471,34.251885414123535,19.300515437096287,620.0,rolled,0,24
3,1.0,142,15.0,118.18181818181816,0,13338.283576315587,,,,,,,,,460.0,rolled,0,24
5,1.0,142,6.0,20.0,1,241.3288087904857,241.32345769804726,-2.2173450676121753e-05,1.000999808118139,2.0,250.0,125.52174037749867,8.0,6.0,355.0,rolled,1,24
5,1.0,142,6.0,30.909090909090907,1,292.67799548197263,294.7783330420982,0.0071762742418226555,1.0009989158322814,2.0,285.4548097064576,144.92967917203072,8.837127189804288,6.0,355.0,rolled,1,24
5,1.0,142,6.0,41.81818181818181,1,342.2853688824266,353.273134596829,0.0321011843137724,1.0009935795239024,2.0,330.98512023117325,161.1960223443249,9.695549391770134,6.0,355.0,rolled,1,24
5,1.0,142,6.0,52.72727272727273,1,386.25765574493386,387.46578334991455,0.003127776464781462,1.0009949371187206,2.0,337.45178221202735,170.48730491880772,10.499625860245368,6.0,355.0,rolled,1,24
5,1.0,142,6.0,63.63636363636363,1,431.68145507497405,433.0256325079398,0.0031138178792793347,1.0009973235917236,2.0,389.8885352850478,179.10424911262294,10.835645790838626,6.087773893000396,355.0,rolled,1,24
5,1.0,142,6.0,74.54545454545453,1,466.9500019446189,478.3230098950055,0.024355943683528336,1.0009908878655827,2.0,417.70749588956824,182.58592584912637,11.3355405057496,6.642766694464783,355.0,rolled,1,24
5,1.0,142,6.0,85.45454545454545,1,518.2473353887603,514.3669193776578,-0.007487575422248205,1.0009958615202672,2.0,425.8152344253725,197.0836357045531,11.69307432374081,6.620281513566041,355.0,rolled,1,24
5,1.0,142,6.0,96.36363636363636,1,549.7256874002802,555.8279295283984,0.011100522074884989,1.0009930668447966,2.0,442.56397972434985,201.30470900493592,12.307381282444458,6.949212618489329,355.0,rolled,1,24
5,1.0,142,6.0,107.27272727272728,1,586.6560772595034,592.8114030862873,0.010492222045219046,1.0009918529923054,2.0,462.29439477392657,207.123240840078,12.493692525011589,7.3334497194510035,355.0,rolled,1,24
5,1.0,142,6.0,118.18181818181816,1,628.4217050081675,623.0640024279146,-0.008525648521613749,1.000999714450186,2.0,495.3131647352266,206.8386400124581,12.54247749152013,7.701952216344604,355.0,rolled,1,24
5,1.0,142,6.0,129.0909090909091,1,657.4964976148059,664.9006724829911,0.01126116244732156,1.000994522803304,2.0,493.56878686057775,214.8514207688732,13.344978205338359,7.855174227528103,355.0,rolled,1,24
5,1.0,142,6.0,140.0,1,697.879425726456,695.460450871684,-0.003466178777593254,1.0009936241788064,2.0,508.1854900500325,222.08530091021723,13.425130515561778,8.041923110838422,355.0,rolled,1,24
5,1.0,142,6.818181818181818,20.0,1,317.0885192434045,318.71058674524113,0.0051155037265524506,1.0009893948023116,2.0,273.4189525542875,141.80296325191884,8.56132110767784,6.0,355.0,rolled,1,24
5,1.0,142,6.818181818181818,30.909090909090907,1,392.6423822212096,390.432991848766,-0.0056269788298065615,1.0009947829385202,2.0,315.7192894800477,160.10623539867396,9.61664103400274,6.0,355.0,rolled,1,24
5,1.0,142,6.818181818181818,41.81818181818181,1,455.0251859822217,456.8462175505713,0.00400204565472273,1.0009981868711855,2.0,343.25813804161186,175.00495789097135,10.724942537880882,6.0,355.0,rolled,1,24
5,1.0,142,6.818181818181818,52.72727272727273,1,519.9507333014534,533.1377909061501,0.02536212906358437,1.0009927336612985,2.0,391.95563137643455,188.10278029974154,11.514339683981966,6.24038967957237,355.0,rolled,1,24
5,1.0,142,6.818181818181818,63.63636363636363,1,570.1996303697795,594.9177097112098,0.04334986910707128,1.000992252857256,2.0,425.107096258779,194.9153176078307,11.97490008258644,6.816705717270258,355.0,rolled,1,24
5,1.0,142,6.818181818181818,74.54545454545453,1,645.0378754655677,645.9960552438057,0.0014854628149492122,1.0009957973725687,2.0,443.3408336056913,207.45371380826575,12.42417100596409,6.890106264527763,355.0,rolled,1,24
5,1.0,142,6.818181818181818,85.45454545454545,1,698.212152166206,698.9158787515989,0.0010078979336145544,1.0009994869535177,2.0,474.6722751929222,211.15770130189418,12.757710353319876,7.367269344568761,355.0,rolled,1,24
5,1.0,142,6.818181818181818,96.36363636363636,1,733.8166260116295,750.1295831024274,0.022230290937206743,1.000999934855103,2.0,501.0572044185815,215.532192290634,13.080183236199654,7.78212112884569,355.0,rolled,1,24
5,1.0,142,6.818181818181818,107.27272727272728,1,798.4291807439346,837.3824148445821,0.048787337737772773,1.0009977971467385,2.0,450.11346486776046,208.31021910138927,14.372107520548953,7.856465582117249,460.0,rolled,0,24
5,1.0,142,6.818181818181818,118.18181818181816,1,852.2289524013323,850.3522110400753,-0.00220215630549625,1.0009966288718013,2.0,520.0925056057821,232.9731666212113,14.1685320743036,8.092300840614643,355.0,rolled,0,24
5,1.0,142,6.818181818181818,129.0909090909091,1,896.311601431932,902.3412918202907,0.006727225641981915,1.0009893993205434,2.0,519.2949605038182,244.99167401055524,14.799782007528535,8.120310779247154,355.0,rolled,1,24
5,1.0,142,6.818181818181818,140.0,1,931.1411275891702,941.5772444595574,0.011207878764207813,1.0009922694987874,2.0,563.6079842661709,235.99638262889167,14.943883343682785,8.736686864322573,355.0,rolled,1,24
5,1.0,142,7.636363636363637,20.0,1,409.6201332461394,409.1687185727175,-0.001102032436356426,1.000997352092624,2.0,300.243563924275,155.29830641630204,9.191157775619601,6.0,355.0,rolled,1,24
5,1.0,142,7.636363636363637,30.909090909090907,1,501.774525145321,505.56289685573154,0.007549948274702345,1.0009988655965898,2.0,339.8474796129015,174.44228302258432,10.620181172270865,6.0,355.0,rolled,1,24
5,1.0,142,7.636363636363637,41.81818181818181,1,593.9298338756057,620.0492840850181,0.04397733321287056,1.000992550601109,2.0,390.34952578057687,192.7983139305404,11.75036379640888,6.427486888224323,355.0,rolled,1,24
5,1.0,142,7.636363636363637,52.72727272727273,1,675.9362632758116,703.6184266168887,0.04095380710441554,1.0009979021119866,2.0,433.19989821319535,200.1582166639531,12.446004604118206,6.943139887559321,355.0,rolled,1,24
5,1.0,142,7.636363636363637,63.63636363636363,1,779.5020738899598,778.4751828708532,-0.001317367911520817,1.0009948738555736,2.0,453.4344545817819,214.6399072270485,13.045932369259168,7.13383242062543,355.0,rolled,1,24
5,1.0,142,7.636363636363637,74.54545454545453,1,846.6406079690952,851.2561419355975,0.005451585859522989,1.0009903371138065,2.0,523.2670399201737,210.93268485507838,12.799408897601385,8.153872098848504,355.0,rolled,1,24
5,1.0,142,7.636363636363637,85.45454545454545,1,921.2774310054268,919.5802468010974,-0.0018422075123204484,1.0009947168372433,2.0,527.4524068245324,223.2564399720297,13.711268948330835,8.188272079166136,355.0,rolled,1,24
5,1.0,142,7.636363636363637,96.36363636363636,1,990.3158107657674,985.6970974458535,-0.0046638792087368985,1.0009995450891462,2.0,538.9661332143664,233.70663024536415,14.335360056840381,8.329816160649862,355.0,rolled,1,24
5,1.0,142,7.636363636363637,107.27272727272728,1,1055.0870687226268,1053.2960774858582,-0.0016974819328767765,1.00099463312659,2.0,534.8925620997761,249.32832969492924,15.129821407081648,8.23895982532968,355.0,rolled,1,24
5,1.0,142,7.636363636363637,118.18181818181816,1,1088.4839809208006,1114.6029492679304,0.02399573058028337,1.000995987791907,2.0,578.0910569395735,244.49404537056,15.31981063061908,8.936240626714916,355.0,rolled,1,24
5,1.0,142,7.636363636363637,129.0909090909091,1,1173.7978050697595,1179.3604957799535,0.004739053596938048,1.000996527052211,2.0,592.2327883407588,247.58597310955545,16.128167037852318,9.13718845542953,355.0,rolled,1,24
5,1.0,142,7.636363636363637,140.0,1,1251.7374258469372,1238.769128565303,-0.010360237709485909,1.0009973155047132,2.0,581.3715638259802,268.99353991571377,16.409236006030795,8.996222760109415,355.0,rolled,1,24
5,1.0,142,8.454545454545455,20.0,1,516.1523336674153,514.6379904044115,-0.0029339076164663913,1.0009932008590168,2.0,323.6009438023844,168.11107845807751,9.939959950634462,6.0,355.0,rolled,1,24
5,1.0,142,8.454545454545455,30.909090909090907,1,633.218032838701,639.1200065511306,0.009320602709261383,1.000997047132586,2.0,364.6514485414627,188.63513456524188,11.477938506740447,6.096787898295548,355.0,rolled,1,24
5,1.0,142,8.454545454545455,41.81818181818181,1,757.3789000305048,793.2931265182132,0.047419100910075285,1.0009933652171195,2.0,422.594587313226,206.59254351912023,12.61538299962437,6.915979719609038,355.0,rolled,1,24
5,1.0,142,8.454545454545455,52.72727272727273,1,897.7427828478864,864.1522627722259,-0.03741664173462045,1.000992075384973,2.0,427.7566189943236,218.83452096818937,13.505099787695741,6.889522035876263,355.0,rolled,1,24
5,1.0,142,8.454545454545455,63.63636363636363,1,969.5859503873623,995.6506153008827,0.02688226340646449,1.000994312993281,2.0,518.387199497679,222.59015949897355,13.415759243569566,8.175800858768497,355.0,rolled,1,24
5,1.0,142,8.454545454545455,74.54545454545453,1,1093.1775012217977,1088.4751651885715,-0.004301530197950987,1.0009912425791383,2.0,522.8269282664278,238.10659820176267,14.437179269514274,8.194322713069385,355.0,rolled,1,24
5,1.0,142,8.454545454545455,85.45454545454545,1,1181.2789978646645,1171.3623434845515,-0.008394845246583404,1.0009956797205535,2.0,557.0646830930183,245.6728515825963,14.655132518316618,8.628660018282753,355.0,rolled,1,24
5,1.0,142,8.454545454545455,96.36363636363636,1,1257.923897819336,1329.4013420918482,0.05682175558984248,1.0009997339589243,2.0,514.2464332535121,235.57688044525247,16.02992455580583,9.025297986627244,460.0,rolled,0,24
5,1.0,142,8.454545454545455,107.27272727272728,1,1345.9822136266182,1344.6732894466577,-0.0009724676646608588,1.0009990508675928,2.0,593.8800678798001,260.6409894579515,15.909639849181058,9.252212928433751,355.0,rolled,0,24
5,1.0,142,8.454545454545455,118.18181818181816,1,1418.3994702060834,1426.4437162209676,0.005671354356692859,1.0009977099230278,2.0,608.0990165345052,267.7464600535806,16.57676741405895,9.457478103259284,355.0,rolled,1,24
5,1.0,142,8.454545454545455,129.0909090909091,1,1503.943042662674,1502.4551701356754,-0.0009893144120434183,1.0009982593134061,2.0,636.9927012260544,269.75799671668796,16.879251227743936,9.897350356807136,355.0,rolled,1,24
5,1.0,142,8.454545454545455,140.0,1,1589.050557323039,1577.09010043955,-0.0075267944297743306,1.0009932807285529,2.0,662.1524975941228,271.5580896707025,17.294199979505226,10.25113354574215,355.0,rolled,1,24
5,1.0,142,9.272727272727272,20.0,1,633.3700898588271,637.2464570288886,0.006120224545060893,1.0009957197185058,2.0,341.5462782749931,180.8144850979344,10.81492450854193,6.0,355.0,rolled,1,24
5,1.0,142,9.272727272727272,30.909090909090907,1,801.8071464602682,794.1545297853536,-0.009544211109490108,1.0009987520428405,2.0,390.45290107283716,201.9842862727141,12.256011037237547,6.32636683533626,355.0,rolled,1,24
5,1.0,142,9.272727272727272,41.81818181818181,1,962.5021253931346,985.2247279187658,0.02360784659706594,1.0009926733784238,2.0,447.7780124676702,222.84669197028,13.519055127504284,7.1040647621538,355.0,rolled,1,24
5,1.0,142,9.272727272727272,52.72727272727273,1,1070.6846994207378,1129.4158299867886,0.05485380579158883,1.0009947318170784,2.0,483.12466044144173,236.98949813684143,14.218397652541594,7.905141831788163,355.0,rolled,1,24
5,1.0,142,9.272727272727272,63.63636363636363,1,1216.7126656588257,1248.9666955601008,0.026509159320545317,1.0009935494888236,2.0,507.9567565590774,250.3619173432263,15.171862460603302,8.020115764921986,355.0,rolled,1,24
5,1.0,142,9.272727272727272,74.54545454545453,1,1356.4151141978043,1361.977661536456,0.004100918133709719,1.0009908408313748,2.0,538.3693322921564,262.3131789549494,15.580054760877355,8.453536703092919,355.0,rolled,1,24
5,1.0,142,9.272727272727272,85.45454545454545,1,1422.5235716023028,1469.4605708151125,0.03299558625938315,1.0009999120862034,2.0,577.4270376027505,266.71855213311056,16.018134123352862,8.984690604520503,355.0,rolled,1,24
5,1.0,142,9.272727272727272,96.36363636363636,1,1530.0841209322955,1579.7996692315598,0.03249203597314132,1.0009975015769743,2.0,594.4388135217986,277.6705851398689,16.61735089193247,9.312268304663236,355.0,rolled,1,24
5,1.0,142,9.272727272727272,107.27272727272728,1,1647.0835657255905,1678.9380349069322,0.019339922906284945,1.0009985194749593,2.0,628.5126629766658,282.13278393551565,16.846020604546666,9.844681849364125,355.0,rolled,1,24
5,1.0,142,9.272727272727272,118.18181818181816,1,1794.0191544704012,1779.8801085329937,-0.007881212361738332,1.0009974399782742,2.0,656.2325831774782,284.72019649645773,17.409006026652378,10.253425111312332,355.0,rolled,1,24
5,1.0,142,9.272727272727272,129.0909090909091,1,1876.6125693849333,1881.2870621231614,0.0024909205099059584,1.0009907704905943,2.0,676.1599329419275,288.75261595280614,18.062290291630877,10.595938323890653,355.0,rolled,1,24
5,1.0,142,9.272727272727272,140.0,1,1975.8458780810136,1974.6695968505467,-0.0005953304574591867,1.0009914083149036,2.0,723.5459725849445,284.6223785977945,18.10560152796461,11.291044297888487,355.0,rolled,1,24
5,1.0,142,10.09090909090909,20.0,1,771.2799576046779,775.3794036501604,0.005315120670597917,1.0009950424114198,2.0,369.24753481248393,191.0377061927707,11.51924845133052,6.117397705541261,355.0,rolled,1,24
5,1.0,142,10.09090909090909,30.909090909090907,1,964.7090665866748,980.1441177699018,0.015999695367059363,1.0009945119175079,2.0,412.9819826261578,214.20908925955322,13.14836296696662,6.743760253146063,355.0,rolled,1,24
5,1.0,142,10.09090909090909,41.81818181818181,1,1147.2574547707825,1160.7731590242697,0.011780881612303507,1.0009951671542365,2.0,455.29187127152017,232.97510619006525,14.061835420089059,7.508192892239448,355.0,rolled,1,24
5,1.0,142,10.09090909090909,52.72727272727273,1,1318.1429375417918,1316.8096967663778,-0.0010114538700183306,1.0009965548138946,2.0,484.59857814517807,251.06736900957304,15.040347975531017,7.742261105786674,355.0,rolled,1,24
5,1.0,142,10.09090909090909,63.63636363636363,1,1473.4968374975142,1471.0977183179605,-0.0016281807456256514,1.0009964955374786,2.0,515.1497507655519,263.8994240199995,15.881632893526946,8.246340845299551,355.0,rolled,1,24
5,1.0,142,10.09090909090909,74.54545454545453,1,1593.8205978972342,1674.1923780357972,0.05042711848786463,1.0009936742773096,2.0,571.1401159876522,277.11129646877305,16.69720046273143,8.967176410843969,355.0,rolled,1,24
5,1.0,142,10.09090909090909,85.45454545454545,1,1744.078619322344,1797.6181962710311,0.03069791485058726,1.0009959274527636,2.0,618.8326118877958,282.12666060772085,16.87028888634589,9.561967791640301,355.0,rolled,1,24
5,1.0,142,10.09090909090909,96.36363636363636,1,1930.113776773892,1934.4354814636636,0.0022390932295168753,1.0009952737136665,2.0,637.9726569880193,291.167032541988,17.678094398789163,9.905974269539463,355.0,rolled,1,24
5,1.0,142,10.09090909090909,107.27272727272728,1,2067.605711285596,2059.8795762305817,-0.0037367545527867696,1.0009982912750444,2.0,682.8761130932044,292.48437146136433,17.828830444971423,10.644692692165966,355.0,rolled,1,24
5,1.0,142,10.09090909090909,118.18181818181816,1,2170.353625378734,2192.1646497562124,0.01004952562680761,1.0009933274163472,2.0,708.0890873649143,293.40555191964086,18.812242373396323,11.024779154360898,355.0,rolled,1,24
5,1.0,142,10.09090909090909,129.0909090909091,1,2307.5736162550616,2310.4307585305833,0.0012381586682199686,1.0009890509339314,2.0,738.3484933481717,295.751292460459,19.30525407673217,11.441696207418838,355.0,rolled,1,24
5,1.0,142,10.09090909090909,140.0,1,2443.406284429296,2447.9951337605758,0.0018780541576413068,1.0009984508642245,2.0,750.0,300.0,20.23618271775067,11.895492796190707,355.0,rolled,1,24
5,1.0,142,10.90909090909091,20.0,1,939.0466900997784,932.2804688466169,-0.007205415156133044,1.0009915287440898,2.0,389.77587627361817,203.98133319953314,12.109524770383828,6.319629651421103,355.0,rolled,1,24
5,1.0,142,10.90909090909091,30.909090909090907,1,1197.1649157491154,1177.668363035759,-0.016285603141950156,1.000998321701642,2.0,436.30595214275274,228.90617826994767,13.744358179888351,7.011645477693082,355.0,rolled,1,24
5,1.0,142,10.90909090909091,41.81818181818181,1,1403.509472950396,1390.1532240324952,-0.009516322600818583,1.0009982012400138,2.0,478.4206197202792,248.9452466026241,14.83839235637278,7.62893008915904,355.0,rolled,1,24
5,1.0,142,10.90909090909091,52.72727272727273,1,1588.7457907355176,1596.1483131146663,0.004659349798007417,1.000996628000719,2.0,512.2843705789487,264.08397211948926,15.965782745018956,8.287148495302771,355.0,rolled,1,24
5,1.0,142,10.90909090909091,63.63636363636363,1,1789.9941201560932,1856.3743880356005,0.03708407035086725,1.0009956842087882,2.0,566.8252875693289,282.163287475394,17.07033685393123,9.018325782885617,355.0,rolled,1,24
5,1.0,142,10.90909090909091,74.54545454545453,1,1942.2808212955651,2016.413417828815,0.03816780545863652,1.0009967583623476,2.0,627.0978843523284,286.03058658733784,17.270998007777443,9.791037168983477,355.0,rolled,1,24
5,1.0,142,10.90909090909091,85.45454545454545,1,2177.190622234541,2177.9987587722694,0.0003711831795871756,1.0009956826005013,2.0,650.5899668037177,297.83780648190265,18.007955632838186,10.107107220500922,355.0,rolled,1,24
5,1.0,142,10.90909090909091,96.36363636363636,1,2344.698716886334,2344.366260033918,-0.0001417908620930941,1.000998536405559,2.0,691.4274764814049,298.27316088847226,18.82389811563865,10.711546902920142,355.0,rolled,1,24
5,1.0,142,10.90909090909091,107.27272727272728,1,2499.121791022924,2532.000631353404,0.013156157674501623,1.000990325619703,2.0,723.1232884118032,294.8481569963572,20.230869820089524,11.369465081360284,355.0,rolled,1,24
5,1.0,142,10.90909090909091,118.18181818181816,1,2669.547168301596,2690.860728805043,0.007983961009015328,1.000997543463739,2.0,750.0,300.0,20.7783968468209,11.941670360012765,355.0,rolled,1,24
5,1.0,142,10.90909090909091,129.0909090909091,1,2855.841135487434,2972.459160691886,0.040834913313393395,1.0009904735579407,2.0,711.3646366568545,286.7284546161617,21.516193577665064,12.404037082660878,460.0,rolled,0,24
5,1.0,142,10.90909090909091,140.0,1,3078.8301843712,3115.872537690438,0.012031307704878591,1.0009999703907269,1.0,750.0,300.0,25.111295860713394,13.097887474906743,355.0,rolled,0,24
5,1.0,142,11.727272727272728,20.0,1,1117.8784812198996,1116.756574274412,-0.001003603669213926,1.0009906355169205,2.0,409.378334437094,214.51969617589268,12.909486440154383,6.623452427272458,355.0,rolled,1,24
5,1.0,142,11.727272727272728,30.909090909090907,1,1399.1707585826318,1711.7814853568534,0.2234257147361327,1.0009925761297938,3.0,478.5183417274946,248.9492889703483,14.452037625008206,7.164739745735766,355.0,rolled,1,24
5,1.0,142,11.727272727272728,41.81818181818181,1,1658.320920880548,1663.9544971149057,0.0033971568249686612,1.0009923183684302,2.0,502.13343718684297,262.4335179575463,15.645329935336248,8.126164599860784,355.0,rolled,1,24
5,1.0,142,11.727272727272728,52.72727272727273,1,1896.895430152976,1900.9156575027762,0.0021193721519356945,1.0009927552364355,2.0,537.5835263302379,278.05626806973476,16.90405643528288,8.637975241185728,355.0,rolled,1,24
5,1.0,142,11.727272727272728,63.63636363636363,1,2122.483987052358,2226.3586518225275,0.04894014061063778,1.0009941751349567,2.0,607.8931842663394,289.99525162547536,18.167925956766126,9.744161833126714,355.0,rolled,1,24
5,1.0,142,11.727272727272728,74.54545454545453,1,2414.680044837911,2418.8942451156513,0.0017452416881273969,1.000992110160532,2.0,664.4486881523635,295.35908895232046,18.615723457118865,10.3677354722071,355.0,rolled,1,24
5,1.0,142,11.727272727272728,85.45454545454545,1,2607.2244497923484,2827.315589488996,0.08441587747237356,1.0009960119222627,2.0,639.1378046723937,278.1724280886752,20.732995341276517,11.23980880431006,460.0,rolled,0,24
5,1.0,142,11.727272727272728,96.36363636363636,1,2809.399526814627,2842.5784403353805,0.011809966223769175,1.0009909540965585,2.0,747.2432275927405,298.9868008900153,20.534041834658858,11.733340236387036,355.0,rolled,0,24
5,1.0,142,11.727272727272728,107.27272727272728,1,3054.1802093068686,3094.3946692662084,0.013167022638937986,1.0009997403915505,1.0,750.0,300.0,22.918786211112458,12.262935887804462,355.0,rolled,1,24
5,1.0,142,11.727272727272728,118.18181818181816,1,3357.8991517305085,3439.56582660365,0.024320764615892054,1.000994082193968,2.0,712.2016304162853,287.0600131539915,24.230018047810916,12.49582908139089,460.0,rolled,0,24
5,1.0,142,11.727272727272728,129.0909090909091,1,3564.383823711408,3696.6244096954374,0.03710054599179902,1.0009906579518102,1.0,717.7644800648106,287.042667096313,26.246536963249376,13.222710724758139,460.0,rolled,1,24
5,1.0,142,11.727272727272728,140.0,1,3755.070343632353,3803.8033438624425,0.012977919391770731,1.0009949362243644,1.0,747.9502859354113,300.0,25.179118215619788,13.54501048338541,460.0,rolled,1,24
5,1.0,142,12.545454545454549,20.0,1,1307.1994834284806,1320.3436515807052,0.010055212168345262,1.000999879675189,2.0,431.5653779429165,225.55099572608162,13.51864654344281,6.9977056200711925,355.0,rolled,1,24
5,1.0,142,12.545454545454549,30.909090909090907,1,1673.5520688887286,1955.085919944849,0.16822533119215355,1.0009902993770157,3.0,510.03709200697864,267.57379053385125,14.427853445711975,7.067354038600121,355.0,rolled,1,24
5,1.0,142,12.545454545454549,41.81818181818181,1,1957.4303873162305,1963.2945322001276,0.0029958382795605143,1.0009950218746846,2.0,525.2995005287924,275.5484978039956,16.488875430337302,8.511011058406591,355.0,rolled,1,24
5,1.0,142,12.545454545454549,52.72727272727273,1,2222.5772160497027,2384.8669210490557,0.07301870271476929,1.000992717933855,2.0,589.2780346205132,292.2581565857669,18.35756278012201,9.768640277307725,355.0,rolled,1,24
5,1.0,142,12.545454545454549,63.63636363636363,1,2552.3230156844406,2623.622267477498,0.027935042451489034,1.0009930369763744,2.0,658.519364406849,295.5822944641113,19.19685953524136,10.311143909531005,355.0,rolled,1,24
5,1.0,142,12.545454545454549,74.54545454545453,1,2864.0220557743514,2918.6440687532045,0.019071785033472732,1.0009999304530943,2.0,698.5619607789341,295.76702920408786,21.035296441634948,11.111724232416401,355.0,rolled,1,24
5,1.0,142,12.545454545454549,85.45454545454545,1,3136.2352005841685,3173.182223870306,0.011780692748826871,1.000995482699087,1.0,749.4817168306719,300.0,21.591051167817618,12.04102849553675,355.0,rolled,1,24
5,1.0,142,12.545454545454549,96.36363636363636,1,3474.753399293351,3603.304521536936,0.03699575407847022,1.000999163706404,2.0,700.3522583833646,292.7867889404297,23.454567314560123,12.258959733346131,460.0,rolled,0,24
5,1.0,142,12.545454545454549,107.27272727272728,1,3810.945853911128,3940.7610140832153,0.03406376399676736,1.0009947833483668,1.0,718.5935734011525,287.4609319877678,26.160663348256964,13.119297041498458,460.0,rolled,1,24
5,1.0,142,12.545454545454549,118.18181818181816,1,4051.8868674716473,4214.49437575805,0.04013130514373642,1.0009971241995386,1.0,731.6242114753882,293.12297694488853,27.21567575194827,13.996283531663558,460.0,rolled,1,24
5,1.0,142,12.545454545454549,129.0909090909091,1,4389.083655555064,4465.189579833301,0.017339820848917498,1.0009952132386535,1.0,741.4924312497288,297.82607288185255,28.519560701272873,14.549420604940352,460.0,rolled,1,24
5,1.0,142,12.545454545454549,140.0,1,4731.036754406592,4752.6385051411235,0.004565965528467109,1.0009987567131988,1.0,750.0,300.0,30.089789968708658,15.405363526338043,460.0,rolled,1,24
5,1.0,142,13.363636363636363,20.0,1,1553.9456704912225,1539.433843202696,-0.009338696689401793,1.0009978233279515,2.0,450.813222554432,237.0493614372797,14.161095813359768,7.241682948372375,355.0,rolled,1,24
5,1.0,142,13.363636363636363,30.909090909090907,1,2055.764041961098,1934.8749615038528,-0.05880493966706557,1.0009940071848238,2.0,506.75167800004834,264.6862929160893,15.976329058802076,8.058955602199754,355.0,rolled,1,24
5,1.0,142,13.363636363636363,41.81818181818181,1,2295.1327804460216,2308.1866632961005,0.005687637317237204,1.0009905786174158,2.0,558.8624527920647,281.3782101160325,17.554520450875387,9.116724352368042,355.0,rolled,1,24
5,1.0,142,13.363636363636363,52.72727272727273,1,2698.233573079863,2809.560259981974,0.04125909929103666,1.0009975942995486,1.0,624.4701531080397,296.2054252624512,19.963262407802116,10.282242367311548,355.0,rolled,1,24
5,1.0,142,13.363636363636363,63.63636363636363,1,3099.504449257762,3152.909517538151,0.01723019571505291,1.0009957198096604,1.0,682.8850233620662,298.0722427368164,21.536466866546895,11.218646512079566,355.0,rolled,1,24
5,1.0,142,13.363636363636363,74.54545454545453,1,3409.0278837627866,3473.9082569504485,0.019031927986475905,1.0009888922929095,1.0,742.7412181320714,299.7883221050529,22.629192096061484,12.16752582098379,355.0,rolled,1,24
5,1.0,142,13.363636363636363,85.45454545454545,1,3859.8972334468967,4028.46674360112,0.043672020253163746,1.0009931352846828,2.0,717.7272530801779,287.84939994034005,24.927385112146155,12.68440869549624,460.0,rolled,0,24
5,1.0,142,13.363636363636363,96.36363636363636,1,4245.414696419247,4456.7680133861595,0.049783903830449505,1.0009889827105702,1.0,719.5459589480209,287.84979884609595,27.800101991872406,13.923058246054426,460.0,rolled,1,24
5,1.0,142,13.363636363636363,107.27272727272728,1,4631.739739142465,4721.834780226533,0.019451663124048668,1.0009996080736852,1.0,742.1714679733311,297.6289141502297,28.179484957715044,14.546644981697991,460.0,rolled,1,24
5,1.0,142,13.363636363636363,118.18181818181816,1,5063.816158705762,5114.474696113535,0.01000402380735732,1.0009973111195976,1.0,747.1830148222903,298.82230853451114,30.401306366597353,15.742804423202339,460.0,rolled,1,24
5,1.0,142,13.363636363636363,129.0909090909091,1,5459.024045280959,5562.720640112321,0.018995445700775493,1.0009982545188496,1.0,750.0,300.0,32.41738500155953,17.60702252407659,460.0,rolled,1,24
5,1.0,142,13.363636363636363,140.0,1,5943.747564514266,5957.541420175045,0.002320733764524574,1.0009995107350391,1.0,750.0,300.0,34.94123510289901,18.79993341826071,460.0,rolled,1,24
5,1.0,142,14.181818181818182,20.0,1,1796.9028968466985,1785.310496775489,-0.006451322490242828,1.0009886030938067,2.0,472.0909267699202,247.80451155996496,14.760320614514706,7.6033923813210995,355.0,rolled,1,24
5,1.0,142,14.181818181818182,30.909090909090907,1,2224.07150895444,2633.4825968748246,0.18408180055004308,1.0009899476800497,3.0,563.983120376909,289.14102869708057,15.796983744881,7.7333835951508965,355.0,rolled,1,24
5,1.0,142,14.181818181818182,41.81818181818181,1,2615.0382292659383,2832.032257457256,0.08297929481980448,1.0009947316973693,2.0,606.8376288225373,296.2372629525824,19.212257236054818,9.780711943219941,355.0,rolled,1,24
5,1.0,142,14.181818181818182,52.72727272727273,1,3202.0654799770145,3296.749418211684,0.029569644601817657,1.000990921966211,1.0,691.4097187026417,294.60554122924805,20.97073266493383,11.341861089654628,355.0,rolled,1,24
5,1.0,142,14.181818181818182,63.63636363636363,1,3623.765744949169,3736.198176720746,0.03102640724729122,1.0009979643080757,1.0,720.508599617824,300.0,23.48165365845744,12.266908708622775,355.0,rolled,1,24
5,1.0,142,14.181818181818182,74.54545454545453,1,4194.266016339479,4385.933469316591,0.045697495635812935,1.0009910612924953,1.0,720.5405301291771,288.1944692043585,25.62929512542241,12.911485401657163,460.0,rolled,0,24
5,1.0,142,14.181818181818182,85.45454545454545,1,4665.282330709234,4932.219979280559,0.05721789800677368,1.000995721348146,1.0,719.5894209877198,287.9894288378626,28.99648423107685,14.553887164837874,460.0,rolled,1,24
5,1.0,142,14.181818181818182,96.36363636363636,1,5186.697126154381,5288.2873869845025,0.01958669618818565,1.000995810199528,1.0,743.9977569045928,297.9230012617184,29.58052811139963,15.486250533016158,460.0,rolled,1,24
5,1.0,142,14.181818181818182,107.27272727272728,1,5684.871516431859,5793.278411631808,0.019069365927902426,1.000997758354207,1.0,750.0,300.0,31.816837160568316,17.24550488163999,460.0,rolled,1,24
5,1.0,142,14.181818181818182,118.18181818181816,1,6186.248050426683,8087.203129243964,0.30728723829400395,1.000990351092083,1.0,746.8906752486427,298.8393970276924,33.456253258203496,19.098408520952564,500.0,rolled,0,24
5,1.0,142,14.181818181818182,129.0909090909091,1,8947.780102569574,12029.247793688848,0.344383484595733,1.0009932147033704,1.0,735.8394780691526,294.30583273605663,34.33990478515625,20.24767057090482,620.0,rolled,0,24
5,1.0,142,14.181818181818182,140.0,0,12705.653958132376,,,,,,,,,500.0,rolled,0,24
5,1.0,142,15.0,20.0,1,2057.2483346770277,2058.239204123576,0.0004816479517062433,1.0009929100843569,2.0,494.2042851484951,257.7564087865233,15.381724083525993,8.009742001199932,355.0,rolled,1,24
5,1.0,142,15.0,30.909090909090907,1,2565.283454586496,3071.9918862210234,0.19752531858753386,1.0009934313175104,3.0,585.1152685655684,297.34235280720725,16.804060125695713,8.381806982319404,355.0,rolled,1,24
5,1.0,142,15.0,41.81818181818181,1,3234.6725939942403,3280.487118015318,0.014163573805318297,1.0009978489200277,1.0,645.8647037332219,300.0,20.49375068669685,10.34651399699087,355.0,rolled,1,24
5,1.0,142,15.0,52.72727272727273,1,3765.638206814382,3872.565891521028,0.02839563410875412,1.000997917275511,1.0,707.3566914923598,300.0,23.15991942390703,12.113545905518121,355.0,rolled,1,24
5,1.0,142,15.0,63.63636363636363,1,4414.262908667717,4412.467507367988,-0.00040672731481472546,1.0009984688432625,1.0,750.0,300.0,26.12762184934709,13.300842212753434,355.0,rolled,1,24
5,1.0,142,15.0,74.54545454545453,1,5055.036012019389,5066.666328714812,0.0023007386431608268,1.0009980477373595,1.0,750.0,300.0,30.22334292218991,15.261105439273,355.0,rolled,0,24
5,1.0,142,15.0,85.45454545454545,1,5678.659053486651,5675.202040024533,-0.0006087728510475454,1.0009978616763242,1.0,750.0,300.0,30.258383795354888,15.212742324167163,460.0,rolled,1,24
5,1.0,142,15.0,96.36363636363636,1,6293.677091962863,6356.976368560501,0.010057598391641775,1.0009988612282956,1.0,750.0,300.0,33.33837489968604,17.6812324798471,460.0,rolled,1,24
5,1.0,142,15.0,107.27272727272728,1,7396.103440982998,12313.826709654104,0.6649073134133321,1.0009983006641219,1.0,734.356411408825,293.81995681627893,34.27932262420654,18.918296917185735,620.0,rolled,0,24
5,1.0,142,15.0,118.18181818181816,0,13338.283576315587,,,,,,,,,460.0,rolled,0,24
1,0.5,71,6.0,20.0,1,241.3288087904857,241.323625583244,-2.147778074113038e-05,1.0009980391465192,2.0,250.0,125.52188874752638,8.0,6.0,355.0,rolled,1,24
1,0.5,71,6.0,30.909090909090907,1,292.67799548197263,294.15575617547586,0.005049100773939941,1.00099681773328,2.0,286.7124664893299,145.02965991874265,8.771974362469482,6.0,355.0,rolled,1,24
1,0.5,71,6.0,41.81818181818181,1,342.2853688824266,345.8413270402283,0.010388869876068574,1.00099460314045,2.0,360.4355128238597,154.5860072417763,9.178630897028663,6.0,355.0,rolled,1,24
1,0.5,71,6.0,52.72727272727273,1,386.25765574493386,393.20815897586175,0.01799447370828977,1.0009940782158895,2.0,337.379961912786,170.659133656578,10.322147524827027,6.430856146379225,355.0,rolled,1,24
1,0.5,71,6.0,63.63636363636363,1,431.68145507497405,425.91305728516085,-0.01336262589462256,1.0009927365503357,2.0,360.57909900142016,182.94708428796818,10.904379494139482,6.0,355.0,rolled,1,24
1,0.5,71,6.0,74.54545454545453,1,466.9500019446189,473.36186755439456,0.013731375057443707,1.0009903654180203,2.0,439.75314642366084,179.51991740181444,10.64046922758255,6.865572989281395,355.0,rolled,1,24
1,0.5,71,6.0,85.45454545454545,1,518.2473353887603,504.8191383279727,-0.025910788428298526,1.0009990988938544,2.0,396.1638722644287,201.0017372934942,11.980509178159867,6.238554382427651,355.0,rolled,1,24
1,0.5,71,6.0,96.36363636363636,1,549.7256874002802,549.8954432095979,0.0003088009405574077,1.0009902037279645,2.0,456.8339270816919,199.23270829766815,11.837105309088201,7.0618808223063185,355.0,rolled,1,24
1,0.5,71,6.0,107.27272727272728,1,586.6560772595034,591.0160883652479,0.007431971260080994,1.0009973801321064,2.0,420.4535873412837,215.80325497093725,12.982018640969702,6.980989425869062,355.0,rolled,1,24
1,0.5,71,6.0,118.18181818181816,1,628.4217050081675,621.9583610056906,-0.010285042593162652,1.000993168396349,2.0,485.8463500326033,211.88549797927573,12.588851371241622,7.510363872929315,355.0,rolled,1,24
1,0.5,71,6.0,129.0909090909091,1,657.4964976148059,664.2793477045535,0.01031617676193508,1.0009978330138005,2.0,445.7524982932388,228.78824902265936,13.763153452189483,7.401039189169678,355.0,rolled,1,24
1,0.5,71,6.0,140.0,1,697.879425726456,699.4570601291947,0.0022606117111081403,1.0009917669336912,2.0,457.4029273674087,234.76798279520804,14.122874696031323,7.594476763785021,355.0,rolled,1,24
1,0.5,71,6.818181818181818,20.0,1,317.0885192434045,330.4336444884939,0.042086434655318916,1.0009941136699683,2.0,274.4219779968261,137.77788554588335,8.782169032289735,6.586199732780616,355.0,rolled,1,24
1,0.5,71,6.818181818181818,30.909090909090907,1,392.6423822212096,389.5329967840011,-0.00791912839265696,1.0009963789491412,2.0,315.83442846011405,161.1057552641864,9.51634233130999,6.0,355.0,rolled,1,24
1,0.5,71,6.818181818181818,41.81818181818181,1,455.0251859822217,465.80317511655835,0.02368657706511601,1.0009893380380677,2.0,344.4693478435485,174.2452045489976,10.53904744687006,6.565988122885536,355.0,rolled,1,24
1,0.5,71,6.818181818181818,52.72727272727273,1,519.9507333014534,522.2485369484297,0.004419271865213625,1.0009893144945623,2.0,370.45760668587525,187.5226965178355,11.367484727957974,6.428069448413503,355.0,rolled,1,24
1,0.5,71,6.818181818181818,63.63636363636363,1,570.1996303697795,588.9873830536163,0.03294942978418414,1.000989203417962,2.0,460.15765648705116,187.84962690132386,11.134186130347436,7.18413501502247,355.0,rolled,1,24
1,0.5,71,6.818181818181818,74.54545454545453,1,645.0378754655677,644.9536842050709,-0.00013052142160807634,1.0009978090415108,2.0,481.5239808288071,196.5719767291909,11.651175533411251,7.5177132065009715,355.0,rolled,1,24
1,0.5,71,6.818181818181818,85.45454545454545,1,698.212152166206,697.8237068280474,-0.000556342849309388,1.0009943016799598,2.0,493.08405034041414,206.43616475017436,12.313599304549603,7.6833168662494025,355.0,rolled,1,24
1,0.5,71,6.818181818181818,96.36363636363636,1,733.8166260116295,748.9736941865558,0.020655116874779056,1.000997162189244,2.0,510.8358608297733,213.8681951966373,12.756908474954447,7.959928500402229,355.0,rolled,1,24
1,0.5,71,6.818181818181818,107.27272727272728,1,798.4291807439346,798.0790501132142,-0.0004385243415003792,1.0009934899429225,2.0,535.6444532319966,218.6655144664004,12.960699355745826,8.362660096637638,355.0,rolled,1,24
1,0.5,71,6.818181818181818,118.18181818181816,1,852.2289524013323,845.6961833254754,-0.007665509435521356,1.0009920161353572,2.0,542.819299599245,227.2584852101422,13.555618652493104,8.458299709871456,355.0,rolled,0,24
1,0.5,71,6.818181818181818,129.0909090909091,1,896.311601431932,884.6992534648771,-0.01295570418647174,1.0009993325238271,2.0,496.3456428710923,248.89837183100727,14.683098885476767,7.921978499374703,355.0,rolled,1,24
1,0.5,71,6.818181818181818,140.0,1,931.1411275891702,936.4579053331345,0.005709959088296301,1.0009943663753238,2.0,571.2052956445895,239.14265820695474,14.264491269487285,8.900614974439256,355.0,rolled,1,24
1,0.5,71,7.636363636363637,20.0,1,409.6201332461394,408.70449674755,-0.002235330796201751,1.0009936591593636,2.0,305.1671277211883,153.8499446606541,9.163850710760917,6.0,355.0,rolled,1,24
1,0.5,71,7.636363636363637,30.909090909090907,1,501.774525145321,503.7439671295825,0.0039249541090016216,1.0009937215404978,2.0,339.0485366322317,176.76766960818637,10.430429483738404,6.0,355.0,rolled,1,24
1,0.5,71,7.636363636363637,41.81818181818181,1,593.9298338756057,598.2117598989956,0.007209481287459241,1.0009922954368173,2.0,374.6436383972372,189.6416325041854,11.495933032678584,6.500704217057118,355.0,rolled,1,24
1,0.5,71,7.636363636363637,52.72727272727273,1,675.9362632758116,685.6982575121591,0.01444218155871324,1.0009936380456455,2.0,401.10438722197057,203.03585327855487,12.307880615146612,6.959843206330562,355.0,rolled,1,24
1,0.5,71,7.636363636363637,63.63636363636363,1,779.5020738899598,779.5462691137232,5.6696736601136166e-05,1.0009944354925933,2.0,509.1277290383493,199.8292869466047,12.061871589939376,7.917904697923175,355.0,rolled,1,24
1,0.5,71,7.636363636363637,74.54545454545453,1,846.6406079690952,852.2051085220287,0.006572447034263407,1.000989703209988,2.0,532.3262333089697,208.93454737974182,12.611473121404591,8.278685569741102,355.0,rolled,1,24
1,0.5,71,7.636363636363637,85.45454545454545,1,921.2774310054268,922.7514110486354,0.0015999306979657124,1.000991735130642,2.0,547.9619163226321,219.01269894847695,13.140355402262294,8.618407825669056,355.0,rolled,1,24
1,0.5,71,7.636363636363637,96.36363636363636,1,990.3158107657674,991.0617205948581,0.0007532039991504647,1.0009908569627008,2.0,559.5921587516705,223.4717200460133,14.357867348093706,8.652957806887423,355.0,rolled,1,24
1,0.5,71,7.636363636363637,107.27272727272728,1,1055.0870687226268,1050.859734355859,-0.004006621341578698,1.0009935052050465,2.0,591.1234362012256,232.0120630173341,14.00445227120176,9.193093924368881,355.0,rolled,1,24
1,0.5,71,7.636363636363637,118.18181818181816,1,1088.4839809208006,1116.9219942979212,0.026126258057618257,1.0009951484495392,2.0,594.0632555451222,237.23766578315465,15.242317616674603,9.18598340677478,355.0,rolled,1,24
1,0.5,71,7.636363636363637,129.0909090909091,1,1173.7978050697595,1176.8294084891882,0.0025827305233787623,1.0009909463293232,2.0,609.78680940036,243.51682743742904,15.645748395614977,9.429116277662759,355.0,rolled,1,24
1,0.5,71,7.636363636363637,140.0,1,1251.7374258469372,1243.8098619391487,-0.006333248286815918,1.000993179201233,2.0,620.8314848766088,245.06013609710257,16.641741446838456,9.63735901126759,355.0,rolled,1,24
1,0.5,71,8.454545454545455,20.0,1,516.1523336674153,513.812236169096,-0.004533734220849572,1.0009889230044267,2.0,329.9100250912382,166.3240712795747,9.906854124477135,6.0,355.0,rolled,1,24
1,0.5,71,8.454545454545455,30.909090909090907,1,633.218032838701,643.0224291464667,0.015483444563024973,1.0009943012731568,2.0,369.98849306143865,188.72950585008476,11.148047335386718,6.456166510863696,355.0,rolled,1,24
1,0.5,71,8.454545454545455,41.81818181818181,1,757.3789000305048,769.3462760904788,0.01580104233098112,1.0009952757835765,2.0,398.7850784603832,202.2128080573447,12.70631156473901,6.914235759490918,355.0,rolled,1,24
1,0.5,71,8.454545454545455,52.72727272727273,1,897.7427828478864,857.0167915473554,-0.04536487742216866,1.0009941419829365,2.0,430.1506726535296,219.9913285724588,13.341195624754278,6.766868124570091,355.0,rolled,1,24
1,0.5,71,8.454545454545455,63.63636363636363,1,969.5859503873623,971.1810204074965,0.0016451043040557334,1.0009901907155683,2.0,452.9620053510284,234.10242871413004,13.921648781907741,7.592135562618788,355.0,rolled,1,24
1,0.5,71,8.454545454545455,74.54545454545453,1,1093.1775012217977,1093.1748060275004,-2.4654681369806752e-06,1.0009914297189357,2.0,566.8276050291996,226.5530503452963,13.592762489558453,8.915129539974448,355.0,rolled,1,24
1,0.5,71,8.454545454545455,85.45454545454545,1,1181.2789978646645,1135.6816681398047,-0.038599966483179315,1.0009980763984205,2.0,501.37345253964133,256.3461172399223,15.176596752691939,7.6760459079382946,355.0,rolled,1,24
1,0.5,71,8.454545454545455,96.36363636363636,1,1257.923897819336,1265.5765988374058,0.006083596178859452,1.0009963936165205,2.0,609.8884425689491,243.76386366577836,14.625379341818366,9.592395328303308,355.0,rolled,1,24
1,0.5,71,8.454545454545455,107.27272727272728,1,1345.9822136266182,1339.3531526502886,-0.004925073235899746,1.0009914830256308,2.0,603.9067670760031,261.2244457383268,15.367513653974397,9.441475456028353,355.0,rolled,0,24
1,0.5,71,8.454545454545455,118.18181818181816,1,1418.3994702060834,1427.1122524733544,0.006142685787950297,1.000999490891512,2.0,616.7015164414792,261.55665468742006,16.779420677496255,9.506157874811164,355.0,rolled,1,24
1,0.5,71,8.454545454545455,129.0909090909091,1,1503.943042662674,1514.8240797759652,0.007235006117004783,1.0009906700962767,2.0,651.1424427935459,257.02474751469924,17.454243932532982,10.10788537878744,355.0,rolled,1,24
1,0.5,71,8.454545454545455,140.0,1,1589.050557323039,1578.5762816866807,-0.006591530765392095,1.0009897696601504,2.0,648.6026750844468,275.08663655523515,17.647398048556756,9.997898923543,355.0,rolled,1,24
1,0.5,71,9.272727272727272,20.0,1,633.3700898588271,635.6603084183968,0.003615924711696028,1.000991715204529,2.0,344.5799601387235,180.53448242359994,10.73855522249968,6.0,355.0,rolled,1,24
1,0.5,71,9.272727272727272,30.909090909090907,1,801.8071464602682,784.8072237635554,-0.021202009450479786,1.000992275509278,2.0,389.7147745757932,204.1817959829873,12.145145138798416,6.077757014980934,355.0,rolled,1,24
1,0.5,71,9.272727272727272,41.81818181818181,1,962.5021253931346,934.358096852281,-0.029240484564497127,1.0009972150626407,2.0,426.60037769155736,221.11998367434109,13.277790310256346,6.69160803035804,355.0,rolled,1,24
1,0.5,71,9.272727272727272,52.72727272727273,1,1070.6846994207378,1074.83080728449,0.0038723891973009295,1.0009964858150149,2.0,458.45222434799376,236.5325799750834,14.040846400776745,7.416708582570726,355.0,rolled,1,24
1,0.5,71,9.272727272727272,63.63636363636363,1,1216.7126656588257,1239.6922946419609,0.018886652232466217,1.0009976926002655,2.0,546.4197270030933,240.20212007990028,14.475798032131872,8.480394784290858,355.0,rolled,1,24
1,0.5,71,9.272727272727272,74.54545454545453,1,1356.4151141978043,1303.1953161191243,-0.039235627442971044,1.0009911888237517,2.0,512.8367867198375,262.20717987264044,15.523592389203891,7.851549973778851,355.0,rolled,1,24
1,0.5,71,9.272727272727272,85.45454545454545,1,1422.5235716023028,1421.630242688424,-0.0006279888303520886,1.0009904972279429,2.0,533.4743090879505,271.5396273700469,16.355757095017182,8.236910419144719,355.0,rolled,1,24
1,0.5,71,9.272727272727272,96.36363636363636,1,1530.0841209322955,1524.1074704041137,-0.003906092773866665,1.000998653180101,2.0,554.602995653615,283.56173192914105,16.787857394991175,8.49099216113892,355.0,rolled,1,24
1,0.5,71,9.272727272727272,107.27272727272728,1,1647.0835657255905,1692.1849384257164,0.027382564940023224,1.0009991760245804,2.0,673.4349587527784,269.6192252067263,15.823809177386048,10.82889139693831,355.0,rolled,1,24
1,0.5,71,9.272727272727272,118.18181818181816,1,1794.0191544704012,1771.716126381608,-0.01243187846306859,1.0009925274653528,2.0,663.2248672344895,286.88293920276755,16.876971344814674,10.368854345084744,355.0,rolled,1,24
1,0.5,71,9.272727272727272,129.0909090909091,1,1876.6125693849333,1884.3349447388,0.004115061083917793,1.0009908707678041,2.0,710.6418763545649,284.5155417191676,16.698066084541253,11.4271817955698,355.0,rolled,1,24
1,0.5,71,9.272727272727272,140.0,1,1975.8458780810136,1976.174713915468,0.00016642787684117977,1.0009986296262963,2.0,727.7536859235313,291.3664970755904,17.100145017005012,11.70234114840561,355.0,rolled,1,24
1,0.5,71,10.09090909090909,20.0,1,771.2799576046779,780.8642506409692,0.012426477496001231,1.000998697961633,2.0,376.82429257396586,189.97588957963478,11.315640669170795,6.397181150787622,355.0,rolled,1,24
1,0.5,71,10.09090909090909,30.909090909090907,1,964.7090665866748,988.945135229714,0.025122671158042564,1.0009973182415517,2.0,413.46039069401036,209.94536812294658,13.558299307617956,6.785930153896837,355.0,rolled,1,24
1,0.5,71,10.09090909090909,41.81818181818181,1,1147.2574547707825,1160.8894704904062,0.011882263796095582,1.000995072585966,2.0,459.34229648969006,232.94222180864406,13.854500468047894,7.658718974913121,355.0,rolled,1,24
1,0.5,71,10.09090909090909,52.72727272727273,1,1318.1429375417918,1316.005766460898,-0.0016213500220844113,1.000995309776529,2.0,483.76671152622987,252.7232418885162,14.921449850359917,7.760165239414646,355.0,rolled,1,24
1,0.5,71,10.09090909090909,63.63636363636363,1,1473.4968374975142,1450.4412626852038,-0.015646843770269925,1.0009972346010447,2.0,523.6780154070556,263.0183357066803,15.679605888221042,8.016669802165435,355.0,rolled,1,24
1,0.5,71,10.09090909090909,74.54545454545453,1,1593.8205978972342,1610.1338194907892,0.010235293492302455,1.0009905094443783,2.0,542.6742160535026,274.184977572704,16.811004481090002,8.483991510237889,355.0,rolled,1,24
1,0.5,71,10.09090909090909,85.45454545454545,1,1744.078619322344,1730.5162206794096,-0.007776254173796349,1.000991204822968,2.0,572.0080044942657,287.29216985753584,17.126669081967,8.756524355259975,355.0,rolled,1,24
1,0.5,71,10.09090909090909,96.36363636363636,1,1930.113776773892,1939.472352774547,0.004848717269039682,1.000994591667283,2.0,692.0095640738379,275.6105307846122,16.75189302791598,10.740090732938441,355.0,rolled,1,24
1,0.5,71,10.09090909090909,107.27272727272728,1,2067.605711285596,2061.882141569256,-0.0027682114075712194,1.0009910242961937,2.0,713.5135397508209,284.17503980009786,17.27245274113013,11.073835614338746,355.0,rolled,1,24
1,0.5,71,10.09090909090909,118.18181818181816,1,2170.353625378734,2196.3274741298246,0.011967565307039907,1.0009978656592988,2.0,735.4597136885211,294.45171445020674,17.281214786674635,11.826254730087522,355.0,rolled,1,24
1,0.5,71,10.09090909090909,129.0909090909091,1,2307.5736162550616,2432.5671020437835,0.05416662979167386,1.0009888628849537,2.0,693.1072609123134,277.25745481599137,18.513703777668415,12.169999990712963,460.0,rolled,0,24
1,0.5,71,10.09090909090909,140.0,1,2443.406284429296,2542.9060795094256,0.040721756227851236,1.0009939948763982,2.0,708.6522885832753,283.47579222227097,18.928929607415213,12.44294906696737,460.0,rolled,0,24
1,0.5,71,10.90909090909091,20.0,1,939.0466900997784,924.6700646375018,-0.015309808994427132,1.000993588919506,2.0,387.9329192276689,204.935493031553,12.118824525176821,6.115219784335741,355.0,rolled,1,24
1,0.5,71,10.90909090909091,30.909090909090907,1,1197.1649157491154,1172.1371326255114,-0.02090587753980666,1.0009895559617807,2.0,433.2963590297786,230.72378226572803,13.720846977149623,6.86046148824165,355.0,rolled,1,24
1,0.5,71,10.90909090909091,41.81818181818181,1,1403.509472950396,1390.577400352667,-0.009214097123650955,1.0009932790070932,2.0,477.9731709870417,249.62453330650598,14.783158318769447,7.658559766899754,355.0,rolled,1,24
1,0.5,71,10.90909090909091,52.72727272727273,1,1588.7457907355176,1591.5555884020932,0.0017685634057760247,1.0009898442185408,2.0,514.3330120484148,265.3635599198715,15.752286579678474,8.320731937082648,355.0,rolled,1,24
1,0.5,71,10.90909090909091,63.63636363636363,1,1789.9941201560932,1782.5247636302126,-0.004172838581854799,1.000995591282715,2.0,543.656678893655,275.59420937683586,17.089911709974217,8.720852341102711,355.0,rolled,1,24
1,0.5,71,10.90909090909091,74.54545454545453,1,1942.2808212955651,2015.047323629102,0.03746446010057358,1.0009907838231848,2.0,645.5587877409281,280.78304056647096,17.011806989581473,10.004209679290048,355.0,rolled,1,24
1,0.5,71,10.90909090909091,85.45454545454545,1,2177.190622234541,2191.805811691604,0.006712866254247718,1.0009959967730078,2.0,707.5256738725061,281.7902188689043,17.12750085915248,10.980903050732001,355.0,rolled,1,24
1,0.5,71,10.90909090909091,96.36363636363636,1,2344.698716886334,2335.8249521189773,-0.0037846076783547566,1.0009999333971256,2.0,697.3769153905487,300.0,18.37732164584018,10.80723401113922,355.0,rolled,1,24
1,0.5,71,10.90909090909091,107.27272727272728,1,2499.121791022924,2505.136177469793,0.002406599977829549,1.0009998831109945,2.0,750.0,300.0,18.428256474739914,11.814852581660102,355.0,rolled,1,24
1,0.5,71,10.90909090909091,118.18181818181816,1,2669.547168301596,2817.244473618026,0.05532672622166013,1.0009976733682937,1.0,712.1799839661152,284.42945512884637,24.296148035214244,12.189571055321341,355.0,rolled,1,24
1,0.5,71,10.90909090909091,129.0909090909091,1,2855.841135487434,2946.205479834678,0.031641936669499326,1.0009950258693254,2.0,733.618740202228,293.46289699238406,19.595812665377085,12.881325250721172,460.0,rolled,0,24
1,0.5,71,10.90909090909091,140.0,1,3078.8301843712,3144.4906947744857,0.021326447537312276,1.0009971099490997,2.0,710.9496781614888,284.6358876809876,24.03244307549867,12.281955277530411,460.0,rolled,1,24
1,0.5,71,11.727272727272728,20.0,1,1117.8784812198996,1105.9400576706971,-0.010679536058494143,1.0009935675523551,2.0,409.18979849374153,216.1649835356785,12.782878481441406,6.450304749282568,355.0,rolled,1,24
1,0.5,71,11.727272727272728,30.909090909090907,1,1399.1707585826318,1429.7985880297583,0.021889986807723583,1.0009924746875243,2.0,461.160262401043,234.16623026681665,15.122485749887224,7.568805624048741,355.0,rolled,1,24
1,0.5,71,11.727272727272728,41.81818181818181,1,1658.320920880548,1660.7746628150817,0.0014796544526680666,1.0009904263049734,2.0,501.5201412042552,263.19716162558706,15.613469474611945,8.071598015104733,355.0,rolled,1,24
1,0.5,71,11.727272727272728,52.72727272727273,1,1896.895430152976,1892.5798730744762,-0.002275063248031395,1.0009971801072313,2.0,538.1468809996095,281.13183718107234,16.5987685916415,8.632484666953259,355.0,rolled,1,24
1,0.5,71,11.727272727272728,63.63636363636363,1,2122.483987052358,2168.059129968103,0.021472549707684196,1.0009924904095258,1.0,564.9490958018367,283.2424833506516,18.852811848107542,9.492710802168983,355.0,rolled,1,24
1,0.5,71,11.727272727272728,74.54545454545453,1,2414.680044837911,2418.1096538350266,0.001420316121983678,1.000993030498311,2.0,721.342999126121,288.362701887735,16.97221377325248,11.209633014090961,355.0,rolled,1,24
1,0.5,71,11.727272727272728,85.45454545454545,1,2607.2244497923484,2645.606175682018,0.014721297160559699,1.0009956943167817,2.0,580.0628021634332,290.66374938110346,20.057694387463663,10.03663354899126,460.0,rolled,0,24
1,0.5,71,11.727272727272728,96.36363636363636,1,2809.399526814627,2874.4878374778327,0.023168050696229958,1.000997292348267,2.0,727.5350775233998,291.0377050525164,22.47919240227664,11.296710505771017,355.0,rolled,0,24
1,0.5,71,11.727272727272728,107.27272727272728,1,3054.1802093068686,3177.883635887688,0.040502988724720135,1.000989625054085,1.0,729.5284933925299,291.3580787837448,24.887995549472013,12.486505668927746,355.0,rolled,1,24
1,0.5,71,11.727272727272728,118.18181818181816,1,3357.8991517305085,3398.086272772981,0.01196793567244625,1.0009977915709387,2.0,712.4644007342033,292.5336465208651,23.471883697555967,12.32798363199998,460.0,rolled,0,24
1,0.5,71,11.727272727272728,129.0909090909091,1,3564.383823711408,3593.3787509698786,0.008134625419851549,1.0009960430604632,2.0,733.0118077409448,293.46868419229713,24.778215792653086,12.663087862782684,460.0,rolled,1,24
1,0.5,71,11.727272727272728,140.0,1,3755.070343632353,3776.200359951842,0.0056270627141035146,1.0009981308768117,2.0,750.0,300.0,25.198424569991605,13.234803378111017,460.0,rolled,1,24
1,0.5,71,12.545454545454549,20.0,1,1307.1994834284806,1310.8694482393369,0.002807501729751971,1.0009947680479099,2.0,427.2938363087657,227.52752936291313,13.530769922460545,6.7654224344817395,355.0,rolled,1,24
1,0.5,71,12.545454545454549,30.909090909090907,1,1673.5520688887286,1650.8136025450249,-0.013586948841575408,1.000992140998377,2.0,479.50807671627757,255.3308256147637,15.184196238489978,7.592140171634264,355.0,rolled,1,24
1,0.5,71,12.545454545454549,41.81818181818181,1,1957.4303873162305,1967.7198258274918,0.005256605076704002,1.0009931098237657,2.0,513.9111077407604,279.20189699508325,16.63460661208606,8.360122155714725,355.0,rolled,1,24
1,0.5,71,12.545454545454549,52.72727272727273,1,2222.5772160497027,2291.420398043004,0.030974483809232733,1.0009986154905814,1.0,561.5409804483189,281.5337930218251,18.73908026061766,9.435445017212803,355.0,rolled,1,24
1,0.5,71,12.545454545454549,63.63636363636363,1,2552.3230156844406,2653.160587371411,0.03950815436263633,1.0009987331767742,2.0,692.513727762001,283.68602835787004,19.131215639539853,10.833680144756345,355.0,rolled,1,24
1,0.5,71,12.545454545454549,74.54545454545453,1,2864.0220557743514,2919.405258769454,0.019337561623675725,1.0009910112360554,2.0,716.311814666159,286.1114459532518,21.604860554559544,10.964454399385513,355.0,rolled,1,24
1,0.5,71,12.545454545454549,85.45454545454545,1,3136.2352005841685,3306.865134167364,0.054405974893532605,1.0009930006176744,1.0,716.444772292845,286.52382145099034,24.655542665532266,12.34304052921442,355.0,rolled,1,24
1,0.5,71,12.545454545454549,96.36363636363636,1,3474.753399293351,3630.3748351430086,0.04478632523427595,1.0009933080575435,2.0,712.853100984853,286.24117332880945,23.910594842027407,12.360122611851757,460.0,rolled,0,24
1,0.5,71,12.545454545454549,107.27272727272728,1,3810.945853911128,3850.467522794367,0.010370566887660804,1.0009988315049816,1.0,750.0,300.0,27.42910410787844,13.7842429120352,355.0,rolled,0,24
1,0.5,71,12.545454545454549,118.18181818181816,1,4051.8868674716473,4217.666673964606,0.04091422389500332,1.0009964933517652,1.0,750.0,300.0,30.149968387092642,15.12647936773724,355.0,rolled,0,24
1,0.5,71,12.545454545454549,129.0909090909091,1,4389.083655555064,4673.1217889028985,0.0647146775132299,1.0009991105664162,1.0,716.1869431008282,286.2825564782678,31.35873228115239,15.679434192932252,460.0,rolled,1,24
1,0.5,71,12.545454545454549,140.0,1,4731.036754406592,5089.434715134298,0.07575463462503995,1.00099846619504,1.0,716.1936355103186,286.51320850523615,33.42648440232836,17.801161570260877,460.0,rolled,1,24
1,0.5,71,13.363636363636363,20.0,1,1553.9456704912225,1529.181416041662,-0.015936370826743373,1.0009973903244995,2.0,450.738543437809,238.11417141822983,14.080839866675065,7.1052625899374044,355.0,rolled,1,24
1,0.5,71,13.363636363636363,30.909090909090907,1,2055.764041961098,1920.898402198531,-0.06560365733117501,1.0009981450567766,2.0,515.6944795748672,264.4365964712098,15.698657036305264,8.03738733063616,355.0,rolled,1,24
1,0.5,71,13.363636363636363,41.81818181818181,1,2295.1327804460216,2283.7587650357614,-0.004955711280481889,1.0009958100961167,2.0,550.9273403318975,289.12599978359344,17.151628627209845,8.866770566805194,355.0,rolled,1,24
1,0.5,71,13.363636363636363,52.72727272727273,1,2698.233573079863,2770.3566982303896,0.02672975604117278,1.0009914135223332,1.0,571.5635067077543,287.2037440789793,20.894365193650252,10.544298901358607,355.0,rolled,1,24
1,0.5,71,13.363636363636363,63.63636363636363,1,3099.504449257762,3129.999846731154,0.009838797773203511,1.0009950085254615,2.0,717.9713409906647,287.21947217852767,21.667512516399576,11.005282842194545,355.0,rolled,1,24
1,0.5,71,13.363636363636363,74.54545454545453,1,3409.0278837627866,3538.112751889116,0.0378655946879054,1.0009979074494533,1.0,750.0,300.0,21.979874054224908,13.135599414267222,355.0,rolled,1,24
1,0.5,71,13.363636363636363,85.45454545454545,1,3859.8972334468967,3988.828207070853,0.033402695933647975,1.0009969232597034,2.0,723.9821373476046,290.7099599863858,24.283886168226744,12.553088390923666,460.0,rolled,0,24
1,0.5,71,13.363636363636363,96.36363636363636,1,4245.414696419247,4314.866958595814,0.01635935877716399,1.0009972761692403,1.0,750.0,300.0,28.942326194764075,14.489087102151808,355.0,rolled,0,24
1,0.5,71,13.363636363636363,107.27272727272728,1,4631.739739142465,4665.161077406762,0.0072157202577374235,1.000999668471049,1.0,750.0,300.0,27.553095339261212,14.24304326091928,460.0,rolled,1,24
1,0.5,71,13.363636363636363,118.18181818181816,1,5063.816158705762,5206.375064677485,0.02815246476249622,1.0009925515032136,1.0,732.4389826664508,292.7790103436343,32.070338884247505,16.0352390387548,460.0,rolled,1,24
1,0.5,71,13.363636363636363,129.0909090909091,1,5459.024045280959,5688.411420391988,0.04201985065614844,1.0009992381800785,1.0,733.6215143521738,293.4852300882854,34.23988554328914,18.234335605477956,460.0,rolled,1,24
1,0.5,71,13.363636363636363,140.0,1,5943.747564514266,5942.280219618629,-0.0002468720078888653,1.0009996669668768,1.0,750.0,300.0,35.0,18.624186714640345,460.0,rolled,1,24
1,0.5,71,14.181818181818182,20.0,1,1796.9028968466985,1772.5917017495349,-0.013529498527620087,1.0009921872250158,2.0,471.0813547451668,248.8607821292289,14.716338810857133,7.425938552223438,355.0,rolled,1,24
1,0.5,71,14.181818181818182,30.909090909090907,1,2224.07150895444,2404.7806152180306,0.081251482039147,1.0009985108938892,2.0,591.453162955983,265.9886176814383,17.567880914770573,9.060598921754561,355.0,rolled,1,24
1,0.5,71,14.181818181818182,41.81818181818181,1,2615.0382292659383,2815.749591666799,0.07675274500946849,1.00098885458868,2.0,639.9995112517419,287.8209061624647,19.00984879849011,9.804290930814641,355.0,rolled,1,24
1,0.5,71,14.181818181818182,52.72727272727273,1,3202.0654799770145,3279.91600188872,0.024312595229084577,1.0009923269152223,2.0,713.4485832584879,285.41017421012305,21.531021121582388,10.935956637612831,355.0,rolled,1,24
1,0.5,71,14.181818181818182,63.63636363636363,1,3623.765744949169,3844.0834723651406,0.06079800487188014,1.0009978394929906,1.0,719.7535654050944,287.8639396075028,25.08027706920428,12.779860944800717,355.0,rolled,1,24
1,0.5,71,14.181818181818182,74.54545454545453,1,4194.266016339479,4190.096472177005,-0.0009941057973507084,1.000998092060007,1.0,750.0,300.0,26.276636060772532,13.335377802139348,355.0,rolled,1,24
1,0.5,71,14.181818181818182,85.45454545454545,1,4665.282330709234,4872.818200927702,0.044485168422147225,1.0009982075381767,1.0,726.9159291830343,290.78069339872854,28.31276243280828,14.243739873198368,460.0,rolled,1,24
1,0.5,71,14.181818181818182,96.36363636363636,1,5186.697126154381,5182.735879391895,-0.0007637320371979284,1.0009973386389797,1.0,750.0,300.0,29.22046531777471,14.65563429585156,460.0,rolled,1,24
1,0.5,71,14.181818181818182,107.27272727272728,1,5684.871516431859,5874.699429604677,0.03339176841976621,1.0009892361202621,1.0,730.8646261733979,292.345580898351,34.10718274478191,17.232809571781086,460.0,rolled,1,24
1,0.5,71,14.181818181818182,118.18181818181816,1,6186.248050426683,8542.470481924493,0.3808806908955573,1.0009947269880355,1.0,732.8157593074002,293.12666683171796,34.198003801158066,22.26100019066749,500.0,rolled,0,24
1,0.5,71,14.181818181818182,129.0909090909091,1,8947.780102569574,12163.42957878001,0.35937958234880885,1.0009913142200173,1.0,734.7736073335433,293.90943718995675,34.28910720715279,20.861814488737735,620.0,rolled,0,24
1,0.5,71,14.181818181818182,140.0,0,12705.653958132376,,,,,,,,,500.0,rolled,0,24
1,0.5,71,15.0,20.0,1,2057.2483346770277,2038.1077826357227,-0.009303957970786203,1.0009928450992567,2.0,491.1627928236194,259.46931574267836,15.343672590033389,7.742494331196133,355.0,rolled,1,24
1,0.5,71,15.0,30.909090909090907,1,2565.283454586496,2554.5081375870377,-0.004200439128936528,1.0009943679525877,2.0,561.3201405063069,287.8324150543478,17.08758329281261,8.748488813484235,355.0,rolled,1,24
1,0.5,71,15.0,41.81818181818181,1,3234.6725939942403,3296.263016657321,0.01904069758943594,1.0009996209456142,1.0,639.548023241871,300.0,20.70130342762,10.40393857656222,355.0,rolled,1,24
1,0.5,71,15.0,52.72727272727273,1,3765.638206814382,3957.6261907474523,0.050984182066573513,1.0009937709505192,1.0,670.2884330440768,300.0,24.503403630112334,12.36559280848879,355.0,rolled,1,24
1,0.5,71,15.0,63.63636363636363,1,4414.262908667717,4410.094742753365,-0.0009442495838133391,1.000999390635823,1.0,750.0,300.0,26.135866100453974,13.274832472971623,355.0,rolled,1,24
1,0.5,71,15.0,74.54545454545453,1,5055.036012019389,5077.227316755661,0.0043899399892519675,1.0009990890053853,1.0,750.0,300.0,30.183779309114158,15.380392381417598,355.0,rolled,0,24
1,0.5,71,15.0,85.45454545454545,1,5678.659053486651,5671.822345222476,-0.0012039300475308323,1.0009982274703615,1.0,750.0,300.0,30.267267926947447,15.180662082135532,460.0,rolled,1,24
1,0.5,71,15.0,96.36363636363636,1,6293.677091962863,6946.384437577671,0.1037084261040857,1.0009990092078578,1.0,730.0033338348476,292.00117898507756,34.066834449768066,22.91203267100624,460.0,rolled,1,24
1,0.5,71,15.0,107.27272727272728,1,7396.103440982998,12668.055465714475,0.7128012833783182,1.0009977127018355,1.0,732.0250518958292,292.8108215332031,34.16053345351665,20.443762534402676,620.0,rolled,0,24
1,0.5,71,15.0,118.18181818181816,0,13338.283576315587,,,,,,,,,460.0,rolled,0,24
3,0.5,71,6.0,20.0,1,241.3288087904857,241.32383797037835,-2.0597707054870185e-05,1.0009958012779865,2.0,250.0,125.52207644653501,8.0,6.0,355.0,rolled,1,24
3,0.5,71,6.0,30.909090909090907,1,292.67799548197263,294.9387117275366,0.007724243983019852,1.0009973687018858,2.0,285.9349847152797,144.36202652349994,8.871166748212824,6.0,355.0,rolled,1,24
3,0.5,71,6.0,41.81818181818181,1,342.2853688824266,351.4046253305751,0.026642261917075638,1.0009982168453455,2.0,336.3107067739372,160.2240552812996,9.56740143416556,6.0,355.0,rolled,1,24
3,0.5,71,6.0,52.72727272727273,1,386.25765574493386,385.9768682616826,-0.0007269434769123784,1.0009957053988057,2.0,338.82378562684784,171.57287209650542,10.34234892132048,6.0,355.0,rolled,1,24
3,0.5,71,6.0,63.63636363636363,1,431.68145507497405,432.223516029086,0.0012556966432986094,1.0009969657449926,2.0,391.0065578701452,179.94047111483607,10.70218664064767,6.1151929581629725,355.0,rolled,1,24
3,0.5,71,6.0,74.54545454545453,1,466.9500019446189,472.42477213501604,0.01172453189334477,1.0009901029361474,2.0,430.5793675140315,182.28487272929922,10.818675528470262,6.690413911810426,355.0,rolled,1,24
3,0.5,71,6.0,85.45454545454545,1,518.2473353887603,515.2633357878715,-0.0057578677151334245,1.000991551807634,2.0,425.4045931240982,196.90998781151072,11.7134249602771,6.6494123255640805,355.0,rolled,1,24
3,0.5,71,6.0,96.36363636363636,1,549.7256874002802,556.9308280488501,0.013106792739927986,1.00099891857518,2.0,435.4025694293135,205.6387668527622,12.269463699897843,6.885315882263171,355.0,rolled,1,24
3,0.5,71,6.0,107.27272727272728,1,586.6560772595034,598.5238600753569,0.020229540400045876,1.0009903826327295,2.0,447.69253175935506,212.3471323479018,12.72194557163201,7.247565712102471,355.0,rolled,1,24
3,0.5,71,6.0,118.18181818181816,1,628.4217050081675,624.056061652035,-0.006946996453719989,1.0009947988050032,2.0,480.3631205953173,213.6168054659175,12.68664486460205,7.481661581302948,355.0,rolled,1,24
3,0.5,71,6.0,129.0909090909091,1,657.4964976148059,672.9152907111658,0.023450760806018822,1.0009961325201675,2.0,465.05432332742805,228.19943680113602,13.636291135657594,7.518654215909267,355.0,rolled,1,24
3,0.5,71,6.0,140.0,1,697.879425726456,705.9069306461623,0.011502710387758075,1.0009968546063006,2.0,478.50090798168725,233.7046250463362,13.934429639506572,7.697061509773057,355.0,rolled,1,24
3,0.5,71,6.818181818181818,20.0,1,317.0885192434045,318.8275099617822,0.005484243713796522,1.0009897771415392,2.0,277.55316461982454,140.07288839395963,8.584715449408048,6.0,355.0,rolled,1,24
3,0.5,71,6.818181818181818,30.909090909090907,1,392.6423822212096,389.7001140300051,-0.007493506367192926,1.0009935941978096,2.0,316.5088464351962,160.46108645518797,9.54969301098141,6.0,355.0,rolled,1,24
3,0.5,71,6.818181818181818,41.81818181818181,1,455.0251859822217,476.0108039062215,0.04611968429549673,1.000997825858744,2.0,365.6232540338912,176.73345898445677,10.560352550410723,6.358216094970699,355.0,rolled,1,24
3,0.5,71,6.818181818181818,52.72727272727273,1,519.9507333014534,541.3402129698028,0.041137512264932896,1.0009985546446036,2.0,392.56094874010586,188.14749290376608,11.319515727512815,6.694912719726561,355.0,rolled,1,24
3,0.5,71,6.818181818181818,63.63636363636363,1,570.1996303697795,587.8329548067353,0.030924826144696826,1.0009946048288139,2.0,435.03159076606795,194.8744773730902,11.582196445381474,6.799393812469575,355.0,rolled,1,24
3,0.5,71,6.818181818181818,74.54545454545453,1,645.0378754655677,644.7090669481489,-0.0005097507137569179,1.0009987042968913,2.0,466.51378423457777,200.48304362480522,11.95844923308483,7.291943668165174,355.0,rolled,1,24
3,0.5,71,6.818181818181818,85.45454545454545,1,698.212152166206,698.7531848920001,0.0007748829981195637,1.0009935771252452,2.0,482.2225868321243,209.37011315864564,12.54336498396181,7.530367860611908,355.0,rolled,1,24
3,0.5,71,6.818181818181818,96.36363636363636,1,733.8166260116295,749.7650425563991,0.02173351758388309,1.0009969990432919,2.0,514.9716274697118,211.72338661551578,12.763099206040497,8.019436588739561,355.0,rolled,1,24
3,0.5,71,6.818181818181818,107.27272727272728,1,798.4291807439346,798.9709455610466,0.0006785383477683204,1.0009911206882725,2.0,528.5405733971314,218.64243440731227,13.323949653917026,8.199946749156348,355.0,rolled,1,24
3,0.5,71,6.818181818181818,118.18181818181816,1,852.2289524013323,849.7349871784364,-0.0029264028356096317,1.0009963371431212,2.0,526.8683856373225,231.33305160963997,13.952473441196652,8.253493915045027,355.0,rolled,0,24
3,0.5,71,6.818181818181818,129.0909090909091,1,896.311601431932,907.1410408941852,0.012082226142060781,1.0009971726511397,2.0,514.2073960939251,248.10431495412368,14.728274829636959,8.209481912806062,355.0,rolled,1,24
3,0.5,71,6.818181818181818,140.0,1,931.1411275891702,947.0237056229356,0.017057111498111066,1.0009937573318692,2.0,549.0284079834569,243.78132429429783,14.894980466994395,8.70869100627991,355.0,rolled,1,24
3,0.5,71,7.636363636363637,20.0,1,409.6201332461394,408.7828160723771,-0.0020441309052041667,1.000992773830601,2.0,302.5997126970223,154.7256673495153,9.164605935422278,6.0,355.0,rolled,1,24
3,0.5,71,7.636363636363637,30.909090909090907,1,501.774525145321,503.09280955738666,0.0026272446009167894,1.000993122612004,2.0,341.8174243734008,175.50634408539435,10.437699342494403,6.0,355.0,rolled,1,24
3,0.5,71,7.636363636363637,41.81818181818181,1,593.9298338756057,595.2684944552542,0.002253903581359573,1.0009912929383848,2.0,373.9204101616239,191.2382686612291,11.41483303296647,6.401744828497746,355.0,rolled,1,24
3,0.5,71,7.636363636363637,52.72727272727273,1,675.9362632758116,678.893643279609,0.0043752350102730375,1.000999971324421,2.0,400.21890956452086,204.49399968559692,12.329472689890089,6.656666685026999,355.0,rolled,1,24
3,0.5,71,7.636363636363637,63.63636363636363,1,779.5020738899598,778.6235297668363,-0.0011270580958678833,1.0009922520750911,2.0,504.396194839491,201.50537131530197,12.073272317806536,7.881183370185424,355.0,rolled,1,24
3,0.5,71,7.636363636363637,74.54545454545453,1,846.6406079690952,851.6247242210015,0.005886932666580025,1.0009927298401198,2.0,528.2963537958324,210.41404976034093,12.623352007716754,8.248458486209772,355.0,rolled,1,24
3,0.5,71,7.636363636363637,85.45454545454545,1,921.2774310054268,921.7740205522256,0.0005390228069048764,1.000995518508185,2.0,543.9762163969893,218.84081580898598,13.366487135221197,8.488744974660428,355.0,rolled,1,24
3,0.5,71,7.636363636363637,96.36363636363636,1,990.3158107657674,989.0504330786509,-0.0012777516761426355,1.0009951292919368,2.0,566.2219246463433,224.67363706332705,13.905746089111158,8.803602065129152,355.0,rolled,1,24
3,0.5,71,7.636363636363637,107.27272727272728,1,1055.0870687226268,1048.5716424976094,-0.006175249814127093,1.0009975936639381,2.0,574.4881430463472,238.10172427885098,14.193740724346966,8.955563714747882,355.0,rolled,1,24
3,0.5,71,7.636363636363637,118.18181818181816,1,1088.4839809208006,1114.9424802936073,0.024307660780110263,1.000994514353871,2.0,585.5715874674663,241.88810308675113,15.193037772376597,9.072831795772302,355.0,rolled,1,24
3,0.5,71,7.636363636363637,129.0909090909091,1,1173.7978050697595,1179.267064287832,0.004659455993570649,1.0009973868872586,2.0,601.8271657817498,244.36162320165008,15.954260434943123,9.307592081194873,355.0,rolled,1,24
3,0.5,71,7.636363636363637,140.0,1,1251.7374258469372,1242.3967104168719,-0.00746220032827194,1.000999086863341,2.0,593.4213462771396,260.08350756765327,16.551592723645385,9.26897143246312,355.0,rolled,1,24
3,0.5,71,8.454545454545455,20.0,1,516.1523336674153,513.9327654128847,-0.004300219353383317,1.000989349775265,2.0,327.7773463626667,167.01253768295072,9.907986034911307,6.0,355.0,rolled,1,24
3,0.5,71,8.454545454545455,30.909090909090907,1,633.218032838701,639.4221574948309,0.009797770016619634,1.0009934732849057,2.0,367.5184302184742,188.52135430778486,11.342082502769326,6.206207297065232,355.0,rolled,1,24
3,0.5,71,8.454545454545455,41.81818181818181,1,757.3789000305048,758.5459320456397,0.0015408826613572124,1.0009939264279035,2.0,399.7432905784066,204.77263645663953,12.515332383986607,6.635397053708934,355.0,rolled,1,24
3,0.5,71,8.454545454545455,52.72727272727273,1,897.7427828478864,866.4470596336158,-0.03486045648286018,1.0009993399746546,2.0,428.6683369546428,219.429668459661,13.353583260567323,7.051424448035838,355.0,rolled,1,24
3,0.5,71,8.454545454545455,63.63636363636363,1,969.5859503873623,1001.3480964748416,0.032758463625416345,1.0009915090965076,2.0,477.2883733175851,234.5128131726216,14.084337450356223,7.665110288637193,355.0,rolled,1,24
3,0.5,71,8.454545454545455,74.54545454545453,1,1093.1775012217977,1084.0016049525418,-0.008393784411955374,1.0009973532554808,2.0,535.2073631184746,235.73168500419715,14.120316544471006,8.32535523513586,355.0,rolled,1,24
3,0.5,71,8.454545454545455,85.45454545454545,1,1181.2789978646645,1174.3873131928315,-0.005834087192179593,1.0009935715729337,2.0,534.8755859222522,252.14930871653544,15.110721123656033,8.252363538114453,355.0,rolled,1,24
3,0.5,71,8.454545454545455,96.36363636363636,1,1257.923897819336,1259.897549618649,0.001568975518101201,1.0009951781231574,2.0,577.5930607529189,253.87860017835715,15.175535858160519,9.022530694912795,355.0,rolled,1,24
3,0.5,71,8.454545454545455,107.27272727272728,1,1345.9822136266182,1343.3778916898823,-0.001934885847947987,1.000995617912323,2.0,606.4610261537711,256.2854503458198,15.730228639532447,9.422352305645939,355.0,rolled,0,24
3,0.5,71,8.454545454545455,118.18181818181816,1,1418.3994702060834,1429.6715476768436,0.007947040102265657,1.000997698847327,2.0,628.8113816703043,258.3445394046077,16.454891473834994,9.80800232714403,355.0,rolled,1,24
3,0.5,71,8.454545454545455,129.0909090909091,1,1503.943042662674,1504.5123980498797,0.00037857509962457847,1.000997580990592,2.0,648.3036745710126,266.2881317387542,16.622431942323768,10.15346428937816,355.0,rolled,1,24
3,0.5,71,8.454545454545455,140.0,1,1589.050557323039,1575.4655467137025,-0.008549136807970537,1.0009959504906578,2.0,655.8634906006341,276.87571733771176,17.07018647054174,10.2249063359802,355.0,rolled,1,24
3,0.5,71,9.272727272727272,20.0,1,633.3700898588271,637.6307551339291,0.006726975812911595,1.0009971932308885,2.0,345.390970642861,178.97473874642446,10.873434261320863,6.0,355.0,rolled,1,24
3,0.5,71,9.272727272727272,30.909090909090907,1,801.8071464602682,793.6590292383328,-0.010162190818461592,1.0009900454944471,2.0,390.5335812524481,202.7238716360991,12.172809505432717,6.352332782848985,355.0,rolled,1,24
3,0.5,71,9.272727272727272,41.81818181818181,1,962.5021253931346,935.8505575100411,-0.027689879512949322,1.0009911000612497,2.0,427.8939044868024,220.58687753557177,13.248312840766621,6.770748141096119,355.0,rolled,1,24
3,0.5,71,9.272727272727272,52.72727272727273,1,1070.6846994207378,1085.1388838438127,0.013499944877231274,1.0009928839629696,2.0,457.15262257803045,234.86627824418258,14.170557088906238,7.630648366519577,355.0,rolled,1,24
3,0.5,71,9.272727272727272,63.63636363636363,1,1216.7126656588257,1240.796702639849,0.01979435051576628,1.0009999911930998,2.0,517.2535667829759,248.4915586223863,14.965366603206288,8.033974118850226,355.0,rolled,1,24
3,0.5,71,9.272727272727272,74.54545454545453,1,1356.4151141978043,1311.9907729140218,-0.03275128743316569,1.0009927529381006,2.0,512.2068679358842,261.4358451217478,15.532957562191896,8.068987193568917,355.0,rolled,1,24
3,0.5,71,9.272727272727272,85.45454545454545,1,1422.5235716023028,1468.8640206850882,0.032576225805937664,1.0009936982706267,2.0,580.7250913088949,265.4845387852726,15.984118376074118,9.02458645442175,355.0,rolled,1,24
3,0.5,71,9.272727272727272,96.36363636363636,1,1530.0841209322955,1574.1851545704528,0.028822620295730017,1.0009888713992556,2.0,607.2429614642988,274.7333987757557,16.290291868637688,9.487375613708167,355.0,rolled,1,24
3,0.5,71,9.272727272727272,107.27272727272728,1,1647.0835657255905,1679.8617400969758,0.019900735489972288,1.000991749321148,2.0,629.8365275808434,282.2825590870224,16.748404018385095,9.917729303547413,355.0,rolled,1,24
3,0.5,71,9.272727272727272,118.18181818181816,1,1794.0191544704012,1779.392179560093,-0.008153187703631937,1.0009998417318025,2.0,639.11781824285,290.7474339098373,17.71320939343835,9.906409705777468,355.0,rolled,1,24
3,0.5,71,9.272727272727272,129.0909090909091,1,1876.6125693849333,1882.7539583540217,0.0032725928991839126,1.0009893120349398,2.0,698.6293052443107,282.8957270988455,17.50816673402046,11.030966585708116,355.0,rolled,1,24
3,0.5,71,9.272727272727272,140.0,1,1975.8458780810136,1975.4800022512577,-0.0001851742758960384,1.000993141496904,2.0,711.7887875575159,288.77064346499077,18.233336668902574,11.17119667664191,355.0,rolled,1,24
3,0.5,71,10.09090909090909,20.0,1,771.2799576046779,771.871093376799,0.0007664347637879043,1.0009962084676434,2.0,372.4925129444849,191.38926248115123,11.379422400700077,6.101285059354368,355.0,rolled,1,24
3,0.5,71,10.09090909090909,30.909090909090907,1,964.7090665866748,977.9312596659707,0.013705886611057316,1.0009965488613115,2.0,413.16769764213336,213.50974024654758,13.241621371317308,6.640233724763008,355.0,rolled,1,24
3,0.5,71,10.09090909090909,41.81818181818181,1,1147.2574547707825,1165.9458204372881,0.016289600550243977,1.0009953978607748,2.0,455.8337621166879,232.21773472488022,14.06978713622428,7.641811092038724,355.0,rolled,1,24
3,0.5,71,10.09090909090909,52.72727272727273,1,1318.1429375417918,1313.8280458701352,-0.003273462648674119,1.0009907452709992,2.0,485.2360962721573,251.08799274709108,15.031568338187817,7.6843668144833215,355.0,rolled,1,24
3,0.5,71,10.09090909090909,63.63636363636363,1,1473.4968374975142,1472.1340085078202,-0.0009248944110450408,1.000992531170491,2.0,514.7533568990169,264.026747515085,15.881746927976303,8.262653859218172,355.0,rolled,1,24
3,0.5,71,10.09090909090909,74.54545454545453,1,1593.8205978972342,1668.7728798286475,0.047026799647525985,1.0009973983154294,2.0,587.1353788852967,271.69478203872217,16.50659183234069,9.133276877268377,355.0,rolled,1,24
3,0.5,71,10.09090909090909,85.45454545454545,1,1744.078619322344,1800.6789018533598,0.03245282747231193,1.000999876206138,2.0,597.4817422467709,288.7002336939272,17.26726952735913,9.182657877987028,355.0,rolled,1,24
3,0.5,71,10.09090909090909,96.36363636363636,1,1930.113776773892,1930.9716096102536,0.000444446771316942,1.000998613062521,2.0,646.8463045022787,288.85481320912294,17.49330581551015,10.016815420665683,355.0,rolled,1,24
3,0.5,71,10.09090909090909,107.27272727272728,1,2067.605711285596,2058.9540816069048,-0.004184371145556476,1.0009986195518914,2.0,679.2088098310185,295.35755731600045,17.70021995066774,10.647859965993382,355.0,rolled,1,24
3,0.5,71,10.09090909090909,118.18181818181816,1,2170.353625378734,2184.715402591364,0.006617252158677145,1.000991251416603,2.0,735.2887442844041,293.87956301527896,17.449188252230456,11.582692949376387,355.0,rolled,1,24
3,0.5,71,10.09090909090909,129.0909090909091,1,2307.5736162550616,2446.9093206021457,0.06038191083724165,1.0009905470973217,2.0,684.26541280524,275.4879145619378,19.09455950218077,12.131044065592263,460.0,rolled,0,24
3,0.5,71,10.09090909090909,140.0,1,2443.406284429296,2561.0223680162585,0.04813611405375995,1.0009963276531304,2.0,700.511864356181,280.3488375889392,19.660046679161457,12.388273717491526,460.0,rolled,0,24
3,0.5,71,10.90909090909091,20.0,1,939.0466900997784,938.0428753642941,-0.0010689721246742723,1.0009986039882006,2.0,392.1817843101627,201.84600409936223,12.236886249637555,6.405352072354608,355.0,rolled,1,24
3,0.5,71,10.90909090909091,30.909090909090907,1,1197.1649157491154,1172.8560439088278,-0.020305366053161134,1.0009996336029419,2.0,437.8409245108121,229.45044777872846,13.647180197851336,6.963131066588322,355.0,rolled,1,24
3,0.5,71,10.90909090909091,41.81818181818181,1,1403.509472950396,1388.8694100650457,-0.010431039595746094,1.000989879167054,2.0,478.4254720742178,249.200439563689,14.820550313745741,7.608932985372557,355.0,rolled,1,24
3,0.5,71,10.90909090909091,52.72727272727273,1,1588.7457907355176,1597.6474474349654,0.005602945890623934,1.0009928568380755,2.0,513.2956349590818,264.31684122783344,15.87158451118781,8.378680786959924,355.0,rolled,1,24
3,0.5,71,10.90909090909091,63.63636363636363,1,1789.9941201560932,1775.0048622357451,-0.008373914613217237,1.0009956312568278,2.0,543.7691248146526,277.77398436161917,16.912640430759662,8.645202793557967,355.0,rolled,1,24
3,0.5,71,10.90909090909091,74.54545454545453,1,1942.2808212955651,2021.6499533300193,0.04086388083753634,1.000999333938374,2.0,604.6864783201248,292.152403807578,17.68390075375226,9.467001603054834,355.0,rolled,1,24
3,0.5,71,10.90909090909091,85.45454545454545,1,2177.190622234541,2179.146690057668,0.0008984366380924147,1.0009989457036257,2.0,672.5392510795726,291.69737275261366,17.61509530958556,10.467196849569774,355.0,rolled,1,24
3,0.5,71,10.90909090909091,96.36363636363636,1,2344.698716886334,2352.4459315872027,0.003304140802856237,1.0009945233751756,2.0,674.6189760869908,300.0,19.441367166772658,10.429379970237964,355.0,rolled,1,24
3,0.5,71,10.90909090909091,107.27272727272728,1,2499.121791022924,2552.5290485513665,0.021370410085769453,1.0009927255341207,2.0,726.9254967831632,290.1213492408492,20.527236858667493,11.577158863886908,355.0,rolled,1,24
3,0.5,71,10.90909090909091,118.18181818181816,1,2669.547168301596,2702.3282246169356,0.012279631805942381,1.000994215587243,1.0,742.5652616672854,299.3336929870895,21.18318780104618,11.903094181633653,355.0,rolled,1,24
3,0.5,71,10.90909090909091,129.0909090909091,1,2855.841135487434,2966.8478550202312,0.03887006113659419,1.0009923512694934,2.0,714.2967463438425,287.8271780323419,21.231238736291484,12.455200914298953,460.0,rolled,0,24
3,0.5,71,10.90909090909091,140.0,1,3078.8301843712,3173.8215443414797,0.03085306895212203,1.0009927157086556,2.0,703.9421958586905,284.14307338914125,24.337079777848558,12.507311361551563,460.0,rolled,1,24
3,0.5,71,11.727272727272728,20.0,1,1117.8784812198996,1111.4962694054161,-0.005709217881642026,1.0009925398543367,2.0,408.95007989985726,214.81743789732576,12.919936541606365,6.500099444540848,355.0,rolled,1,24
3,0.5,71,11.727272727272728,30.909090909090907,1,1399.1707585826318,1413.6711748362327,0.010363578687343278,1.000997217526252,2.0,461.81716549188286,237.9852902575177,14.728878735430103,7.439825271151545,355.0,rolled,1,24
3,0.5,71,11.727272727272728,41.81818181818181,1,1658.320920880548,1667.0821429238267,0.005283188514938697,1.0009957793113515,2.0,502.7261088370337,262.4056496770113,15.59664621137165,8.218292523976546,355.0,rolled,1,24
3,0.5,71,11.727272727272728,52.72727272727273,1,1896.895430152976,1896.0895387227583,-0.00042484757852601085,1.0009887301510003,2.0,539.2632900231117,278.98056710880223,16.74554098796677,8.647928096044257,355.0,rolled,1,24
3,0.5,71,11.727272727272728,63.63636363636363,1,2122.483987052358,2240.7948066375097,0.055741678291509,1.0009907908675408,2.0,599.0277874769612,290.0885996647795,18.522201284830356,9.72422170166532,355.0,rolled,1,24
3,0.5,71,11.727272727272728,74.54545454545453,1,2414.680044837911,2408.679725692332,-0.0024849334214718244,1.0009987009658285,2.0,677.888833129101,295.19433975219727,18.059065117410842,10.539128998079677,355.0,rolled,1,24
3,0.5,71,11.727272727272728,85.45454545454545,1,2607.2244497923484,2779.4939173211487,0.06607389231200278,1.0009953220329706,2.0,634.7918330246717,287.32118967667117,19.765703731743564,11.063186258230525,460.0,rolled,0,24
3,0.5,71,11.727272727272728,96.36363636363636,1,2809.399526814627,2853.9317954369744,0.015851169688506195,1.0009975330022223,2.0,750.0,300.0,20.194568294191367,12.020676956733686,355.0,rolled,0,24
3,0.5,71,11.727272727272728,107.27272727272728,1,3054.1802093068686,3094.9190964030713,0.013338730626326845,1.0009997465649378,1.0,750.0,300.0,22.9155563714724,12.270963298079094,355.0,rolled,1,24
3,0.5,71,11.727272727272728,118.18181818181816,1,3357.8991517305085,3424.8322597261845,0.019933031032567383,1.000989176419077,2.0,712.3916577718304,288.1225435708258,24.102440548148586,12.377408561244359,460.0,rolled,0,24
3,0.5,71,11.727272727272728,129.0909090909091,1,3564.383823711408,3639.5160666562188,0.021078606194149918,1.000990424554585,1.0,733.0574410974324,293.1616007469234,24.622682555924218,13.247669910465861,460.0,rolled,1,24
3,0.5,71,11.727272727272728,140.0,1,3755.070343632353,3827.019929942144,0.019160649395503215,1.000998249136782,1.0,750.0,300.0,24.967770139761793,13.892407420747341,460.0,rolled,1,24
3,0.5,71,12.545454545454549,20.0,1,1307.1994834284806,1318.4937222098529,0.008640026961875824,1.0009939212911412,2.0,432.5038398066619,224.15890563430148,13.662883716827057,6.888902493658838,355.0,rolled,1,24
3,0.5,71,12.545454545454549,30.909090909090907,1,1673.5520688887286,1657.2829824175562,-0.009721290883991096,1.000987722747887,2.0,484.13355580804983,252.37194743404146,15.288287914366986,7.6969347886657555,355.0,rolled,1,24
3,0.5,71,12.545454545454549,41.81818181818181,1,1957.4303873162305,1962.8772461026124,0.002782657723961135,1.0009933687230854,2.0,523.8013555755535,276.6700630311679,16.43999135181335,8.509298920887904,355.0,rolled,1,24
3,0.5,71,12.545454545454549,52.72727272727273,1,2222.5772160497027,2380.1654394751454,0.07090337392440849,1.0009956072100286,2.0,598.9048299658174,287.42927230482877,18.514830996669172,9.704788743513436,355.0,rolled,1,24
3,0.5,71,12.545454545454549,63.63636363636363,1,2552.3230156844406,2624.982087383487,0.028467819806718975,1.0009946254017863,2.0,666.3290021038493,294.572895567713,18.95832385774389,10.47510860526672,355.0,rolled,1,24
3,0.5,71,12.545454545454549,74.54545454545453,1,2864.0220557743514,2955.494069569038,0.031938306344486245,1.0009968031772984,1.0,683.329642868868,293.46656799316406,21.928138307198033,11.128999795405415,355.0,rolled,1,24
3,0.5,71,12.545454545454549,85.45454545454545,1,3136.2352005841685,3211.242036388308,0.023916202391379482,1.0009975148010708,1.0,750.0,300.0,21.37069695043127,12.575559255865764,355.0,rolled,1,24
3,0.5,71,12.545454545454549,96.36363636363636,1,3474.753399293351,3576.231606247892,0.0292044341837836,1.000993694954472,2.0,688.9726251741941,297.15986251831055,23.367517348758096,11.979607240214005,460.0,rolled,0,24
3,0.5,71,12.545454545454549,107.27272727272728,1,3810.945853911128,3858.225110791324,0.012406173871946757,1.0009965678969792,1.0,750.0,300.0,27.38653775654638,13.894751258847139,355.0,rolled,0,24
3,0.5,71,12.545454545454549,118.18181818181816,1,4051.8868674716473,4233.801713896383,0.044896329136220325,1.0009969199599864,1.0,750.0,300.0,30.058493265319804,15.360191070042339,355.0,rolled,0,24
3,0.5,71,12.545454545454549,129.0909090909091,1,4389.083655555064,4555.357689496529,0.03788354175729136,1.0009905322529773,1.0,731.1241244197296,294.99590290920844,29.2589726726674,15.206106419548885,460.0,rolled,1,24
3,0.5,71,12.545454545454549,140.0,1,4731.036754406592,4783.076207830322,0.010999587643291786,1.0009933340645905,1.0,746.9710347102356,298.8312438248923,30.366067948353752,15.615307470808144,460.0,rolled,1,24
3,0.5,71,13.363636363636363,20.0,1,1553.9456704912225,1529.525415761992,-0.01571499904595175,1.0009929792032861,2.0,451.9144494135967,237.7438471705103,14.082251414452909,7.113773850041525,355.0,rolled,1,24
3,0.5,71,13.363636363636363,30.909090909090907,1,2055.764041961098,1926.6106727712854,-0.06282499671830366,1.000999091611662,2.0,507.58106124278737,266.089181288846,15.81595020307776,8.014388356748663,355.0,rolled,1,24
3,0.5,71,13.363636363636363,41.81818181818181,1,2295.1327804460216,2450.2185347056275,0.06757158260336804,1.0009905028580421,2.0,574.0433916791203,286.60890953270496,18.32293368037176,9.401812935190993,355.0,rolled,1,24
3,0.5,71,13.363636363636363,52.72727272727273,1,2698.233573079863,2853.550800763471,0.05756255842088698,1.0009911701896377,1.0,640.3685265571858,285.593318939209,20.482346408975456,10.705486795170193,355.0,rolled,1,24
3,0.5,71,13.363636363636363,63.63636363636363,1,3099.504449257762,3120.7771947281076,0.006863273087231558,1.0009948298203777,2.0,689.5742186448476,297.48945236206055,21.452877515625325,10.899968171695042,355.0,rolled,1,24
3,0.5,71,13.363636363636363,74.54545454545453,1,3409.0278837627866,3480.6307627457863,0.021003899476459198,1.0009984405949004,1.0,750.0,300.0,22.235227810051086,12.410702810265834,355.0,rolled,1,24
3,0.5,71,13.363636363636363,85.45454545454545,1,3859.8972334468967,4003.5741007266674,0.03722297734633395,1.0009902692587787,2.0,721.4759276943379,288.8746898678727,24.666257736555494,12.542405610188274,460.0,rolled,0,24
3,0.5,71,13.363636363636363,96.36363636363636,1,4245.414696419247,4318.353190837911,0.017180534679022808,1.0009961933704528,1.0,750.0,300.0,28.92557678304842,14.534882303220314,355.0,rolled,0,24
3,0.5,71,13.363636363636363,107.27272727272728,1,4631.739739142465,4717.109965239744,0.018431568029572576,1.0009907769975759,1.0,741.682500720223,297.16438250619944,28.30780702268625,14.450295208870294,460.0,rolled,1,24
3,0.5,71,13.363636363636363,118.18181818181816,1,5063.816158705762,5353.814659642152,0.057268765659634235,1.0009989128123609,1.0,724.5169351672672,289.722575252877,32.59336968292576,17.35788543318107,460.0,rolled,1,24
3,0.5,71,13.363636363636363,129.0909090909091,1,5459.024045280959,5747.983572345728,0.05293245178404349,1.0009986186850004,1.0,740.7352725385161,296.31088986489635,33.00068795981225,19.27690805478391,460.0,rolled,1,24
3,0.5,71,13.363636363636363,140.0,1,5943.747564514266,6020.603764648189,0.012930596277805462,1.0009994266669833,1.0,750.0,300.0,34.69550758361643,19.527899920060158,460.0,rolled,1,24
3,0.5,71,14.181818181818182,20.0,1,1796.9028968466985,1773.222861004675,-0.013178250134483371,1.0009882377803268,2.0,473.13793731718954,248.26270018693893,14.715290096518935,7.440840405155868,355.0,rolled,1,24
3,0.5,71,14.181818181818182,30.909090909090907,1,2224.07150895444,2245.837596328444,0.009786595119073427,1.000991041506967,2.0,537.454347173593,272.4601835656443,16.808938118780006,8.486668828582065,355.0,rolled,1,24
3,0.5,71,14.181818181818182,41.81818181818181,1,2615.0382292659383,2834.1763928517385,0.0837992198864772,1.00099796432004,2.0,600.3151825652234,298.14510544570453,19.24714716720324,9.750793555612209,355.0,rolled,1,24
3,0.5,71,14.181818181818182,52.72727272727273,1,3202.0654799770145,3329.085915361255,0.03966828166960301,1.0009988877005234,1.0,707.5162320138616,285.1331890227656,21.627660699008338,11.414623024808945,355.0,rolled,1,24
3,0.5,71,14.181818181818182,63.63636363636363,1,3623.765744949169,3737.53860993297,0.03139630787182601,1.0009942621426484,1.0,724.6866764163309,300.0,23.28756344054668,12.367864420611623,355.0,rolled,1,24
3,0.5,71,14.181818181818182,74.54545454545453,1,4194.266016339479,4187.268632296862,-0.0016683214692052584,1.0009992946855248,1.0,750.0,300.0,26.28795910843232,13.301812841361375,355.0,rolled,1,24
3,0.5,71,14.181818181818182,85.45454545454545,1,4665.282330709234,4800.041300736229,0.028885490839416716,1.0009985989686332,1.0,735.45068281435,294.4617153611262,27.4598841799695,13.890287651692343,460.0,rolled,1,24
3,0.5,71,14.181818181818182,96.36363636363636,1,5186.697126154381,5273.419123141528,0.016720081176485824,1.0009980167395542,1.0,750.0,300.0,28.949718696356907,15.578354905567588,460.0,rolled,1,24
3,0.5,71,14.181818181818182,107.27272727272728,1,5684.871516431859,5873.0219490960235,0.03309669042129171,1.00099031805934,1.0,742.288653193836,296.92012713732964,32.57465277153266,17.734014357702662,460.0,rolled,1,24
3,0.5,71,14.181818181818182,118.18181818181816,1,6186.248050426683,8424.124349118983,0.36175017239050855,1.0009932436499753,1.0,738.9674850803669,295.5873739165964,33.678203646201816,21.51093058177198,500.0,rolled,0,24
3,0.5,71,14.181818181818182,129.0909090909091,1,8947.780102569574,11974.360461748644,0.3382493003275655,1.000991990597983,1.0,736.284276202671,294.46277753869833,34.360032081604004,19.99734278070141,620.0,rolled,0,24
3,0.5,71,14.181818181818182,140.0,0,12705.653958132376,,,,,,,,,500.0,rolled,0,24
3,0.5,71,15.0,20.0,1,2057.2483346770277,2039.057599113856,-0.00884226529998755,1.0009876814449667,2.0,493.8360674325953,258.727368990344,15.340548273762048,7.761950217845723,355.0,rolled,1,24
3,0.5,71,15.0,30.909090909090907,1,2565.283454586496,2568.6067989425615,0.0012955076563267998,1.000994267830119,2.0,564.6889654396637,284.55844041974876,17.301855139262432,8.831423987468812,355.0,rolled,1,24
3,0.5,71,15.0,41.81818181818181,1,3234.6725939942403,3323.9516048500445,0.027600632911524592,1.0009971589305875,1.0,632.3851395816504,300.0,20.90716055692585,10.593415592216738,355.0,rolled,1,24
3,0.5,71,15.0,52.72727272727273,1,3765.638206814382,3891.166858773265,0.033335292735166,1.000998747987106,1.0,694.1424646060824,300.0,23.66316188920937,12.075708089751231,355.0,rolled,1,24
3,0.5,71,15.0,63.63636363636363,1,4414.262908667717,4435.918742785465,0.004905877734474151,1.0009962734540327,1.0,750.0,300.0,26.045662878135076,13.558234988912885,355.0,rolled,1,24
3,0.5,71,15.0,74.54545454545453,1,5055.036012019389,5070.572168458824,0.0030734017329441254,1.0009994478266793,1.0,750.0,300.0,30.20867830892457,15.305252174316719,355.0,rolled,0,24
3,0.5,71,15.0,85.45454545454545,1,5678.659053486651,5743.89847572076,0.011488526009331812,1.0009979765571333,1.0,750.0,300.0,30.075324884305942,15.866495675753642,460.0,rolled,1,24
3,0.5,71,15.0,96.36363636363636,1,6293.677091962863,6413.896296991521,0.01910158453826294,1.0009992994285422,1.0,750.0,300.0,33.17210175918062,18.23878079036388,460.0,rolled,1,24
3,0.5,71,15.0,107.27272727272728,1,7396.103440982998,12354.24312798605,0.6703718689937734,1.0009907913059601,1.0,734.2289092278453,293.6957825862235,34.26460266113281,19.090558253623495,620.0,rolled,0,24
3,0.5,71,15.0,118.18181818181816,0,13338.283576315587,,,,,,,,,460.0,rolled,0,24
5,0.5,71,6.0,20.0,1,241.3288087904857,241.32389882972237,-2.0345522724563025e-05,1.000995160020978,2.0,250.0,125.52213023151864,8.0,6.0,355.0,rolled,1,24
5,0.5,71,6.0,30.909090909090907,1,292.67799548197263,306.4306162566383,0.04698891268548677,1.0009996134528136,2.0,298.9221478000213,147.63527695461843,8.964713630637297,6.0,355.0,rolled,1,24
5,0.5,71,6.0,41.81818181818181,1,342.2853688824266,352.259058617706,0.029138521952731367,1.0009989678794868,2.0,333.0606829764027,161.17259726473543,9.61068158402267,6.0,355.0,rolled,1,24
5,0.5,71,6.0,52.72727272727273,1,386.25765574493386,401.02403073446857,0.03822933932806172,1.0009923610866616,2.0,352.1388738826812,173.63369983852076,10.416271292310553,6.197602976464594,355.0,rolled,1,24
5,0.5,71,6.0,63.63636363636363,1,431.68145507497405,436.93234642594473,0.012163810349598458,1.0009970350835047,2.0,384.5424641195647,181.13949821398955,10.820250379697569,6.222991320721978,355.0,rolled,1,24
5,0.5,71,6.0,74.54545454545453,1,466.9500019446189,474.2068005635907,0.01554084717582338,1.000994741786488,2.0,422.0613992066398,184.49069701509194,10.984334057716405,6.629304095294867,355.0,rolled,1,24
5,0.5,71,6.0,85.45454545454545,1,518.2473353887603,516.57957025312,-0.0032180872370318747,1.0009980710675341,2.0,424.3127560695889,196.9598138691492,11.74049139165546,6.685343863253451,355.0,rolled,1,24
5,0.5,71,6.0,96.36363636363636,1,549.7256874002802,554.4945830398054,0.008675046025369282,1.00099373115029,2.0,444.5136070764492,202.66690253912464,12.08208251235438,7.002163220911516,355.0,rolled,1,24
5,0.5,71,6.0,107.27272727272728,1,586.6560772595034,598.6265761916985,0.020404627849615053,1.0009994275130354,2.0,444.1866313684741,213.91979960382508,12.784762288075372,7.15411981089487,355.0,rolled,1,24
5,0.5,71,6.0,118.18181818181816,1,628.4217050081675,624.5511252728656,-0.0061592075901507615,1.000991392448202,2.0,478.93656426836935,214.05675326819582,12.715708620939955,7.469539694659806,355.0,rolled,1,24
5,0.5,71,6.0,129.0909090909091,1,657.4964976148059,668.7198897521807,0.017069888855818727,1.0009994751904734,2.0,473.83469148382085,225.21535514485583,13.448092913746756,7.603640764774464,355.0,rolled,1,24
5,0.5,71,6.0,140.0,1,697.879425726456,700.8381488856863,0.0042395907518701925,1.0009938806959355,2.0,489.26464889587834,229.9590169196428,13.705939170800423,7.8084234814828255,355.0,rolled,1,24
5,0.5,71,6.818181818181818,20.0,1,317.0885192434045,318.41535483138153,0.004184432760741208,1.0009969164974666,2.0,277.3051814685068,140.6056401592901,8.537214743833665,6.0,355.0,rolled,1,24
5,0.5,71,6.818181818181818,30.909090909090907,1,392.6423822212096,390.05004967672886,-0.006602273880409126,1.0009925389300742,2.0,315.65279723286005,160.60743866476687,9.571345981718324,6.0,355.0,rolled,1,24
5,0.5,71,6.818181818181818,41.81818181818181,1,455.0251859822217,478.5762170230258,0.05175764279941242,1.0009898351269706,2.0,361.4083407983901,177.94698132436113,10.593184324196653,6.422362518310548,355.0,rolled,1,24
5,0.5,71,6.818181818181818,52.72727272727273,1,519.9507333014534,537.360928328756,0.03348431670969232,1.0009905381494701,2.0,396.06852959679253,187.69911154121894,11.25574920990204,6.588467010004725,355.0,rolled,1,24
5,0.5,71,6.818181818181818,63.63636363636363,1,570.1996303697795,590.7382768226395,0.036020097802484496,1.0009922507108355,2.0,434.4140536921903,194.33551775394204,11.620882048709655,6.892604176228217,355.0,rolled,1,24
5,0.5,71,6.818181818181818,74.54545454545453,1,645.0378754655677,645.090659906365,8.18315370383349e-05,1.0009907943230234,2.0,468.9339777987464,199.1470753671912,11.978576857189394,7.317404344988599,355.0,rolled,1,24
5,0.5,71,6.818181818181818,85.45454545454545,1,698.212152166206,698.8056858240285,0.0008500763786207788,1.0009988872407298,2.0,484.8553072114496,207.78412109864874,12.57644744380986,7.54639021343588,355.0,rolled,1,24
5,0.5,71,6.818181818181818,96.36363636363636,1,733.8166260116295,749.3887636548475,0.021220747924252104,1.0009948149462342,2.0,514.7706075069382,211.94191668987662,12.75604595335857,8.007639753445437,355.0,rolled,1,24
5,0.5,71,6.818181818181818,107.27272727272728,1,798.4291807439346,804.4697016448339,0.007565506179610049,1.0009928092044658,2.0,505.2576884518014,226.47816515962356,13.68757175849217,7.973518493309063,355.0,rolled,1,24
5,0.5,71,6.818181818181818,118.18181818181816,1,852.2289524013323,852.151235447442,-9.119257644485401e-05,1.0009977971099695,2.0,520.3270363198061,233.59264983999054,14.057329865529104,8.200152434892086,355.0,rolled,0,24
5,0.5,71,6.818181818181818,129.0909090909091,1,896.311601431932,903.1838666353581,0.007667272399963343,1.00099055540548,2.0,522.7749483573417,244.270191163205,14.637847917870879,8.282545794034322,355.0,rolled,1,24
5,0.5,71,6.818181818181818,140.0,1,931.1411275891702,944.7379825371414,0.014602356769671365,1.0009896341923095,2.0,554.3564229233989,241.14982969032155,14.88697380459209,8.722553930183206,355.0,rolled,1,24
5,0.5,71,7.636363636363637,20.0,1,409.6201332461394,409.65717385705705,9.042673421366665e-05,1.0009918532459112,2.0,302.7069232274917,153.91997639937924,9.245185414077786,6.0,355.0,rolled,1,24
5,0.5,71,7.636363636363637,30.909090909090907,1,501.774525145321,504.04869393648,0.0045322523906536905,1.0009937521455603,2.0,340.9144632098938,175.18644325422568,10.504831807961324,6.0,355.0,rolled,1,24
5,0.5,71,7.636363636363637,41.81818181818181,1,593.9298338756057,594.6441850089789,0.0012027534106373583,1.0009915801110834,2.0,373.45675073960797,190.72772563425792,11.50724317902818,6.326469738856636,355.0,rolled,1,24
5,0.5,71,7.636363636363637,52.72727272727273,1,675.9362632758116,708.4066663244428,0.04803766984074631,1.0009950114180137,2.0,419.4453218041262,205.49024964406584,12.486324724530173,6.943043361038819,355.0,rolled,1,24
5,0.5,71,7.636363636363637,63.63636363636363,1,779.5020738899598,777.3413844480414,-0.0027718841479611456,1.0009894007485354,2.0,483.60717851855145,206.92353990496758,12.396971164073909,7.641233144900437,355.0,rolled,1,24
5,0.5,71,7.636363636363637,74.54545454545453,1,846.6406079690952,851.0195700506234,0.005172161647233553,1.0009969075733267,2.0,523.1429118077858,211.1071773254793,12.78737190572568,8.15146615397915,355.0,rolled,1,24
5,0.5,71,7.636363636363637,85.45454545454545,1,921.2774310054268,920.1854501126427,-0.001185289963732683,1.000991117982802,2.0,539.7913686489645,220.78727638505356,13.364897196540344,8.42348051552248,355.0,rolled,1,24
5,0.5,71,7.636363636363637,96.36363636363636,1,990.3158107657674,987.756284674307,-0.0025845554151874284,1.0009902019845098,2.0,563.9391291764949,226.23205962891606,13.85408279626708,8.775335837250774,355.0,rolled,1,24
5,0.5,71,7.636363636363637,107.27272727272728,1,1055.0870687226268,1050.0176048994235,-0.004804782442590971,1.0009972340184032,2.0,573.2335169138229,237.1998892301801,14.33849388306602,8.931366665603987,355.0,rolled,1,24
5,0.5,71,7.636363636363637,118.18181818181816,1,1088.4839809208006,1115.55073776291,0.024866472374919457,1.0009984368756064,2.0,586.5755492944369,241.30954871480347,15.194954394619783,9.098612411148192,355.0,rolled,1,24
5,0.5,71,7.636363636363637,129.0909090909091,1,1173.7978050697595,1178.4962800208057,0.00400279752675714,1.0009919001508882,2.0,589.0367293042632,252.015743327858,15.827717035909142,9.177841124016828,355.0,rolled,1,24
5,0.5,71,7.636363636363637,140.0,1,1251.7374258469372,1238.2010331439014,-0.010814083228259275,1.0009925315212689,2.0,601.5002720228817,258.8294258070157,16.264664034118493,9.380099139447443,355.0,rolled,1,24
5,0.5,71,8.454545454545455,20.0,1,516.1523336674153,515.1104535799071,-0.0020185515390491737,1.0009970431762083,2.0,326.1588348502655,166.76590766681207,9.99014372637148,6.0,355.0,rolled,1,24
5,0.5,71,8.454545454545455,30.909090909090907,1,633.218032838701,637.5966974459171,0.006914939847159296,1.0009955220578937,2.0,368.05737866815895,188.61621921746013,11.32846538969984,6.151640656585997,355.0,rolled,1,24
5,0.5,71,8.454545454545455,41.81818181818181,1,757.3789000305048,757.3508226610326,-3.707176087308639e-05,1.0009959207718104,2.0,400.273319827277,205.29301206700043,12.444967571802774,6.633856920583475,355.0,rolled,1,24
5,0.5,71,8.454545454545455,52.72727272727273,1,897.7427828478864,861.7485449042358,-0.040094154619062405,1.0009961959221794,2.0,434.5016837079784,218.17913318885093,13.208032003990382,7.067537113367283,355.0,rolled,1,24
5,0.5,71,8.454545454545455,63.63636363636363,1,969.5859503873623,996.7530309534741,0.028019259721387302,1.0009938532786526,2.0,485.7932813589532,232.29894619080534,13.922505551340738,7.7170054049548265,355.0,rolled,1,24
5,0.5,71,8.454545454545455,74.54545454545453,1,1093.1775012217977,1087.5532926917322,-0.005144826456618068,1.0009926865718906,2.0,531.4395603641782,236.56953594374153,14.17383436627728,8.362957834761572,355.0,rolled,1,24
5,0.5,71,8.454545454545455,85.45454545454545,1,1181.2789978646645,1174.119040632999,-0.0060611906625006595,1.000991729034401,2.0,545.1201216562428,247.83309413315385,15.018102781396953,8.422408913756088,355.0,rolled,1,24
5,0.5,71,8.454545454545455,96.36363636363636,1,1257.923897819336,1260.1937006014846,0.0018044038960411957,1.0009956275119756,2.0,572.3100651637892,254.67802364006795,15.368743400037125,8.895953939586208,355.0,rolled,1,24
5,0.5,71,8.454545454545455,107.27272727272728,1,1345.9822136266182,1343.937031014443,-0.0015194722422554596,1.0009962828144212,2.0,599.6047463893948,259.26715326796995,15.757213775521857,9.357086773937187,355.0,rolled,0,24
5,0.5,71,8.454545454545455,118.18181818181816,1,1418.3994702060834,1428.204234372976,0.006912554871067567,1.0009976063434471,2.0,621.0072220182461,261.30855504393253,16.55452301746991,9.66198882493658,355.0,rolled,1,24
5,0.5,71,8.454545454545455,129.0909090909091,1,1503.943042662674,1503.7461058462397,-0.00013094699124094333,1.00099862703115,2.0,642.2216658281764,268.2286380273684,16.744457582524475,10.032833879729658,355.0,rolled,1,24
5,0.5,71,8.454545454545455,140.0,1,1589.050557323039,1575.902939588762,-0.008273882585854153,1.000994663870428,2.0,651.1054510210193,278.18007280747827,17.191859393829702,10.132973076421463,355.0,rolled,1,24
5,0.5,71,9.272727272727272,20.0,1,633.3700898588271,636.3673296146457,0.004732209183554215,1.0009996828176442,2.0,346.1404711909499,179.45787481337157,10.796864039718884,6.0,355.0,rolled,1,24
5,0.5,71,9.272727272727272,30.909090909090907,1,801.8071464602682,794.1545297853536,-0.009544211109490108,1.0009987520428405,2.0,390.45290107283716,201.9842862727141,12.256011037237547,6.32636683533626,355.0,rolled,1,24
5,0.5,71,9.272727272727272,41.81818181818181,1,962.5021253931346,936.6490714671462,-0.02686025645442469,1.0009985599524645,2.0,428.1282866509886,220.68494761793292,13.215495760875976,6.813468408844782,355.0,rolled,1,24
5,0.5,71,9.272727272727272,52.72727272727273,1,1070.6846994207378,1080.9089060646288,0.00954922270713543,1.0009949635617532,2.0,456.85878939468444,235.58746526285032,14.161159137391456,7.507870840947787,355.0,rolled,1,24
5,0.5,71,9.272727272727272,63.63636363636363,1,1216.7126656588257,1242.8003637641855,0.021441133014945546,1.0009930205277566,2.0,510.867018163819,250.78823083815357,15.029353550102412,7.971235144383697,355.0,rolled,1,24
5,0.5,71,9.272727272727272,74.54545454545453,1,1356.4151141978043,1364.1033178342664,0.005668031531047113,1.0009924702940294,2.0,533.9752469866395,263.2685694658534,15.699714280526182,8.385571035555332,355.0,rolled,1,24
5,0.5,71,9.272727272727272,85.45454545454545,1,1422.5235716023028,1472.8053472034978,0.03534688394973906,1.0009920472733498,2.0,570.4176793285404,268.8136113256938,16.13696682996255,8.919112832399517,355.0,rolled,1,24
5,0.5,71,9.272727272727272,96.36363636363636,1,1530.0841209322955,1573.5461885700786,0.028405018419053407,1.0009970053241095,2.0,610.9482056964465,273.4643088047564,16.23733698627707,9.536308123282472,355.0,rolled,1,24
5,0.5,71,9.272727272727272,107.27272727272728,1,1647.0835657255905,1679.8248131063608,0.019878315868173235,1.000996101416863,2.0,624.1130621774702,283.30234912890074,16.953174049537996,9.765755856883784,355.0,rolled,1,24
5,0.5,71,9.272727272727272,118.18181818181816,1,1794.0191544704012,1781.5144735861313,-0.006970204779090716,1.0009972603402462,2.0,639.3468318462174,289.0245203701426,17.865942976995377,9.894687782204757,355.0,rolled,1,24
5,0.5,71,9.272727272727272,129.0909090909091,1,1876.6125693849333,1877.6255543644352,0.0005397944125642429,1.0009895536173952,2.0,684.6955164454173,288.5255706750534,17.65602360974905,10.765461457564518,355.0,rolled,1,24
5,0.5,71,9.272727272727272,140.0,1,1975.8458780810136,1969.6955194192515,-0.0031127724738001517,1.0009997555304666,2.0,711.4359578620243,291.3743988951158,18.00961047641693,11.14372279025356,355.0,rolled,1,24
5,0.5,71,10.09090909090909,20.0,1,771.2799576046779,772.2418722570437,0.0012471666648168345,1.0009935444083096,2.0,370.63778855245124,191.0056481235441,11.4942556269816,6.045763219247197,355.0,rolled,1,24
5,0.5,71,10.09090909090909,30.909090909090907,1,964.7090665866748,981.1635769007489,0.017056448295125204,1.0009888415465817,2.0,414.99998058333335,213.20638400634476,13.161217175165097,6.784983115618376,355.0,rolled,1,24
5,0.5,71,10.09090909090909,41.81818181818181,1,1147.2574547707825,1160.7731590242697,0.011780881612303507,1.0009951671542365,2.0,455.29187127152017,232.97510619006525,14.061835420089059,7.508192892239448,355.0,rolled,1,24
5,0.5,71,10.09090909090909,52.72727272727273,1,1318.1429375417918,1318.477999619985,0.000254192522411989,1.0009944811303395,2.0,484.4052729449383,250.8238662127808,15.060785986811982,7.770683109659484,355.0,rolled,1,24
5,0.5,71,10.09090909090909,63.63636363636363,1,1473.4968374975142,1471.0977183179605,-0.0016281807456256514,1.0009964955374786,2.0,515.1497507655519,263.8994240199995,15.881632893526946,8.246340845299551,355.0,rolled,1,24
5,0.5,71,10.09090909090909,74.54545454545453,1,1593.8205978972342,1672.625290300485,0.049443891305721355,1.0009991472139468,2.0,573.4412133823056,275.93741494573624,16.716944837728835,8.957637419927872,355.0,rolled,1,24
5,0.5,71,10.09090909090909,85.45454545454545,1,1744.078619322344,1801.7486205234716,0.03306617061995465,1.0009975148428092,2.0,604.7629007084397,285.5739018219201,17.199812573130423,9.335874068032027,355.0,rolled,1,24
5,0.5,71,10.09090909090909,96.36363636363636,1,1930.113776773892,1930.9580461331338,0.00043741947723563435,1.0009914491854628,2.0,630.7970568685098,294.5724065646587,17.72378147293942,9.730332976946192,355.0,rolled,1,24
5,0.5,71,10.09090909090909,107.27272727272728,1,2067.605711285596,2056.7221447381967,-0.00526385010836139,1.0009914462974678,2.0,668.5319000880168,298.7664734782512,17.903934726657674,10.421625035028674,355.0,rolled,1,24
5,0.5,71,10.09090909090909,118.18181818181816,1,2170.353625378734,2198.781916512414,0.01309846045421259,1.0009948889882774,2.0,706.5232449927889,296.1581707974489,18.51089152929422,11.235657334795414,355.0,rolled,1,24
5,0.5,71,10.09090909090909,129.0909090909091,1,2307.5736162550616,2473.775600238497,0.0720245641624051,1.0009915948818162,2.0,673.5650459545503,270.610256234691,20.191596122954635,12.052907192131023,460.0,rolled,0,24
5,0.5,71,10.09090909090909,140.0,1,2443.406284429296,2584.026739449985,0.057550991792399975,1.0009934276372074,2.0,688.8803670528903,276.75639481105986,20.639546236321156,12.295694229019233,460.0,rolled,0,24
5,0.5,71,10.90909090909091,20.0,1,939.0466900997784,933.4728386912174,-0.005935648852528064,1.0009965317245697,2.0,390.5865414642934,202.77346073934504,12.215283997300588,6.297371272698356,355.0,rolled,1,24
5,0.5,71,10.90909090909091,30.909090909090907,1,1197.1649157491154,1172.7105744552773,-0.020426877677530264,1.0009957942797831,2.0,438.334477681411,229.27335742224582,13.645846011242286,6.9652203186506245,355.0,rolled,1,24
5,0.5,71,10.90909090909091,41.81818181818181,1,1403.509472950396,1390.0690127417913,-0.009576323115476182,1.0009916269236252,2.0,478.51466989377445,249.17080198631888,14.80940984517536,7.642150976558794,355.0,rolled,1,24
5,0.5,71,10.90909090909091,52.72727272727273,1,1588.7457907355176,1596.2133125070675,0.004700262191154492,1.0009920291272387,2.0,513.1724948896034,264.10460157191983,15.913614848246052,8.326990319736709,355.0,rolled,1,24
5,0.5,71,10.90909090909091,63.63636363636363,1,1789.9941201560932,1771.0714913986817,-0.010571335706824225,1.000992123740678,2.0,545.2789726752053,278.1913704714851,16.813696320097982,8.63656163422517,355.0,rolled,1,24
5,0.5,71,10.90909090909091,74.54545454545453,1,1942.2808212955651,2020.879271392926,0.04046708860819259,1.0009962527881842,2.0,612.8798602301372,289.7915460461006,17.526545224849666,9.619571844041648,355.0,rolled,1,24
5,0.5,71,10.90909090909091,85.45454545454545,1,2177.190622234541,2175.5990270954453,-0.0007310315977120396,1.0009938771336386,2.0,653.6228960631246,297.1897389743127,17.943510656934222,10.12495589597084,355.0,rolled,1,24
5,0.5,71,10.90909090909091,96.36363636363636,1,2344.698716886334,2363.7328908982086,0.008117961542262186,1.0009930071296298,2.0,683.9395587246111,295.85603373838654,19.371108878591038,10.726665105380926,355.0,rolled,1,24
5,0.5,71,10.90909090909091,107.27272727272728,1,2499.121791022924,2526.837629437503,0.011090231182064425,1.0009988449498146,2.0,711.6345389339841,300.0,20.20409943120163,11.2167130920453,355.0,rolled,1,24
5,0.5,71,10.90909090909091,118.18181818181816,1,2669.547168301596,2690.0105708145657,0.007665495764957342,1.0009948262966482,2.0,746.5675121464336,299.88963494607754,20.981259378702028,11.831163912212276,355.0,rolled,1,24
5,0.5,71,10.90909090909091,129.0909090909091,1,2855.841135487434,3003.1591925979365,0.051584822166712785,1.0009960834237581,2.0,705.1483323560324,283.4758088186524,22.18493148366744,12.506310694016278,460.0,rolled,0,24
5,0.5,71,10.90909090909091,140.0,1,3078.8301843712,3161.405170589334,0.026820247065688196,1.0009973589342533,2.0,709.6252549919745,285.6290218998945,23.84349102181199,12.567806260573997,460.0,rolled,1,24
5,0.5,71,11.727272727272728,20.0,1,1117.8784812198996,1113.2055622786831,-0.004180167182498362,1.0009936643528279,2.0,410.7950127896258,214.56814465923406,12.87163078834989,6.5700045664744335,355.0,rolled,1,24
5,0.5,71,11.727272727272728,30.909090909090907,1,1399.1707585826318,1412.571506260732,0.009577635607304291,1.0009976597794354,2.0,463.1113460865762,238.75185117386533,14.586635904295411,7.498911511601057,355.0,rolled,1,24
5,0.5,71,11.727272727272728,41.81818181818181,1,1658.320920880548,1664.1890303289752,0.0035385849473039688,1.0009920955340217,2.0,502.0632130523636,262.8021792859973,15.606062280399922,8.148959035431373,355.0,rolled,1,24
5,0.5,71,11.727272727272728,52.72727272727273,1,1896.895430152976,1906.2931375995074,0.004954256991263728,1.0009911670457976,2.0,537.7719897272726,276.97797322499173,16.974611139659274,8.709161394253398,355.0,rolled,1,24
5,0.5,71,11.727272727272728,63.63636363636363,1,2122.483987052358,2231.0302025352657,0.05114112339365806,1.000998841276822,2.0,594.7732178541662,293.56455285737303,18.389341313984865,9.576169829644234,355.0,rolled,1,24
5,0.5,71,11.727272727272728,74.54545454545453,1,2414.680044837911,2410.2473042886786,-0.0018357465448511912,1.000998634551497,2.0,664.2301023729376,298.5556638373542,18.287927523398533,10.383079234882509,355.0,rolled,1,24
5,0.5,71,11.727272727272728,85.45454545454545,1,2607.2244497923484,2783.973313736449,0.06779196319602554,1.0009914181430757,2.0,632.5416622918418,286.9107554011099,19.908772774864726,11.048181675995593,460.0,rolled,0,24
5,0.5,71,11.727272727272728,96.36363636363636,1,2809.399526814627,2840.0294790190596,0.010902668670682791,1.000995003573672,2.0,749.9647020302065,300.0,20.27924594701604,11.810751103445053,355.0,rolled,0,24
5,0.5,71,11.727272727272728,107.27272727272728,1,3054.1802093068686,3111.8475470437133,0.018881445685856146,1.000998381018254,1.0,750.0,300.0,22.811435292352158,12.529895668292058,355.0,rolled,1,24
5,0.5,71,11.727272727272728,118.18181818181816,1,3357.8991517305085,3393.8963783861313,0.010720163122549753,1.000998828294988,2.0,710.2276500950649,294.53344345092773,23.271292260203136,12.357913121678074,460.0,rolled,0,24
5,0.5,71,11.727272727272728,129.0909090909091,1,3564.383823711408,3664.929412295131,0.02820840671390723,1.0009913702347353,1.0,727.8127194207019,291.0630185612696,25.142386180071423,13.318699354475175,460.0,rolled,1,24
5,0.5,71,11.727272727272728,140.0,1,3755.070343632353,3819.6151863778327,0.017188717344518434,1.0009952181015531,1.0,748.1629229669234,300.0,25.0961547165204,13.75523076377125,460.0,rolled,1,24
5,0.5,71,12.545454545454549,20.0,1,1307.1994834284806,1319.6309348946477,0.009509988049843932,1.0009991506572755,2.0,434.21862542649814,224.40785466125664,13.566228306643282,6.96535720200715,355.0,rolled,1,24
5,0.5,71,12.545454545454549,30.909090909090907,1,1673.5520688887286,1657.821279492669,-0.009399641450358431,1.0009913394632468,2.0,482.4057494382877,253.27304945240718,15.255107557180889,7.709511000751818,355.0,rolled,1,24
5,0.5,71,12.545454545454549,41.81818181818181,1,1957.4303873162305,1974.927047325953,0.008938586078512722,1.0009957477120184,2.0,522.3118317242219,274.5480306746954,16.681989733593188,8.581237496181151,355.0,rolled,1,24
5,0.5,71,12.545454545454549,52.72727272727273,1,2222.5772160497027,2397.055317460905,0.07850260506193396,1.0009904848427902,1.0,589.1387940427439,288.17283421374395,18.80708366095901,9.738691476020904,355.0,rolled,1,24
5,0.5,71,12.545454545454549,63.63636363636363,1,2552.3230156844406,2639.0902643594036,0.03399540267503931,1.000999268321533,2.0,671.9049365938171,288.6585545216164,19.418930947671686,10.482984495550754,355.0,rolled,1,24
5,0.5,71,12.545454545454549,74.54545454545453,1,2864.0220557743514,2921.6821847253404,0.020132571547323286,1.0009919070220692,1.0,702.6160930946671,296.1204528808594,20.774625555915186,11.276935372580729,355.0,rolled,1,24
5,0.5,71,12.545454545454549,85.45454545454545,1,3136.2352005841685,3179.189156454814,0.013696025050240035,1.0009998264356632,1.0,750.0,300.0,21.535454958970007,12.134957482028831,355.0,rolled,1,24
5,0.5,71,12.545454545454549,96.36363636363636,1,3474.753399293351,3609.812318619741,0.038868634347938524,1.000998000053979,2.0,700.5355250138582,294.162654876709,23.193029367959483,12.442315955210505,460.0,rolled,0,24
5,0.5,71,12.545454545454549,107.27272727272728,1,3810.945853911128,3864.1987668177912,0.013973673452224666,1.0009998541727558,1.0,750.0,300.0,27.35351330659446,13.980031625164184,355.0,rolled,0,24
5,0.5,71,12.545454545454549,118.18181818181816,1,4051.8868674716473,4235.258742531064,0.04525592176117188,1.0009999148102333,1.0,750.0,300.0,30.050072511841144,15.381421943413729,355.0,rolled,0,24
5,0.5,71,12.545454545454549,129.0909090909091,1,4389.083655555064,4473.697976419526,0.019278356829077303,1.0009944553300658,1.0,740.8962849368031,297.9640741353827,28.49089596073356,14.649427050946166,460.0,rolled,1,24
5,0.5,71,12.545454545454549,140.0,1,4731.036754406592,4759.531124646415,0.006022859622319077,1.0009975464244827,1.0,750.0,300.0,30.06171251090861,15.488822465064152,460.0,rolled,1,24
5,0.5,71,13.363636363636363,20.0,1,1553.9456704912225,1533.7055605205292,-0.013024979157923333,1.000999839819498,2.0,452.12204727921977,236.8420491069538,14.164709074163106,7.143444944554329,355.0,rolled,1,24
5,0.5,71,13.363636363636363,30.909090909090907,1,2055.764041961098,1930.5044271044808,-0.06093092996077787,1.000989793752931,2.0,512.2036447056333,263.7961370454937,15.873587942809728,8.078329278055142,355.0,rolled,1,24
5,0.5,71,13.363636363636363,41.81818181818181,1,2295.1327804460216,2304.8259447832347,0.004223356670165934,1.0009948282373937,2.0,557.7946851897574,281.6410533171399,17.58972760165331,9.040149440534927,355.0,rolled,1,24
5,0.5,71,13.363636363636363,52.72727272727273,1,2698.233573079863,2825.8496684601982,0.047296163183778495,1.0009982120848324,1.0,624.9150130280693,293.98326873779297,20.162795776267195,10.409423415854336,355.0,rolled,1,24
5,0.5,71,13.363636363636363,63.63636363636363,1,3099.504449257762,3125.521471227934,0.00839392954457674,1.0009976547257795,1.0,687.2927522197689,299.8309135437012,21.203858113137738,11.05259111765812,355.0,rolled,1,24
5,0.5,71,13.363636363636363,74.54545454545453,1,3409.0278837627866,3454.309101796265,0.013282736186803534,1.0009966587358528,1.0,750.0,300.0,22.35200605832781,12.078537350729052,355.0,rolled,1,24
5,0.5,71,13.363636363636363,85.45454545454545,1,3859.8972334468967,4022.6679582515762,0.042169704259023666,1.0009926619751217,2.0,721.1127522466558,289.4696510503571,24.514978963907282,12.791127772544478,460.0,rolled,0,24
5,0.5,71,13.363636363636363,96.36363636363636,1,4245.414696419247,4320.519716951174,0.017690856112424935,1.000999503217693,1.0,750.0,300.0,28.91497789062395,14.563496242472347,355.0,rolled,0,24
5,0.5,71,13.363636363636363,107.27272727272728,1,4631.739739142465,4833.771554666176,0.04361899132983571,1.000998660570395,1.0,731.690200292111,292.9764977324994,29.202244198419056,15.258509223559532,460.0,rolled,1,24
5,0.5,71,13.363636363636363,118.18181818181816,1,5063.816158705762,5269.4034051947665,0.04059927138854702,1.000994369775676,1.0,732.9163977961373,293.2620538155301,31.71688924219253,16.803599459599813,460.0,rolled,1,24
5,0.5,71,13.363636363636363,129.0909090909091,1,5459.024045280959,5705.197790078519,0.04509482697925904,1.00098983313099,1.0,741.9538226983607,296.7936823140725,32.996853766837496,18.839576794572928,460.0,rolled,1,24
5,0.5,71,13.363636363636363,140.0,1,5943.747564514266,5982.686651102144,0.006551268566712842,1.0009978699221576,1.0,750.0,300.0,34.843905564168324,19.08978847466813,460.0,rolled,1,24
5,0.5,71,14.181818181818182,20.0,1,1796.9028968466985,1784.4616566469329,-0.006923713140870369,1.0009971955576156,2.0,477.84828658572434,245.18755403930234,14.887465563194654,7.531943081713701,355.0,rolled,1,24
5,0.5,71,14.181818181818182,30.909090909090907,1,2224.07150895444,2243.2678838770785,0.008631186023179138,1.0009972338144741,2.0,535.0532381361741,274.31882869132,16.689859851252457,8.498290763704102,355.0,rolled,1,24
5,0.5,71,14.181818181818182,41.81818181818181,1,2615.0382292659383,2668.028581325454,0.020263700723943456,1.000992840146945,2.0,582.7653324108333,292.81002319511737,18.487113551719887,9.407817962909377,355.0,rolled,1,24
5,0.5,71,14.181818181818182,52.72727272727273,1,3202.0654799770145,3265.484698078807,0.019805721806241072,1.0009994761043002,1.0,686.3273855302258,296.88520431518555,20.97370716799005,10.990042208775433,355.0,rolled,1,24
5,0.5,71,14.181818181818182,63.63636363636363,1,3623.765744949169,3716.3567000699295,0.025551032168625865,1.0009951699013402,1.0,727.8598716741084,300.0,23.228858260984165,12.173863526974682,355.0,rolled,1,24
5,0.5,71,14.181818181818182,74.54545454545453,1,4194.266016339479,4186.632896595451,-0.0018198940444626999,1.0009975346293778,1.0,750.0,300.0,26.290585303066536,13.294200406909003,355.0,rolled,1,24
5,0.5,71,14.181818181818182,85.45454545454545,1,4665.282330709234,4854.5835948725835,0.04057659338584374,1.0009991579894117,1.0,732.9881298454017,293.32006091049357,27.62197269069791,14.329227346844318,460.0,rolled,1,24
5,0.5,71,14.181818181818182,96.36363636363636,1,5186.697126154381,5246.314170689095,0.011494221290479611,1.0009997588679962,1.0,750.0,300.0,29.03128661876308,15.302179011923227,460.0,rolled,1,24
5,0.5,71,14.181818181818182,107.27272727272728,1,5684.871516431859,5806.666237338815,0.02142435771062101,1.000998164516212,1.0,750.0,300.0,31.773720335734506,17.385139465838925,460.0,rolled,1,24
5,0.5,71,14.181818181818182,118.18181818181816,1,6186.248050426683,8252.36049766773,0.33398474008790213,1.0009936393983883,1.0,743.5919544442296,297.4032375952287,33.51139931429311,20.2837642357688,500.0,rolled,0,24
5,0.5,71,14.181818181818182,129.0909090909091,1,8947.780102569574,12029.247793688848,0.344383484595733,1.0009932147033704,1.0,735.8394780691526,294.30583273605663,34.33990478515625,20.24767057090482,620.0,rolled,0,24
5,0.5,71,14.181818181818182,140.0,0,12705.653958132376,,,,,,,,,500.0,rolled,0,24
5,0.5,71,15.0,20.0,1,2057.2483346770277,2047.742768476312,-0.004620524435718143,1.000999313836745,2.0,497.5285635027371,256.524982575753,15.456866751946501,7.82659238627934,355.0,rolled,1,24
5,0.5,71,15.0,30.909090909090907,1,2565.283454586496,2567.965918483763,0.0010456793351512061,1.0009913519696574,2.0,561.1760597071932,285.8059623330529,17.28818093870407,8.81586193470129,355.0,rolled,1,24
5,0.5,71,15.0,41.81818181818181,1,3234.6725939942403,3324.5463508745206,0.02778449882289391,1.0009960687528758,1.0,633.7136264236874,300.0,20.848340253159346,10.632834515158235,355.0,rolled,1,24
5,0.5,71,15.0,52.72727272727273,1,3765.638206814382,3851.0739815434226,0.022688258944907114,1.000994661616179,1.0,711.5038282582943,300.0,23.059929079433136,11.941879221592817,355.0,rolled,1,24
5,0.5,71,15.0,63.63636363636363,1,4414.262908667717,4427.4642571823315,0.002990612201346776,1.0009962142539428,1.0,750.0,300.0,26.07528842467107,13.465391125005908,355.0,rolled,1,24
5,0.5,71,15.0,74.54545454545453,1,5055.036012019389,5069.015739671211,0.0027655050564590056,1.0009993860294781,1.0,750.0,300.0,30.214501830126764,15.2876773325687,355.0,rolled,0,24
5,0.5,71,15.0,85.45454545454545,1,5678.659053486651,5727.084075133419,0.008527545181117313,1.0009999926137116,1.0,750.0,300.0,30.120448637078283,15.706282895572636,460.0,rolled,1,24
5,0.5,71,15.0,96.36363636363636,1,6293.677091962863,6417.844308336275,0.019728882584709506,1.0009985809750848,1.0,750.0,300.0,33.160464798874784,18.277518480026938,460.0,rolled,1,24
5,0.5,71,15.0,107.27272727272728,1,7396.103440982998,12331.49537469713,0.6672962287636934,1.0009996503635565,1.0,734.3664964792736,293.75830699330345,34.271912574768066,18.99342603632189,620.0,rolled,0,24
5,0.5,71,15.0,118.18181818181816,0,13338.283576315587,,,,,,,,,460.0,rolled,0,24
1,0.25,36,6.0,20.0,1,241.3288087904857,241.32346183816458,-2.21562951722154e-05,1.000999764494487,2.0,250.0,125.52174403636407,8.0,6.0,355.0,rolled,1,24
1,0.25,36,6.0,30.909090909090907,1,292.67799548197263,294.15575617547586,0.005049100773939941,1.00099681773328,2.0,286.7124664893299,145.02965991874265,8.771974362469482,6.0,355.0,rolled,1,24
1,0.25,36,6.0,41.81818181818181,1,342.2853688824266,344.5932925526909,0.006742688645441586,1.0009891296277067,2.0,311.4621048943291,158.5221227363508,9.84717902974024,6.0,355.0,rolled,1,24
1,0.25,36,6.0,52.72727272727273,1,386.25765574493386,393.20815897586175,0.01799447370828977,1.0009940782158895,2.0,337.379961912786,170.659133656578,10.322147524827027,6.430856146379225,355.0,rolled,1,24
1,0.25,36,6.0,63.63636363636363,1,431.68145507497405,425.91305728516085,-0.01336262589462256,1.0009927365503357,2.0,360.57909900142016,182.94708428796818,10.904379494139482,6.0,355.0,rolled,1,24
1,0.25,36,6.0,74.54545454545453,1,466.9500019446189,474.6125072077013,0.01640969104009371,1.0009941607412265,2.0,448.17029409653816,175.9038944296345,10.617713845655866,6.9699006255251525,355.0,rolled,1,24
1,0.25,36,6.0,85.45454545454545,1,518.2473353887603,504.8191383279727,-0.025910788428298526,1.0009990988938544,2.0,396.1638722644287,201.0017372934942,11.980509178159867,6.238554382427651,355.0,rolled,1,24
1,0.25,36,6.0,96.36363636363636,1,549.7256874002802,544.1795670187415,-0.010088887073418262,1.0009988482480197,2.0,411.3183431870035,208.69066401412184,12.438800028711931,6.477198028671843,355.0,rolled,1,24
1,0.25,36,6.0,107.27272727272728,1,586.6560772595034,588.7258051896736,0.0035280090165241695,1.0009941014366286,2.0,499.15522174935774,195.31026526669146,11.803408754943852,7.809956639318789,355.0,rolled,1,24
1,0.25,36,6.0,118.18181818181816,1,628.4217050081675,623.6546257269845,-0.0075857966763274165,1.0009961327605008,2.0,513.7491974876476,201.02061977876406,12.14850914354655,8.038299072183381,355.0,rolled,1,24
1,0.25,36,6.0,129.0909090909091,1,657.4964976148059,659.3189220860276,0.002771763009891126,1.0009936168176408,2.0,514.310542212137,206.62250082787543,13.138173975632277,7.978084712719823,355.0,rolled,1,24
1,0.25,36,6.0,140.0,1,697.879425726456,690.3792067277495,-0.010747155915793227,1.0009903257798063,2.0,540.533896951233,211.50098045492325,12.781880772994862,8.45738181897838,355.0,rolled,1,24
1,0.25,36,6.818181818181818,20.0,1,317.0885192434045,317.1968229422078,0.00034155667023738623,1.0009966663756735,2.0,279.7374903635466,141.02959821826747,8.4002252111392,6.0,355.0,rolled,1,24
1,0.25,36,6.818181818181818,30.909090909090907,1,392.6423822212096,393.3237445447443,0.0017353254625243064,1.000995297610508,2.0,312.30495473639195,158.9511005927649,9.873826551732671,6.0,355.0,rolled,1,24
1,0.25,36,6.818181818181818,41.81818181818181,1,455.0251859822217,457.97792473417877,0.00648917651796177,1.000996368163047,2.0,342.44535022490527,174.29139206922972,10.82674462985091,6.0,355.0,rolled,1,24
1,0.25,36,6.818181818181818,52.72727272727273,1,519.9507333014534,518.8205675853153,-0.0021736015429040245,1.0009934142524235,2.0,367.92027386038416,187.25713945160436,11.632159252899935,6.091416486218187,355.0,rolled,1,24
1,0.25,36,6.818181818181818,63.63636363636363,1,570.1996303697795,570.7750013251226,0.0010090693236157744,1.0009922919777186,2.0,395.1670913543724,200.4960003784214,11.950365230976383,6.222857666118797,355.0,rolled,1,24
1,0.25,36,6.818181818181818,74.54545454545453,1,645.0378754655677,628.8609512547994,-0.02507902997028255,1.0009995134322915,2.0,414.78745470074256,210.45078776579243,12.543710459067048,6.53182754527431,355.0,rolled,1,24
1,0.25,36,6.818181818181818,85.45454545454545,1,698.212152166206,699.9820073819184,0.0025348387452457377,1.0009999242372365,2.0,510.5734788266821,200.3967342350316,12.096123207565842,7.940388857375037,355.0,rolled,1,24
1,0.25,36,6.818181818181818,96.36363636363636,1,733.8166260116295,750.6425685803139,0.022929355880276336,1.000995552924404,2.0,528.7269022368113,207.52183359376772,12.52620047423596,8.222709124577815,355.0,rolled,1,24
1,0.25,36,6.818181818181818,107.27272727272728,1,798.4291807439346,802.5960712212147,0.005218860454721419,1.0009933327255685,2.0,532.3135329437886,213.85514076435297,13.598064265449775,8.257350590727402,355.0,rolled,1,24
1,0.25,36,6.818181818181818,118.18181818181816,1,852.2289524013323,850.042864984796,-0.00256514098749705,1.0009991427572613,2.0,547.8219200964968,220.0855822472689,13.994229367602593,8.497919695007845,355.0,rolled,0,24
1,0.25,36,6.818181818181818,129.0909090909091,1,896.311601431932,893.8359324187858,-0.0027620628910650646,1.0009969561392118,2.0,576.9648068935004,225.75572602243338,13.643354123621355,9.02739253825501,355.0,rolled,1,24
1,0.25,36,6.818181818181818,140.0,1,931.1411275891702,940.6776109151583,0.010241716366539588,1.0009932998988142,2.0,576.2877610647358,231.52163647187805,14.721395428393052,8.939487331725173,355.0,rolled,1,24
1,0.25,36,7.636363636363637,20.0,1,409.6201332461394,408.70449674755,-0.002235330796201751,1.0009936591593636,2.0,305.1671277211883,153.8499446606541,9.163850710760917,6.0,355.0,rolled,1,24
1,0.25,36,7.636363636363637,30.909090909090907,1,501.774525145321,506.9031607462793,0.010220996371772761,1.0009932456163197,2.0,340.0157717028985,173.05483089979361,10.749931128956062,6.0,355.0,rolled,1,24
1,0.25,36,7.636363636363637,41.81818181818181,1,593.9298338756057,592.778269617962,-0.0019388893973035781,1.0009939470541906,2.0,369.6020415963652,189.4198874015687,11.907706152690153,6.0,355.0,rolled,1,24
1,0.25,36,7.636363636363637,52.72727272727273,1,675.9362632758116,681.0758949480013,0.007603722349917019,1.0009968021621218,2.0,398.32161225454615,202.73024073917105,12.593327296160274,6.5947516570535125,355.0,rolled,1,24
1,0.25,36,7.636363636363637,63.63636363636363,1,779.5020738899598,780.5796004555463,0.0013823267463668465,1.0009972392566184,2.0,519.1272403456918,199.4955670311543,11.667532690576158,8.102354706866745,355.0,rolled,1,24
1,0.25,36,7.636363636363637,74.54545454545453,1,846.6406079690952,852.2051085220287,0.006572447034263407,1.000989703209988,2.0,532.3262333089697,208.93454737974182,12.611473121404591,8.278685569741102,355.0,rolled,1,24
1,0.25,36,7.636363636363637,85.45454545454545,1,921.2774310054268,921.6246924284914,0.0003769346902220416,1.000992757378701,2.0,564.082037922221,216.77126003337168,12.677904579312168,8.80399331765874,355.0,rolled,1,24
1,0.25,36,7.636363636363637,96.36363636363636,1,990.3158107657674,987.3156530140761,-0.0030294959638899055,1.0009956557714421,2.0,572.9725464161364,224.88795808977164,13.574435029272284,8.910813059855178,355.0,rolled,1,24
1,0.25,36,7.636363636363637,107.27272727272728,1,1055.0870687226268,1050.859734355859,-0.004006621341578698,1.0009935052050465,2.0,591.1234362012256,232.0120630173341,14.00445227120176,9.193093924368881,355.0,rolled,1,24
1,0.25,36,7.636363636363637,118.18181818181816,1,1088.4839809208006,1110.5214512927798,0.020246021768126177,1.0009998788792553,2.0,578.6122862432254,250.2831264883812,14.723849266092179,9.046021665848198,355.0,rolled,1,24
1,0.25,36,7.636363636363637,129.0909090909091,1,1173.7978050697595,1170.8691977455715,-0.0024949844952334432,1.0009947835746245,2.0,594.1257366344798,256.9935869449941,15.118617421882446,9.288558873729672,355.0,rolled,1,24
1,0.25,36,7.636363636363637,140.0,1,1251.7374258469372,1234.8466915358797,-0.013493831823099045,1.0009945822833448,2.0,623.9021791049438,250.65056602602615,15.937716029697603,9.678091403572001,355.0,rolled,1,24
1,0.25,36,8.454545454545455,20.0,1,516.1523336674153,513.812236169096,-0.004533734220849572,1.0009889230044267,2.0,329.9100250912382,166.3240712795747,9.906854124477135,6.0,355.0,rolled,1,24
1,0.25,36,8.454545454545455,30.909090909090907,1,633.218032838701,640.2771120785587,0.01114794411051756,1.0009949472906674,2.0,359.2820407683287,190.00329640851098,11.585259374306968,6.017844626584251,355.0,rolled,1,24
1,0.25,36,8.454545454545455,41.81818181818181,1,757.3789000305048,759.6625544156846,0.0030152072959621634,1.0009926471671549,2.0,399.80170765901704,203.4835518536922,12.640121959780318,6.61925663323591,355.0,rolled,1,24
1,0.25,36,8.454545454545455,52.72727272727273,1,897.7427828478864,867.7614113383383,-0.033396393802731406,1.000990881034075,2.0,425.2630896926153,217.94600002125796,13.700973857647057,6.876238398217831,355.0,rolled,1,24
1,0.25,36,8.454545454545455,63.63636363636363,1,969.5859503873623,1001.3147643867622,0.03272408597373322,1.0009948620707219,2.0,558.7900938555429,214.7376172186041,12.55896662808165,8.721398522809267,355.0,rolled,1,24
1,0.25,36,8.454545454545455,74.54545454545453,1,1093.1775012217977,1084.1554220889445,-0.008253077951905885,1.0009960476282362,2.0,535.1478731510646,235.24709547392962,14.177183118090248,8.305456424835377,355.0,rolled,1,24
1,0.25,36,8.454545454545455,85.45454545454545,1,1181.2789978646645,1180.4441780715908,-0.0007067084021494807,1.0009946526150295,2.0,606.7169327462873,233.15543689254946,13.63613599245823,9.469423705254096,355.0,rolled,1,24
1,0.25,36,8.454545454545455,96.36363636363636,1,1257.923897819336,1227.6188724296205,-0.0240913026950601,1.000993658495125,2.0,519.1711757102522,264.2593001988204,15.91723817997661,8.016068241108819,355.0,rolled,1,24
1,0.25,36,8.454545454545455,107.27272727272728,1,1345.9822136266182,1339.3531526502886,-0.004925073235899746,1.0009914830256308,2.0,603.9067670760031,261.2244457383268,15.367513653974397,9.441475456028353,355.0,rolled,0,24
1,0.25,36,8.454545454545455,118.18181818181816,1,1418.3994702060834,1431.6635147884426,0.009351416763030862,1.0009999007852295,2.0,648.7103618948169,259.7203826210395,15.242851361663556,10.431317777202548,355.0,rolled,1,24
1,0.25,36,8.454545454545455,129.0909090909091,1,1503.943042662674,1494.9904586803177,-0.0059527413794249195,1.0009960106676281,2.0,638.0306681899144,275.98499759978506,16.2358588106845,9.974968359893072,355.0,rolled,1,24
1,0.25,36,8.454545454545455,140.0,1,1589.050557323039,1569.395612063374,-0.012368986731785325,1.0009942189109695,2.0,653.715166595798,282.76944617054426,16.63497959645609,10.220179731602423,355.0,rolled,1,24
1,0.25,36,9.272727272727272,20.0,1,633.3700898588271,639.7601024368488,0.010088908018131892,1.0009916789870144,2.0,340.0847056411608,179.85094660382697,10.966230083925193,6.0,355.0,rolled,1,24
1,0.25,36,9.272727272727272,30.909090909090907,1,801.8071464602682,804.1727393695966,0.002950326546441673,1.0009921247044382,2.0,388.94114502535047,197.49507742070267,12.754257907147421,6.383507352877184,355.0,rolled,1,24
1,0.25,36,9.272727272727272,41.81818181818181,1,962.5021253931346,947.2562205547309,-0.015839866153206206,1.0009888393878597,2.0,424.2605442873969,217.4321986446443,13.668674208980322,6.860027865541924,355.0,rolled,1,24
1,0.25,36,9.272727272727272,52.72727272727273,1,1070.6846994207378,1084.3380773789695,0.01275200623079642,1.0009946872201672,2.0,457.0202296424998,236.19982353240823,14.046377065067583,7.660155812883459,355.0,rolled,1,24
1,0.25,36,9.272727272727272,63.63636363636363,1,1216.7126656588257,1239.6922946419609,0.018886652232466217,1.0009976926002655,2.0,546.4197270030933,240.20212007990028,14.475798032131872,8.480394784290858,355.0,rolled,1,24
1,0.25,36,9.272727272727272,74.54545454545453,1,1356.4151141978043,1303.1953161191243,-0.039235627442971044,1.0009911888237517,2.0,512.8367867198375,262.20717987264044,15.523592389203891,7.851549973778851,355.0,rolled,1,24
1,0.25,36,9.272727272727272,85.45454545454545,1,1422.5235716023028,1421.630242688424,-0.0006279888303520886,1.0009904972279429,2.0,533.4743090879505,271.5396273700469,16.355757095017182,8.236910419144719,355.0,rolled,1,24
1,0.25,36,9.272727272727272,96.36363636363636,1,1530.0841209322955,1524.1074704041137,-0.003906092773866665,1.000998653180101,2.0,554.602995653615,283.56173192914105,16.787857394991175,8.49099216113892,355.0,rolled,1,24
1,0.25,36,9.272727272727272,107.27272727272728,1,1647.0835657255905,1692.1849384257164,0.027382564940023224,1.0009991760245804,2.0,673.4349587527784,269.6192252067263,15.823809177386048,10.82889139693831,355.0,rolled,1,24
1,0.25,36,9.272727272727272,118.18181818181816,1,1794.0191544704012,1769.4334409811095,-0.013704264766643215,1.000991977948803,2.0,677.1225033558165,281.6246011672393,16.75239211459129,10.49328737449904,355.0,rolled,1,24
1,0.25,36,9.272727272727272,129.0909090909091,1,1876.6125693849333,1884.3349447388,0.004115061083917793,1.0009908707678041,2.0,710.6418763545649,284.5155417191676,16.698066084541253,11.4271817955698,355.0,rolled,1,24
1,0.25,36,9.272727272727272,140.0,1,1975.8458780810136,1976.174713915468,0.00016642787684117977,1.0009986296262963,2.0,727.7536859235313,291.3664970755904,17.100145017005012,11.70234114840561,355.0,rolled,1,24
1,0.25,36,10.09090909090909,20.0,1,771.2799576046779,780.8642506409692,0.012426477496001231,1.000998697961633,2.0,376.82429257396586,189.97588957963478,11.315640669170795,6.397181150787622,355.0,rolled,1,24
1,0.25,36,10.09090909090909,30.909090909090907,1,964.7090665866748,988.945135229714,0.025122671158042564,1.0009973182415517,2.0,413.46039069401036,209.94536812294658,13.558299307617956,6.785930153896837,355.0,rolled,1,24
1,0.25,36,10.09090909090909,41.81818181818181,1,1147.2574547707825,1171.526106593401,0.021153623122429188,1.0009976987451232,2.0,450.0116913563547,228.50525063079124,14.756898945254244,7.385829391916749,355.0,rolled,1,24
1,0.25,36,10.09090909090909,52.72727272727273,1,1318.1429375417918,1318.411582649538,0.0002038057482955935,1.0009899492058665,2.0,485.9126926299863,251.95197835813048,14.856123133089266,7.8883881211922,355.0,rolled,1,24
1,0.25,36,10.09090909090909,63.63636363636363,1,1473.4968374975142,1485.5802163416836,0.008200478302139436,1.0009903000760831,2.0,512.7902038356108,265.02318234329533,15.760450175219198,8.594921200257883,355.0,rolled,1,24
1,0.25,36,10.09090909090909,74.54545454545453,1,1593.8205978972342,1619.330055399096,0.01600522513984126,1.0009967220685823,2.0,538.5182513898794,279.2286369085641,16.46446691639736,8.74239558204734,355.0,rolled,1,24
1,0.25,36,10.09090909090909,85.45454545454545,1,1744.078619322344,1800.9570818635575,0.03261232716866491,1.0009953970274783,2.0,645.0182701418339,275.50010786033044,16.29323175718741,10.065195221458076,355.0,rolled,1,24
1,0.25,36,10.09090909090909,96.36363636363636,1,1930.113776773892,1872.3563031359745,-0.029924388050561856,1.0009940678120341,2.0,586.8850244608211,298.72580204209817,17.993273039136902,9.061578581142827,355.0,rolled,1,24
1,0.25,36,10.09090909090909,107.27272727272728,1,2067.605711285596,2051.658788249301,-0.007712748590919527,1.0009963754341742,2.0,698.9422533280296,290.6997365423581,17.29222501863048,10.831425459946532,355.0,rolled,1,24
1,0.25,36,10.09090909090909,118.18181818181816,1,2170.353625378734,2196.3274741298246,0.011967565307039907,1.0009978656592988,2.0,735.4597136885211,294.45171445020674,17.281214786674635,11.826254730087522,355.0,rolled,1,24
1,0.25,36,10.09090909090909,129.0909090909091,1,2307.5736162550616,2295.7883730749736,-0.005107201389836558,1.0009997207484966,2.0,746.8358743811863,300.0,18.477140179024307,11.573627242674824,355.0,rolled,1,24
1,0.25,36,10.09090909090909,140.0,1,2443.406284429296,2480.76031850143,0.015287688465964067,1.0009991280533017,1.0,750.0,300.0,19.963555756329537,12.504681488773231,355.0,rolled,1,24
1,0.25,36,10.90909090909091,20.0,1,939.0466900997784,924.6700646375018,-0.015309808994427132,1.000993588919506,2.0,387.9329192276689,204.935493031553,12.118824525176821,6.115219784335741,355.0,rolled,1,24
1,0.25,36,10.90909090909091,30.909090909090907,1,1197.1649157491154,1192.6272074435433,-0.003790378623593993,1.0009990950478247,2.0,431.67284321485056,228.28656563366434,13.919543105449428,7.230364463605078,355.0,rolled,1,24
1,0.25,36,10.90909090909091,41.81818181818181,1,1403.509472950396,1392.8564793191324,-0.007590254171116695,1.000994277909258,2.0,476.20115055243616,249.90978605023696,14.82523136572778,7.664107472055046,355.0,rolled,1,24
1,0.25,36,10.90909090909091,52.72727272727273,1,1588.7457907355176,1591.7939302624657,0.0019185822834104638,1.000994977046645,2.0,513.5077791899598,266.2603855209857,15.699805568269854,8.336371383050983,355.0,rolled,1,24
1,0.25,36,10.90909090909091,63.63636363636363,1,1789.9941201560932,1777.1919264895253,-0.007152086994258733,1.0009952717163015,2.0,542.5887324154706,281.33923365325114,16.588916366358806,8.808476453481303,355.0,rolled,1,24
1,0.25,36,10.90909090909091,74.54545454545453,1,1942.2808212955651,1952.5105110361153,0.00526684382010556,1.000993150831076,2.0,568.7223493293408,294.88985001493774,17.387916344490847,9.232733972072491,355.0,rolled,1,24
1,0.25,36,10.90909090909091,85.45454545454545,1,2177.190622234541,2176.7177879040055,-0.00021717635824203274,1.0009975703653315,2.0,682.0123892768212,291.3010305375219,17.22770723582278,10.642470390822886,355.0,rolled,1,24
1,0.25,36,10.90909090909091,96.36363636363636,1,2344.698716886334,2333.8709782297924,-0.004617965872783958,1.0009930047733349,2.0,707.8170683226942,300.0,17.879536239087752,11.04513981004208,355.0,rolled,1,24
1,0.25,36,10.90909090909091,107.27272727272728,1,2499.121791022924,2567.3818842086366,0.027313632105049557,1.0009923544747454,2.0,711.0965148117192,284.26819832667474,22.1101662122712,11.090956204600618,355.0,rolled,1,24
1,0.25,36,10.90909090909091,118.18181818181816,1,2669.547168301596,2713.928014173545,0.016624859226662236,1.0009997965694932,2.0,731.109582051987,292.26862927926896,22.732433701821254,11.403099560190412,355.0,rolled,1,24
1,0.25,36,10.90909090909091,129.0909090909091,1,2855.841135487434,2989.953817716381,0.04696083425734976,1.0009987093815629,1.0,750.0,300.0,22.319681204321665,13.980500658181137,355.0,rolled,1,24
1,0.25,36,10.90909090909091,140.0,1,3078.8301843712,3091.8776907426727,0.004237812932231355,1.0009989021266297,1.0,750.0,300.0,25.288820899965295,12.685440822775828,355.0,rolled,0,24
1,0.25,36,11.727272727272728,20.0,1,1117.8784812198996,1105.9400576706971,-0.010679536058494143,1.0009935675523551,2.0,409.18979849374153,216.1649835356785,12.782878481441406,6.450304749282568,355.0,rolled,1,24
1,0.25,36,11.727272727272728,30.909090909090907,1,1399.1707585826318,1429.7985880297583,0.021889986807723583,1.0009924746875243,2.0,461.160262401043,234.16623026681665,15.122485749887224,7.568805624048741,355.0,rolled,1,24
1,0.25,36,11.727272727272728,41.81818181818181,1,1658.320920880548,1660.7746628150817,0.0014796544526680666,1.0009904263049734,2.0,501.5201412042552,263.19716162558706,15.613469474611945,8.071598015104733,355.0,rolled,1,24
1,0.25,36,11.727272727272728,52.72727272727273,1,1896.895430152976,1945.0625655162485,0.025392615005344954,1.0009917194810947,1.0,535.1068917113327,268.2808167897829,17.856953171579203,8.991279053298948,355.0,rolled,1,24
1,0.25,36,11.727272727272728,63.63636363636363,1,2122.483987052358,2168.059129968103,0.021472549707684196,1.0009924904095258,1.0,564.9490958018367,283.2424833506516,18.852811848107542,9.492710802168983,355.0,rolled,1,24
1,0.25,36,11.727272727272728,74.54545454545453,1,2414.680044837911,2427.751164697939,0.005413189166809884,1.0009995081812915,2.0,700.7185796496603,285.5940412067126,18.13908692616409,10.840270468104167,355.0,rolled,1,24
1,0.25,36,11.727272727272728,85.45454545454545,1,2607.2244497923484,2756.0178873683703,0.05706966946703518,1.0009974258712435,1.0,690.8432169296668,276.3391773702142,22.763544370077344,11.401339700850082,355.0,rolled,1,24
1,0.25,36,11.727272727272728,96.36363636363636,1,2809.399526814627,2947.6991742096247,0.04922747586271781,1.0009999452890803,1.0,714.4635246030607,285.7873650801639,23.541842410185218,11.791157744978575,355.0,rolled,0,24
1,0.25,36,11.727272727272728,107.27272727272728,1,3054.1802093068686,3226.104651072643,0.05629151850368119,1.0009916220742112,2.0,707.1665967140901,285.06774547282555,22.2590425514514,12.278334789361233,460.0,rolled,0,24
1,0.25,36,11.727272727272728,118.18181818181816,1,3357.8991517305085,3431.3282258107506,0.0218675638434227,1.0009972810759464,2.0,713.8493926399285,285.5408944816525,24.450699258601226,12.31436339605942,460.0,rolled,0,24
1,0.25,36,11.727272727272728,129.0909090909091,1,3564.383823711408,3652.224228522087,0.024643924211061874,1.0009998187003872,1.0,750.0,300.0,27.863564110613343,13.976989873707044,355.0,rolled,0,24
1,0.25,36,11.727272727272728,140.0,1,3755.070343632353,4008.849140995186,0.06758296759824423,1.0009927552583247,1.0,714.0030376824986,285.60300317055277,28.739752984367556,14.41496728054921,460.0,rolled,1,24
1,0.25,36,12.545454545454549,20.0,1,1307.1994834284806,1324.8626336975876,0.013512207197925674,1.0009973132432242,2.0,430.7421113156288,225.91988153015646,13.48138602616642,7.103362399478805,355.0,rolled,1,24
1,0.25,36,12.545454545454549,30.909090909090907,1,1673.5520688887286,1644.1453192144877,-0.017571457871500606,1.0009939627293438,2.0,492.4129989294781,252.49837384809314,14.989927363164984,7.674532413647397,355.0,rolled,1,24
1,0.25,36,12.545454545454549,41.81818181818181,1,1957.4303873162305,2028.4821179420778,0.03629847124385566,1.000992124255911,2.0,534.1235076143411,267.3735924104783,16.63451693008926,9.628958642502338,355.0,rolled,1,24
1,0.25,36,12.545454545454549,52.72727272727273,1,2222.5772160497027,2308.650614660463,0.038726842869262645,1.0009997808257574,2.0,569.816744326085,285.24104963399986,17.746132018934762,10.272421615419429,355.0,rolled,1,24
1,0.25,36,12.545454545454549,63.63636363636363,1,2552.3230156844406,2627.9007856805783,0.029611365619359287,1.0009902376758055,2.0,704.8575269186031,287.28096476091577,18.24622940315064,10.904300892231056,355.0,rolled,1,24
1,0.25,36,12.545454545454549,74.54545454545453,1,2864.0220557743514,2971.755583532177,0.03761616553916425,1.0009984734667694,1.0,661.261418344383,300.0,22.06683256084406,11.111024790766464,355.0,rolled,1,24
1,0.25,36,12.545454545454549,85.45454545454545,1,3136.2352005841685,3250.017708388829,0.03627996643346987,1.0009909268294515,1.0,725.3316985098321,290.13466438529616,23.899952836524825,11.970520789447217,355.0,rolled,1,24
1,0.25,36,12.545454545454549,96.36363636363636,1,3474.753399293351,3602.104367890057,0.03665036161202262,1.0009963796072556,2.0,722.4635997757309,291.2341597174111,22.740536790066308,12.543932352562663,460.0,rolled,0,24
1,0.25,36,12.545454545454549,107.27272727272728,1,3810.945853911128,3848.663852462866,0.00989728009728319,1.0009967278574006,2.0,730.9467936223209,292.3798821170826,25.036317757173027,12.609304613347144,460.0,rolled,1,24
1,0.25,36,12.545454545454549,118.18181818181816,1,4051.8868674716473,4140.64285742175,0.02190485392438557,1.0009996301531812,1.0,750.0,300.0,25.34899753091791,13.982788232686438,460.0,rolled,1,24
1,0.25,36,12.545454545454549,129.0909090909091,1,4389.083655555064,4528.009056435505,0.03165248415910438,1.000993570342875,1.0,733.6672921873295,293.4687542182215,29.531270369118353,14.811967811812464,460.0,rolled,1,24
1,0.25,36,12.545454545454549,140.0,1,4731.036754406592,4734.93138692158,0.0008232091013371523,1.0009968467205594,1.0,750.0,300.0,30.162018142170865,15.190815126915826,460.0,rolled,1,24
1,0.25,36,13.363636363636363,20.0,1,1553.9456704912225,1550.0117475161412,-0.0025315704723690713,1.0009956116527963,2.0,451.41946049576495,236.76494207663046,14.128546633342319,7.444352288390426,355.0,rolled,1,24
1,0.25,36,13.363636363636363,30.909090909090907,1,2055.764041961098,1920.898402198531,-0.06560365733117501,1.0009981450567766,2.0,515.6944795748672,264.4365964712098,15.698657036305264,8.03738733063616,355.0,rolled,1,24
1,0.25,36,13.363636363636363,41.81818181818181,1,2295.1327804460216,2283.7587650357614,-0.004955711280481889,1.0009958100961167,2.0,550.9273403318975,289.12599978359344,17.151628627209845,8.866770566805194,355.0,rolled,1,24
1,0.25,36,13.363636363636363,52.72727272727273,1,2698.233573079863,2831.6686509816645,0.04945275280578976,1.0009948257331045,2.0,682.8985133588372,273.1888299159517,20.6090567141811,10.467675884748013,355.0,rolled,1,24
1,0.25,36,13.363636363636363,63.63636363636363,1,3099.504449257762,3129.999846731154,0.009838797773203511,1.0009950085254615,2.0,717.9713409906647,287.21947217852767,21.667512516399576,11.005282842194545,355.0,rolled,1,24
1,0.25,36,13.363636363636363,74.54545454545453,1,3409.0278837627866,3538.112751889116,0.0378655946879054,1.0009979074494533,1.0,750.0,300.0,21.979874054224908,13.135599414267222,355.0,rolled,1,24
1,0.25,36,13.363636363636363,85.45454545454545,1,3859.8972334468967,3859.49820275794,-0.00010337857844999743,1.0009996564510255,1.0,750.0,300.0,25.797506808148288,12.920928910408167,355.0,rolled,1,24
1,0.25,36,13.363636363636363,96.36363636363636,1,4245.414696419247,4378.124527387117,0.03125956837144872,1.0009966293790307,1.0,729.1419676816286,291.6580200951345,26.901455516773343,13.491116923773362,460.0,rolled,1,24
1,0.25,36,13.363636363636363,107.27272727272728,1,4631.739739142465,4739.906124730942,0.02335329523685714,1.0009988075818708,1.0,750.0,300.0,27.300725560154333,15.059383063993883,460.0,rolled,1,24
1,0.25,36,13.363636363636363,118.18181818181816,1,5063.816158705762,5050.00427079581,-0.002727565037329849,1.00099906673439,1.0,750.0,300.0,30.249439428069998,15.170135457846825,460.0,rolled,1,24
1,0.25,36,13.363636363636363,129.0909090909091,1,5459.024045280959,10430.621124391713,0.9107117019219653,1.0009910436278828,1.0,702.8596128299422,281.14383963797655,32.79980170132,19.955707047910053,620.0,rolled,0,24
1,0.25,36,13.363636363636363,140.0,1,5943.747564514266,10895.85100048574,0.8331618027550214,1.000994745807384,1.0,717.4658496742919,286.9863342615447,33.48141957116494,20.370409754137043,620.0,rolled,0,24
1,0.25,36,14.181818181818182,20.0,1,1796.9028968466985,1772.5917017495349,-0.013529498527620087,1.0009921872250158,2.0,471.0813547451668,248.8607821292289,14.716338810857133,7.425938552223438,355.0,rolled,1,24
1,0.25,36,14.181818181818182,30.909090909090907,1,2224.07150895444,2240.083793794405,0.007199536874375356,1.0009954877202518,2.0,529.660653305549,277.9652682343594,16.489548001864062,8.524498871838873,355.0,rolled,1,24
1,0.25,36,14.181818181818182,41.81818181818181,1,2615.0382292659383,2816.0602456668007,0.07687154021350229,1.0009990438403826,2.0,605.583989102664,300.0,18.853215157947783,9.746429151744696,355.0,rolled,1,24
1,0.25,36,14.181818181818182,52.72727272727273,1,3202.0654799770145,3360.346758792574,0.04943099377739624,1.0009970113335256,1.0,669.8691457006157,300.0,20.86212174946433,12.076125105687854,355.0,rolled,1,24
1,0.25,36,14.181818181818182,63.63636363636363,1,3623.765744949169,3794.7367505033526,0.047180479530853914,1.000998850627111,1.0,731.2009938366314,300.0,22.77221492384837,13.181790407347519,355.0,rolled,1,24
1,0.25,36,14.181818181818182,74.54545454545453,1,4194.266016339479,4190.8828250726765,-0.0008066229594458907,1.0009981432934676,1.0,750.0,300.0,26.273471182173832,13.344724337287111,355.0,rolled,1,24
1,0.25,36,14.181818181818182,85.45454545454545,1,4665.282330709234,4766.576567388432,0.021712348685186234,1.000998851115929,1.0,738.5292420982056,295.4129457362053,27.24779595023411,13.664807127276895,460.0,rolled,1,24
1,0.25,36,14.181818181818182,96.36363636363636,1,5186.697126154381,5182.598573188331,-0.0007902048001574569,1.0009986061906497,1.0,750.0,300.0,29.22082021522065,14.654281508534021,460.0,rolled,1,24
1,0.25,36,14.181818181818182,107.27272727272728,1,5684.871516431859,5874.699429604677,0.03339176841976621,1.0009892361202621,1.0,730.8646261733979,292.345580898351,34.10718274478191,17.232809571781086,460.0,rolled,1,24
1,0.25,36,14.181818181818182,118.18181818181816,1,6186.248050426683,6185.934730787154,-5.0647765329703276e-05,1.0009996144590971,1.0,750.0,300.0,35.0,17.680871351008612,460.0,rolled,1,24
1,0.25,36,14.181818181818182,129.0909090909091,1,8947.780102569574,12163.42957878001,0.35937958234880885,1.0009913142200173,1.0,734.7736073335433,293.90943718995675,34.28910720715279,20.861814488737735,620.0,rolled,0,24
1,0.25,36,14.181818181818182,140.0,0,12705.653958132376,,,,,,,,,460.0,rolled,0,24
1,0.25,36,15.0,20.0,1,2057.2483346770277,2066.254431274102,0.0043777391602497495,1.0009875211810175,2.0,491.95046656789776,258.0230448939903,15.397087889311901,8.112748567701203,355.0,rolled,1,24
1,0.25,36,15.0,30.909090909090907,1,2565.283454586496,2554.5081375870377,-0.004200439128936528,1.0009943679525877,2.0,561.3201405063069,287.8324150543478,17.08758329281261,8.748488813484235,355.0,rolled,1,24
1,0.25,36,15.0,41.81818181818181,1,3234.6725939942403,3251.8914016260564,0.005323199529926548,1.0009990992871876,2.0,658.9941736115061,300.0,20.06095455778199,10.270793331576124,355.0,rolled,1,24
1,0.25,36,15.0,52.72727272727273,1,3765.638206814382,3768.4473831678806,0.0007460027223047394,1.000996782637332,2.0,743.5888586956883,297.46758306218567,22.440618424424812,11.397955936457198,355.0,rolled,1,24
1,0.25,36,15.0,63.63636363636363,1,4414.262908667717,4410.094742753365,-0.0009442495838133391,1.000999390635823,1.0,750.0,300.0,26.135866100453974,13.274832472971623,355.0,rolled,1,24
1,0.25,36,15.0,74.54545454545453,1,5055.036012019389,5073.468764286469,0.003646413640427504,1.0009997182112633,1.0,750.0,300.0,30.197827563810733,15.337968920429589,355.0,rolled,0,24
1,0.25,36,15.0,85.45454545454545,1,5678.659053486651,5715.749520385045,0.006531553761027542,1.0009971506055635,1.0,750.0,300.0,34.16566953404309,17.353300542944492,355.0,rolled,0,24
1,0.25,36,15.0,96.36363636363636,1,6293.677091962863,6375.455033566163,0.012993666565406015,1.000995650363769,1.0,740.3209464676917,296.12810552821355,34.5484798507307,17.455776946374847,460.0,rolled,1,24
1,0.25,36,15.0,107.27272727272728,1,7396.103440982998,7396.090247342432,-1.783863715743017e-06,1.0009995352659808,1.0,750.0,300.0,35.0,24.014195057167875,460.0,rolled,1,24
1,0.25,36,15.0,118.18181818181816,0,13338.283576315587,,,,,,,,,460.0,rolled,0,24
3,0.25,36,6.0,20.0,1,241.3288087904857,241.32381063093695,-2.0710994156902807e-05,1.0009960893459624,2.0,250.0,125.52205228506185,8.0,6.0,355.0,rolled,1,24
3,0.25,36,6.0,30.909090909090907,1,292.67799548197263,295.21225741893863,0.008658874176012743,1.0009990614981452,2.0,284.81715793868227,144.70352049501497,8.887446203502828,6.0,355.0,rolled,1,24
3,0.25,36,6.0,41.81818181818181,1,342.2853688824266,343.91228291471253,0.004753092536785575,1.0009895109276605,2.0,312.14498633143137,159.00657098149733,9.771143868838436,6.0,355.0,rolled,1,24
3,0.25,36,6.0,52.72727272727273,1,386.25765574493386,386.43277431461314,0.00045337242401455313,1.0009990516069818,2.0,338.2156535026359,171.46168755489862,10.379805288678293,6.0,355.0,rolled,1,24
3,0.25,36,6.0,63.63636363636363,1,431.68145507497405,439.51796515110925,0.01815345547974534,1.0009918571437588,2.0,376.04574699809547,183.48300649319737,11.000632623632297,6.151735303540284,355.0,rolled,1,24
3,0.25,36,6.0,74.54545454545453,1,466.9500019446189,481.9701832253941,0.03216657290550051,1.00099552429081,2.0,424.6063307612442,181.63014654985642,10.98034619382615,7.019578898508234,355.0,rolled,1,24
3,0.25,36,6.0,85.45454545454545,1,518.2473353887603,517.1017254694502,-0.0022105466658129957,1.0009941416848822,2.0,422.4758999348314,196.52978834635022,11.88154176580905,6.625665635146724,355.0,rolled,1,24
3,0.25,36,6.0,96.36363636363636,1,549.7256874002802,553.6939852689893,0.007218687355643905,1.0009941078635123,2.0,451.67567446291963,198.6672280322703,12.100161023822023,7.068244752627322,355.0,rolled,1,24
3,0.25,36,6.0,107.27272727272728,1,586.6560772595034,589.4077373449873,0.004690414353734962,1.000999992237526,2.0,476.9717595933244,201.5195273907558,12.310321129963848,7.456085555309475,355.0,rolled,1,24
3,0.25,36,6.0,118.18181818181816,1,628.4217050081675,623.9819934096914,-0.007064860368593329,1.0009943431542094,2.0,500.83181361072405,204.44822613960383,12.46732900824952,7.828050774197755,355.0,rolled,1,24
3,0.25,36,6.0,129.0909090909091,1,657.4964976148059,659.8170110888402,0.0035293168594090485,1.0009915785038346,2.0,500.40396931914836,213.44116965200618,13.20029220683645,7.795164382234358,355.0,rolled,1,24
3,0.25,36,6.0,140.0,1,697.879425726456,690.9590764006058,-0.009916253539995812,1.0009984467209505,2.0,530.1446086079573,214.1496214557439,13.062380626870548,8.284696365901826,355.0,rolled,1,24
3,0.25,36,6.818181818181818,20.0,1,317.0885192434045,318.79911173244415,0.005394684402706407,1.0009889364646467,2.0,274.8919707688115,141.11282387730284,8.576421248923392,6.0,355.0,rolled,1,24
3,0.25,36,6.818181818181818,30.909090909090907,1,392.6423822212096,392.80740310485487,0.00042028291167084397,1.0009958804787298,2.0,312.86735092266275,159.18361973404876,9.826853224567216,6.0,355.0,rolled,1,24
3,0.25,36,6.818181818181818,41.81818181818181,1,455.0251859822217,457.20678548171236,0.004794458783158095,1.000996929395607,2.0,343.2285441006411,174.5609679134212,10.767027492667525,6.0,355.0,rolled,1,24
3,0.25,36,6.818181818181818,52.72727272727273,1,519.9507333014534,520.7939737944657,0.0016217699851255318,1.0009944369943582,2.0,369.8805591722506,187.68732514715478,11.418928473720783,6.322081232376434,355.0,rolled,1,24
3,0.25,36,6.818181818181818,63.63636363636363,1,570.1996303697795,588.1224740116146,0.03143257674546729,1.0009929395054624,2.0,441.3354916994097,192.79487511855322,11.4880311318172,6.9044260948902885,355.0,rolled,1,24
3,0.25,36,6.818181818181818,74.54545454545453,1,645.0378754655677,644.8435053696115,-0.0003013312913072719,1.0009996825509617,2.0,462.93815670605017,201.53658236322315,12.023602556031882,7.240079735041154,355.0,rolled,1,24
3,0.25,36,6.818181818181818,85.45454545454545,1,698.212152166206,699.9494250637268,0.002488173389894266,1.0009977070437786,2.0,481.14396773382646,208.40686396731903,12.685797364185474,7.508316810787363,355.0,rolled,1,24
3,0.25,36,6.818181818181818,96.36363636363636,1,733.8166260116295,751.5753662543103,0.024200514969525022,1.0009942950603739,2.0,501.98630224307294,214.3866869107054,13.128659636679552,7.825624777146406,355.0,rolled,1,24
3,0.25,36,6.818181818181818,107.27272727272728,1,798.4291807439346,801.1280752852458,0.003380255389459297,1.0009917233322077,2.0,539.5752959073416,213.9316499837345,13.23046900249332,8.395525186940407,355.0,rolled,1,24
3,0.25,36,6.818181818181818,118.18181818181816,1,852.2289524013323,848.9455724019703,-0.00385269708346625,1.0009914449795236,2.0,552.7251551875116,220.1237361313193,13.743180235792684,8.592862835696955,355.0,rolled,0,24
3,0.25,36,6.818181818181818,129.0909090909091,1,896.311601431932,892.3531055317555,-0.004416428275448414,1.0009918251754668,2.0,568.7292973372538,229.1131283088726,13.74049911501736,8.882396185773695,355.0,rolled,1,24
3,0.25,36,6.818181818181818,140.0,1,931.1411275891702,939.4770342497743,0.008952355785407873,1.000999741222462,2.0,577.5514644638299,232.8928067406776,14.519309883711864,8.983074919935051,355.0,rolled,1,24
3,0.25,36,7.636363636363637,20.0,1,409.6201332461394,410.6761429926354,0.002578022076521025,1.0009961539994041,2.0,300.2234503457769,153.9696278172694,9.330688178872771,6.0,355.0,rolled,1,24
3,0.25,36,7.636363636363637,30.909090909090907,1,501.774525145321,508.05432516402936,0.012515183023469989,1.0009992336953961,2.0,337.0969809330135,173.9175019475376,10.78493343804995,6.0,355.0,rolled,1,24
3,0.25,36,7.636363636363637,41.81818181818181,1,593.9298338756057,596.993246098158,0.00515786890610026,1.000991586137141,2.0,369.4215112800641,190.13412652338872,11.766011786773399,6.24020295408709,355.0,rolled,1,24
3,0.25,36,7.636363636363637,52.72727272727273,1,675.9362632758116,704.9041385500085,0.04285592717545428,1.0009944777388677,2.0,424.50535470860126,203.44094816766886,12.499926389388964,6.872420026205021,355.0,rolled,1,24
3,0.25,36,7.636363636363637,63.63636363636363,1,779.5020738899598,778.1914079181856,-0.0016814143485641697,1.0009921377103996,2.0,488.91422448065174,206.0115050766718,12.240088257694445,7.7569572795523225,355.0,rolled,1,24
3,0.25,36,7.636363636363637,74.54545454545453,1,846.6406079690952,850.4941071684468,0.004551517093652535,1.0009900576669892,2.0,529.2353380137954,210.57743980992151,12.576530956262758,8.237577321147423,355.0,rolled,1,24
3,0.25,36,7.636363636363637,85.45454545454545,1,921.2774310054268,914.9783940650321,-0.0068372856301497364,1.000991086191396,2.0,525.6076309753665,227.5935814495969,13.385476231052905,8.164224746142702,355.0,rolled,1,24
3,0.25,36,7.636363636363637,96.36363636363636,1,990.3158107657674,985.6290277706086,-0.00473261452983853,1.0009961608186133,2.0,568.1406090925055,227.31388087152075,13.551131943190526,8.852842611967516,355.0,rolled,1,24
3,0.25,36,7.636363636363637,107.27272727272728,1,1055.0870687226268,1050.2943764875224,-0.00454246135430969,1.0009952439912113,2.0,576.3218174344025,235.96583881069003,14.311668574815096,8.973473057731425,355.0,rolled,1,24
3,0.25,36,7.636363636363637,118.18181818181816,1,1088.4839809208006,1112.3728149659962,0.021946886186590353,1.000990685769241,2.0,590.8861083368118,243.29467265606962,14.784394964136405,9.200957169046456,355.0,rolled,1,24
3,0.25,36,7.636363636363637,129.0909090909091,1,1173.7978050697595,1174.3428661589405,0.000464356882272865,1.000999810033801,2.0,605.2696062532826,250.35094051700793,15.157434081552445,9.492441253887781,355.0,rolled,1,24
3,0.25,36,7.636363636363637,140.0,1,1251.7374258469372,1232.9078628944621,-0.015042741843190321,1.0009921606827232,2.0,620.6472801824706,256.1962103878961,15.531486356563319,9.734871658341257,355.0,rolled,1,24
3,0.25,36,8.454545454545455,20.0,1,516.1523336674153,516.367641371066,0.0004171398434273943,1.0009916496611246,2.0,325.38283632913914,166.15064143527002,10.082447416233732,6.0,355.0,rolled,1,24
3,0.25,36,8.454545454545455,30.909090909090907,1,633.218032838701,639.232658350405,0.009498506359240322,1.0009979652462377,2.0,362.51032799686607,188.240242396614,11.631895362707377,6.0,355.0,rolled,1,24
3,0.25,36,8.454545454545455,41.81818181818181,1,757.3789000305048,759.7921674779848,0.0031863410076287124,1.0009955572286637,2.0,397.56679608339044,205.31195409427363,12.561469779678074,6.622282285214087,355.0,rolled,1,24
3,0.25,36,8.454545454545455,52.72727272727273,1,897.7427828478864,868.3749164629809,-0.0327130074961367,1.0009962324491968,2.0,427.02060263909374,219.03167945766694,13.467788301440288,7.0343669018309285,355.0,rolled,1,24
3,0.25,36,8.454545454545455,63.63636363636363,1,969.5859503873623,995.7406151889217,0.026975086418187244,1.00099353061553,2.0,510.00549067021973,226.06894681607324,13.40611105369923,8.135017443565916,355.0,rolled,1,24
3,0.25,36,8.454545454545455,74.54545454545453,1,1093.1775012217977,1091.8608473418292,-0.0012044282639341874,1.000996962023914,2.0,504.8661556891263,244.9331118440353,14.622855080663225,7.975927865248332,355.0,rolled,1,24
3,0.25,36,8.454545454545455,85.45454545454545,1,1181.2789978646645,1170.7985494521374,-0.00887211948360378,1.000998873614929,2.0,570.2391091916102,242.38986155826777,14.361353658909223,8.83961987675764,355.0,rolled,1,24
3,0.25,36,8.454545454545455,96.36363636363636,1,1257.923897819336,1263.426992346042,0.004374743604319775,1.0009990765190864,2.0,546.5620090973074,264.5806212526524,15.731247658712618,8.452825743684464,355.0,rolled,1,24
3,0.25,36,8.454545454545455,107.27272727272728,1,1345.9822136266182,1342.3870674562224,-0.002671020563272508,1.0009933139530354,2.0,594.9546002171011,263.40882734011353,15.57748916982859,9.337140399379273,355.0,rolled,0,24
3,0.25,36,8.454545454545455,118.18181818181816,1,1418.3994702060834,1423.1584802965524,0.003355197312487457,1.0009910703948732,2.0,615.7484981639819,269.4689869919272,16.00093080599026,9.692217761951197,355.0,rolled,1,24
3,0.25,36,8.454545454545455,129.0909090909091,1,1503.943042662674,1498.1322701617048,-0.0038636918660706066,1.000993235459562,2.0,634.4739158572298,276.63676555799225,16.32635475902624,9.97094512093288,355.0,rolled,1,24
3,0.25,36,8.454545454545455,140.0,1,1589.050557323039,1571.5683998970433,-0.011001637012384657,1.0009961846922966,2.0,665.1225068275611,278.6362497141709,16.417195895837065,10.472664777523047,355.0,rolled,1,24
3,0.25,36,9.272727272727272,20.0,1,633.3700898588271,639.9071459470699,0.01032106850782899,1.0009878902434333,2.0,342.45333359035936,178.75437701991888,10.998599961627509,6.0,355.0,rolled,1,24
3,0.25,36,9.272727272727272,30.909090909090907,1,801.8071464602682,800.9093111155429,-0.001119764707372517,1.0009938128202,2.0,391.7774119644284,199.17223029159362,12.447857858596878,6.458177714766327,355.0,rolled,1,24
3,0.25,36,9.272727272727272,41.81818181818181,1,962.5021253931346,949.4856506846288,-0.01352358022398048,1.0009909259172463,2.0,423.1122066537848,218.56924880780204,13.57784555883066,6.950064003948956,355.0,rolled,1,24
3,0.25,36,9.272727272727272,52.72727272727273,1,1070.6846994207378,1081.2446953906883,0.009862843819159473,1.0009930266467257,2.0,456.44974251726853,235.6193762929802,14.177830471691747,7.502343401771722,355.0,rolled,1,24
3,0.25,36,9.272727272727272,63.63636363636363,1,1216.7126656588257,1242.3810395276885,0.021096495987377395,1.0009954347607697,2.0,537.1302164523877,243.79664032882818,14.474492720191508,8.48025038907049,355.0,rolled,1,24
3,0.25,36,9.272727272727272,74.54545454545453,1,1356.4151141978043,1362.7116988707219,0.004642077935441913,1.0009916806982162,2.0,545.1965605502419,260.4686363219488,15.400344452674904,8.642219059704368,355.0,rolled,1,24
3,0.25,36,9.272727272727272,85.45454545454545,1,1422.5235716023028,1468.4608498147018,0.03229280634039422,1.0009935477029621,2.0,575.3052276666308,267.5414108163721,16.052834211285685,8.92138357930002,355.0,rolled,1,24
3,0.25,36,9.272727272727272,96.36363636363636,1,1530.0841209322955,1573.2455712466485,0.02820854731049316,1.0009905870733524,2.0,604.1069873256802,276.15162619267403,16.315144840494327,9.420345703833853,355.0,rolled,1,24
3,0.25,36,9.272727272727272,107.27272727272728,1,1647.0835657255905,1679.0101820158761,0.019383725850133704,1.0009904733509651,2.0,632.5765941294445,281.2315411191815,16.72239414075071,9.94168539009101,355.0,rolled,1,24
3,0.25,36,9.272727272727272,118.18181818181816,1,1794.0191544704012,1773.2880851898926,-0.011555656598676856,1.0009991810772423,2.0,646.6413924327978,291.0273958840154,17.319157863211924,10.039175736370407,355.0,rolled,1,24
3,0.25,36,9.272727272727272,129.0909090909091,1,1876.6125693849333,1874.101707309673,-0.0013379757314975205,1.000994857144906,2.0,699.8723930160754,287.9030604604101,16.961940472370316,11.082404351045044,355.0,rolled,1,24
3,0.25,36,9.272727272727272,140.0,1,1975.8458780810136,1963.9170375586848,-0.006037333505948483,1.0009904785967714,2.0,714.2407318646987,295.71357722447374,17.437001299869696,11.269538392172324,355.0,rolled,1,24
3,0.25,36,10.09090909090909,20.0,1,771.2799576046779,776.6018714594126,0.006900106507710557,1.0009922163560903,2.0,372.57293962576966,190.0998429608302,11.49497929173325,6.175960103404994,355.0,rolled,1,24
3,0.25,36,10.09090909090909,30.909090909090907,1,964.7090665866748,986.7600307280591,0.02285763128505125,1.0009990609275863,2.0,412.7006189594278,212.87453574427,13.259731655102755,6.864695985828204,355.0,rolled,1,24
3,0.25,36,10.09090909090909,41.81818181818181,1,1147.2574547707825,1167.9552924933857,0.018041144676404386,1.000997889890274,2.0,448.3146133691233,231.49596710088318,14.533717601222387,7.372183907619238,355.0,rolled,1,24
3,0.25,36,10.09090909090909,52.72727272727273,1,1318.1429375417918,1316.4345211969437,-0.0012960782144264549,1.0009927091423778,2.0,495.59328486735365,248.14262362030863,14.744148467261969,8.047156103803774,355.0,rolled,1,24
3,0.25,36,10.09090909090909,63.63636363636363,1,1473.4968374975142,1533.9121621565494,0.04100132631546094,1.0009985425174972,2.0,543.0241300774261,266.1705333637887,15.884505811724411,8.685731055918,355.0,rolled,1,24
3,0.25,36,10.09090909090909,74.54545454545453,1,1593.8205978972342,1672.3170644984134,0.04925050329048419,1.000996563834189,2.0,569.9925465462538,278.82822236805146,16.586031481977564,8.961938379620696,355.0,rolled,1,24
3,0.25,36,10.09090909090909,85.45454545454545,1,1744.078619322344,1799.5869034187406,0.03182670980621527,1.000996831157383,2.0,605.5880359334376,286.7325049500015,17.046009388631234,9.370161505612641,355.0,rolled,1,24
3,0.25,36,10.09090909090909,96.36363636363636,1,1930.113776773892,1932.3135833024535,0.0011397289398340504,1.000998653330438,2.0,621.578210339565,298.4015406364891,17.812796809912797,9.58351825604463,355.0,rolled,1,24
3,0.25,36,10.09090909090909,107.27272727272728,1,2067.605711285596,2056.552730246277,-0.005345787632036747,1.0009980006707135,2.0,698.2421987254596,291.15288684138693,17.23443412745939,10.930039318544273,355.0,rolled,1,24
3,0.25,36,10.09090909090909,118.18181818181816,1,2170.353625378734,2201.6334458868064,0.014412315183252256,1.000994468640825,2.0,713.558619918913,291.33861139367497,18.697794928410403,11.263242247575109,355.0,rolled,1,24
3,0.25,36,10.09090909090909,129.0909090909091,1,2307.5736162550616,2309.4926628065305,0.0008316296121391176,1.0009888328748615,2.0,734.8776159491073,299.79769828953323,19.003850619505716,11.512605782112729,355.0,rolled,1,24
3,0.25,36,10.09090909090909,140.0,1,2443.406284429296,2456.4798024608554,0.0053505297562959075,1.0009999636153886,1.0,750.0,300.0,20.165351744101407,12.05352356553166,355.0,rolled,1,24
3,0.25,36,10.90909090909091,20.0,1,939.0466900997784,938.0428753642941,-0.0010689721246742723,1.0009986039882006,2.0,392.1817843101627,201.84600409936223,12.236886249637555,6.405352072354608,355.0,rolled,1,24
3,0.25,36,10.90909090909091,30.909090909090907,1,1197.1649157491154,1180.880565384343,-0.013602428663374688,1.0009986321012792,2.0,434.808411648319,229.3035426545941,13.744039569617824,7.072286650920361,355.0,rolled,1,24
3,0.25,36,10.90909090909091,41.81818181818181,1,1403.509472950396,1401.293537331367,-0.0015788533399569982,1.0009943125774536,2.0,477.1939650141708,246.71005969292148,15.062514118096777,7.752319873021887,355.0,rolled,1,24
3,0.25,36,10.90909090909091,52.72727272727273,1,1588.7457907355176,1603.3861535435358,0.009215044277939732,1.0009946824390752,2.0,510.79812585895127,263.11556430497257,16.094433242125806,8.358106487135881,355.0,rolled,1,24
3,0.25,36,10.90909090909091,63.63636363636363,1,1789.9941201560932,1869.7272327636042,0.04454378464693387,1.0009929515117302,2.0,570.694493778102,278.12871212914575,17.23379398290032,9.239723567362521,355.0,rolled,1,24
3,0.25,36,10.90909090909091,74.54545454545453,1,1942.2808212955651,2022.9748102310873,0.04154599481742127,1.0009961589493648,2.0,625.8244197618784,286.1315259781068,17.27531872269355,9.888491809017493,355.0,rolled,1,24
3,0.25,36,10.90909090909091,85.45454545454545,1,2177.190622234541,2216.134102833692,0.017887033042233824,1.000998904241482,2.0,678.3016303260656,280.83738024779046,18.427737983782027,10.73301641615797,355.0,rolled,1,24
3,0.25,36,10.90909090909091,96.36363636363636,1,2344.698716886334,2363.18995062229,0.007886400757071144,1.000995194876485,2.0,703.1682296944747,293.2107875627202,18.721743925134398,11.115521433600582,355.0,rolled,1,24
3,0.25,36,10.90909090909091,107.27272727272728,1,2499.121791022924,2507.6577338758143,0.0034155769773014377,1.000999635801132,2.0,728.5597097266217,300.0,19.458159068047777,11.3498571130878,355.0,rolled,1,24
3,0.25,36,10.90909090909091,118.18181818181816,1,2669.547168301596,2677.246682914631,0.0028842024986335257,1.0009983154745554,2.0,750.0,300.0,20.875140777393305,11.713483492449518,355.0,rolled,1,24
3,0.25,36,10.90909090909091,129.0909090909091,1,2855.841135487434,2922.8373649328933,0.023459368454689766,1.0009979446072426,1.0,750.0,300.0,22.804067301266794,12.846107070152451,355.0,rolled,1,24
3,0.25,36,10.90909090909091,140.0,1,3078.8301843712,3126.706767431325,0.015550251294519812,1.0009975268465932,1.0,750.0,300.0,25.03138237178865,13.283780350823733,355.0,rolled,0,24
3,0.25,36,11.727272727272728,20.0,1,1117.8784812198996,1114.1768824548728,-0.0033112711508566095,1.0009965276404373,2.0,409.65371886959423,214.55036990108593,12.910329340940496,6.567101782099623,355.0,rolled,1,24
3,0.25,36,11.727272727272728,30.909090909090907,1,1399.1707585826318,1415.4694389724943,0.011648814335123214,1.0009934647701388,2.0,462.8056335600192,237.41003160358343,14.74258236445295,7.477438248884965,355.0,rolled,1,24
3,0.25,36,11.727272727272728,41.81818181818181,1,1658.320920880548,1678.639625388159,0.012252576839482776,1.000999518052049,2.0,503.03405992654314,259.39601016330766,15.843070323985062,8.32685297771743,355.0,rolled,1,24
3,0.25,36,11.727272727272728,52.72727272727273,1,1896.895430152976,1932.3579661424794,0.018695040024764964,1.0009952948412335,2.0,537.9465485151306,273.55883403577457,17.16554280375036,9.110233761941414,355.0,rolled,1,24
3,0.25,36,11.727272727272728,63.63636363636363,1,2122.483987052358,2240.3504273569497,0.05553231073760956,1.0009996622716655,2.0,605.824592072246,288.18828394639144,18.40618328789422,9.83968715270197,355.0,rolled,1,24
3,0.25,36,11.727272727272728,74.54545454545453,1,2414.680044837911,2466.6440549344043,0.021520039562832327,1.000997970713665,1.0,663.914475647172,286.6722106933594,19.47294990823945,10.688868708486845,355.0,rolled,1,24
3,0.25,36,11.727272727272728,85.45454545454545,1,2607.2244497923484,2674.148114916213,0.025668547688402876,1.0009902410198004,2.0,712.4701686450753,287.5021100119575,20.471014620073515,11.280511225131784,355.0,rolled,1,24
3,0.25,36,11.727272727272728,96.36363636363636,1,2809.399526814627,2882.90869388819,0.026165437265845082,1.0009983943816707,2.0,728.772013788716,292.27244267648405,22.178820113463956,11.53082326499644,355.0,rolled,0,24
3,0.25,36,11.727272727272728,107.27272727272728,1,3054.1802093068686,3276.1030840514773,0.07266201060053779,1.0009891346722182,2.0,695.6876408882914,279.1055070558814,23.593834142617254,12.304286085057416,460.0,rolled,0,24
3,0.25,36,11.727272727272728,118.18181818181816,1,3357.8991517305085,3429.3042020493117,0.02126479893894495,1.0009932889249167,2.0,716.3338843311702,287.17864429062865,24.052302958541,12.456919355319977,460.0,rolled,0,24
3,0.25,36,11.727272727272728,129.0909090909091,1,3564.383823711408,3654.2716174809616,0.025218326144224923,1.0009979462842367,1.0,750.0,300.0,27.850457558091378,14.00912208981052,355.0,rolled,0,24
3,0.25,36,11.727272727272728,140.0,1,3755.070343632353,3868.4033310237883,0.030181322057952764,1.0009982612802992,1.0,732.5521390315046,292.96329643761567,26.955905274357765,13.525900400089727,460.0,rolled,1,24
3,0.25,36,12.545454545454549,20.0,1,1307.1994834284806,1324.412560793424,0.013167904044605105,1.0009895007655494,2.0,433.1832885267586,224.15672302621564,13.610180823473602,7.0325300444842345,355.0,rolled,1,24
3,0.25,36,12.545454545454549,30.909090909090907,1,1673.5520688887286,1661.754931301384,-0.007049160768077045,1.0009996973409583,2.0,487.3890431652842,250.9344126442342,15.29297809018947,7.7995135780314095,355.0,rolled,1,24
3,0.25,36,12.545454545454549,41.81818181818181,1,1957.4303873162305,1990.343331426953,0.016814362505043423,1.00099687393124,2.0,532.304105347225,269.413086228651,16.698191956863454,8.944790371581535,355.0,rolled,1,24
3,0.25,36,12.545454545454549,52.72727272727273,1,2222.5772160497027,2282.303863239576,0.026872698396516626,1.0009956790552166,2.0,565.4829447822729,286.6135830008442,17.974923379317243,9.689230128815574,355.0,rolled,1,24
3,0.25,36,12.545454545454549,63.63636363636363,1,2552.3230156844406,2657.225817335082,0.041100911211471525,1.0009911881801052,1.0,674.0903578295874,289.6479606628418,19.092996362053217,10.865569951488617,355.0,rolled,1,24
3,0.25,36,12.545454545454549,74.54545454545453,1,2864.0220557743514,2944.849629104721,0.028221700725875154,1.0009976139588943,1.0,673.9595914902762,298.7717628479004,21.710113346746425,11.010141085838093,355.0,rolled,1,24
3,0.25,36,12.545454545454549,85.45454545454545,1,3136.2352005841685,3162.698391485415,0.008437884663853534,1.0009948919490204,2.0,749.5082348380737,300.0,21.643834941220316,11.897139748871515,355.0,rolled,1,24
3,0.25,36,12.545454545454549,96.36363636363636,1,3474.753399293351,3651.16516625323,0.05076957892774647,1.0009957077379878,2.0,712.2347439850998,285.9197044833768,23.917465597120113,12.577944085052415,460.0,rolled,0,24
3,0.25,36,12.545454545454549,107.27272727272728,1,3810.945853911128,3921.5164150061264,0.029013941770261953,1.0009994991237205,1.0,721.1510409436365,288.4618663253415,25.92743544461481,13.009296596740299,460.0,rolled,1,24
3,0.25,36,12.545454545454549,118.18181818181816,1,4051.8868674716473,4132.067077228464,0.01978836339200374,1.0009943835206703,1.0,743.7534942037883,298.5691940691818,25.937654004896046,13.654815656740505,460.0,rolled,1,24
3,0.25,36,12.545454545454549,129.0909090909091,1,4389.083655555064,4413.882596363567,0.005650140839105644,1.0009988486313723,1.0,750.0,300.0,27.866667961552558,14.283435234250682,460.0,rolled,1,24
3,0.25,36,12.545454545454549,140.0,1,4731.036754406592,4813.9516698192,0.01752573901172494,1.0009989998310889,1.0,750.0,300.0,29.838398310644767,16.14863388283338,460.0,rolled,1,24
3,0.25,36,13.363636363636363,20.0,1,1553.9456704912225,1538.4289719237358,-0.009985354611903308,1.0009913905285766,2.0,452.1835409291984,237.24714349530717,14.094056318986926,7.262754652121478,355.0,rolled,1,24
3,0.25,36,13.363636363636363,30.909090909090907,1,2055.764041961098,1932.7654829437972,-0.059831068404118115,1.0009925930345962,2.0,512.3529585666893,263.6458264157832,15.874514923559685,8.114630557124855,355.0,rolled,1,24
3,0.25,36,13.363636363636363,41.81818181818181,1,2295.1327804460216,2301.542587528472,0.0027927826821438906,1.0009883215256132,2.0,555.0929048645144,286.11152946360556,17.205804858633847,9.15357535938782,355.0,rolled,1,24
3,0.25,36,13.363636363636363,52.72727272727273,1,2698.233573079863,2787.8797664667163,0.033224030077028344,1.0009902755533338,1.0,627.8023509531765,296.63584565862857,19.849951856304926,10.071062449612588,355.0,rolled,1,24
3,0.25,36,13.363636363636363,63.63636363636363,1,3099.504449257762,3148.064322778154,0.015666979775434742,1.0009933295329743,1.0,680.9820212463137,300.0,21.374098790018138,11.220734023043457,355.0,rolled,1,24
3,0.25,36,13.363636363636363,74.54545454545453,1,3409.0278837627866,3463.408627527394,0.015951979748720424,1.0009980659817115,1.0,750.0,300.0,22.311616343602957,12.193408866945292,355.0,rolled,1,24
3,0.25,36,13.363636363636363,85.45454545454545,1,3859.8972334468967,3920.525363718016,0.015707187679962598,1.0009977835355202,1.0,750.0,300.0,25.514699390038015,13.707536171333995,355.0,rolled,1,24
3,0.25,36,13.363636363636363,96.36363636363636,1,4245.414696419247,4337.563768507707,0.021705552620379542,1.0009909935051415,1.0,736.3374971253547,295.1288421161835,26.072461167369806,13.422933856131744,460.0,rolled,1,24
3,0.25,36,13.363636363636363,107.27272727272728,1,4631.739739142465,4681.491116478831,0.010741401749308377,1.000998878997241,1.0,750.0,300.0,27.49830723025416,14.421208963408468,460.0,rolled,1,24
3,0.25,36,13.363636363636363,118.18181818181816,1,5063.816158705762,5053.89854696702,-0.001958525236286812,1.000998355059201,1.0,750.0,300.0,30.235924627071636,15.213296638707774,460.0,rolled,1,24
3,0.25,36,13.363636363636363,129.0909090909091,1,5459.024045280959,10128.165022925534,0.8553069081424549,1.0009913513770523,1.0,705.4084321255134,282.1638618708013,32.92007923126221,18.414202559062815,620.0,rolled,0,24
3,0.25,36,13.363636363636363,140.0,1,5943.747564514266,10556.887131449383,0.7761331578879245,1.0009978506868948,1.0,720.2565574107443,288.1032310838455,33.61311912536621,18.685136332328096,620.0,rolled,0,24
3,0.25,36,14.181818181818182,20.0,1,1796.9028968466985,1781.5528594953314,-0.008542496858513715,1.000997372283633,2.0,474.45322294509947,246.63091128669322,14.835763405861496,7.509275635139837,355.0,rolled,1,24
3,0.25,36,14.181818181818182,30.909090909090907,1,2224.07150895444,2241.4652554226786,0.007820677706723345,1.0009909200298577,2.0,528.8538616459142,278.0224142717322,16.51052526446973,8.528432907775532,355.0,rolled,1,24
3,0.25,36,14.181818181818182,41.81818181818181,1,2615.0382292659383,2665.25312150953,0.019202354933712584,1.0009970621624644,2.0,580.9213804421188,297.94544384464916,17.96820067651575,9.610240628903817,355.0,rolled,1,24
3,0.25,36,14.181818181818182,52.72727272727273,1,3202.0654799770145,3299.2783221083514,0.030359417300871216,1.0009988064791533,1.0,673.841579565621,300.0,20.933072762843338,11.357485740256,355.0,rolled,1,24
3,0.25,36,14.181818181818182,63.63636363636363,1,3623.765744949169,3720.1396303726187,0.026594954587717545,1.0009966767151022,1.0,744.2205670143795,300.0,22.501604389315485,12.520112584819314,355.0,rolled,1,24
3,0.25,36,14.181818181818182,74.54545454545453,1,4194.266016339479,4239.799429317943,0.010856109937014136,1.0009966580622858,1.0,750.0,300.0,26.076047753784806,13.926257990715886,355.0,rolled,1,24
3,0.25,36,14.181818181818182,85.45454545454545,1,4665.282330709234,4738.28841330653,0.015648802670898077,1.0009963341392556,1.0,750.0,300.0,26.009378330001436,13.881821110235146,460.0,rolled,1,24
3,0.25,36,14.181818181818182,96.36363636363636,1,5186.697126154381,5221.616621148565,0.006732510911057199,1.000994849311317,1.0,745.8930001152986,298.3581664197645,29.609596172857067,14.863749261045909,460.0,rolled,1,24
3,0.25,36,14.181818181818182,107.27272727272728,1,5684.871516431859,5718.590343994954,0.005931326234134282,1.0009977266789567,1.0,750.0,300.0,32.05392068738243,16.468724418503992,460.0,rolled,1,24
3,0.25,36,14.181818181818182,118.18181818181816,1,6186.248050426683,6264.341726024535,0.012623754327546921,1.000999116100816,1.0,750.0,300.0,34.7401125648293,18.51157501956259,460.0,rolled,1,24
3,0.25,36,14.181818181818182,129.0909090909091,1,8947.780102569574,11870.29418932231,0.3266188991293455,1.0009984105464054,1.0,736.9885156627383,294.79549397524784,34.3931770324707,19.52751813669258,620.0,rolled,0,24
3,0.25,36,14.181818181818182,140.0,0,12705.653958132376,,,,,,,,,460.0,rolled,0,24
3,0.25,36,15.0,20.0,1,2057.2483346770277,2056.025367149701,-0.0005944676229466817,1.0009916865912736,2.0,493.34030038206487,258.1835665599036,15.365993506315922,7.986241816355074,355.0,rolled,1,24
3,0.25,36,15.0,30.909090909090907,1,2565.283454586496,2563.3601784129787,-0.0007497324204382982,1.0009941875357038,2.0,557.9685419258753,288.3147839874226,17.12940874535462,8.823946748705007,355.0,rolled,1,24
3,0.25,36,15.0,41.81818181818181,1,3234.6725939942403,3303.0787252514424,0.021147775940047353,1.0009982569559923,1.0,652.3095163679492,300.0,20.152547944649392,10.769320081417073,355.0,rolled,1,24
3,0.25,36,15.0,52.72727272727273,1,3765.638206814382,3837.8607160280494,0.019179354268015425,1.0009966372463757,1.0,726.0089244207422,300.0,22.510056255733765,12.042963966412676,355.0,rolled,1,24
3,0.25,36,15.0,63.63636363636363,1,4414.262908667717,4445.108662655113,0.006987747360228225,1.0009967132073987,1.0,750.0,300.0,26.01338489866982,13.659199075795105,355.0,rolled,1,24
3,0.25,36,15.0,74.54545454545453,1,5055.036012019389,5127.481991476632,0.014331446756262078,1.0009977409494806,1.0,750.0,300.0,29.994293294411143,15.948652772332546,355.0,rolled,0,24
3,0.25,36,15.0,85.45454545454545,1,5678.659053486651,5710.341765362804,0.005579259395173564,1.0009998031940623,1.0,750.0,300.0,34.187098313384205,17.290656030598033,355.0,rolled,0,24
3,0.25,36,15.0,96.36363636363636,1,6293.677091962863,6273.087527311142,-0.0032714682292827035,1.0009982296250883,1.0,750.0,300.0,33.57715416532299,16.86372904683737,460.0,rolled,1,24
3,0.25,36,15.0,107.27272727272728,1,7396.103440982998,7396.090683435192,-1.7249012143061293e-06,1.000999503330777,1.0,750.0,300.0,35.0,24.01419829401145,460.0,rolled,1,24
3,0.25,36,15.0,118.18181818181816,0,13338.283576315587,,,,,,,,,460.0,rolled,0,24
5,0.25,36,6.0,20.0,1,241.3288087904857,241.32375746309492,-2.0931307025073842e-05,1.0009966495610765,2.0,250.0,125.52200529751114,8.0,6.0,355.0,rolled,1,24
5,0.25,36,6.0,30.909090909090907,1,292.67799548197263,295.19296970721444,0.00859297338394116,1.0009910133949294,2.0,284.22487166016157,145.14577332554703,8.870988607729851,6.0,355.0,rolled,1,24
5,0.25,36,6.0,41.81818181818181,1,342.2853688824266,352.26090403898945,0.029143913422689627,1.0009987883851934,2.0,336.4142037870769,159.04144775010522,9.678861050262004,6.0,355.0,rolled,1,24
5,0.25,36,6.0,52.72727272727273,1,386.25765574493386,398.73220272662854,0.03229592163716832,1.0009941353584813,2.0,351.3534285657299,173.42714942938343,10.541925903988385,6.0,355.0,rolled,1,24
5,0.25,36,6.0,63.63636363636363,1,431.68145507497405,438.87565321085543,0.01666552512577102,1.0009992237820275,2.0,379.27456978793117,182.1057036894759,10.972840674711103,6.182903695429943,355.0,rolled,1,24
5,0.25,36,6.0,74.54545454545453,1,466.9500019446189,479.2858758537321,0.026417975924061032,1.000994942051196,2.0,431.9941019382052,179.51901096714914,10.89566015245525,6.984871816454372,355.0,rolled,1,24
5,0.25,36,6.0,85.45454545454545,1,518.2473353887603,518.5521021179892,0.0005880719656767841,1.0009930597327201,2.0,425.26327829789307,195.31425718423762,11.80844015660678,6.7713458709033345,355.0,rolled,1,24
5,0.25,36,6.0,96.36363636363636,1,549.7256874002802,552.6849981187235,0.005383249839457482,1.0009989423934957,2.0,456.8707221948325,197.38944306860438,11.963286968727711,7.142239946115933,355.0,rolled,1,24
5,0.25,36,6.0,107.27272727272728,1,586.6560772595034,588.8165432359156,0.0036826789326116494,1.0009932140309852,2.0,479.3689113783972,201.1804546744494,12.225775624595121,7.488777867273848,355.0,rolled,1,24
5,0.25,36,6.0,118.18181818181816,1,628.4217050081675,623.6934443859321,-0.007524025005110069,1.000996404390225,2.0,500.95861423357997,204.69805641650498,12.440067399340698,7.826857332171534,355.0,rolled,1,24
5,0.25,36,6.0,129.0909090909091,1,657.4964976148059,658.5051775029943,0.0015341220703799507,1.000993241309691,2.0,504.6287222785843,213.2253678990174,13.004878608234625,7.867252722265541,355.0,rolled,1,24
5,0.25,36,6.0,140.0,1,697.879425726456,690.7172841056816,-0.010262720688919758,1.000992134005289,2.0,529.7223959203084,214.58032900041556,13.046539232672478,8.275488831530852,355.0,rolled,1,24
5,0.25,36,6.818181818181818,20.0,1,317.0885192434045,319.0013959975351,0.006032626973360156,1.0009902232630932,2.0,275.13237155061796,140.7972421253956,8.600486311581376,6.0,355.0,rolled,1,24
5,0.25,36,6.818181818181818,30.909090909090907,1,392.6423822212096,392.6351612171835,-1.839079109400288e-05,1.0009898937065562,2.0,312.35668226837635,159.73678721073827,9.794489334416173,6.0,355.0,rolled,1,24
5,0.25,36,6.818181818181818,41.81818181818181,1,455.0251859822217,457.1238022018392,0.004612088043186802,1.0009992697690928,2.0,342.82584745443916,175.0488539018823,10.740045435417175,6.0,355.0,rolled,1,24
5,0.25,36,6.818181818181818,52.72727272727273,1,519.9507333014534,539.9556789494188,0.038474694556045685,1.0009933396256379,2.0,386.05407656649146,189.3608837360452,11.571628940992756,6.437989356767321,355.0,rolled,1,24
5,0.25,36,6.818181818181818,63.63636363636363,1,570.1996303697795,595.7241684856397,0.044764213718110124,1.000992283461132,2.0,425.65249712877124,196.0817889807927,11.798238196281618,6.929257913136275,355.0,rolled,1,24
5,0.25,36,6.818181818181818,74.54545454545453,1,645.0378754655677,645.4478758659416,0.0006356222106771447,1.0009939284024012,2.0,468.31579431982294,199.1529778864265,12.002922821074389,7.316247947612576,355.0,rolled,1,24
5,0.25,36,6.818181818181818,85.45454545454545,1,698.212152166206,699.2378699736571,0.0014690632414071647,1.0009967542221532,2.0,490.79153226293926,206.02404054404744,12.45269475697765,7.662247154099698,355.0,rolled,1,24
5,0.25,36,6.818181818181818,96.36363636363636,1,733.8166260116295,750.8954184416402,0.023273924063067053,1.000992812538216,2.0,506.6380856465827,213.59567745610119,12.975683651298324,7.906470818213225,355.0,rolled,1,24
5,0.25,36,6.818181818181818,107.27272727272728,1,798.4291807439346,800.4718050752472,0.0025583037050442847,1.0009953175061839,2.0,525.7217272248986,219.16063669694532,13.392306681534452,8.19822263745797,355.0,rolled,1,24
5,0.25,36,6.818181818181818,118.18181818181816,1,852.2289524013323,848.5552981534929,-0.004310642389569241,1.0009990752259759,2.0,543.8915924148752,223.74453755118898,13.825161484043909,8.469373726266435,355.0,rolled,0,24
5,0.25,36,6.818181818181818,129.0909090909091,1,896.311601431932,893.7361090169057,-0.0028734342062645135,1.0009966499342295,2.0,557.6651501137619,232.9023440725119,13.916941587280212,8.754620792943728,355.0,rolled,1,24
5,0.25,36,6.818181818181818,140.0,1,931.1411275891702,939.3621019841768,0.008828924157062712,1.0009967320120492,2.0,579.2957162156721,232.94517084944835,14.418279826604707,9.031460601731851,355.0,rolled,1,24
5,0.25,36,7.636363636363637,20.0,1,409.6201332461394,411.78510949267996,0.005285326747451746,1.0009930832954403,2.0,299.4053258110162,153.31103028527784,9.430883747045662,6.0,355.0,rolled,1,24
5,0.25,36,7.636363636363637,30.909090909090907,1,501.774525145321,506.44850220633924,0.009314895090906772,1.0009957112514232,2.0,339.2725301617406,173.98021890722973,10.688949030829878,6.0,355.0,rolled,1,24
5,0.25,36,7.636363636363637,41.81818181818181,1,593.9298338756057,622.5089072112268,0.04811860207313101,1.0009898764114857,2.0,388.1278644645485,193.10585033095632,11.793999170377349,6.477104221011036,355.0,rolled,1,24
5,0.25,36,7.636363636363637,52.72727272727273,1,675.9362632758116,703.6992658663492,0.04107340306908358,1.0009951162883215,2.0,428.94988316220105,202.7439111091632,12.362495978474595,6.9400365624460125,355.0,rolled,1,24
5,0.25,36,7.636363636363637,63.63636363636363,1,779.5020738899598,778.5220520598925,-0.0012572408244876376,1.000993776080778,2.0,475.9660701037566,208.84120887503957,12.529155361993256,7.576402481145399,355.0,rolled,1,24
5,0.25,36,7.636363636363637,74.54545454545453,1,846.6406079690952,848.7758335112876,0.0025219975537369432,1.0009943817066806,2.0,508.0226978176083,216.50261444684128,12.91533118056451,7.958629920978064,355.0,rolled,1,24
5,0.25,36,7.636363636363637,85.45454545454545,1,921.2774310054268,916.2318144367568,-0.005476761286948628,1.0009943069389542,2.0,514.7167496751057,230.22393191918934,13.65416008851916,7.985927742618756,355.0,rolled,1,24
5,0.25,36,7.636363636363637,96.36363636363636,1,990.3158107657674,984.9900192483065,-0.005377871846096061,1.0009937093520358,2.0,555.8360919919054,230.120890837778,13.855990834352966,8.64615465964632,355.0,rolled,1,24
5,0.25,36,7.636363636363637,107.27272727272728,1,1055.0870687226268,1050.6553474812526,-0.004200336989002795,1.0009912582385132,2.0,566.7117373338305,239.3493870736031,14.43704875726618,8.853787555187418,355.0,rolled,1,24
5,0.25,36,7.636363636363637,118.18181818181816,1,1088.4839809208006,1113.1341508826354,0.022646332324506968,1.0009915293414082,2.0,582.4892872483725,246.4442422248951,14.882250346738516,9.10354393695243,355.0,rolled,1,24
5,0.25,36,7.636363636363637,129.0909090909091,1,1173.7978050697595,1173.6386044424917,-0.00013562866328442613,1.0009942991027916,2.0,598.1264077579016,252.82951315911424,15.293464704535637,9.349088717445134,355.0,rolled,1,24
5,0.25,36,7.636363636363637,140.0,1,1251.7374258469372,1231.9952155450865,-0.01577184631073325,1.0009986868480647,2.0,625.9355528361172,254.651504266014,15.421711990403518,9.80231336906847,355.0,rolled,1,24
5,0.25,36,8.454545454545455,20.0,1,516.1523336674153,517.0637128825923,0.0017657175134739855,1.0009998129964939,2.0,324.8033302001007,165.86463716741963,10.133206978530986,6.0,355.0,rolled,1,24
5,0.25,36,8.454545454545455,30.909090909090907,1,633.218032838701,639.2922865805083,0.009592673339665625,1.0009927589304335,2.0,364.0642282240284,187.76850543798616,11.605662558138995,6.034577817682882,355.0,rolled,1,24
5,0.25,36,8.454545454545455,41.81818181818181,1,757.3789000305048,793.6262675351137,0.047858961350981666,1.0009990578983805,2.0,417.6212751191658,208.60181492220985,12.626623980168633,6.871400721366083,355.0,rolled,1,24
5,0.25,36,8.454545454545455,52.72727272727273,1,897.7427828478864,900.7121142737844,0.00330755254470394,1.0009905014022324,2.0,457.5257057630653,219.39499815314983,13.336374938009644,7.396313068110006,355.0,rolled,1,24
5,0.25,36,8.454545454545455,63.63636363636363,1,969.5859503873623,993.3507976830416,0.024510304925710713,1.0009954833581762,2.0,508.21831188643483,226.55658207504246,13.465248958666203,8.034554656850542,355.0,rolled,1,24
5,0.25,36,8.454545454545455,74.54545454545453,1,1093.1775012217977,1088.5347657432715,-0.004247009724712814,1.0009946705232595,2.0,513.7919380829342,241.92114167230082,14.496710925754988,8.063676537846392,355.0,rolled,1,24
5,0.25,36,8.454545454545455,85.45454545454545,1,1181.2789978646645,1171.3397813898455,-0.008413944963709286,1.000992537306753,2.0,556.6283797198769,245.89806774736948,14.653121962490147,8.62466103107479,355.0,rolled,1,24
5,0.25,36,8.454545454545455,96.36363636363636,1,1257.923897819336,1257.5189823983542,-0.0003218918264321635,1.000999144485111,2.0,570.4326527641018,256.7930131498067,15.272769571562144,8.844896112979164,355.0,rolled,1,24
5,0.25,36,8.454545454545455,107.27272727272728,1,1345.9822136266182,1341.5729695183247,-0.003275856147023859,1.0009944105884059,2.0,592.6755381957003,263.95507147621583,15.653737797604423,9.261011627589786,355.0,rolled,0,24
5,0.25,36,8.454545454545455,118.18181818181816,1,1418.3994702060834,1421.7042163113058,0.002329912111953991,1.0009955314575796,2.0,611.8853447421859,270.6478306940076,16.1070024265824,9.571052397885694,355.0,rolled,1,24
5,0.25,36,8.454545454545455,129.0909090909091,1,1503.943042662674,1497.6892471863086,-0.004158266170302127,1.0009945023441853,2.0,638.0644196791021,274.6993390188066,16.337567324522162,9.999157103444363,355.0,rolled,1,24
5,0.25,36,8.454545454545455,140.0,1,1589.050557323039,1572.6900647642967,-0.010295765910874222,1.0009993568480187,2.0,654.1909046673987,280.8834476884795,16.766186510396967,10.25227276037164,355.0,rolled,1,24
5,0.25,36,9.272727272727272,20.0,1,633.3700898588271,640.0280532519967,0.01051196369985452,1.0009900493100792,2.0,343.625372131513,178.19869400284762,11.016885468961142,6.0,355.0,rolled,1,24
5,0.25,36,9.272727272727272,30.909090909090907,1,801.8071464602682,799.5539771301405,-0.002810113803643044,1.0009909474788061,2.0,391.4774727667816,199.86545460153405,12.39480743415833,6.438539182636703,355.0,rolled,1,24
5,0.25,36,9.272727272727272,41.81818181818181,1,962.5021253931346,949.7549055728177,-0.013243835503334855,1.00099637170791,2.0,423.8314712878274,218.42909298927287,13.55039751904352,6.982529380961213,355.0,rolled,1,24
5,0.25,36,9.272727272727272,52.72727272727273,1,1070.6846994207378,1125.413197689152,0.05111542015872961,1.0009969119865403,2.0,486.7108528115057,236.21050062036363,14.164675159784405,7.865242756630838,355.0,rolled,1,24
5,0.25,36,9.272727272727272,63.63636363636363,1,1216.7126656588257,1240.288631330048,0.019376773445895168,1.0009929762013716,2.0,526.5328048209417,246.8519686055487,14.67432180906296,8.252987212103102,355.0,rolled,1,24
5,0.25,36,9.272727272727272,74.54545454545453,1,1356.4151141978043,1364.9546949233927,0.006295698592712062,1.000993667085968,2.0,537.4665049568476,262.6383145290867,15.563871643058635,8.51864371790079,355.0,rolled,1,24
5,0.25,36,9.272727272727272,85.45454545454545,1,1422.5235716023028,1470.496831960977,0.03372405302545389,1.0009957159347762,2.0,580.2108740231508,266.3118543318527,15.902921939315995,9.088250732001496,355.0,rolled,1,24
5,0.25,36,9.272727272727272,96.36363636363636,1,1530.0841209322955,1572.334296069884,0.02761297536493945,1.0009938311612074,2.0,610.2479490498969,273.8657928211923,16.242875169825947,9.50104063031458,355.0,rolled,1,24
5,0.25,36,9.272727272727272,107.27272727272728,1,1647.0835657255905,1677.322561634557,0.0183591145818065,1.00099998965465,2.0,636.4489625614805,280.31658591388646,16.63075888951692,9.985143638838789,355.0,rolled,1,24
5,0.25,36,9.272727272727272,118.18181818181816,1,1794.0191544704012,1773.4378882101817,-0.011472155249253824,1.0009988204487155,2.0,643.1456190354695,292.3738722163538,17.37100478110398,9.974332706757705,355.0,rolled,1,24
5,0.25,36,9.272727272727272,129.0909090909091,1,1876.6125693849333,1877.29313214745,0.00036265491003284467,1.0009987245851482,2.0,685.1409402050643,289.2560437858379,17.55346239331934,10.801603372811586,355.0,rolled,1,24
5,0.25,36,9.272727272727272,140.0,1,1975.8458780810136,1970.6972084343706,-0.0026058052926898334,1.000993821219097,2.0,697.6075476385835,296.42205055023015,18.189264344869187,10.960654201348037,355.0,rolled,1,24
5,0.25,36,10.09090909090909,20.0,1,771.2799576046779,776.3016663828397,0.006510876794669329,1.0009934377806553,2.0,370.34967074951686,190.58832209313618,11.523452664806454,6.1456551364352885,355.0,rolled,1,24
5,0.25,36,10.09090909090909,30.909090909090907,1,964.7090665866748,984.5227944791586,0.020538552584136616,1.000993154119033,2.0,412.94088356151,213.2185564681087,13.227618963697283,6.822445164590007,355.0,rolled,1,24
5,0.25,36,10.09090909090909,41.81818181818181,1,1147.2574547707825,1162.5223564742269,0.013305558957116714,1.0009937751863138,2.0,449.811478101807,233.0875334647776,14.323776754415197,7.352708343863473,355.0,rolled,1,24
5,0.25,36,10.09090909090909,52.72727272727273,1,1318.1429375417918,1322.399187612511,0.0032289746047244883,1.00099410127191,2.0,491.80377156422765,247.1182279527605,15.006159792286379,8.015914013936033,355.0,rolled,1,24
5,0.25,36,10.09090909090909,63.63636363636363,1,1473.4968374975142,1528.598903696692,0.03739544245833559,1.000997481125154,2.0,560.5410106306974,261.61171740009115,15.55296816763,8.904301970826891,355.0,rolled,1,24
5,0.25,36,10.09090909090909,74.54545454545453,1,1593.8205978972342,1675.068614176824,0.05097688936056066,1.0009894206451178,2.0,573.474526277619,277.65701908150567,16.50222673760244,9.10221600400795,355.0,rolled,1,24
5,0.25,36,10.09090909090909,85.45454545454545,1,1744.078619322344,1802.8981220095936,0.033725258732948626,1.0009969608213334,2.0,605.2255146016965,286.5477100516158,17.057212102416724,9.425012840653595,355.0,rolled,1,24
5,0.25,36,10.09090909090909,96.36363636363636,1,1930.113776773892,1930.7821588400554,0.00034629153690657333,1.0009968939299054,2.0,636.904705215112,293.56210099323164,17.50181037957103,9.897984302855978,355.0,rolled,1,24
5,0.25,36,10.09090909090909,107.27272727272728,1,2067.605711285596,2061.8349602733515,-0.0027910306983319755,1.0009952611920692,2.0,682.3821699716927,292.25151816300416,17.864948603903848,10.659629351240865,355.0,rolled,1,24
5,0.25,36,10.09090909090909,118.18181818181816,1,2170.353625378734,2192.462021760359,0.010186541088559986,1.0009890989597408,2.0,697.7433363567015,298.5402617139902,18.75343577145645,10.95993061106469,355.0,rolled,1,24
5,0.25,36,10.09090909090909,129.0909090909091,1,2307.5736162550616,2310.5702660022307,0.0012986150153824205,1.0009988517690622,2.0,730.4361497467124,300.0,19.20532093660497,11.420500283129655,355.0,rolled,1,24
5,0.25,36,10.09090909090909,140.0,1,2443.406284429296,2460.6290075821644,0.007048653047436515,1.0009991853891158,1.0,750.0,300.0,20.130821826061098,12.130693705128145,355.0,rolled,1,24
5,0.25,36,10.90909090909091,20.0,1,939.0466900997784,938.5824333952104,-0.0004943915030665158,1.000996412891621,2.0,390.3835387627058,202.3008632640564,12.2456696414276,6.408471042604116,355.0,rolled,1,24
5,0.25,36,10.90909090909091,30.909090909090907,1,1197.1649157491154,1180.0753403211029,-0.014275038637695858,1.0009957318012779,2.0,438.6066645042018,228.53726146767903,13.662123973254115,7.131180094791599,355.0,rolled,1,24
5,0.25,36,10.90909090909091,41.81818181818181,1,1403.509472950396,1408.8347070331592,0.0037942273888389444,1.0009956008726373,2.0,476.82843543094236,246.23037794899216,15.075033859051944,7.908944930668695,355.0,rolled,1,24
5,0.25,36,10.90909090909091,52.72727272727273,1,1588.7457907355176,1609.724557652323,0.013204608968369502,1.0009985093629,2.0,511.939780868762,262.64530136673847,16.028967395144562,8.541867704250517,355.0,rolled,1,24
5,0.25,36,10.90909090909091,63.63636363636363,1,1789.9941201560932,1865.9463331267484,0.04243154327458454,1.0009988253591195,2.0,573.8507770062819,278.3942071473367,17.064736713609236,9.282869049413923,355.0,rolled,1,24
5,0.25,36,10.90909090909091,74.54545454545453,1,1942.2808212955651,2031.7530671220873,0.046065555940999925,1.000988785782116,2.0,619.2338774460784,286.05476732943475,17.554218718882435,9.857755645078823,355.0,rolled,1,24
5,0.25,36,10.90909090909091,85.45454545454545,1,2177.190622234541,2200.7302105480517,0.01081190965692791,1.0009882011717397,2.0,651.116570066871,292.2293965052814,18.475096837311824,10.286003269654408,355.0,rolled,1,24
5,0.25,36,10.90909090909091,96.36363636363636,1,2344.698716886334,2372.058320060687,0.011668707359846042,1.0009950980696434,2.0,701.726599748269,289.0021872980375,19.26992311578831,11.02190642401519,355.0,rolled,1,24
5,0.25,36,10.90909090909091,107.27272727272728,1,2499.121791022924,2512.6884381482773,0.005428565816234299,1.0009943252982003,2.0,725.7867934917813,297.8321476324739,19.840107936141127,11.256749189203148,355.0,rolled,1,24
5,0.25,36,10.90909090909091,118.18181818181816,1,2669.547168301596,2674.399168486631,0.0018175367877548698,1.0009953836797414,2.0,748.0956296488847,300.0,20.9964492669343,11.614656889239923,355.0,rolled,1,24
5,0.25,36,10.90909090909091,129.0909090909091,1,2855.841135487434,2931.4326342737786,0.02646908395814629,1.0009980655625592,1.0,750.0,300.0,22.741866283319883,12.99169435090531,355.0,rolled,1,24
5,0.25,36,10.90909090909091,140.0,1,3078.8301843712,3141.745365415308,0.020434768167298945,1.00099965119979,1.0,750.0,300.0,24.920287704550386,13.541809632184256,355.0,rolled,0,24
5,0.25,36,11.727272727272728,20.0,1,1117.8784812198996,1115.5017700755598,-0.0021260907909652627,1.00099014289518,2.0,412.0048258853053,214.22812549265353,12.854980027481675,6.632992592041307,355.0,rolled,1,24
5,0.25,36,11.727272727272728,30.909090909090907,1,1399.1707585826318,1413.8153960927727,0.010466654924218055,1.0009996698084949,2.0,461.39209361054736,238.53367747486413,14.681325001768501,7.463042025023647,355.0,rolled,1,24
5,0.25,36,11.727272727272728,41.81818181818181,1,1658.320920880548,1678.2092856994152,0.01199307357728241,1.0009959598995024,2.0,503.6138467863179,258.58268861488915,15.911093366423614,8.292481038564743,355.0,rolled,1,24
5,0.25,36,11.727272727272728,52.72727272727273,1,1896.895430152976,2019.4958983589686,0.06463217015400025,1.0009971134028843,2.0,563.7544796963987,278.6974247711861,17.34393162609888,9.342125581199046,355.0,rolled,1,24
5,0.25,36,11.727272727272728,63.63636363636363,1,2122.483987052358,2249.3797095336477,0.05978642159629133,1.0009937459972327,2.0,608.0515300808811,285.80744539691824,18.53279710030697,9.946820315029166,355.0,rolled,1,24
5,0.25,36,11.727272727272728,74.54545454545453,1,2414.680044837911,2455.439969749326,0.016880052079177643,1.000996889052766,1.0,656.7302762008619,290.6053886081213,19.37806564389395,10.520048221915195,355.0,rolled,1,24
5,0.25,36,11.727272727272728,85.45454545454545,1,2607.2244497923484,2660.1601928635146,0.020303485216005113,1.0009944705634997,2.0,699.2743087205656,294.89009610176095,20.179889199145723,11.144398468112428,355.0,rolled,1,24
5,0.25,36,11.727272727272728,96.36363636363636,1,2809.399526814627,2878.217856649422,0.024495743370763545,1.0009991798908384,2.0,730.8198405037161,293.6677822755523,21.895606834965673,11.589579108645706,355.0,rolled,0,24
5,0.25,36,11.727272727272728,107.27272727272728,1,3054.1802093068686,3288.4248331391113,0.07669639896114822,1.000995984235139,2.0,693.0360938902513,277.7705055239528,23.901776892305918,12.322372907503766,460.0,rolled,0,24
5,0.25,36,11.727272727272728,118.18181818181816,1,3357.8991517305085,3481.0754750028696,0.03668255587988156,1.0009964623159793,1.0,708.3100512243387,283.7627608291796,24.82017714233409,12.732985350628113,460.0,rolled,0,24
5,0.25,36,11.727272727272728,129.0909090909091,1,3564.383823711408,3689.663279679748,0.03514757729931928,1.0009999981125302,1.0,750.0,300.0,27.62208467299415,14.565671267105088,355.0,rolled,0,24
5,0.25,36,11.727272727272728,140.0,1,3755.070343632353,3819.621708904135,0.017190454336293515,1.0009989943497533,1.0,741.919853067435,298.4518994716049,25.69138087742699,13.501373155171306,460.0,rolled,1,24
5,0.25,36,12.545454545454549,20.0,1,1307.1994834284806,1325.4533252648496,0.013964082810447032,1.0009979879027266,2.0,434.39546599101163,224.3234076262877,13.541817424367967,7.090681927000817,355.0,rolled,1,24
5,0.25,36,12.545454545454549,30.909090909090907,1,1673.5520688887286,1660.3081314546353,-0.007913669183228667,1.0009895952103776,2.0,486.14850295694265,251.91081875720235,15.23848520985884,7.792121658589645,355.0,rolled,1,24
5,0.25,36,12.545454545454549,41.81818181818181,1,1957.4303873162305,2108.0466163398078,0.0769458929418596,1.0009904349507206,2.0,554.5038783673552,271.01803340848886,17.50319046956274,9.179402349216012,355.0,rolled,1,24
5,0.25,36,12.545454545454549,52.72727272727273,1,2222.5772160497027,2396.209946441519,0.0781222488640565,1.0009951044198544,2.0,598.3958117249696,287.27861832815205,18.472146994444397,9.958984000061527,355.0,rolled,1,24
5,0.25,36,12.545454545454549,63.63636363636363,1,2552.3230156844406,2659.0338484624026,0.04180929769555286,1.00099004867221,1.0,663.0923737964132,291.0109519958496,19.401292547674917,10.716510668485258,355.0,rolled,1,24
5,0.25,36,12.545454545454549,74.54545454545453,1,2864.0220557743514,2938.718955220919,0.026081118787463886,1.0009981067417755,1.0,679.5877693479265,300.0,21.28108494652082,11.153326198723278,355.0,rolled,1,24
5,0.25,36,12.545454545454549,85.45454545454545,1,3136.2352005841685,3177.6870313079053,0.013217066984011927,1.0009942767322493,1.0,739.3383627843573,300.0,22.055801188421498,11.875532987523455,355.0,rolled,1,24
5,0.25,36,12.545454545454549,96.36363636363636,1,3474.753399293351,3684.351655284976,0.06032032547525534,1.0009992793649503,1.0,709.1670492163994,285.19624832420214,24.057824687521364,12.875854026608208,460.0,rolled,0,24
5,0.25,36,12.545454545454549,107.27272727272728,1,3810.945853911128,3980.476115099637,0.04448508787248251,1.0009994751302367,1.0,713.6774986725324,285.47229164881844,26.615984341015253,13.361855881055485,460.0,rolled,1,24
5,0.25,36,12.545454545454549,118.18181818181816,1,4051.8868674716473,4190.613407633265,0.03423751568073308,1.0009945938283213,1.0,735.5362996697139,294.97128407530715,26.769445774711436,13.924851591583044,460.0,rolled,1,24
5,0.25,36,12.545454545454549,129.0909090909091,1,4389.083655555064,4425.7156334229785,0.008346156223646206,1.0009975024508087,1.0,750.0,300.0,27.819963924214886,14.42471238728249,460.0,rolled,1,24
5,0.25,36,12.545454545454549,140.0,1,4731.036754406592,4785.301949199771,0.011470042954672799,1.0009980674340235,1.0,750.0,300.0,29.956227842432664,15.801163501370239,460.0,rolled,1,24
5,0.25,36,13.363636363636363,20.0,1,1553.9456704912225,1540.9003737369515,-0.00839495035250959,1.0009953149557478,2.0,452.2504222906358,236.68525423821725,14.14843340202032,7.277124693445825,355.0,rolled,1,24
5,0.25,36,13.363636363636363,30.909090909090907,1,2055.764041961098,1933.5456127296522,-0.05945158429508057,1.000992087828728,2.0,510.74656004285964,264.2932985403054,15.860825735241118,8.123910312648778,355.0,rolled,1,24
5,0.25,36,13.363636363636363,41.81818181818181,1,2295.1327804460216,2310.1920239155256,0.006561382242371794,1.0009945727044463,2.0,561.2629416988678,280.8389552062817,17.497951343932485,9.193722519528139,355.0,rolled,1,24
5,0.25,36,13.363636363636363,52.72727272727273,1,2698.233573079863,2773.349333226363,0.027838864987792755,1.0009906344152877,2.0,636.6859281450703,297.0404821267754,19.451052056578327,10.123195981321647,355.0,rolled,1,24
5,0.25,36,13.363636363636363,63.63636363636363,1,3099.504449257762,3133.7589826897256,0.011051616151145138,1.000997639093377,1.0,690.6798329097752,300.0,20.98500029587862,11.259412652774051,355.0,rolled,1,24
5,0.25,36,13.363636363636363,74.54545454545453,1,3409.0278837627866,3461.8230592367518,0.015486871118135737,1.0009969536969383,1.0,750.0,300.0,22.31868594318662,12.173368750768375,355.0,rolled,1,24
5,0.25,36,13.363636363636363,85.45454545454545,1,3859.8972334468967,3917.9429749532455,0.015038157234697591,1.000998467516968,1.0,750.0,300.0,25.52667199322486,13.674271864890803,355.0,rolled,1,24
5,0.25,36,13.363636363636363,96.36363636363636,1,4245.414696419247,4381.400954324926,0.03203132500115369,1.0009993660843168,1.0,730.7589641637502,292.7360657463103,26.617155891098342,13.635057269620276,460.0,rolled,1,24
5,0.25,36,13.363636363636363,107.27272727272728,1,4631.739739142465,4691.152275155557,0.012827261322781558,1.0009958506828132,1.0,748.5907227437392,300.0,27.53192333860532,14.501748271445617,460.0,rolled,1,24
5,0.25,36,13.363636363636363,118.18181818181816,1,5063.816158705762,5100.507095079122,0.007245708616471225,1.0009979416903785,1.0,750.0,300.0,30.07295291095383,15.730613265709867,460.0,rolled,1,24
5,0.25,36,13.363636363636363,129.0909090909091,1,5459.024045280959,9757.605499479463,0.7874267302255982,1.0009923716283922,1.0,713.5187088725897,285.40822805528404,32.35749428790534,16.82890645964351,620.0,rolled,0,24
5,0.25,36,13.363636363636363,140.0,1,5943.747564514266,10254.66943773721,0.7252868373751737,1.000991151894619,1.0,726.8974623334144,290.75976561734495,33.13525446516665,17.43643273096516,620.0,rolled,0,24
5,0.25,36,14.181818181818182,20.0,1,1796.9028968466985,1785.7583299298146,-0.006202097473625878,1.0009975438916396,2.0,475.4326643714494,246.59763029469312,14.791389254975336,7.599014264371262,355.0,rolled,1,24
5,0.25,36,14.181818181818182,30.909090909090907,1,2224.07150895444,2262.6640303152935,0.0173521944800219,1.0009957846369344,2.0,530.7300846940575,275.01219453172615,16.701746095095974,8.74620478711922,355.0,rolled,1,24
5,0.25,36,14.181818181818182,41.81818181818181,1,2615.0382292659383,2830.317737075242,0.08232365607509085,1.0009878209086265,2.0,605.8752340824282,299.3327103769629,18.86670107901135,9.922099000841994,355.0,rolled,1,24
5,0.25,36,14.181818181818182,52.72727272727273,1,3202.0654799770145,3283.6329517918557,0.025473392822506158,1.0009941148826464,1.0,678.0979860067363,300.0,20.810298098522676,11.24583612472696,355.0,rolled,1,24
5,0.25,36,14.181818181818182,63.63636363636363,1,3623.765744949169,3711.622252744899,0.024244532891836368,1.0009930624525503,1.0,739.5908449204439,300.0,22.73284145092769,12.33867347611698,355.0,rolled,1,24
5,0.25,36,14.181818181818182,74.54545454545453,1,4194.266016339479,4245.55210575886,0.012227667300926282,1.00099865676205,1.0,750.0,300.0,26.052640432730716,13.994759819885529,355.0,rolled,1,24
5,0.25,36,14.181818181818182,85.45454545454545,1,4665.282330709234,4768.209238587068,0.022062310613082836,1.0009949728793255,1.0,742.4208776137822,298.1014161963636,26.582820597049757,13.936570435021746,460.0,rolled,1,24
5,0.25,36,14.181818181818182,96.36363636363636,1,5186.697126154381,5208.140691010022,0.004134339124509445,1.000998051563088,1.0,750.0,300.0,29.145268928918046,14.913740888184474,460.0,rolled,1,24
5,0.25,36,14.181818181818182,107.27272727272728,1,5684.871516431859,5740.192983538235,0.009731348711483179,1.0009977704846114,1.0,750.0,300.0,31.98590775543727,16.69304627008521,460.0,rolled,1,24
5,0.25,36,14.181818181818182,118.18181818181816,1,6186.248050426683,6262.41738118937,0.012312686161595643,1.0009986929446952,1.0,750.0,300.0,34.74659083631689,18.491119619972274,460.0,rolled,1,24
5,0.25,36,14.181818181818182,129.0909090909091,1,8947.780102569574,11657.614952980188,0.3028499604759418,1.0009927498066513,1.0,738.5173457858438,295.4073270635618,34.4647741317749,18.56832357293106,620.0,rolled,0,24
5,0.25,36,14.181818181818182,140.0,0,12705.653958132376,,,,,,,,,460.0,rolled,0,24
5,0.25,36,15.0,20.0,1,2057.2483346770277,2058.5891648027878,0.0006517590040826526,1.0009968669232492,2.0,493.3331421386366,257.6276894023318,15.424591213717193,7.991397732932312,355.0,rolled,1,24
5,0.25,36,15.0,30.909090909090907,1,2565.283454586496,2573.305232628379,0.0031270532804243967,1.0009918535777618,2.0,557.4785703225702,287.8136487545886,17.172211029677396,8.926900800823871,355.0,rolled,1,24
5,0.25,36,15.0,41.81818181818181,1,3234.6725939942403,3294.0208541378274,0.018347532375851072,1.0009970123964838,1.0,650.7254288170504,300.0,20.248072014413907,10.622769806876255,355.0,rolled,1,24
5,0.25,36,15.0,52.72727272727273,1,3765.638206814382,3822.686697897986,0.01514975362751736,1.0009984704326882,1.0,731.6014006385559,300.0,22.337732341847726,11.964452841183956,355.0,rolled,1,24
5,0.25,36,15.0,63.63636363636363,1,4414.262908667717,4461.1759532556125,0.010627605459515799,1.0009994453216384,1.0,750.0,300.0,25.95671825778492,13.835866919517999,355.0,rolled,1,24
5,0.25,36,15.0,74.54545454545453,1,5055.036012019389,5137.7896181454435,0.016370527515390698,1.0009973666355025,1.0,750.0,300.0,29.955107953816132,16.065393839076265,355.0,rolled,0,24
5,0.25,36,15.0,85.45454545454545,1,5678.659053486651,5754.474182028342,0.013350885803778079,1.000998999051874,1.0,750.0,300.0,34.010188082634635,17.803345538311827,355.0,rolled,0,24
5,0.25,36,15.0,96.36363636363636,1,6293.677091962863,6343.5980876834155,0.007931928345084938,1.0009980729034353,1.0,750.0,300.0,33.376967889410224,17.550512222329868,460.0,rolled,1,24
5,0.25,36,15.0,107.27272727272728,1,7396.103440982998,7396.094139949145,-1.2575586493257518e-06,1.0009992502091727,1.0,750.0,300.0,35.0,24.01422394955074,460.0,rolled,1,24
5,0.25,36,15.0,118.18181818181816,0,13338.283576315587,,,,,,,,,460.0,rolled,0,24
