arm,repair_mode,span_m,load_kNm,optimal,optimal_grade,optimal_type,achieved,gap,feasible,feasible_before,utilization,section_class,h,b,tf,tw,fy,section_type,grade_match,repaired,variant,scale,n_ec3_gen,n_ec3_repair,n_ec3,t_gen,t_repair,sec_per_design
gated_cost_merged_seed43,none,6.0,20.0,241.3288087904857,355,rolled,299.6078549628437,0.24149228790564362,True,True,0.6716944735515655,1,339.7890881656673,133.34652085491228,8.629065515608978,6.0,355.0,rolled,1.0,False,original,,40,1,41,0.02664923667907715,0.00011491775512695312,0.0267641544342041
gated_cost_merged_seed43,none,6.0,30.909090909090907,292.67799548197263,355,rolled,349.5851150374806,0.19443593448764457,True,True,0.7512846009453875,1,366.5871336959878,147.0404917579286,9.527289362171313,6.1616914629936215,355.0,rolled,1.0,False,original,,40,1,41,0.01971268653869629,7.700920104980469e-05,0.019789695739746094
gated_cost_merged_seed43,none,6.0,41.81818181818181,342.2853688824266,355,rolled,412.3022479363429,0.20455703170288517,True,True,0.8030007797640909,1,401.85305482611,148.6408657384686,10.565462929443845,7.063138232037039,355.0,rolled,1.0,False,original,,40,1,41,0.019813060760498047,8.130073547363281e-05,0.01989436149597168
gated_cost_merged_seed43,none,6.0,52.72727272727273,386.25765574493386,355,rolled,461.346065307143,0.1943997962121791,True,True,0.8220118011881816,1,439.81021207828957,156.4972015137176,10.724416869471217,7.569571105808076,355.0,rolled,1.0,False,original,,40,1,41,0.01960158348083496,7.891654968261719e-05,0.019680500030517578
gated_cost_merged_seed43,none,6.0,63.63636363636363,431.68145507497405,355,rolled,499.8501826608394,0.15791442227701405,True,True,0.8536323128558543,2,455.4082622568123,152.44311523857266,13.09072307923882,7.1681707589418835,355.0,rolled,1.0,False,original,,40,1,41,0.019700288772583008,7.987022399902344e-05,0.01978015899658203
gated_cost_merged_seed43,none,6.0,74.54545454545453,466.9500019446189,355,rolled,541.4071102910927,0.15945413435356312,True,True,0.8551911756456871,2,488.9423250186356,165.88162297598484,12.067505266808851,7.857058898341784,355.0,rolled,1.0,False,original,,40,1,41,0.022157907485961914,0.00010061264038085938,0.022258520126342773
gated_cost_merged_seed43,none,6.0,85.45454545454545,518.2473353887603,355,rolled,599.2328128786497,0.15626800556367273,True,True,0.8543888336169291,2,511.9337382815202,159.02543842459733,14.286819172115536,8.129138954919156,355.0,rolled,1.0,False,original,,40,1,41,0.02045750617980957,7.843971252441406e-05,0.020535945892333984
gated_cost_merged_seed43,none,6.0,96.36363636363636,549.7256874002802,355,rolled,642.9882844133823,0.16965297265651216,True,True,0.8636161559955491,2,533.4826394493232,159.13518638169444,15.24295958301328,8.430597543448984,355.0,rolled,1.0,False,original,,40,1,41,0.019704103469848633,7.2479248046875e-05,0.019776582717895508
gated_cost_merged_seed43,none,6.0,107.27272727272728,586.6560772595034,355,rolled,667.6267139799068,0.1380206220630125,True,True,0.898656682918162,2,551.6401511140904,160.31902051258973,15.491451975460988,8.591424462688487,355.0,rolled,1.0,False,original,,40,1,41,0.020053386688232422,7.224082946777344e-05,0.020125627517700195
gated_cost_merged_seed43,none,6.0,118.18181818181816,628.4217050081675,355,rolled,735.5769260717581,0.1705148313777576,True,True,0.8485494063135118,2,580.0427367485429,166.646541554558,15.992050657580899,9.252882160995764,355.0,rolled,1.0,False,original,,40,1,41,0.020054101943969727,7.271766662597656e-05,0.020126819610595703
gated_cost_merged_seed43,none,6.0,129.0909090909091,657.4964976148059,355,rolled,765.6414518184547,0.16447989395527624,True,True,0.857747883753866,2,597.0942268910576,169.54896317633379,16.352603018253163,9.357277551182786,355.0,rolled,1.0,False,original,,40,1,41,0.019910812377929688,7.2479248046875e-05,0.019983291625976562
gated_cost_merged_seed43,none,6.0,140.0,697.879425726456,355,rolled,806.4463425034932,0.15556686839424252,True,True,0.8471365809457457,2,620.6120689123115,175.1857622851678,16.23127720650866,9.719107024310306,355.0,rolled,1.0,False,original,,40,1,41,0.02010202407836914,7.414817810058594e-05,0.020176172256469727
gated_cost_merged_seed43,none,6.818181818181818,20.0,317.0885192434045,355,rolled,398.1698061795821,0.2557055270548529,True,True,0.68271391797827,1,348.7280429822395,150.8078148215902,9.811330591053194,6.062816285878472,355.0,rolled,1.0,False,original,,40,1,41,0.020510435104370117,6.937980651855469e-05,0.020579814910888672
gated_cost_merged_seed43,none,6.818181818181818,30.909090909090907,392.6423822212096,355,rolled,474.55648371599676,0.20862266837164273,True,True,0.766753201930916,1,373.9913571462999,162.91520706660089,11.220925037035697,6.397226122939319,355.0,rolled,1.0,False,original,,40,1,41,0.020472049713134766,6.699562072753906e-05,0.020539045333862305
gated_cost_merged_seed43,none,6.818181818181818,41.81818181818181,455.0251859822217,355,rolled,536.1779163076554,0.17834777683845487,True,True,0.8270190172655686,1,413.15381951094946,170.38323582362742,11.698009406623854,6.890295539961554,355.0,rolled,1.0,False,original,,40,1,41,0.021593570709228516,8.58306884765625e-05,0.021679401397705078
gated_cost_merged_seed43,none,6.818181818181818,52.72727272727273,519.9507333014534,355,rolled,612.766574825698,0.17850891551764084,True,True,0.8554046748748972,1,446.88019780897633,163.15022935712463,14.212349525150877,7.139008091484699,355.0,rolled,1.0,False,original,,40,1,41,0.020462512969970703,5.841255187988281e-05,0.020520925521850586
gated_cost_merged_seed43,none,6.818181818181818,63.63636363636363,570.1996303697795,355,rolled,693.2935417005978,0.2158786235111917,True,True,0.8193777974434779,1,497.2248008569765,184.98226177663594,12.51260380018715,8.46603236902136,355.0,rolled,1.0,False,original,,40,1,41,0.020297527313232422,5.698204040527344e-05,0.020354509353637695
gated_cost_merged_seed43,none,6.818181818181818,74.54545454545453,645.0378754655677,355,rolled,731.0915691613509,0.1334087453913809,True,True,0.8620169258451633,1,495.2465389113896,187.84239925808305,14.318277650406849,7.968218734624159,355.0,rolled,1.0,False,original,,40,1,41,0.02097797393798828,7.843971252441406e-05,0.021056413650512695
gated_cost_merged_seed43,none,6.818181818181818,85.45454545454545,698.212152166206,355,rolled,815.4060275018747,0.16784851849409133,True,True,0.8125960909488719,2,543.4815431087846,190.16605394197504,15.417629677052915,8.35379554755269,355.0,rolled,1.0,False,original,,40,1,41,0.0212099552154541,8.463859558105469e-05,0.021294593811035156
gated_cost_merged_seed43,none,6.818181818181818,96.36363636363636,733.8166260116295,355,rolled,866.552216681694,0.18088386930055853,True,True,0.9712318928006431,1,504.7010091971486,175.22443455937787,17.561919442641734,9.85617690114952,355.0,rolled,1.0,False,original,,40,1,41,0.021159887313842773,7.700920104980469e-05,0.021236896514892578
gated_cost_merged_seed43,none,6.818181818181818,107.27272727272728,798.4291807439346,355,rolled,923.0402327124218,0.15607026267800128,True,True,0.8922583438458835,1,579.9856964494547,191.82134415246745,15.395077716558891,10.159369050558668,355.0,rolled,1.0,False,original,,40,1,41,0.020914077758789062,7.367134094238281e-05,0.020987749099731445
gated_cost_merged_seed43,none,6.818181818181818,118.18181818181816,852.2289524013323,460,rolled,999.1964414535074,0.1724507113235987,True,True,0.8218851662185847,2,663.3092505096553,204.24955193949802,13.660262813357216,10.775537708948612,355.0,rolled,0.0,False,original,,40,1,41,0.020861148834228516,7.343292236328125e-05,0.020934581756591797
gated_cost_merged_seed43,none,6.818181818181818,129.0909090909091,896.311601431932,355,rolled,1063.8309692619482,0.18689858254918285,True,True,0.8155720688694232,2,688.6310147558329,206.20218036506782,14.139509972441669,11.215834129034336,355.0,rolled,1.0,False,original,,40,1,41,0.021622180938720703,7.605552673339844e-05,0.0216982364654541
gated_cost_merged_seed43,none,6.818181818181818,140.0,931.1411275891702,355,rolled,1084.7297039617645,0.16494661423693366,True,True,0.8586555686223423,2,649.1518928901022,192.43463084923943,19.138899260320944,10.037534376934257,355.0,rolled,1.0,False,original,,40,1,41,0.025024890899658203,0.0001513957977294922,0.025176286697387695
gated_cost_merged_seed43,none,7.636363636363637,20.0,409.6201332461394,355,rolled,518.7679387253991,0.266461036996131,True,True,0.6880642590996812,1,354.93152427258343,169.09444174803747,10.975944510289636,6.161419048957,355.0,rolled,1.0,False,original,,40,1,41,0.021288633346557617,8.153915405273438e-05,0.02137017250061035
gated_cost_merged_seed43,none,7.636363636363637,30.909090909090907,501.774525145321,355,rolled,617.7199279965237,0.2310707240819435,True,True,0.7876988302580249,1,388.4047292376452,177.19315373780302,12.565032805870928,6.6342680982512165,355.0,rolled,1.0,False,original,,40,1,41,0.020805835723876953,7.367134094238281e-05,0.020879507064819336
gated_cost_merged_seed43,none,7.636363636363637,41.81818181818181,593.9298338756057,355,rolled,700.1135101335665,0.17878151626947936,True,True,0.87451469107577,1,410.7050941335749,182.71676968692253,13.757962858314535,7.1784854996153244,355.0,rolled,1.0,False,original,,40,1,41,0.02080392837524414,7.534027099609375e-05,0.020879268646240234
gated_cost_merged_seed43,none,7.636363636363637,52.72727272727273,675.9362632758116,355,rolled,797.1615138650691,0.1793442032563243,True,True,0.9002654648146049,1,449.04441754587475,187.59124038451677,14.464449257549687,8.16381436417253,355.0,rolled,1.0,False,original,,40,1,41,0.02075982093811035,7.414817810058594e-05,0.020833969116210938
gated_cost_merged_seed43,none,7.636363636363637,63.63636363636363,779.5020738899598,355,rolled,864.0155105065711,0.1084197713482182,True,True,0.8910640658492974,1,488.86614274027926,200.24482476015672,14.671194117274233,8.103274258671021,355.0,rolled,1.0,False,original,,40,1,41,0.020759105682373047,8.535385131835938e-05,0.020844459533691406
gated_cost_merged_seed43,none,7.636363636363637,74.54545454545453,846.6406079690952,355,rolled,970.7076221579015,0.14654035374751964,True,True,0.8809815248460195,1,539.9993616728378,200.91633697635294,15.039270273093537,9.298305229666855,355.0,rolled,1.0,False,original,,40,1,41,0.020993709564208984,7.104873657226562e-05,0.02106475830078125
gated_cost_merged_seed43,none,7.636363636363637,85.45454545454545,921.2774310054268,355,rolled,1040.5966987849476,0.12951502312316818,True,True,0.9086386576554687,1,557.7102346687439,204.14372400956117,15.72502749086954,9.768578154215115,355.0,rolled,1.0,False,original,,40,1,41,0.02086162567138672,7.104873657226562e-05,0.020932674407958984
gated_cost_merged_seed43,none,7.636363636363637,96.36363636363636,990.3158107657674,355,rolled,1124.3956930134373,0.13539103464781785,True,True,0.8701968093399806,2,606.5097806247777,198.8580332520013,18.001489060355922,9.347267621901796,355.0,rolled,1.0,False,original,,40,1,41,0.024277687072753906,0.00012421607971191406,0.02440190315246582
gated_cost_merged_seed43,none,7.636363636363637,107.27272727272728,1055.0870687226268,355,rolled,1212.988622061888,0.14965736764306053,True,True,0.837458520123291,2,672.0890146957731,221.17147139142432,14.686354553292816,10.860208655396963,355.0,rolled,1.0,False,original,,40,1,41,0.021688461303710938,7.43865966796875e-05,0.021762847900390625
gated_cost_merged_seed43,none,7.636363636363637,118.18181818181816,1088.4839809208006,355,rolled,1288.336144936144,0.1836059763105368,True,True,0.8430893497097303,2,710.4357220484567,224.30668956788767,14.373323037703667,11.538240958400749,355.0,rolled,1.0,False,original,,40,1,41,0.020998477935791016,7.796287536621094e-05,0.021076440811157227
gated_cost_merged_seed43,none,7.636363636363637,129.0909090909091,1173.7978050697595,355,rolled,1371.2870891093098,0.16824812858447402,True,True,0.8336997661581373,2,743.6279093133995,227.73737923956526,14.557267256892791,12.042719652525866,355.0,rolled,1.0,False,original,,40,1,41,0.021026611328125,7.653236389160156e-05,0.0211031436920166
gated_cost_merged_seed43,none,7.636363636363637,140.0,1251.7374258469372,355,rolled,1428.4694563978132,0.14118937957878627,True,True,0.8127620472866761,2,750.0,242.5450485797516,15.059658295383434,11.898031992884214,355.0,rolled,1.0,False,original,,40,1,41,0.02119278907775879,7.700920104980469e-05,0.021269798278808594
gated_cost_merged_seed43,none,8.454545454545455,20.0,516.1523336674153,355,rolled,656.276019207562,0.27147738448555747,True,True,0.701556500520481,2,370.03270061805335,183.68701118168164,11.932211586151105,6.361372474973448,355.0,rolled,1.0,False,original,,40,1,41,0.021210193634033203,7.390975952148438e-05,0.021284103393554688
gated_cost_merged_seed43,none,8.454545454545455,30.909090909090907,633.218032838701,355,rolled,799.209262707157,0.2621391389065807,True,True,0.7832141442311874,1,407.67214148163237,193.39696746818285,13.731479524381191,7.124402687551053,355.0,rolled,1.0,False,original,,40,1,41,0.021187305450439453,7.939338684082031e-05,0.021266698837280273
gated_cost_merged_seed43,none,8.454545454545455,41.81818181818181,757.3789000305048,355,rolled,888.0656014532456,0.17255128366723324,True,True,0.8382136389342074,1,442.12818143321766,209.87421947132998,14.145663809446933,7.186561423925772,355.0,rolled,1.0,False,original,,40,1,41,0.02142810821533203,7.748603820800781e-05,0.02150559425354004
gated_cost_merged_seed43,none,8.454545454545455,52.72727272727273,897.7427828478864,355,rolled,1003.4534270372743,0.1177515945648093,True,True,0.897488119555299,1,460.53358602407167,212.26425602677895,15.625426457870276,8.004410077985032,355.0,rolled,1.0,False,original,,40,1,41,0.02097177505493164,7.677078247070312e-05,0.021048545837402344
gated_cost_merged_seed43,none,8.454545454545455,63.63636363636363,969.5859503873623,355,rolled,1094.3997581646183,0.12872897727879745,True,True,0.8688599607063195,2,531.8629173594965,225.72775600808544,14.920725222853617,8.458186776851576,355.0,rolled,1.0,False,original,,40,1,41,0.02307915687561035,0.00011706352233886719,0.02319622039794922
gated_cost_merged_seed43,none,8.454545454545455,74.54545454545453,1093.1775012217977,355,rolled,1209.5682316626487,0.10647011149677531,True,True,0.8616918811440978,2,586.0148147764089,230.3055633338237,14.981845924891092,9.418448151264313,355.0,rolled,1.0,False,original,,40,1,41,0.02139878273010254,7.748603820800781e-05,0.021476268768310547
gated_cost_merged_seed43,none,8.454545454545455,85.45454545454545,1181.2789978646645,355,rolled,1330.7794394597142,0.1265581135915341,True,True,0.8551404344125648,1,632.6277215990597,233.21952029367006,15.2416905711934,10.371219572596036,355.0,rolled,1.0,False,original,,40,1,41,0.02112412452697754,7.224082946777344e-05,0.021196365356445312
gated_cost_merged_seed43,none,8.454545454545455,96.36363636363636,1257.923897819336,355,rolled,1435.537153157588,0.14119554898841816,True,True,0.8497603473759613,2,676.9183372655808,236.42771159500603,15.475599512015384,10.97239534744237,355.0,rolled,1.0,False,original,,40,1,41,0.02090740203857422,8.702278137207031e-05,0.02099442481994629
gated_cost_merged_seed43,none,8.454545454545455,107.27272727272728,1345.9822136266182,460,rolled,1533.9943277842126,0.13968395143277118,True,True,0.8462852238427827,2,722.9109462260419,240.75642340100018,15.289121725944945,11.60082598333041,355.0,rolled,0.0,False,original,,40,1,41,0.021106958389282227,7.271766662597656e-05,0.021179676055908203
gated_cost_merged_seed43,none,8.454545454545455,118.18181818181816,1418.3994702060834,355,rolled,1605.1801902591046,0.13168414397805953,True,True,0.8503979756862697,2,748.6909582614899,247.6786429544348,15.444271278040489,11.782425142166534,355.0,rolled,1.0,False,original,,40,1,41,0.02124619483947754,6.985664367675781e-05,0.021316051483154297
gated_cost_merged_seed43,none,8.454545454545455,129.0909090909091,1503.943042662674,355,rolled,1701.199144810387,0.1311592903136002,True,True,0.8238853721568109,2,750.0,262.938990185789,16.471026738692427,11.728033506843209,355.0,rolled,1.0,False,original,,40,1,41,0.020975828170776367,6.961822509765625e-05,0.021045446395874023
gated_cost_merged_seed43,none,8.454545454545455,140.0,1589.050557323039,355,rolled,1774.4181047776258,0.11665302063570746,True,True,0.8317228953146018,2,750.0,268.99695065805923,17.535943669485636,11.710194089081483,355.0,rolled,1.0,False,original,,40,1,41,0.021159648895263672,7.271766662597656e-05,0.02123236656188965
gated_cost_merged_seed43,none,9.272727272727272,20.0,633.3700898588271,355,rolled,977.5794991966235,0.5434570006526797,True,True,0.635268372809323,1,378.8019430039051,199.33415580223675,13.25939087814899,6.3519698023796085,355.0,rolled,1.0,False,original,,40,1,41,0.022605419158935547,0.00011134147644042969,0.022716760635375977
gated_cost_merged_seed43,none,9.272727272727272,30.909090909090907,801.8071464602682,355,rolled,1150.168735509585,0.4344705464240698,True,True,0.7332416995267454,1,416.7431402159109,213.09460200049278,14.596033792920498,6.7898808114671745,355.0,rolled,1.0,False,original,,40,1,41,0.0210726261138916,7.82012939453125e-05,0.021150827407836914
gated_cost_merged_seed43,none,9.272727272727272,41.81818181818181,962.5021253931346,355,rolled,1288.9636420488746,0.3391800475478395,True,True,0.8418778989026294,2,454.05829789605053,225.78084922382277,16.102485062954877,6.279542412838769,355.0,rolled,1.0,False,original,,40,1,41,0.021203994750976562,7.748603820800781e-05,0.02128148078918457
gated_cost_merged_seed43,none,9.272727272727272,52.72727272727273,1070.6846994207378,355,rolled,1233.4442118245465,0.152014418896492,True,True,0.8679018880686504,2,499.76761474039546,239.0146235091744,15.844275002365663,7.9289491221473085,355.0,rolled,1.0,False,original,,40,1,41,0.021916627883911133,7.843971252441406e-05,0.021995067596435547
gated_cost_merged_seed43,none,9.272727272727272,63.63636363636363,1216.7126656588257,355,rolled,1358.7824340519023,0.11676525806209856,True,True,0.8674286974119553,2,562.2290687685372,246.2889459746142,15.752487569962717,8.804682804970493,355.0,rolled,1.0,False,original,,40,1,41,0.021190881729125977,7.486343383789062e-05,0.021265745162963867
gated_cost_merged_seed43,none,9.272727272727272,74.54545454545453,1356.4151141978043,355,rolled,1498.1486302669718,0.10449125388357972,True,True,0.8640507982739837,2,619.0444921109246,249.54686517259867,15.967615929799054,9.773272692017137,355.0,rolled,1.0,False,original,,40,1,41,0.021204710006713867,8.845329284667969e-05,0.021293163299560547
gated_cost_merged_seed43,none,9.272727272727272,85.45454545454545,1422.5235716023028,355,rolled,1619.5012780944603,0.13847060985448956,True,True,0.8616805534750942,2,669.4876835909755,255.27269406534177,15.984993877163296,10.44138460253596,355.0,rolled,1.0,False,original,,40,1,41,0.020763158798217773,7.05718994140625e-05,0.020833730697631836
gated_cost_merged_seed43,none,9.272727272727272,96.36363636363636,1530.0841209322955,355,rolled,1758.4965215916766,0.14928094314200657,True,True,0.8550081210275264,2,725.0481162148142,256.80230774608265,16.059563183266533,11.315883939782479,355.0,rolled,1.0,False,original,,40,1,41,0.02110004425048828,6.890296936035156e-05,0.021168947219848633
gated_cost_merged_seed43,none,9.272727272727272,107.27272727272728,1647.0835657255905,355,rolled,1876.891985110303,0.1395244443978621,True,True,0.8505987263816687,2,750.0,264.5246207861379,16.563791200710707,11.73091349555935,355.0,rolled,1.0,False,original,,40,1,41,0.02078723907470703,7.033348083496094e-05,0.020857572555541992
gated_cost_merged_seed43,none,9.272727272727272,118.18181818181816,1794.0191544704012,355,rolled,1976.5791320560284,0.1017603279935544,True,True,0.8520204993115028,2,750.0,275.91675484742507,17.51468209696151,11.776048497982783,355.0,rolled,1.0,False,original,,40,1,41,0.024829864501953125,0.0001342296600341797,0.024964094161987305
gated_cost_merged_seed43,none,9.272727272727272,129.0909090909091,1876.6125693849333,355,rolled,2096.8017328376513,0.11733330951997506,True,True,0.8640405567282512,2,750.0,274.7573609175051,19.34296334102631,12.027670565508869,355.0,rolled,1.0,False,original,,40,1,41,0.02103257179260254,6.842613220214844e-05,0.021100997924804688
gated_cost_merged_seed43,none,9.272727272727272,140.0,1975.8458780810136,355,rolled,2190.839369396131,0.1088108610596309,True,True,0.8668158394780957,2,750.0,281.5565827485076,20.70928647290252,11.831272950764317,355.0,rolled,1.0,False,original,,40,1,41,0.020972490310668945,7.2479248046875e-05,0.02104496955871582
gated_cost_merged_seed43,none,10.09090909090909,20.0,771.2799576046779,355,rolled,1203.805275394943,0.560789002132942,True,True,0.6220044780846024,2,401.9837248654639,207.18119057317395,15.164917539271574,6.0,355.0,rolled,1.0,False,original,,40,1,41,0.021333694458007812,7.319450378417969e-05,0.021406888961791992
gated_cost_merged_seed43,none,10.09090909090909,30.909090909090907,964.7090665866748,355,rolled,1379.5774838038403,0.43004511057934736,True,True,0.9050852142065984,3,462.3345102005233,194.03366246717619,18.481881620521335,6.076105215033044,355.0,rolled,1.0,False,original,,40,1,41,0.021121978759765625,7.128715515136719e-05,0.021193265914916992
gated_cost_merged_seed43,none,10.09090909090909,41.81818181818181,1147.2574547707825,355,rolled,1359.787375612065,0.1852504160748689,True,True,0.7767823089750645,1,484.2881334443888,244.6278961408136,15.968756516509288,8.00222633172257,355.0,rolled,1.0,False,original,,40,1,41,0.02104330062866211,7.987022399902344e-05,0.021123170852661133
gated_cost_merged_seed43,none,10.09090909090909,52.72727272727273,1318.1429375417918,355,rolled,1541.6474558376747,0.16956015309894773,True,True,0.8453509879595097,2,531.1338270758963,258.3735900799016,16.813003958985718,8.58994036463454,355.0,rolled,1.0,False,original,,40,1,41,0.02113509178161621,7.176399230957031e-05,0.02120685577392578
gated_cost_merged_seed43,none,10.09090909090909,63.63636363636363,1473.4968374975142,355,rolled,1690.289338513103,0.14712790383980354,True,True,0.9053408844678223,1,573.838179942188,252.81069263187118,17.59331348790165,9.868733316416417,355.0,rolled,1.0,False,original,,40,1,41,0.021547794342041016,9.250640869140625e-05,0.021640300750732422
gated_cost_merged_seed43,none,10.09090909090909,74.54545454545453,1593.8205978972342,355,rolled,1849.7951024487236,0.16060433959079382,True,True,0.8450167192079278,2,657.0742556739962,270.613293011251,16.935927533366044,10.247487378199647,355.0,rolled,1.0,False,original,,40,1,41,0.026245832443237305,0.0001609325408935547,0.02640676498413086
gated_cost_merged_seed43,none,10.09090909090909,85.45454545454545,1744.078619322344,355,rolled,2029.543746209913,0.16367675386014746,True,True,0.8491761712779488,2,727.3894507915954,266.9414706729199,17.00348184198459,11.517204742983564,355.0,rolled,1.0,False,original,,40,1,41,0.021596431732177734,7.295608520507812e-05,0.021669387817382812
gated_cost_merged_seed43,none,10.09090909090909,96.36363636363636,1930.113776773892,355,rolled,2166.0751905350385,0.1222525928785124,True,True,0.8415760029304807,2,750.0,279.8111290598248,17.558988138874387,11.729495119466609,355.0,rolled,1.0,False,original,,40,1,41,0.021062135696411133,7.2479248046875e-05,0.021134614944458008
gated_cost_merged_seed43,none,10.09090909090909,107.27272727272728,2067.605711285596,355,rolled,2291.617279009629,0.1083434653431804,True,True,0.8438373942959174,2,750.0,292.5092091085792,18.71698450167637,11.672376914015146,355.0,rolled,1.0,False,original,,40,1,41,0.0213010311126709,7.867813110351562e-05,0.021379709243774414
gated_cost_merged_seed43,none,10.09090909090909,118.18181818181816,2170.353625378734,355,rolled,2432.554909800067,0.12081039760309945,True,True,0.8679356827383906,2,750.0,288.5972611434364,20.767491732557925,11.948637975815288,355.0,rolled,1.0,False,original,,40,1,41,0.02117753028869629,7.700920104980469e-05,0.021254539489746094
gated_cost_merged_seed43,none,10.09090909090909,129.0909090909091,2307.5736162550616,355,rolled,2566.1675634872245,0.11206314087254667,True,True,0.8584705014966956,2,750.0,300.0,22.33971354278914,11.585675104995623,355.0,rolled,1.0,False,original,,40,1,41,0.021326780319213867,7.581710815429688e-05,0.021402597427368164
gated_cost_merged_seed43,none,10.09090909090909,140.0,2443.406284429296,355,rolled,2794.2426206211853,0.14358493649934834,True,True,0.856110172098499,1,750.0,300.0,24.297725902285066,12.709331948642818,355.0,rolled,1.0,False,original,,40,1,41,0.021111488342285156,7.2479248046875e-05,0.02118396759033203
gated_cost_merged_seed43,none,10.90909090909091,20.0,939.0466900997784,355,rolled,1283.603068805115,0.3669214559168787,True,True,0.6588922150017663,2,540.6575996226541,209.91154330137195,13.376784338991506,8.497302667016488,355.0,rolled,1.0,False,original,,40,1,41,0.021709680557250977,7.319450378417969e-05,0.021782875061035156
gated_cost_merged_seed43,none,10.90909090909091,30.909090909090907,1197.1649157491154,355,rolled,1673.5641882643695,0.3979395538977614,True,True,0.8891714196566083,3,470.5760040286927,219.80717083761806,18.65045957579151,6.345325633104891,355.0,rolled,1.0,False,original,,40,1,41,0.02178955078125,7.772445678710938e-05,0.02186727523803711
gated_cost_merged_seed43,none,10.90909090909091,41.81818181818181,1403.509472950396,355,rolled,1744.137595112969,0.2426974158190179,True,True,0.7215382811627807,1,509.64404194244105,265.5306824098571,17.627524506391296,8.859810581812377,355.0,rolled,1.0,False,original,,40,1,41,0.02270650863647461,7.677078247070312e-05,0.022783279418945312
gated_cost_merged_seed43,none,10.90909090909091,52.72727272727273,1588.7457907355176,355,rolled,1867.1209664548128,0.17521693989220263,True,True,0.8872949439534065,1,548.38969548816,260.8657075106057,18.538991003092473,9.482221817550245,355.0,rolled,1.0,False,original,,40,1,41,0.021128416061401367,9.179115295410156e-05,0.02122020721435547
gated_cost_merged_seed43,none,10.90909090909091,63.63636363636363,1789.9941201560932,355,rolled,2072.1049019379648,0.1576043064081521,True,True,0.8258390176805035,2,624.060491156806,285.10769248146545,18.23669177687162,9.728053629248901,355.0,rolled,1.0,False,original,,40,1,41,0.021600008010864258,7.343292236328125e-05,0.02167344093322754
gated_cost_merged_seed43,none,10.90909090909091,74.54545454545453,1942.2808212955647,355,rolled,2269.059578596901,0.16824485610858475,True,True,0.8391450228924883,2,709.3056881527347,280.3442038186707,17.99595766064035,11.222892547804413,355.0,rolled,1.0,False,original,,40,1,41,0.0213620662689209,7.939338684082031e-05,0.02144145965576172
gated_cost_merged_seed43,none,10.90909090909091,85.45454545454545,2177.190622234541,355,rolled,2419.382478462367,0.11124053803761773,True,True,0.8835790875737477,2,741.7574280333913,276.89658545946,18.852074937253484,11.896223998276936,355.0,rolled,1.0,False,original,,40,1,41,0.021161556243896484,7.843971252441406e-05,0.0212399959564209
gated_cost_merged_seed43,none,10.90909090909091,96.36363636363636,2344.698716886334,355,rolled,2599.2774292820213,0.10857630046974984,True,True,0.8521819399183616,2,750.0,300.0,19.748065282853204,11.774663147489086,355.0,rolled,1.0,False,original,,40,1,41,0.035158634185791016,0.0001361370086669922,0.03529477119445801
gated_cost_merged_seed43,none,10.90909090909091,107.27272727272728,2499.121791022924,355,rolled,2773.028357840774,0.10960112780487438,True,True,0.8640108232014239,2,750.0,300.0,22.253775854581622,11.642636148333468,355.0,rolled,1.0,False,original,,40,1,41,0.06775879859924316,0.00011348724365234375,0.06787228584289551
gated_cost_merged_seed43,none,10.90909090909091,118.18181818181816,2669.547168301596,355,rolled,3039.422256761046,0.13855349433468522,True,True,0.8599232225760439,1,750.0,300.0,24.843622501371097,12.468214977774348,355.0,rolled,1.0,False,original,,40,1,41,0.021602869033813477,8.177757263183594e-05,0.021684646606445312
gated_cost_merged_seed43,none,10.90909090909091,129.0909090909091,2855.841135487434,355,rolled,3548.589171026848,0.24257232901758596,True,True,0.875566921078211,1,750.0,300.0,24.48487147148514,18.411090242080235,355.0,rolled,1.0,False,original,,40,1,41,0.02158212661743164,7.963180541992188e-05,0.021661758422851562
gated_cost_merged_seed43,none,10.90909090909091,140.0,3078.8301843712,460,rolled,3892.742109000523,0.2643575240885041,True,True,0.8579834247864581,1,682.6755799958507,300.0,32.757153981885075,17.207602757785125,355.0,rolled,0.0,False,original,,40,1,41,0.021021604537963867,8.368492126464844e-05,0.021105289459228516
gated_cost_merged_seed43,none,11.727272727272728,20.0,1117.8784812198996,355,rolled,1653.1261647155989,0.47880667933745635,True,True,0.7000713365806996,2,424.89961017609085,219.94684953682616,17.552664480541193,6.0,355.0,rolled,1.0,False,original,,40,1,41,0.02186107635498047,8.416175842285156e-05,0.02194523811340332
gated_cost_merged_seed43,none,11.727272727272728,30.909090909090907,1399.1707585826318,355,rolled,2034.790464860448,0.4542831547749774,True,True,0.7291588730798144,2,470.05058330945934,267.07195422771724,17.061092856069482,7.50032628703525,355.0,rolled,1.0,False,original,,40,1,41,0.021577835083007812,8.249282836914062e-05,0.021660327911376953
gated_cost_merged_seed43,none,11.727272727272728,41.81818181818181,1658.320920880548,355,rolled,2032.3667249256687,0.2255569469910003,True,True,0.7269747033101511,2,545.2686595384794,281.1194938748636,17.92112005484813,9.08313003515178,355.0,rolled,1.0,False,original,,40,1,41,0.021724462509155273,8.177757263183594e-05,0.02180624008178711
gated_cost_merged_seed43,none,11.727272727272728,52.72727272727273,1896.895430152976,355,rolled,2214.1791581626153,0.16726474373131464,True,True,0.8860281763451568,1,588.0817296313659,274.8157385222528,19.104013084343556,10.035563186283703,355.0,rolled,1.0,False,original,,40,1,41,0.021381855010986328,8.130073547363281e-05,0.02146315574645996
gated_cost_merged_seed43,none,11.727272727272728,63.63636363636363,2122.483987052358,355,rolled,2428.561773088072,0.14420734757145848,True,True,0.8908291695851599,1,658.8733166218157,284.0877645657879,18.911762692476835,10.988181056757492,355.0,rolled,1.0,False,original,,40,1,41,0.027299880981445312,0.00010728836059570312,0.027407169342041016
gated_cost_merged_seed43,none,11.727272727272728,74.54545454545453,2414.680044837911,355,rolled,2715.474438931954,0.12456904786912852,True,True,0.820638107024385,2,750.0,300.0,18.948136533045304,11.62217412459197,355.0,rolled,1.0,False,original,,40,1,41,0.021898269653320312,8.58306884765625e-05,0.021984100341796875
gated_cost_merged_seed43,none,11.727272727272728,85.45454545454545,2607.2244497923484,355,rolled,2898.1545098071742,0.11158611988238944,True,True,0.8609345931795629,2,750.0,300.0,21.07292142906701,11.757958640090454,355.0,rolled,1.0,False,original,,40,1,41,0.021459102630615234,0.000102996826171875,0.02156209945678711
gated_cost_merged_seed43,none,11.727272727272728,96.36363636363636,2809.399526814627,460,rolled,3187.878320120772,0.13471875028585725,True,True,0.8617725237748128,1,750.0,300.0,24.13974629881488,12.225421935078844,355.0,rolled,0.0,False,original,,40,1,41,0.022062063217163086,8.249282836914062e-05,0.022144556045532227
gated_cost_merged_seed43,none,11.727272727272728,107.27272727272728,3054.1802093068686,355,rolled,3850.618129185988,0.26076978609584633,True,True,0.8930020621756523,1,695.2523766345937,300.0,26.629006829952644,18.50461443853034,355.0,rolled,1.0,False,original,,40,1,41,0.02155900001525879,8.273124694824219e-05,0.02164173126220703
gated_cost_merged_seed43,none,11.727272727272728,118.18181818181816,3357.8991517305085,355,rolled,4256.451566385591,0.2675936274596006,True,True,0.9925365884239362,1,750.0,274.82097117841107,28.999641221326826,14.397596559769656,355.0,rolled,1.0,False,original,,40,1,41,0.022162437438964844,7.987022399902344e-05,0.022242307662963867
gated_cost_merged_seed43,none,11.727272727272728,129.0909090909091,3564.383823711408,460,rolled,4494.185828925701,0.2608591137208502,True,True,0.839428521185826,1,713.5010447796445,300.0,35.0,17.89141927744727,355.0,rolled,0.0,False,original,,40,1,41,0.021297931671142578,8.320808410644531e-05,0.021381139755249023
gated_cost_merged_seed43,none,11.727272727272728,140.0,3755.070343632353,460,rolled,4575.003525659209,0.21835361444486787,True,True,0.8603078561081813,1,750.0,300.0,35.0,17.79091455657797,355.0,rolled,0.0,False,original,,25,1,26,0.013564109802246094,7.772445678710938e-05,0.013641834259033203
gated_cost_merged_seed43,none,12.545454545454549,20.0,1307.1994834284806,355,rolled,1767.3433275037974,0.352007363763996,True,True,0.6722588727638064,1,452.90181869780014,245.09537093905428,16.811217196067066,8.851539311882403,355.0,rolled,1.0,False,original,,40,1,41,0.02323460578918457,8.034706115722656e-05,0.023314952850341797
gated_cost_merged_seed43,none,12.545454545454549,30.909090909090907,1673.5520688887286,355,rolled,2057.6014086103087,0.22948156012653753,True,True,0.8425692223919063,1,550.939017814634,241.13485632711416,18.661211587570282,9.569697228231984,355.0,rolled,1.0,False,original,,40,1,41,0.02204728126525879,8.559226989746094e-05,0.02213287353515625
gated_cost_merged_seed43,none,12.545454545454549,41.81818181818181,1957.4303873162305,355,rolled,2399.3143235808707,0.2257469482071814,True,True,0.7128430917231965,2,582.9839526182668,296.06805674099417,18.665471968578117,9.480908566543837,355.0,rolled,1.0,False,original,,40,1,41,0.02170586585998535,8.392333984375e-05,0.0217897891998291
gated_cost_merged_seed43,none,12.545454545454549,52.72727272727273,2222.5772160497027,355,rolled,2628.3703201756302,0.18257773057134272,True,True,0.9470767693552378,1,613.1176547426904,274.3480215371197,20.007754992782985,11.859390088842797,355.0,rolled,1.0,False,original,,40,1,41,0.021819591522216797,8.20159912109375e-05,0.021901607513427734
gated_cost_merged_seed43,none,12.545454545454549,63.63636363636363,2552.3230156844406,355,rolled,2943.5325906198423,0.15327588731181557,True,True,0.8207317036472114,2,750.0,300.0,19.361119391809634,11.654359451275628,355.0,rolled,1.0,False,original,,40,1,41,0.021755218505859375,8.368492126464844e-05,0.021838903427124023
gated_cost_merged_seed43,none,12.545454545454549,74.54545454545453,2864.0220557743514,355,rolled,3191.1558267050195,0.11422180575429274,True,True,0.850200793526037,2,750.0,300.0,22.473608866547107,11.483663391362064,355.0,rolled,1.0,False,original,,40,1,41,0.021577835083007812,8.296966552734375e-05,0.021660804748535156
gated_cost_merged_seed43,none,12.545454545454549,85.45454545454545,3136.2352005841685,355,rolled,3668.547171617115,0.16972960794961928,True,True,0.8406932833521717,1,750.0,300.0,26.013899664487074,13.182269309445504,355.0,rolled,1.0,False,original,,40,1,41,0.021304845809936523,8.344650268554688e-05,0.02138829231262207
gated_cost_merged_seed43,none,12.545454545454549,96.36363636363636,3474.753399293351,355,rolled,4584.166299844419,0.3192781682799953,True,True,0.7614816485465447,1,742.3984478279459,300.0,32.305143919054544,17.141265527163863,355.0,rolled,1.0,False,original,,40,1,41,0.022022485733032227,8.320808410644531e-05,0.022105693817138672
gated_cost_merged_seed43,none,12.545454545454549,107.27272727272728,3810.945853911128,460,rolled,4955.460782263029,0.3003230621021023,True,True,0.8351276497735715,2,750.0,300.0,35.0,10.573022464262687,355.0,rolled,0.0,False,original,,40,1,41,0.021599531173706055,8.7738037109375e-05,0.02168726921081543
gated_cost_merged_seed43,none,12.545454545454549,118.18181818181816,4051.8868674716473,460,rolled,4953.927447956766,0.22262235101543845,True,True,0.8840631603487921,1,750.0,289.0496194021044,35.0,19.512257056813144,355.0,rolled,0.0,False,original,,25,1,26,0.013887166976928711,8.058547973632812e-05,0.013967752456665039
gated_cost_merged_seed43,none,12.545454545454549,129.0909090909091,4389.083655555064,460,rolled,5013.921120173249,0.14236171229667866,True,True,1.0000106999100093,2,750.0,300.0,35.0,11.06207794484914,355.0,rolled,0.0,False,original,,40,1,41,0.021318435668945312,7.486343383789062e-05,0.021393299102783203
gated_cost_merged_seed43,none,12.545454545454549,140.0,4731.036754406592,460,rolled,5758.771211477514,0.21723239755296075,True,True,0.8340257652616502,1,750.0,300.0,35.0,20.224309147525346,460.0,rolled,1.0,False,original,,40,1,41,0.02097344398498535,7.677078247070312e-05,0.021050214767456055
gated_cost_merged_seed43,none,13.363636363636363,20.0,1553.9456704912225,355,rolled,2355.9356821862543,0.5160991319867138,True,True,0.6876684011965807,2,519.0831006717553,250.16496842846104,18.184770752284336,7.21560588302485,355.0,rolled,1.0,False,original,,40,1,41,0.02185797691345215,7.462501525878906e-05,0.021932601928710938
gated_cost_merged_seed43,none,13.363636363636363,30.909090909090907,2055.764041961098,355,rolled,2566.8309341092327,0.2486019220671853,True,True,0.6418129016456813,1,551.3006514325566,294.45191281195343,19.259193918663506,9.661136919558743,355.0,rolled,1.0,False,original,,40,1,41,0.021542787551879883,7.891654968261719e-05,0.0216217041015625
gated_cost_merged_seed43,none,13.363636363636363,41.81818181818181,2295.1327804460216,355,rolled,2706.693424841065,0.17931888207141689,True,True,0.8699515542901285,1,634.6522910653574,276.4114189841498,19.922275282352764,10.373637320217487,355.0,rolled,1.0,False,original,,40,1,41,0.02148890495300293,7.796287536621094e-05,0.02156686782836914
gated_cost_merged_seed43,none,13.363636363636363,52.72727272727273,2698.233573079863,355,rolled,3196.130685865216,0.18452706161277016,True,True,0.789853926665611,2,740.0432180774206,300.0,20.16392518971178,11.708635127852977,355.0,rolled,1.0,False,original,,40,1,41,0.02255415916442871,8.153915405273438e-05,0.022635698318481445
gated_cost_merged_seed43,none,13.363636363636363,63.63636363636363,3099.504449257762,355,rolled,3446.04524645356,0.11180522656735789,True,True,0.8555310166749597,1,750.0,300.0,22.3456103887507,12.009374309815293,355.0,rolled,1.0,False,original,,40,1,41,0.021104812622070312,8.320808410644531e-05,0.021188020706176758
gated_cost_merged_seed43,none,13.363636363636363,74.54545454545453,3409.0278837627866,355,rolled,4524.113464824253,0.3270978176425672,True,True,0.8580640361754351,1,606.8556214650761,300.0,32.44447424222224,17.07717628486554,355.0,rolled,1.0,False,original,,40,1,41,0.02129673957824707,8.153915405273438e-05,0.021378278732299805
gated_cost_merged_seed43,none,13.363636363636363,85.45454545454545,3859.8972334468967,355,rolled,4499.803245423229,0.16578317330093648,True,True,0.9213125373183121,1,750.0,300.0,26.31215834626062,18.32629606886733,355.0,rolled,1.0,False,original,,40,1,41,0.0211641788482666,8.392333984375e-05,0.02124810218811035
gated_cost_merged_seed43,none,13.363636363636363,96.36363636363636,4245.414696419247,460,rolled,5226.597311387255,0.2311158473624678,True,True,0.8163195769068358,1,750.0,300.0,35.0,17.914350699914635,355.0,rolled,0.0,False,original,,40,1,41,0.021164894104003906,8.320808410644531e-05,0.02124810218811035
gated_cost_merged_seed43,none,13.363636363636363,107.27272727272728,4631.739739142465,460,rolled,5236.381141353163,0.1305430434920429,True,True,0.9079314087743768,1,750.0,300.0,35.0,18.00569476621206,355.0,rolled,0.0,False,original,,40,1,41,0.026255130767822266,8.630752563476562e-05,0.02634143829345703
gated_cost_merged_seed43,none,13.363636363636363,118.18181818181816,5063.816158705762,460,rolled,6324.7130115082045,0.24900130914798246,True,True,0.8856546492331087,1,750.0,300.0,35.0,13.257749396334921,460.0,rolled,1.0,False,original,,40,1,41,0.02105855941772461,8.082389831542969e-05,0.02113938331604004
gated_cost_merged_seed43,none,13.363636363636363,129.0909090909091,5459.024045280959,460,rolled,9837.697668203264,0.8020982480755765,True,True,0.8874656367953747,3,750.0,300.0,35.0,12.827968372522118,620.0,rolled,0.0,False,original,,40,1,41,0.028466224670410156,0.00011014938354492188,0.028576374053955078
gated_cost_merged_seed43,none,13.363636363636363,140.0,5943.747564514266,460,rolled,11920.464010841348,1.0055468172991815,True,True,0.9078074327796894,3,750.0,300.0,35.0,13.691227938634928,690.0,rolled,0.0,False,original,,40,1,41,0.02432727813720703,9.489059448242188e-05,0.024422168731689453
gated_cost_merged_seed43,none,14.181818181818182,20.0,1796.9028968466985,355,rolled,2607.7054102850275,0.45122221955408315,True,True,0.7453567783604841,2,564.7058971308549,256.110961697747,17.364929562883002,7.977469221445739,355.0,rolled,1.0,False,original,,40,1,41,0.02172398567199707,8.916854858398438e-05,0.021813154220581055
gated_cost_merged_seed43,none,14.181818181818182,30.909090909090907,2224.07150895444,355,rolled,3125.3425456699943,0.4052347386704537,True,True,0.626008041778732,1,587.3451540645395,294.2101880371836,21.178572309930587,11.440700159321437,355.0,rolled,1.0,False,original,,40,1,41,0.020267724990844727,7.724761962890625e-05,0.020344972610473633
gated_cost_merged_seed43,none,14.181818181818182,41.81818181818181,2615.0382292659383,355,rolled,3323.8377856955644,0.2710474931101071,True,True,0.7578696660204908,2,738.4351525874125,300.0,19.654173749486286,11.574316801925052,355.0,rolled,1.0,False,original,,40,1,41,0.020252704620361328,8.0108642578125e-05,0.020332813262939453
gated_cost_merged_seed43,none,14.181818181818182,52.72727272727273,3202.0654799770145,355,rolled,3699.9766555196056,0.155496874956525,True,True,0.813156949061993,2,750.0,300.0,23.018494305925383,11.823808403115526,355.0,rolled,1.0,False,original,,40,1,41,0.020157337188720703,7.081031799316406e-05,0.020228147506713867
gated_cost_merged_seed43,none,14.181818181818182,63.63636363636363,3623.765744949169,355,rolled,4616.050254918019,0.2738268916394233,True,True,0.8175772507537373,1,750.0,300.0,26.319814639741473,16.953961048348766,355.0,rolled,1.0,False,original,,40,1,41,0.02030014991760254,6.389617919921875e-05,0.020364046096801758
gated_cost_merged_seed43,none,14.181818181818182,74.54545454545453,4194.266016339479,355,rolled,5024.9632709227135,0.1980554526935371,True,True,0.8702494116138402,1,727.9908416629249,300.0,29.998621749507286,18.05706565897982,355.0,rolled,1.0,False,original,,40,1,41,0.02104973793029785,5.435943603515625e-05,0.021104097366333008
gated_cost_merged_seed43,none,14.181818181818182,85.45454545454545,4665.282330709234,460,rolled,5661.758722148575,0.21359401656787888,True,True,0.8982723991632197,2,750.0,300.0,35.0,11.016550283392634,355.0,rolled,0.0,False,original,,40,1,41,0.02223515510559082,5.4836273193359375e-05,0.02228999137878418
gated_cost_merged_seed43,none,14.181818181818182,96.36363636363636,5186.697126154381,460,rolled,5844.05477739623,0.12673916275678873,True,True,1.000166640031403,1,750.0,300.0,35.0,12.365601903547802,355.0,rolled,0.0,False,original,,40,1,41,0.01882171630859375,5.245208740234375e-05,0.018874168395996094
gated_cost_merged_seed43,none,14.181818181818182,107.27272727272728,5684.871516431859,460,rolled,6629.435798929811,0.1661540247246983,True,True,0.9474938343069341,2,750.0,300.0,35.0,12.715170254255879,460.0,rolled,1.0,False,original,,40,1,41,0.02001476287841797,6.222724914550781e-05,0.020076990127563477
gated_cost_merged_seed43,none,14.181818181818182,118.18181818181816,6186.248050426683,460,rolled,12537.666818554157,1.0266996596894298,True,True,0.9112195158349768,3,750.0,300.0,35.0,13.333552137228565,690.0,rolled,0.0,False,original,,39,1,40,0.019685745239257812,5.030632019042969e-05,0.019736051559448242
gated_cost_merged_seed43,none,14.181818181818182,129.0909090909091,8947.780102569574,500,rolled,13823.496751144372,0.544907965180617,True,True,0.9144752985194702,1,750.0,300.0,35.0,17.38386152110217,690.0,rolled,0.0,False,original,,15,1,16,0.007591962814331055,4.8160552978515625e-05,0.00764012336730957
gated_cost_merged_seed43,none,14.181818181818182,140.0,12705.653958132376,620,rolled,16243.099208811742,0.2784150475320627,True,True,0.9368838532422804,1,744.3432537934904,300.0,35.0,25.0,690.0,rolled,0.0,False,original,,8,1,9,0.004225015640258789,4.839897155761719e-05,0.004273414611816406
gated_cost_merged_seed43,none,15.0,20.0,2057.248334677028,355,rolled,3142.4335050019226,0.5274935223098673,True,True,0.5947905358533049,2,551.7258545047603,300.0,18.034643837059335,8.00940201037713,355.0,rolled,1.0,False,original,,40,1,41,0.020967483520507812,5.125999450683594e-05,0.02101874351501465
gated_cost_merged_seed43,none,15.0,30.909090909090907,2565.283454586496,355,rolled,3301.2611069665254,0.2868991538007885,True,True,0.7170480427850721,2,683.54743809569,300.0,19.84068365030467,10.511051641079504,355.0,rolled,1.0,False,original,,40,1,41,0.020568132400512695,4.9591064453125e-05,0.02061772346496582
gated_cost_merged_seed43,none,15.0,41.81818181818181,3234.6725939942403,355,rolled,3796.7824525483784,0.17377643091229622,True,True,0.7802674671844896,2,750.0,300.0,22.26118101007979,11.507250478201577,355.0,rolled,1.0,False,original,,40,1,41,0.021039485931396484,5.221366882324219e-05,0.021091699600219727
gated_cost_merged_seed43,none,15.0,52.72727272727273,3765.638206814382,355,rolled,4989.899820258471,0.32511397702217854,True,True,0.8739312783516305,3,750.0,300.0,27.891117005492355,10.091911764066849,355.0,rolled,1.0,False,original,,40,1,41,0.022608041763305664,5.221366882324219e-05,0.022660255432128906
gated_cost_merged_seed43,none,15.0,63.63636363636363,4414.262908667717,355,rolled,5738.337544201111,0.29995373246425355,True,True,0.8669654739421313,3,750.0,300.0,34.19210822119333,9.956141379204798,355.0,rolled,1.0,False,original,,40,1,41,0.020296812057495117,5.030632019042969e-05,0.020347118377685547
gated_cost_merged_seed43,none,15.0,74.54545454545453,5055.036012019389,460,rolled,5515.953598368043,0.09117988185499114,True,True,0.9360943255935519,1,750.0,300.0,31.553069844807936,17.85822325764722,355.0,rolled,0.0,False,original,,40,1,41,0.022298336029052734,6.651878356933594e-05,0.02236485481262207
gated_cost_merged_seed43,none,15.0,85.45454545454545,5678.659053486651,460,rolled,6546.959248334615,0.15290585095346318,True,True,1.0005415801903583,1,750.0,300.0,35.0,14.924619517688233,355.0,rolled,0.0,False,original,,40,1,41,0.018792152404785156,5.602836608886719e-05,0.018848180770874023
gated_cost_merged_seed43,none,15.0,96.36363636363636,6293.677091962863,460,rolled,10690.073708467522,0.6985418146283568,True,True,0.9245442012614189,3,750.0,300.0,35.0,11.55809450760749,620.0,rolled,0.0,False,original,,40,1,41,0.02136826515197754,9.131431579589844e-05,0.021459579467773438
gated_cost_merged_seed43,none,15.0,107.27272727272728,7396.103440982998,460,rolled,13924.47278948099,0.8826768582390624,True,True,0.9139167574076256,2,750.0,300.0,35.0,15.318558971227112,690.0,rolled,0.0,False,original,,15,1,16,0.008712291717529297,5.3882598876953125e-05,0.00876617431640625
gated_cost_merged_seed43,none,15.0,118.18181818181816,13338.283576315587,620,rolled,16599.302683722348,0.244485663297582,True,True,0.9808549359843466,1,750.0,300.0,33.45477723506445,24.4364808514617,690.0,rolled,0.0,False,original,,6,1,7,0.0034945011138916016,5.245208740234375e-05,0.0035469532012939453
gated_cost_merged_seed43,scale,6.0,20.0,241.3288087904857,355,rolled,253.8913552667171,0.05205572653838367,True,True,1.000994048503482,1,294.3432827298135,120.0,8.0,6.0,355.0,rolled,1.0,True,scale,0.8662528991699219,40,18,58,0.02664923667907715,0.0006406307220458984,0.027289867401123047
gated_cost_merged_seed43,scale,6.0,30.909090909090907,292.67799548197263,355,rolled,304.5958669523974,0.040720080273881853,True,True,1.0009827554340767,1,338.1307067566733,135.62643319934216,8.787730908684589,6.0,355.0,rolled,1.0,True,scale,0.9223747253417969,40,18,58,0.01971268653869629,0.0005936622619628906,0.02030634880065918
gated_cost_merged_seed43,scale,6.0,41.81818181818181,342.2853688824266,355,rolled,365.64989747885966,0.06826037780323194,True,True,1.0009636100858674,1,378.4357450058446,139.97906968354897,9.949778375495693,6.651545749918059,355.0,rolled,1.0,True,scale,0.9417266845703125,40,18,58,0.019813060760498047,0.0006029605865478516,0.0204160213470459
gated_cost_merged_seed43,scale,6.0,52.72727272727273,386.25765574493386,355,rolled,413.9514315338218,0.07169767479554005,True,True,1.0009697550403929,1,416.60702896884305,148.2408374659625,10.15862598619795,7.170221250792032,355.0,rolled,1.0,True,scale,0.9472427368164062,40,18,58,0.01960158348083496,0.0006039142608642578,0.02020549774169922
gated_cost_merged_seed43,scale,6.0,63.63636363636363,431.68145507497405,355,rolled,457.5617450170823,0.059952285737207206,True,True,1.0009630289138647,2,435.7183313622707,145.85211842722475,12.524735471740298,6.858249313546042,355.0,rolled,1.0,True,scale,0.9567642211914062,40,18,58,0.019700288772583008,0.0006139278411865234,0.02031421661376953
gated_cost_merged_seed43,scale,6.0,74.54545454545453,466.9500019446189,355,rolled,495.5317303255754,0.06120939771266198,True,True,1.000984745965525,2,467.768949798865,158.6982116294601,11.544928668493368,7.516813336307269,355.0,rolled,1.0,True,scale,0.956695556640625,40,18,58,0.022157907485961914,0.0006182193756103516,0.022776126861572266
gated_cost_merged_seed43,scale,6.0,85.45454545454545,518.2473353887603,355,rolled,548.4707737654887,0.05831856010230412,True,True,1.0009924601638485,2,489.77059132504985,152.14075023535494,13.668299920161116,7.777204148097801,355.0,rolled,1.0,True,scale,0.9567070007324219,40,18,58,0.02045750617980957,0.0006091594696044922,0.021066665649414062
gated_cost_merged_seed43,scale,6.0,96.36363636363636,549.7256874002802,355,rolled,592.0165886629094,0.07693091705906632,True,True,1.0009650482726948,2,511.9006715562565,152.69739397912994,14.62630771847373,8.089538862158257,355.0,rolled,1.0,True,scale,0.9595451354980469,40,18,58,0.019704103469848633,0.0006084442138671875,0.02031254768371582
gated_cost_merged_seed43,scale,6.0,107.27272727272728,586.6560772595034,355,rolled,628.4729803423238,0.07128009868774103,True,True,1.0009623579620461,2,535.2199847202639,155.54695127942117,15.030332133829969,8.335691411074267,355.0,rolled,1.0,True,scale,0.9702339172363281,40,18,58,0.020053386688232422,0.0006248950958251953,0.020678281784057617
gated_cost_merged_seed43,scale,6.0,118.18181818181816,628.4217050081675,355,rolled,670.1277146299961,0.0663662780732353,True,True,1.000987700007121,2,553.6365248178594,159.06002488085159,15.264018993504779,8.831648427973748,355.0,rolled,1.0,True,scale,0.9544754028320312,40,18,58,0.020054101943969727,0.0006070137023925781,0.020661115646362305
gated_cost_merged_seed43,scale,6.0,129.0909090909091,657.4964976148059,355,rolled,701.4534307676494,0.0668550073077281,True,True,1.0009984301572696,2,571.517555009345,162.28629339366833,15.652135415363283,8.956456362743488,355.0,rolled,1.0,True,scale,0.9571647644042969,40,18,58,0.019910812377929688,0.0006093978881835938,0.02052021026611328
gated_cost_merged_seed43,scale,6.0,140.0,697.879425726456,355,rolled,733.3002572521788,0.05075494450757237,True,True,1.0009840165317623,2,591.7978695000353,167.05211851390936,15.477680424280509,9.267861710311585,355.0,rolled,1.0,True,scale,0.9535713195800781,40,18,58,0.02010202407836914,0.0006096363067626953,0.020711660385131836
gated_cost_merged_seed43,scale,6.818181818181818,20.0,317.0885192434045,355,rolled,335.41453419760427,0.05779463412275829,True,True,1.000983150460165,1,313.83182554636414,135.7169083030357,8.829538812242665,6.0,355.0,rolled,1.0,True,scale,0.899932861328125,40,18,58,0.020510435104370117,0.0006017684936523438,0.02111220359802246
gated_cost_merged_seed43,scale,6.818181818181818,30.909090909090907,392.6423822212096,355,rolled,411.1068655944577,0.04702621064183917,True,True,1.0009599637880608,1,347.46397031014,151.35955307415256,10.425019427375961,6.0,355.0,rolled,1.0,True,scale,0.9290695190429688,40,18,58,0.020472049713134766,0.0006186962127685547,0.02109074592590332
gated_cost_merged_seed43,scale,6.818181818181818,41.81818181818181,455.0251859822217,355,rolled,482.3054445753955,0.059953293649639035,True,True,1.0009994425168205,1,391.84868442432145,161.59707027391505,11.094777247357415,6.5349831349124194,355.0,rolled,1.0,True,scale,0.9484329223632812,40,18,58,0.021593570709228516,0.0006093978881835938,0.02220296859741211
gated_cost_merged_seed43,scale,6.818181818181818,52.72727272727273,519.9507333014534,355,rolled,561.8111447311148,0.08050841887243171,True,True,1.0009963738202934,1,427.8965175309583,156.21953113736396,13.608602255283628,6.835739681348387,355.0,rolled,1.0,True,scale,0.95751953125,40,18,58,0.020462512969970703,0.0006020069122314453,0.02106451988220215
gated_cost_merged_seed43,scale,6.818181818181818,63.63636363636363,570.1996303697795,355,rolled,619.7430321981724,0.0868878182124804,True,True,1.000961532816068,1,470.110586805728,174.8949760401819,11.830277783480016,8.004370333212185,355.0,rolled,1.0,True,scale,0.9454689025878906,40,18,58,0.020297527313232422,0.0006318092346191406,0.020929336547851562
gated_cost_merged_seed43,scale,6.818181818181818,74.54545454545453,645.0378754655677,355,rolled,671.2102593135344,0.040574956670685856,True,True,1.0009958813281006,1,474.5312896622617,179.98529816912094,13.719370506101768,7.634922842194221,355.0,rolled,1.0,True,scale,0.9581718444824219,40,18,58,0.02097797393798828,0.0007281303405761719,0.021706104278564453
gated_cost_merged_seed43,scale,6.818181818181818,85.45454545454545,698.212152166206,355,rolled,723.9508446172404,0.03686371308660263,True,True,1.0009864913994166,2,512.0971757397783,179.18455627438158,14.527309555092362,7.871389858317564,355.0,rolled,1.0,True,scale,0.9422531127929688,40,18,58,0.0212099552154541,0.0008113384246826172,0.02202129364013672
gated_cost_merged_seed43,scale,6.818181818181818,96.36363636363636,733.8166260116295,355,rolled,851.83902080037,0.1608336341876098,True,True,1.00097099809036,1,500.398004911124,173.73049759633386,17.412189180059702,9.77214463119839,355.0,rolled,1.0,True,scale,0.9914741516113281,40,18,58,0.021159887313842773,0.0006220340728759766,0.02178192138671875
gated_cost_merged_seed43,scale,6.818181818181818,107.27272727272728,798.4291807439346,355,rolled,864.7309491049276,0.08304026200447298,True,True,1.0009978497943266,1,561.3677626587818,185.66374904808583,14.90088529184254,9.833246421162416,355.0,rolled,1.0,True,scale,0.9678993225097656,40,18,58,0.020914077758789062,0.0006318092346191406,0.021545886993408203
gated_cost_merged_seed43,scale,6.818181818181818,118.18181818181816,852.2289524013323,460,rolled,893.9933537690724,0.049006081347107745,True,True,1.0009656123224457,2,627.4191351180043,193.1980853993146,12.921137875366421,10.192498513454048,355.0,rolled,0.0,True,scale,0.945892333984375,40,18,58,0.020861148834228516,0.0006144046783447266,0.021475553512573242
gated_cost_merged_seed43,scale,6.818181818181818,129.0909090909091,896.311601431932,355,rolled,947.6125293310394,0.057235595095667495,True,True,1.0009669548347189,2,649.9286193533148,194.61321886559216,13.344842154662192,10.58548255042463,355.0,rolled,1.0,True,scale,0.9437980651855469,40,18,58,0.021622180938720703,0.0006170272827148438,0.022239208221435547
gated_cost_merged_seed43,scale,6.818181818181818,140.0,931.1411275891702,355,rolled,993.6956697101729,0.06718051675256087,True,True,1.000961495429877,2,621.3156028053486,184.18283914171874,18.318203892182563,9.607114745239013,355.0,rolled,1.0,True,scale,0.9571189880371094,40,18,58,0.025024890899658203,0.0006237030029296875,0.02564859390258789
gated_cost_merged_seed43,scale,7.636363636363637,20.0,409.6201332461394,355,rolled,433.6855053192386,0.058750462000944616,True,True,1.0009542058017065,1,319.99132760442285,152.44843358553956,9.895449728671387,6.0,355.0,rolled,1.0,True,scale,0.9015579223632812,40,18,58,0.021288633346557617,0.0006058216094970703,0.021894454956054688
gated_cost_merged_seed43,scale,7.636363636363637,30.909090909090907,501.774525145321,355,rolled,541.4785024060087,0.07912712836345948,True,True,1.0009555554365206,1,363.64641691479574,165.8982257632597,11.764092489914418,6.211376023964649,355.0,rolled,1.0,True,scale,0.9362564086914062,40,18,58,0.020805835723876953,0.0005950927734375,0.021400928497314453
gated_cost_merged_seed43,scale,7.636363636363637,41.81818181818181,593.9298338756057,355,rolled,649.2498215946141,0.093142294870129,True,True,1.0009662504235024,1,395.5048193865506,175.95438680002633,13.248777999414969,6.912808366752212,355.0,rolled,1.0,True,scale,0.9629898071289062,40,18,58,0.02080392837524414,0.0006074905395507812,0.021411418914794922
gated_cost_merged_seed43,scale,7.636363636363637,52.72727272727273,675.9362632758116,355,rolled,751.2433106299328,0.11141146206471932,True,True,1.0009697639755633,1,435.9196528087971,182.10828413212812,14.041679290617978,7.925200679868141,355.0,rolled,1.0,True,scale,0.9707717895507812,40,18,58,0.02075982093811035,0.0006086826324462891,0.02136850357055664
gated_cost_merged_seed43,scale,7.636363636363637,63.63636363636363,779.5020738899598,355,rolled,808.8416117005141,0.03763881943782506,True,True,1.0009796833949978,1,472.99977485684764,193.74578999659389,14.195033993259305,7.840278892029889,355.0,rolled,1.0,True,scale,0.9675445556640625,40,18,58,0.020759105682373047,0.0006110668182373047,0.02137017250061035
gated_cost_merged_seed43,scale,7.636363636363637,74.54545454545453,846.6406079690952,355,rolled,903.5687555914907,0.06724003914595311,True,True,1.0009676023384573,1,520.9902899049662,193.84367478451264,14.50985748439684,8.970986043801965,355.0,rolled,1.0,True,scale,0.9647979736328125,40,18,58,0.020993709564208984,0.0006096363067626953,0.02160334587097168
gated_cost_merged_seed43,scale,7.636363636363637,85.45454545454545,921.2774310054268,355,rolled,985.2626313491676,0.069452694910708,True,True,1.0009590064624385,1,542.6794774973622,198.64187994626943,15.30122485101132,9.50530680465331,355.0,rolled,1.0,True,scale,0.9730491638183594,40,18,58,0.02086162567138672,0.0006239414215087891,0.021485567092895508
gated_cost_merged_seed43,scale,7.636363636363637,96.36363636363636,990.3158107657674,355,rolled,1039.3893710763884,0.04955344525164614,True,True,1.000975895418222,2,583.1326488825569,191.19330864270938,17.307645045364787,8.98698933190967,355.0,rolled,1.0,True,scale,0.961456298828125,40,18,58,0.024277687072753906,0.0006191730499267578,0.024896860122680664
gated_cost_merged_seed43,scale,7.636363636363637,107.27272727272728,1055.0870687226268,355,rolled,1096.9670101503539,0.039693351069528614,True,True,1.0009731934898511,2,639.138849836497,210.32821062511806,13.966334149549379,10.327770752415542,355.0,rolled,1.0,True,scale,0.9509735107421875,40,18,58,0.021688461303710938,0.0006110668182373047,0.022299528121948242
gated_cost_merged_seed43,scale,7.636363636363637,118.18181818181816,1088.4839809208006,355,rolled,1169.935804236139,0.07483052092914982,True,True,1.0009946374038186,2,677.0039629115329,213.75124171285586,13.696941686258993,10.995273198456475,355.0,rolled,1.0,True,scale,0.95294189453125,40,18,58,0.020998477935791016,0.0006155967712402344,0.02161407470703125
gated_cost_merged_seed43,scale,7.636363636363637,129.0909090909091,1173.7978050697595,355,rolled,1237.4693206683178,0.05424402339445013,True,True,1.0009670436078482,2,706.4130406065724,216.3402590375242,13.828748621550472,11.44004158580877,355.0,rolled,1.0,True,scale,0.9499549865722656,40,18,58,0.021026611328125,0.0006082057952880859,0.021634817123413086
gated_cost_merged_seed43,scale,7.636363636363637,140.0,1251.7374258469372,355,rolled,1267.2064257589009,0.012358023010694294,True,True,1.000984423867351,2,706.3980102539062,228.44445295156476,14.184150206616788,11.206328167614304,355.0,rolled,1.0,True,scale,0.941864013671875,40,18,58,0.02119278907775879,0.0006091594696044922,0.02180194854736328
gated_cost_merged_seed43,scale,8.454545454545455,20.0,516.1523336674153,355,rolled,547.7344104214737,0.06118751131019487,True,True,1.0009584056823135,1,335.8587668947445,166.7228138675775,10.8302262555667,6.0,355.0,rolled,1.0,True,scale,0.9076461791992188,40,18,58,0.021210193634033203,0.0005993843078613281,0.02180957794189453
gated_cost_merged_seed43,scale,8.454545454545455,30.909090909090907,633.218032838701,355,rolled,698.2917462575114,0.10276667758036911,True,True,1.000993921179226,1,381.0651519315788,180.77478761126017,12.83528551199625,6.659423875976839,355.0,rolled,1.0,True,scale,0.9347343444824219,40,18,58,0.021187305450439453,0.0005996227264404297,0.021786928176879883
gated_cost_merged_seed43,scale,8.454545454545455,41.81818181818181,757.3789000305048,355,rolled,803.6059904564999,0.06103561958767684,True,True,1.0009956961500723,1,420.57868278296354,199.6448688007627,13.456198681527532,6.836285639191048,355.0,rolled,1.0,True,scale,0.9512596130371094,40,18,58,0.02142810821533203,0.0006480216979980469,0.022076129913330078
gated_cost_merged_seed43,scale,8.454545454545455,52.72727272727273,897.7427828478864,355,rolled,943.1346070648523,0.050562171129875974,True,True,1.000981011516689,1,446.4774595371843,205.78565528645967,15.148516678934195,7.760104333684349,355.0,rolled,1.0,True,scale,0.9694786071777344,40,18,58,0.02097177505493164,0.0006031990051269531,0.021574974060058594
gated_cost_merged_seed43,scale,8.454545454545455,63.63636363636363,969.5859503873623,355,rolled,1009.8557375730365,0.04153297308978734,True,True,1.0009806587600307,2,510.9064504046692,216.83362914724745,14.332818687411818,8.1249172333255,355.0,rolled,1.0,True,scale,0.9605979919433594,40,18,58,0.02307915687561035,0.0006225109100341797,0.02370166778564453
gated_cost_merged_seed43,scale,8.454545454545455,74.54545454545453,1093.1775012217977,355,rolled,1111.3189529903864,0.016595156548971025,True,True,1.0009996012174218,2,561.71079459571,220.7540111923849,14.360498005825937,9.027833190401026,355.0,rolled,1.0,True,scale,0.958526611328125,40,18,58,0.02139878273010254,0.0006115436553955078,0.022010326385498047
gated_cost_merged_seed43,scale,8.454545454545455,85.45454545454545,1181.2789978646645,355,rolled,1217.9302721490442,0.031026772126341272,True,True,1.0009669190666801,1,605.210410712345,223.11207183001503,14.581134363233927,9.921743614480407,355.0,rolled,1.0,True,scale,0.9566612243652344,40,18,58,0.02112412452697754,0.0006172657012939453,0.021741390228271484
gated_cost_merged_seed43,scale,8.454545454545455,96.36363636363636,1257.923897819336,355,rolled,1309.4076890402723,0.04092758815552014,True,True,1.000988722717525,2,646.4969851410775,225.80242598747444,14.780111391550856,10.479285493361337,355.0,rolled,1.0,True,scale,0.9550590515136719,40,18,58,0.02090740203857422,0.000614166259765625,0.021521568298339844
gated_cost_merged_seed43,scale,8.454545454545455,107.27272727272728,1345.9822136266182,460,rolled,1396.365392032363,0.03743227651574396,True,True,1.0009678856267827,2,689.7194325969806,229.7024060973257,14.5871416344934,11.068189182429512,355.0,rolled,0.0,True,scale,0.9540863037109375,40,18,58,0.021106958389282227,0.0006110668182373047,0.02171802520751953
gated_cost_merged_seed43,scale,8.454545454545455,118.18181818181816,1418.3994702060834,355,rolled,1464.0753380629085,0.03220240053402496,True,True,1.0009869112451226,2,715.0269402979729,236.54206090600368,14.749837586808711,11.252642102498577,355.0,rolled,1.0,True,scale,0.9550361633300781,40,18,58,0.02124619483947754,0.0006101131439208984,0.021856307983398438
gated_cost_merged_seed43,scale,8.454545454545455,129.0909090909091,1503.943042662674,355,rolled,1520.1692262725915,0.010789094500008143,True,True,1.000979473533518,2,708.9729309082031,248.55550202941612,15.570016135997536,11.086477718848322,355.0,rolled,1.0,True,scale,0.9452972412109375,40,18,58,0.020975828170776367,0.0006103515625,0.021586179733276367
gated_cost_merged_seed43,scale,8.454545454545455,140.0,1589.050557323039,355,rolled,1592.3993132689022,0.0021073942112356347,True,True,1.0009824537896246,2,710.4921340942383,254.8269567171827,16.612200054785596,11.093334385345651,355.0,rolled,1.0,True,scale,0.9473228454589844,40,18,58,0.021159648895263672,0.0006234645843505859,0.021783113479614258
gated_cost_merged_seed43,scale,9.272727272727272,20.0,633.3700898588271,355,rolled,651.185291746377,0.02812763370547022,True,True,1.0009967079669344,1,333.49206093591783,175.4910703631844,11.673386772103306,6.0,355.0,rolled,1.0,True,scale,0.8803863525390625,40,18,58,0.022605419158935547,0.000659942626953125,0.023265361785888672
gated_cost_merged_seed43,scale,9.272727272727272,30.909090909090907,801.8071464602682,355,rolled,963.8032315902446,0.20203871447783836,True,True,1.0009764964355967,1,381.4888682225483,195.06792241231634,13.361286305311378,6.215492700829143,355.0,rolled,1.0,True,scale,0.9154052734375,40,18,58,0.0210726261138916,0.0006039142608642578,0.02167654037475586
gated_cost_merged_seed43,scale,9.272727272727272,41.81818181818181,962.5021253931346,355,rolled,1169.1470119876335,0.2146955119814355,True,True,1.000983819241344,2,432.22350898889414,214.92348309941974,15.328147574003731,6.0,355.0,rolled,1.0,True,scale,0.9519119262695312,40,18,58,0.021203994750976562,0.0006070137023925781,0.02181100845336914
gated_cost_merged_seed43,scale,9.272727272727272,52.72727272727273,1070.6846994207378,355,rolled,1137.1285129266746,0.062057311122391316,True,True,1.0009941969675602,2,479.85843047245896,229.4930257869061,15.213088464242706,7.6130844993347155,355.0,rolled,1.0,True,scale,0.9601631164550781,40,18,58,0.021916627883911133,0.0006043910980224609,0.022521018981933594
gated_cost_merged_seed43,scale,9.272727272727272,63.63636363636363,1216.7126656588257,355,rolled,1252.6496147868304,0.029536101778430617,True,True,1.0009914244071383,2,539.8251806293613,236.47474336211565,15.124777284181503,8.453830919820646,355.0,rolled,1.0,True,scale,0.9601516723632812,40,18,58,0.021190881729125977,0.000606536865234375,0.02179741859436035
gated_cost_merged_seed43,scale,9.272727272727272,74.54545454545453,1356.4151141978043,355,rolled,1378.7606141196127,0.016473939052959973,True,True,1.0009670822297165,2,593.8665274240094,239.39721964773352,15.318176228552726,9.375771191153921,355.0,rolled,1.0,True,scale,0.9593276977539062,40,18,58,0.021204710006713867,0.0006110668182373047,0.021815776824951172
gated_cost_merged_seed43,scale,9.272727272727272,85.45454545454545,1422.5235716023028,355,rolled,1488.2387309534192,0.046196183081237914,True,True,1.000982091546872,2,641.7830541064368,244.70904132020615,15.323505483076582,10.009300937953478,355.0,rolled,1.0,True,scale,0.9586181640625,40,18,58,0.020763158798217773,0.0006079673767089844,0.021371126174926758
gated_cost_merged_seed43,scale,9.272727272727272,96.36363636363636,1530.0841209322955,355,rolled,1609.9933746346153,0.05222539898893291,True,True,1.0009939688298943,2,693.7581788569566,245.71983205512106,15.366501971519195,10.827539384840312,355.0,rolled,1.0,True,scale,0.9568443298339844,40,18,58,0.02110004425048828,0.0006108283996582031,0.021710872650146484
gated_cost_merged_seed43,scale,9.272727272727272,107.27272727272728,1647.0835657255905,355,rolled,1712.066167967516,0.03945313012293873,True,True,1.0009925152077082,2,716.3114547729492,252.64268791810824,15.819777828715281,11.203983615759654,355.0,rolled,1.0,True,scale,0.9550819396972656,40,18,58,0.02078723907470703,0.0006086826324462891,0.02139592170715332
gated_cost_merged_seed43,scale,9.272727272727272,118.18181818181816,1794.0191544704012,355,rolled,1801.7029273515775,0.00428299378076851,True,True,1.000968890247015,2,716.0539627075195,263.4283809145306,16.72194336145565,11.243048256022007,355.0,rolled,1.0,True,scale,0.9547386169433594,40,18,58,0.024829864501953125,0.0006318092346191406,0.025461673736572266
gated_cost_merged_seed43,scale,9.272727272727272,129.0909090909091,1876.6125693849333,355,rolled,1925.88739905124,0.026257326882584343,True,True,1.0009980916106556,2,718.7833786010742,263.3213655677321,18.537867389892817,11.527052914369543,355.0,rolled,1.0,True,scale,0.9583778381347656,40,18,58,0.02103257179260254,0.0006182193756103516,0.02165079116821289
gated_cost_merged_seed43,scale,9.272727272727272,140.0,1975.8458780810136,355,rolled,2013.9902790724636,0.019305352413669426,True,True,1.000993523427839,2,719.0923690795898,269.9535868247705,19.855853162329833,11.343704127189843,355.0,rolled,1.0,True,scale,0.9587898254394531,40,18,58,0.020972490310668945,0.0006113052368164062,0.02158379554748535
gated_cost_merged_seed43,scale,10.09090909090909,20.0,771.2799576046779,355,rolled,958.7125159551408,0.24301494742915664,True,True,1.0009888206958484,1,352.28626644885003,181.56727148562666,13.290070842302532,6.0,355.0,rolled,1.0,True,scale,0.8763694763183594,40,18,58,0.021333694458007812,0.00064849853515625,0.021982192993164062
gated_cost_merged_seed43,scale,10.09090909090909,30.909090909090907,964.7090665866748,355,rolled,1264.5818897984764,0.310842754150543,True,True,1.000971396333501,2,440.53030507048385,184.88282106290333,17.61025571081329,6.0,355.0,rolled,1.0,True,scale,0.9528388977050781,40,18,58,0.021121978759765625,0.0006012916564941406,0.021723270416259766
gated_cost_merged_seed43,scale,10.09090909090909,41.81818181818181,1147.2574547707825,355,rolled,1175.0873232137385,0.024257735983521076,True,True,1.0009686485491025,1,450.19782839659325,227.40790038471604,14.844674088534031,7.438928745284289,355.0,rolled,1.0,True,scale,0.9296073913574219,40,18,58,0.02104330062866211,0.0006151199340820312,0.02165842056274414
gated_cost_merged_seed43,scale,10.09090909090909,52.72727272727273,1318.1429375417918,355,rolled,1400.5054158134733,0.062483723066695286,True,True,1.0009869290591302,2,506.2369289317137,246.2623280449062,16.02489439840826,8.187286910042296,355.0,rolled,1.0,True,scale,0.953125,40,18,58,0.02113509178161621,0.0005991458892822266,0.021734237670898438
gated_cost_merged_seed43,scale,10.09090909090909,63.63636363636363,1473.4968374975142,355,rolled,1597.51030237731,0.08416269497422992,True,True,1.0009859563146666,1,557.867097785594,245.7744575342068,17.103655837115326,9.594066422355999,355.0,rolled,1.0,True,scale,0.97216796875,40,18,58,0.021547794342041016,0.0005955696105957031,0.02214336395263672
gated_cost_merged_seed43,scale,10.09090909090909,74.54545454545453,1593.8205978972342,355,rolled,1681.2484763925984,0.05485427821092908,True,True,1.0009665850550242,2,626.4242923012636,257.99023336868214,16.14593225642665,9.769481871071408,355.0,rolled,1.0,True,scale,0.9533538818359375,40,18,58,0.026245832443237305,0.0006320476531982422,0.026877880096435547
gated_cost_merged_seed43,scale,10.09090909090909,85.45454545454545,1744.078619322344,355,rolled,1852.7322666662785,0.0622985948799439,True,True,1.000962764896094,2,694.9829055500677,255.04873448216583,16.245945280275997,11.004091972165597,355.0,rolled,1.0,True,scale,0.9554481506347656,40,18,58,0.021596431732177734,0.0006213188171386719,0.022217750549316406
gated_cost_merged_seed43,scale,10.09090909090909,96.36363636363636,1930.113776773892,355,rolled,1964.4587234301978,0.017794260146524663,True,True,1.0009672533608884,2,714.2429351806641,266.4708294878732,16.721844302816145,11.170278696420139,355.0,rolled,1.0,True,scale,0.9523239135742188,40,18,58,0.021062135696411133,0.0006101131439208984,0.02167224884033203
gated_cost_merged_seed43,scale,10.09090909090909,107.27272727272728,2067.605711285596,355,rolled,2077.4663909342275,0.0047691296240908185,True,True,1.0009659316354271,2,714.0970230102539,278.5066072366937,17.820990549834878,11.113612807669107,355.0,rolled,1.0,True,scale,0.9521293640136719,40,18,58,0.0213010311126709,0.0006127357482910156,0.021913766860961914
gated_cost_merged_seed43,scale,10.09090909090909,118.18181818181816,2170.353625378734,355,rolled,2240.573532483791,0.03235413173408718,True,True,1.0009911644363663,2,719.7961807250977,276.9749417850255,19.931148309780315,11.467445306478275,355.0,rolled,1.0,True,scale,0.9597282409667969,40,18,58,0.02117753028869629,0.0006153583526611328,0.021792888641357422
gated_cost_merged_seed43,scale,10.09090909090909,129.0909090909091,2307.5736162550616,355,rolled,2345.412792528086,0.01639781977332241,True,True,1.0009786487670618,2,717.015266418457,286.8061065673828,21.357220876793292,11.076141229394828,355.0,rolled,1.0,True,scale,0.9560203552246094,40,18,58,0.021326780319213867,0.0006101131439208984,0.021936893463134766
gated_cost_merged_seed43,scale,10.09090909090909,140.0,2443.406284429296,355,rolled,2549.039707761899,0.0432320339051905,True,True,1.000997603790877,1,716.3372039794922,286.5348815917969,23.20715338120396,12.138889750050703,355.0,rolled,1.0,True,scale,0.9551162719726562,40,18,58,0.021111488342285156,0.0006110668182373047,0.02172255516052246
gated_cost_merged_seed43,scale,10.90909090909091,20.0,939.0466900997784,355,rolled,1042.712042070509,0.11039424670110445,True,True,1.0009504015413837,2,487.2918335161013,189.19216317852727,12.056424938160644,7.6585739281971685,355.0,rolled,1.0,True,scale,0.9012947082519531,40,18,58,0.021709680557250977,0.0006167888641357422,0.02232646942138672
gated_cost_merged_seed43,scale,10.90909090909091,30.909090909090907,1197.1649157491154,355,rolled,1566.249800049683,0.30829911522224657,True,True,1.000987826818336,3,455.2386269442614,212.64304551856972,18.042589372332483,6.138513872357942,355.0,rolled,1.0,True,scale,0.9674072265625,40,18,58,0.02178955078125,0.0006105899810791016,0.0224001407623291
gated_cost_merged_seed43,scale,10.90909090909091,41.81818181818181,1403.509472950396,355,rolled,1443.8960704754543,0.028775436363930873,True,True,1.0009911372396094,1,463.70795558144863,241.59742830531874,16.038691082635598,8.061243365217441,355.0,rolled,1.0,True,scale,0.9098663330078125,40,18,58,0.02270650863647461,0.00060272216796875,0.02330923080444336
gated_cost_merged_seed43,scale,10.90909090909091,52.72727272727273,1588.7457907355176,355,rolled,1745.1220081958654,0.09842746295362498,True,True,1.000971816281357,1,530.1709841767953,252.19917519741196,17.923084964251483,9.1672015622362,355.0,rolled,1.0,True,scale,0.9667778015136719,40,18,58,0.021128416061401367,0.0006263256072998047,0.021754741668701172
gated_cost_merged_seed43,scale,10.90909090909091,63.63636363636363,1789.9941201560932,355,rolled,1858.1121381865817,0.038054883680035956,True,True,1.0009755256083668,2,590.9582224436737,269.98462094843484,17.269356269831977,9.212044925198052,355.0,rolled,1.0,True,scale,0.9469566345214844,40,18,58,0.021600008010864258,0.0006239414215087891,0.022223949432373047
gated_cost_merged_seed43,scale,10.90909090909091,74.54545454545453,1942.2808212955647,355,rolled,2057.7090376246283,0.059429210783263166,True,True,1.0009653422026803,2,675.4644167838449,266.96886447403523,17.13736298572264,10.687443645310402,355.0,rolled,1.0,True,scale,0.9522895812988281,40,18,58,0.0213620662689209,0.0006058216094970703,0.02196788787841797
gated_cost_merged_seed43,scale,10.90909090909091,85.45454545454545,2177.190622234541,355,rolled,2258.4083786185392,0.03730392532218473,True,True,1.000975800376273,2,716.6562235652966,267.5263553202584,18.214117338497168,11.493653643476845,355.0,rolled,1.0,True,scale,0.9661598205566406,40,18,58,0.021161556243896484,0.0006303787231445312,0.021791934967041016
gated_cost_merged_seed43,scale,10.90909090909091,96.36363636363636,2344.698716886334,355,rolled,2371.92202854035,0.0116105798403675,True,True,1.000996775356644,2,716.4487838745117,286.5795135498047,18.86463647436619,11.247924123400782,355.0,rolled,1.0,True,scale,0.9552650451660156,40,18,58,0.035158634185791016,0.0009186267852783203,0.036077260971069336
gated_cost_merged_seed43,scale,10.90909090909091,107.27272727272728,2499.121791022924,355,rolled,2548.3318821976713,0.019690953578779032,True,True,1.0009980773673617,2,718.9722061157227,287.58888244628906,21.333128427431134,11.160975728759965,355.0,rolled,1.0,True,scale,0.9586296081542969,40,18,58,0.06775879859924316,0.0007524490356445312,0.0685112476348877
gated_cost_merged_seed43,scale,10.90909090909091,118.18181818181816,2669.547168301596,355,rolled,2784.011176085206,0.042877686951092106,True,True,1.0009956895510925,1,717.7963256835938,287.1185302734375,23.7768812642059,11.93285186517277,355.0,rolled,1.0,True,scale,0.957061767578125,40,18,58,0.021602869033813477,0.0006382465362548828,0.02224111557006836
gated_cost_merged_seed43,scale,10.90909090909091,129.0909090909091,2855.841135487434,355,rolled,3286.7160162241967,0.15087494727301115,True,True,1.000973854540126,1,721.7960357666016,288.7184143066406,23.564110885830306,17.718735934499566,355.0,rolled,1.0,True,scale,0.9623947143554688,40,18,58,0.02158212661743164,0.0006117820739746094,0.02219390869140625
gated_cost_merged_seed43,scale,10.90909090909091,140.0,3078.8301843712,460,rolled,3552.9299713663268,0.15398698811053574,True,True,1.00096517256559,1,652.1986195745119,286.6069793701172,31.29476318503296,16.439396828698975,355.0,rolled,0.0,True,scale,0.9553565979003906,40,18,58,0.021021604537963867,0.0006501674652099609,0.021671772003173828
gated_cost_merged_seed43,scale,11.727272727272728,20.0,1117.8784812198996,355,rolled,1407.568865695038,0.25914300108810573,True,True,1.0009879313506778,2,387.7834596121935,200.73388678527058,16.019390921200095,6.0,355.0,rolled,1.0,True,scale,0.9126472473144531,40,18,58,0.02186107635498047,0.0006670951843261719,0.02252817153930664
gated_cost_merged_seed43,scale,11.727272727272728,30.909090909090907,1399.1707585826318,355,rolled,1736.6950750431754,0.2412316826878641,True,True,1.0009546635161213,2,434.25670763798325,246.73469550619896,15.761907921099164,6.929184039485057,355.0,rolled,1.0,True,scale,0.9238510131835938,40,18,58,0.021577835083007812,0.0006537437438964844,0.022231578826904297
gated_cost_merged_seed43,scale,11.727272727272728,41.81818181818181,1658.320920880548,355,rolled,1692.7241438634194,0.02074581738051257,True,True,1.0009712541233151,2,497.6254609654475,256.55649793673894,16.355250704962966,8.289485727232654,355.0,rolled,1.0,True,scale,0.9126243591308594,40,18,58,0.021724462509155273,0.0007433891296386719,0.022467851638793945
gated_cost_merged_seed43,scale,11.727272727272728,52.72727272727273,1896.895430152976,355,rolled,2069.2582136067654,0.09086572760623352,True,True,1.0009940833749857,1,568.5107113768796,265.6700304272053,18.468242629372956,9.701585474655213,355.0,rolled,1.0,True,scale,0.9667205810546875,40,18,58,0.021381855010986328,0.0006227493286132812,0.02200460433959961
gated_cost_merged_seed43,scale,11.727272727272728,63.63636363636363,2122.483987052358,355,rolled,2277.030762587635,0.07281410671555026,True,True,1.0009753408033055,1,637.9869440131453,275.082144282502,18.31225727570406,10.639854241794515,355.0,rolled,1.0,True,scale,0.9682998657226562,40,18,58,0.027299880981445312,0.0006010532379150391,0.02790093421936035
gated_cost_merged_seed43,scale,11.727272727272728,74.54545454545453,2414.680044837911,355,rolled,2432.6852364056376,0.0074565537600802196,True,True,1.0009939866864397,2,709.874153137207,283.9496612548828,17.934389833231613,11.000374685743846,355.0,rolled,1.0,True,scale,0.9464988708496094,40,18,58,0.021898269653320312,0.0005993843078613281,0.02249765396118164
gated_cost_merged_seed43,scale,11.727272727272728,85.45454545454545,2607.2244497923484,355,rolled,2663.764296213617,0.02168583775968027,True,True,1.0009628184209636,2,719.0322875976562,287.6129150390625,20.20281453534363,11.272469197950489,355.0,rolled,1.0,True,scale,0.958709716796875,40,18,58,0.021459102630615234,0.0006268024444580078,0.022085905075073242
gated_cost_merged_seed43,scale,11.727272727272728,96.36363636363636,2809.399526814627,460,rolled,2928.937371402002,0.04254925063040447,True,True,1.0009801485094871,1,718.8949584960938,287.5579833984375,23.138589218123677,11.718392259487652,355.0,rolled,0.0,True,scale,0.958526611328125,40,18,58,0.022062063217163086,0.0006086826324462891,0.022670745849609375
gated_cost_merged_seed43,scale,11.727272727272728,107.27272727272728,3054.1802093068686,355,rolled,3607.371110690299,0.18112582214294884,True,True,1.0009589685745202,1,672.9343043179276,290.3697967529297,25.774197669819085,17.91060377835794,355.0,rolled,1.0,True,scale,0.9678993225097656,40,18,58,0.02155900001525879,0.0006670951843261719,0.02222609519958496
gated_cost_merged_seed43,scale,11.727272727272728,118.18181818181816,3357.8991517305085,355,rolled,4236.21181560791,0.2615661233973506,True,True,1.0009904783160726,1,748.2147216796875,274.16679528266167,28.930611313634458,14.363324937099307,355.0,rolled,1.0,True,scale,0.99761962890625,40,18,58,0.022162437438964844,0.0006425380706787109,0.022804975509643555
gated_cost_merged_seed43,scale,11.727272727272728,129.0909090909091,3564.383823711408,460,rolled,4054.3481445126745,0.13746115599051628,True,True,1.0009969850338025,1,677.6877255840476,284.9418640136719,33.24321746826172,16.99338119588656,355.0,rolled,0.0,True,scale,0.9498062133789062,40,18,58,0.021297931671142578,0.0006494522094726562,0.021947383880615234
gated_cost_merged_seed43,scale,11.727272727272728,140.0,3755.070343632353,460,rolled,4188.849771669395,0.11551832278524998,True,True,1.0009959810053903,1,717.6504135131836,287.06016540527344,33.490352630615234,17.023542917741196,355.0,rolled,0.0,True,scale,0.9568672180175781,25,18,43,0.013564109802246094,0.0006422996520996094,0.014206409454345703
gated_cost_merged_seed43,scale,12.545454545454549,20.0,1307.1994834284806,355,rolled,1448.3487849472722,0.10797839450532049,True,True,1.000995380922016,1,409.99653089590055,221.87645903605258,15.218620120234204,8.012995888148549,355.0,rolled,1.0,True,scale,0.9052658081054688,40,18,58,0.02323460578918457,0.0006606578826904297,0.023895263671875
gated_cost_merged_seed43,scale,12.545454545454549,30.909090909090907,1673.5520688887286,355,rolled,1880.1458734786847,0.1234462963122136,True,True,1.00099119626453,1,526.6458655513003,230.5022353085705,17.838362524686048,9.14773017859082,355.0,rolled,1.0,True,scale,0.9559059143066406,40,18,58,0.02204728126525879,0.0006058216094970703,0.02265310287475586
gated_cost_merged_seed43,scale,12.545454545454549,41.81818181818181,1957.4303873162305,355,rolled,1979.5488373851888,0.011299737764510836,True,True,1.0009914256397063,2,529.5367887187505,268.92494605504936,16.954247268333834,8.6117119586499,355.0,rolled,1.0,True,scale,0.9083213806152344,40,18,58,0.02170586585998535,0.0006146430969238281,0.02232050895690918
gated_cost_merged_seed43,scale,12.545454545454549,52.72727272727273,2222.5772160497027,355,rolled,2550.5680726047435,0.14757231118295874,True,True,1.0009816234266293,1,603.9750578784128,270.257039419701,19.709406320805794,11.682546995515136,355.0,rolled,1.0,True,scale,0.9850883483886719,40,18,58,0.021819591522216797,0.0006055831909179688,0.022425174713134766
gated_cost_merged_seed43,scale,12.545454545454549,63.63636363636363,2552.3230156844406,355,rolled,2643.1186831592127,0.035573736912145465,True,True,1.0009902829855346,2,710.698127746582,284.2792510986328,18.346548403782865,11.043641922809696,355.0,rolled,1.0,True,scale,0.9475975036621094,40,18,58,0.021755218505859375,0.0006628036499023438,0.02241802215576172
gated_cost_merged_seed43,scale,12.545454545454549,74.54545454545453,2864.0220557743514,355,rolled,2916.4967368321895,0.01832202407521279,True,True,1.0009574969772885,2,716.9981002807617,286.7992401123047,21.484713151689544,10.978353114493773,355.0,rolled,1.0,True,scale,0.9559974670410156,40,18,58,0.021577835083007812,0.0006022453308105469,0.02218008041381836
gated_cost_merged_seed43,scale,12.545454545454549,85.45454545454545,3136.2352005841685,355,rolled,3328.44138225798,0.06128564006870731,True,True,1.0009925999550575,1,714.3888473510742,285.7555389404297,24.778719728559224,12.556354903261619,355.0,rolled,1.0,True,scale,0.9525184631347656,40,18,58,0.021304845809936523,0.0006239414215087891,0.021928787231445312
gated_cost_merged_seed43,scale,12.545454545454549,96.36363636363636,3474.753399293351,355,rolled,3925.3947961175686,0.12969018086747197,True,True,1.0009771628905484,1,686.9870402420329,277.6084899902344,29.893940740953113,15.86186946505873,355.0,rolled,1.0,True,scale,0.9253616333007812,40,18,58,0.022022485733032227,0.0006403923034667969,0.022662878036499023
gated_cost_merged_seed43,scale,12.545454545454549,107.27272727272728,3810.945853911128,460,rolled,4462.402985791252,0.17094368612231564,True,True,1.0009733627968704,2,711.7109298706055,284.6843719482422,33.21317672729492,10.033247532777596,355.0,rolled,0.0,True,scale,0.9489479064941406,40,18,58,0.021599531173706055,0.00061798095703125,0.022217512130737305
gated_cost_merged_seed43,scale,12.545454545454549,118.18181818181816,4051.8868674716473,460,rolled,4616.104334417752,0.13924808006749048,True,True,1.000987813661046,1,723.9761352539062,279.02003513513074,33.785552978515625,18.83521127209645,355.0,rolled,0.0,True,scale,0.965301513671875,25,18,43,0.013887166976928711,0.0006113052368164062,0.014498472213745117
gated_cost_merged_seed43,scale,12.545454545454549,129.0909090909091,4389.083655555064,460,rolled,5011.052541907294,0.141708141189114,True,True,1.0009956822210881,2,749.7854232788086,299.91416931152344,34.989986419677734,11.058913058962514,355.0,rolled,0.0,True,scale,0.9997138977050781,40,18,58,0.021318435668945312,0.0006182193756103516,0.021936655044555664
gated_cost_merged_seed43,scale,12.545454545454549,140.0,4731.036754406592,460,rolled,5211.333189545464,0.10152033477472208,True,True,1.000982383062267,1,713.4618759155273,285.38475036621094,33.29488754272461,19.239031391318658,460.0,rolled,1.0,True,scale,0.9512825012207031,40,18,58,0.02097344398498535,0.0006103515625,0.02158379554748535
gated_cost_merged_seed43,scale,13.363636363636363,20.0,1553.9456704912225,355,rolled,1936.3705193950573,0.24609924025396931,True,True,1.0009726199979916,2,470.5972730234071,226.79788996418455,16.486191739831508,6.541620113174132,355.0,rolled,1.0,True,scale,0.9065933227539062,40,18,58,0.02185797691345215,0.0006098747253417969,0.022467851638793945
gated_cost_merged_seed43,scale,13.363636363636363,30.909090909090907,2055.764041961098,355,rolled,2011.8546208294085,-0.021359173638333517,True,True,1.0009661714999434,1,488.07680696532884,260.68380118297944,17.050525603627566,8.553185720169497,355.0,rolled,1.0,True,scale,0.8853187561035156,40,18,58,0.021542787551879883,0.0006515979766845703,0.022194385528564453
gated_cost_merged_seed43,scale,13.363636363636363,41.81818181818181,2295.1327804460216,355,rolled,2512.4970316388253,0.09470661263901366,True,True,1.000970972033431,1,611.461471149147,266.3110734395286,19.194295717954354,9.994574393389623,355.0,rolled,1.0,True,scale,0.9634590148925781,40,18,58,0.02148890495300293,0.0006206035614013672,0.022109508514404297
gated_cost_merged_seed43,scale,13.363636363636363,52.72727272727273,2698.233573079863,355,rolled,2817.2205774004983,0.044098111263517856,True,True,1.0009751345918971,2,694.7926964459396,281.65626525878906,18.93098620630613,10.992701471296446,355.0,rolled,1.0,True,scale,0.9388542175292969,40,18,58,0.02255415916442871,0.0006060600280761719,0.023160219192504883
gated_cost_merged_seed43,scale,13.363636363636363,63.63636363636363,3099.504449257762,355,rolled,3166.2098441340704,0.021521309605566835,True,True,1.0009714772031004,1,718.9035415649414,287.56141662597656,21.4191179292043,11.511442297740317,355.0,rolled,1.0,True,scale,0.9585380554199219,40,18,58,0.021104812622070312,0.0006632804870605469,0.02176809310913086
gated_cost_merged_seed43,scale,13.363636363636363,74.54545454545453,3409.0278837627866,355,rolled,4138.4908174856855,0.2139797498276074,True,True,1.0009825569717021,1,580.4163436149149,286.92970275878906,31.030944501620052,16.333163717919703,355.0,rolled,1.0,True,scale,0.9564323425292969,40,18,58,0.02129673957824707,0.0006105899810791016,0.021907329559326172
gated_cost_merged_seed43,scale,13.363636363636363,85.45454545454545,3859.8972334468967,355,rolled,4300.30293328153,0.11409777856737144,True,True,1.0009792414215946,1,733.1857681274414,293.27430725097656,25.722266704258615,17.915439280244538,355.0,rolled,1.0,True,scale,0.9775810241699219,40,18,58,0.0211641788482666,0.0006008148193359375,0.02176499366760254
gated_cost_merged_seed43,scale,13.363636363636363,96.36363636363636,4245.414696419247,460,rolled,4657.649073630853,0.09710108592201876,True,True,1.000997346874427,1,708.003044128418,283.2012176513672,33.04014205932617,16.911219772164824,355.0,rolled,0.0,True,scale,0.9440040588378906,40,18,58,0.021164894104003906,0.0006287097930908203,0.021793603897094727
gated_cost_merged_seed43,scale,13.363636363636363,107.27272727272728,4631.739739142465,460,rolled,4954.553436496079,0.0696959923342715,True,True,1.0009916143954736,1,729.5379638671875,291.815185546875,34.04510498046875,17.514450530341893,355.0,rolled,0.0,True,scale,0.97271728515625,40,18,58,0.026255130767822266,0.0009305477142333984,0.027185678482055664
gated_cost_merged_seed43,scale,13.363636363636363,118.18181818181816,5063.816158705762,460,rolled,5917.471410322687,0.1685794319664059,True,True,1.0009598826056534,1,725.4524230957031,290.18096923828125,33.85444641113281,12.823821899155686,460.0,rolled,1.0,True,scale,0.9672698974609375,40,18,58,0.02105855941772461,0.0006091594696044922,0.0216677188873291
gated_cost_merged_seed43,scale,13.363636363636363,129.0909090909091,5459.024045280959,460,rolled,9200.279962573153,0.6853342074076983,True,True,1.0009767105583165,3,726.5510559082031,290.62042236328125,33.90571594238281,12.426898621617305,620.0,rolled,0.0,True,scale,0.9687347412109375,40,18,58,0.028466224670410156,0.0007886886596679688,0.029254913330078125
gated_cost_merged_seed43,scale,13.363636363636363,140.0,5943.747564514266,460,rolled,11299.018104657787,0.9009922581698949,True,True,1.0009634817819775,3,731.2889099121094,292.51556396484375,34.12681579589844,13.34965753947007,690.0,rolled,0.0,True,scale,0.9750518798828125,40,18,58,0.02432727813720703,0.00077056884765625,0.02509784698486328
gated_cost_merged_seed43,scale,14.181818181818182,20.0,1796.9028968466985,355,rolled,2244.8533032359965,0.24929026892626496,True,True,1.000981879341291,2,523.9466187204663,237.6254136543698,16.111565639774675,7.40167234973029,355.0,rolled,1.0,True,scale,0.9278221130371094,40,18,58,0.02172398567199707,0.000614166259765625,0.022338151931762695
gated_cost_merged_seed43,scale,14.181818181818182,30.909090909090907,2224.07150895444,355,rolled,2422.8317651170505,0.0893677453096145,True,True,1.000956792191428,1,517.1377092913906,259.0422031046841,18.64702261460407,10.073152782717978,355.0,rolled,1.0,True,scale,0.8804664611816406,40,18,58,0.020267724990844727,0.0006320476531982422,0.02089977264404297
gated_cost_merged_seed43,scale,14.181818181818182,41.81818181818181,2615.0382292659383,355,rolled,2876.0392625184422,0.09980773142493177,True,True,1.0009811339937618,2,686.8942133063613,279.0607452392578,18.28236124531167,10.766458241268227,355.0,rolled,1.0,True,scale,0.9302024841308594,40,18,58,0.020252704620361328,0.0006098747253417969,0.020862579345703125
gated_cost_merged_seed43,scale,14.181818181818182,52.72727272727273,3202.0654799770145,355,rolled,3313.940147526226,0.0349382822583674,True,True,1.00098704431687,2,709.7969055175781,283.91876220703125,21.78460803735977,11.190003487952183,355.0,rolled,1.0,True,scale,0.9463958740234375,40,18,58,0.020157337188720703,0.0006046295166015625,0.020761966705322266
gated_cost_merged_seed43,scale,14.181818181818182,63.63636363636363,3623.765744949169,355,rolled,4141.737805848201,0.1429375123436125,True,True,1.000955301354161,1,710.423469543457,284.1693878173828,24.930952045474413,16.059322440630076,355.0,rolled,1.0,True,scale,0.9472312927246094,40,18,58,0.02030014991760254,0.0006084442138671875,0.020908594131469727
gated_cost_merged_seed43,scale,14.181818181818182,74.54545454545453,4194.266016339479,355,rolled,4653.364223910993,0.10945853357488969,True,True,1.0009597946198687,1,700.556219757453,288.6943817138672,28.86811186080725,17.376578019952944,355.0,rolled,1.0,True,scale,0.9623146057128906,40,18,58,0.02104973793029785,0.0006048679351806641,0.021654605865478516
gated_cost_merged_seed43,scale,14.181818181818182,85.45454545454545,4665.282330709234,460,rolled,5326.324223206735,0.14169386665972838,True,True,1.0009930315444582,2,727.4436950683594,290.97747802734375,33.94737243652344,10.685226726743359,355.0,rolled,0.0,True,scale,0.9699249267578125,40,18,58,0.02223515510559082,0.0006203651428222656,0.022855520248413086
gated_cost_merged_seed43,scale,14.181818181818182,96.36363636363636,5186.697126154381,460,rolled,5841.379887574572,0.12622344152676568,True,True,1.0009777173011059,1,749.8283386230469,299.93133544921875,34.99198913574219,12.362771641881645,355.0,rolled,0.0,True,scale,0.9997711181640625,40,18,58,0.01882171630859375,0.0006034374237060547,0.019425153732299805
gated_cost_merged_seed43,scale,14.181818181818182,107.27272727272728,5684.871516431859,460,rolled,6436.636569605122,0.13223958553862128,True,True,1.0009785870028993,2,739.013671875,295.60546875,34.4873046875,12.528912877484553,460.0,rolled,1.0,True,scale,0.9853515625,40,18,58,0.02001476287841797,0.0006132125854492188,0.020627975463867188
gated_cost_merged_seed43,scale,14.181818181818182,118.18181818181816,6186.248050426683,460,rolled,11916.48847851567,0.9262868836456947,True,True,1.0009940107992843,3,732.2244644165039,292.88978576660156,34.170475006103516,13.017537429935624,690.0,rolled,0.0,True,scale,0.9762992858886719,39,18,57,0.019685745239257812,0.0006275177001953125,0.020313262939453125
gated_cost_merged_seed43,scale,14.181818181818182,129.0909090909091,8947.780102569574,500,rolled,13178.144218189476,0.47278364768989467,True,True,1.000998703777206,1,733.3316802978516,293.3326721191406,34.222145080566406,16.997515172446693,690.0,rolled,0.0,True,scale,0.9777755737304688,15,18,33,0.007591962814331055,0.0006101131439208984,0.008202075958251953
gated_cost_merged_seed43,scale,14.181818181818182,140.0,12705.653958132376,620,rolled,15677.870426510572,0.23392864925900173,True,True,1.0009597592534802,1,732.1450016179806,295.0836181640625,34.426422119140625,24.590301513671875,690.0,rolled,0.0,True,scale,0.983612060546875,8,18,26,0.004225015640258789,0.0006077289581298828,0.004832744598388672
gated_cost_merged_seed43,scale,15.0,20.0,2057.248334677028,355,rolled,2422.3584176718614,0.1774749683062218,True,True,1.0009662565195945,2,484.4059723705544,263.3949279785156,15.834112381934748,7.032119552247542,355.0,rolled,1.0,True,scale,0.8779830932617188,40,18,58,0.020967483520507812,0.000659942626953125,0.021627426147460938
gated_cost_merged_seed43,scale,15.0,30.909090909090907,2565.283454586496,355,rolled,2778.3955593829464,0.0830754606924334,True,True,1.0009542442003998,2,627.0840583329486,275.2189636230469,18.201774639365272,9.64280246415409,355.0,rolled,1.0,True,scale,0.9173965454101562,40,18,58,0.020568132400512695,0.0006046295166015625,0.021172761917114258
gated_cost_merged_seed43,scale,15.0,41.81818181818181,3234.6725939942403,355,rolled,3336.8800452947366,0.03159746414220194,True,True,1.0009785487869765,2,703.1106948852539,281.24427795410156,20.86943259861816,10.787827839929308,355.0,rolled,1.0,True,scale,0.9374809265136719,40,18,58,0.021039485931396484,0.0006086826324462891,0.021648168563842773
gated_cost_merged_seed43,scale,15.0,52.72727272727273,3765.638206814382,355,rolled,4629.690375253963,0.22945703250938257,True,True,1.0009602927299879,3,722.4225997924805,288.9690399169922,26.865564344298733,9.720833511297988,355.0,rolled,1.0,True,scale,0.9632301330566406,40,18,58,0.022608041763305664,0.0006046295166015625,0.023212671279907227
gated_cost_merged_seed43,scale,15.0,63.63636363636363,4414.262908667717,355,rolled,5288.862090163002,0.19813028802112073,True,True,1.000970568910531,3,720.0279235839844,288.01116943359375,32.82569691395295,9.55826640556989,355.0,rolled,1.0,True,scale,0.9600372314453125,40,18,58,0.020296812057495117,0.0006060600280761719,0.02090287208557129
gated_cost_merged_seed43,scale,15.0,74.54545454545453,5055.036012019389,460,rolled,5318.405738095749,0.05210046485329568,True,True,1.0009847014886109,1,736.4473342895508,294.5789337158203,30.982898901147752,17.535521217655937,355.0,rolled,0.0,True,scale,0.9819297790527344,40,18,58,0.022298336029052734,0.0005977153778076172,0.02289605140686035
gated_cost_merged_seed43,scale,15.0,85.45454545454545,5678.659053486651,460,rolled,6545.311024026689,0.15261560209499117,True,True,1.0009950768242368,1,749.9055862426758,299.9622344970703,34.9955940246582,14.922740731814502,355.0,rolled,0.0,True,scale,0.9998741149902344,40,18,58,0.018792152404785156,0.0005960464477539062,0.019388198852539062
gated_cost_merged_seed43,scale,15.0,96.36363636363636,6293.677091962863,460,rolled,10239.222981547828,0.626906311196597,True,True,1.0009724098701092,3,734.8165512084961,293.92662048339844,34.291439056396484,11.324105526162663,620.0,rolled,0.0,True,scale,0.9797554016113281,40,18,58,0.02136826515197754,0.0006771087646484375,0.022045373916625977
gated_cost_merged_seed43,scale,15.0,107.27272727272728,7396.103440982998,460,rolled,13276.378443510865,0.7950504004506369,True,True,1.000982757094067,2,733.3488464355469,293.33953857421875,34.22294616699219,14.978463400805735,690.0,rolled,0.0,True,scale,0.9777984619140625,15,18,33,0.008712291717529297,0.0006132125854492188,0.009325504302978516
gated_cost_merged_seed43,scale,15.0,118.18181818181816,13338.283576315587,620,rolled,16422.578035322866,0.23123623375978997,True,True,1.0009832059852788,1,746.2577819824219,298.50311279296875,33.28785047487362,24.314551999556976,690.0,rolled,0.0,True,scale,0.9950103759765625,6,18,24,0.0034945011138916016,0.0007224082946777344,0.004216909408569336
gated_cost_merged_seed43,scale+thin,6.0,20.0,241.3288087904857,355,rolled,253.8913552667171,0.05205572653838367,True,True,1.000994048503482,1,294.3432827298135,120.0,8.0,6.0,355.0,rolled,1.0,True,scale,0.8662528991699219,40,69,109,0.02664923667907715,0.0023741722106933594,0.029023408889770508
gated_cost_merged_seed43,scale+thin,6.0,30.909090909090907,292.67799548197263,355,rolled,299.7038799077739,0.02400550958479568,True,True,1.000989097657067,2,346.26950496723947,138.8909582772808,8.127860152376092,6.0,355.0,rolled,1.0,True,thin_c2,0.9445762634277344,40,69,109,0.01971268653869629,0.002336740493774414,0.022049427032470703
gated_cost_merged_seed43,scale+thin,6.0,41.81818181818181,342.2853688824266,355,rolled,353.330885863739,0.03226990688318462,True,True,1.0009957377435144,1,388.0151354920215,143.52237706422406,9.289009766952224,6.306316033981018,355.0,rolled,1.0,True,thin_c1,0.9655647277832031,40,70,110,0.019813060760498047,0.0024077892303466797,0.022220849990844727
gated_cost_merged_seed43,scale+thin,6.0,52.72727272727273,386.25765574493386,355,rolled,404.3056134123883,0.04672517786772999,True,True,1.000986062818348,1,423.35155507874725,150.64073504166572,9.730984643509093,6.895877818377403,355.0,rolled,1.0,True,thin_c1,0.9625778198242188,40,70,110,0.01960158348083496,0.002428770065307617,0.022030353546142578
gated_cost_merged_seed43,scale+thin,6.0,63.63636363636363,431.68145507497405,355,rolled,448.6066321120021,0.03920756112649894,True,True,1.0009982925414773,2,463.57323961376943,155.17625534011313,10.010888902708198,7.296688304160591,355.0,rolled,1.0,True,thin_c1,1.017928917926291,40,73,113,0.019700288772583008,0.0025031566619873047,0.022203445434570312
gated_cost_merged_seed43,scale+thin,6.0,74.54545454545453,466.9500019446189,355,rolled,491.92238649947694,0.053479782526737824,True,True,1.0009669861634864,2,479.82725413253456,162.7891871716802,10.498236476641926,7.710584262888765,355.0,rolled,1.0,True,thin_c1,0.9813575744628906,40,72,112,0.022157907485961914,0.0024497509002685547,0.02460765838623047
gated_cost_merged_seed43,scale+thin,6.0,85.45454545454545,518.2473353887603,355,rolled,539.5261975087615,0.04105927935748845,True,True,1.0009958290400953,2,525.3453990934659,163.19159330194745,10.482726183357427,8.342106466539958,355.0,rolled,1.0,True,thin_c1,1.026198040506114,40,73,113,0.02045750617980957,0.002580404281616211,0.02303791046142578
gated_cost_merged_seed43,scale+thin,6.0,96.36363636363636,549.7256874002802,355,rolled,582.113090163105,0.058915570993214345,True,True,1.000998483159697,2,556.1968486177034,165.91072065822516,10.636510679155963,8.789548972897558,355.0,rolled,1.0,True,thin_c1,1.0425772227411683,40,73,113,0.019704103469848633,0.0025403499603271484,0.02224445343017578
gated_cost_merged_seed43,scale+thin,6.0,107.27272727272728,586.6560772595034,355,rolled,628.4729803423238,0.07128009868774103,True,True,1.0009623579620461,2,535.2199847202639,155.54695127942117,15.030332133829969,8.335691411074267,355.0,rolled,1.0,True,scale,0.9702339172363281,40,75,115,0.020053386688232422,0.002569437026977539,0.02262282371520996
gated_cost_merged_seed43,scale+thin,6.0,118.18181818181816,628.4217050081675,355,rolled,661.7956275037567,0.05310752672865663,True,True,1.0009958562340675,2,600.8455851793857,172.62320935134227,11.037090044773823,9.584730648958281,355.0,rolled,1.0,True,thin_c1,1.0358643374235736,40,74,114,0.020054101943969727,0.002562284469604492,0.02261638641357422
gated_cost_merged_seed43,scale+thin,6.0,129.0909090909091,657.4964976148059,355,rolled,701.4534307676494,0.0668550073077281,True,True,1.0009984301572696,2,571.517555009345,162.28629339366833,15.652135415363283,8.956456362743488,355.0,rolled,1.0,True,scale,0.9571647644042969,40,74,114,0.019910812377929688,0.0025403499603271484,0.022451162338256836
gated_cost_merged_seed43,scale+thin,6.0,140.0,697.879425726456,355,rolled,733.3002572521788,0.05075494450757237,True,True,1.0009840165317623,2,591.7978695000353,167.05211851390936,15.477680424280509,9.267861710311585,355.0,rolled,1.0,True,scale,0.9535713195800781,40,74,114,0.02010202407836914,0.002537965774536133,0.022639989852905273
gated_cost_merged_seed43,scale+thin,6.818181818181818,20.0,317.0885192434045,355,rolled,329.77131524455785,0.03999765122816617,True,True,1.000968387732109,2,321.8734401544713,139.19451313319206,8.154280567842006,6.0,355.0,rolled,1.0,True,thin_c2,0.9229927062988281,40,69,109,0.020510435104370117,0.0023856163024902344,0.02289605140686035
gated_cost_merged_seed43,scale+thin,6.818181818181818,30.909090909090907,392.6423822212096,355,rolled,399.04743713730386,0.01631269370326345,True,True,1.0009933573147967,2,361.1856228104189,157.33687264494787,9.245476609479772,6.0,355.0,rolled,1.0,True,thin_c2,0.96575927734375,40,70,110,0.020472049713134766,0.002378225326538086,0.02285027503967285
gated_cost_merged_seed43,scale+thin,6.818181818181818,41.81818181818181,455.0251859822217,355,rolled,474.69069943679045,0.04321851638194171,True,True,1.0009817958312208,1,397.3948281119856,163.88428114604392,10.660043271534896,6.4154890183503515,355.0,rolled,1.0,True,thin_c1,0.9618568420410156,40,70,110,0.021593570709228516,0.002409696578979492,0.024003267288208008
gated_cost_merged_seed43,scale+thin,6.818181818181818,52.72727272727273,519.9507333014534,355,rolled,546.6879070494809,0.051422513779831626,True,True,1.000996822941106,2,457.6692798180581,167.08918483773186,10.816355669641538,7.311366016808236,355.0,rolled,1.0,True,thin_c1,1.024143119480299,40,73,113,0.020462512969970703,0.0024881362915039062,0.02295064926147461
gated_cost_merged_seed43,scale+thin,6.818181818181818,63.63636363636363,570.1996303697795,355,rolled,607.8442503708121,0.06602007085942826,True,True,1.0009967545385174,1,475.97727194462357,177.0775555982688,11.463965119334677,7.733333030648292,355.0,rolled,1.0,True,thin_c1,0.9572677612304688,40,71,111,0.020297527313232422,0.0024232864379882812,0.022720813751220703
gated_cost_merged_seed43,scale+thin,6.818181818181818,74.54545454545453,645.0378754655677,355,rolled,660.5994321010953,0.024125027734682673,True,True,1.0009624149177354,2,492.06132137978636,186.63427591690748,12.098487473332966,7.9169705016431395,355.0,rolled,1.0,True,thin_c1,0.9935684204101562,40,72,112,0.02097797393798828,0.002474069595336914,0.023452043533325195
gated_cost_merged_seed43,scale+thin,6.818181818181818,85.45454545454545,698.212152166206,355,rolled,723.9508446172404,0.03686371308660263,True,True,1.0009864913994166,2,512.0971757397783,179.18455627438158,14.527309555092362,7.871389858317564,355.0,rolled,1.0,True,scale,0.9422531127929688,40,72,112,0.0212099552154541,0.002603292465209961,0.023813247680664062
gated_cost_merged_seed43,scale+thin,6.818181818181818,96.36363636363636,733.8166260116295,355,rolled,776.9335121581206,0.05875703086864615,True,True,1.0009942855984706,1,557.2464698854249,193.46741103452226,12.481709336949695,9.089201411600662,355.0,rolled,1.0,True,thin_c1,1.1041120578931727,40,76,116,0.021159887313842773,0.0027990341186523438,0.023958921432495117
gated_cost_merged_seed43,scale+thin,6.818181818181818,107.27272727272728,798.4291807439346,355,rolled,833.8001541666991,0.04430070227369162,True,True,1.000993919807769,1,590.7008687800486,195.36522251336936,12.571558999076057,9.659765203857079,355.0,rolled,1.0,True,thin_c1,1.0184748906674592,40,74,114,0.020914077758789062,0.002576589584350586,0.02349066734313965
gated_cost_merged_seed43,scale+thin,6.818181818181818,118.18181818181816,852.2289524013323,460,rolled,893.0393442790779,0.0478866527155101,True,True,1.0009909807488886,2,632.6493147933105,194.80858887778044,12.492061162926493,10.277463404675654,355.0,rolled,0.0,True,thin_c1,0.9537773132324219,40,71,111,0.020861148834228516,0.002464771270751953,0.02332592010498047
gated_cost_merged_seed43,scale+thin,6.818181818181818,129.0909090909091,896.311601431932,355,rolled,946.4178228381205,0.05590268086024959,True,True,1.0009690242090812,2,658.6999013901715,197.2396725713377,12.626113598768132,10.728341704770507,355.0,rolled,1.0,True,thin_c1,0.9565353393554688,40,71,111,0.021622180938720703,0.002505064010620117,0.02412724494934082
gated_cost_merged_seed43,scale+thin,6.818181818181818,140.0,931.1411275891702,355,rolled,993.6956697101729,0.06718051675256087,True,True,1.000961495429877,2,621.3156028053486,184.18283914171874,18.318203892182563,9.607114745239013,355.0,rolled,1.0,True,scale,0.9571189880371094,40,74,114,0.025024890899658203,0.002557992935180664,0.027582883834838867
gated_cost_merged_seed43,scale+thin,7.636363636363637,20.0,409.6201332461394,355,rolled,425.77652711893643,0.03944238225001675,True,True,1.0009601241770703,2,327.95665260631347,156.24322805271677,9.194040501125263,6.0,355.0,rolled,1.0,True,thin_c2,0.9239997863769531,40,69,109,0.021288633346557617,0.0023653507232666016,0.02365398406982422
gated_cost_merged_seed43,scale+thin,7.636363636363637,30.909090909090907,501.774525145321,355,rolled,516.2162997294246,0.02878140252321709,True,True,1.000993012657606,2,381.4350642964912,174.0135402613068,10.256941502085088,6.0,355.0,rolled,1.0,True,thin_c2,0.9820556640625,40,70,110,0.020805835723876953,0.0023844242095947266,0.02319025993347168
gated_cost_merged_seed43,scale+thin,7.636363636363637,41.81818181818181,593.9298338756057,355,rolled,622.3115804163112,0.04778636283600107,True,True,1.0009932726716473,1,410.8595641175241,182.78549115369745,11.927183386111434,6.5986677467270605,355.0,rolled,1.0,True,thin_c1,1.0003761092476222,40,73,113,0.02080392837524414,0.0025434494018554688,0.02334737777709961
gated_cost_merged_seed43,scale+thin,7.636363636363637,52.72727272727273,675.9362632758116,355,rolled,711.1892895803907,0.05215436457533909,True,True,1.000998537317324,1,456.1783385612813,190.5714825160172,12.402846901736648,7.358218672135333,355.0,rolled,1.0,True,thin_c1,1.0158868938943613,40,73,113,0.02075982093811035,0.002516031265258789,0.02327585220336914
gated_cost_merged_seed43,scale+thin,7.636363636363637,63.63636363636363,779.5020738899598,355,rolled,791.6815725246015,0.015624716139448115,True,True,1.0009923070821392,1,486.83529240823214,199.41296664338194,12.967218480143398,7.862878211874262,355.0,rolled,1.0,True,thin_c1,0.9958457946777344,40,72,112,0.020759105682373047,0.0024929046630859375,0.023252010345458984
gated_cost_merged_seed43,scale+thin,7.636363636363637,74.54545454545453,846.6406079690952,355,rolled,875.6152498091315,0.03422307123862163,True,True,1.0009780530482226,1,539.7768887912893,200.83356199621437,13.001988863291242,8.769849917785553,355.0,rolled,1.0,True,thin_c1,0.9995880126953125,40,72,112,0.020993709564208984,0.0024971961975097656,0.02349090576171875
gated_cost_merged_seed43,scale+thin,7.636363636363637,85.45454545454545,921.2774310054268,355,rolled,947.8461109667523,0.028838956721570903,True,True,1.0009957619987568,1,566.3859031632361,207.31935745618426,13.411194092899215,9.210918218703842,355.0,rolled,1.0,True,thin_c1,1.015555871051291,40,74,114,0.02086162567138672,0.0025436878204345703,0.02340531349182129
gated_cost_merged_seed43,scale+thin,7.636363636363637,96.36363636363636,990.3158107657674,355,rolled,1039.3893710763884,0.04955344525164614,True,True,1.000975895418222,2,583.1326488825569,191.19330864270938,17.307645045364787,8.98698933190967,355.0,rolled,1.0,True,scale,0.961456298828125,40,74,114,0.024277687072753906,0.002549409866333008,0.026827096939086914
gated_cost_merged_seed43,scale+thin,7.636363636363637,107.27272727272728,1055.0870687226268,355,rolled,1095.4323929154273,0.03823885761546275,True,True,1.000988457683976,2,643.2153174778174,211.66969713448836,13.625629746310908,10.393641921551898,355.0,rolled,1.0,True,thin_c1,0.9570388793945312,40,71,111,0.021688461303710938,0.002479076385498047,0.024167537689208984
gated_cost_merged_seed43,scale+thin,7.636363636363637,118.18181818181816,1088.4839809208006,355,rolled,1169.935804236139,0.07483052092914982,True,True,1.0009946374038186,2,677.0039629115329,213.75124171285586,13.696941686258993,10.995273198456475,355.0,rolled,1.0,True,scale,0.95294189453125,40,54,94,0.020998477935791016,0.001903533935546875,0.02290201187133789
gated_cost_merged_seed43,scale+thin,7.636363636363637,129.0909090909091,1173.7978050697595,355,rolled,1237.4693206683178,0.05424402339445013,True,True,1.0009670436078482,2,706.4130406065724,216.3402590375242,13.828748621550472,11.44004158580877,355.0,rolled,1.0,True,scale,0.9499549865722656,40,55,95,0.021026611328125,0.0019431114196777344,0.022969722747802734
gated_cost_merged_seed43,scale+thin,7.636363636363637,140.0,1251.7374258469372,355,rolled,1267.2064257589009,0.012358023010694294,True,True,1.000984423867351,2,706.3980102539062,228.44445295156476,14.184150206616788,11.206328167614304,355.0,rolled,1.0,True,scale,0.941864013671875,40,54,94,0.02119278907775879,0.0018742084503173828,0.023066997528076172
gated_cost_merged_seed43,scale+thin,8.454545454545455,20.0,516.1523336674153,355,rolled,537.1776660369819,0.04073474243577552,True,True,1.000980838348266,2,344.21804138914496,170.87242049682678,10.084272835728827,6.0,355.0,rolled,1.0,True,thin_c2,0.93023681640625,40,70,110,0.021210193634033203,0.002325773239135742,0.023535966873168945
gated_cost_merged_seed43,scale+thin,8.454545454545455,30.909090909090907,633.218032838701,355,rolled,674.1639209671944,0.06466317445972593,True,True,1.000980277970284,1,390.1860820684111,185.101696539944,12.108455513676292,6.237144514119639,355.0,rolled,1.0,True,thin_c1,0.9571075439453125,40,71,111,0.021187305450439453,0.0024590492248535156,0.02364635467529297
gated_cost_merged_seed43,scale+thin,8.454545454545455,41.81818181818181,757.3789000305048,355,rolled,796.5306599558527,0.051693755825216334,True,True,1.0009919873816906,1,423.94847994217207,201.24448080982538,13.164747767618707,6.776515080940113,355.0,rolled,1.0,True,thin_c1,0.9588813781738281,40,71,111,0.02142810821533203,0.0024411678314208984,0.02386927604675293
gated_cost_merged_seed43,scale+thin,8.454545454545455,52.72727272727273,897.7427828478864,355,rolled,907.5114146292085,0.010881325885275694,True,True,1.0009971436985294,1,461.1829467885448,212.5635525031855,13.889613508822944,7.387962992574762,355.0,rolled,1.0,True,thin_c1,1.0014100182574723,40,73,113,0.02097177505493164,0.002518892288208008,0.02349066734313965
gated_cost_merged_seed43,scale+thin,8.454545454545455,63.63636363636363,969.5859503873623,355,rolled,1008.0608243150069,0.03968175684917192,True,True,1.0009755979792658,2,512.6107230585616,217.556938912288,14.1759231449646,8.152020187780133,355.0,rolled,1.0,True,thin_c1,0.9638023376464844,40,71,111,0.02307915687561035,0.0024633407592773438,0.025542497634887695
gated_cost_merged_seed43,scale+thin,8.454545454545455,74.54545454545453,1093.1775012217977,355,rolled,1111.1158120972632,0.016409330465927647,True,True,1.0009905131900427,2,561.9522252597568,220.84889416067733,14.339224182258624,9.031713471469203,355.0,rolled,1.0,True,thin_c1,0.9589385986328125,40,71,111,0.02139878273010254,0.002471446990966797,0.023870229721069336
gated_cost_merged_seed43,scale+thin,8.454545454545455,85.45454545454545,1181.2789978646645,355,rolled,1213.4950144863199,0.02727214881487827,True,True,1.0009790432757573,1,606.8248971997327,223.70725561860627,14.47634794509644,9.864500273896542,355.0,rolled,1.0,True,thin_c1,0.9592132568359375,40,71,111,0.02112412452697754,0.0024764537811279297,0.02360057830810547
gated_cost_merged_seed43,scale+thin,8.454545454545455,96.36363636363636,1257.923897819336,355,rolled,1308.3206106713162,0.04006340362826806,True,True,1.0009629695680045,2,648.394930460788,226.4653225940049,14.619357399936082,10.51004992276033,355.0,rolled,1.0,True,thin_c1,0.9578628540039062,40,71,111,0.02090740203857422,0.0024645328521728516,0.02337193489074707
gated_cost_merged_seed43,scale+thin,8.454545454545455,107.27272727272728,1345.9822136266182,460,rolled,1396.365392032363,0.03743227651574396,True,True,1.0009678856267827,2,689.7194325969806,229.7024060973257,14.5871416344934,11.068189182429512,355.0,rolled,0.0,True,scale,0.9540863037109375,40,54,94,0.021106958389282227,0.001882791519165039,0.022989749908447266
gated_cost_merged_seed43,scale+thin,8.454545454545455,118.18181818181816,1418.3994702060834,355,rolled,1464.0753380629085,0.03220240053402496,True,True,1.0009869112451226,2,715.0269402979729,236.54206090600368,14.749837586808711,11.252642102498577,355.0,rolled,1.0,True,scale,0.9550361633300781,40,55,95,0.02124619483947754,0.001905679702758789,0.023151874542236328
gated_cost_merged_seed43,scale+thin,8.454545454545455,129.0909090909091,1503.943042662674,355,rolled,1520.1692262725915,0.010789094500008143,True,True,1.000979473533518,2,708.9729309082031,248.55550202941612,15.570016135997536,11.086477718848322,355.0,rolled,1.0,True,scale,0.9452972412109375,40,55,95,0.020975828170776367,0.0019729137420654297,0.022948741912841797
gated_cost_merged_seed43,scale+thin,8.454545454545455,140.0,1589.050557323039,355,rolled,1591.5843009986743,0.0015945016122733042,True,True,1.0009638184384944,2,711.5306854248047,255.19944623854835,16.523965301365788,11.109549902215525,355.0,rolled,1.0,True,thin_c1,0.9487075805664062,40,72,112,0.021159648895263672,0.0025017261505126953,0.023661375045776367
gated_cost_merged_seed43,scale+thin,9.272727272727272,20.0,633.3700898588271,355,rolled,635.3197900155664,0.0030782952778427323,True,True,1.0009550309491004,2,343.9785328764518,181.00928923776036,10.710829582560406,6.0,355.0,rolled,1.0,True,thin_c2,0.9080696105957031,40,70,110,0.022605419158935547,0.0024492740631103516,0.0250546932220459
gated_cost_merged_seed43,scale+thin,9.272727272727272,30.909090909090907,801.8071464602682,355,rolled,918.1676296242475,0.14512278130430123,True,True,1.000996156158167,3,443.07752180333387,226.5602455150894,9.628620788835004,6.379145507812501,355.0,rolled,1.0,True,thin_c3,1.0631909179687502,40,70,110,0.0210726261138916,0.0023932456970214844,0.023465871810913086
gated_cost_merged_seed43,scale+thin,9.272727272727272,41.81818181818181,962.5021253931346,355,rolled,1118.4110544790929,0.16198294525560358,True,True,1.0009991407293195,3,505.35038276011306,251.28587915660833,10.696824614058693,6.677781929347827,355.0,rolled,1.0,True,thin_c3,1.1129636548913044,40,72,112,0.021203994750976562,0.002500772476196289,0.02370476722717285
gated_cost_merged_seed43,scale+thin,9.272727272727272,52.72727272727273,1070.6846994207378,355,rolled,1134.8392196826314,0.059919152946336575,True,True,1.0009827916254284,2,481.3569097250299,230.20967577347153,15.067340223733359,7.636858280195646,355.0,rolled,1.0,True,thin_c1,0.9631614685058594,40,71,111,0.021916627883911133,0.002446889877319336,0.02436351776123047
gated_cost_merged_seed43,scale+thin,9.272727272727272,63.63636363636363,1216.7126656588257,355,rolled,1252.6496147868304,0.029536101778430617,True,True,1.0009914244071383,2,539.8251806293613,236.47474336211565,15.124777284181503,8.453830919820646,355.0,rolled,1.0,True,scale,0.9601516723632812,40,54,94,0.021190881729125977,0.0018870830535888672,0.023077964782714844
gated_cost_merged_seed43,scale+thin,9.272727272727272,74.54545454545453,1356.4151141978043,355,rolled,1378.7606141196127,0.016473939052959973,True,True,1.0009670822297165,2,593.8665274240094,239.39721964773352,15.318176228552726,9.375771191153921,355.0,rolled,1.0,True,scale,0.9593276977539062,40,54,94,0.021204710006713867,0.001890420913696289,0.023095130920410156
gated_cost_merged_seed43,scale+thin,9.272727272727272,85.45454545454545,1422.5235716023028,355,rolled,1488.2387309534192,0.046196183081237914,True,True,1.000982091546872,2,641.7830541064368,244.70904132020615,15.323505483076582,10.009300937953478,355.0,rolled,1.0,True,scale,0.9586181640625,40,54,94,0.020763158798217773,0.0018489360809326172,0.02261209487915039
gated_cost_merged_seed43,scale+thin,9.272727272727272,96.36363636363636,1530.0841209322955,355,rolled,1609.9933746346153,0.05222539898893291,True,True,1.0009939688298943,2,693.7581788569566,245.71983205512106,15.366501971519195,10.827539384840312,355.0,rolled,1.0,True,scale,0.9568443298339844,40,54,94,0.02110004425048828,0.0018930435180664062,0.022993087768554688
gated_cost_merged_seed43,scale+thin,9.272727272727272,107.27272727272728,1647.0835657255905,355,rolled,1712.066167967516,0.03945313012293873,True,True,1.0009925152077082,2,716.3114547729492,252.64268791810824,15.819777828715281,11.203983615759654,355.0,rolled,1.0,True,scale,0.9550819396972656,40,55,95,0.02078723907470703,0.0019412040710449219,0.022728443145751953
gated_cost_merged_seed43,scale+thin,9.272727272727272,118.18181818181816,1794.0191544704012,355,rolled,1801.7029273515775,0.00428299378076851,True,True,1.000968890247015,2,716.0539627075195,263.4283809145306,16.72194336145565,11.243048256022007,355.0,rolled,1.0,True,scale,0.9547386169433594,40,56,96,0.024829864501953125,0.001947641372680664,0.02677750587463379
gated_cost_merged_seed43,scale+thin,9.272727272727272,129.0909090909091,1876.6125693849333,355,rolled,1912.3622786646738,0.01905012780099709,True,True,1.0009897018209046,2,732.0356369018555,268.17623959029174,17.359794739263652,11.739577977157314,355.0,rolled,1.0,True,thin_c1,0.9760475158691406,40,75,115,0.02103257179260254,0.0026094913482666016,0.02364206314086914
gated_cost_merged_seed43,scale+thin,9.272727272727272,140.0,1975.8458780810136,355,rolled,1989.4196683631892,0.006869862894042538,True,True,1.0009918237741757,2,739.4857406616211,277.60943750924685,18.003407536519983,11.66541018795434,355.0,rolled,1.0,True,thin_c1,0.9859809875488281,40,75,115,0.020972490310668945,0.002615690231323242,0.023588180541992188
gated_cost_merged_seed43,scale+thin,10.09090909090909,20.0,771.2799576046779,355,rolled,768.0843067814741,-0.004143308524609321,True,True,1.000976610049674,2,372.22873448884087,191.84555892842195,11.365385754310694,6.0,355.0,rolled,1.0,True,thin_c2,0.9259796142578125,40,70,110,0.021333694458007812,0.002436399459838867,0.02377009391784668
gated_cost_merged_seed43,scale+thin,10.09090909090909,30.909090909090907,964.7090665866748,355,rolled,1175.3716131422968,0.2183689921159199,True,True,1.0009965318968845,3,550.3531700526423,230.9735459492722,9.788244556006045,7.142272418478262,355.0,rolled,1.0,True,thin_c3,1.1903787364130436,40,75,115,0.021121978759765625,0.0025398731231689453,0.02366185188293457
gated_cost_merged_seed43,scale+thin,10.09090909090909,41.81818181818181,1147.2574547707825,355,rolled,1175.0873232137385,0.024257735983521076,True,True,1.0009686485491025,1,450.19782839659325,227.40790038471604,14.844674088534031,7.438928745284289,355.0,rolled,1.0,True,scale,0.9296073913574219,40,70,110,0.02104330062866211,0.002435922622680664,0.023479223251342773
gated_cost_merged_seed43,scale+thin,10.09090909090909,52.72727272727273,1318.1429375417918,355,rolled,1395.9804385427205,0.05905088043493079,True,True,1.0009636017793175,2,506.51045442402034,246.39538634363052,16.033552828639216,8.08469642894038,355.0,rolled,1.0,True,thin_c1,0.9536399841308594,40,71,111,0.02113509178161621,0.002445697784423828,0.02358078956604004
gated_cost_merged_seed43,scale+thin,10.09090909090909,63.63636363636363,1473.4968374975142,355,rolled,1554.3828729795976,0.05489393219157133,True,True,1.000965167538665,1,568.2758828259729,250.36016174053822,16.33015744799301,9.133170147037204,355.0,rolled,1.0,True,thin_c1,0.9903068542480469,40,72,112,0.021547794342041016,0.0024864673614501953,0.02403426170349121
gated_cost_merged_seed43,scale+thin,10.09090909090909,74.54545454545453,1593.8205978972342,355,rolled,1681.2484763925984,0.05485427821092908,True,True,1.0009665850550242,2,626.4242923012636,257.99023336868214,16.14593225642665,9.769481871071408,355.0,rolled,1.0,True,scale,0.9533538818359375,40,54,94,0.026245832443237305,0.0019366741180419922,0.028182506561279297
gated_cost_merged_seed43,scale+thin,10.09090909090909,85.45454545454545,1744.078619322344,355,rolled,1852.7322666662785,0.0622985948799439,True,True,1.000962764896094,2,694.9829055500677,255.04873448216583,16.245945280275997,11.004091972165597,355.0,rolled,1.0,True,scale,0.9554481506347656,40,55,95,0.021596431732177734,0.0019452571868896484,0.023541688919067383
gated_cost_merged_seed43,scale+thin,10.09090909090909,96.36363636363636,1930.113776773892,355,rolled,1964.4587234301978,0.017794260146524663,True,True,1.0009672533608884,2,714.2429351806641,266.4708294878732,16.721844302816145,11.170278696420139,355.0,rolled,1.0,True,scale,0.9523239135742188,40,55,95,0.021062135696411133,0.0019500255584716797,0.023012161254882812
gated_cost_merged_seed43,scale+thin,10.09090909090909,107.27272727272728,2067.605711285596,355,rolled,2077.4663909342275,0.0047691296240908185,True,True,1.0009659316354271,2,714.0970230102539,278.5066072366937,17.820990549834878,11.113612807669107,355.0,rolled,1.0,True,scale,0.9521293640136719,40,56,96,0.0213010311126709,0.0019795894622802734,0.023280620574951172
gated_cost_merged_seed43,scale+thin,10.09090909090909,118.18181818181816,2170.353625378734,355,rolled,2217.270186743609,0.021617012461132037,True,True,1.0009806661832537,2,736.6533279418945,283.46151047497125,18.394791784437878,11.736005239009646,355.0,rolled,1.0,True,thin_c1,0.9822044372558594,40,75,115,0.02117753028869629,0.00261688232421875,0.02379441261291504
gated_cost_merged_seed43,scale+thin,10.09090909090909,129.0909090909091,2307.5736162550616,355,rolled,2345.412792528086,0.01639781977332241,True,True,1.0009786487670618,2,717.015266418457,286.8061065673828,21.357220876793292,11.076141229394828,355.0,rolled,1.0,True,scale,0.9560203552246094,40,75,115,0.021326780319213867,0.0027747154235839844,0.02410149574279785
gated_cost_merged_seed43,scale+thin,10.09090909090909,140.0,2443.406284429296,355,rolled,2457.9130107369715,0.005937091346666331,True,True,1.0009997398363413,1,750.0,300.0,20.153419271837453,12.080185429760064,355.0,rolled,1.0,True,thin_c2,1.1413808275305706,40,77,117,0.021111488342285156,0.0026695728302001953,0.02378106117248535
gated_cost_merged_seed43,scale+thin,10.90909090909091,20.0,939.0466900997784,355,rolled,1042.712042070509,0.11039424670110445,True,True,1.0009504015413837,2,487.2918335161013,189.19216317852727,12.056424938160644,7.6585739281971685,355.0,rolled,1.0,True,scale,0.9012947082519531,40,53,93,0.021709680557250977,0.0018160343170166016,0.023525714874267578
gated_cost_merged_seed43,scale+thin,10.90909090909091,30.909090909090907,1197.1649157491154,355,rolled,1389.2869093287427,0.1604808084936307,True,True,1.000993801420578,3,543.1682331018928,253.7151737123322,10.79222267828249,6.9255749777089,355.0,rolled,1.0,True,thin_c3,1.1542624962848167,40,73,113,0.02178955078125,0.006943225860595703,0.028732776641845703
gated_cost_merged_seed43,scale+thin,10.90909090909091,41.81818181818181,1403.509472950396,355,rolled,1443.8960704754543,0.028775436363930873,True,True,1.0009911372396094,1,463.70795558144863,241.59742830531874,16.038691082635598,8.061243365217441,355.0,rolled,1.0,True,scale,0.9098663330078125,40,70,110,0.02270650863647461,0.0024542808532714844,0.025160789489746094
gated_cost_merged_seed43,scale+thin,10.90909090909091,52.72727272727273,1588.7457907355176,355,rolled,1689.2553531810138,0.0632634641939569,True,True,1.000983698462589,1,542.7665589621583,258.19081500195205,16.891324014848166,8.674342846770617,355.0,rolled,1.0,True,thin_c1,0.98974609375,40,72,112,0.021128416061401367,0.002544403076171875,0.023672819137573242
gated_cost_merged_seed43,scale+thin,10.90909090909091,63.63636363636363,1789.9941201560932,355,rolled,1858.1121381865817,0.038054883680035956,True,True,1.0009755256083668,2,590.9582224436737,269.98462094843484,17.269356269831977,9.212044925198052,355.0,rolled,1.0,True,scale,0.9469566345214844,40,54,94,0.021600008010864258,0.0018777847290039062,0.023477792739868164
gated_cost_merged_seed43,scale+thin,10.90909090909091,74.54545454545453,1942.2808212955647,355,rolled,2057.7090376246283,0.059429210783263166,True,True,1.0009653422026803,2,675.4644167838449,266.96886447403523,17.13736298572264,10.687443645310402,355.0,rolled,1.0,True,scale,0.9522895812988281,40,55,95,0.0213620662689209,0.0019507408142089844,0.023312807083129883
gated_cost_merged_seed43,scale+thin,10.90909090909091,85.45454545454545,2177.190622234541,355,rolled,2248.9956244238315,0.032980576645876794,True,True,1.0009876041496013,2,724.5337743757099,270.4670295066565,17.522968032492816,11.619992936427296,355.0,rolled,1.0,True,thin_c1,0.9767799377441406,40,74,114,0.021161556243896484,0.0027282238006591797,0.023889780044555664
gated_cost_merged_seed43,scale+thin,10.90909090909091,96.36363636363636,2344.698716886334,355,rolled,2368.8270722108473,0.010290599449192748,True,True,1.000993771694905,2,718.4057235717773,287.36228942871094,18.689821221448238,11.27864719771445,355.0,rolled,1.0,True,thin_c1,0.9578742980957031,40,74,114,0.035158634185791016,0.0041925907135009766,0.03935122489929199
gated_cost_merged_seed43,scale+thin,10.90909090909091,107.27272727272728,2499.121791022924,355,rolled,2509.0125653881487,0.0039577000211648014,True,True,1.0009836228075897,2,740.9963607788086,296.39854431152344,19.28636268803562,11.502868021049206,355.0,rolled,1.0,True,thin_c1,0.9879951477050781,40,75,115,0.06775879859924316,0.002808809280395508,0.07056760787963867
gated_cost_merged_seed43,scale+thin,10.90909090909091,118.18181818181816,2669.547168301596,355,rolled,2677.692735555146,0.003051291751002344,True,True,1.0009989374409443,2,750.0,300.0,20.87194165231305,11.720985743727883,355.0,rolled,1.0,True,thin_c3,1.6300236909285835,40,77,117,0.021602869033813477,0.003649473190307617,0.025252342224121094
gated_cost_merged_seed43,scale+thin,10.90909090909091,129.0909090909091,2855.841135487434,355,rolled,2920.9264507686544,0.022790243642215706,True,True,1.0009986849860317,1,750.0,300.0,22.817869912263543,12.813754101026403,355.0,rolled,1.0,True,thin_c3,1.7819937001103936,40,80,120,0.02158212661743164,0.002742767333984375,0.024324893951416016
gated_cost_merged_seed43,scale+thin,10.90909090909091,140.0,3078.8301843712,460,rolled,3099.54503924436,0.006728157654914777,True,True,1.0009983511134808,1,750.0,300.0,25.232100790605383,12.817274808645982,355.0,rolled,0.0,True,thin_c3,1.9660290261973508,40,83,123,0.021021604537963867,0.002876758575439453,0.02389836311340332
gated_cost_merged_seed43,scale+thin,11.727272727272728,20.0,1117.8784812198996,355,rolled,1265.6888751280437,0.13222402648527953,True,True,1.0009939668599663,3,460.66471332453494,238.46045033208185,10.143516865742042,6.5050383990743885,355.0,rolled,1.0,True,thin_c3,1.084173066512398,40,71,111,0.02186107635498047,0.002524852752685547,0.024385929107666016
gated_cost_merged_seed43,scale+thin,11.727272727272728,30.909090909090907,1399.1707585826318,355,rolled,1572.7423782953815,0.12405320697852401,True,True,1.0009961267214686,3,490.7227950535329,278.8174305333261,11.918892484253137,6.263872176460599,355.0,rolled,1.0,True,thin_c3,1.0439786960767665,40,70,110,0.021577835083007812,0.0025544166564941406,0.024132251739501953
gated_cost_merged_seed43,scale+thin,11.727272727272728,41.81818181818181,1658.320920880548,355,rolled,1692.7241438634194,0.02074581738051257,True,True,1.0009712541233151,2,497.6254609654475,256.55649793673894,16.355250704962966,8.289485727232654,355.0,rolled,1.0,True,scale,0.9126243591308594,40,70,110,0.021724462509155273,0.0023758411407470703,0.024100303649902344
gated_cost_merged_seed43,scale+thin,11.727272727272728,52.72727272727273,1896.895430152976,355,rolled,2016.551917750724,0.063080170733554,True,True,1.000979097578473,1,578.5856131399353,270.3781201859006,17.676764553515735,9.25922112395942,355.0,rolled,1.0,True,thin_c1,0.9838523864746094,40,72,112,0.021381855010986328,0.0025107860565185547,0.023892641067504883
gated_cost_merged_seed43,scale+thin,11.727272727272728,63.63636363636363,2122.483987052358,355,rolled,2247.595080978111,0.05894560085680731,True,True,1.000982083042874,1,642.2320803953407,276.9125284772637,18.046142902683044,10.337219817925114,355.0,rolled,1.0,True,thin_c1,0.9747428894042969,40,73,113,0.027299880981445312,0.0026094913482666016,0.029909372329711914
gated_cost_merged_seed43,scale+thin,11.727272727272728,74.54545454545453,2414.680044837911,355,rolled,2432.6852364056376,0.0074565537600802196,True,True,1.0009939866864397,2,709.874153137207,283.9496612548828,17.934389833231613,11.000374685743846,355.0,rolled,1.0,True,scale,0.9464988708496094,40,56,96,0.021898269653320312,0.0020301342010498047,0.023928403854370117
gated_cost_merged_seed43,scale+thin,11.727272727272728,85.45454545454545,2607.2244497923484,355,rolled,2640.9429570322536,0.012932721324621935,True,True,1.0009835679335564,2,731.8124771118164,292.72499084472656,19.039710585874715,11.472827784243838,355.0,rolled,1.0,True,thin_c1,0.9757499694824219,40,75,115,0.021459102630615234,0.002676248550415039,0.024135351181030273
gated_cost_merged_seed43,scale+thin,11.727272727272728,96.36363636363636,2809.399526814627,460,rolled,2858.456233621123,0.01746163418135046,True,True,1.0009981440108657,1,750.0,300.0,20.167601346525355,12.088686324310626,355.0,rolled,0.0,True,thin_c2,1.1421840236497962,40,77,117,0.022062063217163086,0.0028297901153564453,0.02489185333251953
gated_cost_merged_seed43,scale+thin,11.727272727272728,107.27272727272728,3054.1802093068686,355,rolled,3073.233676047393,0.0062384880507259325,True,True,1.0009987809339564,1,750.0,300.0,23.049266261398618,11.938775591179498,355.0,rolled,1.0,True,thin_c3,1.7967151807702106,40,80,120,0.02155900001525879,0.002811908721923828,0.024370908737182617
gated_cost_merged_seed43,scale+thin,11.727272727272728,118.18181818181816,3357.8991517305085,355,rolled,3505.010437329118,0.0438105133451655,True,True,1.0009994705437277,1,750.0,300.0,24.568430486214453,15.146906196534658,355.0,rolled,1.0,True,thin_c3,2.0994102146314537,40,85,125,0.022162437438964844,0.0029265880584716797,0.025089025497436523
gated_cost_merged_seed43,scale+thin,11.727272727272728,129.0909090909091,3564.383823711408,460,rolled,3697.1148166084695,0.03723813131854465,True,True,1.0009985381799071,1,750.0,300.0,27.574069311496523,14.682701308229342,355.0,rolled,0.0,True,thin_c3,2.150762541397758,40,85,125,0.021297931671142578,0.0030324459075927734,0.02433037757873535
gated_cost_merged_seed43,scale+thin,11.727272727272728,140.0,3755.070343632353,460,rolled,4096.933310257337,0.09104036285357406,True,True,1.0009995764503603,1,750.0,300.0,29.214584214944622,17.511549271539057,355.0,rolled,0.0,True,thin_c2,1.6545562744140625,25,71,96,0.013564109802246094,0.002515554428100586,0.01607966423034668
gated_cost_merged_seed43,scale+thin,12.545454545454549,20.0,1307.1994834284806,355,rolled,1448.3487849472722,0.10797839450532049,True,True,1.000995380922016,1,409.99653089590055,221.87645903605258,15.218620120234204,8.012995888148549,355.0,rolled,1.0,True,scale,0.9052658081054688,40,70,110,0.02323460578918457,0.0025892257690429688,0.02582383155822754
gated_cost_merged_seed43,scale+thin,12.545454545454549,30.909090909090907,1673.5520688887286,355,rolled,1803.2835419357048,0.07751863563654782,True,True,1.0009989488208695,1,551.1592577455411,241.23125088691037,15.730512032894321,8.862144478002906,355.0,rolled,1.0,True,thin_c1,1.000399753736413,40,73,113,0.02204728126525879,0.0025179386138916016,0.02456521987915039
gated_cost_merged_seed43,scale+thin,12.545454545454549,41.81818181818181,1957.4303873162305,355,rolled,1979.5488373851888,0.011299737764510836,True,True,1.0009914256397063,2,529.5367887187505,268.92494605504936,16.954247268333834,8.6117119586499,355.0,rolled,1.0,True,scale,0.9083213806152344,40,71,111,0.02170586585998535,0.0025174617767333984,0.02422332763671875
gated_cost_merged_seed43,scale+thin,12.545454545454549,52.72727272727273,2222.5772160497027,355,rolled,2385.14453055559,0.07314360703959083,True,True,1.0009926152745958,1,625.3042044250568,279.80106267671,18.26189741901907,10.038655978677253,355.0,rolled,1.0,True,thin_c1,1.019876364003057,40,74,114,0.021819591522216797,0.002613544464111328,0.024433135986328125
gated_cost_merged_seed43,scale+thin,12.545454545454549,63.63636363636363,2552.3230156844406,355,rolled,2643.1186831592127,0.035573736912145465,True,True,1.0009902829855346,2,710.698127746582,284.2792510986328,18.346548403782865,11.043641922809696,355.0,rolled,1.0,True,scale,0.9475975036621094,40,56,96,0.021755218505859375,0.0019443035125732422,0.023699522018432617
gated_cost_merged_seed43,scale+thin,12.545454545454549,74.54545454545453,2864.0220557743514,355,rolled,2916.4967368321895,0.01832202407521279,True,True,1.0009574969772885,2,716.9981002807617,286.7992401123047,21.484713151689544,10.978353114493773,355.0,rolled,1.0,True,scale,0.9559974670410156,40,75,115,0.021577835083007812,0.002621889114379883,0.024199724197387695
gated_cost_merged_seed43,scale+thin,12.545454545454549,85.45454545454545,3136.2352005841685,355,rolled,3176.707758223758,0.012904822199575745,True,True,1.0009987551155344,1,750.0,300.0,21.548264655659203,12.100786167301381,355.0,rolled,1.0,True,thin_c3,1.6828420887822686,40,80,120,0.021304845809936523,0.002730131149291992,0.024034976959228516
gated_cost_merged_seed43,scale+thin,12.545454545454549,96.36363636363636,3474.753399293351,355,rolled,3554.2305187145944,0.02287273664870909,True,True,1.0009985087303725,1,750.0,300.0,24.287639400486857,13.49186429183067,355.0,rolled,1.0,True,thin_c3,1.8962865414826764,40,82,122,0.022022485733032227,0.0028455257415771484,0.024868011474609375
gated_cost_merged_seed43,scale+thin,12.545454545454549,107.27272727272728,3810.945853911128,460,rolled,3909.5307188264114,0.025868870536196964,True,True,1.000998254226482,1,750.0,300.0,27.103741498219605,14.625978167758271,355.0,rolled,0.0,True,thin_c1,1.383329905634341,40,85,125,0.021599531173706055,0.0029599666595458984,0.024559497833251953
gated_cost_merged_seed43,scale+thin,12.545454545454549,118.18181818181816,4051.8868674716473,460,rolled,4422.0688752916885,0.09136040070413727,True,True,1.0009978080607218,1,750.0,300.0,28.97603358730267,18.090366291073273,355.0,rolled,0.0,True,thin_c2,1.7057127579398772,25,71,96,0.013887166976928711,0.0024645328521728516,0.016351699829101562
gated_cost_merged_seed43,scale+thin,12.545454545454549,129.0909090909091,4389.083655555064,460,rolled,4698.067485784729,0.07039825496116894,True,True,1.0009987252235166,1,750.0,300.0,32.16462146818563,18.190563070934125,355.0,rolled,0.0,True,thin_c1,1.6444074216096296,40,71,111,0.021318435668945312,0.0024721622467041016,0.023790597915649414
gated_cost_merged_seed43,scale+thin,12.545454545454549,140.0,4731.036754406592,460,rolled,4855.106130950275,0.026224564082729163,True,True,1.0009980440966035,1,750.0,300.0,29.668132747271937,16.648175933167295,460.0,rolled,1.0,True,thin_c3,2.044541864809783,40,85,125,0.02097344398498535,0.002954721450805664,0.023928165435791016
gated_cost_merged_seed43,scale+thin,13.363636363636363,20.0,1553.9456704912225,355,rolled,1750.6116636224742,0.12655911777731782,True,True,1.0009970897014526,3,549.9575059400854,265.0444638487587,11.31252737283534,6.3568723993716025,355.0,rolled,1.0,True,thin_c3,1.0594787332286004,40,70,110,0.02185797691345215,0.002427339553833008,0.024285316467285156
gated_cost_merged_seed43,scale+thin,13.363636363636363,30.909090909090907,2055.764041961098,355,rolled,2011.8546208294085,-0.021359173638333517,True,True,1.0009661714999434,1,488.07680696532884,260.68380118297944,17.050525603627566,8.553185720169497,355.0,rolled,1.0,True,scale,0.8853187561035156,40,70,110,0.021542787551879883,0.0024976730346679688,0.02404046058654785
gated_cost_merged_seed43,scale+thin,13.363636363636363,41.81818181818181,2295.1327804460216,355,rolled,2470.6309944550508,0.07646538601349417,True,True,1.0009567550221898,1,626.9462278235475,273.0551813947846,17.80214489799236,10.08417996813355,355.0,rolled,1.0,True,thin_c1,0.9878578186035156,40,72,112,0.02148890495300293,0.0024569034576416016,0.02394580841064453
gated_cost_merged_seed43,scale+thin,13.363636363636363,52.72727272727273,2698.233573079863,355,rolled,2807.6671308265722,0.04055748132353034,True,True,1.0009763026832321,2,700.0858980217726,283.8020324707031,18.4624933665693,11.076448155808487,355.0,rolled,1.0,True,thin_c1,0.9460067749023438,40,73,113,0.02255415916442871,0.002518177032470703,0.025072336196899414
gated_cost_merged_seed43,scale+thin,13.363636363636363,63.63636363636363,3099.504449257762,355,rolled,3120.8808290799398,0.00689670886818587,True,True,1.0009593689705145,2,742.1207427978516,296.8482971191406,19.291061695609006,11.883207711116748,355.0,rolled,1.0,True,thin_c1,0.9894943237304688,40,75,115,0.021104812622070312,0.0025644302368164062,0.02366924285888672
gated_cost_merged_seed43,scale+thin,13.363636363636363,74.54545454545453,3409.0278837627866,355,rolled,3973.377349034251,0.16554557032503697,True,True,1.0009990940931845,2,750.0,300.0,22.848571465442443,10.662988148564876,355.0,rolled,1.0,True,thin_c3,1.7771646914274795,40,81,121,0.02129673957824707,0.0028221607208251953,0.024118900299072266
gated_cost_merged_seed43,scale+thin,13.363636363636363,85.45454545454545,3859.8972334468967,355,rolled,3960.543397006132,0.026074829839279997,True,True,1.000999238070972,1,750.0,300.0,25.328231552544427,14.223489404404145,355.0,rolled,1.0,True,thin_c3,1.9780439293902856,40,83,123,0.0211641788482666,0.0028464794158935547,0.024010658264160156
gated_cost_merged_seed43,scale+thin,13.363636363636363,96.36363636363636,4245.414696419247,460,rolled,4492.45523474836,0.058189966350631776,True,True,1.0009986929998897,1,750.0,300.0,28.074516108135274,16.828179668246335,355.0,rolled,0.0,True,thin_c2,1.5899889738663382,40,69,109,0.021164894104003906,0.0026068687438964844,0.02377176284790039
gated_cost_merged_seed43,scale+thin,13.363636363636363,107.27272727272728,4631.739739142465,460,rolled,4954.35942326102,0.06965410456725844,True,True,1.0009989140326156,1,750.0,300.0,31.07094033826783,18.624269941457662,355.0,rolled,0.0,True,thin_c2,1.7596902598505433,40,71,111,0.026255130767822266,0.0033228397369384766,0.029577970504760742
gated_cost_merged_seed43,scale+thin,13.363636363636363,118.18181818181816,5063.816158705762,460,rolled,5187.731121169556,0.024470667690168434,True,True,1.000998279320165,1,750.0,300.0,29.763057827311368,16.70144283227023,460.0,rolled,1.0,True,thin_c3,2.0510835067085607,40,85,125,0.02105855941772461,0.003170490264892578,0.024229049682617188
gated_cost_merged_seed43,scale+thin,13.363636363636363,129.0909090909091,5459.024045280959,460,rolled,8923.495241374916,0.6346319721908554,True,True,1.0009992404900134,2,750.0,300.0,28.7697031089287,14.427515932622516,620.0,rolled,0.0,True,thin_c1,1.1246921970533288,40,80,120,0.028466224670410156,0.003581523895263672,0.03204774856567383
gated_cost_merged_seed43,scale+thin,13.363636363636363,140.0,5943.747564514266,460,rolled,11021.404683033506,0.8542854593681245,True,True,1.0009980419820756,2,750.0,300.0,29.72594998756248,15.14189091230831,690.0,rolled,0.0,True,thin_c1,1.1059556513247284,40,80,120,0.02432727813720703,0.0034151077270507812,0.027742385864257812
gated_cost_merged_seed43,scale+thin,14.181818181818182,20.0,1796.9028968466985,355,rolled,1992.5565151028911,0.10888380145612549,True,True,1.0009974658404959,3,600.766469925555,272.4655066471548,11.635904137387724,6.38314357591712,355.0,rolled,1.0,True,thin_c3,1.0638572626528533,40,70,110,0.02172398567199707,0.0024178028106689453,0.024141788482666016
gated_cost_merged_seed43,scale+thin,14.181818181818182,30.909090909090907,2224.07150895444,355,rolled,2422.8317651170505,0.0893677453096145,True,True,1.000956792191428,1,517.1377092913906,259.0422031046841,18.64702261460407,10.073152782717978,355.0,rolled,1.0,True,scale,0.8804664611816406,40,71,111,0.020267724990844727,0.0024526119232177734,0.0227203369140625
gated_cost_merged_seed43,scale+thin,14.181818181818182,41.81818181818181,2615.0382292659383,355,rolled,2874.1794702815337,0.09909654020176153,True,True,1.0009667021440267,2,687.9590039850648,279.4933319091797,18.190665912320274,10.783147891808113,355.0,rolled,1.0,True,thin_c1,0.9316444396972656,40,72,112,0.020252704620361328,0.0024521350860595703,0.0227048397064209
gated_cost_merged_seed43,scale+thin,14.181818181818182,52.72727272727273,3202.0654799770145,355,rolled,3256.9193625565094,0.017130781029464973,True,True,1.0009669648108261,2,738.2068634033203,295.2827453613281,19.201686919361887,11.637888686327646,355.0,rolled,1.0,True,thin_c1,0.9842758178710938,40,75,115,0.020157337188720703,0.002597808837890625,0.022755146026611328
gated_cost_merged_seed43,scale+thin,14.181818181818182,63.63636363636363,3623.765744949169,355,rolled,3711.644222640407,0.02425059561692796,True,True,1.0009978222754803,1,750.0,300.0,22.290465623366487,12.517581456703974,355.0,rolled,1.0,True,thin_c3,1.7408053190811819,40,80,120,0.02030014991760254,0.002721548080444336,0.023021697998046875
gated_cost_merged_seed43,scale+thin,14.181818181818182,74.54545454545453,4194.266016339479,355,rolled,4258.194511624706,0.015241879040619355,True,True,1.0009990818450256,1,750.0,300.0,26.001274545844684,14.145209286930934,355.0,rolled,1.0,True,thin_c3,2.0290853749150823,40,85,125,0.02104973793029785,0.0029022693634033203,0.023952007293701172
gated_cost_merged_seed43,scale+thin,14.181818181818182,85.45454545454545,4665.282330709234,460,rolled,4855.919714596468,0.040862989712833246,True,True,1.0009990055201232,1,750.0,300.0,29.364845956510546,16.53620720381019,355.0,rolled,0.0,True,thin_c1,1.5010331527046534,40,70,110,0.02223515510559082,0.0024139881134033203,0.02464914321899414
gated_cost_merged_seed43,scale+thin,14.181818181818182,96.36363636363636,5186.697126154381,460,rolled,5482.005645250258,0.05693575543610536,True,True,1.0009998839951022,1,750.0,300.0,32.449552843702946,19.450625731396514,355.0,rolled,0.0,True,thin_c2,1.8377674268639603,40,72,112,0.01882171630859375,0.0025093555450439453,0.021331071853637695
gated_cost_merged_seed43,scale+thin,14.181818181818182,107.27272727272728,5684.871516431859,460,rolled,5842.897571477526,0.02779764759659033,True,True,1.0009995917370373,1,750.0,300.0,31.656031663140396,17.763678926611494,460.0,rolled,1.0,True,thin_c3,2.18153540569803,40,85,125,0.02001476287841797,0.0028998851776123047,0.022914648056030273
gated_cost_merged_seed43,scale+thin,14.181818181818182,118.18181818181816,6186.248050426683,460,rolled,11750.035026091526,0.899379871339154,True,True,1.0009989022702452,2,750.0,300.0,30.163411603512984,14.944661498464018,690.0,rolled,0.0,True,thin_c1,1.1208312192170518,39,80,119,0.019685745239257812,0.002772092819213867,0.02245783805847168
gated_cost_merged_seed43,scale+thin,14.181818181818182,129.0909090909091,8947.780102569574,500,rolled,13178.144218189476,0.47278364768989467,True,True,1.000998703777206,1,733.3316802978516,293.3326721191406,34.222145080566406,16.997515172446693,690.0,rolled,0.0,True,scale,0.9777755737304688,15,82,97,0.007591962814331055,0.002844095230102539,0.010436058044433594
gated_cost_merged_seed43,scale+thin,14.181818181818182,140.0,12705.653958132376,620,rolled,14169.40171749512,0.11520444080927127,True,True,1.0009978678042204,1,750.0,300.0,34.29331338833243,19.0583821651459,690.0,rolled,0.0,True,thin_c3,1.9449591595193616,8,83,91,0.004225015640258789,0.002924680709838867,0.007149696350097656
gated_cost_merged_seed43,scale+thin,15.0,20.0,2057.248334677028,355,rolled,2170.5455889879995,0.05507223041634304,True,True,1.000975489388293,3,535.397847076599,291.1216735839844,12.476267010535144,6.0,355.0,rolled,1.0,True,thin_c3,0.9704055786132812,40,52,92,0.020967483520507812,0.001898050308227539,0.02286553382873535
gated_cost_merged_seed43,scale+thin,15.0,30.909090909090907,2565.283454586496,355,rolled,2774.3091582448096,0.08148249788326287,True,True,1.0009583836290867,2,629.0005903420747,276.0601043701172,18.03345137219613,9.672273376920332,355.0,rolled,1.0,True,thin_c1,0.9202003479003906,40,71,111,0.020568132400512695,0.0024824142456054688,0.023050546646118164
gated_cost_merged_seed43,scale+thin,15.0,41.81818181818181,3234.6725939942403,355,rolled,3336.8800452947366,0.03159746414220194,True,True,1.0009785487869765,2,703.1106948852539,281.24427795410156,20.86943259861816,10.787827839929308,355.0,rolled,1.0,True,scale,0.9374809265136719,40,74,114,0.021039485931396484,0.0025572776794433594,0.023596763610839844
gated_cost_merged_seed43,scale+thin,15.0,52.72727272727273,3765.638206814382,355,rolled,3815.6573762478392,0.013283052350313778,True,True,1.0009992243461958,1,750.0,300.0,21.64956191716314,12.157671328146414,355.0,rolled,1.0,True,thin_c3,1.6907530411430023,40,80,120,0.022608041763305664,0.0027146339416503906,0.025322675704956055
gated_cost_merged_seed43,scale+thin,15.0,63.63636363636363,4414.262908667717,355,rolled,4408.344595636394,-0.001340725089052149,True,True,1.000999950745657,1,750.0,300.0,26.141949075174164,13.255645277738607,355.0,rolled,1.0,True,thin_c1,1.331403881570567,40,85,125,0.020296812057495117,0.003001689910888672,0.02329850196838379
gated_cost_merged_seed43,scale+thin,15.0,74.54545454545453,5055.036012019389,460,rolled,5275.592121051313,0.043630966922393176,True,True,1.0009978172258847,1,750.0,300.0,29.41863515777816,17.63385969407263,355.0,rolled,0.0,True,thin_c2,1.6661126178243886,40,71,111,0.022298336029052734,0.0024220943450927734,0.024720430374145508
gated_cost_merged_seed43,scale+thin,15.0,85.45454545454545,5678.659053486651,460,rolled,5936.303574321329,0.045370662053832236,True,True,1.000999826425227,1,750.0,300.0,33.25373790773415,19.932663273604653,355.0,rolled,0.0,True,thin_c2,1.8833121258279553,40,72,112,0.018792152404785156,0.0025200843811035156,0.021312236785888672
gated_cost_merged_seed43,scale+thin,15.0,96.36363636363636,6293.677091962863,460,rolled,10239.222981547828,0.626906311196597,True,True,1.0009724098701092,3,734.8165512084961,293.92662048339844,34.291439056396484,11.324105526162663,620.0,rolled,0.0,True,scale,0.9797554016113281,40,82,122,0.02136826515197754,0.0028905868530273438,0.024258852005004883
gated_cost_merged_seed43,scale+thin,15.0,107.27272727272728,7396.103440982998,460,rolled,13276.378443510865,0.7950504004506369,True,True,1.000982757094067,2,733.3488464355469,293.33953857421875,34.22294616699219,14.978463400805735,690.0,rolled,0.0,True,scale,0.9777984619140625,15,82,97,0.008712291717529297,0.0028839111328125,0.011596202850341797
gated_cost_merged_seed43,scale+thin,15.0,118.18181818181816,13338.283576315587,620,rolled,15043.314375966862,0.1278298508122027,True,True,1.00099718013186,1,750.0,300.0,34.29844546116691,19.219553985433812,690.0,rolled,0.0,True,thin_c3,1.945777959408968,6,83,89,0.0034945011138916016,0.002874135971069336,0.0063686370849609375
gated_cost_merged_seed43,scale+thin_rolled,6.0,20.0,241.3288087904857,355,rolled,253.8913552667171,0.05205572653838367,True,True,1.000994048503482,1,294.3432827298135,120.0,8.0,6.0,355.0,rolled,1.0,True,scale,0.8662528991699219,40,35,75,0.02664923667907715,0.0011501312255859375,0.027799367904663086
gated_cost_merged_seed43,scale+thin_rolled,6.0,30.909090909090907,292.67799548197263,355,rolled,304.5958669523974,0.040720080273881853,True,True,1.0009827554340767,1,338.1307067566733,135.62643319934216,8.787730908684589,6.0,355.0,rolled,1.0,True,scale,0.9223747253417969,40,35,75,0.01971268653869629,0.0011720657348632812,0.02088475227355957
gated_cost_merged_seed43,scale+thin_rolled,6.0,41.81818181818181,342.2853688824266,355,rolled,365.64989747885966,0.06826037780323194,True,True,1.0009636100858674,1,378.4357450058446,139.97906968354897,9.949778375495693,6.651545749918059,355.0,rolled,1.0,True,scale,0.9417266845703125,40,36,76,0.019813060760498047,0.0011832714080810547,0.0209963321685791
gated_cost_merged_seed43,scale+thin_rolled,6.0,52.72727272727273,386.25765574493386,355,rolled,413.9514315338218,0.07169767479554005,True,True,1.0009697550403929,1,416.60702896884305,148.2408374659625,10.15862598619795,7.170221250792032,355.0,rolled,1.0,True,scale,0.9472427368164062,40,36,76,0.01960158348083496,0.0012040138244628906,0.02080559730529785
gated_cost_merged_seed43,scale+thin_rolled,6.0,63.63636363636363,431.68145507497405,355,rolled,457.5617450170823,0.059952285737207206,True,True,1.0009630289138647,2,435.7183313622707,145.85211842722475,12.524735471740298,6.858249313546042,355.0,rolled,1.0,True,scale,0.9567642211914062,40,37,77,0.019700288772583008,0.0012593269348144531,0.02095961570739746
gated_cost_merged_seed43,scale+thin_rolled,6.0,74.54545454545453,466.9500019446189,355,rolled,495.5317303255754,0.06120939771266198,True,True,1.000984745965525,2,467.768949798865,158.6982116294601,11.544928668493368,7.516813336307269,355.0,rolled,1.0,True,scale,0.956695556640625,40,36,76,0.022157907485961914,0.0012025833129882812,0.023360490798950195
gated_cost_merged_seed43,scale+thin_rolled,6.0,85.45454545454545,518.2473353887603,355,rolled,548.4707737654887,0.05831856010230412,True,True,1.0009924601638485,2,489.77059132504985,152.14075023535494,13.668299920161116,7.777204148097801,355.0,rolled,1.0,True,scale,0.9567070007324219,40,37,77,0.02045750617980957,0.0012340545654296875,0.021691560745239258
gated_cost_merged_seed43,scale+thin_rolled,6.0,96.36363636363636,549.7256874002802,355,rolled,592.0165886629094,0.07693091705906632,True,True,1.0009650482726948,2,511.9006715562565,152.69739397912994,14.62630771847373,8.089538862158257,355.0,rolled,1.0,True,scale,0.9595451354980469,40,37,77,0.019704103469848633,0.0012502670288085938,0.020954370498657227
gated_cost_merged_seed43,scale+thin_rolled,6.0,107.27272727272728,586.6560772595034,355,rolled,628.4729803423238,0.07128009868774103,True,True,1.0009623579620461,2,535.2199847202639,155.54695127942117,15.030332133829969,8.335691411074267,355.0,rolled,1.0,True,scale,0.9702339172363281,40,37,77,0.020053386688232422,0.0012526512145996094,0.02130603790283203
gated_cost_merged_seed43,scale+thin_rolled,6.0,118.18181818181816,628.4217050081675,355,rolled,670.1277146299961,0.0663662780732353,True,True,1.000987700007121,2,553.6365248178594,159.06002488085159,15.264018993504779,8.831648427973748,355.0,rolled,1.0,True,scale,0.9544754028320312,40,37,77,0.020054101943969727,0.0012612342834472656,0.021315336227416992
gated_cost_merged_seed43,scale+thin_rolled,6.0,129.0909090909091,657.4964976148059,355,rolled,701.4534307676494,0.0668550073077281,True,True,1.0009984301572696,2,571.517555009345,162.28629339366833,15.652135415363283,8.956456362743488,355.0,rolled,1.0,True,scale,0.9571647644042969,40,37,77,0.019910812377929688,0.0012822151184082031,0.02119302749633789
gated_cost_merged_seed43,scale+thin_rolled,6.0,140.0,697.879425726456,355,rolled,733.3002572521788,0.05075494450757237,True,True,1.0009840165317623,2,591.7978695000353,167.05211851390936,15.477680424280509,9.267861710311585,355.0,rolled,1.0,True,scale,0.9535713195800781,40,37,77,0.02010202407836914,0.0012657642364501953,0.021367788314819336
gated_cost_merged_seed43,scale+thin_rolled,6.818181818181818,20.0,317.0885192434045,355,rolled,335.41453419760427,0.05779463412275829,True,True,1.000983150460165,1,313.83182554636414,135.7169083030357,8.829538812242665,6.0,355.0,rolled,1.0,True,scale,0.899932861328125,40,35,75,0.020510435104370117,0.0011894702911376953,0.021699905395507812
gated_cost_merged_seed43,scale+thin_rolled,6.818181818181818,30.909090909090907,392.6423822212096,355,rolled,411.1068655944577,0.04702621064183917,True,True,1.0009599637880608,1,347.46397031014,151.35955307415256,10.425019427375961,6.0,355.0,rolled,1.0,True,scale,0.9290695190429688,40,36,76,0.020472049713134766,0.001232147216796875,0.02170419692993164
gated_cost_merged_seed43,scale+thin_rolled,6.818181818181818,41.81818181818181,455.0251859822217,355,rolled,482.3054445753955,0.059953293649639035,True,True,1.0009994425168205,1,391.84868442432145,161.59707027391505,11.094777247357415,6.5349831349124194,355.0,rolled,1.0,True,scale,0.9484329223632812,40,36,76,0.021593570709228516,0.0012164115905761719,0.022809982299804688
gated_cost_merged_seed43,scale+thin_rolled,6.818181818181818,52.72727272727273,519.9507333014534,355,rolled,561.8111447311148,0.08050841887243171,True,True,1.0009963738202934,1,427.8965175309583,156.21953113736396,13.608602255283628,6.835739681348387,355.0,rolled,1.0,True,scale,0.95751953125,40,37,77,0.020462512969970703,0.0012357234954833984,0.0216982364654541
gated_cost_merged_seed43,scale+thin_rolled,6.818181818181818,63.63636363636363,570.1996303697795,355,rolled,619.7430321981724,0.0868878182124804,True,True,1.000961532816068,1,470.110586805728,174.8949760401819,11.830277783480016,8.004370333212185,355.0,rolled,1.0,True,scale,0.9454689025878906,40,36,76,0.020297527313232422,0.0012195110321044922,0.021517038345336914
gated_cost_merged_seed43,scale+thin_rolled,6.818181818181818,74.54545454545453,645.0378754655677,355,rolled,671.2102593135344,0.040574956670685856,True,True,1.0009958813281006,1,474.5312896622617,179.98529816912094,13.719370506101768,7.634922842194221,355.0,rolled,1.0,True,scale,0.9581718444824219,40,36,76,0.02097797393798828,0.0012063980102539062,0.022184371948242188
gated_cost_merged_seed43,scale+thin_rolled,6.818181818181818,85.45454545454545,698.212152166206,355,rolled,723.9508446172404,0.03686371308660263,True,True,1.0009864913994166,2,512.0971757397783,179.18455627438158,14.527309555092362,7.871389858317564,355.0,rolled,1.0,True,scale,0.9422531127929688,40,36,76,0.0212099552154541,0.0012383460998535156,0.022448301315307617
gated_cost_merged_seed43,scale+thin_rolled,6.818181818181818,96.36363636363636,733.8166260116295,355,rolled,825.0371232996227,0.1243096627338443,True,True,1.000999065563727,3,605.5373127986675,210.23324959967428,11.141753474087496,9.569539971974994,355.0,rolled,1.0,True,thin_rolled,1.1997941390327789,40,38,78,0.021159887313842773,0.0012960433959960938,0.022455930709838867
gated_cost_merged_seed43,scale+thin_rolled,6.818181818181818,107.27272727272728,798.4291807439346,355,rolled,864.7309491049276,0.08304026200447298,True,True,1.0009978497943266,1,561.3677626587818,185.66374904808583,14.90088529184254,9.833246421162416,355.0,rolled,1.0,True,scale,0.9678993225097656,40,37,77,0.020914077758789062,0.0012514591217041016,0.022165536880493164
gated_cost_merged_seed43,scale+thin_rolled,6.818181818181818,118.18181818181816,852.2289524013323,460,rolled,893.9933537690724,0.049006081347107745,True,True,1.0009656123224457,2,627.4191351180043,193.1980853993146,12.921137875366421,10.192498513454048,355.0,rolled,0.0,True,scale,0.945892333984375,40,36,76,0.020861148834228516,0.0012309551239013672,0.022092103958129883
gated_cost_merged_seed43,scale+thin_rolled,6.818181818181818,129.0909090909091,896.311601431932,355,rolled,947.6125293310394,0.057235595095667495,True,True,1.0009669548347189,2,649.9286193533148,194.61321886559216,13.344842154662192,10.58548255042463,355.0,rolled,1.0,True,scale,0.9437980651855469,40,36,76,0.021622180938720703,0.0012171268463134766,0.02283930778503418
gated_cost_merged_seed43,scale+thin_rolled,6.818181818181818,140.0,931.1411275891702,355,rolled,993.6956697101729,0.06718051675256087,True,True,1.000961495429877,2,621.3156028053486,184.18283914171874,18.318203892182563,9.607114745239013,355.0,rolled,1.0,True,scale,0.9571189880371094,40,37,77,0.025024890899658203,0.0012650489807128906,0.026289939880371094
gated_cost_merged_seed43,scale+thin_rolled,7.636363636363637,20.0,409.6201332461394,355,rolled,433.6855053192386,0.058750462000944616,True,True,1.0009542058017065,1,319.99132760442285,152.44843358553956,9.895449728671387,6.0,355.0,rolled,1.0,True,scale,0.9015579223632812,40,35,75,0.021288633346557617,0.0011813640594482422,0.02246999740600586
gated_cost_merged_seed43,scale+thin_rolled,7.636363636363637,30.909090909090907,501.774525145321,355,rolled,536.2387619287596,0.06868470808369011,True,True,1.0009978160724666,3,400.4937068727396,182.70823610261507,9.798248740508884,6.241134689909053,355.0,rolled,1.0,True,thin_rolled,1.0311246921705162,40,36,76,0.020805835723876953,0.0012166500091552734,0.022022485733032227
gated_cost_merged_seed43,scale+thin_rolled,7.636363636363637,41.81818181818181,593.9298338756057,355,rolled,638.5563050311241,0.07513761493393022,True,True,1.0009984379973025,3,443.488228419211,197.30151305252556,10.570769256636277,6.921266556594421,355.0,rolled,1.0,True,thin_rolled,1.0798215915845786,40,36,76,0.02080392837524414,0.0012021064758300781,0.02200603485107422
gated_cost_merged_seed43,scale+thin_rolled,7.636363636363637,52.72727272727273,675.9362632758116,355,rolled,735.6162340928254,0.08829230514691552,True,True,1.0009946500168752,3,493.0766157342759,205.98597897220935,11.00850235436026,7.722130719776426,355.0,rolled,1.0,True,thin_rolled,1.0980575561523438,40,37,77,0.02075982093811035,0.0012555122375488281,0.02201533317565918
gated_cost_merged_seed43,scale+thin_rolled,7.636363636363637,63.63636363636363,779.5020738899598,355,rolled,808.8416117005141,0.03763881943782506,True,True,1.0009796833949978,1,472.99977485684764,193.74578999659389,14.195033993259305,7.840278892029889,355.0,rolled,1.0,True,scale,0.9675445556640625,40,36,76,0.020759105682373047,0.0012297630310058594,0.021988868713378906
gated_cost_merged_seed43,scale+thin_rolled,7.636363636363637,74.54545454545453,846.6406079690952,355,rolled,903.5687555914907,0.06724003914595311,True,True,1.0009676023384573,1,520.9902899049662,193.84367478451264,14.50985748439684,8.970986043801965,355.0,rolled,1.0,True,scale,0.9647979736328125,40,37,77,0.020993709564208984,0.00125885009765625,0.022252559661865234
gated_cost_merged_seed43,scale+thin_rolled,7.636363636363637,85.45454545454545,921.2774310054268,355,rolled,985.2626313491676,0.069452694910708,True,True,1.0009590064624385,1,542.6794774973622,198.64187994626943,15.30122485101132,9.50530680465331,355.0,rolled,1.0,True,scale,0.9730491638183594,40,37,77,0.02086162567138672,0.0012695789337158203,0.02213120460510254
gated_cost_merged_seed43,scale+thin_rolled,7.636363636363637,96.36363636363636,990.3158107657674,355,rolled,1039.3893710763884,0.04955344525164614,True,True,1.000975895418222,2,583.1326488825569,191.19330864270938,17.307645045364787,8.98698933190967,355.0,rolled,1.0,True,scale,0.961456298828125,40,37,77,0.024277687072753906,0.001275777816772461,0.025553464889526367
gated_cost_merged_seed43,scale+thin_rolled,7.636363636363637,107.27272727272728,1055.0870687226268,355,rolled,1096.9670101503539,0.039693351069528614,True,True,1.0009731934898511,2,639.138849836497,210.32821062511806,13.966334149549379,10.327770752415542,355.0,rolled,1.0,True,scale,0.9509735107421875,40,36,76,0.021688461303710938,0.001224517822265625,0.022912979125976562
gated_cost_merged_seed43,scale+thin_rolled,7.636363636363637,118.18181818181816,1088.4839809208006,355,rolled,1169.935804236139,0.07483052092914982,True,True,1.0009946374038186,2,677.0039629115329,213.75124171285586,13.696941686258993,10.995273198456475,355.0,rolled,1.0,True,scale,0.95294189453125,40,36,76,0.020998477935791016,0.0012333393096923828,0.0222318172454834
gated_cost_merged_seed43,scale+thin_rolled,7.636363636363637,129.0909090909091,1173.7978050697595,355,rolled,1237.4693206683178,0.05424402339445013,True,True,1.0009670436078482,2,706.4130406065724,216.3402590375242,13.828748621550472,11.44004158580877,355.0,rolled,1.0,True,scale,0.9499549865722656,40,36,76,0.021026611328125,0.001215219497680664,0.022241830825805664
gated_cost_merged_seed43,scale+thin_rolled,7.636363636363637,140.0,1251.7374258469372,355,rolled,1267.2064257589009,0.012358023010694294,True,True,1.000984423867351,2,706.3980102539062,228.44445295156476,14.184150206616788,11.206328167614304,355.0,rolled,1.0,True,scale,0.941864013671875,40,36,76,0.02119278907775879,0.0012137889862060547,0.022406578063964844
gated_cost_merged_seed43,scale+thin_rolled,8.454545454545455,20.0,516.1523336674153,355,rolled,547.0397643906658,0.05984169538435714,True,True,1.0009687784379167,3,360.5681725050924,178.98874835677177,9.613635986495035,6.0,355.0,rolled,1.0,True,thin_rolled,0.9744224548339844,40,35,75,0.021210193634033203,0.001165628433227539,0.022375822067260742
gated_cost_merged_seed43,scale+thin_rolled,8.454545454545455,30.909090909090907,633.218032838701,355,rolled,684.5042560244085,0.08099299218594996,True,True,1.000994616873649,3,420.0672539560928,199.27712684153482,10.702146882625076,6.53076070032013,355.0,rolled,1.0,True,thin_rolled,1.0304046100118884,40,36,76,0.021187305450439453,0.0012035369873046875,0.02239084243774414
gated_cost_merged_seed43,scale+thin_rolled,8.454545454545455,41.81818181818181,757.3789000305048,355,rolled,803.6059904564999,0.06103561958767684,True,True,1.0009956961500723,1,420.57868278296354,199.6448688007627,13.456198681527532,6.836285639191048,355.0,rolled,1.0,True,scale,0.9512596130371094,40,36,76,0.02142810821533203,0.001222848892211914,0.022650957107543945
gated_cost_merged_seed43,scale+thin_rolled,8.454545454545455,52.72727272727273,897.7427828478864,355,rolled,931.5724041250226,0.037682977711967075,True,True,1.0009933689796855,3,498.63726761821806,229.82660081750177,12.329814268665304,7.76583847208508,355.0,rolled,1.0,True,thin_rolled,1.0827381167204486,40,37,77,0.02097177505493164,0.0012383460998535156,0.022210121154785156
gated_cost_merged_seed43,scale+thin_rolled,8.454545454545455,63.63636363636363,969.5859503873623,355,rolled,1009.8557375730365,0.04153297308978734,True,True,1.0009806587600307,2,510.9064504046692,216.83362914724745,14.332818687411818,8.1249172333255,355.0,rolled,1.0,True,scale,0.9605979919433594,40,36,76,0.02307915687561035,0.0012042522430419922,0.024283409118652344
gated_cost_merged_seed43,scale+thin_rolled,8.454545454545455,74.54545454545453,1093.1775012217977,355,rolled,1111.3189529903864,0.016595156548971025,True,True,1.0009996012174218,2,561.71079459571,220.7540111923849,14.360498005825937,9.027833190401026,355.0,rolled,1.0,True,scale,0.958526611328125,40,36,76,0.02139878273010254,0.0012238025665283203,0.02262258529663086
gated_cost_merged_seed43,scale+thin_rolled,8.454545454545455,85.45454545454545,1181.2789978646645,355,rolled,1217.9302721490442,0.031026772126341272,True,True,1.0009669190666801,1,605.210410712345,223.11207183001503,14.581134363233927,9.921743614480407,355.0,rolled,1.0,True,scale,0.9566612243652344,40,36,76,0.02112412452697754,0.0012040138244628906,0.02232813835144043
gated_cost_merged_seed43,scale+thin_rolled,8.454545454545455,96.36363636363636,1257.923897819336,355,rolled,1309.4076890402723,0.04092758815552014,True,True,1.000988722717525,2,646.4969851410775,225.80242598747444,14.780111391550856,10.479285493361337,355.0,rolled,1.0,True,scale,0.9550590515136719,40,36,76,0.02090740203857422,0.0012083053588867188,0.022115707397460938
gated_cost_merged_seed43,scale+thin_rolled,8.454545454545455,107.27272727272728,1345.9822136266182,460,rolled,1396.365392032363,0.03743227651574396,True,True,1.0009678856267827,2,689.7194325969806,229.7024060973257,14.5871416344934,11.068189182429512,355.0,rolled,0.0,True,scale,0.9540863037109375,40,36,76,0.021106958389282227,0.001276254653930664,0.02238321304321289
gated_cost_merged_seed43,scale+thin_rolled,8.454545454545455,118.18181818181816,1418.3994702060834,355,rolled,1464.0753380629085,0.03220240053402496,True,True,1.0009869112451226,2,715.0269402979729,236.54206090600368,14.749837586808711,11.252642102498577,355.0,rolled,1.0,True,scale,0.9550361633300781,40,36,76,0.02124619483947754,0.0012211799621582031,0.022467374801635742
gated_cost_merged_seed43,scale+thin_rolled,8.454545454545455,129.0909090909091,1503.943042662674,355,rolled,1520.1692262725915,0.010789094500008143,True,True,1.000979473533518,2,708.9729309082031,248.55550202941612,15.570016135997536,11.086477718848322,355.0,rolled,1.0,True,scale,0.9452972412109375,40,36,76,0.020975828170776367,0.0012259483337402344,0.0222017765045166
gated_cost_merged_seed43,scale+thin_rolled,8.454545454545455,140.0,1589.050557323039,355,rolled,1592.3993132689022,0.0021073942112356347,True,True,1.0009824537896246,2,710.4921340942383,254.8269567171827,16.612200054785596,11.093334385345651,355.0,rolled,1.0,True,scale,0.9473228454589844,40,36,76,0.021159648895263672,0.001233816146850586,0.022393465042114258
gated_cost_merged_seed43,scale+thin_rolled,9.272727272727272,20.0,633.3700898588271,355,rolled,647.0928115286199,0.021666197835220613,True,True,1.000967214752087,3,360.65111290261706,189.78277819667684,10.220411295241822,6.0,355.0,rolled,1.0,True,thin_rolled,0.9520835876464844,40,35,75,0.022605419158935547,0.0012059211730957031,0.02381134033203125
gated_cost_merged_seed43,scale+thin_rolled,9.272727272727272,30.909090909090907,801.8071464602682,355,rolled,812.1655103539883,0.01291877222527777,True,True,1.0009938307334443,3,416.78880333438156,213.11795106882195,11.47520524601288,6.448753187141752,355.0,rolled,1.0,True,thin_rolled,1.0001095713739812,40,36,76,0.0210726261138916,0.001226663589477539,0.02229928970336914
gated_cost_merged_seed43,scale+thin_rolled,9.272727272727272,41.81818181818181,962.5021253931346,355,rolled,1169.1470119876335,0.2146955119814355,True,True,1.000983819241344,2,432.22350898889414,214.92348309941974,15.328147574003731,6.0,355.0,rolled,1.0,True,scale,0.9519119262695312,40,36,76,0.021203994750976562,0.0012044906616210938,0.022408485412597656
gated_cost_merged_seed43,scale+thin_rolled,9.272727272727272,52.72727272727273,1070.6846994207378,355,rolled,1137.1285129266746,0.062057311122391316,True,True,1.0009941969675602,2,479.85843047245896,229.4930257869061,15.213088464242706,7.6130844993347155,355.0,rolled,1.0,True,scale,0.9601631164550781,40,36,76,0.021916627883911133,0.0012156963348388672,0.02313232421875
gated_cost_merged_seed43,scale+thin_rolled,9.272727272727272,63.63636363636363,1216.7126656588257,355,rolled,1252.6496147868304,0.029536101778430617,True,True,1.0009914244071383,2,539.8251806293613,236.47474336211565,15.124777284181503,8.453830919820646,355.0,rolled,1.0,True,scale,0.9601516723632812,40,36,76,0.021190881729125977,0.001241445541381836,0.022432327270507812
gated_cost_merged_seed43,scale+thin_rolled,9.272727272727272,74.54545454545453,1356.4151141978043,355,rolled,1378.7606141196127,0.016473939052959973,True,True,1.0009670822297165,2,593.8665274240094,239.39721964773352,15.318176228552726,9.375771191153921,355.0,rolled,1.0,True,scale,0.9593276977539062,40,36,76,0.021204710006713867,0.0012211799621582031,0.02242588996887207
gated_cost_merged_seed43,scale+thin_rolled,9.272727272727272,85.45454545454545,1422.5235716023028,355,rolled,1488.2387309534192,0.046196183081237914,True,True,1.000982091546872,2,641.7830541064368,244.70904132020615,15.323505483076582,10.009300937953478,355.0,rolled,1.0,True,scale,0.9586181640625,40,36,76,0.020763158798217773,0.0012249946594238281,0.0219881534576416
gated_cost_merged_seed43,scale+thin_rolled,9.272727272727272,96.36363636363636,1530.0841209322955,355,rolled,1609.9933746346153,0.05222539898893291,True,True,1.0009939688298943,2,693.7581788569566,245.71983205512106,15.366501971519195,10.827539384840312,355.0,rolled,1.0,True,scale,0.9568443298339844,40,36,76,0.02110004425048828,0.001226663589477539,0.02232670783996582
gated_cost_merged_seed43,scale+thin_rolled,9.272727272727272,107.27272727272728,1647.0835657255905,355,rolled,1712.066167967516,0.03945313012293873,True,True,1.0009925152077082,2,716.3114547729492,252.64268791810824,15.819777828715281,11.203983615759654,355.0,rolled,1.0,True,scale,0.9550819396972656,40,36,76,0.02078723907470703,0.001234292984008789,0.02202153205871582
gated_cost_merged_seed43,scale+thin_rolled,9.272727272727272,118.18181818181816,1794.0191544704012,355,rolled,1801.7029273515775,0.00428299378076851,True,True,1.000968890247015,2,716.0539627075195,263.4283809145306,16.72194336145565,11.243048256022007,355.0,rolled,1.0,True,scale,0.9547386169433594,40,36,76,0.024829864501953125,0.0012352466583251953,0.02606511116027832
gated_cost_merged_seed43,scale+thin_rolled,9.272727272727272,129.0909090909091,1876.6125693849333,355,rolled,1925.88739905124,0.026257326882584343,True,True,1.0009980916106556,2,718.7833786010742,263.3213655677321,18.537867389892817,11.527052914369543,355.0,rolled,1.0,True,scale,0.9583778381347656,40,37,77,0.02103257179260254,0.001264333724975586,0.022296905517578125
gated_cost_merged_seed43,scale+thin_rolled,9.272727272727272,140.0,1975.8458780810136,355,rolled,2013.9902790724636,0.019305352413669426,True,True,1.000993523427839,2,719.0923690795898,269.9535868247705,19.855853162329833,11.343704127189843,355.0,rolled,1.0,True,scale,0.9587898254394531,40,37,77,0.020972490310668945,0.0012409687042236328,0.022213459014892578
gated_cost_merged_seed43,scale+thin_rolled,10.09090909090909,20.0,771.2799576046779,355,rolled,779.6770848224047,0.010887262316274038,True,True,1.000977562789671,3,389.59041254718585,200.7937150550908,10.826095971791592,6.0,355.0,rolled,1.0,True,thin_rolled,0.9691696166992188,40,35,75,0.021333694458007812,0.001239776611328125,0.022573471069335938
gated_cost_merged_seed43,scale+thin_rolled,10.09090909090909,30.909090909090907,964.7090665866748,355,rolled,1205.6839846919627,0.24979024915553374,True,True,1.0009999299291181,3,520.3206155777758,218.3694110438421,11.745167694711867,6.838171791307801,355.0,rolled,1.0,True,thin_rolled,1.1254202403192934,40,37,77,0.021121978759765625,0.0012335777282714844,0.02235555648803711
gated_cost_merged_seed43,scale+thin_rolled,10.09090909090909,41.81818181818181,1147.2574547707825,355,rolled,1175.0873232137385,0.024257735983521076,True,True,1.0009686485491025,1,450.19782839659325,227.40790038471604,14.844674088534031,7.438928745284289,355.0,rolled,1.0,True,scale,0.9296073913574219,40,36,76,0.02104330062866211,0.0012409687042236328,0.022284269332885742
gated_cost_merged_seed43,scale+thin_rolled,10.09090909090909,52.72727272727273,1318.1429375417918,355,rolled,1400.5054158134733,0.062483723066695286,True,True,1.0009869290591302,2,506.2369289317137,246.2623280449062,16.02489439840826,8.187286910042296,355.0,rolled,1.0,True,scale,0.953125,40,36,76,0.02113509178161621,0.0012280941009521484,0.02236318588256836
gated_cost_merged_seed43,scale+thin_rolled,10.09090909090909,63.63636363636363,1473.4968374975142,355,rolled,1597.51030237731,0.08416269497422992,True,True,1.0009859563146666,1,557.867097785594,245.7744575342068,17.103655837115326,9.594066422355999,355.0,rolled,1.0,True,scale,0.97216796875,40,36,76,0.021547794342041016,0.0012252330780029297,0.022773027420043945
gated_cost_merged_seed43,scale+thin_rolled,10.09090909090909,74.54545454545453,1593.8205978972342,355,rolled,1681.2484763925984,0.05485427821092908,True,True,1.0009665850550242,2,626.4242923012636,257.99023336868214,16.14593225642665,9.769481871071408,355.0,rolled,1.0,True,scale,0.9533538818359375,40,36,76,0.026245832443237305,0.0012240409851074219,0.027469873428344727
gated_cost_merged_seed43,scale+thin_rolled,10.09090909090909,85.45454545454545,1744.078619322344,355,rolled,1852.7322666662785,0.0622985948799439,True,True,1.000962764896094,2,694.9829055500677,255.04873448216583,16.245945280275997,11.004091972165597,355.0,rolled,1.0,True,scale,0.9554481506347656,40,36,76,0.021596431732177734,0.0012392997741699219,0.022835731506347656
gated_cost_merged_seed43,scale+thin_rolled,10.09090909090909,96.36363636363636,1930.113776773892,355,rolled,1964.4587234301978,0.017794260146524663,True,True,1.0009672533608884,2,714.2429351806641,266.4708294878732,16.721844302816145,11.170278696420139,355.0,rolled,1.0,True,scale,0.9523239135742188,40,36,76,0.021062135696411133,0.0012240409851074219,0.022286176681518555
gated_cost_merged_seed43,scale+thin_rolled,10.09090909090909,107.27272727272728,2067.605711285596,355,rolled,2077.4663909342275,0.0047691296240908185,True,True,1.0009659316354271,2,714.0970230102539,278.5066072366937,17.820990549834878,11.113612807669107,355.0,rolled,1.0,True,scale,0.9521293640136719,40,36,76,0.0213010311126709,0.0012214183807373047,0.022522449493408203
gated_cost_merged_seed43,scale+thin_rolled,10.09090909090909,118.18181818181816,2170.353625378734,355,rolled,2240.573532483791,0.03235413173408718,True,True,1.0009911644363663,2,719.7961807250977,276.9749417850255,19.931148309780315,11.467445306478275,355.0,rolled,1.0,True,scale,0.9597282409667969,40,37,77,0.02117753028869629,0.0012600421905517578,0.022437572479248047
gated_cost_merged_seed43,scale+thin_rolled,10.09090909090909,129.0909090909091,2307.5736162550616,355,rolled,2345.412792528086,0.01639781977332241,True,True,1.0009786487670618,2,717.015266418457,286.8061065673828,21.357220876793292,11.076141229394828,355.0,rolled,1.0,True,scale,0.9560203552246094,40,37,77,0.021326780319213867,0.001252889633178711,0.022579669952392578
gated_cost_merged_seed43,scale+thin_rolled,10.09090909090909,140.0,2443.406284429296,355,rolled,2549.039707761899,0.0432320339051905,True,True,1.000997603790877,1,716.3372039794922,286.5348815917969,23.20715338120396,12.138889750050703,355.0,rolled,1.0,True,scale,0.9551162719726562,40,38,78,0.021111488342285156,0.001306772232055664,0.02241826057434082
gated_cost_merged_seed43,scale+thin_rolled,10.90909090909091,20.0,939.0466900997784,355,rolled,1042.712042070509,0.11039424670110445,True,True,1.0009504015413837,2,487.2918335161013,189.19216317852727,12.056424938160644,7.6585739281971685,355.0,rolled,1.0,True,scale,0.9012947082519531,40,35,75,0.021709680557250977,0.0011701583862304688,0.022879838943481445
gated_cost_merged_seed43,scale+thin_rolled,10.90909090909091,30.909090909090907,1197.1649157491154,355,rolled,1455.8076734820424,0.21604605541842464,True,True,1.0009989658190852,3,511.96845286769127,239.14168215023986,12.894912240435294,6.903468344136679,355.0,rolled,1.0,True,thin_rolled,1.0879612400220788,40,37,77,0.02178955078125,0.0012545585632324219,0.023044109344482422
gated_cost_merged_seed43,scale+thin_rolled,10.90909090909091,41.81818181818181,1403.509472950396,355,rolled,1435.513897372211,0.022803141010895124,True,True,1.0009920349663235,3,504.6573286566807,262.9325447436077,14.16619475250356,7.798449639800204,355.0,rolled,1.0,True,thin_rolled,0.9902153015136719,40,35,75,0.02270650863647461,0.001180410385131836,0.023886919021606445
gated_cost_merged_seed43,scale+thin_rolled,10.90909090909091,52.72727272727273,1588.7457907355176,355,rolled,1723.3374994343026,0.08471569805794736,True,True,1.0009942910640068,3,585.7882829910681,278.6559925380421,14.966648126113187,9.105679759423937,355.0,rolled,1.0,True,thin_rolled,1.068197101095448,40,36,76,0.021128416061401367,0.0013613700866699219,0.02248978614807129
gated_cost_merged_seed43,scale+thin_rolled,10.90909090909091,63.63636363636363,1789.9941201560932,355,rolled,1858.1121381865817,0.038054883680035956,True,True,1.0009755256083668,2,590.9582224436737,269.98462094843484,17.269356269831977,9.212044925198052,355.0,rolled,1.0,True,scale,0.9469566345214844,40,36,76,0.021600008010864258,0.0012433528900146484,0.022843360900878906
gated_cost_merged_seed43,scale+thin_rolled,10.90909090909091,74.54545454545453,1942.2808212955647,355,rolled,2057.7090376246283,0.059429210783263166,True,True,1.0009653422026803,2,675.4644167838449,266.96886447403523,17.13736298572264,10.687443645310402,355.0,rolled,1.0,True,scale,0.9522895812988281,40,36,76,0.0213620662689209,0.0012161731719970703,0.02257823944091797
gated_cost_merged_seed43,scale+thin_rolled,10.90909090909091,85.45454545454545,2177.190622234541,355,rolled,2258.4083786185392,0.03730392532218473,True,True,1.000975800376273,2,716.6562235652966,267.5263553202584,18.214117338497168,11.493653643476845,355.0,rolled,1.0,True,scale,0.9661598205566406,40,36,76,0.021161556243896484,0.001573324203491211,0.022734880447387695
gated_cost_merged_seed43,scale+thin_rolled,10.90909090909091,96.36363636363636,2344.698716886334,355,rolled,2371.92202854035,0.0116105798403675,True,True,1.000996775356644,2,716.4487838745117,286.5795135498047,18.86463647436619,11.247924123400782,355.0,rolled,1.0,True,scale,0.9552650451660156,40,37,77,0.035158634185791016,0.0019059181213378906,0.037064552307128906
gated_cost_merged_seed43,scale+thin_rolled,10.90909090909091,107.27272727272728,2499.121791022924,355,rolled,2548.3318821976713,0.019690953578779032,True,True,1.0009980773673617,2,718.9722061157227,287.58888244628906,21.333128427431134,11.160975728759965,355.0,rolled,1.0,True,scale,0.9586296081542969,40,37,77,0.06775879859924316,0.001308441162109375,0.06906723976135254
gated_cost_merged_seed43,scale+thin_rolled,10.90909090909091,118.18181818181816,2669.547168301596,355,rolled,2784.011176085206,0.042877686951092106,True,True,1.0009956895510925,1,717.7963256835938,287.1185302734375,23.7768812642059,11.93285186517277,355.0,rolled,1.0,True,scale,0.957061767578125,40,38,78,0.021602869033813477,0.0013155937194824219,0.0229184627532959
gated_cost_merged_seed43,scale+thin_rolled,10.90909090909091,129.0909090909091,2855.841135487434,355,rolled,3100.3360216654546,0.0856122153084298,True,True,1.0009997988605368,1,750.0,300.0,21.527294112706358,15.835986653220948,355.0,rolled,1.0,True,thin_rolled,1.345146544083305,40,39,79,0.02158212661743164,0.0013625621795654297,0.02294468879699707
gated_cost_merged_seed43,scale+thin_rolled,10.90909090909091,140.0,3078.8301843712,460,rolled,3278.156201474503,0.06474082855076725,True,True,1.0009992322895112,1,750.0,300.0,23.916337689363967,15.871819933332475,355.0,rolled,0.0,True,thin_rolled,1.4886887591818103,40,40,80,0.021021604537963867,0.0013713836669921875,0.022392988204956055
gated_cost_merged_seed43,scale+thin_rolled,11.727272727272728,20.0,1117.8784812198996,355,rolled,1309.2087224333002,0.17115477614759064,True,True,1.0009944050465456,3,434.1159126522612,224.71761572597856,12.136961562176456,6.130143246858017,355.0,rolled,1.0,True,thin_rolled,1.0216905411430028,40,36,76,0.02186107635498047,0.0013873577117919922,0.02324843406677246
gated_cost_merged_seed43,scale+thin_rolled,11.727272727272728,30.909090909090907,1399.1707585826318,355,rolled,1439.9231446213905,0.029126099004556878,True,True,1.0009606640392812,3,459.6954269121658,261.1883920036531,14.110356558033617,7.059946444599391,355.0,rolled,1.0,True,thin_rolled,0.9779701232910156,40,35,75,0.021577835083007812,0.001220703125,0.022798538208007812
gated_cost_merged_seed43,scale+thin_rolled,11.727272727272728,41.81818181818181,1658.320920880548,355,rolled,1692.7241438634194,0.02074581738051257,True,True,1.0009712541233151,2,497.6254609654475,256.55649793673894,16.355250704962966,8.289485727232654,355.0,rolled,1.0,True,scale,0.9126243591308594,40,35,75,0.021724462509155273,0.0012097358703613281,0.0229341983795166
gated_cost_merged_seed43,scale+thin_rolled,11.727272727272728,52.72727272727273,1896.895430152976,355,rolled,2056.4579598571977,0.08411772582073952,True,True,1.0009956260599109,3,623.8754182404044,291.5424424375309,15.64870368018394,9.708264470174004,355.0,rolled,1.0,True,thin_rolled,1.0608651600713315,40,36,76,0.021381855010986328,0.0012891292572021484,0.022670984268188477
gated_cost_merged_seed43,scale+thin_rolled,11.727272727272728,63.63636363636363,2122.483987052358,355,rolled,2277.030762587635,0.07281410671555026,True,True,1.0009753408033055,1,637.9869440131453,275.082144282502,18.31225727570406,10.639854241794515,355.0,rolled,1.0,True,scale,0.9682998657226562,40,36,76,0.027299880981445312,0.0012142658233642578,0.02851414680480957
gated_cost_merged_seed43,scale+thin_rolled,11.727272727272728,74.54545454545453,2414.680044837911,355,rolled,2432.6852364056376,0.0074565537600802196,True,True,1.0009939866864397,2,709.874153137207,283.9496612548828,17.934389833231613,11.000374685743846,355.0,rolled,1.0,True,scale,0.9464988708496094,40,36,76,0.021898269653320312,0.001237630844116211,0.023135900497436523
gated_cost_merged_seed43,scale+thin_rolled,11.727272727272728,85.45454545454545,2607.2244497923484,355,rolled,2663.764296213617,0.02168583775968027,True,True,1.0009628184209636,2,719.0322875976562,287.6129150390625,20.20281453534363,11.272469197950489,355.0,rolled,1.0,True,scale,0.958709716796875,40,37,77,0.021459102630615234,0.0013344287872314453,0.02279353141784668
gated_cost_merged_seed43,scale+thin_rolled,11.727272727272728,96.36363636363636,2809.399526814627,460,rolled,2928.937371402002,0.04254925063040447,True,True,1.0009801485094871,1,718.8949584960938,287.5579833984375,23.138589218123677,11.718392259487652,355.0,rolled,0.0,True,scale,0.958526611328125,40,38,78,0.022062063217163086,0.001279592514038086,0.023341655731201172
gated_cost_merged_seed43,scale+thin_rolled,11.727272727272728,107.27272727272728,3054.1802093068686,355,rolled,3262.1899138367176,0.06810655896989645,True,True,1.0009991484123968,1,750.0,300.0,21.889758406271707,14.820341274728053,355.0,rolled,1.0,True,thin_rolled,1.3635210783585259,40,39,79,0.02155900001525879,0.0013573169708251953,0.022916316986083984
gated_cost_merged_seed43,scale+thin_rolled,11.727272727272728,118.18181818181816,3357.8991517305085,355,rolled,3735.111537504956,0.1123358292580196,True,True,1.000998001652526,1,750.0,300.0,23.098416089390952,18.702077235584895,355.0,rolled,1.0,True,thin_rolled,1.5817790819251014,40,40,80,0.022162437438964844,0.0013818740844726562,0.0235443115234375
gated_cost_merged_seed43,scale+thin_rolled,11.727272727272728,129.0909090909091,3564.383823711408,460,rolled,3920.698359034483,0.09996525428960773,True,True,1.000998115791694,1,750.0,300.0,26.117773325358904,18.19180239625039,355.0,rolled,0.0,True,thin_rolled,1.6285820339037023,40,40,80,0.021297931671142578,0.0014333724975585938,0.022731304168701172
gated_cost_merged_seed43,scale+thin_rolled,11.727272727272728,140.0,3755.070343632353,460,rolled,4188.849771669395,0.11551832278524998,True,True,1.0009959810053903,1,717.6504135131836,287.06016540527344,33.490352630615234,17.023542917741196,355.0,rolled,0.0,True,scale,0.9568672180175781,25,41,66,0.013564109802246094,0.0014545917510986328,0.015018701553344727
gated_cost_merged_seed43,scale+thin_rolled,12.545454545454549,20.0,1307.1994834284806,355,rolled,1328.1410259622653,0.016020158207881125,True,True,1.0009806895956055,3,441.3591663741917,238.8488721702714,12.884267380781315,6.802372983459785,355.0,rolled,1.0,True,thin_rolled,0.9745140075683594,40,35,75,0.02323460578918457,0.0012369155883789062,0.024471521377563477
gated_cost_merged_seed43,scale+thin_rolled,12.545454545454549,30.909090909090907,1673.5520688887286,355,rolled,1824.3625702657043,0.09011401807003043,True,True,1.0009945984168274,3,590.3340114674637,258.37724763961114,13.834245517039093,9.2215799979234,355.0,rolled,1.0,True,thin_rolled,1.0715051800271738,40,36,76,0.02204728126525879,0.0012557506561279297,0.02330303192138672
gated_cost_merged_seed43,scale+thin_rolled,12.545454545454549,41.81818181818181,1957.4303873162305,355,rolled,1979.5488373851888,0.011299737764510836,True,True,1.0009914256397063,2,529.5367887187505,268.92494605504936,16.954247268333834,8.6117119586499,355.0,rolled,1.0,True,scale,0.9083213806152344,40,35,75,0.02170586585998535,0.001195669174194336,0.022901535034179688
gated_cost_merged_seed43,scale+thin_rolled,12.545454545454549,52.72727272727273,2222.5772160497027,355,rolled,2438.1317062476546,0.09698402766004581,True,True,1.0009958393371532,3,675.2730850265131,300.0,16.192347748256193,10.535090025758874,355.0,rolled,1.0,True,thin_rolled,1.101376024329144,40,37,77,0.021819591522216797,0.0012426376342773438,0.02306222915649414
gated_cost_merged_seed43,scale+thin_rolled,12.545454545454549,63.63636363636363,2552.3230156844406,355,rolled,2643.1186831592127,0.035573736912145465,True,True,1.0009902829855346,2,710.698127746582,284.2792510986328,18.346548403782865,11.043641922809696,355.0,rolled,1.0,True,scale,0.9475975036621094,40,36,76,0.021755218505859375,0.0012295246124267578,0.022984743118286133
gated_cost_merged_seed43,scale+thin_rolled,12.545454545454549,74.54545454545453,2864.0220557743514,355,rolled,2916.4967368321895,0.01832202407521279,True,True,1.0009574969772885,2,716.9981002807617,286.7992401123047,21.484713151689544,10.978353114493773,355.0,rolled,1.0,True,scale,0.9559974670410156,40,37,77,0.021577835083007812,0.0012691020965576172,0.02284693717956543
gated_cost_merged_seed43,scale+thin_rolled,12.545454545454549,85.45454545454545,3136.2352005841685,355,rolled,3328.44138225798,0.06128564006870731,True,True,1.0009925999550575,1,714.3888473510742,285.7555389404297,24.778719728559224,12.556354903261619,355.0,rolled,1.0,True,scale,0.9525184631347656,40,38,78,0.021304845809936523,0.001314401626586914,0.022619247436523438
gated_cost_merged_seed43,scale+thin_rolled,12.545454545454549,96.36363636363636,3474.753399293351,355,rolled,3787.3002637770173,0.08994792682186543,True,True,1.000999245994669,1,750.0,300.0,23.03070714547011,16.75410611434742,355.0,rolled,1.0,True,thin_rolled,1.438462166164232,40,39,79,0.022022485733032227,0.0013189315795898438,0.02334141731262207
gated_cost_merged_seed43,scale+thin_rolled,12.545454545454549,107.27272727272728,3810.945853911128,460,rolled,4088.3643887185544,0.07279519191350232,True,True,1.000998987084505,1,750.0,300.0,26.10565979164331,17.17552857935022,355.0,rolled,0.0,True,thin_rolled,1.6244672360627546,40,40,80,0.021599531173706055,0.0013470649719238281,0.022946596145629883
gated_cost_merged_seed43,scale+thin_rolled,12.545454545454549,118.18181818181816,4051.8868674716473,460,rolled,4616.104334417752,0.13924808006749048,True,True,1.000987813661046,1,723.9761352539062,279.02003513513074,33.785552978515625,18.83521127209645,355.0,rolled,0.0,True,scale,0.965301513671875,25,41,66,0.013887166976928711,0.0014278888702392578,0.015315055847167969
gated_cost_merged_seed43,scale+thin_rolled,12.545454545454549,129.0909090909091,4389.083655555064,460,rolled,4907.714538539115,0.11816381816456001,True,True,1.0009998683893835,1,750.0,300.0,30.886782452042524,21.297083324604667,355.0,rolled,0.0,True,thin_rolled,1.9252335258152178,40,42,82,0.021318435668945312,0.0014157295227050781,0.02273416519165039
gated_cost_merged_seed43,scale+thin_rolled,12.545454545454549,140.0,4731.036754406592,460,rolled,5190.665130168494,0.0971517237387332,True,True,1.000997978931564,1,750.0,300.0,28.208631524265215,20.76031237518178,460.0,rolled,1.0,True,thin_rolled,1.559172323475713,40,40,80,0.02097344398498535,0.0013723373413085938,0.022345781326293945
gated_cost_merged_seed43,scale+thin_rolled,13.363636363636363,20.0,1553.9456704912225,355,rolled,1912.7936536111115,0.2309269815118134,True,True,1.000973889786436,3,516.9326633269009,249.12859469603416,13.433759116633416,7.185713350718312,355.0,rolled,1.0,True,thin_rolled,0.9958572387695312,40,35,75,0.02185797691345215,0.0011839866638183594,0.023041963577270508
gated_cost_merged_seed43,scale+thin_rolled,13.363636363636363,30.909090909090907,2055.764041961098,355,rolled,1972.8992374083348,-0.04030851929568446,True,True,1.0009574585912302,3,525.8180541066278,280.8415542779323,15.143197944356155,8.111567714062055,355.0,rolled,1.0,True,thin_rolled,0.9537773132324219,40,35,75,0.021542787551879883,0.0012323856353759766,0.02277517318725586
gated_cost_merged_seed43,scale+thin_rolled,13.363636363636363,41.81818181818181,2295.1327804460216,355,rolled,2510.542494716536,0.09385501183450187,True,True,1.0009995595189336,3,672.8494220635648,293.0474940901178,15.687562703890798,10.51346256341528,355.0,rolled,1.0,True,thin_rolled,1.0601859183933424,40,36,76,0.02148890495300293,0.0012052059173583984,0.022694110870361328
gated_cost_merged_seed43,scale+thin_rolled,13.363636363636363,52.72727272727273,2698.233573079863,355,rolled,2817.2205774004983,0.044098111263517856,True,True,1.0009751345918971,2,694.7926964459396,281.65626525878906,18.93098620630613,10.992701471296446,355.0,rolled,1.0,True,scale,0.9388542175292969,40,36,76,0.02255415916442871,0.0012171268463134766,0.023771286010742188
gated_cost_merged_seed43,scale+thin_rolled,13.363636363636363,63.63636363636363,3099.504449257762,355,rolled,3166.2098441340704,0.021521309605566835,True,True,1.0009714772031004,1,718.9035415649414,287.56141662597656,21.4191179292043,11.511442297740317,355.0,rolled,1.0,True,scale,0.9585380554199219,40,37,77,0.021104812622070312,0.001245737075805664,0.022350549697875977
gated_cost_merged_seed43,scale+thin_rolled,13.363636363636363,74.54545454545453,3409.0278837627866,355,rolled,3517.307160367828,0.03176250834461525,True,True,1.000998775722781,1,750.0,300.0,22.072378827771153,12.87327968117188,355.0,rolled,1.0,True,thin_rolled,1.3679942255434783,40,39,79,0.02129673957824707,0.001402139663696289,0.02269887924194336
gated_cost_merged_seed43,scale+thin_rolled,13.363636363636363,85.45454545454545,3859.8972334468967,355,rolled,4228.228294542713,0.09542509523417961,True,True,1.0009976994926761,1,750.0,300.0,24.045966131726722,17.688781355063174,355.0,rolled,1.0,True,thin_rolled,1.5025273530379584,40,40,80,0.0211641788482666,0.0013496875762939453,0.022513866424560547
gated_cost_merged_seed43,scale+thin_rolled,13.363636363636363,96.36363636363636,4245.414696419247,460,rolled,4657.649073630853,0.09710108592201876,True,True,1.000997346874427,1,708.003044128418,283.2012176513672,33.04014205932617,16.911219772164824,355.0,rolled,0.0,True,scale,0.9440040588378906,40,41,81,0.021164894104003906,0.0015137195587158203,0.022678613662719727
gated_cost_merged_seed43,scale+thin_rolled,13.363636363636363,107.27272727272728,4631.739739142465,460,rolled,4954.553436496079,0.0696959923342715,True,True,1.0009916143954736,1,729.5379638671875,291.815185546875,34.04510498046875,17.514450530341893,355.0,rolled,0.0,True,scale,0.97271728515625,40,41,81,0.026255130767822266,0.0017635822296142578,0.028018712997436523
gated_cost_merged_seed43,scale+thin_rolled,13.363636363636363,118.18181818181816,5063.816158705762,460,rolled,5549.811530353147,0.09597413421335542,True,True,1.0009991785026409,1,750.0,300.0,28.378868823460166,20.79171584678237,460.0,rolled,1.0,True,thin_rolled,1.5682688837466032,40,40,80,0.02105855941772461,0.0018210411071777344,0.022879600524902344
gated_cost_merged_seed43,scale+thin_rolled,13.363636363636363,129.0909090909091,5459.024045280959,460,rolled,9200.279962573153,0.6853342074076983,True,True,1.0009767105583165,3,726.5510559082031,290.62042236328125,33.90571594238281,12.426898621617305,620.0,rolled,0.0,True,scale,0.9687347412109375,40,39,79,0.028466224670410156,0.0017099380493164062,0.030176162719726562
gated_cost_merged_seed43,scale+thin_rolled,13.363636363636363,140.0,5943.747564514266,460,rolled,11299.018104657787,0.9009922581698949,True,True,1.0009634817819775,3,731.2889099121094,292.51556396484375,34.12681579589844,13.34965753947007,690.0,rolled,0.0,True,scale,0.9750518798828125,40,39,79,0.02432727813720703,0.0016443729400634766,0.025971651077270508
gated_cost_merged_seed43,scale+thin_rolled,14.181818181818182,20.0,1796.9028968466985,355,rolled,2244.8533032359965,0.24929026892626496,True,True,1.000981879341291,2,523.9466187204663,237.6254136543698,16.111565639774675,7.40167234973029,355.0,rolled,1.0,True,scale,0.9278221130371094,40,35,75,0.02172398567199707,0.0011777877807617188,0.02290177345275879
gated_cost_merged_seed43,scale+thin_rolled,14.181818181818182,30.909090909090907,2224.07150895444,355,rolled,2287.3088160739126,0.028433126751936585,True,True,1.0009759480500424,3,573.1087377859824,287.078948967099,15.446890180350767,8.879445360095149,355.0,rolled,1.0,True,thin_rolled,0.9757614135742188,40,35,75,0.020267724990844727,0.0011990070343017578,0.021466732025146484
gated_cost_merged_seed43,scale+thin_rolled,14.181818181818182,41.81818181818181,2615.0382292659383,355,rolled,2876.0392625184422,0.09980773142493177,True,True,1.0009811339937618,2,686.8942133063613,279.0607452392578,18.28236124531167,10.766458241268227,355.0,rolled,1.0,True,scale,0.9302024841308594,40,35,75,0.020252704620361328,0.0011892318725585938,0.021441936492919922
gated_cost_merged_seed43,scale+thin_rolled,14.181818181818182,52.72727272727273,3202.0654799770145,355,rolled,3313.940147526226,0.0349382822583674,True,True,1.00098704431687,2,709.7969055175781,283.91876220703125,21.78460803735977,11.190003487952183,355.0,rolled,1.0,True,scale,0.9463958740234375,40,37,77,0.020157337188720703,0.0012440681457519531,0.021401405334472656
gated_cost_merged_seed43,scale+thin_rolled,14.181818181818182,63.63636363636363,3623.765744949169,355,rolled,3978.7755101262974,0.09796708456443236,True,True,1.0009999899078186,1,750.0,300.0,21.24344085009252,15.627177480335446,355.0,rolled,1.0,True,thin_rolled,1.3274097940196163,40,39,79,0.02030014991760254,0.0013077259063720703,0.02160787582397461
gated_cost_merged_seed43,scale+thin_rolled,14.181818181818182,74.54545454545453,4194.266016339479,355,rolled,4549.674971443658,0.08473686545384165,True,True,1.0009993091179468,1,750.0,300.0,24.771716167066888,17.638207524183052,355.0,rolled,1.0,True,thin_rolled,1.5459281257961106,40,40,80,0.02104973793029785,0.00140380859375,0.02245354652404785
gated_cost_merged_seed43,scale+thin_rolled,14.181818181818182,85.45454545454545,4665.282330709234,460,rolled,5090.778345744835,0.0912047728033033,True,True,1.0009993157944168,1,750.0,300.0,28.30202116519165,19.431458220375973,355.0,rolled,0.0,True,thin_rolled,1.7638423753821328,40,41,81,0.02223515510559082,0.0013995170593261719,0.023634672164916992
gated_cost_merged_seed43,scale+thin_rolled,14.181818181818182,96.36363636363636,5186.697126154381,460,rolled,5750.672852352959,0.10873504129529371,True,True,1.0009997795685333,1,750.0,300.0,31.106812190329872,22.882906699362007,355.0,rolled,0.0,True,thin_rolled,1.9437287703804351,40,42,82,0.01882171630859375,0.0014181137084960938,0.020239830017089844
gated_cost_merged_seed43,scale+thin_rolled,14.181818181818182,107.27272727272728,5684.871516431859,460,rolled,6182.370551136098,0.08751280187533535,True,True,1.0009974286641314,1,750.0,300.0,30.467057249278334,21.367668118687043,460.0,rolled,1.0,True,thin_rolled,1.6804861980935801,40,41,81,0.02001476287841797,0.0013966560363769531,0.021411418914794922
gated_cost_merged_seed43,scale+thin_rolled,14.181818181818182,118.18181818181816,6186.248050426683,460,rolled,11916.48847851567,0.9262868836456947,True,True,1.0009940107992843,3,732.2244644165039,292.88978576660156,34.170475006103516,13.017537429935624,690.0,rolled,0.0,True,scale,0.9762992858886719,39,39,78,0.019685745239257812,0.0013539791107177734,0.021039724349975586
gated_cost_merged_seed43,scale+thin_rolled,14.181818181818182,129.0909090909091,8947.780102569574,500,rolled,13178.144218189476,0.47278364768989467,True,True,1.000998703777206,1,733.3316802978516,293.3326721191406,34.222145080566406,16.997515172446693,690.0,rolled,0.0,True,scale,0.9777755737304688,15,39,54,0.007591962814331055,0.0013267993927001953,0.00891876220703125
gated_cost_merged_seed43,scale+thin_rolled,14.181818181818182,140.0,12705.653958132376,620,rolled,15396.14824749387,0.21175567178416793,True,True,1.000999255083624,1,750.0,300.0,32.87777038562078,24.010180906690085,690.0,rolled,0.0,True,thin_rolled,1.501978932256284,8,40,48,0.004225015640258789,0.0013654232025146484,0.0055904388427734375
gated_cost_merged_seed43,scale+thin_rolled,15.0,20.0,2057.248334677028,355,rolled,2413.912437525963,0.17336949401634988,True,True,1.000992785831464,3,501.74422001082166,272.82257080078125,14.743908192335569,7.283818823493448,355.0,rolled,1.0,True,thin_rolled,0.9094085693359375,40,35,75,0.020967483520507812,0.0012772083282470703,0.022244691848754883
gated_cost_merged_seed43,scale+thin_rolled,15.0,30.909090909090907,2565.283454586496,355,rolled,2778.3955593829464,0.0830754606924334,True,True,1.0009542442003998,2,627.0840583329486,275.2189636230469,18.201774639365272,9.64280246415409,355.0,rolled,1.0,True,scale,0.9173965454101562,40,35,75,0.020568132400512695,0.0011756420135498047,0.0217437744140625
gated_cost_merged_seed43,scale+thin_rolled,15.0,41.81818181818181,3234.6725939942403,355,rolled,3336.8800452947366,0.03159746414220194,True,True,1.0009785487869765,2,703.1106948852539,281.24427795410156,20.86943259861816,10.787827839929308,355.0,rolled,1.0,True,scale,0.9374809265136719,40,37,77,0.021039485931396484,0.0012564659118652344,0.02229595184326172
gated_cost_merged_seed43,scale+thin_rolled,15.0,52.72727272727273,3765.638206814382,355,rolled,3926.5508408142196,0.0427318359232298,True,True,1.0009979845187968,1,750.0,300.0,21.282540970084845,13.342950737149758,355.0,rolled,1.0,True,thin_rolled,1.322143023947011,40,39,79,0.022608041763305664,0.0013146400451660156,0.02392268180847168
gated_cost_merged_seed43,scale+thin_rolled,15.0,63.63636363636363,4414.262908667717,355,rolled,4627.795206958975,0.04837326246970289,True,True,1.0009988450668015,1,750.0,300.0,25.355732071734067,15.675407034072782,355.0,rolled,1.0,True,thin_rolled,1.5744460064431893,40,40,80,0.020296812057495117,0.0013735294342041016,0.02167034149169922
gated_cost_merged_seed43,scale+thin_rolled,15.0,74.54545454545453,5055.036012019389,460,rolled,5318.405738095749,0.05210046485329568,True,True,1.0009847014886109,1,736.4473342895508,294.5789337158203,30.982898901147752,17.535521217655937,355.0,rolled,0.0,True,scale,0.9819297790527344,40,41,81,0.022298336029052734,0.001379251480102539,0.023677587509155273
gated_cost_merged_seed43,scale+thin_rolled,15.0,85.45454545454545,5678.659053486651,460,rolled,6230.9256972845,0.09725300261841947,True,True,1.0009982211684785,1,750.0,300.0,31.899838012634294,23.466275248684653,355.0,rolled,0.0,True,thin_rolled,1.9932814888332206,40,42,82,0.018792152404785156,0.0014123916625976562,0.020204544067382812
gated_cost_merged_seed43,scale+thin_rolled,15.0,96.36363636363636,6293.677091962863,460,rolled,10239.222981547828,0.626906311196597,True,True,1.0009724098701092,3,734.8165512084961,293.92662048339844,34.291439056396484,11.324105526162663,620.0,rolled,0.0,True,scale,0.9797554016113281,40,39,79,0.02136826515197754,0.0013680458068847656,0.022736310958862305
gated_cost_merged_seed43,scale+thin_rolled,15.0,107.27272727272728,7396.103440982998,460,rolled,13276.378443510865,0.7950504004506369,True,True,1.000982757094067,2,733.3488464355469,293.33953857421875,34.22294616699219,14.978463400805735,690.0,rolled,0.0,True,scale,0.9777984619140625,15,39,54,0.008712291717529297,0.001348257064819336,0.010060548782348633
gated_cost_merged_seed43,scale+thin_rolled,15.0,118.18181818181816,13338.283576315587,620,rolled,16355.478876680674,0.22620566455211938,True,True,1.0009980450127165,1,750.0,300.0,32.87611176998546,24.21593113829268,690.0,rolled,0.0,True,thin_rolled,1.5025930321734884,6,40,46,0.0034945011138916016,0.0013773441314697266,0.004871845245361328
