span_m,load_kNm,grade,section_type,h,b,tf,tw,util,mass,cost,co2,governing
6.0,20.0,355,rolled,250.0,120.0,8.0,6.0,0.9507121545078686,164.38842,235.0754406,421.98507414,DEFL
6.0,20.0,460,rolled,250.0,120.0,8.0,6.0,0.9507121545078686,164.38842,263.43244304999996,386.47717542000004,DEFL
6.0,20.0,355,welded,250.0,120.0,8.0,9.166666666666666,0.9176508801250761,191.46149999999997,325.48454999999996,553.1322734999999,MOMENT
6.0,20.0,460,welded,250.0,120.0,8.0,6.0,0.9697263975980261,156.5604,299.50004519999993,414.10225799999995,DEFL
6.0,33.333333333333336,355,rolled,333.3333333333333,120.0,8.0,9.166666666666666,0.9354671692748047,238.81269999999998,341.5021609999999,613.0322009,MOMENT
6.0,33.333333333333336,460,rolled,250.0,150.0,12.5,6.0,0.9332091045373375,252.2205,404.18335124999993,592.9703955000001,DEFL
6.0,33.333333333333336,500,rolled,250.0,150.0,12.5,6.0,0.9332091045373375,252.2205,441.890316,560.2826187,DEFL
6.0,33.333333333333336,550,rolled,250.0,150.0,12.5,6.0,0.9332091045373375,252.2205,482.49781649999994,533.0428046999999,DEFL
6.0,33.333333333333336,620,rolled,250.0,150.0,12.5,6.0,0.9332091045373375,252.2205,534.70746,497.63104649999997,DEFL
6.0,33.333333333333336,690,rolled,250.0,150.0,12.5,6.0,0.9332091045373375,252.2205,607.2208537500001,464.94326969999986,DEFL
6.0,33.333333333333336,355,welded,250.0,150.0,12.5,6.0,0.9518732866280842,240.20999999999998,408.3569999999999,693.96669,DEFL
6.0,33.333333333333336,460,welded,333.3333333333333,120.0,8.0,6.0,0.9899285055382023,180.1104,344.55119519999994,476.39200800000003,MOMENT
6.0,33.333333333333336,500,welded,250.0,150.0,12.5,6.0,0.9518732866280842,240.20999999999998,503.8644959999999,600.1887059999999,DEFL
6.0,33.333333333333336,550,welded,250.0,150.0,12.5,6.0,0.9518732866280842,240.20999999999998,591.45382365975,592.7371696057501,DEFL
6.0,33.333333333333336,620,welded,250.0,150.0,12.5,6.0,0.9518732866280842,240.20999999999998,672.905173284,558.501236353125,DEFL
6.0,33.333333333333336,690,welded,250.0,150.0,12.5,6.0,0.9518732866280842,240.20999999999998,793.5601430868751,531.5794573905,DEFL
6.0,46.66666666666667,355,rolled,416.66666666666663,120.0,8.0,9.166666666666666,0.9670836858572721,276.590825,395.52487974999997,710.0086477750001,MOMENT
6.0,46.66666666666667,460,rolled,333.3333333333333,120.0,8.0,12.333333333333332,0.9638933739270376,288.50948,462.3364416999999,678.28578748,MOMENT
6.0,46.66666666666667,500,rolled,333.3333333333333,120.0,8.0,12.333333333333332,0.9155555120021583,288.50948,505.46860896,640.894958872,DEFL
6.0,46.66666666666667,550,rolled,250.0,150.0,17.0,9.166666666666666,0.9942055372462241,350.1414,669.8204981999999,739.9888347599999,DEFL
6.0,46.66666666666667,620,rolled,250.0,150.0,17.0,9.166666666666666,0.9942055372462241,350.1414,742.299768,690.8289822,DEFL
6.0,46.66666666666667,690,rolled,250.0,150.0,17.0,9.166666666666666,0.9942055372462241,350.1414,842.9654204999999,645.45065676,DEFL
6.0,46.66666666666667,355,welded,416.66666666666663,120.0,12.5,6.0,0.9070387828930093,251.98499999999999,428.37449999999995,727.9846649999998,MOMENT
6.0,46.66666666666667,460,welded,333.3333333333333,120.0,12.5,6.0,0.9797952386654452,228.43499999999997,436.9961549999999,604.210575,MOMENT
6.0,46.66666666666667,500,welded,333.3333333333333,120.0,12.5,6.0,0.9228712631316198,228.43499999999997,479.16525599999994,570.7676909999999,MOMENT
6.0,46.66666666666667,550,welded,250.0,150.0,17.0,9.166666666666666,1.0140896479911488,333.46799999999996,835.7527827711,832.5735655527,DEFL
6.0,46.66666666666667,620,welded,250.0,150.0,17.0,9.166666666666666,1.0140896479911488,333.46799999999996,951.8893413264,784.8048845212501,DEFL
6.0,46.66666666666667,690,welded,250.0,150.0,17.0,9.166666666666666,1.0140896479911488,333.46799999999996,1124.2442821027498,747.5836851738,DEFL
6.0,60.0,355,rolled,500.0,120.0,8.0,9.166666666666666,0.9673784669370538,314.36895,449.5475985,806.9850946499998,MOMENT
6.0,60.0,460,rolled,333.3333333333333,120.0,12.5,12.333333333333332,0.9371525508465856,336.43137499999995,539.1312784374999,790.950162625,MOMENT
6.0,60.0,500,rolled,416.66666666666663,120.0,8.0,9.166666666666666,0.9912227448057191,276.590825,484.5871254,614.4188586550001,MOMENT
6.0,60.0,550,rolled,333.3333333333333,120.0,12.5,9.166666666666666,0.9884110197673427,288.14406249999996,551.2195915624999,608.9636616874999,DEFL
6.0,60.0,620,rolled,333.3333333333333,120.0,12.5,9.166666666666666,0.9884110197673427,288.14406249999996,610.8654124999999,568.5082353124999,DEFL
6.0,60.0,690,rolled,333.3333333333333,120.0,12.5,9.166666666666666,0.9884110197673427,288.14406249999996,693.7068304687499,531.1647648124999,DEFL
6.0,60.0,355,welded,416.66666666666663,150.0,12.5,6.0,0.9006273294215476,287.31,488.42699999999996,830.03859,MOMENT
6.0,60.0,460,welded,333.3333333333333,150.0,12.5,6.0,0.9524407254295341,263.76,504.57287999999994,697.6451999999999,MOMENT
6.0,60.0,500,welded,333.3333333333333,150.0,12.5,6.0,0.9032463342323672,263.76,553.2629759999999,659.0307359999999,DEFL
6.0,60.0,550,welded,333.3333333333333,150.0,12.5,6.0,0.9032463342323672,263.76,649.4394926460001,650.848656822,DEFL
6.0,60.0,620,welded,333.3333333333333,120.0,12.5,9.166666666666666,1.0081792401626894,274.42291666666665,774.7760252416666,641.2683272374131,DEFL
6.0,60.0,690,welded,333.3333333333333,120.0,12.5,9.166666666666666,1.0081792401626894,274.42291666666665,914.266874623698,610.5639589260414,DEFL
6.0,73.33333333333334,355,rolled,416.66666666666663,150.0,12.5,6.0,1.0081557975409507,301.6755,431.39596500000005,774.4010084999999,MOMENT
6.0,73.33333333333334,460,rolled,333.3333333333333,180.0,12.5,6.0,0.9221913270532541,314.03925,503.2478981249999,738.30627675,DEFL
6.0,73.33333333333334,500,rolled,500.0,120.0,8.0,9.166666666666666,0.9563648314894412,314.36895,550.7744004,698.33918553,MOMENT
6.0,73.33333333333334,550,rolled,333.3333333333333,150.0,12.5,9.166666666666666,1.0119321766825522,325.23531249999996,622.1751528125,687.3523094374999,DEFL
6.0,73.33333333333334,620,rolled,333.3333333333333,150.0,12.5,9.166666666666666,1.0119321766825522,325.23531249999996,689.4988625,641.6892715624999,DEFL
6.0,73.33333333333334,690,rolled,333.3333333333333,150.0,12.5,9.166666666666666,1.0119321766825522,325.23531249999996,783.0040148437499,599.5387750624999,DEFL
6.0,73.33333333333334,355,welded,416.66666666666663,180.0,12.5,6.0,0.9055338028022129,322.635,548.4794999999999,932.0925149999998,MOMENT
6.0,73.33333333333334,460,welded,333.3333333333333,180.0,12.5,6.0,0.9444591981818236,299.085,572.1496049999998,791.0798249999999,MOMENT
6.0,73.33333333333334,500,welded,416.66666666666663,120.0,12.5,9.166666666666666,1.0070873613316997,310.4020833333333,651.0994099999999,775.5706454166666,MOMENT
6.0,73.33333333333334,550,welded,416.66666666666663,120.0,12.5,9.166666666666666,0.9480143632610033,310.4020833333333,769.9257507296874,769.676808258854,MOMENT
6.0,73.33333333333334,620,welded,333.3333333333333,120.0,17.0,9.166666666666666,1.0009268210960711,321.4051666666667,917.4558050464666,756.4154422924133,DEFL
6.0,73.33333333333334,690,welded,333.3333333333333,120.0,17.0,9.166666666666666,1.0009268210960711,321.4051666666667,1083.575997886698,720.5406783576417,DEFL
6.0,86.66666666666667,355,rolled,416.66666666666663,180.0,12.5,6.0,0.9924723675667227,338.76674999999994,484.4364524999999,869.6142472499997,MOMENT
6.0,86.66666666666667,460,rolled,333.3333333333333,150.0,17.0,6.0,1.00798076724188,341.04168,546.5192922,801.7889896800001,DEFL
6.0,86.66666666666667,500,rolled,333.3333333333333,150.0,17.0,6.0,1.00798076724188,341.04168,597.5050233600001,757.589987952,DEFL
6.0,86.66666666666667,550,rolled,416.66666666666663,120.0,12.5,9.166666666666666,0.9884631380549307,325.92218749999995,623.4891446874999,688.8039510624999,MOMENT
6.0,86.66666666666667,620,rolled,416.66666666666663,120.0,12.5,9.166666666666666,0.9179209602503022,325.92218749999995,690.9550374999999,643.0444759374999,MOMENT
6.0,86.66666666666667,690,rolled,333.3333333333333,120.0,21.5,9.166666666666666,0.9855278721764583,386.8067875,931.2373409062499,713.0396320775,DEFL
6.0,86.66666666666667,355,welded,416.66666666666663,180.0,12.5,9.166666666666666,0.9779502014754046,381.05208333333326,647.7885416666666,1100.8594687499997,MOMENT
6.0,86.66666666666667,460,welded,416.66666666666663,150.0,12.5,9.166666666666666,0.9543571718080411,345.72708333333327,661.3759104166666,914.4481354166666,MOMENT
6.0,86.66666666666667,500,welded,500.0,120.0,12.5,9.166666666666666,0.9448608422662222,346.38124999999997,726.56931,865.4681912499998,MOMENT
6.0,86.66666666666667,550,welded,333.3333333333333,120.0,21.5,9.166666666666666,1.0052384296199872,368.38741666666664,932.78545218605,926.0566349881832,DEFL
6.0,86.66666666666667,620,welded,333.3333333333333,120.0,21.5,9.166666666666666,1.0052384296199872,368.38741666666664,1063.0694196418663,873.1294447488194,DEFL
6.0,86.66666666666667,690,welded,416.66666666666663,120.0,12.5,9.166666666666666,0.982292311414127,310.4020833333333,1034.1349988294269,690.6140608114581,MOMENT
6.0,100.0,355,rolled,416.66666666666663,210.0,12.5,6.0,0.9664315124490598,375.85799999999995,537.47694,964.8274859999999,MOMENT
6.0,100.0,460,rolled,416.66666666666663,150.0,12.5,9.166666666666666,0.9951316717114507,363.01343749999995,581.7290335937498,853.4445915624999,MOMENT
6.0,100.0,500,rolled,416.66666666666663,150.0,12.5,9.166666666666666,0.9292865146326277,363.01343749999995,635.9995424999998,806.3980500624999,MOMENT
6.0,100.0,550,rolled,500.0,120.0,12.5,9.166666666666666,0.9071790287778286,363.7003125,695.7586978125,768.6442404374999,MOMENT
6.0,100.0,620,rolled,416.66666666666663,120.0,12.5,12.333333333333332,0.9682304743784792,387.2601249999999,820.991465,764.0642266249998,MOMENT
6.0,100.0,690,rolled,416.66666666666663,120.0,12.5,9.166666666666666,0.9964716683978528,325.92218749999995,784.65766640625,600.8049604374999,MOMENT
6.0,100.0,355,welded,416.66666666666663,180.0,17.0,6.0,0.974531898084827,396.3936,673.86912,1145.1811103999999,MOMENT
6.0,100.0,460,welded,333.3333333333333,180.0,17.0,6.0,1.0068743173557213,372.8436,713.2498068,986.1713219999999,MOMENT
6.0,100.0,500,welded,333.3333333333333,180.0,17.0,6.0,1.0045059133322287,372.8436,782.0767353599999,931.5870189599999,DEFL
6.0,100.0,550,welded,416.66666666666663,150.0,12.5,9.166666666666666,0.9590632487483921,345.72708333333327,857.5463841109374,857.269110990104,MOMENT
6.0,100.0,620,welded,416.66666666666663,120.0,17.0,9.166666666666666,0.9474591346860329,357.3843333333333,1020.1588687881333,841.0911105454513,MOMENT
6.0,100.0,690,welded,333.3333333333333,150.0,21.5,6.0,0.9889305453365186,385.84319999999997,1305.367471872,866.9378709503999,DEFL
6.0,113.33333333333334,355,rolled,416.66666666666663,210.0,12.5,9.166666666666666,1.0047404753308493,437.19593749999996,625.1901906249999,1122.2819715624998,MOMENT
6.0,113.33333333333334,460,rolled,416.66666666666663,180.0,12.5,9.166666666666666,0.937629497243938,400.10468749999995,641.1677617187498,940.6461203125,MOMENT
6.0,113.33333333333334,500,rolled,416.66666666666663,150.0,12.5,12.333333333333332,0.9635689404695204,424.3513749999999,743.4636089999999,942.6541444249999,MOMENT
6.0,113.33333333333334,550,rolled,416.66666666666663,150.0,12.5,9.166666666666666,0.9755873460674426,363.01343749999995,694.4447059374999,767.1925988124999,MOMENT
6.0,113.33333333333334,620,rolled,416.66666666666663,150.0,12.5,9.166666666666666,0.9343263453701006,363.01343749999995,769.5884874999998,716.2255121875,DEFL
6.0,113.33333333333334,690,rolled,416.66666666666663,150.0,12.5,9.166666666666666,0.9343263453701006,363.01343749999995,873.9548507812499,669.1789706874999,DEFL
6.0,113.33333333333334,355,welded,500.0,180.0,12.5,9.166666666666666,1.0075520426687097,417.03124999999994,708.9531249999998,1204.8032812499998,MOMENT
6.0,113.33333333333334,460,welded,500.0,150.0,12.5,9.166666666666666,0.9837869321831638,381.70624999999995,730.2040562499999,1009.6130312499998,MOMENT
6.0,113.33333333333334,500,welded,416.66666666666663,180.0,12.5,9.166666666666666,0.9527128214660283,381.05208333333326,799.2948499999998,952.0967354166665,MOMENT
6.0,113.33333333333334,550,welded,500.0,120.0,17.0,9.166666666666666,0.9289355469303999,393.3635,985.8656295823873,982.1153806460876,MOMENT
6.0,113.33333333333334,620,welded,416.66666666666663,150.0,12.5,9.166666666666666,0.9946044470194753,345.72708333333327,976.0885085583333,807.8910868771701,MOMENT
6.0,113.33333333333334,690,welded,416.66666666666663,150.0,12.5,9.166666666666666,0.9530128722775025,345.72708333333327,1151.8237025950518,769.2087062989582,DEFL
6.0,126.66666666666667,355,rolled,583.3333333333333,150.0,12.5,9.166666666666666,0.9973493152387065,438.56968749999993,627.154653125,1125.8083878124996,MOMENT
6.0,126.66666666666667,460,rolled,500.0,150.0,12.5,9.166666666666666,0.9909826010340695,400.79156249999994,642.2684789062499,942.2609634374999,MOMENT
6.0,126.66666666666667,500,rolled,416.66666666666663,180.0,12.5,9.166666666666666,0.9738481732770129,400.10468749999995,700.9834124999999,888.7925528124999,MOMENT
6.0,126.66666666666667,550,rolled,500.0,120.0,17.0,9.166666666666666,0.9170326692462905,413.03167499999995,790.1295942749998,872.901141945,MOMENT
6.0,126.66666666666667,620,rolled,416.66666666666663,150.0,12.5,12.333333333333332,0.9672182649165317,424.3513749999999,899.6249149999999,837.245262875,DEFL
6.0,126.66666666666667,690,rolled,416.66666666666663,120.0,17.0,9.166666666666666,1.0100301749126885,375.25354999999996,903.4229216249998,691.7423940699999,DEFL
6.0,126.66666666666667,355,welded,500.0,210.0,12.5,9.166666666666666,0.9720624306375697,452.35625,769.0056249999999,1306.8572062500002,MOMENT
6.0,126.66666666666667,460,welded,500.0,180.0,12.5,9.166666666666666,0.901815593477188,417.03124999999994,797.7807812499998,1103.04765625,MOMENT
6.0,126.66666666666667,500,welded,416.66666666666663,180.0,12.5,12.333333333333332,0.9837101219790018,439.4691666666666,921.8305239999999,1098.0576598333332,MOMENT
6.0,126.66666666666667,550,welded,500.0,150.0,12.5,9.166666666666666,0.9604033360224651,381.70624999999995,946.7896218140623,946.4834934015623,MOMENT
6.0,126.66666666666667,620,welded,500.0,120.0,17.0,9.166666666666666,0.9644489596769454,393.3635,1122.8619325298,925.7667787984897,MOMENT
6.0,126.66666666666667,690,welded,416.66666666666663,150.0,12.5,12.333333333333332,0.9865626302148623,404.1441666666666,1357.7572106100517,903.999755396958,DEFL
6.0,140.0,355,rolled,500.0,210.0,12.5,9.166666666666666,1.0015828128690238,474.97406249999995,679.2129093749999,1219.2584184374996,MOMENT
6.0,140.0,460,rolled,500.0,180.0,12.5,9.166666666666666,0.912260813791593,437.88281249999994,701.7072070312498,1029.4624921875,MOMENT
6.0,140.0,500,rolled,416.66666666666663,180.0,12.5,12.333333333333332,0.9914765598448687,461.4426249999999,808.4474789999998,1025.0486471749998,MOMENT
6.0,140.0,550,rolled,500.0,150.0,12.5,9.166666666666666,0.9503075450152095,400.79156249999994,766.7142590624999,847.0328881874999,MOMENT
6.0,140.0,620,rolled,500.0,120.0,17.0,9.166666666666666,0.9389765686189332,413.03167499999995,875.627151,814.9114947749998,MOMENT
6.0,140.0,690,rolled,416.66666666666663,120.0,21.5,9.166666666666666,0.9514835200884041,424.5849125,1022.1881768437499,782.6798277024999,DEFL
6.0,140.0,355,welded,583.3333333333333,180.0,12.5,9.166666666666666,1.0130343300183644,453.0104166666666,770.117708333333,1308.7470937499997,MOMENT
6.0,140.0,460,welded,500.0,180.0,12.5,9.166666666666666,0.9967435506853131,417.03124999999994,797.7807812499998,1103.04765625,MOMENT
6.0,140.0,500,welded,500.0,180.0,12.5,9.166666666666666,0.9295725423974776,417.03124999999994,874.7647499999998,1041.9942812499999,MOMENT
6.0,140.0,550,welded,500.0,120.0,21.5,9.166666666666666,0.956500854829566,440.34574999999995,1114.98952176105,1106.9463424298501,MOMENT
6.0,140.0,620,welded,416.66666666666663,150.0,17.0,9.166666666666666,0.9763371988469848,405.4263333333333,1157.2954688097332,954.1562210273263,MOMENT
6.0,140.0,690,welded,416.66666666666663,150.0,17.0,9.166666666666666,0.9504730858463236,405.4263333333333,1366.8425068188956,908.9031401508832,DEFL
7.0,20.0,355,rolled,333.3333333333333,120.0,8.0,6.0,0.9395083741965076,220.63524,315.5083932,566.37066108,MOMENT
7.0,20.0,460,rolled,250.0,120.0,12.5,12.333333333333332,0.9643872645458335,333.2030625,533.95790765625,783.3603999375001,DEFL
7.0,20.0,500,rolled,250.0,120.0,12.5,12.333333333333332,0.9643872645458335,333.2030625,583.7717654999999,740.1772830374999,DEFL
7.0,20.0,550,rolled,250.0,120.0,12.5,12.333333333333332,0.9643872645458335,333.2030625,637.4174585625,704.1913522875,DEFL
7.0,20.0,620,rolled,250.0,120.0,12.5,12.333333333333332,0.9643872645458335,333.2030625,706.3904925,657.4096423125001,DEFL
7.0,20.0,690,rolled,250.0,120.0,12.5,12.333333333333332,0.9643872645458335,333.2030625,802.18637296875,614.2265254125,DEFL
7.0,20.0,355,welded,333.3333333333333,120.0,8.0,9.166666666666666,0.936539460705522,265.3474444444444,451.0906555555555,766.5887669999998,MOMENT
7.0,20.0,460,welded,250.0,150.0,12.5,6.0,0.9069237147595357,280.245,536.1086849999999,741.2480249999999,DEFL
7.0,20.0,500,welded,250.0,150.0,12.5,6.0,0.9069237147595357,280.245,587.8419119999999,700.2201569999999,DEFL
7.0,20.0,550,welded,250.0,150.0,12.5,6.0,0.9069237147595357,280.245,690.029460936375,691.5266978733749,DEFL
7.0,20.0,620,welded,250.0,150.0,12.5,6.0,0.9069237147595357,280.245,785.056035498,651.5847757453125,DEFL
7.0,20.0,690,welded,250.0,150.0,12.5,6.0,0.9069237147595357,280.245,925.8201669346874,620.17603362225,DEFL
7.0,33.333333333333336,355,rolled,333.3333333333333,120.0,12.5,9.166666666666666,1.007688383673234,336.1680729166666,480.72034427083315,862.943443177083,MOMENT
7.0,33.333333333333336,460,rolled,333.3333333333333,120.0,12.5,6.0,0.9453769385320702,279.832875,448.4321821875,657.8870891250001,DEFL
7.0,33.333333333333336,500,rolled,333.3333333333333,120.0,12.5,6.0,0.9453769385320702,279.832875,490.267197,621.620748525,DEFL
7.0,33.333333333333336,550,rolled,333.3333333333333,120.0,12.5,6.0,0.9453769385320702,279.832875,535.320289875,591.3987980249999,DEFL
7.0,33.333333333333336,620,rolled,333.3333333333333,120.0,12.5,6.0,0.9453769385320702,279.832875,593.245695,552.110262375,DEFL
7.0,33.333333333333336,690,rolled,250.0,180.0,17.0,6.0,0.9844537379879746,427.88465999999994,1030.13231895,788.7625822439999,DEFL
7.0,33.333333333333336,355,welded,416.66666666666663,120.0,12.5,6.0,0.9527696550559378,293.98249999999996,499.7702499999999,849.3154424999999,MOMENT
7.0,33.333333333333336,460,welded,416.66666666666663,120.0,8.0,9.166666666666666,1.0155704200518014,307.3231388888888,587.9091646944443,812.869702361111,MOMENT
7.0,33.333333333333336,500,welded,333.3333333333333,120.0,12.5,6.0,0.986033957469217,266.5075,559.026132,665.8956395,MOMENT
7.0,33.333333333333336,550,welded,333.3333333333333,120.0,12.5,6.0,0.9642844773027114,266.5075,656.2044873610625,657.6283303305624,DEFL
7.0,33.333333333333336,620,welded,250.0,180.0,17.0,6.0,1.004142812747734,407.50919999999996,1154.2874133974399,954.2762642227499,DEFL
7.0,33.333333333333336,690,welded,250.0,180.0,17.0,6.0,1.004142812747734,407.50919999999996,1362.45917880765,908.7136895314799,DEFL
7.0,46.66666666666667,355,rolled,416.66666666666663,150.0,12.5,6.0,0.9097942440013534,351.95475,503.2952925,903.4678432499999,MOMENT
7.0,46.66666666666667,460,rolled,333.3333333333333,180.0,12.5,6.0,0.9318945186257841,366.379125,587.1225478125,861.3573228750001,DEFL
7.0,46.66666666666667,500,rolled,500.0,120.0,8.0,9.166666666666666,0.9621570869588361,366.76377499999995,642.5701337999999,814.7290497849999,MOMENT
7.0,46.66666666666667,550,rolled,333.3333333333333,120.0,17.0,9.166666666666666,0.9916259397288518,393.7213291666666,753.1889026958331,832.0906570608332,DEFL
7.0,46.66666666666667,620,rolled,333.3333333333333,120.0,17.0,9.166666666666666,0.9916259397288518,393.7213291666666,834.6892178333331,776.8121824458332,DEFL
7.0,46.66666666666667,690,rolled,333.3333333333333,120.0,17.0,9.166666666666666,0.9916259397288518,393.7213291666666,947.8840999687499,725.7858981858333,DEFL
7.0,46.66666666666667,355,welded,416.66666666666663,150.0,12.5,6.0,1.0042860417288273,335.195,569.8315,968.3783549999998,MOMENT
7.0,46.66666666666667,460,welded,333.3333333333333,180.0,12.5,6.0,0.9505324089982999,348.93249999999995,667.5078724999998,922.9264625000001,DEFL
7.0,46.66666666666667,500,welded,416.66666666666663,120.0,12.5,9.166666666666666,0.9769247130200958,362.13576388888885,759.6159783333334,904.8324196527776,MOMENT
7.0,46.66666666666667,550,welded,416.66666666666663,120.0,12.5,9.166666666666666,0.9282407342858833,362.13576388888885,898.2467091846354,897.9562763019962,MOMENT
7.0,46.66666666666667,620,welded,333.3333333333333,120.0,17.0,9.166666666666666,1.0114584585234287,374.9726944444444,1070.3651058875444,882.484682674482,DEFL
7.0,46.66666666666667,690,welded,333.3333333333333,120.0,17.0,9.166666666666666,1.0114584585234287,374.9726944444444,1264.171997534481,840.6307914172486,DEFL
7.0,60.0,355,rolled,416.66666666666663,180.0,12.5,6.0,0.9630093080106124,395.227875,565.17586125,1014.5499551249999,MOMENT
7.0,60.0,460,rolled,500.0,120.0,12.5,9.166666666666666,0.9273687170317019,424.31703124999996,679.9680425781249,997.5693404687498,MOMENT
7.0,60.0,500,rolled,416.66666666666663,120.0,12.5,12.333333333333332,1.0055145673616637,451.8034791666666,791.5596954999999,1003.6362486208333,MOMENT
7.0,60.0,550,rolled,416.66666666666663,120.0,12.5,12.333333333333332,0.9571781891616452,451.8034791666666,864.3000556458331,954.8414728708332,MOMENT
7.0,60.0,620,rolled,416.66666666666663,120.0,12.5,9.166666666666666,0.9871945148621828,380.24255208333335,806.1142104166668,750.2185552604168,MOMENT
7.0,60.0,690,rolled,416.66666666666663,120.0,12.5,9.166666666666666,0.9413193484502284,380.24255208333335,915.4339441406252,700.9391205104168,MOMENT
7.0,60.0,355,welded,416.66666666666663,150.0,17.0,6.0,1.0102994625019608,406.4102,690.8973400000001,1174.1190677999998,MOMENT
7.0,60.0,460,welded,416.66666666666663,150.0,12.5,9.166666666666666,0.9646912873440815,403.3482638888888,771.6052288194442,1066.8561579861112,MOMENT
7.0,60.0,500,welded,416.66666666666663,150.0,12.5,9.166666666666666,0.9086784752957706,403.3482638888888,846.0633183333332,1007.8059721527777,MOMENT
7.0,60.0,550,welded,500.0,120.0,12.5,9.166666666666666,0.9618256679957108,404.1114583333333,1002.3638198382812,1002.0397224486977,MOMENT
7.0,60.0,620,welded,333.3333333333333,180.0,17.0,6.0,0.9570709118693178,434.9842,1232.11153781744,1018.615278800875,DEFL
7.0,60.0,690,welded,416.66666666666663,120.0,12.5,12.333333333333332,0.9862035936282146,430.2890277777777,1445.593128141154,962.4812330445762,MOMENT
7.0,73.33333333333334,355,rolled,416.66666666666663,210.0,12.5,6.0,0.9786812854615395,438.501,627.05643,1125.6320669999998,MOMENT
7.0,73.33333333333334,460,rolled,416.66666666666663,150.0,12.5,12.333333333333332,0.9656838274856775,495.0766041666666,793.3602581770831,1163.9250963958332,MOMENT
7.0,73.33333333333334,500,rolled,416.66666666666663,150.0,12.5,9.166666666666666,0.9890970551752669,423.51567708333334,741.99946625,940.7977250729166,MOMENT
7.0,73.33333333333334,550,rolled,416.66666666666663,150.0,12.5,9.166666666666666,0.9600254087912282,423.51567708333334,810.1854902604166,895.0580319479166,DEFL
7.0,73.33333333333334,620,rolled,416.66666666666663,150.0,12.5,9.166666666666666,0.9600254087912282,423.51567708333334,897.8532354166666,835.5964308854167,DEFL
7.0,73.33333333333334,690,rolled,416.66666666666663,150.0,12.5,9.166666666666666,0.9600254087912282,423.51567708333334,1019.613992578125,780.7087991354166,DEFL
7.0,73.33333333333334,355,welded,416.66666666666663,180.0,17.0,6.0,1.0011550515862842,462.45919999999995,786.1806399999999,1336.0446287999996,MOMENT
7.0,73.33333333333334,460,welded,416.66666666666663,180.0,12.5,9.166666666666666,0.9469877470594605,444.5607638888888,850.4447413194442,1175.8632204861112,MOMENT
7.0,73.33333333333334,500,welded,500.0,120.0,17.0,9.166666666666666,0.9700041233145974,458.9240833333333,962.6391572,1146.6677146166667,MOMENT
7.0,73.33333333333334,550,welded,500.0,120.0,17.0,9.166666666666666,0.9200907442131698,458.9240833333333,1150.1765678461184,1145.8012774204356,MOMENT
7.0,73.33333333333334,620,welded,416.66666666666663,150.0,12.5,9.166666666666666,0.9792259169670527,403.3482638888888,1138.7699266513885,942.5396013566983,DEFL
7.0,73.33333333333334,690,welded,416.66666666666663,150.0,12.5,9.166666666666666,0.9792259169670527,403.3482638888888,1343.7943196942272,897.4101573487845,DEFL
7.0,86.66666666666667,355,rolled,500.0,180.0,12.5,9.166666666666666,1.0011292928238702,510.86328124999994,730.5344921875,1311.3860429687497,MOMENT
7.0,86.66666666666667,460,rolled,416.66666666666663,180.0,12.5,9.166666666666666,1.0154807098606244,466.7888020833333,748.0290553385415,1097.4204736979163,MOMENT
7.0,86.66666666666667,500,rolled,416.66666666666663,180.0,12.5,9.166666666666666,0.9832589234606252,466.7888020833333,817.81398125,1036.9246449479165,DEFL
7.0,86.66666666666667,550,rolled,500.0,120.0,17.0,9.166666666666666,0.9545568759294565,481.87028749999996,921.8178599874999,1018.3846656024999,MOMENT
7.0,86.66666666666667,620,rolled,416.66666666666663,120.0,21.5,9.166666666666666,0.9353317936671505,495.3490645833333,1050.1400169166666,977.3237044229165,DEFL
7.0,86.66666666666667,690,rolled,416.66666666666663,120.0,21.5,9.166666666666666,0.9353317936671505,495.3490645833333,1192.5528729843752,913.1264656529166,DEFL
7.0,86.66666666666667,355,welded,416.66666666666663,210.0,17.0,6.0,1.005079507629713,518.5082,881.46394,1497.9701897999998,MOMENT
7.0,86.66666666666667,460,welded,500.0,120.0,21.5,9.166666666666666,0.9967120408653258,513.7367083333332,982.7783230416663,1358.8335935416665,MOMENT
7.0,86.66666666666667,500,welded,416.66666666666663,180.0,12.5,12.333333333333332,0.96980029538149,512.7140277777777,1075.4689446666664,1281.067269805555,MOMENT
7.0,86.66666666666667,550,welded,500.0,150.0,12.5,9.166666666666666,0.9783335440680688,445.3239583333333,1104.587892116406,1104.2307423018228,MOMENT
7.0,86.66666666666667,620,welded,416.66666666666663,150.0,17.0,9.166666666666666,0.9343385118581917,472.9973888888888,1350.1780469446885,1113.1822578652138,DEFL
7.0,86.66666666666667,690,welded,416.66666666666663,120.0,21.5,9.166666666666666,0.9630532617368,471.76101388888884,1609.244516080493,1065.608683153272,MOMENT
7.0,100.0,355,rolled,500.0,210.0,12.5,9.166666666666666,0.9989158265917015,554.1364062499999,792.4150609374998,1422.4681548437497,MOMENT
7.0,100.0,460,rolled,500.0,180.0,12.5,9.166666666666666,0.9257798991086522,510.86328124999994,818.6584082031248,1201.03957421875,MOMENT
7.0,100.0,500,rolled,500.0,120.0,21.5,9.166666666666666,0.9600028591135099,539.4235437499999,945.0700486499998,1198.27546008625,MOMENT
7.0,100.0,550,rolled,500.0,150.0,12.5,9.166666666666666,1.000189168790848,467.59015624999995,894.4999689062498,988.2050362187499,MOMENT
7.0,100.0,620,rolled,416.66666666666663,120.0,26.0,9.166666666666666,0.9460801298921201,552.9023208333332,1172.1529201666663,1090.8762790041662,DEFL
7.0,100.0,690,rolled,416.66666666666663,120.0,26.0,9.166666666666666,0.9460801298921201,552.9023208333332,1331.1123374062495,1019.2201382241664,DEFL
7.0,100.0,355,welded,500.0,180.0,17.0,9.166666666666666,1.0152744259166904,571.0220833333332,970.7375416666664,1649.6827987499996,MOMENT
7.0,100.0,460,welded,500.0,150.0,17.0,9.166666666666666,1.0191933958527049,514.9730833333333,985.1435084166666,1362.1038054166665,MOMENT
7.0,100.0,500,welded,500.0,180.0,12.5,9.166666666666666,0.9575564422475653,486.53645833333326,1020.5588749999998,1215.6599947916666,MOMENT
7.0,100.0,550,welded,416.66666666666663,180.0,17.0,9.166666666666666,0.9251688408256349,529.0463888888888,1325.920303384104,1320.876480921715,DEFL
7.0,100.0,620,welded,500.0,120.0,21.5,9.166666666666666,0.9648234231944386,513.7367083333332,1482.509335737733,1217.6274937752428,MOMENT
7.0,100.0,690,welded,416.66666666666663,120.0,26.0,9.166666666666666,0.9650017324899623,526.5736388888888,1817.161494352446,1198.3410332782094,DEFL
7.0,113.33333333333334,355,rolled,583.3333333333333,210.0,12.5,9.166666666666666,0.9241916669460459,598.2108854166665,855.4415661458331,1535.607342864583,MOMENT
7.0,113.33333333333334,460,rolled,583.3333333333333,120.0,21.5,9.166666666666666,0.9571505379068008,583.4980229166666,935.0555817239583,1371.8038518770832,MOMENT
7.0,113.33333333333334,500,rolled,500.0,180.0,12.5,9.166666666666666,0.9792875357295238,510.86328124999994,895.0324687499999,1134.83169296875,MOMENT
7.0,113.33333333333334,550,rolled,500.0,150.0,17.0,9.166666666666666,0.9033990499730747,540.7217374999999,1034.4006838374999,1142.7613200325,MOMENT
7.0,113.33333333333334,620,rolled,500.0,120.0,21.5,9.166666666666666,0.9580125954316374,539.4235437499999,1143.5779127499998,1064.2826518187499,MOMENT
7.0,113.33333333333334,690,rolled,500.0,150.0,12.5,12.333333333333332,0.9037995947129062,554.3768124999999,1334.6621760937496,1021.9382161624998,MOMENT
7.0,113.33333333333334,355,welded,583.3333333333333,210.0,12.5,9.166666666666666,1.0015089962618935,569.7246527777777,968.531909722222,1645.9345218749995,MOMENT
7.0,113.33333333333334,460,welded,500.0,180.0,17.0,9.166666666666666,0.9271266848617159,571.0220833333332,1092.3652454166663,1510.3534104166665,MOMENT
7.0,113.33333333333334,500,welded,500.0,180.0,12.5,12.333333333333332,0.9968139284811021,569.1904166666666,1193.933818,1422.1791750833333,MOMENT
7.0,113.33333333333334,550,welded,500.0,150.0,17.0,9.166666666666666,1.0162913044148816,514.9730833333333,1290.6491400915438,1285.7394897096601,MOMENT
7.0,113.33333333333334,620,welded,500.0,150.0,17.0,9.166666666666666,0.9372779920779842,514.9730833333333,1469.9982879766335,1211.9705374937585,MOMENT
7.0,113.33333333333334,690,welded,416.66666666666663,120.0,30.5,9.166666666666666,0.9787338125344698,581.3862638888888,2029.4385634347586,1332.9308571953597,DEFL
7.0,126.66666666666667,355,rolled,583.3333333333333,180.0,17.0,9.166666666666666,0.9674722399308657,643.6476666666666,920.4161633333332,1652.2435603333333,MOMENT
7.0,126.66666666666667,460,rolled,500.0,180.0,17.0,9.166666666666666,0.9415220577166594,599.5731874999999,960.8160329687498,1409.5965638124999,MOMENT
7.0,126.66666666666667,500,rolled,500.0,180.0,12.5,12.333333333333332,1.0016197439038808,597.6499375,1047.0826905,1327.6195711624998,MOMENT
7.0,126.66666666666667,550,rolled,500.0,150.0,17.0,9.166666666666666,1.0096812911463777,540.7217374999999,1034.4006838374999,1142.7613200325,MOMENT
7.0,126.66666666666667,620,rolled,500.0,150.0,17.0,9.166666666666666,0.9276154025619207,540.7217374999999,1146.3300834999995,1066.8439880875,MOMENT
7.0,126.66666666666667,690,rolled,500.0,150.0,12.5,12.333333333333332,1.0101289587967774,554.3768124999999,1334.6621760937496,1021.9382161624998,MOMENT
7.0,126.66666666666667,355,welded,583.3333333333333,210.0,17.0,9.166666666666666,0.9011919674442546,669.0467777777776,1137.3795222222218,1932.8761409999995,MOMENT
7.0,126.66666666666667,460,welded,583.3333333333333,180.0,12.5,12.333333333333332,0.9646666064710588,625.6668055555554,1196.9005990277774,1654.8887006944442,MOMENT
7.0,126.66666666666667,500,welded,500.0,180.0,17.0,9.166666666666666,0.9686553008600622,571.0220833333332,1197.7759219999994,1426.7557774166664,MOMENT
7.0,126.66666666666667,550,welded,500.0,150.0,21.5,9.166666666666666,0.9448099816836157,584.6222083333332,1480.308681258925,1469.6302058503911,MOMENT
7.0,126.66666666666667,620,welded,583.3333333333333,150.0,12.5,12.333333333333332,1.0028515485130922,584.4543055555554,1662.9265614604997,1372.604391222381,MOMENT
7.0,126.66666666666667,690,welded,583.3333333333333,150.0,12.5,12.333333333333332,0.9467102065977988,584.4543055555554,1963.5246852261369,1307.32197280159,MOMENT
7.0,140.0,355,rolled,583.3333333333333,210.0,17.0,9.166666666666666,0.921916592840388,702.4991166666666,1004.5737368333332,1803.3152324833331,MOMENT
7.0,140.0,460,rolled,583.3333333333333,120.0,26.0,9.166666666666666,1.0139373618933556,641.0512791666666,1027.2846748645832,1507.1115573208335,MOMENT
7.0,140.0,500,rolled,500.0,180.0,17.0,9.166666666666666,0.9697733917387027,599.5731874999999,1050.4522244999998,1331.8918787124996,MOMENT
7.0,140.0,550,rolled,500.0,150.0,21.5,9.166666666666666,0.9306310074068815,613.85331875,1174.3013987687498,1297.31760384625,MOMENT
7.0,140.0,620,rolled,500.0,120.0,26.0,9.166666666666666,0.998798198908241,596.9767999999999,1265.5908159999997,1177.8352263999996,MOMENT
7.0,140.0,690,rolled,500.0,120.0,26.0,9.166666666666666,0.9398901114789654,596.9767999999999,1437.2216459999997,1100.4670331199995,MOMENT
7.0,140.0,355,welded,583.3333333333333,210.0,17.0,9.166666666666666,0.9960542798068076,669.0467777777776,1137.3795222222218,1932.8761409999995,MOMENT
7.0,140.0,460,welded,583.3333333333333,150.0,21.5,9.166666666666666,0.9869890989104697,626.5979027777777,1198.6817880138888,1657.351452847222,MOMENT
7.0,140.0,500,welded,583.3333333333333,180.0,12.5,12.333333333333332,1.0010005662786707,625.6668055555554,1312.398691333333,1563.2910803611107,MOMENT
7.0,140.0,550,welded,500.0,180.0,17.0,9.166666666666666,0.992677606887396,571.0220833333332,1431.1217123369681,1425.677701998885,MOMENT
7.0,140.0,620,welded,500.0,180.0,17.0,9.166666666666666,0.9049347627122907,571.0220833333332,1629.9909880018326,1343.879833055946,MOMENT
7.0,140.0,690,welded,500.0,150.0,17.0,12.333333333333332,1.0122415703323162,596.0609666666666,2026.225211587033,1343.3836095711729,MOMENT
8.0,20.0,355,rolled,333.3333333333333,120.0,12.5,6.0,0.9258466414715062,319.80899999999997,457.32686999999993,820.949703,MOMENT
8.0,20.0,460,rolled,333.3333333333333,120.0,8.0,12.333333333333332,0.9300881391767956,384.6793066666666,616.4485889333332,904.3810499733332,DEFL
8.0,20.0,500,rolled,333.3333333333333,120.0,8.0,12.333333333333332,0.9300881391767956,384.6793066666666,673.9581452799998,854.5266118293332,DEFL
8.0,20.0,550,rolled,250.0,150.0,17.0,9.166666666666666,1.0099865775199734,466.85519999999997,893.0939976,986.6517796799999,DEFL
8.0,20.0,620,rolled,250.0,150.0,17.0,9.166666666666666,1.0099865775199734,466.85519999999997,989.733024,921.1053095999999,DEFL
8.0,20.0,690,rolled,250.0,150.0,17.0,9.166666666666666,1.0099865775199734,466.85519999999997,1123.953894,860.6008756799998,DEFL
8.0,20.0,355,welded,333.3333333333333,120.0,12.5,9.166666666666666,0.9609759392707984,365.8972222222222,622.0252777777777,1057.077075,MOMENT
8.0,20.0,460,welded,416.66666666666663,120.0,8.0,9.166666666666666,0.9076584119425418,351.2264444444444,671.8961882222219,928.9939455555556,MOMENT
8.0,20.0,500,welded,333.3333333333333,120.0,8.0,12.333333333333332,1.002133032993649,366.36124444444437,768.4793463466664,915.3902053688888,MOMENT
8.0,20.0,550,welded,250.0,120.0,26.0,6.0,0.9619161268283705,466.47839999999997,1184.72974660608,1175.00236582656,DEFL
8.0,20.0,620,welded,250.0,120.0,26.0,6.0,0.9619161268283705,466.47839999999997,1350.44974344192,1107.9235182720001,DEFL
8.0,20.0,690,welded,250.0,120.0,26.0,6.0,0.9619161268283705,466.47839999999997,1596.7219767552,1056.01828011264,DEFL
8.0,33.333333333333336,355,rolled,333.3333333333333,180.0,12.5,6.0,0.993606817027075,418.719,598.7681699999999,1074.851673,DEFL
8.0,33.333333333333336,460,rolled,333.3333333333333,180.0,12.5,6.0,0.993606817027075,418.719,670.9971975,984.4083689999999,DEFL
8.0,33.333333333333336,500,rolled,333.3333333333333,150.0,17.0,6.0,0.918956824835902,454.72223999999994,796.67336448,1010.1199839359999,DEFL
8.0,33.333333333333336,550,rolled,333.3333333333333,150.0,17.0,6.0,0.918956824835902,454.72223999999994,869.8836451199999,961.0099820159999,DEFL
8.0,33.333333333333336,620,rolled,333.3333333333333,150.0,17.0,6.0,0.918956824835902,454.72223999999994,964.0111488,897.1669795199999,DEFL
8.0,33.333333333333336,690,rolled,333.3333333333333,120.0,21.5,6.0,0.9405729874558998,455.11787999999996,1095.6962960999997,838.9642999919998,DEFL
8.0,33.333333333333336,355,welded,416.66666666666663,150.0,12.5,6.0,0.9912088779576202,383.08,651.236,1106.71812,MOMENT
8.0,33.333333333333336,460,welded,333.3333333333333,180.0,12.5,6.0,1.0134789533676167,398.78,762.8661399999997,1054.7731,DEFL
8.0,33.333333333333336,500,welded,333.3333333333333,150.0,17.0,6.0,0.93733596133262,433.06879999999995,908.4051148799999,1082.0657036799998,DEFL
8.0,33.333333333333336,550,welded,416.66666666666663,120.0,12.5,9.166666666666666,0.9829076802691934,413.86944444444435,1026.567667639583,1026.2357443451385,MOMENT
8.0,33.333333333333336,620,welded,416.66666666666663,120.0,12.5,9.166666666666666,0.9356396933387601,413.86944444444435,1168.4742915444442,967.1253755237266,MOMENT
8.0,33.333333333333336,690,welded,333.3333333333333,120.0,21.5,6.0,0.9593844472050179,433.44559999999996,1466.41378431975,973.8940731281999,DEFL
8.0,46.66666666666667,355,rolled,416.66666666666663,180.0,12.5,6.0,1.0101530131842422,451.68899999999996,645.9152699999999,1159.485663,MOMENT
8.0,46.66666666666667,460,rolled,416.66666666666663,150.0,12.5,9.166666666666666,0.936430882080787,484.0179166666666,775.6387114583333,1137.9261220833332,MOMENT
8.0,46.66666666666667,500,rolled,416.66666666666663,150.0,12.5,9.166666666666666,0.9119350821912965,484.0179166666666,847.99939,1075.1974000833334,DEFL
8.0,46.66666666666667,550,rolled,416.66666666666663,150.0,12.5,9.166666666666666,0.9119350821912965,484.0179166666666,925.9262745833332,1022.9234650833332,DEFL
8.0,46.66666666666667,620,rolled,416.66666666666663,150.0,12.5,9.166666666666666,0.9119350821912965,484.0179166666666,1026.1179833333333,954.9673495833333,DEFL
8.0,46.66666666666667,690,rolled,416.66666666666663,150.0,12.5,9.166666666666666,0.9119350821912965,484.0179166666666,1165.273134375,892.2386275833333,DEFL
8.0,46.66666666666667,355,welded,416.66666666666663,180.0,12.5,9.166666666666666,1.0192632005951048,508.06944444444434,863.7180555555555,1467.8126249999993,MOMENT
8.0,46.66666666666667,460,welded,500.0,120.0,17.0,9.166666666666666,0.9417042263482399,524.4846666666666,1003.3391673333333,1387.2619433333332,MOMENT
8.0,46.66666666666667,500,welded,416.66666666666663,150.0,12.5,9.166666666666666,1.002487914926202,460.9694444444444,966.9295066666665,1151.778253888889,MOMENT
8.0,46.66666666666667,550,welded,416.66666666666663,150.0,12.5,9.166666666666666,0.9452327788416092,460.9694444444444,1143.3951788145832,1143.0254813201389,MOMENT
8.0,46.66666666666667,620,welded,416.66666666666663,150.0,12.5,9.166666666666666,0.9301737838351223,460.9694444444444,1301.4513447444444,1077.1881158362269,DEFL
8.0,46.66666666666667,690,welded,416.66666666666663,150.0,12.5,9.166666666666666,0.9301737838351223,460.9694444444444,1535.7649367934025,1025.611608398611,DEFL
8.0,60.0,355,rolled,416.66666666666663,180.0,17.0,6.0,1.0131737226130677,554.95104,793.5799872000001,1424.55931968,MOMENT
8.0,60.0,460,rolled,416.66666666666663,180.0,12.5,9.166666666666666,1.016115074973438,533.4729166666666,854.8903489583331,1254.1948270833334,DEFL
8.0,60.0,500,rolled,416.66666666666663,180.0,12.5,9.166666666666666,1.016115074973438,533.4729166666666,934.6445499999999,1185.0567370833332,DEFL
8.0,60.0,550,rolled,500.0,120.0,17.0,9.166666666666666,0.9740717367814541,550.7089,1053.5061257,1163.86818926,MOMENT
8.0,60.0,620,rolled,500.0,120.0,17.0,9.166666666666666,0.9270726863744286,550.7089,1167.502868,1086.5486597000001,MOMENT
8.0,60.0,690,rolled,416.66666666666663,120.0,21.5,9.166666666666666,0.9665864331056804,566.1132166666666,1362.9175691250002,1043.573103603333,DEFL
8.0,60.0,355,welded,416.66666666666663,210.0,17.0,6.0,0.9291994072916884,592.5808,1007.38736,1711.9659311999999,MOMENT
8.0,60.0,460,welded,416.66666666666663,180.0,12.5,12.333333333333332,0.9918201771534724,585.9588888888887,1120.9393544444442,1549.861261111111,MOMENT
8.0,60.0,500,welded,416.66666666666663,150.0,17.0,9.166666666666666,1.0092789147043761,540.5684444444444,1133.8963690666665,1350.6643152888885,MOMENT
8.0,60.0,550,welded,500.0,150.0,12.5,9.166666666666666,0.9757660951457157,508.9416666666666,1262.38616241875,1261.977991202083,MOMENT
8.0,60.0,620,welded,416.66666666666663,150.0,17.0,9.166666666666666,0.9655599602248367,540.5684444444444,1543.060625079644,1272.2082947031015,DEFL
8.0,60.0,690,welded,416.66666666666663,120.0,21.5,9.166666666666666,0.985918161767794,539.1554444444445,1839.136589806278,1217.8384950323111,DEFL
8.0,73.33333333333334,355,rolled,416.66666666666663,210.0,17.0,6.0,1.0131360033566983,622.2098400000001,889.7600712000002,1597.21265928,MOMENT
8.0,73.33333333333334,460,rolled,500.0,180.0,12.5,9.166666666666666,0.931214768053449,583.84375,935.609609375,1372.6166562500002,MOMENT
8.0,73.33333333333334,500,rolled,500.0,120.0,21.5,9.166666666666666,1.010221718965016,616.4840499999999,1080.0800556,1369.45766867,MOMENT
8.0,73.33333333333334,550,rolled,500.0,120.0,21.5,9.166666666666666,0.9615708060230731,616.4840499999999,1179.33398765,1302.8773912699999,MOMENT
8.0,73.33333333333334,620,rolled,500.0,120.0,21.5,9.166666666666666,0.9089550651430205,616.4840499999999,1306.946186,1216.32303065,MOMENT
8.0,73.33333333333334,690,rolled,416.66666666666663,180.0,17.0,9.166666666666666,0.9928830411269225,634.8556666666666,1528.4150175,1170.292935933333,DEFL
8.0,73.33333333333334,355,welded,500.0,180.0,17.0,9.166666666666666,1.0145055362581434,652.5966666666666,1109.4143333333332,1885.3517699999993,MOMENT
8.0,73.33333333333334,460,welded,583.3333333333333,120.0,21.5,9.166666666666666,1.0182156226686396,635.0998888888887,1214.946087444444,1679.839206111111,MOMENT
8.0,73.33333333333334,500,welded,500.0,180.0,12.5,9.166666666666666,0.9772915694957398,556.0416666666666,1166.3529999999998,1389.325708333333,MOMENT
8.0,73.33333333333334,550,welded,500.0,150.0,17.0,9.166666666666666,0.9360011042629616,588.5406666666665,1475.0275886760498,1469.416559668183,MOMENT
8.0,73.33333333333334,620,welded,416.66666666666663,180.0,17.0,9.166666666666666,1.012740701949461,604.6244444444444,1725.9094251084443,1422.9617753456016,DEFL
8.0,73.33333333333334,690,welded,500.0,150.0,12.5,12.333333333333332,0.9820752304920071,603.4033333333332,2027.1855795835418,1349.7076309131664,MOMENT
8.0,86.66666666666667,355,rolled,583.3333333333333,210.0,12.5,9.166666666666666,0.9503951557114494,683.6695833333332,977.6475041666664,1754.9798204166664,MOMENT
8.0,86.66666666666667,460,rolled,500.0,180.0,12.5,12.333333333333332,1.0095711178895665,683.0284999999999,1094.5531712499999,1605.8000034999998,MOMENT
8.0,86.66666666666667,500,rolled,500.0,120.0,26.0,9.166666666666666,1.0028867462332482,682.2592,1195.3181184,1515.5705868799998,MOMENT
8.0,86.66666666666667,550,rolled,500.0,150.0,17.0,9.166666666666666,0.9754286094878807,617.9676999999999,1182.1722101,1306.0129371799997,MOMENT
8.0,86.66666666666667,620,rolled,500.0,150.0,17.0,9.166666666666666,0.9060885315606982,617.9676999999999,1310.091524,1219.2502720999998,MOMENT
8.0,86.66666666666667,690,rolled,500.0,120.0,21.5,12.333333333333332,0.9708124667769056,711.91022,1713.92385465,1312.335299548,MOMENT
8.0,86.66666666666667,355,welded,583.3333333333333,180.0,17.0,9.166666666666666,0.987799586963243,700.5688888888888,1190.9671111111109,2023.9435199999994,MOMENT
8.0,86.66666666666667,460,welded,500.0,180.0,17.0,9.166666666666666,0.9761111840509792,652.5966666666666,1248.4174233333333,1726.118183333333,MOMENT
8.0,86.66666666666667,500,welded,500.0,180.0,17.0,9.166666666666666,0.9161381337580591,652.5966666666666,1368.886768,1630.5780313333328,MOMENT
8.0,86.66666666666667,550,welded,500.0,150.0,21.5,9.166666666666666,0.9115845270233616,668.1396666666666,1691.7813500102,1679.577378114733,MOMENT
8.0,86.66666666666667,620,welded,583.3333333333333,150.0,12.5,12.333333333333332,1.0133180376669446,667.9477777777777,1900.4874988119998,1568.6907328255784,MOMENT
8.0,86.66666666666667,690,welded,583.3333333333333,150.0,12.5,12.333333333333332,0.9659421022903821,667.9477777777777,2244.0282116870135,1494.0822546303882,MOMENT
8.0,100.0,355,rolled,583.3333333333333,210.0,12.5,12.333333333333332,0.9985090039714493,800.2551666666666,1144.364888333333,2054.255012833333,MOMENT
8.0,100.0,460,rolled,500.0,180.0,17.0,9.166666666666666,1.013240949755696,685.2265,1098.0754662499999,1610.9675015,MOMENT
8.0,100.0,500,rolled,500.0,180.0,17.0,9.166666666666666,0.9479474825534249,685.2265,1200.516828,1522.1621470999999,MOMENT
8.0,100.0,550,rolled,500.0,150.0,21.5,9.166666666666666,0.9287879225765576,701.54665,1342.05874145,1482.6486901100002,MOMENT
8.0,100.0,620,rolled,500.0,150.0,17.0,12.333333333333332,0.9788548283072488,715.2731599999998,1516.3790992,1411.2339446799997,MOMENT
8.0,100.0,690,rolled,500.0,120.0,26.0,9.166666666666666,0.9790682988404306,682.2592,1642.539024,1257.6766092799996,MOMENT
8.0,100.0,355,welded,583.3333333333333,210.0,17.0,9.166666666666666,0.9620299045083972,764.6248888888888,1299.8623111111108,2209.0013039999994,MOMENT
8.0,100.0,460,welded,583.3333333333333,150.0,21.5,9.166666666666666,0.988422951070276,716.1118888888888,1369.9220434444442,1894.115946111111,MOMENT
8.0,100.0,500,welded,583.3333333333333,180.0,12.5,12.333333333333332,1.004666374991088,715.0477777777777,1499.8842186666666,1786.618377555555,MOMENT
8.0,100.0,550,welded,500.0,180.0,17.0,9.166666666666666,0.9850587248859006,652.5966666666666,1635.5676712422498,1629.345945141583,MOMENT
8.0,100.0,620,welded,500.0,180.0,17.0,9.166666666666666,0.9135421173122351,652.5966666666666,1862.8468434306665,1535.8626663496525,DEFL
8.0,100.0,690,welded,500.0,120.0,30.5,9.166666666666666,0.9547452817957512,712.4136666666666,2486.8144606312917,1633.3343568109663,MOMENT
8.0,113.33333333333334,355,rolled,583.3333333333333,210.0,17.0,9.166666666666666,1.0008374824747535,802.8561333333332,1148.0842706666665,2060.9316942666665,MOMENT
8.0,113.33333333333334,460,rolled,583.3333333333333,150.0,21.5,9.166666666666666,0.9935945613528164,751.9174833333332,1204.947767041666,1767.7580033166666,MOMENT
8.0,113.33333333333334,500,rolled,583.3333333333333,180.0,12.5,12.333333333333332,1.011461956577914,750.8001666666665,1315.4018919999999,1667.8274902333328,MOMENT
8.0,113.33333333333334,550,rolled,500.0,180.0,17.0,9.166666666666666,1.0150467970135948,685.2265,1310.8382944999998,1448.1576850999998,DEFL
8.0,113.33333333333334,620,rolled,500.0,180.0,17.0,9.166666666666666,1.0150467970135948,685.2265,1452.6801799999998,1351.9518845,DEFL
8.0,113.33333333333334,690,rolled,500.0,120.0,30.5,9.166666666666666,0.9409578688081809,748.0343499999999,1800.8926976249998,1378.9265207899998,DEFL
8.0,113.33333333333334,355,welded,583.3333333333333,240.0,17.0,9.166666666666666,0.9482754734386041,828.6808888888887,1408.7575111111107,2394.059088,MOMENT
8.0,113.33333333333334,460,welded,666.6666666666666,180.0,12.5,12.333333333333332,1.0093129132388816,779.592222222222,1491.3599211111107,2062.021427777777,MOMENT
8.0,113.33333333333334,500,welded,500.0,210.0,17.0,9.166666666666666,0.9921611483417268,716.6526666666666,1503.2506336,1790.6283529333332,MOMENT
8.0,113.33333333333334,550,welded,500.0,210.0,17.0,9.166666666666666,0.9187989783810772,716.6526666666666,1796.1077538084498,1789.275330614983,MOMENT
8.0,113.33333333333334,620,welded,500.0,210.0,17.0,9.166666666666666,0.9105904400647182,716.6526666666666,2045.6956434594665,1686.6161469921526,DEFL
8.0,113.33333333333334,690,welded,500.0,180.0,17.0,12.333333333333332,0.9753846587236128,745.2685333333332,2533.4352962034664,1679.6629680484261,DEFL
8.0,126.66666666666667,355,rolled,583.3333333333333,240.0,17.0,9.166666666666666,0.9818631050775706,870.1149333333333,1244.2643546666668,2233.585033866666,MOMENT
8.0,126.66666666666667,460,rolled,666.6666666666666,180.0,12.5,12.333333333333332,1.002808369482229,818.5718333333332,1311.7613629166667,1924.4623801666664,MOMENT
8.0,126.66666666666667,500,rolled,500.0,210.0,17.0,9.166666666666666,1.0072939779231507,752.4852999999999,1318.3542455999998,1671.5708454199998,MOMENT
8.0,126.66666666666667,550,rolled,500.0,210.0,17.0,9.166666666666666,0.9977634579717212,752.4852999999999,1439.5043789,1590.3024330199999,DEFL
8.0,126.66666666666667,620,rolled,500.0,210.0,17.0,9.166666666666666,0.9977634579717212,752.4852999999999,1595.268836,1484.6534969,DEFL
8.0,126.66666666666667,690,rolled,583.3333333333333,150.0,17.0,12.333333333333332,0.9783321073523847,783.0448266666665,1885.1804201999996,1443.4648334773333,MOMENT
8.0,126.66666666666667,355,welded,750.0,210.0,12.5,12.333333333333332,0.9805062398081416,891.2366666666666,1515.1023333333333,2574.78273,MOMENT
8.0,126.66666666666667,460,welded,583.3333333333333,180.0,21.5,9.166666666666666,0.9852184517708629,797.1238888888887,1524.8979994444442,2108.392686111111,MOMENT
8.0,126.66666666666667,500,welded,500.0,240.0,17.0,9.166666666666666,0.9520367303718318,780.7086666666665,1637.6144991999997,1950.6786745333332,MOMENT
8.0,126.66666666666667,550,welded,500.0,210.0,17.0,12.333333333333332,0.9661008286358523,809.3245333333332,2043.0779520056528,2030.3890382422396,MOMENT
8.0,126.66666666666667,620,welded,500.0,210.0,17.0,9.166666666666666,1.0177187271311556,716.6526666666666,2045.6956434594665,1686.6161469921526,DEFL
8.0,126.66666666666667,690,welded,500.0,210.0,17.0,12.333333333333332,0.9655147338502823,809.3245333333332,2751.184636307466,1824.0303823012262,DEFL
8.0,140.0,355,rolled,750.0,210.0,12.5,12.333333333333332,0.9838745722496054,935.7984999999999,1338.191855,2402.1947494999995,MOMENT
8.0,140.0,460,rolled,583.3333333333333,180.0,21.5,9.166666666666666,0.9805239805301003,836.9800833333333,1341.2605835416664,1967.7401759166667,MOMENT
8.0,140.0,500,rolled,500.0,240.0,17.0,9.166666666666666,0.9841974075251326,819.7440999999999,1436.1916632,1820.9795437399998,DEFL
8.0,140.0,550,rolled,583.3333333333333,180.0,17.0,12.333333333333332,0.9467548336625644,850.3036266666664,1626.6308378133328,1797.0316845973325,MOMENT
8.0,140.0,620,rolled,666.6666666666666,150.0,17.0,12.333333333333332,0.9718351885403899,850.816493333333,1803.7309658666659,1678.660941346666,MOMENT
8.0,140.0,690,rolled,500.0,150.0,30.5,9.166666666666666,0.9562660090424978,868.7045499999999,2091.406204125,1601.36996747,DEFL
8.0,140.0,355,welded,666.6666666666666,180.0,26.0,9.166666666666666,0.9820486641044811,941.651111111111,1600.8068888888886,2720.43006,MOMENT
8.0,140.0,460,welded,583.3333333333333,210.0,17.0,12.333333333333332,1.0107157842936119,873.8689777777777,1671.7113544888887,2311.383446222222,MOMENT
8.0,140.0,500,welded,500.0,210.0,21.5,9.166666666666666,1.0185583355061587,830.1636666666666,1741.3513071999996,2074.246937533333,MOMENT
8.0,140.0,550,welded,500.0,210.0,21.5,9.166666666666666,0.9422093684823675,830.1636666666666,2102.0386586677996,2086.875221197933,MOMENT
8.0,140.0,620,welded,583.3333333333333,180.0,17.0,12.333333333333332,0.9819404454111538,809.8129777777776,2329.4160171212793,1915.3683053517034,MOMENT
8.0,140.0,690,welded,583.3333333333333,180.0,17.0,12.333333333333332,0.9168638600550763,809.8129777777776,2752.8450343256886,1825.1312231506483,MOMENT
9.0,20.0,355,rolled,416.66666666666663,120.0,12.5,6.0,0.9853743625444717,396.876375,567.53321625,1018.781654625,MOMENT
9.0,20.0,460,rolled,333.3333333333333,150.0,12.5,6.0,0.9962275745209931,415.42199999999997,665.713755,976.6571219999998,DEFL
9.0,20.0,500,rolled,333.3333333333333,150.0,12.5,6.0,0.9962275745209931,415.42199999999997,727.819344,922.8184307999999,DEFL
9.0,20.0,550,rolled,333.3333333333333,150.0,12.5,6.0,0.9962275745209931,415.42199999999997,794.702286,877.9528547999998,DEFL
9.0,20.0,620,rolled,333.3333333333333,150.0,12.5,6.0,0.9962275745209931,415.42199999999997,880.69464,819.6276059999999,DEFL
9.0,20.0,690,rolled,333.3333333333333,150.0,12.5,9.166666666666666,0.931437571719167,487.85296874999995,1174.5060222656248,899.3081625937498,DEFL
9.0,20.0,355,welded,333.3333333333333,150.0,12.5,9.166666666666666,0.9592318080155081,464.621875,789.8571875,1342.2925968749996,MOMENT
9.0,20.0,460,welded,333.3333333333333,150.0,12.5,6.0,1.016152126011413,395.64,756.8593199999999,1046.4678000000001,DEFL
9.0,20.0,500,welded,333.3333333333333,150.0,12.5,6.0,1.016152126011413,395.64,829.8944640000001,988.546104,DEFL
9.0,20.0,550,welded,333.3333333333333,150.0,12.5,6.0,1.016152126011413,395.64,974.1592389689998,976.2729852330001,DEFL
9.0,20.0,620,welded,333.3333333333333,120.0,17.0,6.0,0.9777260999233535,415.13939999999997,1175.9002845220798,972.1441276998748,DEFL
9.0,20.0,690,welded,333.3333333333333,150.0,12.5,9.166666666666666,0.9500663231535503,464.621875,1547.9333675839844,1033.7379066203123,DEFL
9.0,33.333333333333336,355,rolled,416.66666666666663,180.0,12.5,6.0,0.9459986100428431,508.15012499999995,726.65467875,1304.4213708749996,MOMENT
9.0,33.333333333333336,460,rolled,416.66666666666663,150.0,12.5,9.166666666666666,0.9274562987129674,544.52015625,872.5935503906251,1280.1668873437502,DEFL
9.0,33.333333333333336,500,rolled,416.66666666666663,150.0,12.5,9.166666666666666,0.9274562987129674,544.52015625,953.99931375,1209.5970750937502,DEFL
9.0,33.333333333333336,550,rolled,416.66666666666663,150.0,12.5,9.166666666666666,0.9274562987129674,544.52015625,1041.66705890625,1150.78889821875,DEFL
9.0,33.333333333333336,620,rolled,416.66666666666663,150.0,12.5,9.166666666666666,0.9274562987129674,544.52015625,1154.38273125,1074.33826828125,DEFL
9.0,33.333333333333336,690,rolled,416.66666666666663,150.0,12.5,9.166666666666666,0.9274562987129674,544.52015625,1310.9322761718752,1003.7684560312499,DEFL
9.0,33.333333333333336,355,welded,416.66666666666663,180.0,12.5,9.166666666666666,0.965698752463817,571.578125,971.6828125000001,1651.2892031249999,MOMENT
9.0,33.333333333333336,460,welded,500.0,120.0,17.0,9.166666666666666,0.9488124689532877,590.04525,1128.7565632499998,1560.6696862500003,MOMENT
9.0,33.333333333333336,500,welded,416.66666666666663,150.0,12.5,9.166666666666666,0.9894604399542605,518.5906249999999,1087.795695,1295.7505356249999,MOMENT
9.0,33.333333333333336,550,welded,416.66666666666663,150.0,12.5,9.166666666666666,0.9460054246872267,518.5906249999999,1286.319576166406,1285.903666485156,DEFL
9.0,33.333333333333336,620,welded,416.66666666666663,150.0,12.5,9.166666666666666,0.9460054246872267,518.5906249999999,1464.1327628374997,1211.8366303157552,DEFL
9.0,33.333333333333336,690,welded,416.66666666666663,150.0,12.5,9.166666666666666,0.9460054246872267,518.5906249999999,1727.735553892578,1153.8130594484373,DEFL
9.0,46.66666666666667,355,rolled,416.66666666666663,210.0,12.5,9.166666666666666,0.99285283063704,655.79390625,937.7852859375,1683.4229573437497,DEFL
9.0,46.66666666666667,460,rolled,500.0,120.0,21.5,9.166666666666666,0.9338244185974852,693.5445562499999,1111.405151390625,1630.5232517437498,MOMENT
9.0,46.66666666666667,500,rolled,500.0,150.0,12.5,9.166666666666666,0.9832582488452294,601.18734375,1053.28022625,1335.4775654062503,MOMENT
9.0,46.66666666666667,550,rolled,500.0,150.0,12.5,9.166666666666666,0.9367211886151616,601.18734375,1150.0713885937496,1270.54933228125,MOMENT
9.0,46.66666666666667,620,rolled,416.66666666666663,120.0,26.0,9.166666666666666,0.93835702679096,710.8744125,1507.0537545,1402.5552158624996,DEFL
9.0,46.66666666666667,690,rolled,416.66666666666663,120.0,26.0,9.166666666666666,0.93835702679096,710.8744125,1711.4301480937502,1310.4258920024995,DEFL
9.0,46.66666666666667,355,welded,416.66666666666663,210.0,17.0,6.0,0.943734429379139,666.6533999999999,1133.31078,1925.9616725999995,MOMENT
9.0,46.66666666666667,460,welded,500.0,150.0,17.0,9.166666666666666,0.914754065112324,662.10825,1266.61308225,1751.2763212500001,MOMENT
9.0,46.66666666666667,500,welded,416.66666666666663,180.0,17.0,9.166666666666666,0.9176164421250176,680.2025,1426.7927640000003,1699.5539665000001,DEFL
9.0,46.66666666666667,550,welded,500.0,120.0,21.5,9.166666666666666,0.9866136962219787,660.5186249999999,1672.4842826415747,1660.4195136447745,MOMENT
9.0,46.66666666666667,620,welded,500.0,120.0,21.5,9.166666666666666,0.9400556413927622,660.5186249999999,1906.0834316628,1565.5210634253124,MOMENT
9.0,46.66666666666667,690,welded,416.66666666666663,120.0,26.0,9.166666666666666,0.9571241673267793,677.02325,2336.35049273886,1540.7241856434125,DEFL
9.0,60.0,355,rolled,583.3333333333333,180.0,12.5,9.166666666666666,1.0163260220005779,713.4914062499998,1020.2927109374998,1831.5324398437494,MOMENT
9.0,60.0,460,rolled,500.0,180.0,12.5,9.166666666666666,1.0195242770735558,656.82421875,1052.5608105468748,1544.19373828125,MOMENT
9.0,60.0,500,rolled,500.0,180.0,12.5,9.166666666666666,0.9612470867165023,656.82421875,1150.7560312499998,1459.06931953125,MOMENT
9.0,60.0,550,rolled,500.0,150.0,17.0,9.166666666666666,0.9320269886496124,695.2136624999999,1329.9437363625,1469.2645543274998,MOMENT
9.0,60.0,620,rolled,416.66666666666663,210.0,17.0,9.166666666666666,1.0129795137050768,789.8787749999999,1674.543003,1558.4308230749998,DEFL
9.0,60.0,690,rolled,500.0,150.0,12.5,12.333333333333332,1.01507095713544,712.7701874999999,1715.9942264062502,1313.9205636375,MOMENT
9.0,60.0,355,welded,583.3333333333333,210.0,12.5,9.166666666666666,0.9478245948487842,732.503125,1245.2553124999997,2116.201528125,MOMENT
9.0,60.0,460,welded,500.0,180.0,17.0,9.166666666666666,0.9051691309952041,734.17125,1404.4696012499996,1941.8829562500005,MOMENT
9.0,60.0,500,welded,500.0,180.0,12.5,12.333333333333332,1.004152120970472,731.8162499999999,1535.0577659999997,1828.5160822499997,MOMENT
9.0,60.0,550,welded,500.0,150.0,17.0,12.333333333333332,0.9963483286082275,766.3640999999998,1934.6276202327595,1922.6122573273192,MOMENT
9.0,60.0,620,welded,500.0,150.0,17.0,9.166666666666666,0.9976041766918761,662.10825,1889.9977988271,1558.2478339205468,MOMENT
9.0,60.0,690,welded,583.3333333333333,150.0,12.5,12.333333333333332,0.9669459740425246,751.4412499999999,2524.5317381478903,1680.8425364591867,MOMENT
9.0,73.33333333333334,355,rolled,583.3333333333333,180.0,17.0,9.166666666666666,0.9977483906040631,827.5469999999998,1183.3922099999995,2124.313148999999,MOMENT
9.0,73.33333333333334,460,rolled,500.0,180.0,17.0,9.166666666666666,0.9865414032074739,770.8798125,1235.3348995312501,1812.3384391874997,MOMENT
9.0,73.33333333333334,500,rolled,500.0,180.0,17.0,9.166666666666666,0.9351631738570791,770.8798125,1350.5814315,1712.4324154874996,DEFL
9.0,73.33333333333334,550,rolled,500.0,180.0,17.0,9.166666666666666,0.9351631738570791,770.8798125,1474.6930813125,1629.1773957374996,DEFL
9.0,73.33333333333334,620,rolled,500.0,180.0,17.0,9.166666666666666,0.9351631738570791,770.8798125,1634.2652025,1520.9458700624996,DEFL
9.0,73.33333333333334,690,rolled,500.0,120.0,26.0,9.166666666666666,1.0145608115572207,767.5415999999999,1847.856402,1414.8861854399995,MOMENT
9.0,73.33333333333334,355,welded,583.3333333333333,210.0,17.0,9.166666666666666,0.9262583583886184,860.203,1462.3451000000002,2485.126467,MOMENT
9.0,73.33333333333334,460,welded,583.3333333333333,150.0,21.5,9.166666666666666,0.9894167739146238,805.625875,1541.162298875,2130.8804393749997,MOMENT
9.0,73.33333333333334,500,welded,583.3333333333333,180.0,12.5,12.333333333333332,1.0092991524009485,804.4287499999998,1687.3697459999996,2009.9456747499999,MOMENT
9.0,73.33333333333334,550,welded,500.0,180.0,17.0,9.166666666666666,0.977279135536406,734.17125,1840.013630147531,1833.0141882842813,MOMENT
9.0,73.33333333333334,620,welded,500.0,180.0,17.0,9.166666666666666,0.9538664373342206,734.17125,2095.7026988594994,1727.8454996433593,DEFL
9.0,73.33333333333334,690,welded,500.0,120.0,30.5,9.166666666666666,0.9774679122093597,801.4653749999999,2797.6662682102024,1837.5011514123366,MOMENT
9.0,86.66666666666667,355,rolled,583.3333333333333,210.0,17.0,9.166666666666666,0.9967698472004122,903.2131499999998,1291.5948044999998,2318.5481560499998,MOMENT
9.0,86.66666666666667,460,rolled,500.0,210.0,17.0,9.166666666666666,0.9720193555918998,846.5459625,1356.5899049062498,1990.2295578375001,DEFL
9.0,86.66666666666667,500,rolled,500.0,210.0,17.0,9.166666666666666,0.9720193555918998,846.5459625,1483.1485262999997,1880.5172010975,DEFL
9.0,86.66666666666667,550,rolled,500.0,210.0,17.0,9.166666666666666,0.9720193555918998,846.5459625,1619.4424262624996,1789.0902371474997,DEFL
9.0,86.66666666666667,620,rolled,500.0,210.0,17.0,9.166666666666666,0.9720193555918998,846.5459625,1794.6774404999999,1670.2351840124998,DEFL
9.0,86.66666666666667,690,rolled,583.3333333333333,150.0,17.0,12.333333333333332,0.9576361034761708,880.9254299999998,2120.827972724999,1623.8979376619993,MOMENT
9.0,86.66666666666667,355,welded,583.3333333333333,240.0,17.0,9.166666666666666,0.9452775183545058,932.266,1584.8521999999998,2693.3164739999997,MOMENT
9.0,86.66666666666667,460,welded,500.0,240.0,17.0,9.166666666666666,0.9165861144265914,878.29725,1680.18263925,2323.0962262500007,MOMENT
9.0,86.66666666666667,500,welded,500.0,210.0,17.0,9.166666666666666,1.0058165851869882,806.23425,1691.1569628000002,2014.45689705,MOMENT
9.0,86.66666666666667,550,welded,500.0,210.0,17.0,9.166666666666666,0.9914597427037377,806.23425,2020.6212230345063,2012.9347469418562,DEFL
9.0,86.66666666666667,620,welded,500.0,210.0,17.0,9.166666666666666,0.9914597427037377,806.23425,2301.4075988919,1897.4431653661723,DEFL
9.0,86.66666666666667,690,welded,500.0,120.0,35.0,9.166666666666666,0.9902244507729657,871.9387499999999,3078.3462417292963,2013.8478297290621,MOMENT
9.0,100.0,355,rolled,583.3333333333333,240.0,17.0,9.166666666666666,1.0032697214579547,978.8793,1399.7973989999998,2512.7831631,MOMENT
9.0,100.0,460,rolled,500.0,240.0,17.0,9.166666666666666,1.0009485352759788,922.2121124999999,1477.84491028125,2168.1206764874996,DEFL
9.0,100.0,500,rolled,500.0,240.0,17.0,9.166666666666666,1.0009485352759788,922.2121124999999,1615.7156211,2048.6019867074997,DEFL
9.0,100.0,550,rolled,583.3333333333333,180.0,17.0,12.333333333333332,0.916666076509783,956.5915799999998,1829.9596925399994,2021.6606451719995,MOMENT
9.0,100.0,620,rolled,666.6666666666666,150.0,17.0,12.333333333333332,0.992131485178066,957.1685549999999,2029.1973366,1888.4935590149996,MOMENT
9.0,100.0,690,rolled,583.3333333333333,150.0,21.5,12.333333333333332,0.9015080726462057,972.8375474999998,2342.10639560625,1793.3287350614994,MOMENT
9.0,100.0,355,welded,583.3333333333333,270.0,17.0,9.166666666666666,0.9631738171313682,1004.329,1707.3592999999998,2901.5064809999994,MOMENT
9.0,100.0,460,welded,500.0,240.0,17.0,12.333333333333332,0.9987599560990746,982.5530999999999,1879.6240802999996,2598.8529495,MOMENT
9.0,100.0,500,welded,500.0,210.0,21.5,9.166666666666666,0.9608987656710111,933.9341249999999,1959.0202205999994,2333.5278047249994,MOMENT
9.0,100.0,550,welded,500.0,210.0,21.5,9.166666666666666,0.9574209141916086,933.9341249999999,2364.7934910012746,2347.7346238476744,DEFL
9.0,100.0,620,welded,583.3333333333333,180.0,17.0,12.333333333333332,0.965604631716848,911.0395999999998,2620.5930192614396,2154.7893435206665,MOMENT
9.0,100.0,690,welded,583.3333333333333,180.0,17.0,12.333333333333332,0.908858280907484,911.0395999999998,3096.9506636163997,2053.2726260444792,MOMENT
9.0,113.33333333333334,355,rolled,583.3333333333333,270.0,17.0,9.166666666666666,1.0120306016641214,1054.5454499999998,1507.9999935,2707.018170149999,MOMENT
9.0,113.33333333333334,460,rolled,583.3333333333333,210.0,17.0,12.333333333333332,0.9770387474973071,1032.2577299999998,1654.1930123249997,2426.83792323,MOMENT
9.0,113.33333333333334,500,rolled,583.3333333333333,210.0,17.0,12.333333333333332,0.9144758220591935,1032.2577299999998,1808.51554296,2293.057321422,MOMENT
9.0,113.33333333333334,550,rolled,666.6666666666666,150.0,21.5,12.333333333333332,0.9784466072158254,1049.0806724999998,2006.8913264924995,2217.127093261499,MOMENT
9.0,113.33333333333334,620,rolled,583.3333333333333,180.0,17.0,12.333333333333332,0.9638588747924676,956.5915799999998,2027.9741495999997,1887.3551873399995,MOMENT
9.0,113.33333333333334,690,rolled,583.3333333333333,180.0,17.0,12.333333333333332,0.9494062635668313,956.5915799999998,2302.9942288499997,1763.3809185719995,DEFL
9.0,113.33333333333334,355,welded,666.6666666666666,240.0,17.0,12.333333333333332,0.9722089940120014,1127.7780999999998,1917.2227699999999,3258.150930899999,MOMENT
9.0,113.33333333333334,460,welded,583.3333333333333,210.0,21.5,9.166666666666666,0.9681112300090433,987.9028749999999,1889.8581998749996,2613.0031043749996,MOMENT
9.0,113.33333333333334,500,welded,500.0,240.0,21.5,9.166666666666666,0.9643347313318684,1025.072625,2150.1923382,2561.2464608249998,DEFL
9.0,113.33333333333334,550,welded,583.3333333333333,210.0,17.0,12.333333333333332,0.9513432980852938,983.1025999999998,2481.7674046613597,2466.353928857519,MOMENT
9.0,113.33333333333334,620,welded,583.3333333333333,180.0,21.5,12.333333333333332,0.9106046496235253,1017.6504499999998,2959.03157584914,2423.9147875254316,MOMENT
9.0,113.33333333333334,690,welded,583.3333333333333,150.0,26.0,12.333333333333332,0.9843312146405323,1014.0472999999998,3527.773588426937,2319.7918971524496,MOMENT
9.0,126.66666666666667,355,rolled,666.6666666666666,240.0,17.0,12.333333333333332,0.9955296746165374,1184.167005,1693.35881715,3039.7567018349996,MOMENT
9.0,126.66666666666667,460,rolled,583.3333333333333,210.0,21.5,9.166666666666666,0.9782178232612647,1037.29801875,1662.2700750468746,2438.6876420812505,MOMENT
9.0,126.66666666666667,500,rolled,583.3333333333333,150.0,35.0,9.166666666666666,0.9302281558905564,1127.986125,1976.2316909999997,2505.708378075,MOMENT
9.0,126.66666666666667,550,rolled,583.3333333333333,210.0,17.0,12.333333333333332,0.9495380849836363,1032.2577299999998,1974.7090374899997,2181.5734865819995,MOMENT
9.0,126.66666666666667,620,rolled,583.3333333333333,210.0,17.0,12.333333333333332,0.9442723734605166,1032.2577299999998,2188.3863876,2036.6445012899997,DEFL
9.0,126.66666666666667,690,rolled,583.3333333333333,210.0,17.0,12.333333333333332,0.9442723734605166,1032.2577299999998,2485.1604849749997,1902.8638994819994,DEFL
9.0,126.66666666666667,355,welded,666.6666666666666,210.0,26.0,9.166666666666666,0.978973265914346,1169.5715,1988.2715500000002,3378.8920634999995,MOMENT
9.0,126.66666666666667,460,welded,583.3333333333333,240.0,21.5,9.166666666666666,0.923413208842809,1079.041375,2064.206150375,2854.0644368750004,MOMENT
9.0,126.66666666666667,500,welded,583.3333333333333,240.0,17.0,12.333333333333332,0.9727665038782071,1055.1655999999998,2213.3153625599994,2636.4367681599992,MOMENT
9.0,126.66666666666667,550,welded,666.6666666666666,180.0,21.5,12.333333333333332,0.93412908266964,1090.2629499999996,2780.448730348265,2753.8351936861754,MOMENT
9.0,126.66666666666667,620,welded,583.3333333333333,210.0,17.0,12.333333333333332,0.9768134572443667,983.1025999999998,2827.8812587046395,2325.232631015666,MOMENT
9.0,126.66666666666667,690,welded,583.3333333333333,210.0,17.0,12.333333333333332,0.9631578209297269,983.1025999999998,3341.9186712333994,2215.685967078879,DEFL
9.0,140.0,355,rolled,666.6666666666666,210.0,26.0,9.166666666666666,0.9882149696627656,1228.0500749999999,1756.11160725,3152.4045425249997,MOMENT
9.0,140.0,460,rolled,666.6666666666666,210.0,17.0,12.333333333333332,1.0145905717099437,1108.5008549999998,1776.3726201374993,2606.0855101049997,MOMENT
9.0,140.0,500,rolled,583.3333333333333,240.0,17.0,12.333333333333332,0.974681865948529,1107.9238799999996,1941.0826377599994,2461.142107031999,MOMENT
9.0,140.0,550,rolled,666.6666666666666,180.0,21.5,12.333333333333332,0.9123973357279264,1144.7760974999999,2189.9566745175,2419.3698044564994,MOMENT
9.0,140.0,620,rolled,666.6666666666666,180.0,17.0,12.333333333333332,1.011459161740491,1032.8347049999998,2189.6095745999996,2037.7828729649998,MOMENT
9.0,140.0,690,rolled,583.3333333333333,180.0,21.5,12.333333333333332,1.0029406121736606,1068.5329725,2572.4931312937497,1969.7336815064996,DEFL
9.0,140.0,355,welded,750.0,210.0,21.5,12.333333333333332,1.0090878428112309,1254.0139499999996,2131.8237149999995,3622.846301549998,MOMENT
9.0,140.0,460,welded,666.6666666666666,240.0,17.0,12.333333333333332,0.9688284234801988,1127.7780999999998,2157.439505299999,2982.9730744999993,MOMENT
9.0,140.0,500,welded,666.6666666666666,240.0,17.0,12.333333333333332,0.9060937711355025,1127.7780999999998,2365.6273425599993,2817.8663606599994,MOMENT
9.0,140.0,550,welded,666.6666666666666,210.0,17.0,12.333333333333332,0.9921577865092456,1055.7150999999997,2665.072113316359,2648.5201896925187,MOMENT
9.0,140.0,620,welded,666.6666666666666,180.0,21.5,12.333333333333332,0.9587446507473812,1090.2629499999996,3170.1676101341386,2596.868587633504,MOMENT
9.0,140.0,690,welded,583.3333333333333,210.0,17.0,15.5,1.0053557860667621,1106.0022,3790.6535295388126,2505.8606130229496,DEFL
10.0,20.0,355,rolled,416.66666666666663,150.0,12.5,6.0,0.9301229619945377,502.79249999999996,718.9932749999999,1290.6683474999998,MOMENT
10.0,20.0,460,rolled,500.0,120.0,12.5,9.166666666666666,0.9159044956391078,606.1671875,971.3829179687499,1425.0990578125,MOMENT
10.0,20.0,500,rolled,416.66666666666663,120.0,12.5,12.333333333333332,0.9681848627151728,645.4335416666665,1130.7995649999998,1433.7660694583328,MOMENT
10.0,20.0,550,rolled,416.66666666666663,120.0,12.5,12.333333333333332,0.9427169549685263,645.4335416666665,1234.7143652083332,1364.059246958333,MOMENT
10.0,20.0,620,rolled,416.66666666666663,120.0,12.5,9.166666666666666,1.0100377158014517,543.2036458333333,1151.5917291666667,1071.740793229167,MOMENT
10.0,20.0,690,rolled,416.66666666666663,120.0,12.5,9.166666666666666,0.9860246607585744,543.2036458333333,1307.76277734375,1001.3416007291667,MOMENT
10.0,20.0,355,welded,416.66666666666663,150.0,12.5,9.166666666666666,0.969524826985184,576.2118055555555,979.5600694444445,1664.6759062499998,MOMENT
10.0,20.0,460,welded,416.66666666666663,120.0,17.0,9.166666666666666,0.9374490807381868,595.6405555555555,1139.4603827777776,1575.4692694444443,MOMENT
10.0,20.0,500,welded,500.0,120.0,12.5,9.166666666666666,1.0092415074679304,577.3020833333333,1210.9488499999998,1442.4469854166662,MOMENT
10.0,20.0,550,welded,500.0,120.0,12.5,9.166666666666666,0.9817804024655136,577.3020833333333,1431.9483140546872,1431.4853177838536,MOMENT
10.0,20.0,620,welded,333.3333333333333,180.0,17.0,6.0,0.9300980679002115,621.406,1760.1593397391998,1455.16468400125,DEFL
10.0,20.0,690,welded,416.66666666666663,120.0,12.5,12.333333333333332,1.007889748772091,614.6986111111111,2065.1330402016497,1374.9731900636805,MOMENT
10.0,33.333333333333336,355,rolled,416.66666666666663,180.0,17.0,6.0,0.938088665266771,693.6888,991.974984,1780.6991496,MOMENT
10.0,33.333333333333336,460,rolled,500.0,150.0,12.5,9.166666666666666,0.9953751541232836,667.9859375,1070.4474648437497,1570.4349390624998,MOMENT
10.0,33.333333333333336,500,rolled,500.0,150.0,12.5,9.166666666666666,0.9577605806518297,667.9859375,1170.3113624999996,1483.8639615624998,MOMENT
10.0,33.333333333333336,550,rolled,500.0,150.0,12.5,9.166666666666666,0.9199306161018413,667.9859375,1277.8570984374999,1411.7214803124998,MOMENT
10.0,33.333333333333336,620,rolled,416.66666666666663,120.0,26.0,9.166666666666666,0.9194170358524005,789.8604583333332,1674.5041716666665,1558.3946842916664,DEFL
10.0,33.333333333333336,690,rolled,416.66666666666663,120.0,26.0,9.166666666666666,0.9194170358524005,789.8604583333332,1901.5890534375,1456.0287688916665,DEFL
10.0,33.333333333333336,355,welded,500.0,180.0,12.5,9.166666666666666,1.0014021370776351,695.0520833333331,1181.5885416666665,2008.005468749999,MOMENT
10.0,33.333333333333336,460,welded,416.66666666666663,120.0,26.0,9.166666666666666,1.010709082757887,752.2480555555555,1439.0505302777774,1989.6961069444444,MOMENT
10.0,33.333333333333336,500,welded,500.0,120.0,21.5,9.166666666666666,1.0017172716201683,733.9095833333332,1539.448742,1833.7464849166663,MOMENT
10.0,33.333333333333336,550,welded,500.0,120.0,21.5,9.166666666666666,0.9659402201054689,733.9095833333332,1858.31586960175,1844.9105707164163,MOMENT
10.0,33.333333333333336,620,welded,500.0,120.0,21.5,9.166666666666666,0.9265796663790169,733.9095833333332,2117.8704796253332,1739.467848250347,MOMENT
10.0,33.333333333333336,690,welded,416.66666666666663,120.0,26.0,9.166666666666666,0.9378053765694485,752.2480555555555,2595.944991932066,1711.9157618260135,DEFL
10.0,46.66666666666667,355,rolled,500.0,180.0,17.0,9.166666666666666,0.9890152178354612,856.5331249999999,1224.84236875,2198.7205318749993,MOMENT
10.0,46.66666666666667,460,rolled,500.0,180.0,12.5,12.333333333333332,0.9635534245362104,853.785625,1368.1914640625,2007.2500043750001,MOMENT
10.0,46.66666666666667,500,rolled,500.0,180.0,12.5,9.166666666666666,1.0151982281136207,729.8046874999999,1278.6178125,1621.1881328124998,DEFL
10.0,46.66666666666667,550,rolled,500.0,150.0,17.0,9.166666666666666,0.9816943101098101,772.459625,1477.7152626249997,1632.5161714749997,MOMENT
10.0,46.66666666666667,620,rolled,500.0,150.0,17.0,9.166666666666666,0.9459277483501524,772.459625,1637.614405,1524.062840125,DEFL
10.0,46.66666666666667,690,rolled,583.3333333333333,150.0,12.5,12.333333333333332,0.9404082803650446,876.6814583333332,2110.6106109375,1616.0746002916665,MOMENT
10.0,46.66666666666667,355,welded,583.3333333333333,210.0,12.5,9.166666666666666,0.9504088740022015,813.892361111111,1383.6170138888888,2351.3350312499992,MOMENT
10.0,46.66666666666667,460,welded,500.0,180.0,17.0,9.166666666666666,0.9233402113046947,815.7458333333332,1560.5217791666664,2157.6477291666665,MOMENT
10.0,46.66666666666667,500,welded,500.0,150.0,21.5,9.166666666666666,0.9503233021853654,835.1745833333332,1751.8622059999996,2086.7672139166666,MOMENT
10.0,46.66666666666667,550,welded,500.0,150.0,21.5,9.166666666666666,0.9033887678552853,835.1745833333332,2114.72668751275,2099.4717226434163,MOMENT
10.0,46.66666666666667,620,welded,500.0,150.0,17.0,12.333333333333332,1.0004282429268572,851.5156666666666,2449.3732345536,2014.003435607222,MOMENT
10.0,46.66666666666667,690,welded,500.0,150.0,17.0,12.333333333333332,0.9595552599626628,851.5156666666666,2894.607445124333,1919.119442244533,MOMENT
10.0,60.0,355,rolled,583.3333333333333,210.0,12.5,12.333333333333332,1.0070167957767655,1000.3189583333332,1430.4561104166662,2567.818766041666,MOMENT
10.0,60.0,460,rolled,583.3333333333333,150.0,21.5,9.166666666666666,0.9482024054702,939.8968541666666,1506.1847088020834,2209.6975041458336,MOMENT
10.0,60.0,500,rolled,583.3333333333333,180.0,12.5,12.333333333333332,0.9751187480905453,938.5002083333331,1644.2523649999996,2084.7843627916664,MOMENT
10.0,60.0,550,rolled,500.0,210.0,17.0,9.166666666666666,0.9230953044557453,940.6066249999999,1799.380473625,1987.8780412749998,DEFL
10.0,60.0,620,rolled,500.0,120.0,30.5,9.166666666666666,0.9795519236036535,935.0429374999999,1982.2910274999997,1844.8397156874996,MOMENT
10.0,60.0,690,rolled,500.0,120.0,30.5,9.166666666666666,0.9729573551555178,935.0429374999999,2251.11587203125,1723.6581509874998,DEFL
10.0,60.0,355,welded,583.3333333333333,210.0,17.0,9.166666666666666,0.9727647387813443,955.781111111111,1624.8278888888888,2761.2516299999997,MOMENT
10.0,60.0,460,welded,500.0,210.0,17.0,9.166666666666666,0.9607517720859973,895.8158333333332,1713.6956891666662,2369.432879166666,MOMENT
10.0,60.0,500,welded,500.0,210.0,17.0,9.166666666666666,0.9415572105448602,895.8158333333332,1879.0632919999996,2238.285441166666,DEFL
10.0,60.0,550,welded,500.0,210.0,17.0,9.166666666666666,0.9415572105448602,895.8158333333332,2245.134692260562,2236.5941632687286,DEFL
10.0,60.0,620,welded,500.0,210.0,17.0,9.166666666666666,0.9415572105448602,895.8158333333332,2557.1195543243334,2108.2701837401905,DEFL
10.0,60.0,690,welded,500.0,180.0,17.0,12.333333333333332,1.0085549090662356,931.5856666666665,3166.794120254333,2099.578710060533,DEFL
10.0,73.33333333333334,355,rolled,583.3333333333333,240.0,17.0,9.166666666666666,0.9303545234118002,1087.6436666666666,1555.3304433333333,2791.981292333333,MOMENT
10.0,73.33333333333334,460,rolled,500.0,240.0,17.0,9.166666666666666,1.0068983893951322,1024.6801249999999,1642.0499003124999,2409.0229738749995,DEFL
10.0,73.33333333333334,500,rolled,666.6666666666666,180.0,12.5,12.333333333333332,1.0108066514399214,1023.2147916666665,1792.6723149999998,2272.969338208333,MOMENT
10.0,73.33333333333334,550,rolled,583.3333333333333,150.0,21.5,12.333333333333332,0.9994747741820248,1080.930608333333,2067.820253741666,2284.4387476516663,MOMENT
10.0,73.33333333333334,620,rolled,666.6666666666666,150.0,17.0,12.333333333333332,1.0161098877476002,1063.5206166666665,2254.663707333333,2098.326176683333,MOMENT
10.0,73.33333333333334,690,rolled,583.3333333333333,150.0,21.5,12.333333333333332,0.9120030978433041,1080.930608333333,2602.3404395625,1992.5874834016663,MOMENT
10.0,73.33333333333334,355,welded,583.3333333333333,240.0,17.0,9.166666666666666,1.0185571911777944,1035.851111111111,1760.946888888889,2992.5738599999995,MOMENT
10.0,73.33333333333334,460,welded,583.3333333333333,180.0,21.5,9.166666666666666,0.9984564887571842,996.404861111111,1906.122499305555,2635.490857638889,MOMENT
10.0,73.33333333333334,500,welded,500.0,210.0,21.5,9.166666666666666,0.9631120307368721,1037.7045833333332,2176.6891339999997,2592.808671916666,DEFL
10.0,73.33333333333334,550,welded,583.3333333333333,180.0,17.0,12.333333333333332,1.0184614252968895,1012.2662222222219,2555.3887408606215,2539.518026122132,MOMENT
10.0,73.33333333333334,620,welded,583.3333333333333,180.0,17.0,12.333333333333332,0.9550611968059087,1012.2662222222219,2911.7700214015995,2394.210381689629,MOMENT
10.0,73.33333333333334,690,welded,583.3333333333333,180.0,17.0,12.333333333333332,0.905760044384392,1012.2662222222219,3441.05629290711,2281.4140289383104,MOMENT
10.0,86.66666666666667,355,rolled,583.3333333333333,270.0,17.0,9.166666666666666,0.974185640576298,1171.7171666666666,1675.5555483333333,3007.797966833333,MOMENT
10.0,86.66666666666667,460,rolled,583.3333333333333,210.0,17.0,12.333333333333332,0.9637781754447117,1146.9530333333332,1837.9922359166662,2696.4865813666665,MOMENT
10.0,86.66666666666667,500,rolled,583.3333333333333,210.0,17.0,12.333333333333332,0.9059266762030955,1146.9530333333332,2009.4617144,2547.8414682466664,MOMENT
10.0,86.66666666666667,550,rolled,666.6666666666666,180.0,17.0,12.333333333333332,0.9020311583800142,1147.5941166666664,2195.3475451833333,2425.325406163333,MOMENT
10.0,86.66666666666667,620,rolled,583.3333333333333,180.0,17.0,12.333333333333332,0.9959074821567665,1062.8795333333333,2253.3046106666666,2097.061319266667,DEFL
10.0,86.66666666666667,690,rolled,583.3333333333333,180.0,17.0,12.333333333333332,0.9959074821567665,1062.8795333333333,2558.8824765000004,1959.3121317466664,DEFL
10.0,86.66666666666667,355,welded,583.3333333333333,240.0,21.5,9.166666666666666,1.0014827544946896,1198.934861111111,2038.189263888889,3463.7228137499997,MOMENT
10.0,86.66666666666667,460,welded,583.3333333333333,210.0,21.5,9.166666666666666,0.9558049398047929,1097.669861111111,2099.8424443055555,2903.3367826388894,MOMENT
10.0,86.66666666666667,500,welded,583.3333333333333,210.0,17.0,12.333333333333332,1.0185754335230452,1092.336222222222,2291.2844597333333,2729.3112848444434,MOMENT
10.0,86.66666666666667,550,welded,583.3333333333333,210.0,17.0,12.333333333333332,0.9544457689384462,1092.336222222222,2757.5193385126213,2740.3932542861326,MOMENT
10.0,86.66666666666667,620,welded,583.3333333333333,210.0,17.0,12.333333333333332,0.903981782693412,1092.336222222222,3142.0902874495996,2583.591812239629,DEFL
10.0,86.66666666666667,690,welded,583.3333333333333,210.0,17.0,12.333333333333332,0.903981782693412,1092.336222222222,3713.2429680371106,2461.8732967543106,DEFL
10.0,100.0,355,rolled,666.6666666666666,240.0,17.0,12.333333333333332,0.9966824022065063,1315.7411166666666,1881.5097968333332,3377.507446483333,MOMENT
10.0,100.0,460,rolled,583.3333333333333,210.0,21.5,9.166666666666666,0.9891552689332197,1152.5533541666666,1846.9667500520832,2709.6529356458327,MOMENT
10.0,100.0,500,rolled,583.3333333333333,240.0,17.0,12.333333333333332,0.9211805372065885,1231.0265333333332,2156.7584864,2734.6023411466663,DEFL
10.0,100.0,550,rolled,583.3333333333333,180.0,21.5,12.333333333333332,1.0122678091269586,1187.2588583333331,2271.226195991667,2509.1528712016666,MOMENT
10.0,100.0,620,rolled,666.6666666666666,180.0,17.0,12.333333333333332,0.9788862004209963,1147.5941166666664,2432.8995273333335,2264.203192183333,MOMENT
10.0,100.0,690,rolled,583.3333333333333,180.0,21.5,12.333333333333332,0.9826970528842451,1187.2588583333331,2858.3257014374994,2188.5929794516665,DEFL
10.0,100.0,355,welded,666.6666666666666,210.0,26.0,9.166666666666666,0.9882324462689234,1299.523888888889,2209.190611111111,3754.324515,MOMENT
10.0,100.0,460,welded,583.3333333333333,240.0,21.5,9.166666666666666,0.9326830169703666,1198.934861111111,2293.5623893055554,3171.1827076388886,MOMENT
10.0,100.0,500,welded,583.3333333333333,240.0,17.0,12.333333333333332,0.990205164943931,1172.4062222222221,2459.2392917333336,2929.374186844444,MOMENT
10.0,100.0,550,welded,666.6666666666666,210.0,17.0,12.333333333333332,0.933350261361406,1173.0167777777774,2961.1912370181767,2942.8002107694656,MOMENT
10.0,100.0,620,welded,666.6666666666666,180.0,21.5,12.333333333333332,0.9209574652282263,1211.4032777777775,3522.4084557045994,2885.4095418150055,MOMENT
10.0,100.0,690,welded,583.3333333333333,180.0,21.5,12.333333333333332,1.014745762816274,1130.722722222222,3888.704343770705,2567.5463889924354,MOMENT
10.0,113.33333333333334,355,rolled,666.6666666666666,210.0,26.0,9.166666666666666,1.0152372624307437,1364.5000833333334,1951.2351191666667,3502.6717139166667,MOMENT
10.0,113.33333333333334,460,rolled,583.3333333333333,240.0,21.5,9.166666666666666,0.9585841796810104,1258.8816041666666,2017.3577706770832,2959.6306513958334,MOMENT
10.0,113.33333333333334,500,rolled,666.6666666666666,210.0,17.0,12.333333333333332,1.0008507487674183,1231.6676166666664,2157.8816643999994,2736.0264436633324,MOMENT
10.0,113.33333333333334,550,rolled,666.6666666666666,210.0,17.0,12.333333333333332,0.9366988166399518,1231.6676166666664,2356.1801506833326,2603.0063410633325,MOMENT
10.0,113.33333333333334,620,rolled,666.6666666666666,180.0,21.5,12.333333333333332,0.9169277311257954,1271.9734416666663,2696.5836963333327,2509.6036004083326,MOMENT
10.0,113.33333333333334,690,rolled,583.3333333333333,150.0,30.5,12.333333333333332,1.0175737142739891,1285.1797583333332,3094.0702681874996,2369.1003665116664,DEFL
10.0,113.33333333333334,355,welded,750.0,270.0,17.0,12.333333333333332,0.9407032670540231,1413.8373333333332,2403.5234666666665,4084.576055999999,MOMENT
10.0,113.33333333333334,460,welded,666.6666666666666,240.0,17.0,12.333333333333332,1.0103371397658816,1253.0867777777776,2397.1550058888884,3314.414527222222,MOMENT
10.0,113.33333333333334,500,welded,666.6666666666666,240.0,17.0,12.333333333333332,0.9479745286248076,1253.0867777777776,2628.474825066666,3130.962622955555,MOMENT
10.0,113.33333333333334,550,welded,666.6666666666666,180.0,26.0,12.333333333333332,0.9549504125011959,1329.8597777777775,3425.8341528912765,3381.7599401361654,MOMENT
10.0,113.33333333333334,620,welded,583.3333333333333,210.0,21.5,12.333333333333332,1.0037811762196776,1231.9877222222221,3582.262034192599,2934.439087551348,DEFL
10.0,113.33333333333334,690,welded,583.3333333333333,210.0,21.5,12.333333333333332,1.0037811762196776,1231.9877222222221,4236.968014105392,2797.490105494686,DEFL
10.0,126.66666666666667,355,rolled,750.0,270.0,17.0,12.333333333333332,0.9638663864393118,1484.5291999999997,2122.8767559999997,3810.7864563999988,MOMENT
10.0,126.66666666666667,460,rolled,666.6666666666666,240.0,17.0,12.333333333333332,1.0170729464992907,1315.7411166666666,2108.475139458333,3093.307365283333,MOMENT
10.0,126.66666666666667,500,rolled,666.6666666666666,240.0,17.0,12.333333333333332,0.9512877673002623,1315.7411166666666,2305.1784364,2922.787316563333,MOMENT
10.0,126.66666666666667,550,rolled,666.6666666666666,180.0,26.0,12.333333333333332,0.93910568047149,1396.3527666666664,2671.2228426333327,2951.051937073333,MOMENT
10.0,126.66666666666667,620,rolled,666.6666666666666,210.0,17.0,12.333333333333332,0.9677716475524422,1231.6676166666664,2611.1353473333324,2430.080207683333,MOMENT
10.0,126.66666666666667,690,rolled,583.3333333333333,240.0,21.5,12.333333333333332,0.98520897413573,1399.9153583333332,3370.2962251875,2580.603971551666,DEFL
10.0,126.66666666666667,355,welded,750.0,240.0,21.5,12.333333333333332,1.0099675081235702,1494.613833333333,2540.8435166666663,4317.939364499999,MOMENT
10.0,126.66666666666667,460,welded,750.0,240.0,17.0,12.333333333333332,0.9702793898377067,1333.7673333333332,2551.496908666666,3527.8145966666666,MOMENT
10.0,126.66666666666667,500,welded,666.6666666666666,240.0,17.0,15.5,0.9958896848397358,1410.3571666666664,2958.3651927999995,3523.918416633332,MOMENT
10.0,126.66666666666667,550,welded,666.6666666666666,210.0,21.5,12.333333333333332,0.9897039438284081,1312.6682777777776,3347.6390684611147,3315.5965732669038,MOMENT
10.0,126.66666666666667,620,welded,666.6666666666666,210.0,21.5,12.333333333333332,0.9143287970289176,1312.6682777777776,3816.857627842599,3126.609976560318,MOMENT
10.0,126.66666666666667,690,welded,666.6666666666666,210.0,17.0,15.5,0.9722136013072603,1330.2871666666665,4559.355979242343,3014.0213237911244,MOMENT
10.0,140.0,355,rolled,750.0,240.0,21.5,12.333333333333332,1.0167167690899601,1569.3445249999997,2244.1626707499995,4028.507395674999,MOMENT
10.0,140.0,460,rolled,750.0,240.0,17.0,12.333333333333332,0.9643417182603712,1400.4556999999998,2244.2302592499996,3292.4713506999997,MOMENT
10.0,140.0,500,rolled,583.3333333333333,210.0,30.5,9.166666666666666,0.9771969212834616,1450.5197291666664,2541.3105654999995,3222.184526370833,DEFL
10.0,140.0,550,rolled,666.6666666666666,210.0,21.5,12.333333333333332,0.9708879678892866,1378.3016916666666,2636.691136158333,2912.902795168333,MOMENT
10.0,140.0,620,rolled,666.6666666666666,180.0,26.0,12.333333333333332,0.966111612116054,1396.3527666666664,2960.267865333333,2755.004008633333,MOMENT
10.0,140.0,690,rolled,666.6666666666666,210.0,17.0,15.5,0.9843950147722671,1396.8015249999996,3362.7996714375,2574.8639311849993,DEFL
10.0,140.0,355,welded,750.0,270.0,21.5,12.333333333333332,0.9841102090987879,1595.8788333333332,2712.994016666667,4610.4939495,MOMENT
10.0,140.0,460,welded,583.3333333333333,300.0,21.5,9.166666666666666,1.007814333015783,1401.464861111111,2681.002279305555,3706.8745576388887,MOMENT
10.0,140.0,500,welded,666.6666666666666,240.0,21.5,12.333333333333332,0.9846456939340823,1413.9332777777774,2965.866443466666,3532.853687855555,MOMENT
10.0,140.0,550,welded,666.6666666666666,240.0,21.5,12.333333333333332,0.9155658342319264,1413.9332777777774,3605.8906587574893,3571.3762646602786,MOMENT
10.0,140.0,620,welded,666.6666666666666,210.0,21.5,12.333333333333332,1.0105739335582773,1312.6682777777776,3816.857627842599,3126.609976560318,MOMENT
10.0,140.0,690,welded,750.0,210.0,17.0,15.5,0.9291017245199924,1431.683,4906.874703441562,3243.75307755675,MOMENT
11.0,20.0,355,rolled,416.66666666666663,180.0,12.5,6.0,0.9457765001004415,621.072375,888.13349625,1594.2927866249997,DEFL
11.0,20.0,460,rolled,416.66666666666663,150.0,12.5,9.166666666666666,1.0160035667382383,665.5246354166667,1066.5032282552083,1564.6484178645833,DEFL
11.0,20.0,500,rolled,416.66666666666663,150.0,12.5,9.166666666666666,1.0160035667382383,665.5246354166667,1165.99916125,1478.396425114583,DEFL
11.0,20.0,550,rolled,416.66666666666663,150.0,12.5,9.166666666666666,1.0160035667382383,665.5246354166667,1273.1486275520836,1406.5197644895832,DEFL
11.0,20.0,620,rolled,416.66666666666663,150.0,12.5,9.166666666666666,1.0160035667382383,665.5246354166667,1410.9122270833336,1313.0801056770833,DEFL
11.0,20.0,690,rolled,416.66666666666663,150.0,12.5,9.166666666666666,1.0160035667382383,665.5246354166667,1602.2505597656252,1226.828112927083,DEFL
11.0,20.0,355,welded,416.66666666666663,180.0,12.5,9.166666666666666,0.9592247932593239,698.5954861111111,1187.6123263888887,2018.242359375,MOMENT
11.0,20.0,460,welded,500.0,150.0,12.5,9.166666666666666,0.9048919825880284,699.7947916666666,1338.7074364583332,1850.957223958333,MOMENT
11.0,20.0,500,welded,416.66666666666663,150.0,12.5,12.333333333333332,0.9856401002614908,740.9309722222221,1554.176807333333,1851.290127194444,MOMENT
11.0,20.0,550,welded,500.0,120.0,17.0,9.166666666666666,0.9943237727235712,721.1664166666666,1807.4203209010434,1800.544864517827,MOMENT
11.0,20.0,620,welded,500.0,120.0,17.0,9.166666666666666,0.9633139534318985,721.1664166666666,2058.5802096379666,1697.2390944638973,MOMENT
11.0,20.0,690,welded,416.66666666666663,150.0,12.5,12.333333333333332,0.9598792842222089,740.9309722222221,2489.221552785096,1657.3328848944232,DEFL
11.0,33.333333333333336,355,rolled,500.0,210.0,12.5,9.166666666666666,0.9336274045579145,870.7857812499999,1245.2236671875,2235.30710046875,MOMENT
11.0,33.333333333333336,460,rolled,500.0,180.0,12.5,9.166666666666666,0.9651634582994494,802.7851562499999,1286.4632128906248,1887.3479023437499,DEFL
11.0,33.333333333333336,500,rolled,500.0,180.0,12.5,9.166666666666666,0.9651634582994494,802.7851562499999,1406.4795937499998,1783.3069460937497,DEFL
11.0,33.333333333333336,550,rolled,500.0,150.0,17.0,9.166666666666666,0.9330985144064508,849.7055875,1625.4867888874996,1795.7677886224997,MOMENT
11.0,33.333333333333336,620,rolled,583.3333333333333,150.0,12.5,12.333333333333332,0.9476225187808494,964.3496041666665,2044.4211608333333,1902.6617690208327,MOMENT
11.0,33.333333333333336,690,rolled,583.3333333333333,150.0,12.5,12.333333333333332,0.924653816294427,964.3496041666665,2321.6716720312497,1777.6820603208328,MOMENT
11.0,33.333333333333336,355,welded,500.0,180.0,17.0,9.166666666666666,1.0062270294254145,897.3204166666666,1525.4447083333332,2592.3586837499993,MOMENT
11.0,33.333333333333336,460,welded,500.0,180.0,12.5,12.333333333333332,1.0194776699015662,894.4420833333331,1711.0677054166665,2365.7993104166662,MOMENT
11.0,33.333333333333336,500,welded,500.0,180.0,12.5,12.333333333333332,0.9759119616900518,894.4420833333331,1876.1817139999998,2234.8529894166663,MOMENT
11.0,33.333333333333336,550,welded,500.0,150.0,17.0,12.333333333333332,1.00127334380717,936.6672333333332,2364.544869173373,2349.8594256222796,MOMENT
11.0,33.333333333333336,620,welded,500.0,150.0,17.0,9.166666666666666,1.0146504586727942,809.2434166666666,2309.997309677567,1904.525130347335,MOMENT
11.0,33.333333333333336,690,welded,500.0,150.0,17.0,12.333333333333332,0.9235586855535931,936.6672333333332,3184.068189636767,2111.0313864689865,MOMENT
11.0,46.66666666666667,355,rolled,583.3333333333333,210.0,12.5,12.333333333333332,0.9887177962592614,1100.3508541666665,1573.5017214583331,2824.6006426458325,MOMENT
11.0,46.66666666666667,460,rolled,583.3333333333333,150.0,21.5,9.166666666666666,0.9653017609729443,1033.8865395833332,1656.803179682291,2430.6672545604165,MOMENT
11.0,46.66666666666667,500,rolled,583.3333333333333,180.0,12.5,12.333333333333332,1.000365691659275,1032.3502291666666,1808.6776015000003,2293.262799070833,MOMENT
11.0,46.66666666666667,550,rolled,500.0,210.0,17.0,9.166666666666666,0.9556087724015755,1034.6672875,1979.3185209874998,2186.6658454024996,DEFL
11.0,46.66666666666667,620,rolled,500.0,120.0,30.5,9.166666666666666,1.0072270753315513,1028.5472312499999,2180.52013025,2029.3236872562497,DEFL
11.0,46.66666666666667,690,rolled,500.0,120.0,30.5,9.166666666666666,1.0072270753315513,1028.5472312499999,2476.2274592343747,1896.0239660862494,DEFL
11.0,46.66666666666667,355,welded,583.3333333333333,210.0,17.0,9.166666666666666,0.9540632892572233,1051.3592222222221,1787.3106777777778,3037.376792999999,MOMENT
11.0,46.66666666666667,460,welded,500.0,210.0,17.0,9.166666666666666,0.9747209478496071,985.3974166666666,1885.0652580833328,2606.3761670833337,DEFL
11.0,46.66666666666667,500,welded,500.0,210.0,17.0,9.166666666666666,0.9747209478496071,985.3974166666666,2066.9696211999994,2462.1139852833335,DEFL
11.0,46.66666666666667,550,welded,500.0,210.0,17.0,9.166666666666666,0.9747209478496071,985.3974166666666,2469.648161486619,2460.2535795956023,DEFL
11.0,46.66666666666667,620,welded,500.0,210.0,17.0,9.166666666666666,0.9747209478496071,985.3974166666666,2812.8315097567665,2319.0972021142106,DEFL
11.0,46.66666666666667,690,welded,500.0,120.0,35.0,9.166666666666666,0.9378521998590567,1065.7029166666664,3762.4231843358066,2461.3695696688537,MOMENT
11.0,60.0,355,rolled,583.3333333333333,240.0,17.0,9.166666666666666,0.9451220608845978,1196.4080333333334,1710.8634876666667,3071.179421566666,MOMENT
11.0,60.0,460,rolled,583.3333333333333,180.0,21.5,9.166666666666666,0.9259304817518693,1150.8476145833333,1844.2333023697915,2705.642741885417,MOMENT
11.0,60.0,500,rolled,583.3333333333333,180.0,17.0,12.333333333333332,1.0099309957802898,1169.1674866666665,2048.3814366399993,2597.1886548813327,MOMENT
11.0,60.0,550,rolled,583.3333333333333,180.0,17.0,12.333333333333332,0.9617157891697566,1169.1674866666665,2236.6174019933324,2470.918566321333,MOMENT
11.0,60.0,620,rolled,583.3333333333333,180.0,17.0,12.333333333333332,0.9176904406735311,1169.1674866666665,2478.635071733333,2306.767451193333,DEFL
11.0,60.0,690,rolled,583.3333333333333,180.0,17.0,12.333333333333332,0.9176904406735311,1169.1674866666665,2814.7707241499998,2155.2433449213327,DEFL
11.0,60.0,355,welded,583.3333333333333,210.0,21.5,9.166666666666666,1.0176639118551833,1207.436847222222,2052.6426402777774,3488.2850516249996,MOMENT
11.0,60.0,460,welded,583.3333333333333,210.0,17.0,12.333333333333332,0.9562338656015468,1201.5698444444442,2298.6031124222222,3178.1522385555545,MOMENT
11.0,60.0,500,welded,583.3333333333333,210.0,17.0,12.333333333333332,0.9053691975551973,1201.5698444444442,2520.4129057066666,3002.242413328888,MOMENT
11.0,60.0,550,welded,666.6666666666666,180.0,17.0,12.333333333333332,0.9389594812799932,1202.2414555555554,3034.966703302795,3016.1174808660126,MOMENT
11.0,60.0,620,welded,583.3333333333333,150.0,26.0,12.333333333333332,0.9869448162849778,1239.3911444444443,3642.4862949243993,2972.74033847478,MOMENT
11.0,60.0,690,welded,583.3333333333333,180.0,17.0,12.333333333333332,0.9885014759416293,1113.4928444444442,3785.1619221978212,2509.555431832141,MOMENT
11.0,73.33333333333334,355,rolled,583.3333333333333,270.0,17.0,9.166666666666666,1.0181872829192231,1288.8888833333333,1843.111103166667,3308.5777635166664,MOMENT
11.0,73.33333333333334,460,rolled,583.3333333333333,210.0,21.5,9.166666666666666,0.913759775095633,1267.8086895833335,2031.663425057292,2980.618229210417,MOMENT
11.0,73.33333333333334,500,rolled,583.3333333333333,210.0,17.0,12.333333333333332,0.9981295083268663,1261.6483366666664,2210.4078858399994,2802.6256150713325,DEFL
11.0,73.33333333333334,550,rolled,583.3333333333333,210.0,17.0,12.333333333333332,0.9981295083268663,1261.6483366666664,2413.533268043333,2666.3675947113325,DEFL
11.0,73.33333333333334,620,rolled,583.3333333333333,210.0,17.0,12.333333333333332,0.9981295083268663,1261.6483366666664,2674.6944737333333,2489.2321682433326,DEFL
11.0,73.33333333333334,690,rolled,583.3333333333333,210.0,17.0,12.333333333333332,0.9981295083268663,1261.6483366666664,3037.4183705249993,2325.7225438113323,DEFL
11.0,73.33333333333334,355,welded,666.6666666666666,240.0,17.0,12.333333333333332,1.0081786369583403,1378.3954555555554,2343.272274444444,3982.184471099999,MOMENT
11.0,73.33333333333334,460,welded,583.3333333333333,240.0,17.0,12.333333333333332,0.978395424729147,1289.6468444444442,2467.094413422222,3411.115903555555,MOMENT
11.0,73.33333333333334,500,welded,583.3333333333333,240.0,17.0,12.333333333333332,0.9202552858843323,1289.6468444444442,2705.1632209066665,3222.3116055288883,MOMENT
11.0,73.33333333333334,550,welded,666.6666666666666,180.0,21.5,12.333333333333332,0.9460170604915793,1332.5436055555554,3398.326225981213,3365.7985700608815,MOMENT
11.0,73.33333333333334,620,welded,583.3333333333333,210.0,17.0,12.333333333333332,1.0180920984934037,1201.5698444444442,3456.2993161945597,2841.9509934635917,DEFL
11.0,73.33333333333334,690,welded,583.3333333333333,210.0,17.0,12.333333333333332,1.0180920984934037,1201.5698444444442,4084.5672648408217,2708.060626429741,DEFL
11.0,86.66666666666667,355,rolled,666.6666666666666,210.0,26.0,9.166666666666666,0.9676314912952811,1500.9500916666666,2146.358631083333,3852.938885308333,MOMENT
11.0,86.66666666666667,460,rolled,583.3333333333333,240.0,21.5,9.166666666666666,0.93714907931951,1384.7697645833334,2219.093547744792,3255.5937165354167,DEFL
11.0,86.66666666666667,500,rolled,666.6666666666666,210.0,17.0,12.333333333333332,0.9811442450863741,1354.834378333333,2373.669830839999,3009.6290880296656,MOMENT
11.0,86.66666666666667,550,rolled,666.6666666666666,210.0,17.0,12.333333333333332,0.9241779254348457,1354.834378333333,2591.7981657516657,2863.3069751696653,MOMENT
11.0,86.66666666666667,620,rolled,666.6666666666666,180.0,21.5,12.333333333333332,0.925959599674407,1399.1707858333332,2966.2420659666664,2760.563960449166,MOMENT
11.0,86.66666666666667,690,rolled,583.3333333333333,210.0,21.5,12.333333333333332,1.0016393132715733,1422.9458191666663,3425.7420596437496,2623.0583230518328,DEFL
11.0,86.66666666666667,355,welded,750.0,210.0,21.5,12.333333333333332,1.017255855730783,1532.6837166666664,2605.562318333333,4427.923257449998,MOMENT
11.0,86.66666666666667,460,welded,583.3333333333333,240.0,21.5,9.166666666666666,1.0155520413253736,1318.828347222222,2522.9186282361106,3488.3009784027777,MOMENT
11.0,86.66666666666667,500,welded,666.6666666666666,240.0,17.0,12.333333333333332,0.9211665793731244,1378.3954555555554,2891.322307573333,3444.0588852511105,MOMENT
11.0,86.66666666666667,550,welded,666.6666666666666,180.0,26.0,12.333333333333332,0.9507129923531923,1462.8457555555553,3768.4175681804045,3719.9359341497825,MOMENT
11.0,86.66666666666667,620,welded,666.6666666666666,210.0,17.0,15.5,0.9259011379443713,1463.3158833333332,4241.359628574565,3478.2035381474216,MOMENT
11.0,86.66666666666667,690,welded,583.3333333333333,180.0,26.0,12.333333333333332,1.014175317408406,1374.0971444444442,4780.352567482784,3143.4622641197716,DEFL
11.0,100.0,355,rolled,583.3333333333333,300.0,21.5,9.166666666666666,0.9994184916333199,1618.691914583333,2314.729437854166,4155.182144735416,MOMENT
11.0,100.0,460,rolled,666.6666666666666,240.0,17.0,12.333333333333332,1.009507635895075,1447.3152283333332,2319.3226534041664,3402.6381018116667,MOMENT
11.0,100.0,500,rolled,666.6666666666666,240.0,17.0,12.333333333333332,0.9477105330126286,1447.3152283333332,2535.69628004,3215.0660482196663,MOMENT
11.0,100.0,550,rolled,666.6666666666666,180.0,26.0,12.333333333333332,0.9616764115841415,1535.9880433333328,2938.3451268966655,3246.1571307806653,MOMENT
11.0,100.0,620,rolled,666.6666666666666,210.0,17.0,12.333333333333332,0.9975662719552202,1354.834378333333,2872.2488820666663,2673.0882284516656,DEFL
11.0,100.0,690,rolled,666.6666666666666,210.0,17.0,15.5,0.9358784033299196,1536.4816774999997,3699.079638581249,2832.3503243034993,DEFL
11.0,100.0,355,welded,750.0,240.0,21.5,12.333333333333332,0.9989375382222463,1644.0752166666664,2794.9278683333328,4749.733300949998,MOMENT
11.0,100.0,460,welded,583.3333333333333,270.0,21.5,9.166666666666666,1.0124287889329737,1430.2198472222221,2736.010567736111,3782.931495902778,MOMENT
11.0,100.0,500,welded,666.6666666666666,240.0,17.0,15.5,1.0014438125612903,1551.3928833333332,3254.20171208,3876.3102582966667,MOMENT
11.0,100.0,550,welded,666.6666666666666,210.0,21.5,12.333333333333332,1.0062041388453655,1443.9351055555553,3682.4029753072264,3647.156230593594,MOMENT
11.0,100.0,620,welded,666.6666666666666,210.0,21.5,12.333333333333332,0.9359915533584443,1443.9351055555553,4198.543390626859,3439.2709742163493,MOMENT
11.0,100.0,690,welded,666.6666666666666,210.0,17.0,15.5,1.0119726221337908,1463.3158833333332,5015.291577166578,3315.423456170237,MOMENT
11.0,113.33333333333334,355,rolled,666.6666666666666,270.0,26.0,9.166666666666666,0.9562696785672022,1783.8326916666665,2550.8807490833333,4579.098519508333,MOMENT
11.0,113.33333333333334,460,rolled,750.0,240.0,17.0,12.333333333333332,0.9838525846920887,1540.5012699999997,2468.653285175,3621.7184857699995,MOMENT
11.0,113.33333333333334,500,rolled,666.6666666666666,240.0,17.0,15.5,1.0093190306153015,1628.9625274999996,2853.9423481799995,3618.5773585885,MOMENT
11.0,113.33333333333334,550,rolled,666.6666666666666,210.0,21.5,12.333333333333332,1.0064706214242896,1516.1318608333331,2900.360249774166,3204.1930746851654,MOMENT
11.0,113.33333333333334,620,rolled,666.6666666666666,210.0,21.5,12.333333333333332,0.9637465581987694,1516.1318608333331,3214.199544966666,2991.328161424166,DEFL
11.0,113.33333333333334,690,rolled,666.6666666666666,150.0,35.0,12.333333333333332,1.01219798886354,1619.220808333333,3898.274096062499,2984.871638081666,MOMENT
11.0,113.33333333333334,355,welded,750.0,270.0,21.5,12.333333333333332,0.9916811990052553,1755.4667166666663,2984.2934183333327,5071.543344449999,MOMENT
11.0,113.33333333333334,460,welded,583.3333333333333,270.0,26.0,9.166666666666666,0.9797586534580769,1632.926472222222,3123.7883413611103,4319.090519027777,MOMENT
11.0,113.33333333333334,500,welded,666.6666666666666,240.0,21.5,12.333333333333332,1.008645928600999,1555.3266055555553,3262.453087813333,3886.139056641111,MOMENT
11.0,113.33333333333334,550,welded,666.6666666666666,240.0,21.5,12.333333333333332,0.9416615576436392,1555.3266055555553,3966.479724633238,3928.5138911263057,MOMENT
11.0,113.33333333333334,620,welded,666.6666666666666,180.0,30.5,12.333333333333332,1.0114081939213748,1593.1479055555553,4731.895898795779,3847.809488525068,MOMENT
11.0,113.33333333333334,690,welded,750.0,210.0,17.0,15.5,0.9964859284559261,1574.8512999999998,5397.562173785717,3568.128385312424,MOMENT
11.0,126.66666666666667,355,rolled,750.0,270.0,21.5,12.333333333333332,1.0122391734871072,1843.2400524999996,2635.8332750749996,4731.597214767498,MOMENT
11.0,126.66666666666667,460,rolled,750.0,240.0,21.5,12.333333333333332,0.9283739019939975,1726.2789774999997,2766.362061443749,4058.481876102499,MOMENT
11.0,126.66666666666667,500,rolled,666.6666666666666,240.0,21.5,12.333333333333332,1.0079114182677407,1633.092935833333,2861.1788235799995,3627.752647660166,MOMENT
11.0,126.66666666666667,550,rolled,666.6666666666666,240.0,21.5,12.333333333333332,0.9678487794893278,1633.092935833333,3124.1067862491664,3451.378610590166,DEFL
11.0,126.66666666666667,620,rolled,666.6666666666666,240.0,21.5,12.333333333333332,0.9678487794893278,1633.092935833333,3462.157023966667,3222.0923623991666,DEFL
11.0,126.66666666666667,690,rolled,750.0,210.0,17.0,15.5,0.980258473538295,1653.593865,3981.0272299875,3048.234930741,MOMENT
11.0,126.66666666666667,355,welded,750.0,300.0,21.5,12.333333333333332,0.98988828762884,1866.8582166666663,3173.658968333333,5393.353387949999,MOMENT
11.0,126.66666666666667,460,welded,583.3333333333333,300.0,26.0,9.166666666666666,0.9847744658233517,1767.632472222222,3381.4809193611104,4675.387889027778,DEFL
11.0,126.66666666666667,500,welded,666.6666666666666,270.0,21.5,12.333333333333332,0.9718396742942281,1666.7181055555552,3496.1078982133326,4164.46185854111,MOMENT
11.0,126.66666666666667,550,welded,666.6666666666666,270.0,21.5,12.333333333333332,0.902403077837589,1666.7181055555552,4250.556473959251,4209.871551659019,MOMENT
11.0,126.66666666666667,620,welded,666.6666666666666,240.0,21.5,12.333333333333332,0.9872057550791143,1555.3266055555553,4522.437479978658,3704.591452436193,DEFL
11.0,126.66666666666667,690,welded,666.6666666666666,180.0,35.0,12.333333333333332,0.9395540265568725,1723.4500555555553,6132.810419329152,4001.0654804646774,MOMENT
11.0,140.0,355,rolled,750.0,300.0,21.5,12.333333333333332,1.0071174376721617,1960.2011274999995,2803.087612324999,5031.836294292499,MOMENT
11.0,140.0,460,rolled,666.6666666666666,300.0,21.5,12.333333333333332,0.9283883860437306,1867.0150858333332,2991.8916750479166,4389.3524667941665,MOMENT
11.0,140.0,500,rolled,666.6666666666666,270.0,21.5,12.333333333333332,0.9711952918945667,1750.0540108333332,3066.09462698,3887.5699796651666,DEFL
11.0,140.0,550,rolled,750.0,240.0,17.0,15.5,1.0012904001390488,1746.0747150000002,3340.2409297950003,3690.154302681,MOMENT
11.0,140.0,620,rolled,666.6666666666666,270.0,21.5,12.333333333333332,0.9711952918945667,1750.0540108333332,3710.114502966667,3452.8565633741664,DEFL
11.0,140.0,690,rolled,666.6666666666666,180.0,35.0,12.333333333333332,0.958985651117699,1809.622558333333,4356.6663091875,3335.858224031666,DEFL
11.0,140.0,355,welded,666.6666666666666,300.0,30.5,9.166666666666666,1.0138589002684026,2059.6154027777775,3501.346184722222,5950.228898624999,MOMENT
11.0,140.0,460,welded,750.0,270.0,21.5,12.333333333333332,0.9916005631534843,1755.4667166666663,3358.2078289833325,4643.209465583333,MOMENT
11.0,140.0,500,welded,666.6666666666666,300.0,21.5,12.333333333333332,0.9482529621121875,1778.1096055555554,3729.762708613333,4442.784660441111,MOMENT
11.0,140.0,550,welded,666.6666666666666,270.0,21.5,12.333333333333332,0.9973928755047036,1666.7181055555552,4250.556473959251,4209.871551659019,MOMENT
11.0,140.0,620,welded,666.6666666666666,270.0,21.5,12.333333333333332,0.9906191977324581,1666.7181055555552,4846.331569330459,3969.911930656037,DEFL
11.0,140.0,690,welded,666.6666666666666,210.0,26.0,15.5,1.0162613138188712,1765.6272333333332,6191.865012724118,4060.2009849473043,DEFL
12.0,20.0,355,rolled,416.66666666666663,180.0,17.0,6.0,0.9634859032711457,832.42656,1190.3699808,2136.83897952,DEFL
12.0,20.0,460,rolled,500.0,120.0,21.5,9.166666666666666,0.9345840256858278,924.7260749999999,1481.8735351874996,2174.031002325,MOMENT
12.0,20.0,500,rolled,500.0,150.0,12.5,9.166666666666666,1.0153453491470241,801.5831249999999,1404.373635,1780.6367538749998,MOMENT
12.0,20.0,550,rolled,500.0,150.0,12.5,9.166666666666666,0.9871027654858308,801.5831249999999,1533.4285181249998,1694.0657763749998,MOMENT
12.0,20.0,620,rolled,416.66666666666663,120.0,26.0,9.166666666666666,0.9532515827717688,947.83255,2009.405006,1870.07362115,DEFL
12.0,20.0,690,rolled,416.66666666666663,120.0,26.0,9.166666666666666,0.9532515827717688,947.83255,2281.906864125,1747.23452267,DEFL
12.0,20.0,355,welded,416.66666666666663,180.0,17.0,6.0,0.9859498859211571,792.7872,1347.73824,2290.3622207999997,MOMENT
12.0,20.0,460,welded,416.66666666666663,120.0,30.5,6.0,0.9050409775157132,890.5668,1703.6542883999998,2355.5491859999997,DEFL
12.0,20.0,500,welded,416.66666666666663,120.0,26.0,9.166666666666666,0.9723166144272041,902.6976666666666,1893.4986256,2255.480389933333,DEFL
12.0,20.0,550,welded,500.0,120.0,21.5,9.166666666666666,1.0131670739210281,880.6914999999999,2229.9790435221,2213.8926848597002,MOMENT
12.0,20.0,620,welded,500.0,120.0,21.5,9.166666666666666,0.9811371847631392,880.6914999999999,2541.4445755504,2087.3614179004167,MOMENT
12.0,20.0,690,welded,416.66666666666663,120.0,26.0,9.166666666666666,0.9723166144272041,902.6976666666666,3115.1339903184785,2054.298914191216,DEFL
12.0,33.333333333333336,355,rolled,583.3333333333333,210.0,12.5,9.166666666666666,0.9555367167250473,1025.5043749999998,1466.4712562499994,2632.4697306249996,MOMENT
12.0,33.333333333333336,460,rolled,500.0,180.0,17.0,9.166666666666666,1.0075832176237889,1027.8397499999999,1647.1131993749998,2416.4512522500004,DEFL
12.0,33.333333333333336,500,rolled,500.0,180.0,17.0,9.166666666666666,1.0075832176237889,1027.8397499999999,1800.7752419999997,2283.24322065,DEFL
12.0,33.333333333333336,550,rolled,500.0,180.0,17.0,9.166666666666666,1.0075832176237889,1027.8397499999999,1966.2574417499998,2172.23652765,DEFL
12.0,33.333333333333336,620,rolled,500.0,180.0,17.0,9.166666666666666,1.0075832176237889,1027.8397499999999,2179.0202700000004,2027.9278267499997,DEFL
12.0,33.333333333333336,690,rolled,500.0,120.0,30.5,9.166666666666666,0.9340390609492971,1122.0515249999999,2701.3390464374997,2068.3897811849997,DEFL
12.0,33.333333333333336,355,welded,500.0,210.0,17.0,9.166666666666666,1.017213613362809,1074.9789999999998,1827.4642999999996,3105.614330999999,MOMENT
12.0,33.333333333333336,460,welded,583.3333333333333,150.0,21.5,9.166666666666666,1.016754338438037,1074.1678333333332,2054.8830651666663,2841.1739191666666,MOMENT
12.0,33.333333333333336,500,welded,500.0,210.0,17.0,9.166666666666666,0.9038949221230658,1074.9789999999998,2254.8759503999995,2685.942529399999,DEFL
12.0,33.333333333333336,550,welded,500.0,210.0,17.0,9.166666666666666,0.9038949221230658,1074.9789999999998,2694.1616307126747,2683.9129959224742,DEFL
12.0,33.333333333333336,620,welded,500.0,210.0,17.0,9.166666666666666,0.9038949221230658,1074.9789999999998,3068.5434651892,2529.9242204882285,DEFL
12.0,33.333333333333336,690,welded,500.0,180.0,17.0,12.333333333333332,0.9682127127035862,1117.9027999999998,3800.1529443052004,2519.4944520726394,DEFL
12.0,46.66666666666667,355,rolled,500.0,270.0,17.0,9.166666666666666,0.999713265013867,1330.50435,1902.6212205,3415.4046664499997,DEFL
12.0,46.66666666666667,460,rolled,583.3333333333333,180.0,21.5,9.166666666666666,0.9099054306003679,1255.4701249999998,2011.8908753124997,2951.610263875,MOMENT
12.0,46.66666666666667,500,rolled,583.3333333333333,180.0,17.0,12.333333333333332,1.0107393246415741,1275.4554399999997,2234.5979308799992,2833.2967144159998,MOMENT
12.0,46.66666666666667,550,rolled,583.3333333333333,180.0,17.0,12.333333333333332,0.9688906448594281,1275.4554399999997,2439.946256719999,2695.5475268959995,MOMENT
12.0,46.66666666666667,620,rolled,583.3333333333333,180.0,17.0,12.333333333333332,0.9266536080129423,1275.4554399999997,2703.9655327999994,2516.4735831199996,DEFL
12.0,46.66666666666667,690,rolled,583.3333333333333,180.0,17.0,12.333333333333332,0.9266536080129423,1275.4554399999997,3070.6589717999996,2351.1745580959996,DEFL
12.0,46.66666666666667,355,welded,583.3333333333333,240.0,17.0,9.166666666666666,0.9979632824756361,1243.0213333333331,2113.136266666667,3591.0886319999995,MOMENT
12.0,46.66666666666667,460,welded,583.3333333333333,210.0,17.0,12.333333333333332,0.9378468317497513,1310.8034666666665,2507.5670317333324,3467.0751693333327,MOMENT
12.0,46.66666666666667,500,welded,666.6666666666666,180.0,17.0,12.333333333333332,0.990528505912298,1311.536133333333,2751.078193279999,3277.0041827466653,MOMENT
12.0,46.66666666666667,550,welded,666.6666666666666,180.0,17.0,12.333333333333332,0.9508312381099159,1311.536133333333,3310.872767239412,3290.3099791265586,MOMENT
12.0,46.66666666666667,620,welded,583.3333333333333,150.0,26.0,12.333333333333332,0.9980310456353999,1352.0630666666664,3973.621412644799,3242.989460154305,MOMENT
12.0,46.66666666666667,690,welded,583.3333333333333,180.0,17.0,12.333333333333332,1.007999462178535,1214.7194666666664,4129.267551488533,2737.6968347259726,MOMENT
12.0,60.0,355,rolled,583.3333333333333,270.0,17.0,9.166666666666666,1.0134140817773225,1406.0605999999998,2010.6666579999996,3609.357560199999,MOMENT
12.0,60.0,460,rolled,583.3333333333333,210.0,21.5,9.166666666666666,0.9452450021269231,1383.064025,2216.3601000625,3251.583522775,DEFL
12.0,60.0,500,rolled,583.3333333333333,240.0,17.0,12.333333333333332,0.9550799809757909,1477.2318399999997,2588.11018368,3281.5228093759997,DEFL
12.0,60.0,550,rolled,583.3333333333333,180.0,21.5,12.333333333333332,1.0188603044303852,1424.7106299999998,2725.4714351899993,3010.9834454419997,DEFL
12.0,60.0,620,rolled,583.3333333333333,180.0,21.5,12.333333333333332,1.0188603044303852,1424.7106299999998,3020.3865355999997,2810.95407299,DEFL
12.0,60.0,690,rolled,583.3333333333333,180.0,21.5,12.333333333333332,1.0188603044303852,1424.7106299999998,3429.9908417249994,2626.3115753419997,DEFL
12.0,60.0,355,welded,666.6666666666666,240.0,17.0,12.333333333333332,1.0198841808427015,1503.7041333333332,2556.297026666666,4344.201241199999,MOMENT
12.0,60.0,460,welded,583.3333333333333,240.0,17.0,12.333333333333332,0.9969643459001661,1406.8874666666663,2691.3757237333325,3721.2173493333325,MOMENT
12.0,60.0,500,welded,583.3333333333333,240.0,17.0,12.333333333333332,0.9741815805953068,1406.8874666666663,2951.0871500799994,3515.249024213332,DEFL
12.0,60.0,550,welded,666.6666666666666,210.0,17.0,12.333333333333332,0.9281918319501385,1407.6201333333331,3553.429484421813,3531.3602529233594,MOMENT
12.0,60.0,620,welded,666.6666666666666,180.0,21.5,12.333333333333332,0.9493806227001669,1453.6839333333332,4226.89014684552,3462.4914501780067,MOMENT
12.0,60.0,690,welded,583.3333333333333,210.0,21.5,12.333333333333332,0.918282638386378,1478.3852666666664,5084.3616169264715,3356.9881265936224,DEFL
12.0,73.33333333333334,355,rolled,666.6666666666666,210.0,26.0,9.166666666666666,1.0058690089056872,1637.4000999999998,2341.4821429999997,4203.206056699999,MOMENT
12.0,73.33333333333334,460,rolled,583.3333333333333,210.0,26.0,9.166666666666666,0.9996783911543248,1561.84385,2502.854769625,3671.8948913500003,DEFL
12.0,73.33333333333334,500,rolled,583.3333333333333,180.0,30.5,9.166666666666666,1.0150032994282396,1559.6183749999998,2732.451393,3464.5362582249995,DEFL
12.0,73.33333333333334,550,rolled,666.6666666666666,210.0,17.0,12.333333333333332,0.9976741046863349,1478.0011399999996,2827.4161808199988,3123.6076092759995,MOMENT
12.0,73.33333333333334,620,rolled,666.6666666666666,210.0,17.0,12.333333333333332,0.94974904569621,1478.0011399999996,3133.362416799999,2916.096249219999,DEFL
12.0,73.33333333333334,690,rolled,583.3333333333333,240.0,21.5,12.333333333333332,0.9856237989669453,1679.89843,4044.355470225,3096.7247658619995,DEFL
12.0,73.33333333333334,355,welded,583.3333333333333,300.0,21.5,9.166666666666666,0.9970778429653757,1681.757833333333,2858.988316666666,4858.5983805000005,MOMENT
12.0,73.33333333333334,460,welded,583.3333333333333,270.0,21.5,9.166666666666666,0.9469643895084646,1560.239833333333,2984.738801166666,4126.834359166666,DEFL
12.0,73.33333333333334,500,welded,666.6666666666666,240.0,17.0,12.333333333333332,0.9771403796005677,1503.7041333333332,3154.16979008,3757.1551475466667,MOMENT
12.0,73.33333333333334,550,welded,666.6666666666666,210.0,21.5,12.333333333333332,0.9373061069226594,1575.201933333333,4017.1668821533376,3978.715887920284,MOMENT
12.0,73.33333333333334,620,welded,666.6666666666666,180.0,26.0,12.333333333333332,0.9756081661536454,1595.8317333333332,4690.040947708799,3827.6805416619445,MOMENT
12.0,73.33333333333334,690,welded,666.6666666666666,210.0,17.0,15.5,0.9638438908302344,1596.3446,5471.227175090812,3616.8255885493495,MOMENT
12.0,86.66666666666667,355,rolled,750.0,270.0,17.0,12.333333333333332,0.9980623182466658,1781.4350399999996,2547.4521071999993,4572.9437476799985,MOMENT
12.0,86.66666666666667,460,rolled,750.0,240.0,17.0,12.333333333333332,0.9365404742610645,1680.5468399999995,2693.076311099999,3950.965620839999,MOMENT
12.0,86.66666666666667,500,rolled,666.6666666666666,240.0,17.0,15.5,0.9645153161171215,1777.0500299999997,3113.3916525599993,3947.538936641999,MOMENT
12.0,86.66666666666667,550,rolled,666.6666666666666,210.0,21.5,12.333333333333332,0.9740391664368786,1653.96203,3164.02936339,3495.4833542019996,MOMENT
12.0,86.66666666666667,620,rolled,666.6666666666666,210.0,21.5,12.333333333333332,0.9568039370388101,1653.96203,3506.3995036000006,3263.2670851899998,DEFL
12.0,86.66666666666667,690,rolled,666.6666666666666,150.0,35.0,12.333333333333332,1.004226125329702,1766.4226999999998,4252.662650249999,3256.2236051799996,MOMENT
12.0,86.66666666666667,355,welded,666.6666666666666,270.0,26.0,9.166666666666666,0.9728559479907524,1853.3326666666667,3150.665533333333,5354.278074,MOMENT
12.0,86.66666666666667,460,welded,583.3333333333333,300.0,21.5,9.166666666666666,1.0190664484088836,1681.757833333333,3217.2027351666657,4448.249469166667,DEFL
12.0,86.66666666666667,500,welded,666.6666666666666,240.0,21.5,12.333333333333332,0.9624615166740239,1696.719933333333,3559.0397321599994,4239.424425426667,MOMENT
12.0,86.66666666666667,550,welded,666.6666666666666,240.0,21.5,12.333333333333332,0.9023890787846566,1696.719933333333,4327.068790508987,4285.651517592334,MOMENT
12.0,86.66666666666667,620,welded,666.6666666666666,180.0,30.5,12.333333333333332,0.9914796891798925,1737.9795333333332,5162.068253231759,4197.610351118256,MOMENT
12.0,86.66666666666667,690,welded,750.0,210.0,17.0,15.5,0.9943101192088661,1718.0195999999999,5888.249644129876,3892.5036930680994,MOMENT
12.0,100.0,355,rolled,750.0,270.0,21.5,12.333333333333332,0.9736444984443613,2010.8073299999996,2875.4544819,5161.742416109998,MOMENT
12.0,100.0,460,rolled,750.0,240.0,21.5,12.333333333333332,0.9078533465108916,1883.2134299999996,3017.849521574999,4427.434773929999,MOMENT
12.0,100.0,500,rolled,666.6666666666666,240.0,21.5,12.333333333333332,0.9919981163495343,1781.5559299999998,3121.28598936,3957.548342902,DEFL
12.0,100.0,550,rolled,666.6666666666666,240.0,21.5,12.333333333333332,0.9919981163495343,1781.5559299999998,3408.11649409,3765.1403024619995,DEFL
12.0,100.0,620,rolled,666.6666666666666,240.0,21.5,12.333333333333332,0.9919981163495343,1781.5559299999998,3776.8985715999997,3515.0098498899997,DEFL
12.0,100.0,690,rolled,750.0,210.0,17.0,15.5,1.0118831927267298,1803.9205800000002,4342.93879635,3325.347197172,MOMENT
12.0,100.0,355,welded,666.6666666666666,300.0,26.0,9.166666666666666,0.9937192922274635,2000.2846666666667,3400.483933333333,5778.822402,MOMENT
12.0,100.0,460,welded,666.6666666666666,270.0,21.5,12.333333333333332,1.0108627776528996,1818.237933333333,3478.2891664666654,4809.2393336666655,MOMENT
12.0,100.0,500,welded,666.6666666666666,270.0,21.5,12.333333333333332,0.9486323728942163,1818.237933333333,3813.9358889599994,4543.049300226666,MOMENT
12.0,100.0,550,welded,666.6666666666666,270.0,21.5,12.333333333333332,0.9186379594728386,1818.237933333333,4636.970698864637,4592.587147264384,DEFL
12.0,100.0,620,welded,666.6666666666666,240.0,21.5,12.333333333333332,1.011838078676525,1696.719933333333,4933.5681599767195,4041.372493566756,DEFL
12.0,100.0,690,welded,666.6666666666666,180.0,35.0,12.333333333333332,0.9501134079160942,1880.1273333333331,6690.338639268166,4364.798705961466,MOMENT
12.0,113.33333333333334,355,rolled,750.0,300.0,21.5,12.333333333333332,0.9890075033630632,2138.40123,3057.9137588999997,5489.27595741,MOMENT
12.0,113.33333333333334,460,rolled,666.6666666666666,300.0,21.5,12.333333333333332,0.9346211537658456,2036.74373,3263.881827325,4788.384509230001,DEFL
12.0,113.33333333333334,500,rolled,750.0,210.0,26.0,12.333333333333332,1.0062685206364153,1931.5804199999995,3384.128895839999,4290.8127449879985,MOMENT
12.0,113.33333333333334,550,rolled,666.6666666666666,240.0,26.0,12.333333333333332,0.9790100090744925,1984.2225199999996,3795.817680759999,4193.455873767999,DEFL
12.0,113.33333333333334,620,rolled,666.6666666666666,180.0,35.0,12.333333333333332,1.0078767302505647,1974.1336999999999,4185.163444,3894.9657900999996,DEFL
12.0,113.33333333333334,690,rolled,666.6666666666666,180.0,35.0,12.333333333333332,1.0078767302505647,1974.1336999999999,4752.72688275,3639.11806258,DEFL
12.0,113.33333333333334,355,welded,666.6666666666666,300.0,30.5,9.166666666666666,0.9889284885923099,2246.8531666666663,3819.6503833333327,6491.158798499999,MOMENT
12.0,113.33333333333334,460,welded,750.0,270.0,21.5,12.333333333333332,0.9914271987369507,1915.0545999999997,3663.4994497999996,5065.319417,MOMENT
12.0,113.33333333333334,500,welded,666.6666666666666,300.0,21.5,12.333333333333332,0.9533135768411626,1939.7559333333331,4068.8320457599993,4846.674175026666,DEFL
12.0,113.33333333333334,550,welded,666.6666666666666,240.0,26.0,12.333333333333332,1.0108953605340265,1889.7357333333332,4868.123183641533,4805.4935619674,MOMENT
12.0,113.33333333333334,620,welded,666.6666666666666,240.0,26.0,12.333333333333332,0.9985902092559825,1889.7357333333332,5553.804818236799,4532.623674711945,DEFL
12.0,113.33333333333334,690,welded,750.0,210.0,26.0,15.5,0.9171353696312402,2047.8138,7181.462984604864,4709.11155581331,MOMENT
12.0,126.66666666666667,355,rolled,666.6666666666666,300.0,30.5,9.166666666666666,1.0136452167843704,2359.195825,3373.6500297499997,6056.055682774999,MOMENT
12.0,126.66666666666667,460,rolled,750.0,270.0,21.5,12.333333333333332,0.9958928770598976,2010.8073299999996,3222.318746324999,4727.408032829999,MOMENT
12.0,126.66666666666667,500,rolled,750.0,240.0,26.0,12.333333333333332,0.9336636015784942,2085.8800199999996,3654.4617950399997,4633.573876427999,MOMENT
12.0,126.66666666666667,550,rolled,750.0,240.0,21.5,15.5,0.9619006564803665,2104.656435,4026.207760154999,4447.980909728999,MOMENT
12.0,126.66666666666667,620,rolled,750.0,240.0,21.5,15.5,0.9107737691824851,2104.656435,4461.871642199999,4152.487146254999,DEFL
12.0,126.66666666666667,690,rolled,750.0,240.0,21.5,15.5,0.9107737691824851,2104.656435,5066.9603672625,3879.7236722789994,DEFL
12.0,126.66666666666667,355,welded,750.0,300.0,26.0,15.5,0.998304711546823,2488.6697999999997,4230.738659999999,7189.767052199999,MOMENT
12.0,126.66666666666667,460,welded,750.0,300.0,21.5,12.333333333333332,0.975227688233358,2036.5725999999995,3895.963383799999,5386.734526999999,MOMENT
12.0,126.66666666666667,500,welded,750.0,270.0,21.5,15.5,0.9886857690349699,2125.9527,4459.398383519999,5311.905416219999,MOMENT
12.0,126.66666666666667,550,welded,666.6666666666666,270.0,26.0,12.333333333333332,1.0096798198103265,2036.6877333333332,5246.684283727532,5179.184378869399,DEFL
12.0,126.66666666666667,620,welded,750.0,240.0,21.5,15.5,1.0124363538504606,2004.4346999999998,5872.35385544376,4797.8311839519365,MOMENT
12.0,126.66666666666667,690,welded,750.0,240.0,21.5,15.5,0.9525692847868675,2004.4346999999998,6949.615386509662,4575.3950063126695,MOMENT
12.0,140.0,355,rolled,750.0,300.0,26.0,15.5,1.0100457888643375,2613.10329,3736.7377046999995,6707.83614543,MOMENT
12.0,140.0,460,rolled,750.0,300.0,21.5,12.333333333333332,0.9774068034709001,2138.40123,3426.787971075,5027.38129173,MOMENT
12.0,140.0,500,rolled,750.0,270.0,21.5,15.5,0.9767385849172524,2232.2503349999997,3910.902586919999,4958.7208941690005,MOMENT
12.0,140.0,550,rolled,750.0,270.0,21.5,15.5,0.9203574584243922,2232.2503349999997,4270.294890854999,4717.637857989,DEFL
12.0,140.0,620,rolled,750.0,240.0,21.5,15.5,1.0066446922543255,2104.656435,4461.871642199999,4152.487146254999,DEFL
12.0,140.0,690,rolled,750.0,240.0,21.5,15.5,1.0066446922543255,2104.656435,5066.9603672625,3879.7236722789994,DEFL
12.0,140.0,355,welded,750.0,300.0,30.5,12.333333333333332,1.0184608624435834,2524.3401999999996,4291.378339999999,7292.818837799999,MOMENT
12.0,140.0,460,welded,750.0,300.0,26.0,12.333333333333332,0.9303457429722896,2280.4564,4362.5130932,6031.807178000001,MOMENT
12.0,140.0,500,welded,750.0,270.0,26.0,12.333333333333332,0.9917362273308801,2133.5044,4475.23882944,5330.77409384,MOMENT
12.0,140.0,550,welded,666.6666666666666,300.0,26.0,12.333333333333332,1.0188391612204315,2183.639733333333,5625.245383813533,5552.8751957713985,DEFL
12.0,140.0,620,welded,750.0,270.0,21.5,15.5,0.9396763111950183,2125.9527,6228.36280689816,5088.697656085687,MOMENT
12.0,140.0,690,welded,750.0,240.0,26.0,15.5,0.9042253583737324,2194.7657999999997,7696.807860449363,5047.03942862571,MOMENT
13.0,20.0,355,rolled,416.66666666666663,180.0,21.5,6.0,1.016225681986159,1069.596255,1529.5226446499998,2745.6535865849996,DEFL
13.0,20.0,460,rolled,500.0,180.0,12.5,9.166666666666666,0.9558816459281247,948.7460937499999,1520.3656152343747,2230.5020664062504,DEFL
13.0,20.0,500,rolled,500.0,180.0,12.5,9.166666666666666,0.9558816459281247,948.7460937499999,1662.20315625,2107.54457265625,DEFL
13.0,20.0,550,rolled,500.0,150.0,17.0,9.166666666666666,0.9430221590947804,1004.1975124999999,1921.0298414124995,2122.2710229175,MOMENT
13.0,20.0,620,rolled,500.0,150.0,17.0,9.166666666666666,0.9131067590862402,1004.1975124999999,2128.8987265,1981.2816921625,MOMENT
13.0,20.0,690,rolled,583.3333333333333,150.0,12.5,12.333333333333332,0.9799140576561768,1139.6858958333332,2743.79379421875,2100.8969803791665,MOMENT
13.0,20.0,355,welded,500.0,210.0,12.5,9.166666666666666,0.9602386505361344,980.1052083333332,1666.1788541666663,2831.5239468749987,MOMENT
13.0,20.0,460,welded,500.0,180.0,12.5,12.333333333333332,0.997217125642514,1057.0679166666664,2022.1709245833324,2795.944639583333,MOMENT
13.0,20.0,500,welded,500.0,180.0,12.5,12.333333333333332,0.9632025142275631,1057.0679166666664,2217.3056619999993,2641.189896583333,MOMENT
13.0,20.0,550,welded,500.0,150.0,17.0,12.333333333333332,1.0066410429920571,1106.9703666666665,2794.462118113986,2777.1065939172395,MOMENT
13.0,20.0,620,welded,500.0,120.0,26.0,9.166666666666666,0.994872971103208,1055.8773333333331,3079.952368590933,2520.183307423888,MOMENT
13.0,20.0,690,welded,500.0,150.0,17.0,12.333333333333332,0.9453227031502605,1106.9703666666665,3762.9896786616328,2494.855274917893,MOMENT
13.0,33.333333333333336,355,rolled,583.3333333333333,210.0,17.0,9.166666666666666,0.9226017750393757,1304.6412166666664,1865.636939833333,3349.0140031833325,MOMENT
13.0,33.333333333333336,460,rolled,500.0,240.0,17.0,9.166666666666666,1.0055253461368658,1332.0841624999998,2134.664870406249,3131.729866037499,DEFL
13.0,33.333333333333336,500,rolled,500.0,240.0,17.0,9.166666666666666,1.0055253461368658,1332.0841624999998,2333.8114526999993,2959.091758577499,DEFL
13.0,33.333333333333336,550,rolled,583.3333333333333,150.0,21.5,12.333333333333332,1.0138411736133792,1405.209790833333,2688.166329864166,2969.7703719471656,MOMENT
13.0,33.333333333333336,620,rolled,583.3333333333333,150.0,21.5,12.333333333333332,0.9822545010877468,1405.209790833333,2979.0447565666664,2772.478917314166,MOMENT
13.0,33.333333333333336,690,rolled,583.3333333333333,150.0,21.5,12.333333333333332,0.9581225692264508,1405.209790833333,3383.042571431249,2590.363728422166,MOMENT
13.0,33.333333333333336,355,welded,500.0,210.0,21.5,9.166666666666666,1.0192147571074928,1349.0159583333332,2293.3271291666665,3897.307103625,MOMENT
13.0,33.333333333333336,460,welded,583.3333333333333,180.0,21.5,9.166666666666666,0.9279154761131153,1295.3263194444442,2477.9592490972213,3426.1381149305544,MOMENT
13.0,33.333333333333336,500,welded,500.0,150.0,30.5,9.166666666666666,0.996528436711168,1344.4237083333333,2820.0631706,3359.1770776416665,DEFL
13.0,33.333333333333336,550,welded,583.3333333333333,180.0,17.0,12.333333333333332,1.0061228209377235,1315.9460888888887,3322.0053631188084,3301.3734339587727,MOMENT
13.0,33.333333333333336,620,welded,583.3333333333333,180.0,17.0,12.333333333333332,0.9626264161256607,1315.9460888888887,3785.301027822079,3112.4734961965187,MOMENT
13.0,33.333333333333336,690,welded,583.3333333333333,180.0,17.0,12.333333333333332,0.9288794182130001,1315.9460888888887,4473.373180779244,2965.8382376198037,MOMENT
13.0,46.66666666666667,355,rolled,583.3333333333333,270.0,17.0,9.166666666666666,0.9469854626938967,1523.2323166666665,2178.222212833333,3910.1373568833324,MOMENT
13.0,46.66666666666667,460,rolled,583.3333333333333,210.0,21.5,9.166666666666666,0.9347301239525432,1498.3193604166665,2401.056775067708,3522.548816339583,DEFL
13.0,46.66666666666667,500,rolled,583.3333333333333,240.0,17.0,12.333333333333332,0.9444556987800083,1600.334493333333,2803.7860323199993,3554.9830434906653,DEFL
13.0,46.66666666666667,550,rolled,583.3333333333333,180.0,21.5,12.333333333333332,1.0075265317537871,1543.436515833333,2952.5940547891664,3261.898732562166,DEFL
13.0,46.66666666666667,620,rolled,583.3333333333333,180.0,21.5,12.333333333333332,1.0075265317537871,1543.436515833333,3272.085413566667,3045.2002457391663,DEFL
13.0,46.66666666666667,690,rolled,583.3333333333333,180.0,21.5,12.333333333333332,1.0075265317537871,1543.436515833333,3715.82341186875,2845.170873287166,DEFL
13.0,46.66666666666667,355,welded,583.3333333333333,240.0,21.5,9.166666666666666,1.0017399684720554,1558.6153194444441,2649.646043055555,4502.839657874999,MOMENT
13.0,46.66666666666667,460,welded,583.3333333333333,210.0,21.5,9.166666666666666,1.0094626566112692,1426.9708194444443,2729.7951775972215,3774.337817430555,MOMENT
13.0,46.66666666666667,500,welded,583.3333333333333,240.0,17.0,12.333333333333332,0.9633448127556086,1524.1280888888887,3197.0110792533333,3808.186442897777,DEFL
13.0,46.66666666666667,550,welded,666.6666666666666,210.0,17.0,12.333333333333332,0.9123045597192124,1524.9218111111106,3849.5486081236295,3825.6402740003055,MOMENT
13.0,46.66666666666667,620,welded,666.6666666666666,180.0,21.5,12.333333333333332,0.9459883110249607,1574.8242611111107,4579.130992415979,3751.032404359506,MOMENT
13.0,46.66666666666667,690,welded,583.3333333333333,210.0,17.0,15.5,1.0099527489660158,1597.558733333333,5475.388431556063,3619.5764410331494,DEFL
13.0,60.0,355,rolled,666.6666666666666,210.0,26.0,9.166666666666666,0.9992565648200195,1773.8501083333333,2536.6056549166665,4553.473228091666,MOMENT
13.0,60.0,460,rolled,666.6666666666666,240.0,17.0,12.333333333333332,0.9238670114017391,1710.4634516666663,2741.0176812958325,4021.2995748683325,MOMENT
13.0,60.0,500,rolled,666.6666666666666,180.0,26.0,12.333333333333332,0.9742866960928407,1815.2585966666663,3180.3330613599996,4032.4154466353325,MOMENT
13.0,60.0,550,rolled,666.6666666666666,180.0,26.0,12.333333333333332,0.9338412319803143,1815.2585966666663,3472.5896954233326,3836.3675181953317,MOMENT
13.0,60.0,620,rolled,666.6666666666666,210.0,17.0,12.333333333333332,0.9879728472512183,1601.1679016666665,3394.475951533333,3159.1042699883333,DEFL
13.0,60.0,690,rolled,666.6666666666666,210.0,17.0,15.5,0.9268782203377159,1815.8419824999996,4371.639572868749,3347.323110540499,DEFL
13.0,60.0,355,welded,583.3333333333333,300.0,21.5,9.166666666666666,0.9796771089843639,1821.9043194444441,3097.2373430555554,5263.481578874998,MOMENT
13.0,60.0,460,welded,583.3333333333333,270.0,21.5,9.166666666666666,0.985076119199856,1690.2598194444442,3233.467034597222,4470.7372224305545,DEFL
13.0,60.0,500,welded,666.6666666666666,240.0,17.0,12.333333333333332,0.9911089249364277,1629.0128111111108,3417.017272586666,4070.2514098422216,MOMENT
13.0,60.0,550,welded,666.6666666666666,210.0,21.5,12.333333333333332,0.9626116535729866,1706.4687611111108,4351.930788999449,4310.275545246975,MOMENT
13.0,60.0,620,welded,666.6666666666666,210.0,21.5,12.333333333333332,0.9072560038224649,1706.4687611111108,4961.91491619538,4064.5929695284126,MOMENT
13.0,60.0,690,welded,666.6666666666666,210.0,17.0,15.5,1.0100143706101634,1729.3733166666664,5927.162773015046,3918.2277209284616,MOMENT
13.0,73.33333333333334,355,rolled,750.0,270.0,17.0,12.333333333333332,1.0191348244975469,1929.8879599999996,2759.7397827999994,4954.022393319999,MOMENT
13.0,73.33333333333334,460,rolled,750.0,240.0,17.0,12.333333333333332,0.9769103739254604,1820.5924099999995,2917.499337024999,4280.212755909998,MOMENT
13.0,73.33333333333334,500,rolled,666.6666666666666,240.0,21.5,12.333333333333332,0.9249081202862346,1930.0189241666667,3381.3931551400005,4287.344038143834,DEFL
13.0,73.33333333333334,550,rolled,666.6666666666666,240.0,21.5,12.333333333333332,0.9249081202862346,1930.0189241666667,3692.1262019308338,4078.901994333833,DEFL
13.0,73.33333333333334,620,rolled,666.6666666666666,240.0,21.5,12.333333333333332,0.9249081202862346,1930.0189241666667,4091.6401192333337,3807.9273373808333,DEFL
13.0,73.33333333333334,690,rolled,750.0,210.0,17.0,15.5,0.9575648521959245,1954.2472950000001,4704.850362712501,3602.4594636030006,MOMENT
13.0,73.33333333333334,355,welded,666.6666666666666,270.0,26.0,9.166666666666666,0.9921435626240938,2007.7770555555555,3413.2209944444444,5800.4679135,MOMENT
13.0,73.33333333333334,460,welded,750.0,240.0,21.5,12.333333333333332,0.9217865549579505,1942.997983333333,3716.9551421166657,5139.229665916667,MOMENT
13.0,73.33333333333334,500,welded,666.6666666666666,240.0,21.5,12.333333333333332,1.004533895436124,1838.1132611111107,3855.626376506666,4592.709794212221,MOMENT
13.0,73.33333333333334,550,welded,666.6666666666666,240.0,21.5,12.333333333333332,0.9459859154288198,1838.1132611111107,4687.657856384735,4642.789144058362,MOMENT
13.0,73.33333333333334,620,welded,666.6666666666666,240.0,21.5,12.333333333333332,0.9434062826919593,1838.1132611111107,5344.698839974777,4378.153534697319,DEFL
13.0,73.33333333333334,690,welded,666.6666666666666,210.0,21.5,15.5,1.0120512846825087,1908.0118416666664,6615.305777977852,4355.296709015816,MOMENT
13.0,86.66666666666667,355,rolled,750.0,270.0,21.5,12.333333333333332,1.0155678290943448,2178.3746075,3115.075688725,5591.8876174524985,MOMENT
13.0,86.66666666666667,460,rolled,750.0,240.0,21.5,12.333333333333332,0.9645468988570973,2040.1478824999997,3269.336981706249,4796.3876717574985,MOMENT
13.0,86.66666666666667,500,rolled,666.6666666666666,270.0,21.5,12.333333333333332,0.9923905667704453,2068.2456491666667,3623.5663773399997,4594.400885058834,DEFL
13.0,86.66666666666667,550,rolled,750.0,240.0,17.0,15.5,0.9776397072657514,2063.542845,3947.5574624849996,4361.091448622999,MOMENT
13.0,86.66666666666667,620,rolled,666.6666666666666,270.0,21.5,12.333333333333332,0.9923905667704453,2068.2456491666667,4384.680776233334,4080.648665805833,DEFL
13.0,86.66666666666667,690,rolled,666.6666666666666,180.0,35.0,12.333333333333332,0.979914463939487,2138.6448416666663,5148.787456312499,3942.3779011283327,DEFL
13.0,86.66666666666667,355,welded,750.0,300.0,21.5,12.333333333333332,0.9951874388879494,2206.286983333333,3750.6878716666656,6373.963094849998,MOMENT
13.0,86.66666666666667,460,welded,750.0,270.0,21.5,12.333333333333332,0.925307838876999,2074.642483333333,3968.791070616666,5487.429368416666,MOMENT
13.0,86.66666666666667,500,welded,666.6666666666666,270.0,21.5,12.333333333333332,1.0122383781058544,1969.7577611111108,4131.763879706667,4921.63674191222,DEFL
13.0,86.66666666666667,550,welded,666.6666666666666,270.0,21.5,12.333333333333332,1.0122383781058544,1969.7577611111108,5023.384923770023,4975.302742869749,DEFL
13.0,86.66666666666667,620,welded,666.6666666666666,270.0,21.5,12.333333333333332,1.0122383781058544,1969.7577611111108,5727.482763754178,4691.714099866224,DEFL
13.0,86.66666666666667,690,welded,666.6666666666666,180.0,35.0,15.5,1.0070560391222294,2229.622416666666,7996.402421433763,5202.7517810064855,MOMENT
13.0,100.0,355,rolled,750.0,270.0,26.0,12.333333333333332,1.0147207607543027,2426.861255,3470.4115946499996,6229.752841584998,MOMENT
13.0,100.0,460,rolled,750.0,270.0,21.5,12.333333333333332,0.9538860092515777,2178.3746075,3490.84530851875,5121.358702232499,MOMENT
13.0,100.0,500,rolled,750.0,240.0,26.0,12.333333333333332,0.9032245602739571,2259.7033549999996,3959.000277959999,5019.705032796999,MOMENT
13.0,100.0,550,rolled,750.0,240.0,21.5,15.5,0.9425586790098103,2280.04447125,4361.725073501249,4818.64598553975,MOMENT
13.0,100.0,620,rolled,750.0,240.0,21.5,15.5,0.9141858419654239,2280.04447125,4833.694279050001,4498.52774177625,DEFL
13.0,100.0,690,rolled,750.0,240.0,21.5,15.5,0.9141858419654239,2280.04447125,5489.2070645343765,4203.033978302249,DEFL
13.0,100.0,355,welded,750.0,300.0,26.0,12.333333333333332,0.9917486257747091,2470.494433333333,4199.840536666666,7137.258417899998,MOMENT
13.0,100.0,460,welded,750.0,300.0,21.5,12.333333333333332,0.9331715032559613,2206.286983333333,4220.6269991166655,5835.629070916666,MOMENT
13.0,100.0,500,welded,666.6666666666666,270.0,26.0,12.333333333333332,1.0134624287843965,2206.411711111111,4628.169205226666,5512.940301382222,DEFL
13.0,100.0,550,welded,666.6666666666666,270.0,26.0,12.333333333333332,1.0134624287843965,2206.411711111111,5683.90797403816,5610.7830771085155,DEFL
13.0,100.0,620,welded,750.0,240.0,21.5,15.5,1.001779386678244,2171.4709249999996,6361.716676730738,5197.650449281265,MOMENT
13.0,100.0,690,welded,750.0,240.0,21.5,15.5,0.9479743179539265,2171.4709249999996,7528.750002052134,4956.677923505391,MOMENT
13.0,113.33333333333334,355,rolled,750.0,270.0,30.5,12.333333333333332,1.0151265222424968,2675.3479024999997,3825.747500575,6867.618065717498,MOMENT
13.0,113.33333333333334,460,rolled,750.0,300.0,21.5,12.333333333333332,0.953302871388024,2316.6013325,3712.3536353312497,5446.3297327075,MOMENT
13.0,113.33333333333334,500,rolled,750.0,270.0,21.5,15.5,0.9643508679554061,2418.27119625,4236.81113583,5371.94763534975,MOMENT
13.0,113.33333333333334,550,rolled,750.0,270.0,21.5,15.5,0.9472671603475701,2418.27119625,4626.152798426249,5110.77434615475,DEFL
13.0,113.33333333333334,620,rolled,750.0,270.0,21.5,15.5,0.9472671603475701,2418.27119625,5126.73493605,4771.24907020125,DEFL
13.0,113.33333333333334,690,rolled,750.0,270.0,21.5,15.5,0.9472671603475701,2418.27119625,5821.987904971875,4457.84112316725,DEFL
13.0,113.33333333333334,355,welded,750.0,300.0,30.5,12.333333333333332,0.9902159045000241,2734.7018833333327,4648.993201666665,7900.5537409499975,MOMENT
13.0,113.33333333333334,460,welded,750.0,300.0,21.5,15.5,1.0068454814340235,2434.759925,4657.695736525,6439.940001624999,MOMENT
13.0,113.33333333333334,500,welded,750.0,270.0,26.0,12.333333333333332,0.9799219463836599,2311.296433333333,4848.175398560001,5775.005268326667,MOMENT
13.0,113.33333333333334,550,welded,750.0,270.0,21.5,15.5,1.0173212027901668,2303.115425,5915.3975452232535,5845.026314035464,MOMENT
13.0,113.33333333333334,620,welded,750.0,270.0,21.5,15.5,0.9662125035545215,2303.115425,6747.39304080634,5512.755794092828,DEFL
13.0,113.33333333333334,690,welded,750.0,240.0,26.0,15.5,0.9298611233781059,2377.66295,8338.20851548681,5467.626047677852,DEFL
13.0,126.66666666666667,355,rolled,750.0,300.0,30.5,12.333333333333332,1.0108310006937726,2871.4369774999996,4106.154877824999,7370.978721242498,MOMENT
13.0,126.66666666666667,460,rolled,750.0,300.0,21.5,15.5,1.012075803935977,2556.4979212499998,4096.787918803125,6010.326612858749,MOMENT
13.0,126.66666666666667,500,rolled,750.0,270.0,26.0,12.333333333333332,0.9774263887770317,2426.861255,4251.8609187600005,5391.029591857,MOMENT
13.0,126.66666666666667,550,rolled,750.0,300.0,21.5,15.5,0.9751249229225952,2556.4979212499998,4890.580523351249,5402.902706769749,DEFL
13.0,126.66666666666667,620,rolled,750.0,240.0,26.0,15.5,1.0188789702528263,2496.5460974999996,5292.677726699999,4925.6854503674995,DEFL
13.0,126.66666666666667,690,rolled,750.0,240.0,26.0,15.5,1.0188789702528263,2496.5460974999996,6010.434729731248,4602.133076131499,DEFL
13.0,126.66666666666667,355,welded,750.0,300.0,35.0,12.333333333333332,0.9897816005649759,2998.9093333333326,5098.145866666667,8663.849063999998,MOMENT
13.0,126.66666666666667,460,welded,750.0,300.0,26.0,12.333333333333332,1.0182141191112895,2470.494433333333,4726.055850966664,6534.457776166665,MOMENT
13.0,126.66666666666667,500,welded,750.0,300.0,26.0,12.333333333333332,0.9540279656202711,2470.494433333333,5182.109123359998,6172.777391126665,MOMENT
13.0,126.66666666666667,550,welded,750.0,270.0,26.0,15.5,0.9815941661850054,2536.86095,6581.2883674427985,6481.623726044529,MOMENT
13.0,126.66666666666667,620,welded,750.0,270.0,26.0,15.5,0.946031062021138,2536.86095,7511.400719554419,6114.553931025517,DEFL
13.0,126.66666666666667,690,welded,750.0,270.0,26.0,15.5,0.946031062021138,2536.86095,8896.498797651684,5833.714576557953,DEFL
13.0,140.0,355,rolled,750.0,300.0,35.0,12.333333333333332,1.0005002890151382,3148.8547999999996,4502.862364,8083.1102716,MOMENT
13.0,140.0,460,rolled,750.0,300.0,26.0,12.333333333333332,1.016445542246377,2594.019155,4156.9156958875,6098.539033405001,MOMENT
13.0,140.0,500,rolled,750.0,300.0,26.0,12.333333333333332,0.9759778100177019,2594.019155,4544.72155956,5762.354150917,DEFL
13.0,140.0,550,rolled,750.0,240.0,30.5,15.5,1.0081213537635265,2713.04772375,5190.06029553375,5733.755059373249,DEFL
13.0,140.0,620,rolled,750.0,240.0,30.5,15.5,1.0081213537635265,2713.04772375,5751.661174350001,5352.843158958749,DEFL
13.0,140.0,690,rolled,750.0,240.0,30.5,15.5,1.0081213537635265,2713.04772375,6531.662394928126,5001.232173960749,DEFL
13.0,140.0,355,welded,750.0,300.0,35.0,21.833333333333332,0.9896893609289399,3658.1523333333325,6218.858966666665,10568.402090999996,MOMENT
13.0,140.0,460,welded,750.0,300.0,30.5,12.333333333333332,0.9894207870070838,2734.7018833333327,5231.484702816665,7233.286481416666,MOMENT
13.0,140.0,500,welded,750.0,300.0,26.0,15.5,1.011325109720152,2696.0589499999996,5655.25325352,6736.372892469999,MOMENT
13.0,140.0,550,welded,750.0,300.0,26.0,15.5,0.9595387943502333,2696.0589499999996,6994.290091293748,6888.371101748678,DEFL
13.0,140.0,620,welded,750.0,300.0,26.0,15.5,0.9595387943502333,2696.0589499999996,7982.770650867219,6498.26623370864,DEFL
13.0,140.0,690,welded,750.0,300.0,26.0,15.5,0.9595387943502333,2696.0589499999996,9454.789079816557,6199.803105438052,DEFL
14.0,20.0,355,rolled,500.0,180.0,17.0,9.166666666666666,1.0079929304192825,1199.1463749999998,1714.77931625,3078.2087446249993,MOMENT
14.0,20.0,460,rolled,500.0,180.0,17.0,9.166666666666666,0.9600028990137764,1199.1463749999998,1921.6320659374996,2819.1931276249998,DEFL
14.0,20.0,500,rolled,500.0,180.0,17.0,9.166666666666666,0.9600028990137764,1199.1463749999998,2100.9044489999997,2663.7837574249993,DEFL
14.0,20.0,550,rolled,500.0,180.0,17.0,9.166666666666666,0.9600028990137764,1199.1463749999998,2293.967015374999,2534.2759489249993,DEFL
14.0,20.0,620,rolled,500.0,180.0,17.0,9.166666666666666,0.9600028990137764,1199.1463749999998,2542.1903149999994,2365.9157978749995,DEFL
14.0,20.0,690,rolled,500.0,180.0,17.0,12.333333333333332,0.9044034870842321,1369.4309299999998,3296.904963974999,2524.4089763619995,DEFL
14.0,20.0,355,welded,583.3333333333333,210.0,12.5,9.166666666666666,0.9768367565591534,1139.4493055555554,1937.063819444444,3291.869043749999,MOMENT
14.0,20.0,460,welded,500.0,180.0,17.0,9.166666666666666,1.0108007300295345,1142.0441666666663,2184.7304908333326,3020.706820833333,MOMENT
14.0,20.0,500,welded,500.0,180.0,17.0,9.166666666666666,0.979202956994052,1142.0441666666663,2395.5518439999987,2853.511554833333,DEFL
14.0,20.0,550,welded,500.0,180.0,17.0,9.166666666666666,0.979202956994052,1142.0441666666663,2862.2434246739363,2851.35540399777,DEFL
14.0,20.0,620,welded,500.0,180.0,17.0,9.166666666666666,0.979202956994052,1142.0441666666663,3259.9819760036653,2687.759666111892,DEFL
14.0,20.0,690,welded,500.0,120.0,30.5,9.166666666666666,0.9768976400934256,1246.7239166666664,4351.925306104759,2858.335124419191,MOMENT
14.0,33.333333333333336,355,rolled,583.3333333333333,240.0,17.0,9.166666666666666,0.9307263248933766,1522.7011333333335,2177.4626206666667,3908.773809266667,MOMENT
14.0,33.333333333333336,460,rolled,583.3333333333333,180.0,21.5,9.166666666666666,1.0048784572731233,1464.7151458333333,2347.2060211979165,3443.5453078541664,MOMENT
14.0,33.333333333333336,500,rolled,583.3333333333333,210.0,17.0,12.333333333333332,0.9353416333750839,1605.7342466666664,2813.24640016,3566.978055545333,DEFL
14.0,33.333333333333336,550,rolled,583.3333333333333,210.0,17.0,12.333333333333332,0.9353416333750839,1605.7342466666664,3071.7696138733336,3393.5587569053328,DEFL
14.0,33.333333333333336,620,rolled,583.3333333333333,210.0,17.0,12.333333333333332,0.9353416333750839,1605.7342466666664,3404.1566029333335,3168.113668673333,DEFL
14.0,33.333333333333336,690,rolled,583.3333333333333,210.0,17.0,12.333333333333332,0.9353416333750839,1605.7342466666664,3865.80519885,2960.010510305333,DEFL
14.0,33.333333333333336,355,welded,583.3333333333333,240.0,17.0,12.333333333333332,0.9855124070663231,1641.3687111111108,2790.326808888888,4741.9142064,MOMENT
14.0,33.333333333333336,460,welded,583.3333333333333,180.0,26.0,9.166666666666666,0.9526526158005008,1563.9380555555554,2991.8135002777767,4136.616156944445,MOMENT
14.0,33.333333333333336,500,welded,583.3333333333333,210.0,17.0,12.333333333333332,0.9877045549129074,1529.2707111111108,3207.7982436266657,3821.0357987822213,MOMENT
14.0,33.333333333333336,550,welded,583.3333333333333,210.0,17.0,12.333333333333332,0.9540484660425855,1529.2707111111108,3860.52707391767,3836.5505560005854,DEFL
14.0,33.333333333333336,620,welded,583.3333333333333,210.0,17.0,12.333333333333332,0.9540484660425855,1529.2707111111108,4398.926402429439,3617.028537135481,DEFL
14.0,33.333333333333336,690,welded,583.3333333333333,210.0,17.0,12.333333333333332,0.9540484660425855,1529.2707111111108,5198.540155251955,3446.6226154560345,DEFL
14.0,46.66666666666667,355,rolled,666.6666666666666,180.0,30.5,9.166666666666666,1.006782021308819,1907.7037291666666,2728.0163327083333,4897.075472770833,MOMENT
14.0,46.66666666666667,460,rolled,583.3333333333333,210.0,26.0,9.166666666666666,1.010196892744753,1822.1511583333331,2919.997231229166,4283.877373241666,DEFL
14.0,46.66666666666667,500,rolled,666.6666666666666,180.0,26.0,12.333333333333332,0.9421193555925944,1954.893873333333,3424.9740660799994,4342.601250222666,MOMENT
14.0,46.66666666666667,550,rolled,666.6666666666666,210.0,17.0,12.333333333333332,1.003447258167779,1724.3346633333329,3298.6522109566654,3644.208877488665,MOMENT
14.0,46.66666666666667,620,rolled,666.6666666666666,210.0,17.0,12.333333333333332,0.9597421964295455,1724.3346633333329,3655.5894862666655,3402.1122907566655,DEFL
14.0,46.66666666666667,690,rolled,666.6666666666666,210.0,17.0,15.5,0.9003933068450338,1955.5221349999997,4707.919540012499,3604.8095036589993,DEFL
14.0,46.66666666666667,355,welded,666.6666666666666,270.0,17.0,12.333333333333332,1.0038344116391078,1866.4194888888885,3172.9131311111105,5392.085903399999,MOMENT
14.0,46.66666666666667,460,welded,666.6666666666666,240.0,17.0,12.333333333333332,0.9936187979730311,1754.3214888888886,3356.0170082444433,4640.18033811111,MOMENT
14.0,46.66666666666667,500,welded,666.6666666666666,240.0,17.0,12.333333333333332,0.9465308922517413,1754.3214888888886,3679.864755093333,4383.3476721377765,MOMENT
14.0,46.66666666666667,550,welded,666.6666666666666,210.0,21.5,12.333333333333332,0.9297114076203081,1837.7355888888885,4686.69469584556,4641.835202573665,MOMENT
14.0,46.66666666666667,620,welded,666.6666666666666,180.0,26.0,12.333333333333332,0.9911136827241119,1861.8036888888885,5471.714438993599,4465.6272986056,MOMENT
14.0,46.66666666666667,690,welded,666.6666666666666,210.0,17.0,15.5,0.9929883889304852,1862.402033333333,6383.09837093928,4219.629853307575,MOMENT
14.0,60.0,355,rolled,750.0,270.0,17.0,12.333333333333332,0.9965942090249394,2078.3408799999997,2972.0274583999994,5335.101038959999,MOMENT
14.0,60.0,460,rolled,750.0,240.0,17.0,12.333333333333332,0.9775196706710273,1960.6379799999995,3141.9223629499993,4609.459890979999,MOMENT
14.0,60.0,500,rolled,666.6666666666666,240.0,21.5,12.333333333333332,0.9451537608552508,2078.481918333333,3641.50032092,4617.139733385667,DEFL
14.0,60.0,550,rolled,666.6666666666666,240.0,21.5,12.333333333333332,0.9451537608552508,2078.481918333333,3976.1359097716663,4392.663686205667,DEFL
14.0,60.0,620,rolled,666.6666666666666,240.0,21.5,12.333333333333332,0.9451537608552508,2078.481918333333,4406.381666866666,4100.844824871666,DEFL
14.0,60.0,690,rolled,750.0,210.0,17.0,15.5,0.9979174085065802,2104.5740100000003,5066.761929075001,3879.571730034,MOMENT
14.0,60.0,355,welded,666.6666666666666,270.0,26.0,9.166666666666666,0.9677442199338921,2162.2214444444444,3675.7764555555555,6246.657752999999,MOMENT
14.0,60.0,460,welded,750.0,240.0,21.5,12.333333333333332,0.9204333298059396,2092.4593666666665,4002.8747684333325,5534.555024833333,MOMENT
14.0,60.0,500,welded,666.6666666666666,240.0,21.5,12.333333333333332,1.0038644645436574,1979.5065888888885,4152.213020853333,4945.995162997777,MOMENT
14.0,60.0,550,welded,666.6666666666666,240.0,21.5,12.333333333333332,0.9640568360723557,1979.5065888888885,5048.246922260485,4999.926770524389,DEFL
14.0,60.0,620,welded,666.6666666666666,240.0,21.5,12.333333333333332,0.9640568360723557,1979.5065888888885,5755.829519972838,4714.934575827882,DEFL
14.0,60.0,690,welded,666.6666666666666,240.0,21.5,15.5,0.9195827236795389,2196.552983333333,7615.712505005543,5013.931135319364,DEFL
14.0,73.33333333333334,355,rolled,666.6666666666666,300.0,26.0,9.166666666666666,0.9447588269479779,2450.348716666667,3503.998664833334,6290.045155683333,MOMENT
14.0,73.33333333333334,460,rolled,750.0,240.0,21.5,12.333333333333332,0.9921029707797776,2197.082334999999,3520.8244418374984,5165.340569584998,MOMENT
14.0,73.33333333333334,500,rolled,750.0,210.0,26.0,12.333333333333332,0.9965756076260343,2253.5104899999997,3948.1503784799993,5005.948202485999,MOMENT
14.0,73.33333333333334,550,rolled,666.6666666666666,240.0,26.0,12.333333333333332,1.0059381166225656,2314.926273333333,4428.453960886666,4892.365186062665,DEFL
14.0,73.33333333333334,620,rolled,666.6666666666666,240.0,26.0,12.333333333333332,1.0059381166225656,2314.926273333333,4907.6436994666665,4567.3495372866655,DEFL
14.0,73.33333333333334,690,rolled,750.0,210.0,21.5,15.5,0.9913111285545765,2306.5729575,5553.074395181249,4251.9365898555,MOMENT
14.0,73.33333333333334,355,welded,750.0,300.0,21.5,12.333333333333332,1.003317236498295,2376.0013666666664,4039.202323333333,6864.2679483,MOMENT
14.0,73.33333333333334,460,welded,750.0,270.0,21.5,12.333333333333332,0.9461891730827504,2234.230366666666,4274.082691433332,5909.539319833332,MOMENT
14.0,73.33333333333334,500,welded,666.6666666666666,300.0,21.5,12.333333333333332,0.9795348925440378,2263.0485888888884,4746.970720053332,5654.453204197776,DEFL
14.0,73.33333333333334,550,welded,750.0,240.0,21.5,15.5,0.9684963428054647,2338.50715,6006.298817870592,5934.846199603772,MOMENT
14.0,73.33333333333334,620,welded,750.0,240.0,21.5,15.5,0.9113912366817766,2338.50715,6851.07949801772,5597.469714610595,MOMENT
14.0,73.33333333333334,690,welded,750.0,210.0,26.0,15.5,0.9460620973411993,2389.1160999999997,8378.373482039007,5493.963481782194,MOMENT
14.0,86.66666666666667,355,rolled,666.6666666666666,300.0,30.5,9.166666666666666,0.9758493199409426,2752.3951291666667,3935.925034708334,7065.398296570834,MOMENT
14.0,86.66666666666667,460,rolled,750.0,270.0,21.5,12.333333333333332,0.9938587216301127,2345.9418849999993,3759.3718707124985,5515.309371634998,MOMENT
14.0,86.66666666666667,500,rolled,750.0,240.0,26.0,12.333333333333332,0.9508611806219882,2433.5266899999997,4263.53876088,5405.836189165999,MOMENT
14.0,86.66666666666667,550,rolled,750.0,240.0,21.5,15.5,1.00545780564511,2455.4325074999997,4697.242386847499,5189.311061350499,MOMENT
14.0,86.66666666666667,620,rolled,750.0,240.0,21.5,15.5,0.9895565879105022,2455.4325074999997,5205.516915899999,4844.568337297498,DEFL
14.0,86.66666666666667,690,rolled,750.0,240.0,21.5,15.5,0.9895565879105022,2455.4325074999997,5911.45376180625,4526.344284325499,DEFL
14.0,86.66666666666667,355,welded,750.0,300.0,26.0,15.5,0.9786832469384547,2903.4480999999996,4935.8617699999995,8388.0615609,MOMENT
14.0,86.66666666666667,460,welded,750.0,300.0,21.5,12.333333333333332,0.9702330274917879,2376.0013666666664,4545.290614433333,6284.523614833333,MOMENT
14.0,86.66666666666667,500,welded,750.0,270.0,21.5,15.5,1.007843466891491,2480.2781499999996,5202.631447439999,6197.222985589999,MOMENT
14.0,86.66666666666667,550,welded,750.0,270.0,21.5,15.5,0.948829166580255,2480.2781499999996,6370.428125625041,6294.64372280742,MOMENT
14.0,86.66666666666667,620,welded,750.0,270.0,21.5,15.5,0.922828788636828,2480.2781499999996,7266.423274714518,5936.813932099968,DEFL
14.0,86.66666666666667,690,welded,750.0,210.0,30.5,15.5,0.9636713906870701,2581.4960499999997,9155.702333547262,5980.09703943099,MOMENT
14.0,100.0,355,rolled,666.6666666666666,300.0,35.0,9.166666666666666,1.0007038951553189,3054.4415416666666,4367.8514045833335,7840.751437458333,MOMENT
14.0,100.0,460,rolled,750.0,300.0,21.5,12.333333333333332,1.0047135231359108,2494.8014349999994,3997.919299587499,5865.2781736849975,DEFL
14.0,100.0,500,rolled,750.0,270.0,26.0,12.333333333333332,0.9519999227484829,2613.5428899999997,4578.927143280001,5805.724175845999,DEFL
14.0,100.0,550,rolled,750.0,240.0,26.0,15.5,1.0046488852168347,2688.588105,5143.269044864999,5682.062101106999,DEFL
14.0,100.0,620,rolled,750.0,240.0,26.0,15.5,1.0046488852168347,2688.588105,5699.8067826,5304.584331165,DEFL
14.0,100.0,690,rolled,750.0,240.0,26.0,15.5,1.0046488852168347,2688.588105,6472.775862787499,4956.143312756999,DEFL
14.0,100.0,355,welded,750.0,300.0,30.5,15.5,0.9988272401735271,3184.84705,5414.239985,9201.023127449998,MOMENT
14.0,100.0,460,welded,750.0,300.0,26.0,12.333333333333332,0.9622198797746861,2660.532466666666,5089.598608733332,7037.108374333332,MOMENT
14.0,100.0,500,welded,750.0,300.0,21.5,15.5,1.0047555373599117,2622.04915,5500.010297039999,6551.452006189999,MOMENT
14.0,100.0,550,welded,750.0,270.0,26.0,15.5,0.9414797641986651,2732.0040999999997,7087.541318784551,6980.2101665094915,MOMENT
14.0,100.0,620,welded,750.0,270.0,21.5,18.666666666666664,1.0173033615003693,2726.3259333333326,8047.166484305571,6557.747920291117,DEFL
14.0,100.0,690,welded,750.0,270.0,26.0,15.5,0.9328184009963356,2732.0040999999997,9580.844859009505,6282.461851677795,DEFL
14.0,113.33333333333334,355,rolled,750.0,300.0,35.0,12.333333333333332,0.9558233519349866,3391.0743999999995,4849.236392,8704.887984799998,MOMENT
14.0,113.33333333333334,460,rolled,750.0,300.0,26.0,12.333333333333332,0.9867874565252566,2793.5590899999997,4476.678441724999,6567.657420589999,DEFL
14.0,113.33333333333334,500,rolled,750.0,300.0,26.0,12.333333333333332,0.9867874565252566,2793.5590899999997,4894.315525679999,6205.612162525999,DEFL
14.0,113.33333333333334,550,rolled,750.0,240.0,30.5,15.5,1.0192870128175,2921.7437025000004,5589.2957028825,6174.813140863501,DEFL
14.0,113.33333333333334,620,rolled,750.0,240.0,30.5,15.5,1.0192870128175,2921.7437025000004,6194.096649300001,5764.600325032501,DEFL
14.0,113.33333333333334,690,rolled,750.0,240.0,30.5,15.5,1.0192870128175,2921.7437025000004,7034.0979637687515,5385.942341188501,DEFL
14.0,113.33333333333334,355,welded,750.0,300.0,35.0,15.5,1.015511703627874,3466.2459999999996,5892.618199999999,10013.984693999997,MOMENT
14.0,113.33333333333334,460,welded,750.0,300.0,30.5,12.333333333333332,0.9569484534321918,2945.0635666666662,5633.906603033332,7789.6931338333325,MOMENT
14.0,113.33333333333334,500,welded,750.0,300.0,26.0,15.5,0.9836116743074826,2903.4480999999996,6090.27273456,7254.555422659998,MOMENT
14.0,113.33333333333334,550,welded,750.0,300.0,26.0,15.5,0.9701663670990677,2903.4480999999996,7532.312406008652,7418.245801883191,DEFL
14.0,113.33333333333334,620,welded,750.0,300.0,26.0,15.5,0.9701663670990677,2903.4480999999996,8596.82993170316,6998.132867070842,DEFL
14.0,113.33333333333334,690,welded,750.0,300.0,26.0,15.5,0.9701663670990677,2903.4480999999996,10182.080547494754,6676.711036625593,DEFL
14.0,126.66666666666667,355,rolled,750.0,300.0,35.0,18.666666666666664,0.9966680119677104,3888.0422,5559.900345999999,9980.6043274,MOMENT
14.0,126.66666666666667,460,rolled,750.0,300.0,30.5,12.333333333333332,0.9760051913380048,3092.3167449999996,4955.4375838625,7270.036667494998,DEFL
14.0,126.66666666666667,500,rolled,750.0,300.0,30.5,12.333333333333332,0.9760051913380048,3092.3167449999996,5417.73893724,6869.272417342999,DEFL
14.0,126.66666666666667,550,rolled,750.0,300.0,30.5,15.5,0.945835509030969,3344.0894025000002,6397.243026982501,7067.398543243499,DEFL
14.0,126.66666666666667,620,rolled,750.0,300.0,30.5,15.5,0.945835509030969,3344.0894025000002,7089.469533300001,6597.8883911325,DEFL
14.0,126.66666666666667,690,rolled,750.0,300.0,30.5,15.5,0.945835509030969,3344.0894025000002,8050.895236518751,6164.4944045685,DEFL
14.0,126.66666666666667,460,welded,750.0,300.0,35.0,12.333333333333332,0.9532562084709983,3229.5946666666664,6178.214597333333,8542.277893333334,MOMENT
14.0,126.66666666666667,500,welded,750.0,300.0,30.5,12.333333333333332,1.0035929620773372,2945.0635666666662,6177.56533744,7358.535827673332,MOMENT
14.0,126.66666666666667,550,welded,750.0,300.0,30.5,15.5,0.9647522192115885,3184.84705,8344.605334801503,8191.674075215785,DEFL
14.0,126.66666666666667,620,welded,750.0,300.0,30.5,15.5,0.9647522192115885,3184.84705,9529.464938267118,7729.492415409187,DEFL
14.0,126.66666666666667,690,welded,750.0,300.0,30.5,15.5,0.9647522192115885,3184.84705,11295.586358800012,7377.77399068479,DEFL
14.0,140.0,460,rolled,750.0,300.0,35.0,12.333333333333332,0.970028438635615,3391.0743999999995,5434.196725999999,7972.4159144,DEFL
14.0,140.0,500,rolled,750.0,300.0,35.0,12.333333333333332,0.970028438635615,3391.0743999999995,5941.1623488,7532.932672159998,DEFL
14.0,140.0,550,rolled,750.0,300.0,30.5,18.666666666666664,1.0140513979212622,3595.86206,6878.88412078,7599.494877603998,DEFL
14.0,140.0,620,rolled,750.0,300.0,30.5,18.666666666666664,1.0140513979212622,3595.86206,7623.2275672000005,7094.63584438,DEFL
14.0,140.0,690,rolled,750.0,300.0,30.5,18.666666666666664,1.0140513979212622,3595.86206,8657.037909449999,6628.612121403999,DEFL
14.0,140.0,460,welded,750.0,300.0,35.0,18.666666666666664,0.9886281491740687,3702.897333333333,7083.6425986666645,9794.16344666667,MOMENT
14.0,140.0,500,welded,750.0,300.0,35.0,12.333333333333332,0.9894290074083275,3229.5946666666664,6774.3977728,8069.465234133332,DEFL
14.0,140.0,550,welded,750.0,300.0,35.0,15.5,0.9628791244194608,3466.2459999999996,9171.43621975805,8974.726066008847,DEFL
14.0,140.0,620,welded,750.0,300.0,35.0,15.5,0.9628791244194608,3466.2459999999996,10479.6720711032,8470.236794604372,DEFL
14.0,140.0,690,welded,750.0,300.0,35.0,15.5,0.9628791244194608,3466.2459999999996,12431.476155107624,8088.372907941899,DEFL
15.0,20.0,355,rolled,500.0,180.0,21.5,9.166666666666666,0.9935142926171013,1474.8923437499998,2109.0960515624993,3786.048646406249,DEFL
15.0,20.0,460,rolled,500.0,150.0,26.0,9.166666666666666,1.011153439568772,1472.1104999999998,2359.057076249999,3460.931785499999,DEFL
15.0,20.0,500,rolled,500.0,150.0,26.0,9.166666666666666,1.011153439568772,1472.1104999999998,2579.1375959999996,3270.146264699999,DEFL
15.0,20.0,550,rolled,500.0,150.0,26.0,9.166666666666666,1.011153439568772,1472.1104999999998,2816.1473864999994,3111.158330699999,DEFL
15.0,20.0,620,rolled,500.0,150.0,26.0,9.166666666666666,1.011153439568772,1472.1104999999998,3120.8742599999996,2904.4740165,DEFL
15.0,20.0,690,rolled,500.0,150.0,26.0,9.166666666666666,1.011153439568772,1472.1104999999998,3544.1060287499995,2713.688495699999,DEFL
15.0,20.0,355,welded,583.3333333333333,210.0,17.0,9.166666666666666,0.916253291727886,1433.6716666666664,2437.241833333333,4141.877444999999,MOMENT
15.0,20.0,460,welded,500.0,180.0,21.5,9.166666666666666,1.0133845784694435,1404.659375,2687.113384375,3715.3240468749996,DEFL
15.0,20.0,500,welded,500.0,180.0,21.5,9.166666666666666,1.0133845784694435,1404.659375,2946.413505,3509.6819143749995,DEFL
15.0,20.0,550,welded,500.0,180.0,21.5,9.166666666666666,1.0133845784694435,1404.659375,3556.7062581356245,3531.0493118556246,DEFL
15.0,20.0,620,welded,500.0,180.0,21.5,9.166666666666666,1.0133845784694435,1404.659375,4053.47837363,3329.2382005130207,DEFL
15.0,20.0,690,welded,500.0,120.0,35.0,9.166666666666666,1.0145326429337795,1453.2312499999998,5130.577069548828,3356.413049548437,DEFL
15.0,33.333333333333336,355,rolled,583.3333333333333,270.0,17.0,9.166666666666666,0.9906126855853448,1757.57575,2513.3333224999997,4511.69695025,DEFL
15.0,33.333333333333336,460,rolled,583.3333333333333,180.0,26.0,9.166666666666666,1.0152845394999654,1759.4303125,2819.48707578125,4136.4206646875,DEFL
15.0,33.333333333333336,500,rolled,666.6666666666666,210.0,17.0,12.333333333333332,0.9212404478582529,1847.5014249999997,3236.8224966,4104.039665494999,MOMENT
15.0,33.333333333333336,550,rolled,666.6666666666666,180.0,21.5,12.333333333333332,0.9743680959983992,1907.9601624999996,3649.9277908624995,4032.2830074274993,MOMENT
15.0,33.333333333333336,620,rolled,666.6666666666666,180.0,21.5,12.333333333333332,0.9432268670803212,1907.9601624999996,4044.8755444999997,3764.4054006124993,MOMENT
15.0,33.333333333333336,690,rolled,583.3333333333333,150.0,30.5,12.333333333333332,1.0100915546102098,1927.7696374999996,4641.10540228125,3553.650549767499,DEFL
15.0,33.333333333333336,355,welded,583.3333333333333,270.0,17.0,12.333333333333332,1.0033334857816898,1878.7143333333331,3193.814366666667,5427.605708999999,MOMENT
15.0,33.333333333333336,460,welded,583.3333333333333,240.0,21.5,9.166666666666666,0.9322475020393612,1798.4022916666663,3440.3435839583317,4756.774061458333,DEFL
15.0,33.333333333333336,500,welded,583.3333333333333,210.0,21.5,12.333333333333332,0.9964004322768859,1847.9815833333332,3876.3261692,4617.366784116666,DEFL
15.0,33.333333333333336,550,welded,666.6666666666666,210.0,17.0,12.333333333333332,1.0077945931377952,1759.5251666666663,4441.786855527265,4414.2003161542,MOMENT
15.0,33.333333333333336,620,welded,583.3333333333333,210.0,21.5,12.333333333333332,0.9964004322768859,1847.9815833333332,5373.393051288898,4401.658631327022,DEFL
15.0,33.333333333333336,690,welded,583.3333333333333,210.0,21.5,12.333333333333332,0.9964004322768859,1847.9815833333332,6355.4520211580875,4196.235158242029,DEFL
15.0,46.66666666666667,355,rolled,750.0,270.0,17.0,12.333333333333332,0.9191314760799579,2226.7937999999995,3184.315133999999,5716.179684599999,MOMENT
15.0,46.66666666666667,460,rolled,750.0,240.0,17.0,12.333333333333332,0.9234461314837343,2100.6835499999997,3366.3453888749996,4938.70702605,MOMENT
15.0,46.66666666666667,500,rolled,666.6666666666666,240.0,17.0,15.5,1.0071184892373901,2221.3125374999995,3891.7395656999997,4934.423670802499,DEFL
15.0,46.66666666666667,550,rolled,666.6666666666666,210.0,21.5,12.333333333333332,1.0062541405155756,2067.4525375,3955.0367042374996,4369.354192752498,DEFL
15.0,46.66666666666667,620,rolled,666.6666666666666,210.0,21.5,12.333333333333332,1.0062541405155756,2067.4525375,4382.999379499999,4079.0838564875,DEFL
15.0,46.66666666666667,690,rolled,750.0,210.0,17.0,15.5,0.9761478593772382,2254.900725,5428.673495437501,4156.683996464999,MOMENT
15.0,46.66666666666667,355,welded,750.0,240.0,21.5,12.333333333333332,1.0150063733607655,2241.9207499999993,3811.265274999999,6476.909046749998,MOMENT
15.0,46.66666666666667,460,welded,666.6666666666666,240.0,21.5,12.333333333333332,0.9915540061415118,2120.8999166666663,4057.2815405833326,5609.780279583332,MOMENT
15.0,46.66666666666667,500,welded,666.6666666666666,240.0,21.5,12.333333333333332,0.9454532354805822,2120.8999166666663,4448.799665199998,5299.280531783332,MOMENT
15.0,46.66666666666667,550,welded,666.6666666666666,240.0,21.5,12.333333333333332,0.9222482487937078,2120.8999166666663,5408.835988136233,5357.064396990418,DEFL
15.0,46.66666666666667,620,welded,666.6666666666666,240.0,21.5,12.333333333333332,0.9222482487937078,2120.8999166666663,6166.960199970898,5051.715616958445,DEFL
15.0,46.66666666666667,690,welded,666.6666666666666,210.0,21.5,15.5,1.004741449334545,2201.5521249999997,7633.045128435983,5025.342356556712,MOMENT
15.0,60.0,355,rolled,750.0,270.0,21.5,12.333333333333332,0.9898371104135726,2513.5091624999995,3594.3181023749994,6452.1780201374995,MOMENT
15.0,60.0,460,rolled,750.0,240.0,21.5,12.333333333333332,0.9796500356745215,2354.0167874999993,3772.3119019687483,5534.293467412499,MOMENT
15.0,60.0,500,rolled,750.0,210.0,26.0,12.333333333333332,0.9958940925285694,2414.475525,4230.1611198,5363.515931235,MOMENT
15.0,60.0,550,rolled,666.6666666666666,240.0,26.0,12.333333333333332,1.0123035479860332,2480.278149999999,4744.772100949997,5241.819842209997,DEFL
15.0,60.0,620,rolled,666.6666666666666,240.0,26.0,12.333333333333332,1.0123035479860332,2480.278149999999,5258.189677999998,4893.588789949998,DEFL
15.0,60.0,690,rolled,750.0,210.0,21.5,15.5,1.014246602479441,2471.32816875,5949.722566265625,4555.646346273749,MOMENT
15.0,60.0,355,welded,666.6666666666666,300.0,26.0,9.166666666666666,0.9990671523383031,2500.355833333333,4250.604916666665,7223.528002499999,MOMENT
15.0,60.0,460,welded,750.0,270.0,21.5,12.333333333333332,0.9277575429271844,2393.8182499999994,4579.374312249999,6331.6492712499985,MOMENT
15.0,60.0,500,welded,666.6666666666666,300.0,21.5,12.333333333333332,0.9857332481124153,2424.6949166666664,5086.0400572,6058.342718783332,DEFL
15.0,60.0,550,welded,750.0,240.0,21.5,15.5,0.9684912620249863,2505.5433749999997,6435.320162004206,6358.763785289755,MOMENT
15.0,60.0,620,welded,750.0,240.0,21.5,15.5,0.9164124192345069,2505.5433749999997,7340.4423193047,5997.28897993992,MOMENT
15.0,60.0,690,welded,750.0,210.0,26.0,15.5,0.9600417841851249,2559.76725,8976.82873075608,5886.389444766639,MOMENT
15.0,73.33333333333334,355,rolled,666.6666666666666,300.0,30.5,9.166666666666666,0.9647784053795312,2948.99478125,4217.062537187499,7570.069603468749,MOMENT
15.0,73.33333333333334,460,rolled,750.0,270.0,21.5,12.333333333333332,1.0034304671016303,2513.5091624999995,4027.8984329062487,5909.260041037501,MOMENT
15.0,73.33333333333334,500,rolled,750.0,240.0,26.0,12.333333333333332,0.9700114183533266,2607.3500249999997,4568.077243799999,5791.967345534999,MOMENT
15.0,73.33333333333334,550,rolled,750.0,270.0,21.5,15.5,0.9415859414684074,2790.31291875,5337.868613568749,5897.04732248625,DEFL
15.0,73.33333333333334,620,rolled,750.0,270.0,21.5,15.5,0.9415859414684074,2790.31291875,5915.46338775,5505.28738869375,DEFL
15.0,73.33333333333334,690,rolled,750.0,270.0,21.5,15.5,0.9415859414684074,2790.31291875,6717.678351890625,5143.662834423749,DEFL
15.0,73.33333333333334,355,welded,750.0,300.0,26.0,12.333333333333332,1.0194273404640402,2850.5704999999994,4845.969849999998,8235.298174499996,MOMENT
15.0,73.33333333333334,460,welded,750.0,300.0,21.5,12.333333333333332,0.9764299867963662,2545.7157499999994,4869.954229749999,6733.418158749998,MOMENT
15.0,73.33333333333334,500,welded,750.0,270.0,26.0,12.333333333333332,0.9180061512869536,2666.8804999999993,5594.048536799999,6663.467617299999,MOMENT
15.0,73.33333333333334,550,welded,750.0,270.0,21.5,15.5,0.971058393525248,2657.440875,6825.45870602683,6744.261131579379,MOMENT
15.0,73.33333333333334,620,welded,750.0,270.0,21.5,15.5,0.9604176602977755,2657.440875,7785.453508622698,6360.872070107109,DEFL
15.0,73.33333333333334,690,welded,750.0,240.0,26.0,15.5,0.9242842969132288,2743.45725,9621.009825561705,6308.799285782138,DEFL
15.0,86.66666666666667,355,rolled,666.6666666666666,300.0,35.0,9.166666666666666,1.012034529064179,3272.6159374999997,4679.8407906249995,8400.805111562498,MOMENT
15.0,86.66666666666667,460,rolled,750.0,270.0,26.0,12.333333333333332,1.0157797587656971,2800.2245249999996,4487.359801312499,6583.327858274998,MOMENT
15.0,86.66666666666667,500,rolled,750.0,270.0,26.0,12.333333333333332,1.0147958360201577,2800.2245249999996,4905.993367799999,6220.418759834998,DEFL
15.0,86.66666666666667,550,rolled,750.0,270.0,26.0,15.5,0.9748520204204115,3073.5046125,5879.614323712501,6495.5446480575,DEFL
15.0,86.66666666666667,620,rolled,750.0,270.0,26.0,15.5,0.9748520204204115,3073.5046125,6515.829778500001,6064.0246004625005,DEFL
15.0,86.66666666666667,690,rolled,750.0,270.0,26.0,15.5,0.9748520204204115,3073.5046125,7399.46235459375,5665.6984026825,DEFL
15.0,86.66666666666667,355,welded,750.0,300.0,30.5,15.5,1.019201611816165,3412.336125,5800.9714125,9858.239065124999,MOMENT
15.0,86.66666666666667,460,welded,750.0,300.0,26.0,12.333333333333332,0.9893958098645541,2850.5704999999994,5453.141366499998,7539.758972499999,MOMENT
15.0,86.66666666666667,500,welded,750.0,300.0,26.0,12.333333333333332,0.9466902256934175,2850.5704999999994,5979.356680799998,7122.435451299998,DEFL
15.0,86.66666666666667,550,welded,750.0,270.0,26.0,15.5,0.9943490608288198,2927.14725,7593.794270126305,7478.796606974456,DEFL
15.0,86.66666666666667,620,welded,750.0,270.0,26.0,15.5,0.9943490608288198,2927.14725,8667.0008302551,7055.254535798671,DEFL
15.0,86.66666666666667,690,welded,750.0,270.0,26.0,15.5,0.9943490608288198,2927.14725,10265.190920367331,6731.2091267976375,DEFL
15.0,100.0,355,rolled,750.0,300.0,35.0,12.333333333333332,0.9858641280259852,3633.294,5195.61042,9326.665697999999,MOMENT
15.0,100.0,460,rolled,750.0,300.0,30.5,12.333333333333332,0.9477187128181389,3313.1965124999997,5309.397411281249,7789.3250008875,DEFL
15.0,100.0,500,rolled,750.0,300.0,30.5,12.333333333333332,0.9477187128181389,3313.1965124999997,5804.720289899999,7359.934732867499,DEFL
15.0,100.0,550,rolled,750.0,270.0,30.5,15.5,1.0035984934883977,3356.6963062500004,6421.360033856251,7094.04197362875,DEFL
15.0,100.0,620,rolled,750.0,270.0,30.5,15.5,1.0035984934883977,3356.6963062500004,7116.196169250002,6622.76181223125,DEFL
15.0,100.0,690,rolled,750.0,270.0,30.5,15.5,1.0035984934883977,3356.6963062500004,8081.246357296876,6187.73397094125,DEFL
15.0,100.0,355,welded,750.0,300.0,35.0,18.666666666666664,1.019805210583287,3967.3899999999994,6744.562999999999,11461.789709999997,MOMENT
15.0,100.0,460,welded,750.0,300.0,30.5,12.333333333333332,0.9996652192547307,3155.4252499999993,6036.328503249999,8346.099786249997,MOMENT
15.0,100.0,500,welded,750.0,300.0,30.5,12.333333333333332,0.9666730870745018,3155.4252499999993,6618.820004399999,7884.145529649999,DEFL
15.0,100.0,550,welded,750.0,300.0,26.0,18.666666666666664,1.0161730143286738,3371.104,8806.814687299202,8653.661387254399,DEFL
15.0,100.0,620,welded,750.0,300.0,26.0,18.666666666666664,1.0161730143286738,3371.104,10055.582518220801,8164.874286946666,DEFL
15.0,100.0,690,welded,750.0,300.0,26.0,18.666666666666664,1.0161730143286738,3371.104,11916.450635848001,7792.318357753598,DEFL
15.0,113.33333333333334,355,rolled,750.0,300.0,35.0,21.833333333333332,1.0097435824011245,4431.992249999999,6337.748917499998,11376.924105749998,MOMENT
15.0,113.33333333333334,460,rolled,750.0,300.0,35.0,12.333333333333332,0.9658368330334308,3633.294,5822.353635,8541.874194,DEFL
15.0,113.33333333333334,500,rolled,750.0,300.0,35.0,12.333333333333332,0.9658368330334308,3633.294,6365.531088000001,8070.9992916,DEFL
15.0,113.33333333333334,550,rolled,750.0,300.0,30.5,18.666666666666664,1.0096695639964672,3852.7093499999996,7370.232986549999,8142.31594029,DEFL
15.0,113.33333333333334,620,rolled,750.0,300.0,30.5,18.666666666666664,1.0096695639964672,3852.7093499999996,8167.743822,7601.39554755,DEFL
15.0,113.33333333333334,690,rolled,750.0,300.0,30.5,18.666666666666664,1.0096695639964672,3852.7093499999996,9275.397760125,7102.084415789999,DEFL
15.0,113.33333333333334,460,welded,750.0,300.0,35.0,12.333333333333332,1.0078635400036238,3460.2799999999993,6619.515639999998,9152.440600000002,MOMENT
15.0,113.33333333333334,500,welded,750.0,300.0,35.0,12.333333333333332,0.9851535696940997,3460.2799999999993,7258.283327999999,8645.855608,DEFL
15.0,113.33333333333334,550,welded,750.0,300.0,35.0,15.5,0.9587184118347662,3713.8349999999996,9826.538806883624,9615.777927866622,DEFL
15.0,113.33333333333334,620,welded,750.0,300.0,35.0,15.5,0.9587184118347662,3713.8349999999996,11228.220076181997,9075.253708504686,DEFL
15.0,113.33333333333334,690,welded,750.0,300.0,35.0,15.5,0.9587184118347662,3713.8349999999996,13319.438737615312,8666.113829937747,DEFL
15.0,126.66666666666667,460,rolled,750.0,300.0,35.0,21.833333333333332,0.9969931263413453,4431.992249999999,7102.267580624998,10419.61377975,DEFL
15.0,126.66666666666667,500,rolled,750.0,300.0,35.0,21.833333333333332,0.9969931263413453,4431.992249999999,7764.850421999999,9845.22758415,DEFL
15.0,126.66666666666667,550,rolled,750.0,300.0,35.0,21.833333333333332,0.9969931263413453,4431.992249999999,8478.401174249997,9366.572421149998,DEFL
15.0,126.66666666666667,620,rolled,750.0,300.0,35.0,21.833333333333332,0.9969931263413453,4431.992249999999,9395.82357,8744.32070925,DEFL
15.0,126.66666666666667,690,rolled,750.0,300.0,35.0,21.833333333333332,0.9969931263413453,4431.992249999999,10670.021341875,8169.934513649999,DEFL
15.0,126.66666666666667,460,welded,750.0,300.0,35.0,25.0,0.9967556154189559,4474.5,8559.718499999999,11835.052500000002,MOMENT
15.0,126.66666666666667,500,welded,750.0,300.0,35.0,21.833333333333332,1.0169329888681724,4220.945,8853.854232,10546.453176999998,DEFL
15.0,126.66666666666667,550,welded,750.0,300.0,35.0,21.833333333333332,1.0169329888681724,4220.945,11321.769967147624,11030.358456914622,DEFL
15.0,126.66666666666667,620,welded,750.0,300.0,35.0,21.833333333333332,1.0169329888681724,4220.945,12946.872519318,10413.506160271352,DEFL
15.0,126.66666666666667,690,welded,750.0,300.0,35.0,21.833333333333332,1.0169329888681724,4220.945,15374.43048027531,9950.095063249748,DEFL
