panel,run,step,value,tag
a,2a_reward_mode__feasibility_gated__seed42,8192.0,-2864.51220703125,
a,2a_reward_mode__feasibility_gated__seed42,16384.0,-2545.99658203125,
a,2a_reward_mode__feasibility_gated__seed42,24576.0,-1635.9912109375,
a,2a_reward_mode__feasibility_gated__seed42,32768.0,-1181.5848388671875,
a,2a_reward_mode__feasibility_gated__seed42,45056.0,-855.7159729003906,
a,2a_reward_mode__feasibility_gated__seed42,57344.0,-469.5689086914063,
a,2a_reward_mode__feasibility_gated__seed42,65536.0,-412.9519958496094,
a,2a_reward_mode__feasibility_gated__seed42,73728.0,-254.9006805419922,
a,2a_reward_mode__feasibility_gated__seed42,81920.0,-242.07913208007807,
a,2a_reward_mode__feasibility_gated__seed42,94208.0,-197.1686782836914,
a,2a_reward_mode__feasibility_gated__seed42,106496.0,-170.91586303710938,
a,2a_reward_mode__feasibility_gated__seed42,114688.0,-178.9199676513672,
a,2a_reward_mode__feasibility_gated__seed42,122880.0,-140.71688842773438,
a,2a_reward_mode__feasibility_gated__seed42,135168.0,-159.8427505493164,
a,2a_reward_mode__feasibility_gated__seed42,147456.0,-150.84829711914062,
a,2a_reward_mode__feasibility_gated__seed42,155648.0,-170.7350616455078,
a,2a_reward_mode__feasibility_gated__seed42,163840.0,-122.5407485961914,
a,2a_reward_mode__feasibility_gated__seed42,172032.0,-115.5492706298828,
a,2a_reward_mode__feasibility_gated__seed42,184320.0,-120.52406692504884,
a,2a_reward_mode__feasibility_gated__seed42,196608.0,-129.01373291015625,
a,2a_reward_mode__feasibility_gated__seed42,204800.0,-122.84011840820312,
a,2a_reward_mode__feasibility_gated__seed42,212992.0,-100.93889617919922,
a,2a_reward_mode__feasibility_gated__seed42,225280.0,-100.28657913208008,
a,2a_reward_mode__feasibility_gated__seed42,237568.0,-91.49879455566406,
a,2a_reward_mode__feasibility_gated__seed42,245760.0,-85.44641876220703,
a,2a_reward_mode__feasibility_gated__seed42,253952.0,-95.45880889892578,
a,2a_reward_mode__feasibility_gated__seed42,262144.0,-73.87345123291016,
a,2a_reward_mode__feasibility_gated__seed42,274432.0,-86.39908599853516,
a,2a_reward_mode__feasibility_gated__seed42,286720.0,-86.71941375732422,
a,2a_reward_mode__feasibility_gated__seed42,294912.0,-108.7620086669922,
a,2a_reward_mode__feasibility_gated__seed42,303104.0,-75.81884765625,
a,2a_reward_mode__feasibility_gated__seed42,315392.0,-86.95207214355469,
a,2a_reward_mode__feasibility_gated__seed42,327680.0,-83.03560638427734,
a,2a_reward_mode__feasibility_gated__seed42,335872.0,-97.20736694335938,
a,2a_reward_mode__feasibility_gated__seed42,344064.0,-83.14495849609375,
a,2a_reward_mode__feasibility_gated__seed42,352256.0,-76.64644622802734,
a,2a_reward_mode__feasibility_gated__seed42,364544.0,-75.0569839477539,
a,2a_reward_mode__feasibility_gated__seed42,376832.0,-77.95960235595703,
a,2a_reward_mode__feasibility_gated__seed42,385024.0,-72.83031463623047,
a,2a_reward_mode__feasibility_gated__seed42,393216.0,-64.77566528320312,
a,2a_reward_mode__feasibility_gated__seed42,405504.0,-84.5037612915039,
a,2a_reward_mode__feasibility_gated__seed42,417792.0,-68.99593353271484,
a,2a_reward_mode__feasibility_gated__seed42,425984.0,-63.74446487426758,
a,2a_reward_mode__feasibility_gated__seed42,434176.0,-67.35092163085938,
a,2a_reward_mode__feasibility_gated__seed42,442368.0,-67.37531280517578,
a,2a_reward_mode__feasibility_gated__seed42,454656.0,-73.89771270751953,
a,2a_reward_mode__feasibility_gated__seed42,466944.0,-55.24746322631836,
a,2a_reward_mode__feasibility_gated__seed42,475136.0,-71.49295043945312,
a,2a_reward_mode__feasibility_gated__seed42,483328.0,-64.05974578857422,
a,2a_reward_mode__feasibility_gated__seed42,495616.0,-67.68952369689941,
a,2a_reward_mode__feasibility_gated__seed42,507904.0,-61.93198013305664,
a,2a_reward_mode__feasibility_gated__seed42,516096.0,-63.213661193847656,
a,2a_reward_mode__feasibility_gated__seed42,524288.0,-57.07405853271485,
a,2a_reward_mode__feasibility_gated__seed42,532480.0,-65.45848083496094,
a,2a_reward_mode__feasibility_gated__seed42,544768.0,-59.3851432800293,
a,2a_reward_mode__feasibility_gated__seed42,557056.0,-52.19616317749024,
a,2a_reward_mode__feasibility_gated__seed42,565248.0,-63.58919525146485,
a,2a_reward_mode__feasibility_gated__seed42,573440.0,-67.11677551269531,
a,2a_reward_mode__feasibility_gated__seed42,585728.0,-67.47457885742188,
a,2a_reward_mode__feasibility_gated__seed42,598016.0,-72.34228515625,
a,2a_reward_mode__feasibility_gated__seed42,606208.0,-55.10052490234375,
a,2a_reward_mode__feasibility_gated__seed42,614400.0,-59.32152557373047,
a,2a_reward_mode__feasibility_gated__seed42,622592.0,-56.158939361572266,
a,2a_reward_mode__feasibility_gated__seed42,634880.0,-70.91482162475586,
a,2a_reward_mode__feasibility_gated__seed42,647168.0,-71.05293273925781,
a,2a_reward_mode__feasibility_gated__seed42,655360.0,-59.00459289550781,
a,2a_reward_mode__feasibility_gated__seed42,663552.0,-62.46192169189453,
a,2a_reward_mode__feasibility_gated__seed42,675840.0,-66.14747619628906,
a,2a_reward_mode__feasibility_gated__seed42,688128.0,-62.42060852050781,
a,2a_reward_mode__feasibility_gated__seed42,696320.0,-69.20356750488281,
a,2a_reward_mode__feasibility_gated__seed42,704512.0,-50.68624114990234,
a,2a_reward_mode__feasibility_gated__seed42,712704.0,-56.95133209228516,
a,2a_reward_mode__feasibility_gated__seed42,724992.0,-53.326223373413086,
a,2a_reward_mode__feasibility_gated__seed42,737280.0,-60.561622619628906,
a,2a_reward_mode__feasibility_gated__seed42,745472.0,-52.53790664672852,
a,2a_reward_mode__feasibility_gated__seed42,753664.0,-53.47953796386719,
a,2a_reward_mode__feasibility_gated__seed42,761856.0,-51.43982696533203,
a,2a_reward_mode__feasibility_gated__seed42,774144.0,-52.99837684631348,
a,2a_reward_mode__feasibility_gated__seed42,786432.0,-44.637489318847656,
a,2a_reward_mode__feasibility_gated__seed42,794624.0,-57.14717102050781,
a,2a_reward_mode__feasibility_gated__seed42,802816.0,-48.99161911010742,
a,2a_reward_mode__feasibility_gated__seed42,815104.0,-47.18171691894531,
a,2a_reward_mode__feasibility_gated__seed42,827392.0,-42.71039581298828,
a,2a_reward_mode__feasibility_gated__seed42,835584.0,-46.44902420043945,
a,2a_reward_mode__feasibility_gated__seed42,843776.0,-59.07735824584961,
a,2a_reward_mode__feasibility_gated__seed42,851968.0,-49.45025253295898,
a,2a_reward_mode__feasibility_gated__seed42,864256.0,-44.73698043823242,
a,2a_reward_mode__feasibility_gated__seed42,876544.0,-47.70690536499024,
a,2a_reward_mode__feasibility_gated__seed42,884736.0,-45.84850692749024,
a,2a_reward_mode__feasibility_gated__seed42,892928.0,-54.62614822387695,
a,2a_reward_mode__feasibility_gated__seed42,905216.0,-51.30669593811035,
a,2a_reward_mode__feasibility_gated__seed42,917504.0,-45.932159423828125,
a,2a_reward_mode__feasibility_gated__seed42,925696.0,-47.730804443359375,
a,2a_reward_mode__feasibility_gated__seed42,933888.0,-56.39171600341797,
a,2a_reward_mode__feasibility_gated__seed42,942080.0,-41.076416015625,
a,2a_reward_mode__feasibility_gated__seed42,954368.0,-45.23912811279297,
a,2a_reward_mode__feasibility_gated__seed42,966656.0,-49.435150146484375,
a,2a_reward_mode__feasibility_gated__seed42,974848.0,-48.29376983642578,
a,2a_reward_mode__feasibility_gated__seed42,983040.0,-48.04301834106445,
a,2a_reward_mode__feasibility_gated__seed42,995328.0,-44.06134223937988,
a,2a_reward_mode__feasibility_gated__seed42,1007616.0,-48.73731231689453,
a,2a_reward_mode__feasibility_gated__seed43,8192.0,-2940.41845703125,
a,2a_reward_mode__feasibility_gated__seed43,16384.0,-2334.82373046875,
a,2a_reward_mode__feasibility_gated__seed43,24576.0,-1683.357421875,
a,2a_reward_mode__feasibility_gated__seed43,32768.0,-1165.46826171875,
a,2a_reward_mode__feasibility_gated__seed43,45056.0,-678.0559692382812,
a,2a_reward_mode__feasibility_gated__seed43,57344.0,-353.56939697265625,
a,2a_reward_mode__feasibility_gated__seed43,65536.0,-342.7276916503906,
a,2a_reward_mode__feasibility_gated__seed43,73728.0,-288.628662109375,
a,2a_reward_mode__feasibility_gated__seed43,81920.0,-239.5887908935547,
a,2a_reward_mode__feasibility_gated__seed43,94208.0,-173.17816925048828,
a,2a_reward_mode__feasibility_gated__seed43,106496.0,-169.05255126953125,
a,2a_reward_mode__feasibility_gated__seed43,114688.0,-173.76113891601562,
a,2a_reward_mode__feasibility_gated__seed43,122880.0,-128.512939453125,
a,2a_reward_mode__feasibility_gated__seed43,135168.0,-138.36913299560547,
a,2a_reward_mode__feasibility_gated__seed43,147456.0,-115.20345306396484,
a,2a_reward_mode__feasibility_gated__seed43,155648.0,-134.52125549316406,
a,2a_reward_mode__feasibility_gated__seed43,163840.0,-116.40264892578124,
a,2a_reward_mode__feasibility_gated__seed43,172032.0,-89.0819091796875,
a,2a_reward_mode__feasibility_gated__seed43,184320.0,-95.09500122070312,
a,2a_reward_mode__feasibility_gated__seed43,196608.0,-81.89996337890625,
a,2a_reward_mode__feasibility_gated__seed43,204800.0,-96.29573059082033,
a,2a_reward_mode__feasibility_gated__seed43,212992.0,-78.05320739746094,
a,2a_reward_mode__feasibility_gated__seed43,225280.0,-88.38183975219727,
a,2a_reward_mode__feasibility_gated__seed43,237568.0,-82.75994873046875,
a,2a_reward_mode__feasibility_gated__seed43,245760.0,-85.56778717041016,
a,2a_reward_mode__feasibility_gated__seed43,253952.0,-79.47419738769531,
a,2a_reward_mode__feasibility_gated__seed43,262144.0,-69.73097229003906,
a,2a_reward_mode__feasibility_gated__seed43,274432.0,-67.7494125366211,
a,2a_reward_mode__feasibility_gated__seed43,286720.0,-69.80060577392578,
a,2a_reward_mode__feasibility_gated__seed43,294912.0,-81.88446807861328,
a,2a_reward_mode__feasibility_gated__seed43,303104.0,-69.80347442626953,
a,2a_reward_mode__feasibility_gated__seed43,315392.0,-69.0627212524414,
a,2a_reward_mode__feasibility_gated__seed43,327680.0,-58.236915588378906,
a,2a_reward_mode__feasibility_gated__seed43,335872.0,-73.0537338256836,
a,2a_reward_mode__feasibility_gated__seed43,344064.0,-74.68346405029297,
a,2a_reward_mode__feasibility_gated__seed43,352256.0,-62.80241012573242,
a,2a_reward_mode__feasibility_gated__seed43,364544.0,-61.98232269287109,
a,2a_reward_mode__feasibility_gated__seed43,376832.0,-56.858985900878906,
a,2a_reward_mode__feasibility_gated__seed43,385024.0,-64.4014663696289,
a,2a_reward_mode__feasibility_gated__seed43,393216.0,-53.08497619628906,
a,2a_reward_mode__feasibility_gated__seed43,405504.0,-61.35630989074707,
a,2a_reward_mode__feasibility_gated__seed43,417792.0,-50.206661224365234,
a,2a_reward_mode__feasibility_gated__seed43,425984.0,-60.79415512084961,
a,2a_reward_mode__feasibility_gated__seed43,434176.0,-63.3843994140625,
a,2a_reward_mode__feasibility_gated__seed43,442368.0,-59.585819244384766,
a,2a_reward_mode__feasibility_gated__seed43,454656.0,-58.5209903717041,
a,2a_reward_mode__feasibility_gated__seed43,466944.0,-49.63130569458008,
a,2a_reward_mode__feasibility_gated__seed43,475136.0,-49.54559326171875,
a,2a_reward_mode__feasibility_gated__seed43,483328.0,-55.91569519042969,
a,2a_reward_mode__feasibility_gated__seed43,495616.0,-51.67457962036133,
a,2a_reward_mode__feasibility_gated__seed43,507904.0,-62.05927658081055,
a,2a_reward_mode__feasibility_gated__seed43,516096.0,-49.95846176147461,
a,2a_reward_mode__feasibility_gated__seed43,524288.0,-45.29591369628906,
a,2a_reward_mode__feasibility_gated__seed43,532480.0,-47.88022232055664,
a,2a_reward_mode__feasibility_gated__seed43,544768.0,-58.77423858642578,
a,2a_reward_mode__feasibility_gated__seed43,557056.0,-56.201568603515625,
a,2a_reward_mode__feasibility_gated__seed43,565248.0,-50.798622131347656,
a,2a_reward_mode__feasibility_gated__seed43,573440.0,-51.26041030883789,
a,2a_reward_mode__feasibility_gated__seed43,585728.0,-63.74566841125488,
a,2a_reward_mode__feasibility_gated__seed43,598016.0,-61.56355667114258,
a,2a_reward_mode__feasibility_gated__seed43,606208.0,-57.07160949707031,
a,2a_reward_mode__feasibility_gated__seed43,614400.0,-54.58849334716797,
a,2a_reward_mode__feasibility_gated__seed43,622592.0,-49.94678115844727,
a,2a_reward_mode__feasibility_gated__seed43,634880.0,-55.2740421295166,
a,2a_reward_mode__feasibility_gated__seed43,647168.0,-52.84555816650391,
a,2a_reward_mode__feasibility_gated__seed43,655360.0,-43.42935180664063,
a,2a_reward_mode__feasibility_gated__seed43,663552.0,-52.94481658935547,
a,2a_reward_mode__feasibility_gated__seed43,675840.0,-52.21989059448242,
a,2a_reward_mode__feasibility_gated__seed43,688128.0,-59.19743347167969,
a,2a_reward_mode__feasibility_gated__seed43,696320.0,-57.44012069702149,
a,2a_reward_mode__feasibility_gated__seed43,704512.0,-53.18820190429688,
a,2a_reward_mode__feasibility_gated__seed43,712704.0,-50.112117767333984,
a,2a_reward_mode__feasibility_gated__seed43,724992.0,-51.8900203704834,
a,2a_reward_mode__feasibility_gated__seed43,737280.0,-57.65679931640625,
a,2a_reward_mode__feasibility_gated__seed43,745472.0,-58.93289566040039,
a,2a_reward_mode__feasibility_gated__seed43,753664.0,-54.30381774902344,
a,2a_reward_mode__feasibility_gated__seed43,761856.0,-57.49989700317383,
a,2a_reward_mode__feasibility_gated__seed43,774144.0,-51.3161678314209,
a,2a_reward_mode__feasibility_gated__seed43,786432.0,-52.75112915039063,
a,2a_reward_mode__feasibility_gated__seed43,794624.0,-52.746524810791016,
a,2a_reward_mode__feasibility_gated__seed43,802816.0,-44.10897064208984,
a,2a_reward_mode__feasibility_gated__seed43,815104.0,-46.50502586364746,
a,2a_reward_mode__feasibility_gated__seed43,827392.0,-42.253173828125,
a,2a_reward_mode__feasibility_gated__seed43,835584.0,-48.41714477539063,
a,2a_reward_mode__feasibility_gated__seed43,843776.0,-58.06872177124024,
a,2a_reward_mode__feasibility_gated__seed43,851968.0,-51.43733596801758,
a,2a_reward_mode__feasibility_gated__seed43,864256.0,-47.49688529968262,
a,2a_reward_mode__feasibility_gated__seed43,876544.0,-53.07042694091797,
a,2a_reward_mode__feasibility_gated__seed43,884736.0,-45.73930358886719,
a,2a_reward_mode__feasibility_gated__seed43,892928.0,-48.9796142578125,
a,2a_reward_mode__feasibility_gated__seed43,905216.0,-48.23698616027832,
a,2a_reward_mode__feasibility_gated__seed43,917504.0,-42.24464416503906,
a,2a_reward_mode__feasibility_gated__seed43,925696.0,-46.47058868408203,
a,2a_reward_mode__feasibility_gated__seed43,933888.0,-50.13042831420898,
a,2a_reward_mode__feasibility_gated__seed43,942080.0,-43.26636505126953,
a,2a_reward_mode__feasibility_gated__seed43,954368.0,-43.33150672912598,
a,2a_reward_mode__feasibility_gated__seed43,966656.0,-45.75904083251953,
a,2a_reward_mode__feasibility_gated__seed43,974848.0,-45.27802276611328,
a,2a_reward_mode__feasibility_gated__seed43,983040.0,-48.75642776489258,
a,2a_reward_mode__feasibility_gated__seed43,995328.0,-41.09952735900879,
a,2a_reward_mode__feasibility_gated__seed43,1007616.0,-41.71607208251953,
a,2a_reward_mode__feasibility_gated__seed44,8192.0,-2761.418212890625,
a,2a_reward_mode__feasibility_gated__seed44,16384.0,-2198.260986328125,
a,2a_reward_mode__feasibility_gated__seed44,24576.0,-1704.752197265625,
a,2a_reward_mode__feasibility_gated__seed44,32768.0,-1009.3129272460938,
a,2a_reward_mode__feasibility_gated__seed44,45056.0,-633.4586486816406,
a,2a_reward_mode__feasibility_gated__seed44,57344.0,-332.3660583496094,
a,2a_reward_mode__feasibility_gated__seed44,65536.0,-328.892822265625,
a,2a_reward_mode__feasibility_gated__seed44,73728.0,-280.5545959472656,
a,2a_reward_mode__feasibility_gated__seed44,81920.0,-241.79986572265625,
a,2a_reward_mode__feasibility_gated__seed44,94208.0,-182.9788055419922,
a,2a_reward_mode__feasibility_gated__seed44,106496.0,-145.33575439453125,
a,2a_reward_mode__feasibility_gated__seed44,114688.0,-147.39134216308594,
a,2a_reward_mode__feasibility_gated__seed44,122880.0,-121.03301239013672,
a,2a_reward_mode__feasibility_gated__seed44,135168.0,-115.82604217529295,
a,2a_reward_mode__feasibility_gated__seed44,147456.0,-112.41838073730467,
a,2a_reward_mode__feasibility_gated__seed44,155648.0,-130.9320831298828,
a,2a_reward_mode__feasibility_gated__seed44,163840.0,-103.02357482910156,
a,2a_reward_mode__feasibility_gated__seed44,172032.0,-99.84876251220705,
a,2a_reward_mode__feasibility_gated__seed44,184320.0,-84.0914192199707,
a,2a_reward_mode__feasibility_gated__seed44,196608.0,-84.001953125,
a,2a_reward_mode__feasibility_gated__seed44,204800.0,-90.7889175415039,
a,2a_reward_mode__feasibility_gated__seed44,212992.0,-69.71419525146484,
a,2a_reward_mode__feasibility_gated__seed44,225280.0,-78.64704895019531,
a,2a_reward_mode__feasibility_gated__seed44,237568.0,-77.13555908203125,
a,2a_reward_mode__feasibility_gated__seed44,245760.0,-69.82838439941406,
a,2a_reward_mode__feasibility_gated__seed44,253952.0,-63.546424865722656,
a,2a_reward_mode__feasibility_gated__seed44,262144.0,-56.74087524414063,
a,2a_reward_mode__feasibility_gated__seed44,274432.0,-70.30927276611328,
a,2a_reward_mode__feasibility_gated__seed44,286720.0,-62.10023880004883,
a,2a_reward_mode__feasibility_gated__seed44,294912.0,-55.02706527709961,
a,2a_reward_mode__feasibility_gated__seed44,303104.0,-61.50141525268555,
a,2a_reward_mode__feasibility_gated__seed44,315392.0,-59.83148384094238,
a,2a_reward_mode__feasibility_gated__seed44,327680.0,-65.8489990234375,
a,2a_reward_mode__feasibility_gated__seed44,335872.0,-64.3862075805664,
a,2a_reward_mode__feasibility_gated__seed44,344064.0,-59.57923126220703,
a,2a_reward_mode__feasibility_gated__seed44,352256.0,-54.40004348754883,
a,2a_reward_mode__feasibility_gated__seed44,364544.0,-53.16787147521973,
a,2a_reward_mode__feasibility_gated__seed44,376832.0,-50.484031677246094,
a,2a_reward_mode__feasibility_gated__seed44,385024.0,-54.08207321166992,
a,2a_reward_mode__feasibility_gated__seed44,393216.0,-48.44107437133789,
a,2a_reward_mode__feasibility_gated__seed44,405504.0,-52.5326042175293,
a,2a_reward_mode__feasibility_gated__seed44,417792.0,-63.47967529296875,
a,2a_reward_mode__feasibility_gated__seed44,425984.0,-52.30796432495117,
a,2a_reward_mode__feasibility_gated__seed44,434176.0,-51.83372497558594,
a,2a_reward_mode__feasibility_gated__seed44,442368.0,-55.59222412109375,
a,2a_reward_mode__feasibility_gated__seed44,454656.0,-61.48911094665527,
a,2a_reward_mode__feasibility_gated__seed44,466944.0,-47.29156494140625,
a,2a_reward_mode__feasibility_gated__seed44,475136.0,-54.48045349121094,
a,2a_reward_mode__feasibility_gated__seed44,483328.0,-53.31661987304688,
a,2a_reward_mode__feasibility_gated__seed44,495616.0,-50.22324180603027,
a,2a_reward_mode__feasibility_gated__seed44,507904.0,-48.836368560791016,
a,2a_reward_mode__feasibility_gated__seed44,516096.0,-50.24797439575195,
a,2a_reward_mode__feasibility_gated__seed44,524288.0,-43.337867736816406,
a,2a_reward_mode__feasibility_gated__seed44,532480.0,-54.40052795410156,
a,2a_reward_mode__feasibility_gated__seed44,544768.0,-50.369245529174805,
a,2a_reward_mode__feasibility_gated__seed44,557056.0,-47.55770111083984,
a,2a_reward_mode__feasibility_gated__seed44,565248.0,-48.47192001342773,
a,2a_reward_mode__feasibility_gated__seed44,573440.0,-51.41776657104492,
a,2a_reward_mode__feasibility_gated__seed44,585728.0,-53.69481468200684,
a,2a_reward_mode__feasibility_gated__seed44,598016.0,-47.87241363525391,
a,2a_reward_mode__feasibility_gated__seed44,606208.0,-43.51291275024414,
a,2a_reward_mode__feasibility_gated__seed44,614400.0,-52.30142593383789,
a,2a_reward_mode__feasibility_gated__seed44,622592.0,-47.35136032104492,
a,2a_reward_mode__feasibility_gated__seed44,634880.0,-50.02312850952149,
a,2a_reward_mode__feasibility_gated__seed44,647168.0,-44.47548675537109,
a,2a_reward_mode__feasibility_gated__seed44,655360.0,-46.27849197387695,
a,2a_reward_mode__feasibility_gated__seed44,663552.0,-48.51390075683594,
a,2a_reward_mode__feasibility_gated__seed44,675840.0,-51.21529006958008,
a,2a_reward_mode__feasibility_gated__seed44,688128.0,-41.20709609985352,
a,2a_reward_mode__feasibility_gated__seed44,696320.0,-46.07194900512695,
a,2a_reward_mode__feasibility_gated__seed44,704512.0,-48.42282104492188,
a,2a_reward_mode__feasibility_gated__seed44,712704.0,-45.62142562866211,
a,2a_reward_mode__feasibility_gated__seed44,724992.0,-49.09757995605469,
a,2a_reward_mode__feasibility_gated__seed44,737280.0,-47.17485427856445,
a,2a_reward_mode__feasibility_gated__seed44,745472.0,-47.67940521240234,
a,2a_reward_mode__feasibility_gated__seed44,753664.0,-43.24430847167969,
a,2a_reward_mode__feasibility_gated__seed44,761856.0,-41.68883895874024,
a,2a_reward_mode__feasibility_gated__seed44,774144.0,-47.24766731262207,
a,2a_reward_mode__feasibility_gated__seed44,786432.0,-47.48956680297852,
a,2a_reward_mode__feasibility_gated__seed44,794624.0,-41.86320114135742,
a,2a_reward_mode__feasibility_gated__seed44,802816.0,-50.98211669921875,
a,2a_reward_mode__feasibility_gated__seed44,815104.0,-48.67039299011231,
a,2a_reward_mode__feasibility_gated__seed44,827392.0,-41.10128784179688,
a,2a_reward_mode__feasibility_gated__seed44,835584.0,-38.78874588012695,
a,2a_reward_mode__feasibility_gated__seed44,843776.0,-39.37018203735352,
a,2a_reward_mode__feasibility_gated__seed44,851968.0,-43.5200309753418,
a,2a_reward_mode__feasibility_gated__seed44,864256.0,-43.40919303894043,
a,2a_reward_mode__feasibility_gated__seed44,876544.0,-41.45684051513672,
a,2a_reward_mode__feasibility_gated__seed44,884736.0,-47.32276153564453,
a,2a_reward_mode__feasibility_gated__seed44,892928.0,-39.71027755737305,
a,2a_reward_mode__feasibility_gated__seed44,905216.0,-39.59418296813965,
a,2a_reward_mode__feasibility_gated__seed44,917504.0,-37.37003326416016,
a,2a_reward_mode__feasibility_gated__seed44,925696.0,-41.20285415649414,
a,2a_reward_mode__feasibility_gated__seed44,933888.0,-33.78132247924805,
a,2a_reward_mode__feasibility_gated__seed44,942080.0,-40.876007080078125,
a,2a_reward_mode__feasibility_gated__seed44,954368.0,-38.94165992736816,
a,2a_reward_mode__feasibility_gated__seed44,966656.0,-33.0754508972168,
a,2a_reward_mode__feasibility_gated__seed44,974848.0,-40.20569610595703,
a,2a_reward_mode__feasibility_gated__seed44,983040.0,-38.775123596191406,
a,2a_reward_mode__feasibility_gated__seed44,995328.0,-38.38636016845703,
a,2a_reward_mode__feasibility_gated__seed44,1007616.0,-36.59080123901367,
a,2a_reward_mode__feasibility_gated__seed45,8192.0,-2822.490966796875,
a,2a_reward_mode__feasibility_gated__seed45,16384.0,-2254.25341796875,
a,2a_reward_mode__feasibility_gated__seed45,24576.0,-1625.9688720703125,
a,2a_reward_mode__feasibility_gated__seed45,32768.0,-1158.0501708984375,
a,2a_reward_mode__feasibility_gated__seed45,45056.0,-638.2714538574219,
a,2a_reward_mode__feasibility_gated__seed45,57344.0,-397.7681579589844,
a,2a_reward_mode__feasibility_gated__seed45,65536.0,-319.7135925292969,
a,2a_reward_mode__feasibility_gated__seed45,73728.0,-229.17758178710935,
a,2a_reward_mode__feasibility_gated__seed45,81920.0,-244.4616851806641,
a,2a_reward_mode__feasibility_gated__seed45,94208.0,-165.89595794677734,
a,2a_reward_mode__feasibility_gated__seed45,106496.0,-130.23410034179688,
a,2a_reward_mode__feasibility_gated__seed45,114688.0,-138.94554138183594,
a,2a_reward_mode__feasibility_gated__seed45,122880.0,-121.68688201904295,
a,2a_reward_mode__feasibility_gated__seed45,135168.0,-113.37294006347656,
a,2a_reward_mode__feasibility_gated__seed45,147456.0,-102.66921997070312,
a,2a_reward_mode__feasibility_gated__seed45,155648.0,-95.9668960571289,
a,2a_reward_mode__feasibility_gated__seed45,163840.0,-113.60292053222656,
a,2a_reward_mode__feasibility_gated__seed45,172032.0,-83.57085418701172,
a,2a_reward_mode__feasibility_gated__seed45,184320.0,-71.72983169555664,
a,2a_reward_mode__feasibility_gated__seed45,196608.0,-69.54646301269531,
a,2a_reward_mode__feasibility_gated__seed45,204800.0,-80.25751495361328,
a,2a_reward_mode__feasibility_gated__seed45,212992.0,-71.89989471435547,
a,2a_reward_mode__feasibility_gated__seed45,225280.0,-72.21023178100586,
a,2a_reward_mode__feasibility_gated__seed45,237568.0,-60.75569534301758,
a,2a_reward_mode__feasibility_gated__seed45,245760.0,-75.60926055908203,
a,2a_reward_mode__feasibility_gated__seed45,253952.0,-60.26189804077149,
a,2a_reward_mode__feasibility_gated__seed45,262144.0,-58.18626403808594,
a,2a_reward_mode__feasibility_gated__seed45,274432.0,-70.74053573608398,
a,2a_reward_mode__feasibility_gated__seed45,286720.0,-53.79997253417969,
a,2a_reward_mode__feasibility_gated__seed45,294912.0,-70.06961059570312,
a,2a_reward_mode__feasibility_gated__seed45,303104.0,-59.74629592895508,
a,2a_reward_mode__feasibility_gated__seed45,315392.0,-56.29935264587402,
a,2a_reward_mode__feasibility_gated__seed45,327680.0,-59.95139694213867,
a,2a_reward_mode__feasibility_gated__seed45,335872.0,-58.70641326904297,
a,2a_reward_mode__feasibility_gated__seed45,344064.0,-58.55974578857422,
a,2a_reward_mode__feasibility_gated__seed45,352256.0,-55.03728866577149,
a,2a_reward_mode__feasibility_gated__seed45,364544.0,-53.32890701293945,
a,2a_reward_mode__feasibility_gated__seed45,376832.0,-48.572174072265625,
a,2a_reward_mode__feasibility_gated__seed45,385024.0,-55.301387786865234,
a,2a_reward_mode__feasibility_gated__seed45,393216.0,-48.33840560913086,
a,2a_reward_mode__feasibility_gated__seed45,405504.0,-57.52210807800293,
a,2a_reward_mode__feasibility_gated__seed45,417792.0,-53.23369598388672,
a,2a_reward_mode__feasibility_gated__seed45,425984.0,-54.46173095703125,
a,2a_reward_mode__feasibility_gated__seed45,434176.0,-53.33893203735352,
a,2a_reward_mode__feasibility_gated__seed45,442368.0,-62.00579833984375,
a,2a_reward_mode__feasibility_gated__seed45,454656.0,-59.13360977172852,
a,2a_reward_mode__feasibility_gated__seed45,466944.0,-50.077598571777344,
a,2a_reward_mode__feasibility_gated__seed45,475136.0,-68.13034057617188,
a,2a_reward_mode__feasibility_gated__seed45,483328.0,-52.60994720458984,
a,2a_reward_mode__feasibility_gated__seed45,495616.0,-53.790489196777344,
a,2a_reward_mode__feasibility_gated__seed45,507904.0,-55.096153259277344,
a,2a_reward_mode__feasibility_gated__seed45,516096.0,-55.80004119873047,
a,2a_reward_mode__feasibility_gated__seed45,524288.0,-55.65746307373047,
a,2a_reward_mode__feasibility_gated__seed45,532480.0,-49.46753692626953,
a,2a_reward_mode__feasibility_gated__seed45,544768.0,-53.42917060852051,
a,2a_reward_mode__feasibility_gated__seed45,557056.0,-55.60908508300781,
a,2a_reward_mode__feasibility_gated__seed45,565248.0,-53.87312698364258,
a,2a_reward_mode__feasibility_gated__seed45,573440.0,-54.318695068359375,
a,2a_reward_mode__feasibility_gated__seed45,585728.0,-52.64556312561035,
a,2a_reward_mode__feasibility_gated__seed45,598016.0,-52.64516067504883,
a,2a_reward_mode__feasibility_gated__seed45,606208.0,-53.912200927734375,
a,2a_reward_mode__feasibility_gated__seed45,614400.0,-54.41297149658203,
a,2a_reward_mode__feasibility_gated__seed45,622592.0,-48.45309066772461,
a,2a_reward_mode__feasibility_gated__seed45,634880.0,-54.19917106628418,
a,2a_reward_mode__feasibility_gated__seed45,647168.0,-44.09746170043945,
a,2a_reward_mode__feasibility_gated__seed45,655360.0,-45.30192565917969,
a,2a_reward_mode__feasibility_gated__seed45,663552.0,-51.30840301513672,
a,2a_reward_mode__feasibility_gated__seed45,675840.0,-47.59450340270996,
a,2a_reward_mode__feasibility_gated__seed45,688128.0,-42.71859359741211,
a,2a_reward_mode__feasibility_gated__seed45,696320.0,-44.96826171875,
a,2a_reward_mode__feasibility_gated__seed45,704512.0,-54.44383239746094,
a,2a_reward_mode__feasibility_gated__seed45,712704.0,-44.86006546020508,
a,2a_reward_mode__feasibility_gated__seed45,724992.0,-46.81239128112793,
a,2a_reward_mode__feasibility_gated__seed45,737280.0,-48.62147521972656,
a,2a_reward_mode__feasibility_gated__seed45,745472.0,-55.87663269042969,
a,2a_reward_mode__feasibility_gated__seed45,753664.0,-46.73288345336914,
a,2a_reward_mode__feasibility_gated__seed45,761856.0,-50.42319107055664,
a,2a_reward_mode__feasibility_gated__seed45,774144.0,-49.48349380493164,
a,2a_reward_mode__feasibility_gated__seed45,786432.0,-43.871070861816406,
a,2a_reward_mode__feasibility_gated__seed45,794624.0,-43.55180358886719,
a,2a_reward_mode__feasibility_gated__seed45,802816.0,-49.37883758544922,
a,2a_reward_mode__feasibility_gated__seed45,815104.0,-49.523603439331055,
a,2a_reward_mode__feasibility_gated__seed45,827392.0,-53.15933990478516,
a,2a_reward_mode__feasibility_gated__seed45,835584.0,-49.01823425292969,
a,2a_reward_mode__feasibility_gated__seed45,843776.0,-43.034812927246094,
a,2a_reward_mode__feasibility_gated__seed45,851968.0,-44.55016708374024,
a,2a_reward_mode__feasibility_gated__seed45,864256.0,-43.12418746948242,
a,2a_reward_mode__feasibility_gated__seed45,876544.0,-39.5783805847168,
a,2a_reward_mode__feasibility_gated__seed45,884736.0,-43.87798690795898,
a,2a_reward_mode__feasibility_gated__seed45,892928.0,-40.14646911621094,
a,2a_reward_mode__feasibility_gated__seed45,905216.0,-45.06073570251465,
a,2a_reward_mode__feasibility_gated__seed45,917504.0,-46.201133728027344,
a,2a_reward_mode__feasibility_gated__seed45,925696.0,-46.2419319152832,
a,2a_reward_mode__feasibility_gated__seed45,933888.0,-44.539794921875,
a,2a_reward_mode__feasibility_gated__seed45,942080.0,-49.14794158935547,
a,2a_reward_mode__feasibility_gated__seed45,954368.0,-42.30478096008301,
a,2a_reward_mode__feasibility_gated__seed45,966656.0,-39.72720718383789,
a,2a_reward_mode__feasibility_gated__seed45,974848.0,-52.89924621582031,
a,2a_reward_mode__feasibility_gated__seed45,983040.0,-38.12685012817383,
a,2a_reward_mode__feasibility_gated__seed45,995328.0,-40.26499557495117,
a,2a_reward_mode__feasibility_gated__seed45,1007616.0,-36.82065200805664,
a,2a_reward_mode__feasibility_gated__seed46,8192.0,-2946.6162109375,
a,2a_reward_mode__feasibility_gated__seed46,16384.0,-2147.27978515625,
a,2a_reward_mode__feasibility_gated__seed46,24576.0,-1516.923583984375,
a,2a_reward_mode__feasibility_gated__seed46,32768.0,-1169.936767578125,
a,2a_reward_mode__feasibility_gated__seed46,45056.0,-753.9874572753906,
a,2a_reward_mode__feasibility_gated__seed46,57344.0,-337.094482421875,
a,2a_reward_mode__feasibility_gated__seed46,65536.0,-334.9783630371094,
a,2a_reward_mode__feasibility_gated__seed46,73728.0,-267.28875732421875,
a,2a_reward_mode__feasibility_gated__seed46,81920.0,-254.17942810058597,
a,2a_reward_mode__feasibility_gated__seed46,94208.0,-207.29679107666016,
a,2a_reward_mode__feasibility_gated__seed46,106496.0,-180.9172821044922,
a,2a_reward_mode__feasibility_gated__seed46,114688.0,-137.2681884765625,
a,2a_reward_mode__feasibility_gated__seed46,122880.0,-121.29615020751952,
a,2a_reward_mode__feasibility_gated__seed46,135168.0,-123.77549743652344,
a,2a_reward_mode__feasibility_gated__seed46,147456.0,-126.08196258544922,
a,2a_reward_mode__feasibility_gated__seed46,155648.0,-123.89241027832033,
a,2a_reward_mode__feasibility_gated__seed46,163840.0,-137.27284240722656,
a,2a_reward_mode__feasibility_gated__seed46,172032.0,-123.89614868164062,
a,2a_reward_mode__feasibility_gated__seed46,184320.0,-98.8148956298828,
a,2a_reward_mode__feasibility_gated__seed46,196608.0,-99.4466323852539,
a,2a_reward_mode__feasibility_gated__seed46,204800.0,-97.5820770263672,
a,2a_reward_mode__feasibility_gated__seed46,212992.0,-95.08568572998048,
a,2a_reward_mode__feasibility_gated__seed46,225280.0,-98.2320671081543,
a,2a_reward_mode__feasibility_gated__seed46,237568.0,-80.45635986328125,
a,2a_reward_mode__feasibility_gated__seed46,245760.0,-100.63570404052734,
a,2a_reward_mode__feasibility_gated__seed46,253952.0,-75.98702239990234,
a,2a_reward_mode__feasibility_gated__seed46,262144.0,-90.23905181884766,
a,2a_reward_mode__feasibility_gated__seed46,274432.0,-88.89947891235352,
a,2a_reward_mode__feasibility_gated__seed46,286720.0,-91.50843811035156,
a,2a_reward_mode__feasibility_gated__seed46,294912.0,-98.36602020263672,
a,2a_reward_mode__feasibility_gated__seed46,303104.0,-80.5460433959961,
a,2a_reward_mode__feasibility_gated__seed46,315392.0,-76.40357971191406,
a,2a_reward_mode__feasibility_gated__seed46,327680.0,-74.59407043457031,
a,2a_reward_mode__feasibility_gated__seed46,335872.0,-72.25823211669922,
a,2a_reward_mode__feasibility_gated__seed46,344064.0,-71.5538330078125,
a,2a_reward_mode__feasibility_gated__seed46,352256.0,-80.05083465576172,
a,2a_reward_mode__feasibility_gated__seed46,364544.0,-73.39540481567383,
a,2a_reward_mode__feasibility_gated__seed46,376832.0,-73.55363464355469,
a,2a_reward_mode__feasibility_gated__seed46,385024.0,-66.86763763427734,
a,2a_reward_mode__feasibility_gated__seed46,393216.0,-65.52826690673828,
a,2a_reward_mode__feasibility_gated__seed46,405504.0,-67.32209777832031,
a,2a_reward_mode__feasibility_gated__seed46,417792.0,-61.45011138916016,
a,2a_reward_mode__feasibility_gated__seed46,425984.0,-75.55243682861328,
a,2a_reward_mode__feasibility_gated__seed46,434176.0,-63.6419563293457,
a,2a_reward_mode__feasibility_gated__seed46,442368.0,-65.222900390625,
a,2a_reward_mode__feasibility_gated__seed46,454656.0,-61.17915916442871,
a,2a_reward_mode__feasibility_gated__seed46,466944.0,-60.33574295043945,
a,2a_reward_mode__feasibility_gated__seed46,475136.0,-62.378849029541016,
a,2a_reward_mode__feasibility_gated__seed46,483328.0,-66.61225891113281,
a,2a_reward_mode__feasibility_gated__seed46,495616.0,-65.15035438537598,
a,2a_reward_mode__feasibility_gated__seed46,507904.0,-63.954566955566406,
a,2a_reward_mode__feasibility_gated__seed46,516096.0,-63.579833984375,
a,2a_reward_mode__feasibility_gated__seed46,524288.0,-55.50283432006836,
a,2a_reward_mode__feasibility_gated__seed46,532480.0,-55.46958923339844,
a,2a_reward_mode__feasibility_gated__seed46,544768.0,-63.98550033569336,
a,2a_reward_mode__feasibility_gated__seed46,557056.0,-62.34751129150391,
a,2a_reward_mode__feasibility_gated__seed46,565248.0,-58.28340911865234,
a,2a_reward_mode__feasibility_gated__seed46,573440.0,-57.39837265014648,
a,2a_reward_mode__feasibility_gated__seed46,585728.0,-60.89301872253418,
a,2a_reward_mode__feasibility_gated__seed46,598016.0,-72.9638671875,
a,2a_reward_mode__feasibility_gated__seed46,606208.0,-63.79533004760742,
a,2a_reward_mode__feasibility_gated__seed46,614400.0,-54.725284576416016,
a,2a_reward_mode__feasibility_gated__seed46,622592.0,-56.32652282714844,
a,2a_reward_mode__feasibility_gated__seed46,634880.0,-57.98579788208008,
a,2a_reward_mode__feasibility_gated__seed46,647168.0,-64.93546295166016,
a,2a_reward_mode__feasibility_gated__seed46,655360.0,-56.75098419189453,
a,2a_reward_mode__feasibility_gated__seed46,663552.0,-52.62458419799805,
a,2a_reward_mode__feasibility_gated__seed46,675840.0,-52.253583908081055,
a,2a_reward_mode__feasibility_gated__seed46,688128.0,-55.04093933105469,
a,2a_reward_mode__feasibility_gated__seed46,696320.0,-54.22996139526367,
a,2a_reward_mode__feasibility_gated__seed46,704512.0,-59.92011642456055,
a,2a_reward_mode__feasibility_gated__seed46,712704.0,-51.71366882324219,
a,2a_reward_mode__feasibility_gated__seed46,724992.0,-49.09273719787598,
a,2a_reward_mode__feasibility_gated__seed46,737280.0,-53.022552490234375,
a,2a_reward_mode__feasibility_gated__seed46,745472.0,-53.90714645385742,
a,2a_reward_mode__feasibility_gated__seed46,753664.0,-59.21475601196289,
a,2a_reward_mode__feasibility_gated__seed46,761856.0,-48.17084503173828,
a,2a_reward_mode__feasibility_gated__seed46,774144.0,-54.056976318359375,
a,2a_reward_mode__feasibility_gated__seed46,786432.0,-47.43570709228516,
a,2a_reward_mode__feasibility_gated__seed46,794624.0,-41.87772750854492,
a,2a_reward_mode__feasibility_gated__seed46,802816.0,-54.51072692871094,
a,2a_reward_mode__feasibility_gated__seed46,815104.0,-47.4124813079834,
a,2a_reward_mode__feasibility_gated__seed46,827392.0,-45.15969467163086,
a,2a_reward_mode__feasibility_gated__seed46,835584.0,-56.8471565246582,
a,2a_reward_mode__feasibility_gated__seed46,843776.0,-50.82315826416016,
a,2a_reward_mode__feasibility_gated__seed46,851968.0,-39.87350082397461,
a,2a_reward_mode__feasibility_gated__seed46,864256.0,-47.16039848327637,
a,2a_reward_mode__feasibility_gated__seed46,876544.0,-46.964237213134766,
a,2a_reward_mode__feasibility_gated__seed46,884736.0,-52.00997543334961,
a,2a_reward_mode__feasibility_gated__seed46,892928.0,-42.29645919799805,
a,2a_reward_mode__feasibility_gated__seed46,905216.0,-47.87508201599121,
a,2a_reward_mode__feasibility_gated__seed46,917504.0,-44.05744171142578,
a,2a_reward_mode__feasibility_gated__seed46,925696.0,-39.92880630493164,
a,2a_reward_mode__feasibility_gated__seed46,933888.0,-52.45285415649414,
a,2a_reward_mode__feasibility_gated__seed46,942080.0,-45.5029296875,
a,2a_reward_mode__feasibility_gated__seed46,954368.0,-43.97067260742188,
a,2a_reward_mode__feasibility_gated__seed46,966656.0,-42.24932861328125,
a,2a_reward_mode__feasibility_gated__seed46,974848.0,-46.40776062011719,
a,2a_reward_mode__feasibility_gated__seed46,983040.0,-51.63706207275391,
a,2a_reward_mode__feasibility_gated__seed46,995328.0,-47.54726028442383,
a,2a_reward_mode__feasibility_gated__seed46,1007616.0,-40.03433609008789,
a,2c_objective__mass__seed42,8192.0,-2860.93701171875,
a,2c_objective__mass__seed42,16384.0,-2433.384521484375,
a,2c_objective__mass__seed42,24576.0,-1688.4053955078125,
a,2c_objective__mass__seed42,32768.0,-1115.1077880859375,
a,2c_objective__mass__seed42,45056.0,-755.5048522949219,
a,2c_objective__mass__seed42,57344.0,-452.5359191894531,
a,2c_objective__mass__seed42,65536.0,-365.4838562011719,
a,2c_objective__mass__seed42,73728.0,-293.5404357910156,
a,2c_objective__mass__seed42,81920.0,-259.23193359375,
a,2c_objective__mass__seed42,94208.0,-192.395133972168,
a,2c_objective__mass__seed42,106496.0,-158.6597137451172,
a,2c_objective__mass__seed42,114688.0,-185.49703979492188,
a,2c_objective__mass__seed42,122880.0,-133.38966369628906,
a,2c_objective__mass__seed42,135168.0,-146.62238311767578,
a,2c_objective__mass__seed42,147456.0,-148.7913360595703,
a,2c_objective__mass__seed42,155648.0,-152.68272399902344,
a,2c_objective__mass__seed42,163840.0,-125.05829620361328,
a,2c_objective__mass__seed42,172032.0,-96.09986114501952,
a,2c_objective__mass__seed42,184320.0,-109.15148544311523,
a,2c_objective__mass__seed42,196608.0,-109.17967987060548,
a,2c_objective__mass__seed42,204800.0,-110.9615478515625,
a,2c_objective__mass__seed42,212992.0,-98.7953643798828,
a,2c_objective__mass__seed42,225280.0,-100.01092147827148,
a,2c_objective__mass__seed42,237568.0,-100.85953521728516,
a,2c_objective__mass__seed42,245760.0,-79.89169311523438,
a,2c_objective__mass__seed42,253952.0,-87.90172576904297,
a,2c_objective__mass__seed42,262144.0,-64.50342559814453,
a,2c_objective__mass__seed42,274432.0,-96.77880859375,
a,2c_objective__mass__seed42,286720.0,-74.58555603027344,
a,2c_objective__mass__seed42,294912.0,-101.48036193847656,
a,2c_objective__mass__seed42,303104.0,-79.67970275878906,
a,2c_objective__mass__seed42,315392.0,-89.38501358032227,
a,2c_objective__mass__seed42,327680.0,-74.98504638671875,
a,2c_objective__mass__seed42,335872.0,-87.18801879882812,
a,2c_objective__mass__seed42,344064.0,-83.50321960449219,
a,2c_objective__mass__seed42,352256.0,-68.78710174560547,
a,2c_objective__mass__seed42,364544.0,-72.44847106933594,
a,2c_objective__mass__seed42,376832.0,-65.77656555175781,
a,2c_objective__mass__seed42,385024.0,-68.10029602050781,
a,2c_objective__mass__seed42,393216.0,-57.41837692260742,
a,2c_objective__mass__seed42,405504.0,-83.02539443969727,
a,2c_objective__mass__seed42,417792.0,-61.266151428222656,
a,2c_objective__mass__seed42,425984.0,-68.7954330444336,
a,2c_objective__mass__seed42,434176.0,-74.71363067626953,
a,2c_objective__mass__seed42,442368.0,-59.83172607421875,
a,2c_objective__mass__seed42,454656.0,-62.09486961364746,
a,2c_objective__mass__seed42,466944.0,-62.48556518554688,
a,2c_objective__mass__seed42,475136.0,-63.65235137939453,
a,2c_objective__mass__seed42,483328.0,-64.52572631835938,
a,2c_objective__mass__seed42,495616.0,-66.9351806640625,
a,2c_objective__mass__seed42,507904.0,-58.8780517578125,
a,2c_objective__mass__seed42,516096.0,-55.71723937988281,
a,2c_objective__mass__seed42,524288.0,-58.19620895385742,
a,2c_objective__mass__seed42,532480.0,-61.48921203613281,
a,2c_objective__mass__seed42,544768.0,-58.46473693847656,
a,2c_objective__mass__seed42,557056.0,-62.11051177978516,
a,2c_objective__mass__seed42,565248.0,-53.77336883544922,
a,2c_objective__mass__seed42,573440.0,-57.921173095703125,
a,2c_objective__mass__seed42,585728.0,-63.5693588256836,
a,2c_objective__mass__seed42,598016.0,-66.02618408203125,
a,2c_objective__mass__seed42,606208.0,-51.296348571777344,
a,2c_objective__mass__seed42,614400.0,-51.97474670410156,
a,2c_objective__mass__seed42,622592.0,-53.40657043457031,
a,2c_objective__mass__seed42,634880.0,-58.988698959350586,
a,2c_objective__mass__seed42,647168.0,-58.16938400268555,
a,2c_objective__mass__seed42,655360.0,-49.70058441162109,
a,2c_objective__mass__seed42,663552.0,-48.83988571166992,
a,2c_objective__mass__seed42,675840.0,-57.598344802856445,
a,2c_objective__mass__seed42,688128.0,-59.066925048828125,
a,2c_objective__mass__seed42,696320.0,-57.88164138793945,
a,2c_objective__mass__seed42,704512.0,-52.10531997680664,
a,2c_objective__mass__seed42,712704.0,-44.576656341552734,
a,2c_objective__mass__seed42,724992.0,-50.3120174407959,
a,2c_objective__mass__seed42,737280.0,-52.98437881469727,
a,2c_objective__mass__seed42,745472.0,-47.14649200439453,
a,2c_objective__mass__seed42,753664.0,-46.93370056152344,
a,2c_objective__mass__seed42,761856.0,-49.12692642211914,
a,2c_objective__mass__seed42,774144.0,-48.99699592590332,
a,2c_objective__mass__seed42,786432.0,-48.97105407714844,
a,2c_objective__mass__seed42,794624.0,-46.03081130981445,
a,2c_objective__mass__seed42,802816.0,-39.923709869384766,
a,2c_objective__mass__seed42,815104.0,-46.509145736694336,
a,2c_objective__mass__seed42,827392.0,-43.6068229675293,
a,2c_objective__mass__seed42,835584.0,-43.12899398803711,
a,2c_objective__mass__seed42,843776.0,-51.13740921020508,
a,2c_objective__mass__seed42,851968.0,-44.35209274291992,
a,2c_objective__mass__seed42,864256.0,-46.14758110046387,
a,2c_objective__mass__seed42,876544.0,-42.546871185302734,
a,2c_objective__mass__seed42,884736.0,-39.49275207519531,
a,2c_objective__mass__seed42,892928.0,-42.890846252441406,
a,2c_objective__mass__seed42,905216.0,-44.38875961303711,
a,2c_objective__mass__seed42,917504.0,-42.65153503417969,
a,2c_objective__mass__seed42,925696.0,-43.13920974731445,
a,2c_objective__mass__seed42,933888.0,-45.567848205566406,
a,2c_objective__mass__seed42,942080.0,-41.62754821777344,
a,2c_objective__mass__seed42,954368.0,-42.54160118103027,
a,2c_objective__mass__seed42,966656.0,-44.88607025146485,
a,2c_objective__mass__seed42,974848.0,-41.05191802978516,
a,2c_objective__mass__seed42,983040.0,-42.822391510009766,
a,2c_objective__mass__seed42,995328.0,-41.28118896484375,
a,2c_objective__mass__seed42,1007616.0,-47.56365585327149,
a,2c_objective__mass__seed43,8192.0,-2936.4560546875,
a,2c_objective__mass__seed43,16384.0,-2414.357177734375,
a,2c_objective__mass__seed43,24576.0,-1565.116455078125,
a,2c_objective__mass__seed43,32768.0,-1058.9886474609375,
a,2c_objective__mass__seed43,45056.0,-707.5205688476562,
a,2c_objective__mass__seed43,57344.0,-391.4670104980469,
a,2c_objective__mass__seed43,65536.0,-367.6705627441406,
a,2c_objective__mass__seed43,73728.0,-291.5362854003906,
a,2c_objective__mass__seed43,81920.0,-214.3061981201172,
a,2c_objective__mass__seed43,94208.0,-193.5077362060547,
a,2c_objective__mass__seed43,106496.0,-169.83872985839844,
a,2c_objective__mass__seed43,114688.0,-153.39903259277344,
a,2c_objective__mass__seed43,122880.0,-119.70840454101562,
a,2c_objective__mass__seed43,135168.0,-125.79717636108398,
a,2c_objective__mass__seed43,147456.0,-103.0940170288086,
a,2c_objective__mass__seed43,155648.0,-130.261962890625,
a,2c_objective__mass__seed43,163840.0,-118.43107604980467,
a,2c_objective__mass__seed43,172032.0,-87.86937713623047,
a,2c_objective__mass__seed43,184320.0,-94.31791305541992,
a,2c_objective__mass__seed43,196608.0,-82.95854187011719,
a,2c_objective__mass__seed43,204800.0,-94.689208984375,
a,2c_objective__mass__seed43,212992.0,-70.31371307373047,
a,2c_objective__mass__seed43,225280.0,-89.70658493041992,
a,2c_objective__mass__seed43,237568.0,-81.06278991699219,
a,2c_objective__mass__seed43,245760.0,-70.17034912109375,
a,2c_objective__mass__seed43,253952.0,-73.50355529785156,
a,2c_objective__mass__seed43,262144.0,-63.316436767578125,
a,2c_objective__mass__seed43,274432.0,-66.54488563537598,
a,2c_objective__mass__seed43,286720.0,-62.766510009765625,
a,2c_objective__mass__seed43,294912.0,-79.1985855102539,
a,2c_objective__mass__seed43,303104.0,-63.53829193115234,
a,2c_objective__mass__seed43,315392.0,-68.98446464538574,
a,2c_objective__mass__seed43,327680.0,-67.32992553710938,
a,2c_objective__mass__seed43,335872.0,-71.48429870605469,
a,2c_objective__mass__seed43,344064.0,-72.53449249267578,
a,2c_objective__mass__seed43,352256.0,-55.5723762512207,
a,2c_objective__mass__seed43,364544.0,-60.32234001159668,
a,2c_objective__mass__seed43,376832.0,-56.99017333984375,
a,2c_objective__mass__seed43,385024.0,-61.17128753662109,
a,2c_objective__mass__seed43,393216.0,-54.41770935058594,
a,2c_objective__mass__seed43,405504.0,-68.4321231842041,
a,2c_objective__mass__seed43,417792.0,-53.29059982299805,
a,2c_objective__mass__seed43,425984.0,-47.83858871459961,
a,2c_objective__mass__seed43,434176.0,-59.67062759399414,
a,2c_objective__mass__seed43,442368.0,-63.63042831420898,
a,2c_objective__mass__seed43,454656.0,-62.92782020568848,
a,2c_objective__mass__seed43,466944.0,-47.99542617797852,
a,2c_objective__mass__seed43,475136.0,-58.12149429321289,
a,2c_objective__mass__seed43,483328.0,-50.42985153198242,
a,2c_objective__mass__seed43,495616.0,-46.69266700744629,
a,2c_objective__mass__seed43,507904.0,-51.70290756225586,
a,2c_objective__mass__seed43,516096.0,-46.81947708129883,
a,2c_objective__mass__seed43,524288.0,-53.22812271118164,
a,2c_objective__mass__seed43,532480.0,-43.724910736083984,
a,2c_objective__mass__seed43,544768.0,-49.43479919433594,
a,2c_objective__mass__seed43,557056.0,-52.89563751220703,
a,2c_objective__mass__seed43,565248.0,-50.70693588256836,
a,2c_objective__mass__seed43,573440.0,-51.16739273071289,
a,2c_objective__mass__seed43,585728.0,-49.86822319030762,
a,2c_objective__mass__seed43,598016.0,-51.25586318969727,
a,2c_objective__mass__seed43,606208.0,-52.641056060791016,
a,2c_objective__mass__seed43,614400.0,-55.17867660522461,
a,2c_objective__mass__seed43,622592.0,-44.74692535400391,
a,2c_objective__mass__seed43,634880.0,-50.38495063781738,
a,2c_objective__mass__seed43,647168.0,-48.385196685791016,
a,2c_objective__mass__seed43,655360.0,-45.79220962524414,
a,2c_objective__mass__seed43,663552.0,-45.011566162109375,
a,2c_objective__mass__seed43,675840.0,-49.91058349609375,
a,2c_objective__mass__seed43,688128.0,-55.358184814453125,
a,2c_objective__mass__seed43,696320.0,-53.16764068603516,
a,2c_objective__mass__seed43,704512.0,-55.405723571777344,
a,2c_objective__mass__seed43,712704.0,-48.36783218383789,
a,2c_objective__mass__seed43,724992.0,-46.21343803405762,
a,2c_objective__mass__seed43,737280.0,-54.37296295166016,
a,2c_objective__mass__seed43,745472.0,-52.378196716308594,
a,2c_objective__mass__seed43,753664.0,-49.70829391479492,
a,2c_objective__mass__seed43,761856.0,-55.66049575805664,
a,2c_objective__mass__seed43,774144.0,-48.48128700256348,
a,2c_objective__mass__seed43,786432.0,-44.67814636230469,
a,2c_objective__mass__seed43,794624.0,-47.803829193115234,
a,2c_objective__mass__seed43,802816.0,-45.51192474365234,
a,2c_objective__mass__seed43,815104.0,-45.7996883392334,
a,2c_objective__mass__seed43,827392.0,-42.54584884643555,
a,2c_objective__mass__seed43,835584.0,-43.21303939819336,
a,2c_objective__mass__seed43,843776.0,-51.56976318359375,
a,2c_objective__mass__seed43,851968.0,-40.5203857421875,
a,2c_objective__mass__seed43,864256.0,-39.436744689941406,
a,2c_objective__mass__seed43,876544.0,-43.4172477722168,
a,2c_objective__mass__seed43,884736.0,-39.5774040222168,
a,2c_objective__mass__seed43,892928.0,-47.5012321472168,
a,2c_objective__mass__seed43,905216.0,-44.15901374816895,
a,2c_objective__mass__seed43,917504.0,-37.80055236816406,
a,2c_objective__mass__seed43,925696.0,-40.832515716552734,
a,2c_objective__mass__seed43,933888.0,-51.441139221191406,
a,2c_objective__mass__seed43,942080.0,-39.37401580810547,
a,2c_objective__mass__seed43,954368.0,-42.060882568359375,
a,2c_objective__mass__seed43,966656.0,-37.01142120361328,
a,2c_objective__mass__seed43,974848.0,-37.45478057861328,
a,2c_objective__mass__seed43,983040.0,-43.73272705078125,
a,2c_objective__mass__seed43,995328.0,-40.668724060058594,
a,2c_objective__mass__seed43,1007616.0,-44.83697891235352,
a,2c_objective__mass__seed44,8192.0,-2757.396728515625,
a,2c_objective__mass__seed44,16384.0,-2170.66796875,
a,2c_objective__mass__seed44,24576.0,-1873.4764404296875,
a,2c_objective__mass__seed44,32768.0,-1137.68603515625,
a,2c_objective__mass__seed44,45056.0,-722.2809143066406,
a,2c_objective__mass__seed44,57344.0,-337.8597717285156,
a,2c_objective__mass__seed44,65536.0,-312.0226745605469,
a,2c_objective__mass__seed44,73728.0,-290.4343566894531,
a,2c_objective__mass__seed44,81920.0,-247.78155517578125,
a,2c_objective__mass__seed44,94208.0,-191.74192810058597,
a,2c_objective__mass__seed44,106496.0,-139.7356414794922,
a,2c_objective__mass__seed44,114688.0,-136.3633270263672,
a,2c_objective__mass__seed44,122880.0,-128.6268310546875,
a,2c_objective__mass__seed44,135168.0,-123.6894416809082,
a,2c_objective__mass__seed44,147456.0,-103.15845489501952,
a,2c_objective__mass__seed44,155648.0,-126.9539794921875,
a,2c_objective__mass__seed44,163840.0,-98.48512268066406,
a,2c_objective__mass__seed44,172032.0,-77.30863189697266,
a,2c_objective__mass__seed44,184320.0,-83.91920852661133,
a,2c_objective__mass__seed44,196608.0,-79.76962280273438,
a,2c_objective__mass__seed44,204800.0,-84.43244171142578,
a,2c_objective__mass__seed44,212992.0,-70.79286193847656,
a,2c_objective__mass__seed44,225280.0,-80.81525802612305,
a,2c_objective__mass__seed44,237568.0,-58.84698486328125,
a,2c_objective__mass__seed44,245760.0,-61.61076354980469,
a,2c_objective__mass__seed44,253952.0,-57.31635284423828,
a,2c_objective__mass__seed44,262144.0,-56.791595458984375,
a,2c_objective__mass__seed44,274432.0,-64.47234153747559,
a,2c_objective__mass__seed44,286720.0,-60.52261352539063,
a,2c_objective__mass__seed44,294912.0,-67.35197448730469,
a,2c_objective__mass__seed44,303104.0,-53.5972785949707,
a,2c_objective__mass__seed44,315392.0,-59.88165283203125,
a,2c_objective__mass__seed44,327680.0,-54.18014907836914,
a,2c_objective__mass__seed44,335872.0,-53.888214111328125,
a,2c_objective__mass__seed44,344064.0,-54.86233139038086,
a,2c_objective__mass__seed44,352256.0,-53.47641754150391,
a,2c_objective__mass__seed44,364544.0,-54.161598205566406,
a,2c_objective__mass__seed44,376832.0,-50.62016677856445,
a,2c_objective__mass__seed44,385024.0,-51.843257904052734,
a,2c_objective__mass__seed44,393216.0,-52.16848373413086,
a,2c_objective__mass__seed44,405504.0,-54.72608184814453,
a,2c_objective__mass__seed44,417792.0,-48.13496017456055,
a,2c_objective__mass__seed44,425984.0,-49.7592887878418,
a,2c_objective__mass__seed44,434176.0,-51.29397201538086,
a,2c_objective__mass__seed44,442368.0,-50.72541427612305,
a,2c_objective__mass__seed44,454656.0,-52.298152923583984,
a,2c_objective__mass__seed44,466944.0,-44.93077850341797,
a,2c_objective__mass__seed44,475136.0,-50.79820251464844,
a,2c_objective__mass__seed44,483328.0,-47.101810455322266,
a,2c_objective__mass__seed44,495616.0,-48.41300964355469,
a,2c_objective__mass__seed44,507904.0,-48.6136589050293,
a,2c_objective__mass__seed44,516096.0,-55.14936828613281,
a,2c_objective__mass__seed44,524288.0,-46.099647521972656,
a,2c_objective__mass__seed44,532480.0,-37.7239875793457,
a,2c_objective__mass__seed44,544768.0,-47.28780937194824,
a,2c_objective__mass__seed44,557056.0,-48.99452972412109,
a,2c_objective__mass__seed44,565248.0,-51.00357437133789,
a,2c_objective__mass__seed44,573440.0,-51.69773864746094,
a,2c_objective__mass__seed44,585728.0,-48.615821838378906,
a,2c_objective__mass__seed44,598016.0,-42.38999557495117,
a,2c_objective__mass__seed44,606208.0,-43.615081787109375,
a,2c_objective__mass__seed44,614400.0,-51.31539916992188,
a,2c_objective__mass__seed44,622592.0,-47.80765914916992,
a,2c_objective__mass__seed44,634880.0,-45.31179237365723,
a,2c_objective__mass__seed44,647168.0,-40.99126052856445,
a,2c_objective__mass__seed44,655360.0,-44.29277420043945,
a,2c_objective__mass__seed44,663552.0,-50.358028411865234,
a,2c_objective__mass__seed44,675840.0,-45.476104736328125,
a,2c_objective__mass__seed44,688128.0,-51.88531112670898,
a,2c_objective__mass__seed44,696320.0,-45.60595703125,
a,2c_objective__mass__seed44,704512.0,-53.43052673339844,
a,2c_objective__mass__seed44,712704.0,-51.34796524047852,
a,2c_objective__mass__seed44,724992.0,-45.20528793334961,
a,2c_objective__mass__seed44,737280.0,-42.735572814941406,
a,2c_objective__mass__seed44,745472.0,-46.41084289550781,
a,2c_objective__mass__seed44,753664.0,-47.760398864746094,
a,2c_objective__mass__seed44,761856.0,-48.282936096191406,
a,2c_objective__mass__seed44,774144.0,-44.217735290527344,
a,2c_objective__mass__seed44,786432.0,-42.76462936401367,
a,2c_objective__mass__seed44,794624.0,-44.4397087097168,
a,2c_objective__mass__seed44,802816.0,-43.75575256347656,
a,2c_objective__mass__seed44,815104.0,-42.59580421447754,
a,2c_objective__mass__seed44,827392.0,-45.78046798706055,
a,2c_objective__mass__seed44,835584.0,-47.96390151977539,
a,2c_objective__mass__seed44,843776.0,-46.91669464111328,
a,2c_objective__mass__seed44,851968.0,-41.75146865844727,
a,2c_objective__mass__seed44,864256.0,-41.13945770263672,
a,2c_objective__mass__seed44,876544.0,-42.77772903442383,
a,2c_objective__mass__seed44,884736.0,-44.47583770751953,
a,2c_objective__mass__seed44,892928.0,-43.43743133544922,
a,2c_objective__mass__seed44,905216.0,-45.37151718139648,
a,2c_objective__mass__seed44,917504.0,-34.938446044921875,
a,2c_objective__mass__seed44,925696.0,-43.84818649291992,
a,2c_objective__mass__seed44,933888.0,-45.09234619140625,
a,2c_objective__mass__seed44,942080.0,-34.440643310546875,
a,2c_objective__mass__seed44,954368.0,-43.41950607299805,
a,2c_objective__mass__seed44,966656.0,-37.30624008178711,
a,2c_objective__mass__seed44,974848.0,-39.586029052734375,
a,2c_objective__mass__seed44,983040.0,-43.53033828735352,
a,2c_objective__mass__seed44,995328.0,-38.95789527893066,
a,2c_objective__mass__seed44,1007616.0,-45.62709045410156,
a,2c_objective__mass__seed45,8192.0,-2818.68408203125,
a,2c_objective__mass__seed45,16384.0,-2214.983154296875,
a,2c_objective__mass__seed45,24576.0,-1636.521728515625,
a,2c_objective__mass__seed45,32768.0,-1160.6614990234375,
a,2c_objective__mass__seed45,45056.0,-680.8819580078125,
a,2c_objective__mass__seed45,57344.0,-367.6228332519531,
a,2c_objective__mass__seed45,65536.0,-323.5700378417969,
a,2c_objective__mass__seed45,73728.0,-283.95513916015625,
a,2c_objective__mass__seed45,81920.0,-265.12713623046875,
a,2c_objective__mass__seed45,94208.0,-177.45938873291016,
a,2c_objective__mass__seed45,106496.0,-150.68768310546875,
a,2c_objective__mass__seed45,114688.0,-134.2830810546875,
a,2c_objective__mass__seed45,122880.0,-119.46405029296876,
a,2c_objective__mass__seed45,135168.0,-107.33587646484376,
a,2c_objective__mass__seed45,147456.0,-103.95393371582033,
a,2c_objective__mass__seed45,155648.0,-101.40853118896484,
a,2c_objective__mass__seed45,163840.0,-114.49666595458984,
a,2c_objective__mass__seed45,172032.0,-93.3963851928711,
a,2c_objective__mass__seed45,184320.0,-81.70977783203125,
a,2c_objective__mass__seed45,196608.0,-75.13392639160156,
a,2c_objective__mass__seed45,204800.0,-79.06651306152344,
a,2c_objective__mass__seed45,212992.0,-63.358768463134766,
a,2c_objective__mass__seed45,225280.0,-67.29225158691406,
a,2c_objective__mass__seed45,237568.0,-59.125274658203125,
a,2c_objective__mass__seed45,245760.0,-63.27416610717773,
a,2c_objective__mass__seed45,253952.0,-53.07947540283203,
a,2c_objective__mass__seed45,262144.0,-55.65986251831055,
a,2c_objective__mass__seed45,274432.0,-59.28716659545898,
a,2c_objective__mass__seed45,286720.0,-55.95759963989258,
a,2c_objective__mass__seed45,294912.0,-61.34827423095703,
a,2c_objective__mass__seed45,303104.0,-55.71422576904297,
a,2c_objective__mass__seed45,315392.0,-52.865013122558594,
a,2c_objective__mass__seed45,327680.0,-50.815677642822266,
a,2c_objective__mass__seed45,335872.0,-56.885013580322266,
a,2c_objective__mass__seed45,344064.0,-51.71181106567383,
a,2c_objective__mass__seed45,352256.0,-50.82371139526367,
a,2c_objective__mass__seed45,364544.0,-51.00418281555176,
a,2c_objective__mass__seed45,376832.0,-45.61685562133789,
a,2c_objective__mass__seed45,385024.0,-55.84651184082031,
a,2c_objective__mass__seed45,393216.0,-41.31190872192383,
a,2c_objective__mass__seed45,405504.0,-48.97298431396485,
a,2c_objective__mass__seed45,417792.0,-42.83827972412109,
a,2c_objective__mass__seed45,425984.0,-56.03022766113281,
a,2c_objective__mass__seed45,434176.0,-48.95610427856445,
a,2c_objective__mass__seed45,442368.0,-50.47254180908203,
a,2c_objective__mass__seed45,454656.0,-45.92368125915527,
a,2c_objective__mass__seed45,466944.0,-48.158958435058594,
a,2c_objective__mass__seed45,475136.0,-52.51123046875,
a,2c_objective__mass__seed45,483328.0,-44.88507843017578,
a,2c_objective__mass__seed45,495616.0,-49.01066207885742,
a,2c_objective__mass__seed45,507904.0,-49.26934051513672,
a,2c_objective__mass__seed45,516096.0,-49.143646240234375,
a,2c_objective__mass__seed45,524288.0,-45.09260940551758,
a,2c_objective__mass__seed45,532480.0,-42.56083297729492,
a,2c_objective__mass__seed45,544768.0,-48.02358627319336,
a,2c_objective__mass__seed45,557056.0,-51.26716613769531,
a,2c_objective__mass__seed45,565248.0,-47.043155670166016,
a,2c_objective__mass__seed45,573440.0,-51.56140899658203,
a,2c_objective__mass__seed45,585728.0,-47.80146217346192,
a,2c_objective__mass__seed45,598016.0,-49.57307434082031,
a,2c_objective__mass__seed45,606208.0,-46.852535247802734,
a,2c_objective__mass__seed45,614400.0,-44.3237419128418,
a,2c_objective__mass__seed45,622592.0,-45.51108932495117,
a,2c_objective__mass__seed45,634880.0,-49.2718391418457,
a,2c_objective__mass__seed45,647168.0,-51.32524490356445,
a,2c_objective__mass__seed45,655360.0,-44.648468017578125,
a,2c_objective__mass__seed45,663552.0,-40.90710067749024,
a,2c_objective__mass__seed45,675840.0,-45.27592277526856,
a,2c_objective__mass__seed45,688128.0,-46.47215270996094,
a,2c_objective__mass__seed45,696320.0,-50.46281051635742,
a,2c_objective__mass__seed45,704512.0,-46.105712890625,
a,2c_objective__mass__seed45,712704.0,-47.018367767333984,
a,2c_objective__mass__seed45,724992.0,-44.42372894287109,
a,2c_objective__mass__seed45,737280.0,-55.18271255493164,
a,2c_objective__mass__seed45,745472.0,-43.8972053527832,
a,2c_objective__mass__seed45,753664.0,-44.59443283081055,
a,2c_objective__mass__seed45,761856.0,-50.60685348510742,
a,2c_objective__mass__seed45,774144.0,-46.85745429992676,
a,2c_objective__mass__seed45,786432.0,-44.26264953613281,
a,2c_objective__mass__seed45,794624.0,-41.34613800048828,
a,2c_objective__mass__seed45,802816.0,-46.40787506103516,
a,2c_objective__mass__seed45,815104.0,-42.98333549499512,
a,2c_objective__mass__seed45,827392.0,-41.99453353881836,
a,2c_objective__mass__seed45,835584.0,-42.6709098815918,
a,2c_objective__mass__seed45,843776.0,-46.6488151550293,
a,2c_objective__mass__seed45,851968.0,-44.00543212890625,
a,2c_objective__mass__seed45,864256.0,-41.86629104614258,
a,2c_objective__mass__seed45,876544.0,-45.070945739746094,
a,2c_objective__mass__seed45,884736.0,-46.205711364746094,
a,2c_objective__mass__seed45,892928.0,-37.00294494628906,
a,2c_objective__mass__seed45,905216.0,-41.66736602783203,
a,2c_objective__mass__seed45,917504.0,-38.69920349121094,
a,2c_objective__mass__seed45,925696.0,-40.66425323486328,
a,2c_objective__mass__seed45,933888.0,-47.057430267333984,
a,2c_objective__mass__seed45,942080.0,-35.5962028503418,
a,2c_objective__mass__seed45,954368.0,-40.78485679626465,
a,2c_objective__mass__seed45,966656.0,-42.059452056884766,
a,2c_objective__mass__seed45,974848.0,-40.49138259887695,
a,2c_objective__mass__seed45,983040.0,-48.87868881225586,
a,2c_objective__mass__seed45,995328.0,-38.6081428527832,
a,2c_objective__mass__seed45,1007616.0,-38.284515380859375,
a,2c_objective__mass__seed46,8192.0,-2942.605712890625,
a,2c_objective__mass__seed46,16384.0,-2081.0966796875,
a,2c_objective__mass__seed46,24576.0,-1484.625244140625,
a,2c_objective__mass__seed46,32768.0,-1070.1905517578125,
a,2c_objective__mass__seed46,45056.0,-695.5399780273438,
a,2c_objective__mass__seed46,57344.0,-363.0863342285156,
a,2c_objective__mass__seed46,65536.0,-357.2152709960937,
a,2c_objective__mass__seed46,73728.0,-240.4562530517578,
a,2c_objective__mass__seed46,81920.0,-218.17410278320312,
a,2c_objective__mass__seed46,94208.0,-173.75762176513672,
a,2c_objective__mass__seed46,106496.0,-165.48300170898438,
a,2c_objective__mass__seed46,114688.0,-132.02589416503906,
a,2c_objective__mass__seed46,122880.0,-103.57157135009766,
a,2c_objective__mass__seed46,135168.0,-107.58366012573242,
a,2c_objective__mass__seed46,147456.0,-114.49382019042967,
a,2c_objective__mass__seed46,155648.0,-110.67452239990234,
a,2c_objective__mass__seed46,163840.0,-103.83396911621094,
a,2c_objective__mass__seed46,172032.0,-94.8551254272461,
a,2c_objective__mass__seed46,184320.0,-89.12649154663086,
a,2c_objective__mass__seed46,196608.0,-72.1781997680664,
a,2c_objective__mass__seed46,204800.0,-72.1963882446289,
a,2c_objective__mass__seed46,212992.0,-68.9566879272461,
a,2c_objective__mass__seed46,225280.0,-69.36153030395508,
a,2c_objective__mass__seed46,237568.0,-61.14583206176758,
a,2c_objective__mass__seed46,245760.0,-63.27485656738281,
a,2c_objective__mass__seed46,253952.0,-63.47548675537109,
a,2c_objective__mass__seed46,262144.0,-65.39281463623047,
a,2c_objective__mass__seed46,274432.0,-68.12484741210938,
a,2c_objective__mass__seed46,286720.0,-66.34901428222656,
a,2c_objective__mass__seed46,294912.0,-66.95580291748047,
a,2c_objective__mass__seed46,303104.0,-58.59794616699219,
a,2c_objective__mass__seed46,315392.0,-57.41567611694336,
a,2c_objective__mass__seed46,327680.0,-53.039676666259766,
a,2c_objective__mass__seed46,335872.0,-58.85037612915039,
a,2c_objective__mass__seed46,344064.0,-56.33954620361328,
a,2c_objective__mass__seed46,352256.0,-50.18708038330078,
a,2c_objective__mass__seed46,364544.0,-52.07382774353027,
a,2c_objective__mass__seed46,376832.0,-47.50779342651367,
a,2c_objective__mass__seed46,385024.0,-56.64651107788086,
a,2c_objective__mass__seed46,393216.0,-48.05928802490234,
a,2c_objective__mass__seed46,405504.0,-51.280874252319336,
a,2c_objective__mass__seed46,417792.0,-47.97169494628906,
a,2c_objective__mass__seed46,425984.0,-56.16358947753906,
a,2c_objective__mass__seed46,434176.0,-60.27702713012695,
a,2c_objective__mass__seed46,442368.0,-54.06890106201172,
a,2c_objective__mass__seed46,454656.0,-58.544050216674805,
a,2c_objective__mass__seed46,466944.0,-48.65816879272461,
a,2c_objective__mass__seed46,475136.0,-52.18175506591797,
a,2c_objective__mass__seed46,483328.0,-53.794395446777344,
a,2c_objective__mass__seed46,495616.0,-49.724552154541016,
a,2c_objective__mass__seed46,507904.0,-53.09297180175781,
a,2c_objective__mass__seed46,516096.0,-55.12431335449219,
a,2c_objective__mass__seed46,524288.0,-60.55029678344727,
a,2c_objective__mass__seed46,532480.0,-49.99018096923828,
a,2c_objective__mass__seed46,544768.0,-53.58888244628906,
a,2c_objective__mass__seed46,557056.0,-47.17605972290039,
a,2c_objective__mass__seed46,565248.0,-51.92621612548828,
a,2c_objective__mass__seed46,573440.0,-47.72255706787109,
a,2c_objective__mass__seed46,585728.0,-47.86977577209473,
a,2c_objective__mass__seed46,598016.0,-54.68687057495117,
a,2c_objective__mass__seed46,606208.0,-47.70460891723633,
a,2c_objective__mass__seed46,614400.0,-48.47153091430664,
a,2c_objective__mass__seed46,622592.0,-49.08965301513672,
a,2c_objective__mass__seed46,634880.0,-52.70536231994629,
a,2c_objective__mass__seed46,647168.0,-50.89543914794922,
a,2c_objective__mass__seed46,655360.0,-54.499813079833984,
a,2c_objective__mass__seed46,663552.0,-46.47040557861328,
a,2c_objective__mass__seed46,675840.0,-53.36743927001953,
a,2c_objective__mass__seed46,688128.0,-47.596221923828125,
a,2c_objective__mass__seed46,696320.0,-48.91916275024414,
a,2c_objective__mass__seed46,704512.0,-40.61213302612305,
a,2c_objective__mass__seed46,712704.0,-44.867950439453125,
a,2c_objective__mass__seed46,724992.0,-49.76036262512207,
a,2c_objective__mass__seed46,737280.0,-48.16110229492188,
a,2c_objective__mass__seed46,745472.0,-50.19375991821289,
a,2c_objective__mass__seed46,753664.0,-46.98719024658203,
a,2c_objective__mass__seed46,761856.0,-48.56996154785156,
a,2c_objective__mass__seed46,774144.0,-44.50698661804199,
a,2c_objective__mass__seed46,786432.0,-42.23747634887695,
a,2c_objective__mass__seed46,794624.0,-47.386348724365234,
a,2c_objective__mass__seed46,802816.0,-38.19826889038086,
a,2c_objective__mass__seed46,815104.0,-43.0360050201416,
a,2c_objective__mass__seed46,827392.0,-43.88623428344727,
a,2c_objective__mass__seed46,835584.0,-44.36155700683594,
a,2c_objective__mass__seed46,843776.0,-50.00655746459961,
a,2c_objective__mass__seed46,851968.0,-38.529273986816406,
a,2c_objective__mass__seed46,864256.0,-41.547489166259766,
a,2c_objective__mass__seed46,876544.0,-44.97831726074219,
a,2c_objective__mass__seed46,884736.0,-43.60583114624024,
a,2c_objective__mass__seed46,892928.0,-49.47419357299805,
a,2c_objective__mass__seed46,905216.0,-44.30423927307129,
a,2c_objective__mass__seed46,917504.0,-42.07863235473633,
a,2c_objective__mass__seed46,925696.0,-42.365509033203125,
a,2c_objective__mass__seed46,933888.0,-40.40772247314453,
a,2c_objective__mass__seed46,942080.0,-43.67243576049805,
a,2c_objective__mass__seed46,954368.0,-41.73639869689941,
a,2c_objective__mass__seed46,966656.0,-45.31661987304688,
a,2c_objective__mass__seed46,974848.0,-42.44546508789063,
a,2c_objective__mass__seed46,983040.0,-43.06166076660156,
a,2c_objective__mass__seed46,995328.0,-42.91963577270508,
a,2c_objective__mass__seed46,1007616.0,-43.0010986328125,
a,2c_objective__co2__seed42,8192.0,-2860.911376953125,
a,2c_objective__co2__seed42,16384.0,-2580.79833984375,
a,2c_objective__co2__seed42,24576.0,-1767.56103515625,
a,2c_objective__co2__seed42,32768.0,-1256.405029296875,
a,2c_objective__co2__seed42,45056.0,-823.3024597167969,
a,2c_objective__co2__seed42,57344.0,-497.9051513671875,
a,2c_objective__co2__seed42,65536.0,-410.2290649414063,
a,2c_objective__co2__seed42,73728.0,-286.2375183105469,
a,2c_objective__co2__seed42,81920.0,-280.1400451660156,
a,2c_objective__co2__seed42,94208.0,-191.66016387939453,
a,2c_objective__co2__seed42,106496.0,-183.60130310058597,
a,2c_objective__co2__seed42,114688.0,-185.76821899414065,
a,2c_objective__co2__seed42,122880.0,-137.76385498046875,
a,2c_objective__co2__seed42,135168.0,-153.4298553466797,
a,2c_objective__co2__seed42,147456.0,-164.60574340820312,
a,2c_objective__co2__seed42,155648.0,-162.01516723632812,
a,2c_objective__co2__seed42,163840.0,-137.903564453125,
a,2c_objective__co2__seed42,172032.0,-116.41806030273438,
a,2c_objective__co2__seed42,184320.0,-122.95670700073242,
a,2c_objective__co2__seed42,196608.0,-123.5935516357422,
a,2c_objective__co2__seed42,204800.0,-115.29911041259766,
a,2c_objective__co2__seed42,212992.0,-92.9258804321289,
a,2c_objective__co2__seed42,225280.0,-103.91339111328124,
a,2c_objective__co2__seed42,237568.0,-98.60578155517578,
a,2c_objective__co2__seed42,245760.0,-91.18415069580078,
a,2c_objective__co2__seed42,253952.0,-89.17687225341797,
a,2c_objective__co2__seed42,262144.0,-59.12403106689453,
a,2c_objective__co2__seed42,274432.0,-88.23842239379883,
a,2c_objective__co2__seed42,286720.0,-79.61822509765625,
a,2c_objective__co2__seed42,294912.0,-87.21583557128906,
a,2c_objective__co2__seed42,303104.0,-74.92311096191406,
a,2c_objective__co2__seed42,315392.0,-81.26914596557617,
a,2c_objective__co2__seed42,327680.0,-64.92613220214844,
a,2c_objective__co2__seed42,335872.0,-85.22647857666016,
a,2c_objective__co2__seed42,344064.0,-91.00564575195312,
a,2c_objective__co2__seed42,352256.0,-78.25005340576172,
a,2c_objective__co2__seed42,364544.0,-76.39488220214844,
a,2c_objective__co2__seed42,376832.0,-66.54622650146484,
a,2c_objective__co2__seed42,385024.0,-69.6837387084961,
a,2c_objective__co2__seed42,393216.0,-50.884395599365234,
a,2c_objective__co2__seed42,405504.0,-78.49370574951172,
a,2c_objective__co2__seed42,417792.0,-61.03280258178711,
a,2c_objective__co2__seed42,425984.0,-67.80542755126953,
a,2c_objective__co2__seed42,434176.0,-71.39383697509766,
a,2c_objective__co2__seed42,442368.0,-66.1594467163086,
a,2c_objective__co2__seed42,454656.0,-64.75865936279297,
a,2c_objective__co2__seed42,466944.0,-54.7942008972168,
a,2c_objective__co2__seed42,475136.0,-64.7341537475586,
a,2c_objective__co2__seed42,483328.0,-52.12346649169922,
a,2c_objective__co2__seed42,495616.0,-53.95963287353516,
a,2c_objective__co2__seed42,507904.0,-68.11447143554688,
a,2c_objective__co2__seed42,516096.0,-59.30319213867188,
a,2c_objective__co2__seed42,524288.0,-56.883487701416016,
a,2c_objective__co2__seed42,532480.0,-60.1347770690918,
a,2c_objective__co2__seed42,544768.0,-59.86695098876953,
a,2c_objective__co2__seed42,557056.0,-54.19426345825195,
a,2c_objective__co2__seed42,565248.0,-55.8488655090332,
a,2c_objective__co2__seed42,573440.0,-53.65695571899414,
a,2c_objective__co2__seed42,585728.0,-57.96254539489746,
a,2c_objective__co2__seed42,598016.0,-60.49473190307617,
a,2c_objective__co2__seed42,606208.0,-45.5048713684082,
a,2c_objective__co2__seed42,614400.0,-53.52642059326172,
a,2c_objective__co2__seed42,622592.0,-55.31755065917969,
a,2c_objective__co2__seed42,634880.0,-59.201616287231445,
a,2c_objective__co2__seed42,647168.0,-59.43317031860352,
a,2c_objective__co2__seed42,655360.0,-46.04234313964844,
a,2c_objective__co2__seed42,663552.0,-51.93804550170898,
a,2c_objective__co2__seed42,675840.0,-55.2316951751709,
a,2c_objective__co2__seed42,688128.0,-63.4555892944336,
a,2c_objective__co2__seed42,696320.0,-50.258487701416016,
a,2c_objective__co2__seed42,704512.0,-60.34461975097656,
a,2c_objective__co2__seed42,712704.0,-47.50287628173828,
a,2c_objective__co2__seed42,724992.0,-50.66719055175781,
a,2c_objective__co2__seed42,737280.0,-51.71268844604492,
a,2c_objective__co2__seed42,745472.0,-53.10350036621094,
a,2c_objective__co2__seed42,753664.0,-43.30842590332031,
a,2c_objective__co2__seed42,761856.0,-48.84709930419922,
a,2c_objective__co2__seed42,774144.0,-49.567970275878906,
a,2c_objective__co2__seed42,786432.0,-46.77545547485352,
a,2c_objective__co2__seed42,794624.0,-44.45664596557617,
a,2c_objective__co2__seed42,802816.0,-46.616336822509766,
a,2c_objective__co2__seed42,815104.0,-43.37846755981445,
a,2c_objective__co2__seed42,827392.0,-38.98859405517578,
a,2c_objective__co2__seed42,835584.0,-48.38346862792969,
a,2c_objective__co2__seed42,843776.0,-51.55788040161133,
a,2c_objective__co2__seed42,851968.0,-43.13607025146485,
a,2c_objective__co2__seed42,864256.0,-43.30997276306152,
a,2c_objective__co2__seed42,876544.0,-43.90935134887695,
a,2c_objective__co2__seed42,884736.0,-38.99181365966797,
a,2c_objective__co2__seed42,892928.0,-45.73868942260742,
a,2c_objective__co2__seed42,905216.0,-45.3327693939209,
a,2c_objective__co2__seed42,917504.0,-38.37695693969727,
a,2c_objective__co2__seed42,925696.0,-39.015625,
a,2c_objective__co2__seed42,933888.0,-46.254127502441406,
a,2c_objective__co2__seed42,942080.0,-35.62739944458008,
a,2c_objective__co2__seed42,954368.0,-40.74527359008789,
a,2c_objective__co2__seed42,966656.0,-37.68404769897461,
a,2c_objective__co2__seed42,974848.0,-39.236942291259766,
a,2c_objective__co2__seed42,983040.0,-42.05455017089844,
a,2c_objective__co2__seed42,995328.0,-37.754878997802734,
a,2c_objective__co2__seed42,1007616.0,-46.35745620727539,
a,2c_objective__co2__seed43,8192.0,-2936.41259765625,
a,2c_objective__co2__seed43,16384.0,-2402.97998046875,
a,2c_objective__co2__seed43,24576.0,-1569.8250732421875,
a,2c_objective__co2__seed43,32768.0,-1246.53369140625,
a,2c_objective__co2__seed43,45056.0,-699.3107604980469,
a,2c_objective__co2__seed43,57344.0,-374.2198791503906,
a,2c_objective__co2__seed43,65536.0,-389.8562316894531,
a,2c_objective__co2__seed43,73728.0,-251.9142303466797,
a,2c_objective__co2__seed43,81920.0,-231.76980590820312,
a,2c_objective__co2__seed43,94208.0,-176.38232421875,
a,2c_objective__co2__seed43,106496.0,-183.2544708251953,
a,2c_objective__co2__seed43,114688.0,-178.4739990234375,
a,2c_objective__co2__seed43,122880.0,-127.02532958984376,
a,2c_objective__co2__seed43,135168.0,-135.62358856201172,
a,2c_objective__co2__seed43,147456.0,-113.38694763183594,
a,2c_objective__co2__seed43,155648.0,-144.90638732910156,
a,2c_objective__co2__seed43,163840.0,-113.48839569091795,
a,2c_objective__co2__seed43,172032.0,-103.5896224975586,
a,2c_objective__co2__seed43,184320.0,-107.6486587524414,
a,2c_objective__co2__seed43,196608.0,-102.6015396118164,
a,2c_objective__co2__seed43,204800.0,-97.43820190429688,
a,2c_objective__co2__seed43,212992.0,-80.72453308105469,
a,2c_objective__co2__seed43,225280.0,-93.46542358398438,
a,2c_objective__co2__seed43,237568.0,-79.1976547241211,
a,2c_objective__co2__seed43,245760.0,-78.27229309082031,
a,2c_objective__co2__seed43,253952.0,-89.14786529541016,
a,2c_objective__co2__seed43,262144.0,-72.48822021484375,
a,2c_objective__co2__seed43,274432.0,-77.75728988647461,
a,2c_objective__co2__seed43,286720.0,-72.98643493652344,
a,2c_objective__co2__seed43,294912.0,-95.49942779541016,
a,2c_objective__co2__seed43,303104.0,-69.7419662475586,
a,2c_objective__co2__seed43,315392.0,-78.53126525878906,
a,2c_objective__co2__seed43,327680.0,-73.22674560546875,
a,2c_objective__co2__seed43,335872.0,-80.15350341796875,
a,2c_objective__co2__seed43,344064.0,-81.99234771728516,
a,2c_objective__co2__seed43,352256.0,-71.52096557617188,
a,2c_objective__co2__seed43,364544.0,-68.35966682434082,
a,2c_objective__co2__seed43,376832.0,-69.23514556884766,
a,2c_objective__co2__seed43,385024.0,-70.1488265991211,
a,2c_objective__co2__seed43,393216.0,-64.19995880126953,
a,2c_objective__co2__seed43,405504.0,-70.8520622253418,
a,2c_objective__co2__seed43,417792.0,-65.24311828613281,
a,2c_objective__co2__seed43,425984.0,-61.65473937988281,
a,2c_objective__co2__seed43,434176.0,-68.4969482421875,
a,2c_objective__co2__seed43,442368.0,-58.75920867919922,
a,2c_objective__co2__seed43,454656.0,-60.83267784118652,
a,2c_objective__co2__seed43,466944.0,-57.96918487548828,
a,2c_objective__co2__seed43,475136.0,-66.21741485595703,
a,2c_objective__co2__seed43,483328.0,-56.1662712097168,
a,2c_objective__co2__seed43,495616.0,-57.01083946228027,
a,2c_objective__co2__seed43,507904.0,-47.43996810913086,
a,2c_objective__co2__seed43,516096.0,-53.6428337097168,
a,2c_objective__co2__seed43,524288.0,-52.65630722045898,
a,2c_objective__co2__seed43,532480.0,-51.46129989624024,
a,2c_objective__co2__seed43,544768.0,-64.61773300170898,
a,2c_objective__co2__seed43,557056.0,-54.752628326416016,
a,2c_objective__co2__seed43,565248.0,-53.85163497924805,
a,2c_objective__co2__seed43,573440.0,-53.75569534301758,
a,2c_objective__co2__seed43,585728.0,-57.008405685424805,
a,2c_objective__co2__seed43,598016.0,-56.20491027832031,
a,2c_objective__co2__seed43,606208.0,-50.899688720703125,
a,2c_objective__co2__seed43,614400.0,-50.74908447265625,
a,2c_objective__co2__seed43,622592.0,-53.473751068115234,
a,2c_objective__co2__seed43,634880.0,-60.01795768737793,
a,2c_objective__co2__seed43,647168.0,-63.83518600463867,
a,2c_objective__co2__seed43,655360.0,-47.14618682861328,
a,2c_objective__co2__seed43,663552.0,-51.917259216308594,
a,2c_objective__co2__seed43,675840.0,-50.28399848937988,
a,2c_objective__co2__seed43,688128.0,-56.949180603027344,
a,2c_objective__co2__seed43,696320.0,-52.44546127319336,
a,2c_objective__co2__seed43,704512.0,-53.93032455444336,
a,2c_objective__co2__seed43,712704.0,-48.615718841552734,
a,2c_objective__co2__seed43,724992.0,-51.1114559173584,
a,2c_objective__co2__seed43,737280.0,-51.533050537109375,
a,2c_objective__co2__seed43,745472.0,-57.19314193725586,
a,2c_objective__co2__seed43,753664.0,-48.07182693481445,
a,2c_objective__co2__seed43,761856.0,-50.2370719909668,
a,2c_objective__co2__seed43,774144.0,-47.81252861022949,
a,2c_objective__co2__seed43,786432.0,-40.74484252929688,
a,2c_objective__co2__seed43,794624.0,-47.31453704833984,
a,2c_objective__co2__seed43,802816.0,-44.22077560424805,
a,2c_objective__co2__seed43,815104.0,-41.86805534362793,
a,2c_objective__co2__seed43,827392.0,-36.710540771484375,
a,2c_objective__co2__seed43,835584.0,-48.18310546875,
a,2c_objective__co2__seed43,843776.0,-51.8710823059082,
a,2c_objective__co2__seed43,851968.0,-41.20894241333008,
a,2c_objective__co2__seed43,864256.0,-41.0338020324707,
a,2c_objective__co2__seed43,876544.0,-47.6832160949707,
a,2c_objective__co2__seed43,884736.0,-40.134220123291016,
a,2c_objective__co2__seed43,892928.0,-44.5317611694336,
a,2c_objective__co2__seed43,905216.0,-45.32552528381348,
a,2c_objective__co2__seed43,917504.0,-39.41999816894531,
a,2c_objective__co2__seed43,925696.0,-41.537391662597656,
a,2c_objective__co2__seed43,933888.0,-44.24818801879883,
a,2c_objective__co2__seed43,942080.0,-39.850135803222656,
a,2c_objective__co2__seed43,954368.0,-37.83903503417969,
a,2c_objective__co2__seed43,966656.0,-41.1524543762207,
a,2c_objective__co2__seed43,974848.0,-38.89988708496094,
a,2c_objective__co2__seed43,983040.0,-44.48947143554688,
a,2c_objective__co2__seed43,995328.0,-40.62131309509277,
a,2c_objective__co2__seed43,1007616.0,-37.466758728027344,
a,2c_objective__co2__seed44,8192.0,-2757.289306640625,
a,2c_objective__co2__seed44,16384.0,-2187.26123046875,
a,2c_objective__co2__seed44,24576.0,-1761.0987548828125,
a,2c_objective__co2__seed44,32768.0,-1247.18115234375,
a,2c_objective__co2__seed44,45056.0,-728.7490844726562,
a,2c_objective__co2__seed44,57344.0,-352.3299865722656,
a,2c_objective__co2__seed44,65536.0,-300.1508178710937,
a,2c_objective__co2__seed44,73728.0,-299.667724609375,
a,2c_objective__co2__seed44,81920.0,-296.0568542480469,
a,2c_objective__co2__seed44,94208.0,-183.67503356933597,
a,2c_objective__co2__seed44,106496.0,-142.4420928955078,
a,2c_objective__co2__seed44,114688.0,-149.17921447753906,
a,2c_objective__co2__seed44,122880.0,-121.83293914794922,
a,2c_objective__co2__seed44,135168.0,-127.96437454223631,
a,2c_objective__co2__seed44,147456.0,-104.2522964477539,
a,2c_objective__co2__seed44,155648.0,-117.38806915283205,
a,2c_objective__co2__seed44,163840.0,-116.10140991210938,
a,2c_objective__co2__seed44,172032.0,-86.69473266601562,
a,2c_objective__co2__seed44,184320.0,-80.5100212097168,
a,2c_objective__co2__seed44,196608.0,-76.37112426757812,
a,2c_objective__co2__seed44,204800.0,-78.599609375,
a,2c_objective__co2__seed44,212992.0,-62.12297058105469,
a,2c_objective__co2__seed44,225280.0,-69.23048400878906,
a,2c_objective__co2__seed44,237568.0,-58.23983001708984,
a,2c_objective__co2__seed44,245760.0,-58.36996078491211,
a,2c_objective__co2__seed44,253952.0,-52.9771728515625,
a,2c_objective__co2__seed44,262144.0,-58.26045608520508,
a,2c_objective__co2__seed44,274432.0,-61.87169075012207,
a,2c_objective__co2__seed44,286720.0,-55.67658996582031,
a,2c_objective__co2__seed44,294912.0,-74.74449920654297,
a,2c_objective__co2__seed44,303104.0,-53.10443878173828,
a,2c_objective__co2__seed44,315392.0,-58.96568489074707,
a,2c_objective__co2__seed44,327680.0,-51.3818244934082,
a,2c_objective__co2__seed44,335872.0,-56.70737457275391,
a,2c_objective__co2__seed44,344064.0,-53.0987434387207,
a,2c_objective__co2__seed44,352256.0,-50.9521484375,
a,2c_objective__co2__seed44,364544.0,-54.73250770568848,
a,2c_objective__co2__seed44,376832.0,-44.81593704223633,
a,2c_objective__co2__seed44,385024.0,-55.00174331665039,
a,2c_objective__co2__seed44,393216.0,-48.67901992797852,
a,2c_objective__co2__seed44,405504.0,-57.30596733093262,
a,2c_objective__co2__seed44,417792.0,-49.09807205200195,
a,2c_objective__co2__seed44,425984.0,-52.032188415527344,
a,2c_objective__co2__seed44,434176.0,-53.46654891967773,
a,2c_objective__co2__seed44,442368.0,-52.26519393920898,
a,2c_objective__co2__seed44,454656.0,-52.9637622833252,
a,2c_objective__co2__seed44,466944.0,-46.8843002319336,
a,2c_objective__co2__seed44,475136.0,-49.11088562011719,
a,2c_objective__co2__seed44,483328.0,-44.44053268432617,
a,2c_objective__co2__seed44,495616.0,-45.83277320861816,
a,2c_objective__co2__seed44,507904.0,-49.26138305664063,
a,2c_objective__co2__seed44,516096.0,-50.84187316894531,
a,2c_objective__co2__seed44,524288.0,-48.13640213012695,
a,2c_objective__co2__seed44,532480.0,-41.68535614013672,
a,2c_objective__co2__seed44,544768.0,-51.48036193847656,
a,2c_objective__co2__seed44,557056.0,-55.10710525512695,
a,2c_objective__co2__seed44,565248.0,-51.35349655151367,
a,2c_objective__co2__seed44,573440.0,-54.60505294799805,
a,2c_objective__co2__seed44,585728.0,-47.9268741607666,
a,2c_objective__co2__seed44,598016.0,-48.11757278442383,
a,2c_objective__co2__seed44,606208.0,-45.746089935302734,
a,2c_objective__co2__seed44,614400.0,-52.4657096862793,
a,2c_objective__co2__seed44,622592.0,-54.73828887939453,
a,2c_objective__co2__seed44,634880.0,-49.92329788208008,
a,2c_objective__co2__seed44,647168.0,-43.86524200439453,
a,2c_objective__co2__seed44,655360.0,-46.07683563232422,
a,2c_objective__co2__seed44,663552.0,-47.848331451416016,
a,2c_objective__co2__seed44,675840.0,-47.333255767822266,
a,2c_objective__co2__seed44,688128.0,-53.395774841308594,
a,2c_objective__co2__seed44,696320.0,-45.21017074584961,
a,2c_objective__co2__seed44,704512.0,-48.16407775878906,
a,2c_objective__co2__seed44,712704.0,-49.19916534423828,
a,2c_objective__co2__seed44,724992.0,-46.17706108093262,
a,2c_objective__co2__seed44,737280.0,-45.26214599609375,
a,2c_objective__co2__seed44,745472.0,-49.24872970581055,
a,2c_objective__co2__seed44,753664.0,-41.50041580200195,
a,2c_objective__co2__seed44,761856.0,-44.98837661743164,
a,2c_objective__co2__seed44,774144.0,-40.03313064575195,
a,2c_objective__co2__seed44,786432.0,-46.60966491699219,
a,2c_objective__co2__seed44,794624.0,-43.90008163452149,
a,2c_objective__co2__seed44,802816.0,-41.30633544921875,
a,2c_objective__co2__seed44,815104.0,-44.19186973571777,
a,2c_objective__co2__seed44,827392.0,-36.478660583496094,
a,2c_objective__co2__seed44,835584.0,-48.28621292114258,
a,2c_objective__co2__seed44,843776.0,-54.37770080566406,
a,2c_objective__co2__seed44,851968.0,-37.458778381347656,
a,2c_objective__co2__seed44,864256.0,-37.24101257324219,
a,2c_objective__co2__seed44,876544.0,-42.66187286376953,
a,2c_objective__co2__seed44,884736.0,-41.14180374145508,
a,2c_objective__co2__seed44,892928.0,-44.26104736328125,
a,2c_objective__co2__seed44,905216.0,-44.30205154418945,
a,2c_objective__co2__seed44,917504.0,-35.09676742553711,
a,2c_objective__co2__seed44,925696.0,-38.97763442993164,
a,2c_objective__co2__seed44,933888.0,-41.566497802734375,
a,2c_objective__co2__seed44,942080.0,-37.63585662841797,
a,2c_objective__co2__seed44,954368.0,-39.32865333557129,
a,2c_objective__co2__seed44,966656.0,-36.27725982666016,
a,2c_objective__co2__seed44,974848.0,-36.08971786499024,
a,2c_objective__co2__seed44,983040.0,-45.53891754150391,
a,2c_objective__co2__seed44,995328.0,-37.499773025512695,
a,2c_objective__co2__seed44,1007616.0,-38.62504959106445,
a,2c_objective__co2__seed45,8192.0,-2818.627685546875,
a,2c_objective__co2__seed45,16384.0,-2238.831298828125,
a,2c_objective__co2__seed45,24576.0,-1555.3895263671875,
a,2c_objective__co2__seed45,32768.0,-1133.3970947265625,
a,2c_objective__co2__seed45,45056.0,-709.4521789550781,
a,2c_objective__co2__seed45,57344.0,-329.9465026855469,
a,2c_objective__co2__seed45,65536.0,-348.5451965332031,
a,2c_objective__co2__seed45,73728.0,-273.0517883300781,
a,2c_objective__co2__seed45,81920.0,-258.05584716796875,
a,2c_objective__co2__seed45,94208.0,-190.4171600341797,
a,2c_objective__co2__seed45,106496.0,-154.78662109375,
a,2c_objective__co2__seed45,114688.0,-161.01853942871094,
a,2c_objective__co2__seed45,122880.0,-124.75651550292967,
a,2c_objective__co2__seed45,135168.0,-113.64434432983398,
a,2c_objective__co2__seed45,147456.0,-118.47402954101562,
a,2c_objective__co2__seed45,155648.0,-112.9501495361328,
a,2c_objective__co2__seed45,163840.0,-116.3123550415039,
a,2c_objective__co2__seed45,172032.0,-105.6169662475586,
a,2c_objective__co2__seed45,184320.0,-94.12791061401369,
a,2c_objective__co2__seed45,196608.0,-85.49723052978516,
a,2c_objective__co2__seed45,204800.0,-100.70691680908205,
a,2c_objective__co2__seed45,212992.0,-81.49675750732422,
a,2c_objective__co2__seed45,225280.0,-80.2772102355957,
a,2c_objective__co2__seed45,237568.0,-57.74385070800781,
a,2c_objective__co2__seed45,245760.0,-71.3875961303711,
a,2c_objective__co2__seed45,253952.0,-61.38229370117188,
a,2c_objective__co2__seed45,262144.0,-62.87985610961914,
a,2c_objective__co2__seed45,274432.0,-73.2325668334961,
a,2c_objective__co2__seed45,286720.0,-58.78729248046875,
a,2c_objective__co2__seed45,294912.0,-83.88005828857422,
a,2c_objective__co2__seed45,303104.0,-50.04494094848633,
a,2c_objective__co2__seed45,315392.0,-59.99763107299805,
a,2c_objective__co2__seed45,327680.0,-57.89833068847656,
a,2c_objective__co2__seed45,335872.0,-59.72663116455078,
a,2c_objective__co2__seed45,344064.0,-55.772796630859375,
a,2c_objective__co2__seed45,352256.0,-48.2110481262207,
a,2c_objective__co2__seed45,364544.0,-52.94238471984863,
a,2c_objective__co2__seed45,376832.0,-46.95766067504883,
a,2c_objective__co2__seed45,385024.0,-44.64519119262695,
a,2c_objective__co2__seed45,393216.0,-43.78579711914063,
a,2c_objective__co2__seed45,405504.0,-54.56269454956055,
a,2c_objective__co2__seed45,417792.0,-49.49078369140625,
a,2c_objective__co2__seed45,425984.0,-53.33797073364258,
a,2c_objective__co2__seed45,434176.0,-46.3665885925293,
a,2c_objective__co2__seed45,442368.0,-55.00484848022461,
a,2c_objective__co2__seed45,454656.0,-53.9469108581543,
a,2c_objective__co2__seed45,466944.0,-45.15105438232422,
a,2c_objective__co2__seed45,475136.0,-50.00559616088867,
a,2c_objective__co2__seed45,483328.0,-50.21385192871094,
a,2c_objective__co2__seed45,495616.0,-48.83728218078613,
a,2c_objective__co2__seed45,507904.0,-55.80154037475586,
a,2c_objective__co2__seed45,516096.0,-54.86373519897461,
a,2c_objective__co2__seed45,524288.0,-44.68480682373047,
a,2c_objective__co2__seed45,532480.0,-45.96165084838867,
a,2c_objective__co2__seed45,544768.0,-49.7424259185791,
a,2c_objective__co2__seed45,557056.0,-50.51785659790039,
a,2c_objective__co2__seed45,565248.0,-47.631290435791016,
a,2c_objective__co2__seed45,573440.0,-46.76635360717773,
a,2c_objective__co2__seed45,585728.0,-48.689064025878906,
a,2c_objective__co2__seed45,598016.0,-42.6112060546875,
a,2c_objective__co2__seed45,606208.0,-50.52914810180664,
a,2c_objective__co2__seed45,614400.0,-50.35146713256836,
a,2c_objective__co2__seed45,622592.0,-53.157814025878906,
a,2c_objective__co2__seed45,634880.0,-46.33719062805176,
a,2c_objective__co2__seed45,647168.0,-51.04629135131836,
a,2c_objective__co2__seed45,655360.0,-42.57114410400391,
a,2c_objective__co2__seed45,663552.0,-41.82522964477539,
a,2c_objective__co2__seed45,675840.0,-47.32807159423828,
a,2c_objective__co2__seed45,688128.0,-52.215938568115234,
a,2c_objective__co2__seed45,696320.0,-43.200645446777344,
a,2c_objective__co2__seed45,704512.0,-47.46913909912109,
a,2c_objective__co2__seed45,712704.0,-49.83326721191406,
a,2c_objective__co2__seed45,724992.0,-45.33491897583008,
a,2c_objective__co2__seed45,737280.0,-40.42255401611328,
a,2c_objective__co2__seed45,745472.0,-46.81690979003906,
a,2c_objective__co2__seed45,753664.0,-44.90275573730469,
a,2c_objective__co2__seed45,761856.0,-45.31257629394531,
a,2c_objective__co2__seed45,774144.0,-42.36639976501465,
a,2c_objective__co2__seed45,786432.0,-44.99787902832031,
a,2c_objective__co2__seed45,794624.0,-43.80213928222656,
a,2c_objective__co2__seed45,802816.0,-46.97303771972656,
a,2c_objective__co2__seed45,815104.0,-43.68529319763184,
a,2c_objective__co2__seed45,827392.0,-41.50279998779297,
a,2c_objective__co2__seed45,835584.0,-41.96837615966797,
a,2c_objective__co2__seed45,843776.0,-44.74303817749024,
a,2c_objective__co2__seed45,851968.0,-37.64321517944336,
a,2c_objective__co2__seed45,864256.0,-37.50308036804199,
a,2c_objective__co2__seed45,876544.0,-43.29451751708984,
a,2c_objective__co2__seed45,884736.0,-33.276756286621094,
a,2c_objective__co2__seed45,892928.0,-43.71487045288086,
a,2c_objective__co2__seed45,905216.0,-42.92107963562012,
a,2c_objective__co2__seed45,917504.0,-38.01614761352539,
a,2c_objective__co2__seed45,925696.0,-39.99113845825195,
a,2c_objective__co2__seed45,933888.0,-39.67718124389648,
a,2c_objective__co2__seed45,942080.0,-36.288482666015625,
a,2c_objective__co2__seed45,954368.0,-40.48043441772461,
a,2c_objective__co2__seed45,966656.0,-38.48967361450195,
a,2c_objective__co2__seed45,974848.0,-35.417484283447266,
a,2c_objective__co2__seed45,983040.0,-43.95577239990234,
a,2c_objective__co2__seed45,995328.0,-38.669546127319336,
a,2c_objective__co2__seed45,1007616.0,-36.411502838134766,
a,2c_objective__co2__seed46,8192.0,-2942.5380859375,
a,2c_objective__co2__seed46,16384.0,-2097.01171875,
a,2c_objective__co2__seed46,24576.0,-1545.068603515625,
a,2c_objective__co2__seed46,32768.0,-1153.93408203125,
a,2c_objective__co2__seed46,45056.0,-828.8355407714844,
a,2c_objective__co2__seed46,57344.0,-392.14263916015625,
a,2c_objective__co2__seed46,65536.0,-351.0895690917969,
a,2c_objective__co2__seed46,73728.0,-255.16818237304688,
a,2c_objective__co2__seed46,81920.0,-239.46353149414065,
a,2c_objective__co2__seed46,94208.0,-195.97528839111328,
a,2c_objective__co2__seed46,106496.0,-170.58453369140625,
a,2c_objective__co2__seed46,114688.0,-135.79598999023438,
a,2c_objective__co2__seed46,122880.0,-135.0653533935547,
a,2c_objective__co2__seed46,135168.0,-112.2831573486328,
a,2c_objective__co2__seed46,147456.0,-104.57616424560548,
a,2c_objective__co2__seed46,155648.0,-148.560302734375,
a,2c_objective__co2__seed46,163840.0,-128.70449829101562,
a,2c_objective__co2__seed46,172032.0,-107.01998138427734,
a,2c_objective__co2__seed46,184320.0,-98.41058349609376,
a,2c_objective__co2__seed46,196608.0,-104.7267608642578,
a,2c_objective__co2__seed46,204800.0,-97.29767608642578,
a,2c_objective__co2__seed46,212992.0,-91.40211486816406,
a,2c_objective__co2__seed46,225280.0,-92.66807556152344,
a,2c_objective__co2__seed46,237568.0,-74.05521392822266,
a,2c_objective__co2__seed46,245760.0,-91.4926528930664,
a,2c_objective__co2__seed46,253952.0,-83.88320922851562,
a,2c_objective__co2__seed46,262144.0,-83.52952575683594,
a,2c_objective__co2__seed46,274432.0,-96.1737937927246,
a,2c_objective__co2__seed46,286720.0,-83.09248352050781,
a,2c_objective__co2__seed46,294912.0,-103.3581314086914,
a,2c_objective__co2__seed46,303104.0,-84.69425201416016,
a,2c_objective__co2__seed46,315392.0,-76.25556945800781,
a,2c_objective__co2__seed46,327680.0,-88.22977447509766,
a,2c_objective__co2__seed46,335872.0,-71.31165313720703,
a,2c_objective__co2__seed46,344064.0,-67.23875427246094,
a,2c_objective__co2__seed46,352256.0,-58.33008575439453,
a,2c_objective__co2__seed46,364544.0,-65.82876586914062,
a,2c_objective__co2__seed46,376832.0,-64.89633178710938,
a,2c_objective__co2__seed46,385024.0,-69.24467468261719,
a,2c_objective__co2__seed46,393216.0,-53.3779525756836,
a,2c_objective__co2__seed46,405504.0,-59.27522277832031,
a,2c_objective__co2__seed46,417792.0,-75.85012817382812,
a,2c_objective__co2__seed46,425984.0,-80.03092193603516,
a,2c_objective__co2__seed46,434176.0,-76.64875793457031,
a,2c_objective__co2__seed46,442368.0,-72.58990478515625,
a,2c_objective__co2__seed46,454656.0,-78.73404693603516,
a,2c_objective__co2__seed46,466944.0,-52.39774703979492,
a,2c_objective__co2__seed46,475136.0,-60.9722900390625,
a,2c_objective__co2__seed46,483328.0,-64.18181610107422,
a,2c_objective__co2__seed46,495616.0,-59.30096626281738,
a,2c_objective__co2__seed46,507904.0,-64.3680648803711,
a,2c_objective__co2__seed46,516096.0,-72.8387680053711,
a,2c_objective__co2__seed46,524288.0,-63.848388671875,
a,2c_objective__co2__seed46,532480.0,-56.40956878662109,
a,2c_objective__co2__seed46,544768.0,-57.58791160583496,
a,2c_objective__co2__seed46,557056.0,-54.016483306884766,
a,2c_objective__co2__seed46,565248.0,-59.60100936889648,
a,2c_objective__co2__seed46,573440.0,-56.56449890136719,
a,2c_objective__co2__seed46,585728.0,-56.797529220581055,
a,2c_objective__co2__seed46,598016.0,-49.31788635253906,
a,2c_objective__co2__seed46,606208.0,-46.72301864624024,
a,2c_objective__co2__seed46,614400.0,-58.09074020385742,
a,2c_objective__co2__seed46,622592.0,-56.37057876586914,
a,2c_objective__co2__seed46,634880.0,-54.77599334716797,
a,2c_objective__co2__seed46,647168.0,-43.22515106201172,
a,2c_objective__co2__seed46,655360.0,-50.58019256591797,
a,2c_objective__co2__seed46,663552.0,-42.54901885986328,
a,2c_objective__co2__seed46,675840.0,-51.97309684753418,
a,2c_objective__co2__seed46,688128.0,-50.803165435791016,
a,2c_objective__co2__seed46,696320.0,-48.73054122924805,
a,2c_objective__co2__seed46,704512.0,-52.630977630615234,
a,2c_objective__co2__seed46,712704.0,-50.96628189086914,
a,2c_objective__co2__seed46,724992.0,-51.72993850708008,
a,2c_objective__co2__seed46,737280.0,-50.52773666381836,
a,2c_objective__co2__seed46,745472.0,-54.218204498291016,
a,2c_objective__co2__seed46,753664.0,-48.010284423828125,
a,2c_objective__co2__seed46,761856.0,-46.63439178466797,
a,2c_objective__co2__seed46,774144.0,-48.90935134887695,
a,2c_objective__co2__seed46,786432.0,-46.97808837890625,
a,2c_objective__co2__seed46,794624.0,-45.353702545166016,
a,2c_objective__co2__seed46,802816.0,-46.79184722900391,
a,2c_objective__co2__seed46,815104.0,-42.20737648010254,
a,2c_objective__co2__seed46,827392.0,-39.081790924072266,
a,2c_objective__co2__seed46,835584.0,-46.42555618286133,
a,2c_objective__co2__seed46,843776.0,-48.53476333618164,
a,2c_objective__co2__seed46,851968.0,-39.2781982421875,
a,2c_objective__co2__seed46,864256.0,-40.43064880371094,
a,2c_objective__co2__seed46,876544.0,-45.544036865234375,
a,2c_objective__co2__seed46,884736.0,-40.02684020996094,
a,2c_objective__co2__seed46,892928.0,-42.6139030456543,
a,2c_objective__co2__seed46,905216.0,-44.11854553222656,
a,2c_objective__co2__seed46,917504.0,-40.45904159545898,
a,2c_objective__co2__seed46,925696.0,-38.422340393066406,
a,2c_objective__co2__seed46,933888.0,-41.05466079711914,
a,2c_objective__co2__seed46,942080.0,-36.82524108886719,
a,2c_objective__co2__seed46,954368.0,-43.88399124145508,
a,2c_objective__co2__seed46,966656.0,-38.99281692504883,
a,2c_objective__co2__seed46,974848.0,-37.15634536743164,
a,2c_objective__co2__seed46,983040.0,-46.82842254638672,
a,2c_objective__co2__seed46,995328.0,-42.58538055419922,
a,2c_objective__co2__seed46,1007616.0,-38.93857955932617,
b,2a_reward_mode__feasibility_gated__seed42,8192.0,-2864.51220703125,
b,2a_reward_mode__feasibility_gated__seed42,16384.0,-2545.99658203125,
b,2a_reward_mode__feasibility_gated__seed42,24576.0,-1635.9912109375,
b,2a_reward_mode__feasibility_gated__seed42,32768.0,-1181.5848388671875,
b,2a_reward_mode__feasibility_gated__seed42,45056.0,-855.7159729003906,
b,2a_reward_mode__feasibility_gated__seed42,57344.0,-469.5689086914063,
b,2a_reward_mode__feasibility_gated__seed42,65536.0,-412.9519958496094,
b,2a_reward_mode__feasibility_gated__seed42,73728.0,-254.9006805419922,
b,2a_reward_mode__feasibility_gated__seed42,81920.0,-242.07913208007807,
b,2a_reward_mode__feasibility_gated__seed42,94208.0,-197.1686782836914,
b,2a_reward_mode__feasibility_gated__seed42,106496.0,-170.91586303710938,
b,2a_reward_mode__feasibility_gated__seed42,114688.0,-178.9199676513672,
b,2a_reward_mode__feasibility_gated__seed42,122880.0,-140.71688842773438,
b,2a_reward_mode__feasibility_gated__seed42,135168.0,-159.8427505493164,
b,2a_reward_mode__feasibility_gated__seed42,147456.0,-150.84829711914062,
b,2a_reward_mode__feasibility_gated__seed42,155648.0,-170.7350616455078,
b,2a_reward_mode__feasibility_gated__seed42,163840.0,-122.5407485961914,
b,2a_reward_mode__feasibility_gated__seed42,172032.0,-115.5492706298828,
b,2a_reward_mode__feasibility_gated__seed42,184320.0,-120.52406692504884,
b,2a_reward_mode__feasibility_gated__seed42,196608.0,-129.01373291015625,
b,2a_reward_mode__feasibility_gated__seed42,204800.0,-122.84011840820312,
b,2a_reward_mode__feasibility_gated__seed42,212992.0,-100.93889617919922,
b,2a_reward_mode__feasibility_gated__seed42,225280.0,-100.28657913208008,
b,2a_reward_mode__feasibility_gated__seed42,237568.0,-91.49879455566406,
b,2a_reward_mode__feasibility_gated__seed42,245760.0,-85.44641876220703,
b,2a_reward_mode__feasibility_gated__seed42,253952.0,-95.45880889892578,
b,2a_reward_mode__feasibility_gated__seed42,262144.0,-73.87345123291016,
b,2a_reward_mode__feasibility_gated__seed42,274432.0,-86.39908599853516,
b,2a_reward_mode__feasibility_gated__seed42,286720.0,-86.71941375732422,
b,2a_reward_mode__feasibility_gated__seed42,294912.0,-108.7620086669922,
b,2a_reward_mode__feasibility_gated__seed42,303104.0,-75.81884765625,
b,2a_reward_mode__feasibility_gated__seed42,315392.0,-86.95207214355469,
b,2a_reward_mode__feasibility_gated__seed42,327680.0,-83.03560638427734,
b,2a_reward_mode__feasibility_gated__seed42,335872.0,-97.20736694335938,
b,2a_reward_mode__feasibility_gated__seed42,344064.0,-83.14495849609375,
b,2a_reward_mode__feasibility_gated__seed42,352256.0,-76.64644622802734,
b,2a_reward_mode__feasibility_gated__seed42,364544.0,-75.0569839477539,
b,2a_reward_mode__feasibility_gated__seed42,376832.0,-77.95960235595703,
b,2a_reward_mode__feasibility_gated__seed42,385024.0,-72.83031463623047,
b,2a_reward_mode__feasibility_gated__seed42,393216.0,-64.77566528320312,
b,2a_reward_mode__feasibility_gated__seed42,405504.0,-84.5037612915039,
b,2a_reward_mode__feasibility_gated__seed42,417792.0,-68.99593353271484,
b,2a_reward_mode__feasibility_gated__seed42,425984.0,-63.74446487426758,
b,2a_reward_mode__feasibility_gated__seed42,434176.0,-67.35092163085938,
b,2a_reward_mode__feasibility_gated__seed42,442368.0,-67.37531280517578,
b,2a_reward_mode__feasibility_gated__seed42,454656.0,-73.89771270751953,
b,2a_reward_mode__feasibility_gated__seed42,466944.0,-55.24746322631836,
b,2a_reward_mode__feasibility_gated__seed42,475136.0,-71.49295043945312,
b,2a_reward_mode__feasibility_gated__seed42,483328.0,-64.05974578857422,
b,2a_reward_mode__feasibility_gated__seed42,495616.0,-67.68952369689941,
b,2a_reward_mode__feasibility_gated__seed42,507904.0,-61.93198013305664,
b,2a_reward_mode__feasibility_gated__seed42,516096.0,-63.213661193847656,
b,2a_reward_mode__feasibility_gated__seed42,524288.0,-57.07405853271485,
b,2a_reward_mode__feasibility_gated__seed42,532480.0,-65.45848083496094,
b,2a_reward_mode__feasibility_gated__seed42,544768.0,-59.3851432800293,
b,2a_reward_mode__feasibility_gated__seed42,557056.0,-52.19616317749024,
b,2a_reward_mode__feasibility_gated__seed42,565248.0,-63.58919525146485,
b,2a_reward_mode__feasibility_gated__seed42,573440.0,-67.11677551269531,
b,2a_reward_mode__feasibility_gated__seed42,585728.0,-67.47457885742188,
b,2a_reward_mode__feasibility_gated__seed42,598016.0,-72.34228515625,
b,2a_reward_mode__feasibility_gated__seed42,606208.0,-55.10052490234375,
b,2a_reward_mode__feasibility_gated__seed42,614400.0,-59.32152557373047,
b,2a_reward_mode__feasibility_gated__seed42,622592.0,-56.158939361572266,
b,2a_reward_mode__feasibility_gated__seed42,634880.0,-70.91482162475586,
b,2a_reward_mode__feasibility_gated__seed42,647168.0,-71.05293273925781,
b,2a_reward_mode__feasibility_gated__seed42,655360.0,-59.00459289550781,
b,2a_reward_mode__feasibility_gated__seed42,663552.0,-62.46192169189453,
b,2a_reward_mode__feasibility_gated__seed42,675840.0,-66.14747619628906,
b,2a_reward_mode__feasibility_gated__seed42,688128.0,-62.42060852050781,
b,2a_reward_mode__feasibility_gated__seed42,696320.0,-69.20356750488281,
b,2a_reward_mode__feasibility_gated__seed42,704512.0,-50.68624114990234,
b,2a_reward_mode__feasibility_gated__seed42,712704.0,-56.95133209228516,
b,2a_reward_mode__feasibility_gated__seed42,724992.0,-53.326223373413086,
b,2a_reward_mode__feasibility_gated__seed42,737280.0,-60.561622619628906,
b,2a_reward_mode__feasibility_gated__seed42,745472.0,-52.53790664672852,
b,2a_reward_mode__feasibility_gated__seed42,753664.0,-53.47953796386719,
b,2a_reward_mode__feasibility_gated__seed42,761856.0,-51.43982696533203,
b,2a_reward_mode__feasibility_gated__seed42,774144.0,-52.99837684631348,
b,2a_reward_mode__feasibility_gated__seed42,786432.0,-44.637489318847656,
b,2a_reward_mode__feasibility_gated__seed42,794624.0,-57.14717102050781,
b,2a_reward_mode__feasibility_gated__seed42,802816.0,-48.99161911010742,
b,2a_reward_mode__feasibility_gated__seed42,815104.0,-47.18171691894531,
b,2a_reward_mode__feasibility_gated__seed42,827392.0,-42.71039581298828,
b,2a_reward_mode__feasibility_gated__seed42,835584.0,-46.44902420043945,
b,2a_reward_mode__feasibility_gated__seed42,843776.0,-59.07735824584961,
b,2a_reward_mode__feasibility_gated__seed42,851968.0,-49.45025253295898,
b,2a_reward_mode__feasibility_gated__seed42,864256.0,-44.73698043823242,
b,2a_reward_mode__feasibility_gated__seed42,876544.0,-47.70690536499024,
b,2a_reward_mode__feasibility_gated__seed42,884736.0,-45.84850692749024,
b,2a_reward_mode__feasibility_gated__seed42,892928.0,-54.62614822387695,
b,2a_reward_mode__feasibility_gated__seed42,905216.0,-51.30669593811035,
b,2a_reward_mode__feasibility_gated__seed42,917504.0,-45.932159423828125,
b,2a_reward_mode__feasibility_gated__seed42,925696.0,-47.730804443359375,
b,2a_reward_mode__feasibility_gated__seed42,933888.0,-56.39171600341797,
b,2a_reward_mode__feasibility_gated__seed42,942080.0,-41.076416015625,
b,2a_reward_mode__feasibility_gated__seed42,954368.0,-45.23912811279297,
b,2a_reward_mode__feasibility_gated__seed42,966656.0,-49.435150146484375,
b,2a_reward_mode__feasibility_gated__seed42,974848.0,-48.29376983642578,
b,2a_reward_mode__feasibility_gated__seed42,983040.0,-48.04301834106445,
b,2a_reward_mode__feasibility_gated__seed42,995328.0,-44.06134223937988,
b,2a_reward_mode__feasibility_gated__seed42,1007616.0,-48.73731231689453,
b,2a_reward_mode__feasibility_gated__seed43,8192.0,-2940.41845703125,
b,2a_reward_mode__feasibility_gated__seed43,16384.0,-2334.82373046875,
b,2a_reward_mode__feasibility_gated__seed43,24576.0,-1683.357421875,
b,2a_reward_mode__feasibility_gated__seed43,32768.0,-1165.46826171875,
b,2a_reward_mode__feasibility_gated__seed43,45056.0,-678.0559692382812,
b,2a_reward_mode__feasibility_gated__seed43,57344.0,-353.56939697265625,
b,2a_reward_mode__feasibility_gated__seed43,65536.0,-342.7276916503906,
b,2a_reward_mode__feasibility_gated__seed43,73728.0,-288.628662109375,
b,2a_reward_mode__feasibility_gated__seed43,81920.0,-239.5887908935547,
b,2a_reward_mode__feasibility_gated__seed43,94208.0,-173.17816925048828,
b,2a_reward_mode__feasibility_gated__seed43,106496.0,-169.05255126953125,
b,2a_reward_mode__feasibility_gated__seed43,114688.0,-173.76113891601562,
b,2a_reward_mode__feasibility_gated__seed43,122880.0,-128.512939453125,
b,2a_reward_mode__feasibility_gated__seed43,135168.0,-138.36913299560547,
b,2a_reward_mode__feasibility_gated__seed43,147456.0,-115.20345306396484,
b,2a_reward_mode__feasibility_gated__seed43,155648.0,-134.52125549316406,
b,2a_reward_mode__feasibility_gated__seed43,163840.0,-116.40264892578124,
b,2a_reward_mode__feasibility_gated__seed43,172032.0,-89.0819091796875,
b,2a_reward_mode__feasibility_gated__seed43,184320.0,-95.09500122070312,
b,2a_reward_mode__feasibility_gated__seed43,196608.0,-81.89996337890625,
b,2a_reward_mode__feasibility_gated__seed43,204800.0,-96.29573059082033,
b,2a_reward_mode__feasibility_gated__seed43,212992.0,-78.05320739746094,
b,2a_reward_mode__feasibility_gated__seed43,225280.0,-88.38183975219727,
b,2a_reward_mode__feasibility_gated__seed43,237568.0,-82.75994873046875,
b,2a_reward_mode__feasibility_gated__seed43,245760.0,-85.56778717041016,
b,2a_reward_mode__feasibility_gated__seed43,253952.0,-79.47419738769531,
b,2a_reward_mode__feasibility_gated__seed43,262144.0,-69.73097229003906,
b,2a_reward_mode__feasibility_gated__seed43,274432.0,-67.7494125366211,
b,2a_reward_mode__feasibility_gated__seed43,286720.0,-69.80060577392578,
b,2a_reward_mode__feasibility_gated__seed43,294912.0,-81.88446807861328,
b,2a_reward_mode__feasibility_gated__seed43,303104.0,-69.80347442626953,
b,2a_reward_mode__feasibility_gated__seed43,315392.0,-69.0627212524414,
b,2a_reward_mode__feasibility_gated__seed43,327680.0,-58.236915588378906,
b,2a_reward_mode__feasibility_gated__seed43,335872.0,-73.0537338256836,
b,2a_reward_mode__feasibility_gated__seed43,344064.0,-74.68346405029297,
b,2a_reward_mode__feasibility_gated__seed43,352256.0,-62.80241012573242,
b,2a_reward_mode__feasibility_gated__seed43,364544.0,-61.98232269287109,
b,2a_reward_mode__feasibility_gated__seed43,376832.0,-56.858985900878906,
b,2a_reward_mode__feasibility_gated__seed43,385024.0,-64.4014663696289,
b,2a_reward_mode__feasibility_gated__seed43,393216.0,-53.08497619628906,
b,2a_reward_mode__feasibility_gated__seed43,405504.0,-61.35630989074707,
b,2a_reward_mode__feasibility_gated__seed43,417792.0,-50.206661224365234,
b,2a_reward_mode__feasibility_gated__seed43,425984.0,-60.79415512084961,
b,2a_reward_mode__feasibility_gated__seed43,434176.0,-63.3843994140625,
b,2a_reward_mode__feasibility_gated__seed43,442368.0,-59.585819244384766,
b,2a_reward_mode__feasibility_gated__seed43,454656.0,-58.5209903717041,
b,2a_reward_mode__feasibility_gated__seed43,466944.0,-49.63130569458008,
b,2a_reward_mode__feasibility_gated__seed43,475136.0,-49.54559326171875,
b,2a_reward_mode__feasibility_gated__seed43,483328.0,-55.91569519042969,
b,2a_reward_mode__feasibility_gated__seed43,495616.0,-51.67457962036133,
b,2a_reward_mode__feasibility_gated__seed43,507904.0,-62.05927658081055,
b,2a_reward_mode__feasibility_gated__seed43,516096.0,-49.95846176147461,
b,2a_reward_mode__feasibility_gated__seed43,524288.0,-45.29591369628906,
b,2a_reward_mode__feasibility_gated__seed43,532480.0,-47.88022232055664,
b,2a_reward_mode__feasibility_gated__seed43,544768.0,-58.77423858642578,
b,2a_reward_mode__feasibility_gated__seed43,557056.0,-56.201568603515625,
b,2a_reward_mode__feasibility_gated__seed43,565248.0,-50.798622131347656,
b,2a_reward_mode__feasibility_gated__seed43,573440.0,-51.26041030883789,
b,2a_reward_mode__feasibility_gated__seed43,585728.0,-63.74566841125488,
b,2a_reward_mode__feasibility_gated__seed43,598016.0,-61.56355667114258,
b,2a_reward_mode__feasibility_gated__seed43,606208.0,-57.07160949707031,
b,2a_reward_mode__feasibility_gated__seed43,614400.0,-54.58849334716797,
b,2a_reward_mode__feasibility_gated__seed43,622592.0,-49.94678115844727,
b,2a_reward_mode__feasibility_gated__seed43,634880.0,-55.2740421295166,
b,2a_reward_mode__feasibility_gated__seed43,647168.0,-52.84555816650391,
b,2a_reward_mode__feasibility_gated__seed43,655360.0,-43.42935180664063,
b,2a_reward_mode__feasibility_gated__seed43,663552.0,-52.94481658935547,
b,2a_reward_mode__feasibility_gated__seed43,675840.0,-52.21989059448242,
b,2a_reward_mode__feasibility_gated__seed43,688128.0,-59.19743347167969,
b,2a_reward_mode__feasibility_gated__seed43,696320.0,-57.44012069702149,
b,2a_reward_mode__feasibility_gated__seed43,704512.0,-53.18820190429688,
b,2a_reward_mode__feasibility_gated__seed43,712704.0,-50.112117767333984,
b,2a_reward_mode__feasibility_gated__seed43,724992.0,-51.8900203704834,
b,2a_reward_mode__feasibility_gated__seed43,737280.0,-57.65679931640625,
b,2a_reward_mode__feasibility_gated__seed43,745472.0,-58.93289566040039,
b,2a_reward_mode__feasibility_gated__seed43,753664.0,-54.30381774902344,
b,2a_reward_mode__feasibility_gated__seed43,761856.0,-57.49989700317383,
b,2a_reward_mode__feasibility_gated__seed43,774144.0,-51.3161678314209,
b,2a_reward_mode__feasibility_gated__seed43,786432.0,-52.75112915039063,
b,2a_reward_mode__feasibility_gated__seed43,794624.0,-52.746524810791016,
b,2a_reward_mode__feasibility_gated__seed43,802816.0,-44.10897064208984,
b,2a_reward_mode__feasibility_gated__seed43,815104.0,-46.50502586364746,
b,2a_reward_mode__feasibility_gated__seed43,827392.0,-42.253173828125,
b,2a_reward_mode__feasibility_gated__seed43,835584.0,-48.41714477539063,
b,2a_reward_mode__feasibility_gated__seed43,843776.0,-58.06872177124024,
b,2a_reward_mode__feasibility_gated__seed43,851968.0,-51.43733596801758,
b,2a_reward_mode__feasibility_gated__seed43,864256.0,-47.49688529968262,
b,2a_reward_mode__feasibility_gated__seed43,876544.0,-53.07042694091797,
b,2a_reward_mode__feasibility_gated__seed43,884736.0,-45.73930358886719,
b,2a_reward_mode__feasibility_gated__seed43,892928.0,-48.9796142578125,
b,2a_reward_mode__feasibility_gated__seed43,905216.0,-48.23698616027832,
b,2a_reward_mode__feasibility_gated__seed43,917504.0,-42.24464416503906,
b,2a_reward_mode__feasibility_gated__seed43,925696.0,-46.47058868408203,
b,2a_reward_mode__feasibility_gated__seed43,933888.0,-50.13042831420898,
b,2a_reward_mode__feasibility_gated__seed43,942080.0,-43.26636505126953,
b,2a_reward_mode__feasibility_gated__seed43,954368.0,-43.33150672912598,
b,2a_reward_mode__feasibility_gated__seed43,966656.0,-45.75904083251953,
b,2a_reward_mode__feasibility_gated__seed43,974848.0,-45.27802276611328,
b,2a_reward_mode__feasibility_gated__seed43,983040.0,-48.75642776489258,
b,2a_reward_mode__feasibility_gated__seed43,995328.0,-41.09952735900879,
b,2a_reward_mode__feasibility_gated__seed43,1007616.0,-41.71607208251953,
b,2a_reward_mode__feasibility_gated__seed44,8192.0,-2761.418212890625,
b,2a_reward_mode__feasibility_gated__seed44,16384.0,-2198.260986328125,
b,2a_reward_mode__feasibility_gated__seed44,24576.0,-1704.752197265625,
b,2a_reward_mode__feasibility_gated__seed44,32768.0,-1009.3129272460938,
b,2a_reward_mode__feasibility_gated__seed44,45056.0,-633.4586486816406,
b,2a_reward_mode__feasibility_gated__seed44,57344.0,-332.3660583496094,
b,2a_reward_mode__feasibility_gated__seed44,65536.0,-328.892822265625,
b,2a_reward_mode__feasibility_gated__seed44,73728.0,-280.5545959472656,
b,2a_reward_mode__feasibility_gated__seed44,81920.0,-241.79986572265625,
b,2a_reward_mode__feasibility_gated__seed44,94208.0,-182.9788055419922,
b,2a_reward_mode__feasibility_gated__seed44,106496.0,-145.33575439453125,
b,2a_reward_mode__feasibility_gated__seed44,114688.0,-147.39134216308594,
b,2a_reward_mode__feasibility_gated__seed44,122880.0,-121.03301239013672,
b,2a_reward_mode__feasibility_gated__seed44,135168.0,-115.82604217529295,
b,2a_reward_mode__feasibility_gated__seed44,147456.0,-112.41838073730467,
b,2a_reward_mode__feasibility_gated__seed44,155648.0,-130.9320831298828,
b,2a_reward_mode__feasibility_gated__seed44,163840.0,-103.02357482910156,
b,2a_reward_mode__feasibility_gated__seed44,172032.0,-99.84876251220705,
b,2a_reward_mode__feasibility_gated__seed44,184320.0,-84.0914192199707,
b,2a_reward_mode__feasibility_gated__seed44,196608.0,-84.001953125,
b,2a_reward_mode__feasibility_gated__seed44,204800.0,-90.7889175415039,
b,2a_reward_mode__feasibility_gated__seed44,212992.0,-69.71419525146484,
b,2a_reward_mode__feasibility_gated__seed44,225280.0,-78.64704895019531,
b,2a_reward_mode__feasibility_gated__seed44,237568.0,-77.13555908203125,
b,2a_reward_mode__feasibility_gated__seed44,245760.0,-69.82838439941406,
b,2a_reward_mode__feasibility_gated__seed44,253952.0,-63.546424865722656,
b,2a_reward_mode__feasibility_gated__seed44,262144.0,-56.74087524414063,
b,2a_reward_mode__feasibility_gated__seed44,274432.0,-70.30927276611328,
b,2a_reward_mode__feasibility_gated__seed44,286720.0,-62.10023880004883,
b,2a_reward_mode__feasibility_gated__seed44,294912.0,-55.02706527709961,
b,2a_reward_mode__feasibility_gated__seed44,303104.0,-61.50141525268555,
b,2a_reward_mode__feasibility_gated__seed44,315392.0,-59.83148384094238,
b,2a_reward_mode__feasibility_gated__seed44,327680.0,-65.8489990234375,
b,2a_reward_mode__feasibility_gated__seed44,335872.0,-64.3862075805664,
b,2a_reward_mode__feasibility_gated__seed44,344064.0,-59.57923126220703,
b,2a_reward_mode__feasibility_gated__seed44,352256.0,-54.40004348754883,
b,2a_reward_mode__feasibility_gated__seed44,364544.0,-53.16787147521973,
b,2a_reward_mode__feasibility_gated__seed44,376832.0,-50.484031677246094,
b,2a_reward_mode__feasibility_gated__seed44,385024.0,-54.08207321166992,
b,2a_reward_mode__feasibility_gated__seed44,393216.0,-48.44107437133789,
b,2a_reward_mode__feasibility_gated__seed44,405504.0,-52.5326042175293,
b,2a_reward_mode__feasibility_gated__seed44,417792.0,-63.47967529296875,
b,2a_reward_mode__feasibility_gated__seed44,425984.0,-52.30796432495117,
b,2a_reward_mode__feasibility_gated__seed44,434176.0,-51.83372497558594,
b,2a_reward_mode__feasibility_gated__seed44,442368.0,-55.59222412109375,
b,2a_reward_mode__feasibility_gated__seed44,454656.0,-61.48911094665527,
b,2a_reward_mode__feasibility_gated__seed44,466944.0,-47.29156494140625,
b,2a_reward_mode__feasibility_gated__seed44,475136.0,-54.48045349121094,
b,2a_reward_mode__feasibility_gated__seed44,483328.0,-53.31661987304688,
b,2a_reward_mode__feasibility_gated__seed44,495616.0,-50.22324180603027,
b,2a_reward_mode__feasibility_gated__seed44,507904.0,-48.836368560791016,
b,2a_reward_mode__feasibility_gated__seed44,516096.0,-50.24797439575195,
b,2a_reward_mode__feasibility_gated__seed44,524288.0,-43.337867736816406,
b,2a_reward_mode__feasibility_gated__seed44,532480.0,-54.40052795410156,
b,2a_reward_mode__feasibility_gated__seed44,544768.0,-50.369245529174805,
b,2a_reward_mode__feasibility_gated__seed44,557056.0,-47.55770111083984,
b,2a_reward_mode__feasibility_gated__seed44,565248.0,-48.47192001342773,
b,2a_reward_mode__feasibility_gated__seed44,573440.0,-51.41776657104492,
b,2a_reward_mode__feasibility_gated__seed44,585728.0,-53.69481468200684,
b,2a_reward_mode__feasibility_gated__seed44,598016.0,-47.87241363525391,
b,2a_reward_mode__feasibility_gated__seed44,606208.0,-43.51291275024414,
b,2a_reward_mode__feasibility_gated__seed44,614400.0,-52.30142593383789,
b,2a_reward_mode__feasibility_gated__seed44,622592.0,-47.35136032104492,
b,2a_reward_mode__feasibility_gated__seed44,634880.0,-50.02312850952149,
b,2a_reward_mode__feasibility_gated__seed44,647168.0,-44.47548675537109,
b,2a_reward_mode__feasibility_gated__seed44,655360.0,-46.27849197387695,
b,2a_reward_mode__feasibility_gated__seed44,663552.0,-48.51390075683594,
b,2a_reward_mode__feasibility_gated__seed44,675840.0,-51.21529006958008,
b,2a_reward_mode__feasibility_gated__seed44,688128.0,-41.20709609985352,
b,2a_reward_mode__feasibility_gated__seed44,696320.0,-46.07194900512695,
b,2a_reward_mode__feasibility_gated__seed44,704512.0,-48.42282104492188,
b,2a_reward_mode__feasibility_gated__seed44,712704.0,-45.62142562866211,
b,2a_reward_mode__feasibility_gated__seed44,724992.0,-49.09757995605469,
b,2a_reward_mode__feasibility_gated__seed44,737280.0,-47.17485427856445,
b,2a_reward_mode__feasibility_gated__seed44,745472.0,-47.67940521240234,
b,2a_reward_mode__feasibility_gated__seed44,753664.0,-43.24430847167969,
b,2a_reward_mode__feasibility_gated__seed44,761856.0,-41.68883895874024,
b,2a_reward_mode__feasibility_gated__seed44,774144.0,-47.24766731262207,
b,2a_reward_mode__feasibility_gated__seed44,786432.0,-47.48956680297852,
b,2a_reward_mode__feasibility_gated__seed44,794624.0,-41.86320114135742,
b,2a_reward_mode__feasibility_gated__seed44,802816.0,-50.98211669921875,
b,2a_reward_mode__feasibility_gated__seed44,815104.0,-48.67039299011231,
b,2a_reward_mode__feasibility_gated__seed44,827392.0,-41.10128784179688,
b,2a_reward_mode__feasibility_gated__seed44,835584.0,-38.78874588012695,
b,2a_reward_mode__feasibility_gated__seed44,843776.0,-39.37018203735352,
b,2a_reward_mode__feasibility_gated__seed44,851968.0,-43.5200309753418,
b,2a_reward_mode__feasibility_gated__seed44,864256.0,-43.40919303894043,
b,2a_reward_mode__feasibility_gated__seed44,876544.0,-41.45684051513672,
b,2a_reward_mode__feasibility_gated__seed44,884736.0,-47.32276153564453,
b,2a_reward_mode__feasibility_gated__seed44,892928.0,-39.71027755737305,
b,2a_reward_mode__feasibility_gated__seed44,905216.0,-39.59418296813965,
b,2a_reward_mode__feasibility_gated__seed44,917504.0,-37.37003326416016,
b,2a_reward_mode__feasibility_gated__seed44,925696.0,-41.20285415649414,
b,2a_reward_mode__feasibility_gated__seed44,933888.0,-33.78132247924805,
b,2a_reward_mode__feasibility_gated__seed44,942080.0,-40.876007080078125,
b,2a_reward_mode__feasibility_gated__seed44,954368.0,-38.94165992736816,
b,2a_reward_mode__feasibility_gated__seed44,966656.0,-33.0754508972168,
b,2a_reward_mode__feasibility_gated__seed44,974848.0,-40.20569610595703,
b,2a_reward_mode__feasibility_gated__seed44,983040.0,-38.775123596191406,
b,2a_reward_mode__feasibility_gated__seed44,995328.0,-38.38636016845703,
b,2a_reward_mode__feasibility_gated__seed44,1007616.0,-36.59080123901367,
b,2a_reward_mode__feasibility_gated__seed45,8192.0,-2822.490966796875,
b,2a_reward_mode__feasibility_gated__seed45,16384.0,-2254.25341796875,
b,2a_reward_mode__feasibility_gated__seed45,24576.0,-1625.9688720703125,
b,2a_reward_mode__feasibility_gated__seed45,32768.0,-1158.0501708984375,
b,2a_reward_mode__feasibility_gated__seed45,45056.0,-638.2714538574219,
b,2a_reward_mode__feasibility_gated__seed45,57344.0,-397.7681579589844,
b,2a_reward_mode__feasibility_gated__seed45,65536.0,-319.7135925292969,
b,2a_reward_mode__feasibility_gated__seed45,73728.0,-229.17758178710935,
b,2a_reward_mode__feasibility_gated__seed45,81920.0,-244.4616851806641,
b,2a_reward_mode__feasibility_gated__seed45,94208.0,-165.89595794677734,
b,2a_reward_mode__feasibility_gated__seed45,106496.0,-130.23410034179688,
b,2a_reward_mode__feasibility_gated__seed45,114688.0,-138.94554138183594,
b,2a_reward_mode__feasibility_gated__seed45,122880.0,-121.68688201904295,
b,2a_reward_mode__feasibility_gated__seed45,135168.0,-113.37294006347656,
b,2a_reward_mode__feasibility_gated__seed45,147456.0,-102.66921997070312,
b,2a_reward_mode__feasibility_gated__seed45,155648.0,-95.9668960571289,
b,2a_reward_mode__feasibility_gated__seed45,163840.0,-113.60292053222656,
b,2a_reward_mode__feasibility_gated__seed45,172032.0,-83.57085418701172,
b,2a_reward_mode__feasibility_gated__seed45,184320.0,-71.72983169555664,
b,2a_reward_mode__feasibility_gated__seed45,196608.0,-69.54646301269531,
b,2a_reward_mode__feasibility_gated__seed45,204800.0,-80.25751495361328,
b,2a_reward_mode__feasibility_gated__seed45,212992.0,-71.89989471435547,
b,2a_reward_mode__feasibility_gated__seed45,225280.0,-72.21023178100586,
b,2a_reward_mode__feasibility_gated__seed45,237568.0,-60.75569534301758,
b,2a_reward_mode__feasibility_gated__seed45,245760.0,-75.60926055908203,
b,2a_reward_mode__feasibility_gated__seed45,253952.0,-60.26189804077149,
b,2a_reward_mode__feasibility_gated__seed45,262144.0,-58.18626403808594,
b,2a_reward_mode__feasibility_gated__seed45,274432.0,-70.74053573608398,
b,2a_reward_mode__feasibility_gated__seed45,286720.0,-53.79997253417969,
b,2a_reward_mode__feasibility_gated__seed45,294912.0,-70.06961059570312,
b,2a_reward_mode__feasibility_gated__seed45,303104.0,-59.74629592895508,
b,2a_reward_mode__feasibility_gated__seed45,315392.0,-56.29935264587402,
b,2a_reward_mode__feasibility_gated__seed45,327680.0,-59.95139694213867,
b,2a_reward_mode__feasibility_gated__seed45,335872.0,-58.70641326904297,
b,2a_reward_mode__feasibility_gated__seed45,344064.0,-58.55974578857422,
b,2a_reward_mode__feasibility_gated__seed45,352256.0,-55.03728866577149,
b,2a_reward_mode__feasibility_gated__seed45,364544.0,-53.32890701293945,
b,2a_reward_mode__feasibility_gated__seed45,376832.0,-48.572174072265625,
b,2a_reward_mode__feasibility_gated__seed45,385024.0,-55.301387786865234,
b,2a_reward_mode__feasibility_gated__seed45,393216.0,-48.33840560913086,
b,2a_reward_mode__feasibility_gated__seed45,405504.0,-57.52210807800293,
b,2a_reward_mode__feasibility_gated__seed45,417792.0,-53.23369598388672,
b,2a_reward_mode__feasibility_gated__seed45,425984.0,-54.46173095703125,
b,2a_reward_mode__feasibility_gated__seed45,434176.0,-53.33893203735352,
b,2a_reward_mode__feasibility_gated__seed45,442368.0,-62.00579833984375,
b,2a_reward_mode__feasibility_gated__seed45,454656.0,-59.13360977172852,
b,2a_reward_mode__feasibility_gated__seed45,466944.0,-50.077598571777344,
b,2a_reward_mode__feasibility_gated__seed45,475136.0,-68.13034057617188,
b,2a_reward_mode__feasibility_gated__seed45,483328.0,-52.60994720458984,
b,2a_reward_mode__feasibility_gated__seed45,495616.0,-53.790489196777344,
b,2a_reward_mode__feasibility_gated__seed45,507904.0,-55.096153259277344,
b,2a_reward_mode__feasibility_gated__seed45,516096.0,-55.80004119873047,
b,2a_reward_mode__feasibility_gated__seed45,524288.0,-55.65746307373047,
b,2a_reward_mode__feasibility_gated__seed45,532480.0,-49.46753692626953,
b,2a_reward_mode__feasibility_gated__seed45,544768.0,-53.42917060852051,
b,2a_reward_mode__feasibility_gated__seed45,557056.0,-55.60908508300781,
b,2a_reward_mode__feasibility_gated__seed45,565248.0,-53.87312698364258,
b,2a_reward_mode__feasibility_gated__seed45,573440.0,-54.318695068359375,
b,2a_reward_mode__feasibility_gated__seed45,585728.0,-52.64556312561035,
b,2a_reward_mode__feasibility_gated__seed45,598016.0,-52.64516067504883,
b,2a_reward_mode__feasibility_gated__seed45,606208.0,-53.912200927734375,
b,2a_reward_mode__feasibility_gated__seed45,614400.0,-54.41297149658203,
b,2a_reward_mode__feasibility_gated__seed45,622592.0,-48.45309066772461,
b,2a_reward_mode__feasibility_gated__seed45,634880.0,-54.19917106628418,
b,2a_reward_mode__feasibility_gated__seed45,647168.0,-44.09746170043945,
b,2a_reward_mode__feasibility_gated__seed45,655360.0,-45.30192565917969,
b,2a_reward_mode__feasibility_gated__seed45,663552.0,-51.30840301513672,
b,2a_reward_mode__feasibility_gated__seed45,675840.0,-47.59450340270996,
b,2a_reward_mode__feasibility_gated__seed45,688128.0,-42.71859359741211,
b,2a_reward_mode__feasibility_gated__seed45,696320.0,-44.96826171875,
b,2a_reward_mode__feasibility_gated__seed45,704512.0,-54.44383239746094,
b,2a_reward_mode__feasibility_gated__seed45,712704.0,-44.86006546020508,
b,2a_reward_mode__feasibility_gated__seed45,724992.0,-46.81239128112793,
b,2a_reward_mode__feasibility_gated__seed45,737280.0,-48.62147521972656,
b,2a_reward_mode__feasibility_gated__seed45,745472.0,-55.87663269042969,
b,2a_reward_mode__feasibility_gated__seed45,753664.0,-46.73288345336914,
b,2a_reward_mode__feasibility_gated__seed45,761856.0,-50.42319107055664,
b,2a_reward_mode__feasibility_gated__seed45,774144.0,-49.48349380493164,
b,2a_reward_mode__feasibility_gated__seed45,786432.0,-43.871070861816406,
b,2a_reward_mode__feasibility_gated__seed45,794624.0,-43.55180358886719,
b,2a_reward_mode__feasibility_gated__seed45,802816.0,-49.37883758544922,
b,2a_reward_mode__feasibility_gated__seed45,815104.0,-49.523603439331055,
b,2a_reward_mode__feasibility_gated__seed45,827392.0,-53.15933990478516,
b,2a_reward_mode__feasibility_gated__seed45,835584.0,-49.01823425292969,
b,2a_reward_mode__feasibility_gated__seed45,843776.0,-43.034812927246094,
b,2a_reward_mode__feasibility_gated__seed45,851968.0,-44.55016708374024,
b,2a_reward_mode__feasibility_gated__seed45,864256.0,-43.12418746948242,
b,2a_reward_mode__feasibility_gated__seed45,876544.0,-39.5783805847168,
b,2a_reward_mode__feasibility_gated__seed45,884736.0,-43.87798690795898,
b,2a_reward_mode__feasibility_gated__seed45,892928.0,-40.14646911621094,
b,2a_reward_mode__feasibility_gated__seed45,905216.0,-45.06073570251465,
b,2a_reward_mode__feasibility_gated__seed45,917504.0,-46.201133728027344,
b,2a_reward_mode__feasibility_gated__seed45,925696.0,-46.2419319152832,
b,2a_reward_mode__feasibility_gated__seed45,933888.0,-44.539794921875,
b,2a_reward_mode__feasibility_gated__seed45,942080.0,-49.14794158935547,
b,2a_reward_mode__feasibility_gated__seed45,954368.0,-42.30478096008301,
b,2a_reward_mode__feasibility_gated__seed45,966656.0,-39.72720718383789,
b,2a_reward_mode__feasibility_gated__seed45,974848.0,-52.89924621582031,
b,2a_reward_mode__feasibility_gated__seed45,983040.0,-38.12685012817383,
b,2a_reward_mode__feasibility_gated__seed45,995328.0,-40.26499557495117,
b,2a_reward_mode__feasibility_gated__seed45,1007616.0,-36.82065200805664,
b,2a_reward_mode__feasibility_gated__seed46,8192.0,-2946.6162109375,
b,2a_reward_mode__feasibility_gated__seed46,16384.0,-2147.27978515625,
b,2a_reward_mode__feasibility_gated__seed46,24576.0,-1516.923583984375,
b,2a_reward_mode__feasibility_gated__seed46,32768.0,-1169.936767578125,
b,2a_reward_mode__feasibility_gated__seed46,45056.0,-753.9874572753906,
b,2a_reward_mode__feasibility_gated__seed46,57344.0,-337.094482421875,
b,2a_reward_mode__feasibility_gated__seed46,65536.0,-334.9783630371094,
b,2a_reward_mode__feasibility_gated__seed46,73728.0,-267.28875732421875,
b,2a_reward_mode__feasibility_gated__seed46,81920.0,-254.17942810058597,
b,2a_reward_mode__feasibility_gated__seed46,94208.0,-207.29679107666016,
b,2a_reward_mode__feasibility_gated__seed46,106496.0,-180.9172821044922,
b,2a_reward_mode__feasibility_gated__seed46,114688.0,-137.2681884765625,
b,2a_reward_mode__feasibility_gated__seed46,122880.0,-121.29615020751952,
b,2a_reward_mode__feasibility_gated__seed46,135168.0,-123.77549743652344,
b,2a_reward_mode__feasibility_gated__seed46,147456.0,-126.08196258544922,
b,2a_reward_mode__feasibility_gated__seed46,155648.0,-123.89241027832033,
b,2a_reward_mode__feasibility_gated__seed46,163840.0,-137.27284240722656,
b,2a_reward_mode__feasibility_gated__seed46,172032.0,-123.89614868164062,
b,2a_reward_mode__feasibility_gated__seed46,184320.0,-98.8148956298828,
b,2a_reward_mode__feasibility_gated__seed46,196608.0,-99.4466323852539,
b,2a_reward_mode__feasibility_gated__seed46,204800.0,-97.5820770263672,
b,2a_reward_mode__feasibility_gated__seed46,212992.0,-95.08568572998048,
b,2a_reward_mode__feasibility_gated__seed46,225280.0,-98.2320671081543,
b,2a_reward_mode__feasibility_gated__seed46,237568.0,-80.45635986328125,
b,2a_reward_mode__feasibility_gated__seed46,245760.0,-100.63570404052734,
b,2a_reward_mode__feasibility_gated__seed46,253952.0,-75.98702239990234,
b,2a_reward_mode__feasibility_gated__seed46,262144.0,-90.23905181884766,
b,2a_reward_mode__feasibility_gated__seed46,274432.0,-88.89947891235352,
b,2a_reward_mode__feasibility_gated__seed46,286720.0,-91.50843811035156,
b,2a_reward_mode__feasibility_gated__seed46,294912.0,-98.36602020263672,
b,2a_reward_mode__feasibility_gated__seed46,303104.0,-80.5460433959961,
b,2a_reward_mode__feasibility_gated__seed46,315392.0,-76.40357971191406,
b,2a_reward_mode__feasibility_gated__seed46,327680.0,-74.59407043457031,
b,2a_reward_mode__feasibility_gated__seed46,335872.0,-72.25823211669922,
b,2a_reward_mode__feasibility_gated__seed46,344064.0,-71.5538330078125,
b,2a_reward_mode__feasibility_gated__seed46,352256.0,-80.05083465576172,
b,2a_reward_mode__feasibility_gated__seed46,364544.0,-73.39540481567383,
b,2a_reward_mode__feasibility_gated__seed46,376832.0,-73.55363464355469,
b,2a_reward_mode__feasibility_gated__seed46,385024.0,-66.86763763427734,
b,2a_reward_mode__feasibility_gated__seed46,393216.0,-65.52826690673828,
b,2a_reward_mode__feasibility_gated__seed46,405504.0,-67.32209777832031,
b,2a_reward_mode__feasibility_gated__seed46,417792.0,-61.45011138916016,
b,2a_reward_mode__feasibility_gated__seed46,425984.0,-75.55243682861328,
b,2a_reward_mode__feasibility_gated__seed46,434176.0,-63.6419563293457,
b,2a_reward_mode__feasibility_gated__seed46,442368.0,-65.222900390625,
b,2a_reward_mode__feasibility_gated__seed46,454656.0,-61.17915916442871,
b,2a_reward_mode__feasibility_gated__seed46,466944.0,-60.33574295043945,
b,2a_reward_mode__feasibility_gated__seed46,475136.0,-62.378849029541016,
b,2a_reward_mode__feasibility_gated__seed46,483328.0,-66.61225891113281,
b,2a_reward_mode__feasibility_gated__seed46,495616.0,-65.15035438537598,
b,2a_reward_mode__feasibility_gated__seed46,507904.0,-63.954566955566406,
b,2a_reward_mode__feasibility_gated__seed46,516096.0,-63.579833984375,
b,2a_reward_mode__feasibility_gated__seed46,524288.0,-55.50283432006836,
b,2a_reward_mode__feasibility_gated__seed46,532480.0,-55.46958923339844,
b,2a_reward_mode__feasibility_gated__seed46,544768.0,-63.98550033569336,
b,2a_reward_mode__feasibility_gated__seed46,557056.0,-62.34751129150391,
b,2a_reward_mode__feasibility_gated__seed46,565248.0,-58.28340911865234,
b,2a_reward_mode__feasibility_gated__seed46,573440.0,-57.39837265014648,
b,2a_reward_mode__feasibility_gated__seed46,585728.0,-60.89301872253418,
b,2a_reward_mode__feasibility_gated__seed46,598016.0,-72.9638671875,
b,2a_reward_mode__feasibility_gated__seed46,606208.0,-63.79533004760742,
b,2a_reward_mode__feasibility_gated__seed46,614400.0,-54.725284576416016,
b,2a_reward_mode__feasibility_gated__seed46,622592.0,-56.32652282714844,
b,2a_reward_mode__feasibility_gated__seed46,634880.0,-57.98579788208008,
b,2a_reward_mode__feasibility_gated__seed46,647168.0,-64.93546295166016,
b,2a_reward_mode__feasibility_gated__seed46,655360.0,-56.75098419189453,
b,2a_reward_mode__feasibility_gated__seed46,663552.0,-52.62458419799805,
b,2a_reward_mode__feasibility_gated__seed46,675840.0,-52.253583908081055,
b,2a_reward_mode__feasibility_gated__seed46,688128.0,-55.04093933105469,
b,2a_reward_mode__feasibility_gated__seed46,696320.0,-54.22996139526367,
b,2a_reward_mode__feasibility_gated__seed46,704512.0,-59.92011642456055,
b,2a_reward_mode__feasibility_gated__seed46,712704.0,-51.71366882324219,
b,2a_reward_mode__feasibility_gated__seed46,724992.0,-49.09273719787598,
b,2a_reward_mode__feasibility_gated__seed46,737280.0,-53.022552490234375,
b,2a_reward_mode__feasibility_gated__seed46,745472.0,-53.90714645385742,
b,2a_reward_mode__feasibility_gated__seed46,753664.0,-59.21475601196289,
b,2a_reward_mode__feasibility_gated__seed46,761856.0,-48.17084503173828,
b,2a_reward_mode__feasibility_gated__seed46,774144.0,-54.056976318359375,
b,2a_reward_mode__feasibility_gated__seed46,786432.0,-47.43570709228516,
b,2a_reward_mode__feasibility_gated__seed46,794624.0,-41.87772750854492,
b,2a_reward_mode__feasibility_gated__seed46,802816.0,-54.51072692871094,
b,2a_reward_mode__feasibility_gated__seed46,815104.0,-47.4124813079834,
b,2a_reward_mode__feasibility_gated__seed46,827392.0,-45.15969467163086,
b,2a_reward_mode__feasibility_gated__seed46,835584.0,-56.8471565246582,
b,2a_reward_mode__feasibility_gated__seed46,843776.0,-50.82315826416016,
b,2a_reward_mode__feasibility_gated__seed46,851968.0,-39.87350082397461,
b,2a_reward_mode__feasibility_gated__seed46,864256.0,-47.16039848327637,
b,2a_reward_mode__feasibility_gated__seed46,876544.0,-46.964237213134766,
b,2a_reward_mode__feasibility_gated__seed46,884736.0,-52.00997543334961,
b,2a_reward_mode__feasibility_gated__seed46,892928.0,-42.29645919799805,
b,2a_reward_mode__feasibility_gated__seed46,905216.0,-47.87508201599121,
b,2a_reward_mode__feasibility_gated__seed46,917504.0,-44.05744171142578,
b,2a_reward_mode__feasibility_gated__seed46,925696.0,-39.92880630493164,
b,2a_reward_mode__feasibility_gated__seed46,933888.0,-52.45285415649414,
b,2a_reward_mode__feasibility_gated__seed46,942080.0,-45.5029296875,
b,2a_reward_mode__feasibility_gated__seed46,954368.0,-43.97067260742188,
b,2a_reward_mode__feasibility_gated__seed46,966656.0,-42.24932861328125,
b,2a_reward_mode__feasibility_gated__seed46,974848.0,-46.40776062011719,
b,2a_reward_mode__feasibility_gated__seed46,983040.0,-51.63706207275391,
b,2a_reward_mode__feasibility_gated__seed46,995328.0,-47.54726028442383,
b,2a_reward_mode__feasibility_gated__seed46,1007616.0,-40.03433609008789,
b,2b_algorithm__sac__seed42,5052.0,-2888.3092680431546,
b,2b_algorithm__sac__seed42,15003.0,-2509.753927563864,
b,2b_algorithm__sac__seed42,24977.0,-1412.287172288161,
b,2b_algorithm__sac__seed42,35018.0,-1305.1237260122148,
b,2b_algorithm__sac__seed42,44974.0,-1432.4013328552246,
b,2b_algorithm__sac__seed42,55007.0,-1086.0086999317955,
b,2b_algorithm__sac__seed42,65038.0,-725.3144318111359,
b,2b_algorithm__sac__seed42,75026.0,-667.0706089564732,
b,2b_algorithm__sac__seed42,85055.0,-903.9879416813926,
b,2b_algorithm__sac__seed42,94985.0,-429.62648153305054,
b,2b_algorithm__sac__seed42,104971.0,-338.66283293693294,
b,2b_algorithm__sac__seed42,114923.0,-267.07039654444134,
b,2b_algorithm__sac__seed42,124943.0,-160.65440998380146,
b,2b_algorithm__sac__seed42,135009.0,-122.59700351291232,
b,2b_algorithm__sac__seed42,145027.0,-142.42450072273377,
b,2b_algorithm__sac__seed42,155014.0,-113.05523324012756,
b,2b_algorithm__sac__seed42,165000.0,-93.8614380128922,
b,2b_algorithm__sac__seed42,174939.0,-77.91305711534288,
b,2b_algorithm__sac__seed42,185005.0,-66.80317312479019,
b,2b_algorithm__sac__seed42,195056.0,-68.24015971592495,
b,2b_algorithm__sac__seed42,205050.0,-62.62804388621497,
b,2b_algorithm__sac__seed42,214993.0,-59.5065788995652,
b,2b_algorithm__sac__seed42,224981.0,-55.522011448786806,
b,2b_algorithm__sac__seed42,235039.0,-51.75361656420159,
b,2b_algorithm__sac__seed42,245083.0,-47.766949086949445,
b,2b_algorithm__sac__seed42,255193.0,-43.19377622742584,
b,2b_algorithm__sac__seed42,264912.0,-43.4868044248769,
b,2b_algorithm__sac__seed42,275142.0,-45.67167644500732,
b,2b_algorithm__sac__seed42,285298.0,-38.97401077342483,
b,2b_algorithm__sac__seed42,295106.0,-35.479891135022534,
b,2b_algorithm__sac__seed42,304910.0,-30.47834249643179,
b,2b_algorithm__sac__seed42,315301.0,-33.55347867344701,
b,2b_algorithm__sac__seed42,324954.0,-28.77355579357242,
b,2b_algorithm__sac__seed42,335066.0,-30.94724302456297,
b,2b_algorithm__sac__seed42,345038.0,-31.197656892240047,
b,2b_algorithm__sac__seed42,355105.0,-28.785809505774356,
b,2b_algorithm__sac__seed42,364924.0,-30.401988789073208,
b,2b_algorithm__sac__seed42,375053.0,-30.23209303044764,
b,2b_algorithm__sac__seed42,384888.0,-29.19553634249416,
b,2b_algorithm__sac__seed42,394869.0,-29.204577715891716,
b,2b_algorithm__sac__seed42,404889.0,-30.00733472065753,
b,2b_algorithm__sac__seed42,415078.0,-31.2715979027472,
b,2b_algorithm__sac__seed42,424985.0,-29.31236939901834,
b,2b_algorithm__sac__seed42,434996.0,-28.63835292991396,
b,2b_algorithm__sac__seed42,444929.0,-29.52103652167566,
b,2b_algorithm__sac__seed42,454984.0,-29.47197108730193,
b,2b_algorithm__sac__seed42,465068.0,-29.256391537734885,
b,2b_algorithm__sac__seed42,475084.0,-28.572109342809533,
b,2b_algorithm__sac__seed42,484918.0,-28.714418423680605,
b,2b_algorithm__sac__seed42,495006.0,-27.223884452203787,
b,2b_algorithm__sac__seed42,505035.0,-27.7001762877638,
b,2b_algorithm__sac__seed42,515051.0,-27.149298922850356,
b,2b_algorithm__sac__seed42,524835.0,-28.46719952411832,
b,2b_algorithm__sac__seed42,534926.0,-30.179526138305665,
b,2b_algorithm__sac__seed42,544766.0,-27.326183017296128,
b,2b_algorithm__sac__seed42,554863.0,-29.53847202094825,
b,2b_algorithm__sac__seed42,565039.0,-27.08720540537417,
b,2b_algorithm__sac__seed42,574909.0,-26.68329359072503,
b,2b_algorithm__sac__seed42,585155.0,-30.18170623901563,
b,2b_algorithm__sac__seed42,594880.0,-27.702564822789,
b,2b_algorithm__sac__seed42,604963.0,-29.12108413696289,
b,2b_algorithm__sac__seed42,614956.0,-27.841297077682785,
b,2b_algorithm__sac__seed42,624899.0,-28.890711598352013,
b,2b_algorithm__sac__seed42,635041.0,-27.752985709905623,
b,2b_algorithm__sac__seed42,644952.0,-26.39877405867409,
b,2b_algorithm__sac__seed42,654967.0,-25.721278807696173,
b,2b_algorithm__sac__seed42,665058.0,-26.1310766518116,
b,2b_algorithm__sac__seed42,675019.0,-27.92356017459788,
b,2b_algorithm__sac__seed42,685031.0,-28.747697527163496,
b,2b_algorithm__sac__seed42,695010.0,-28.3505546355916,
b,2b_algorithm__sac__seed42,705013.0,-26.90414398908615,
b,2b_algorithm__sac__seed42,714948.0,-30.12548166439857,
b,2b_algorithm__sac__seed42,725055.0,-29.23778290252204,
b,2b_algorithm__sac__seed42,734919.0,-29.39099908938074,
b,2b_algorithm__sac__seed42,745037.0,-28.14959416985512,
b,2b_algorithm__sac__seed42,755014.0,-28.02851289435278,
b,2b_algorithm__sac__seed42,764897.0,-28.193710000344154,
b,2b_algorithm__sac__seed42,775108.0,-28.946386539936064,
b,2b_algorithm__sac__seed42,784911.0,-28.40240613396665,
b,2b_algorithm__sac__seed42,795043.0,-27.77155679124253,
b,2b_algorithm__sac__seed42,804984.0,-27.66232423635629,
b,2b_algorithm__sac__seed42,814943.0,-29.896417020242424,
b,2b_algorithm__sac__seed42,824954.0,-31.916100241363623,
b,2b_algorithm__sac__seed42,834923.0,-30.118039575384184,
b,2b_algorithm__sac__seed42,845035.0,-28.98587031536792,
b,2b_algorithm__sac__seed42,854867.0,-29.549595780806108,
b,2b_algorithm__sac__seed42,865041.0,-27.460835477263192,
b,2b_algorithm__sac__seed42,874924.0,-29.675777416480216,
b,2b_algorithm__sac__seed42,884949.0,-29.397349681729583,
b,2b_algorithm__sac__seed42,895141.0,-29.03805144421466,
b,2b_algorithm__sac__seed42,905025.0,-29.174136690958917,
b,2b_algorithm__sac__seed42,914959.0,-28.07997676813714,
b,2b_algorithm__sac__seed42,924993.0,-29.60877521702501,
b,2b_algorithm__sac__seed42,935038.0,-29.14888592015684,
b,2b_algorithm__sac__seed42,944986.0,-29.163934119393893,
b,2b_algorithm__sac__seed42,955001.0,-30.992230066759834,
b,2b_algorithm__sac__seed42,964965.0,-28.614398956298828,
b,2b_algorithm__sac__seed42,975081.0,-27.521854221627937,
b,2b_algorithm__sac__seed42,984886.0,-29.442370344655583,
b,2b_algorithm__sac__seed42,995048.0,-28.51982595820627,
b,2b_algorithm__sac__seed43,5108.0,-3074.54008102417,
b,2b_algorithm__sac__seed43,15055.0,-2414.836745489212,
b,2b_algorithm__sac__seed43,24975.0,-1033.9981764573315,
b,2b_algorithm__sac__seed43,34962.0,-997.2101496769832,
b,2b_algorithm__sac__seed43,44936.0,-1141.72220672123,
b,2b_algorithm__sac__seed43,54940.0,-957.4558696444072,
b,2b_algorithm__sac__seed43,64997.0,-1394.0660419464111,
b,2b_algorithm__sac__seed43,74995.0,-1384.2297818622892,
b,2b_algorithm__sac__seed43,84976.0,-752.0321064298115,
b,2b_algorithm__sac__seed43,95037.0,-363.9399031381759,
b,2b_algorithm__sac__seed43,105011.0,-746.5740287534652,
b,2b_algorithm__sac__seed43,114969.0,-416.3555414109003,
b,2b_algorithm__sac__seed43,125034.0,-165.66582331581722,
b,2b_algorithm__sac__seed43,135039.0,-123.65214029947916,
b,2b_algorithm__sac__seed43,144983.0,-123.43045117778163,
b,2b_algorithm__sac__seed43,154931.0,-93.06227693103608,
b,2b_algorithm__sac__seed43,164965.0,-88.10536399720208,
b,2b_algorithm__sac__seed43,174943.0,-91.29372119903564,
b,2b_algorithm__sac__seed43,184962.0,-119.6998983716208,
b,2b_algorithm__sac__seed43,195052.0,-61.6421759385329,
b,2b_algorithm__sac__seed43,205088.0,-55.43030483621946,
b,2b_algorithm__sac__seed43,215029.0,-52.61342958722796,
b,2b_algorithm__sac__seed43,225047.0,-46.5333366394043,
b,2b_algorithm__sac__seed43,234947.0,-45.00810330088546,
b,2b_algorithm__sac__seed43,245042.0,-38.53553920545076,
b,2b_algorithm__sac__seed43,255316.0,-38.94645461329707,
b,2b_algorithm__sac__seed43,265395.0,-37.53535735535765,
b,2b_algorithm__sac__seed43,275100.0,-32.33733486192195,
b,2b_algorithm__sac__seed43,284954.0,-30.862650924486157,
b,2b_algorithm__sac__seed43,294919.0,-30.180164494645705,
b,2b_algorithm__sac__seed43,305115.0,-33.87815856933594,
b,2b_algorithm__sac__seed43,314962.0,-31.603572214866173,
b,2b_algorithm__sac__seed43,324921.0,-30.52657456057412,
b,2b_algorithm__sac__seed43,334839.0,-34.591143968370226,
b,2b_algorithm__sac__seed43,345308.0,-36.2325161798904,
b,2b_algorithm__sac__seed43,355079.0,-35.10414716239288,
b,2b_algorithm__sac__seed43,365008.0,-35.685025390700915,
b,2b_algorithm__sac__seed43,375021.0,-36.33744383082144,
b,2b_algorithm__sac__seed43,384837.0,-36.6376625099763,
b,2b_algorithm__sac__seed43,395056.0,-35.79716888128542,
b,2b_algorithm__sac__seed43,404953.0,-36.71167849540711,
b,2b_algorithm__sac__seed43,415062.0,-38.67913988362188,
b,2b_algorithm__sac__seed43,425045.0,-40.45115684171029,
b,2b_algorithm__sac__seed43,434912.0,-43.17862151479963,
b,2b_algorithm__sac__seed43,445005.0,-44.8316544590734,
b,2b_algorithm__sac__seed43,454998.0,-64.65792960212345,
b,2b_algorithm__sac__seed43,464941.0,-64.52769674413345,
b,2b_algorithm__sac__seed43,475039.0,-81.85129652432869,
b,2b_algorithm__sac__seed43,484960.0,-91.958958708482,
b,2b_algorithm__sac__seed43,494880.0,-119.25565234768776,
b,2b_algorithm__sac__seed43,505039.0,-112.88446756311365,
b,2b_algorithm__sac__seed43,515064.0,-150.9192292033762,
b,2b_algorithm__sac__seed43,524962.0,-105.280014137169,
b,2b_algorithm__sac__seed43,534999.0,-118.28791432910496,
b,2b_algorithm__sac__seed43,544967.0,-121.17253472464424,
b,2b_algorithm__sac__seed43,555004.0,-131.13280002887433,
b,2b_algorithm__sac__seed43,564902.0,-123.5789540608724,
b,2b_algorithm__sac__seed43,575041.0,-144.45306017444392,
b,2b_algorithm__sac__seed43,584976.0,-173.55296349377366,
b,2b_algorithm__sac__seed43,595084.0,-212.22282434764665,
b,2b_algorithm__sac__seed43,604957.0,-180.5049536982669,
b,2b_algorithm__sac__seed43,615090.0,-194.3105942960271,
b,2b_algorithm__sac__seed43,624963.0,-184.30970630311128,
b,2b_algorithm__sac__seed43,634956.0,-211.7598370594584,
b,2b_algorithm__sac__seed43,644940.0,-192.10229443900192,
b,2b_algorithm__sac__seed43,654858.0,-225.04287012611948,
b,2b_algorithm__sac__seed43,665144.0,-200.4817417689732,
b,2b_algorithm__sac__seed43,674994.0,-177.43350328717912,
b,2b_algorithm__sac__seed43,685020.0,-172.03301453864438,
b,2b_algorithm__sac__seed43,694928.0,-203.0166734207508,
b,2b_algorithm__sac__seed43,704983.0,-165.41035584041052,
b,2b_algorithm__sac__seed43,714900.0,-119.20586327144078,
b,2b_algorithm__sac__seed43,724934.0,-186.4335964102494,
b,2b_algorithm__sac__seed43,735022.0,-166.02172625692268,
b,2b_algorithm__sac__seed43,745013.0,-184.29654652640323,
b,2b_algorithm__sac__seed43,754949.0,-205.9611097138504,
b,2b_algorithm__sac__seed43,764990.0,-320.8118748485594,
b,2b_algorithm__sac__seed43,775064.0,-273.5969489110659,
b,2b_algorithm__sac__seed43,785025.0,-176.9247460561256,
b,2b_algorithm__sac__seed43,794964.0,-169.591263213715,
b,2b_algorithm__sac__seed43,805064.0,-140.25453469811416,
b,2b_algorithm__sac__seed43,815008.0,-110.7959736278222,
b,2b_algorithm__sac__seed43,824957.0,-147.12623361824384,
b,2b_algorithm__sac__seed43,834992.0,-150.48987822099164,
b,2b_algorithm__sac__seed43,845119.0,-177.55905798861855,
b,2b_algorithm__sac__seed43,854980.0,-137.2214175559379,
b,2b_algorithm__sac__seed43,865039.0,-150.61994112862482,
b,2b_algorithm__sac__seed43,875029.0,-153.57913960842106,
b,2b_algorithm__sac__seed43,884936.0,-129.60637318460564,
b,2b_algorithm__sac__seed43,894876.0,-162.4128966635846,
b,2b_algorithm__sac__seed43,904919.0,-170.91428045178137,
b,2b_algorithm__sac__seed43,915054.0,-145.55118413464777,
b,2b_algorithm__sac__seed43,924954.0,-118.20289731493185,
b,2b_algorithm__sac__seed43,935068.0,-133.67474433635843,
b,2b_algorithm__sac__seed43,945092.0,-119.06534417683646,
b,2b_algorithm__sac__seed43,954944.0,-132.01394658406576,
b,2b_algorithm__sac__seed43,964963.0,-149.84235735907072,
b,2b_algorithm__sac__seed43,974990.0,-157.33344108179995,
b,2b_algorithm__sac__seed43,985132.0,-165.9419445461697,
b,2b_algorithm__sac__seed43,995010.0,-132.89489883313075,
b,2b_algorithm__sac__seed44,5035.0,-2792.9342525421625,
b,2b_algorithm__sac__seed44,14970.0,-2606.7649972098216,
b,2b_algorithm__sac__seed44,24955.0,-1620.3722581129807,
b,2b_algorithm__sac__seed44,34988.0,-839.1421692863344,
b,2b_algorithm__sac__seed44,45025.0,-941.273504257202,
b,2b_algorithm__sac__seed44,55010.0,-850.7883387974331,
b,2b_algorithm__sac__seed44,64992.0,-566.7768360925099,
b,2b_algorithm__sac__seed44,74960.0,-472.23494490366136,
b,2b_algorithm__sac__seed44,85014.0,-279.516590905568,
b,2b_algorithm__sac__seed44,95005.0,-170.4515901595827,
b,2b_algorithm__sac__seed44,105052.0,-104.13065016269684,
b,2b_algorithm__sac__seed44,115059.0,-119.21180083259704,
b,2b_algorithm__sac__seed44,124935.0,-89.99928392682757,
b,2b_algorithm__sac__seed44,134895.0,-65.05503003737506,
b,2b_algorithm__sac__seed44,145060.0,-59.14809658948113,
b,2b_algorithm__sac__seed44,155059.0,-55.372495542253766,
b,2b_algorithm__sac__seed44,164892.0,-54.92252620752307,
b,2b_algorithm__sac__seed44,175223.0,-50.64858581542969,
b,2b_algorithm__sac__seed44,185412.0,-44.80646969023205,
b,2b_algorithm__sac__seed44,195237.0,-39.56626550179941,
b,2b_algorithm__sac__seed44,204975.0,-35.0959279606108,
b,2b_algorithm__sac__seed44,215142.0,-30.243644835182984,
b,2b_algorithm__sac__seed44,225067.0,-34.064230505344085,
b,2b_algorithm__sac__seed44,235110.0,-30.09732146459083,
b,2b_algorithm__sac__seed44,245071.0,-32.834367700525235,
b,2b_algorithm__sac__seed44,254967.0,-30.72225741304148,
b,2b_algorithm__sac__seed44,264870.0,-31.03863891203012,
b,2b_algorithm__sac__seed44,274859.0,-30.20379865072607,
b,2b_algorithm__sac__seed44,285007.0,-33.23791116779133,
b,2b_algorithm__sac__seed44,295018.0,-29.334368531133087,
b,2b_algorithm__sac__seed44,305097.0,-30.67573258456062,
b,2b_algorithm__sac__seed44,314956.0,-31.41524147900033,
b,2b_algorithm__sac__seed44,325072.0,-32.034070592531016,
b,2b_algorithm__sac__seed44,335031.0,-30.49921097553952,
b,2b_algorithm__sac__seed44,344769.0,-31.705558115824896,
b,2b_algorithm__sac__seed44,355002.0,-30.06755998012793,
b,2b_algorithm__sac__seed44,364938.0,-31.58123858653716,
b,2b_algorithm__sac__seed44,374992.0,-49.82652153734301,
b,2b_algorithm__sac__seed44,384858.0,-31.336171164993168,
b,2b_algorithm__sac__seed44,395142.0,-30.305603042541748,
b,2b_algorithm__sac__seed44,404929.0,-35.4236042536222,
b,2b_algorithm__sac__seed44,414983.0,-34.783999487411144,
b,2b_algorithm__sac__seed44,424994.0,-30.05736402582239,
b,2b_algorithm__sac__seed44,435121.0,-29.70979309763227,
b,2b_algorithm__sac__seed44,444976.0,-37.66176867129198,
b,2b_algorithm__sac__seed44,455040.0,-30.266877815476228,
b,2b_algorithm__sac__seed44,464816.0,-30.76560739662956,
b,2b_algorithm__sac__seed44,475091.0,-29.93797266365278,
b,2b_algorithm__sac__seed44,484892.0,-29.65673732448936,
b,2b_algorithm__sac__seed44,494995.0,-30.75635508082857,
b,2b_algorithm__sac__seed44,504998.0,-29.896649046867125,
b,2b_algorithm__sac__seed44,514926.0,-30.16804377237956,
b,2b_algorithm__sac__seed44,524933.0,-29.49111437870906,
b,2b_algorithm__sac__seed44,534979.0,-30.23156428337097,
b,2b_algorithm__sac__seed44,544991.0,-29.01368036856543,
b,2b_algorithm__sac__seed44,554994.0,-28.973714039649494,
b,2b_algorithm__sac__seed44,564839.0,-29.171158623982624,
b,2b_algorithm__sac__seed44,574917.0,-29.07200703142624,
b,2b_algorithm__sac__seed44,585005.0,-29.14180218939688,
b,2b_algorithm__sac__seed44,594960.0,-28.91319910287857,
b,2b_algorithm__sac__seed44,604946.0,-28.97418616141802,
b,2b_algorithm__sac__seed44,615100.0,-29.586951657808743,
b,2b_algorithm__sac__seed44,624970.0,-32.01262790371913,
b,2b_algorithm__sac__seed44,634908.0,-29.689772864368475,
b,2b_algorithm__sac__seed44,645024.0,-30.30616307714183,
b,2b_algorithm__sac__seed44,654936.0,-30.025867608388264,
b,2b_algorithm__sac__seed44,665097.0,-27.78888931153696,
b,2b_algorithm__sac__seed44,675129.0,-28.19356929350044,
b,2b_algorithm__sac__seed44,685000.0,-28.174571603887223,
b,2b_algorithm__sac__seed44,694886.0,-30.27542646276126,
b,2b_algorithm__sac__seed44,704958.0,-31.315240701528698,
b,2b_algorithm__sac__seed44,715053.0,-28.92912180392773,
b,2b_algorithm__sac__seed44,724987.0,-28.64523760883953,
b,2b_algorithm__sac__seed44,734877.0,-28.548179202609592,
b,2b_algorithm__sac__seed44,745096.0,-29.83013358884307,
b,2b_algorithm__sac__seed44,754920.0,-30.82752862420526,
b,2b_algorithm__sac__seed44,765124.0,-32.82222588454621,
b,2b_algorithm__sac__seed44,775006.0,-29.49895477859226,
b,2b_algorithm__sac__seed44,784945.0,-28.29492413786036,
b,2b_algorithm__sac__seed44,794996.0,-28.98659328925304,
b,2b_algorithm__sac__seed44,804990.0,-29.85172880869063,
b,2b_algorithm__sac__seed44,814976.0,-27.704678576669576,
b,2b_algorithm__sac__seed44,824984.0,-29.33527403800718,
b,2b_algorithm__sac__seed44,835123.0,-27.31511050277615,
b,2b_algorithm__sac__seed44,844934.0,-30.322586471512476,
b,2b_algorithm__sac__seed44,854938.0,-30.00680647305916,
b,2b_algorithm__sac__seed44,864875.0,-30.045072736619392,
b,2b_algorithm__sac__seed44,875049.0,-29.476010224127,
b,2b_algorithm__sac__seed44,885011.0,-29.707500587075444,
b,2b_algorithm__sac__seed44,894853.0,-36.224613143013904,
b,2b_algorithm__sac__seed44,904943.0,-29.534908861727327,
b,2b_algorithm__sac__seed44,914991.0,-30.651241206754587,
b,2b_algorithm__sac__seed44,924987.0,-31.32237919709012,
b,2b_algorithm__sac__seed44,934907.0,-32.39412110477346,
b,2b_algorithm__sac__seed44,944948.0,-29.96761047795134,
b,2b_algorithm__sac__seed44,955059.0,-31.39207520047982,
b,2b_algorithm__sac__seed44,965006.0,-40.86551877029804,
b,2b_algorithm__sac__seed44,975027.0,-48.68046211709782,
b,2b_algorithm__sac__seed44,984809.0,-31.06187652316489,
b,2b_algorithm__sac__seed44,995063.0,-31.85746799196516,
b,2b_algorithm__sac__seed45,5057.0,-2593.3645135788693,
b,2b_algorithm__sac__seed45,14949.0,-2460.8476833767363,
b,2b_algorithm__sac__seed45,24986.0,-1395.515517953726,
b,2b_algorithm__sac__seed45,34975.0,-1164.1553867885043,
b,2b_algorithm__sac__seed45,44965.0,-1210.8812430245537,
b,2b_algorithm__sac__seed45,55019.0,-1350.072172164917,
b,2b_algorithm__sac__seed45,65046.0,-903.2030484638516,
b,2b_algorithm__sac__seed45,75019.0,-645.4312831333706,
b,2b_algorithm__sac__seed45,84972.0,-343.9585375785828,
b,2b_algorithm__sac__seed45,94971.0,-440.53432341544857,
b,2b_algorithm__sac__seed45,104976.0,-277.2630648612976,
b,2b_algorithm__sac__seed45,114982.0,-215.84732564290368,
b,2b_algorithm__sac__seed45,124956.0,-194.2980353722205,
b,2b_algorithm__sac__seed45,135034.0,-176.9723372686477,
b,2b_algorithm__sac__seed45,144976.0,-105.6872668112478,
b,2b_algorithm__sac__seed45,154966.0,-129.9182570926727,
b,2b_algorithm__sac__seed45,165025.0,-111.7271975562686,
b,2b_algorithm__sac__seed45,174955.0,-118.82279253762866,
b,2b_algorithm__sac__seed45,185026.0,-80.30037749759735,
b,2b_algorithm__sac__seed45,195054.0,-70.61349063449435,
b,2b_algorithm__sac__seed45,205058.0,-63.30324476957321,
b,2b_algorithm__sac__seed45,215082.0,-62.83761382102966,
b,2b_algorithm__sac__seed45,225153.0,-58.3366962262054,
b,2b_algorithm__sac__seed45,235081.0,-51.126496054909445,
b,2b_algorithm__sac__seed45,245197.0,-49.07846865934484,
b,2b_algorithm__sac__seed45,254916.0,-41.382116806812775,
b,2b_algorithm__sac__seed45,265305.0,-40.17149798075358,
b,2b_algorithm__sac__seed45,275335.0,-39.96173657869038,
b,2b_algorithm__sac__seed45,285119.0,-32.832529375288225,
b,2b_algorithm__sac__seed45,295293.0,-33.38751097705877,
b,2b_algorithm__sac__seed45,304980.0,-34.1256476526675,
b,2b_algorithm__sac__seed45,315151.0,-29.52579405501082,
b,2b_algorithm__sac__seed45,325113.0,-29.241221266102706,
b,2b_algorithm__sac__seed45,335020.0,-30.458169278725187,
b,2b_algorithm__sac__seed45,344936.0,-30.91789024979321,
b,2b_algorithm__sac__seed45,354974.0,-29.520187959951517,
b,2b_algorithm__sac__seed45,365044.0,-31.73501913505688,
b,2b_algorithm__sac__seed45,375090.0,-28.233831495046616,
b,2b_algorithm__sac__seed45,385006.0,-32.54490525381906,
b,2b_algorithm__sac__seed45,394923.0,-31.13597857241599,
b,2b_algorithm__sac__seed45,404942.0,-30.50833930483289,
b,2b_algorithm__sac__seed45,415120.0,-29.1589892602736,
b,2b_algorithm__sac__seed45,424923.0,-31.28020841917405,
b,2b_algorithm__sac__seed45,434939.0,-29.031315816243488,
b,2b_algorithm__sac__seed45,445087.0,-29.08031567604311,
b,2b_algorithm__sac__seed45,455060.0,-29.59675716363584,
b,2b_algorithm__sac__seed45,465043.0,-29.1121535718441,
b,2b_algorithm__sac__seed45,475002.0,-28.794471063346503,
b,2b_algorithm__sac__seed45,485118.0,-30.015298152993797,
b,2b_algorithm__sac__seed45,494955.0,-27.20648734056141,
b,2b_algorithm__sac__seed45,504932.0,-31.46523025845441,
b,2b_algorithm__sac__seed45,515034.0,-29.85076250181608,
b,2b_algorithm__sac__seed45,525034.0,-29.89910734021986,
b,2b_algorithm__sac__seed45,535019.0,-29.467178606758484,
b,2b_algorithm__sac__seed45,544442.0,-30.789821263515588,
b,2b_algorithm__sac__seed45,555986.0,-34.02851255975588,
b,2b_algorithm__sac__seed45,564933.0,-30.884731481437548,
b,2b_algorithm__sac__seed45,574946.0,-32.67462701426799,
b,2b_algorithm__sac__seed45,585001.0,-32.79130446641965,
b,2b_algorithm__sac__seed45,594256.0,-40.93322689561959,
b,2b_algorithm__sac__seed45,605556.0,-38.927518488286616,
b,2b_algorithm__sac__seed45,614941.0,-34.032081915407765,
b,2b_algorithm__sac__seed45,625106.0,-38.89669222948028,
b,2b_algorithm__sac__seed45,635046.0,-41.78274394725931,
b,2b_algorithm__sac__seed45,645067.0,-46.23757317027108,
b,2b_algorithm__sac__seed45,655095.0,-35.69365974364242,
b,2b_algorithm__sac__seed45,665120.0,-35.39668644584625,
b,2b_algorithm__sac__seed45,675052.0,-34.616718277217835,
b,2b_algorithm__sac__seed45,684969.0,-34.099332542271,
b,2b_algorithm__sac__seed45,695139.0,-34.26164296161698,
b,2b_algorithm__sac__seed45,704922.0,-33.01828803390753,
b,2b_algorithm__sac__seed45,715184.0,-33.34323314962716,
b,2b_algorithm__sac__seed45,724938.0,-33.6027399535872,
b,2b_algorithm__sac__seed45,734792.0,-35.1933746424196,
b,2b_algorithm__sac__seed45,744953.0,-37.65812052358495,
b,2b_algorithm__sac__seed45,755072.0,-40.415052164684646,
b,2b_algorithm__sac__seed45,764963.0,-44.90591758810064,
b,2b_algorithm__sac__seed45,774898.0,-50.35555389866684,
b,2b_algorithm__sac__seed45,784997.0,-52.85795193407909,
b,2b_algorithm__sac__seed45,795009.0,-64.0617356300354,
b,2b_algorithm__sac__seed45,804866.0,-59.54580960954939,
b,2b_algorithm__sac__seed45,814967.0,-67.75766913890838,
b,2b_algorithm__sac__seed45,824913.0,-69.38793681402626,
b,2b_algorithm__sac__seed45,835110.0,-67.84594717793081,
b,2b_algorithm__sac__seed45,845078.0,-92.85272678109102,
b,2b_algorithm__sac__seed45,854901.0,-101.27305656881892,
b,2b_algorithm__sac__seed45,864941.0,-96.49943852015905,
b,2b_algorithm__sac__seed45,874982.0,-130.01871574088318,
b,2b_algorithm__sac__seed45,884846.0,-138.15833980015347,
b,2b_algorithm__sac__seed45,895000.0,-156.87682893541125,
b,2b_algorithm__sac__seed45,904875.0,-143.4079965713921,
b,2b_algorithm__sac__seed45,915291.0,-129.34497756958007,
b,2b_algorithm__sac__seed45,924989.0,-180.5829145643446,
b,2b_algorithm__sac__seed45,934997.0,-204.3737972093665,
b,2b_algorithm__sac__seed45,944997.0,-144.83285389561806,
b,2b_algorithm__sac__seed45,954993.0,-124.68903355849416,
b,2b_algorithm__sac__seed45,965110.0,-165.39339987839324,
b,2b_algorithm__sac__seed45,974791.0,-119.1630121704879,
b,2b_algorithm__sac__seed45,985005.0,-144.98871839683474,
b,2b_algorithm__sac__seed45,994887.0,-104.04367753571157,
b,2b_algorithm__sac__seed46,5071.0,-2980.7799517919148,
b,2b_algorithm__sac__seed46,15047.0,-2526.7200888981893,
b,2b_algorithm__sac__seed46,25060.0,-1276.785976409912,
b,2b_algorithm__sac__seed46,35003.0,-848.3731209891183,
b,2b_algorithm__sac__seed46,44935.0,-819.5402908325195,
b,2b_algorithm__sac__seed46,54967.0,-684.8653578985305,
b,2b_algorithm__sac__seed46,64960.0,-412.0662187848772,
b,2b_algorithm__sac__seed46,74977.0,-282.10687351226807,
b,2b_algorithm__sac__seed46,85067.0,-366.9685562375992,
b,2b_algorithm__sac__seed46,94986.0,-271.3046131134033,
b,2b_algorithm__sac__seed46,104981.0,-178.8394322471013,
b,2b_algorithm__sac__seed46,114960.0,-129.26888057163782,
b,2b_algorithm__sac__seed46,124954.0,-111.70382261276244,
b,2b_algorithm__sac__seed46,134990.0,-79.38345797099764,
b,2b_algorithm__sac__seed46,144993.0,-78.16729491949081,
b,2b_algorithm__sac__seed46,154992.0,-65.27780563112289,
b,2b_algorithm__sac__seed46,164960.0,-54.707066655159,
b,2b_algorithm__sac__seed46,174969.0,-59.14293441772461,
b,2b_algorithm__sac__seed46,185040.0,-49.97066688537598,
b,2b_algorithm__sac__seed46,195149.0,-55.686481421334406,
b,2b_algorithm__sac__seed46,205027.0,-46.75870174831815,
b,2b_algorithm__sac__seed46,215073.0,-43.87698640823364,
b,2b_algorithm__sac__seed46,225268.0,-36.23309598344096,
b,2b_algorithm__sac__seed46,235319.0,-35.707404081638046,
b,2b_algorithm__sac__seed46,245054.0,-31.632377041710747,
b,2b_algorithm__sac__seed46,255258.0,-34.969298362731934,
b,2b_algorithm__sac__seed46,265004.0,-30.771062004191997,
b,2b_algorithm__sac__seed46,274969.0,-29.652100681334502,
b,2b_algorithm__sac__seed46,285124.0,-30.65995208046653,
b,2b_algorithm__sac__seed46,294755.0,-30.182892886075106,
b,2b_algorithm__sac__seed46,305057.0,-27.95774381924299,
b,2b_algorithm__sac__seed46,314861.0,-30.47230188538428,
b,2b_algorithm__sac__seed46,324984.0,-28.876916773565885,
b,2b_algorithm__sac__seed46,335202.0,-28.282150780431,
b,2b_algorithm__sac__seed46,344979.0,-28.48561634099822,
b,2b_algorithm__sac__seed46,354903.0,-27.736286747840143,
b,2b_algorithm__sac__seed46,365104.0,-29.02700560433524,
b,2b_algorithm__sac__seed46,374992.0,-28.90565409691505,
b,2b_algorithm__sac__seed46,385053.0,-27.02074402442345,
b,2b_algorithm__sac__seed46,395151.0,-29.76988666653633,
b,2b_algorithm__sac__seed46,405008.0,-28.540762301938084,
b,2b_algorithm__sac__seed46,415264.0,-28.674092088626622,
b,2b_algorithm__sac__seed46,425012.0,-30.17722883958083,
b,2b_algorithm__sac__seed46,435005.0,-28.95330742814324,
b,2b_algorithm__sac__seed46,444990.0,-30.586357737433985,
b,2b_algorithm__sac__seed46,454928.0,-29.494119696500825,
b,2b_algorithm__sac__seed46,464924.0,-29.78818964958191,
b,2b_algorithm__sac__seed46,475106.0,-29.11264947788444,
b,2b_algorithm__sac__seed46,485069.0,-32.46931847307912,
b,2b_algorithm__sac__seed46,495101.0,-27.254632808945395,
b,2b_algorithm__sac__seed46,504982.0,-28.631442525104188,
b,2b_algorithm__sac__seed46,515070.0,-29.546928417608605,
b,2b_algorithm__sac__seed46,524998.0,-29.26315958666584,
b,2b_algorithm__sac__seed46,535035.0,-28.44695744942585,
b,2b_algorithm__sac__seed46,545002.0,-29.147973318209598,
b,2b_algorithm__sac__seed46,554950.0,-29.183813490105805,
b,2b_algorithm__sac__seed46,564962.0,-29.511931947247334,
b,2b_algorithm__sac__seed46,575146.0,-29.120966061364488,
b,2b_algorithm__sac__seed46,584956.0,-28.61938753834477,
b,2b_algorithm__sac__seed46,595073.0,-27.80940835969942,
b,2b_algorithm__sac__seed46,604977.0,-27.45895964718429,
b,2b_algorithm__sac__seed46,615052.0,-28.420559860137573,
b,2b_algorithm__sac__seed46,624961.0,-29.39162810255841,
b,2b_algorithm__sac__seed46,635018.0,-28.815816013359584,
b,2b_algorithm__sac__seed46,644935.0,-27.73944330634959,
b,2b_algorithm__sac__seed46,655055.0,-29.041487879723125,
b,2b_algorithm__sac__seed46,665020.0,-25.820228665632687,
b,2b_algorithm__sac__seed46,674923.0,-27.23729970320216,
b,2b_algorithm__sac__seed46,684928.0,-29.54695348975099,
b,2b_algorithm__sac__seed46,695073.0,-29.705022416876616,
b,2b_algorithm__sac__seed46,704927.0,-29.500886667065505,
b,2b_algorithm__sac__seed46,714946.0,-29.05459253038679,
b,2b_algorithm__sac__seed46,725064.0,-32.56961493311401,
b,2b_algorithm__sac__seed46,734951.0,-29.583401735745944,
b,2b_algorithm__sac__seed46,745077.0,-42.21358110378315,
b,2b_algorithm__sac__seed46,755066.0,-30.497715043000856,
b,2b_algorithm__sac__seed46,765045.0,-28.86411649530584,
b,2b_algorithm__sac__seed46,774824.0,-33.00542365324782,
b,2b_algorithm__sac__seed46,785068.0,-30.075134496894677,
b,2b_algorithm__sac__seed46,794971.0,-44.22675963129316,
b,2b_algorithm__sac__seed46,804836.0,-30.108031708189003,
b,2b_algorithm__sac__seed46,814818.0,-29.494256054625215,
b,2b_algorithm__sac__seed46,824946.0,-30.82665074809214,
b,2b_algorithm__sac__seed46,834873.0,-29.408225584030152,
b,2b_algorithm__sac__seed46,844790.0,-29.787047114865533,
b,2b_algorithm__sac__seed46,855166.0,-28.429700844242888,
b,2b_algorithm__sac__seed46,865073.0,-29.56133588838748,
b,2b_algorithm__sac__seed46,875123.0,-30.176451849559,
b,2b_algorithm__sac__seed46,884970.0,-30.83149596306177,
b,2b_algorithm__sac__seed46,895030.0,-28.082846405546544,
b,2b_algorithm__sac__seed46,904853.0,-40.89123603175669,
b,2b_algorithm__sac__seed46,915037.0,-31.331510786228755,
b,2b_algorithm__sac__seed46,925053.0,-29.779358071690663,
b,2b_algorithm__sac__seed46,934952.0,-30.31351886001536,
b,2b_algorithm__sac__seed46,945129.0,-30.368676052093505,
b,2b_algorithm__sac__seed46,955033.0,-28.68319874463423,
b,2b_algorithm__sac__seed46,964982.0,-28.935802849999355,
b,2b_algorithm__sac__seed46,974914.0,-27.31904276921199,
b,2b_algorithm__sac__seed46,985067.0,-30.566640203925456,
b,2b_algorithm__sac__seed46,995079.0,-29.759174498782794,
b,2b_algorithm__td3__seed42,5056.0,-2895.060744512649,
b,2b_algorithm__td3__seed42,15029.0,-613.4085781977727,
b,2b_algorithm__td3__seed42,25071.0,-59.55940622523211,
b,2b_algorithm__td3__seed42,35058.0,-60.06619593971654,
b,2b_algorithm__td3__seed42,44995.0,-60.11915713793611,
b,2b_algorithm__td3__seed42,55137.0,-44.58378159127584,
b,2b_algorithm__td3__seed42,64960.0,-54.66496587836224,
b,2b_algorithm__td3__seed42,75358.0,-44.54221124267578,
b,2b_algorithm__td3__seed42,85106.0,-43.77179770469665,
b,2b_algorithm__td3__seed42,94834.0,-38.00632168162953,
b,2b_algorithm__td3__seed42,105201.0,-48.41030689161651,
b,2b_algorithm__td3__seed42,114963.0,-44.19550642139183,
b,2b_algorithm__td3__seed42,125023.0,-39.32082446416219,
b,2b_algorithm__td3__seed42,135047.0,-38.15322879753491,
b,2b_algorithm__td3__seed42,144923.0,-43.528551119678426,
b,2b_algorithm__td3__seed42,155122.0,-46.426749840310094,
b,2b_algorithm__td3__seed42,165036.0,-37.89920588671151,
b,2b_algorithm__td3__seed42,175039.0,-38.782099719023584,
b,2b_algorithm__td3__seed42,185038.0,-37.48481571075579,
b,2b_algorithm__td3__seed42,195249.0,-39.82494796862443,
b,2b_algorithm__td3__seed42,204946.0,-37.58747730516408,
b,2b_algorithm__td3__seed42,214665.0,-37.80774772107301,
b,2b_algorithm__td3__seed42,224954.0,-40.10069092837247,
b,2b_algorithm__td3__seed42,234927.0,-38.552393100531816,
b,2b_algorithm__td3__seed42,244931.0,-34.547998100384326,
b,2b_algorithm__td3__seed42,254726.0,-35.7356481739119,
b,2b_algorithm__td3__seed42,265187.0,-36.22315088197506,
b,2b_algorithm__td3__seed42,275143.0,-36.490764811419055,
b,2b_algorithm__td3__seed42,285135.0,-37.22881467001779,
b,2b_algorithm__td3__seed42,295109.0,-38.00965926226448,
b,2b_algorithm__td3__seed42,305095.0,-37.59516148018626,
b,2b_algorithm__td3__seed42,314879.0,-35.63369359702708,
b,2b_algorithm__td3__seed42,325193.0,-35.98346876664595,
b,2b_algorithm__td3__seed42,334883.0,-36.20130296038767,
b,2b_algorithm__td3__seed42,345001.0,-37.26676402148973,
b,2b_algorithm__td3__seed42,354935.0,-35.024488714210776,
b,2b_algorithm__td3__seed42,364995.0,-37.014534427531096,
b,2b_algorithm__td3__seed42,374861.0,-34.86413824747479,
b,2b_algorithm__td3__seed42,385054.0,-35.349664411109515,
b,2b_algorithm__td3__seed42,394895.0,-33.390258332169104,
b,2b_algorithm__td3__seed42,405016.0,-33.546760773473935,
b,2b_algorithm__td3__seed42,414894.0,-33.144008185512334,
b,2b_algorithm__td3__seed42,425095.0,-32.841710325271364,
b,2b_algorithm__td3__seed42,435130.0,-39.14891973035089,
b,2b_algorithm__td3__seed42,445012.0,-37.61852499643962,
b,2b_algorithm__td3__seed42,454893.0,-41.82826208530512,
b,2b_algorithm__td3__seed42,465254.0,-40.52530556678772,
b,2b_algorithm__td3__seed42,474921.0,-40.59718239307404,
b,2b_algorithm__td3__seed42,485003.0,-34.22110452564485,
b,2b_algorithm__td3__seed42,495250.0,-34.514443576596186,
b,2b_algorithm__td3__seed42,504957.0,-34.378145878131576,
b,2b_algorithm__td3__seed42,515141.0,-37.01494835433646,
b,2b_algorithm__td3__seed42,525020.0,-35.70970025609751,
b,2b_algorithm__td3__seed42,535017.0,-34.72435351195765,
b,2b_algorithm__td3__seed42,545045.0,-37.33362619500412,
b,2b_algorithm__td3__seed42,554946.0,-39.042791289942606,
b,2b_algorithm__td3__seed42,564951.0,-36.66305703057184,
b,2b_algorithm__td3__seed42,574995.0,-37.79322453963855,
b,2b_algorithm__td3__seed42,585013.0,-36.32309250276251,
b,2b_algorithm__td3__seed42,594968.0,-39.42766804275117,
b,2b_algorithm__td3__seed42,604812.0,-38.89893106939668,
b,2b_algorithm__td3__seed42,615306.0,-37.66556446368877,
b,2b_algorithm__td3__seed42,625132.0,-34.61232809168129,
b,2b_algorithm__td3__seed42,634925.0,-35.35428487407088,
b,2b_algorithm__td3__seed42,644968.0,-38.57962661477464,
b,2b_algorithm__td3__seed42,655010.0,-37.07897645384822,
b,2b_algorithm__td3__seed42,665153.0,-38.92453124144367,
b,2b_algorithm__td3__seed42,675254.0,-38.33524333205178,
b,2b_algorithm__td3__seed42,685086.0,-34.91318723042806,
b,2b_algorithm__td3__seed42,694931.0,-34.43704352153729,
b,2b_algorithm__td3__seed42,704844.0,-38.48283209119524,
b,2b_algorithm__td3__seed42,715212.0,-39.19375659607269,
b,2b_algorithm__td3__seed42,725129.0,-37.32315681177542,
b,2b_algorithm__td3__seed42,735093.0,-36.664260715123554,
b,2b_algorithm__td3__seed42,744986.0,-34.11434359883153,
b,2b_algorithm__td3__seed42,754901.0,-35.84166064894343,
b,2b_algorithm__td3__seed42,764923.0,-31.65920005855064,
b,2b_algorithm__td3__seed42,774570.0,-38.19332362138308,
b,2b_algorithm__td3__seed42,785070.0,-39.25810771793514,
b,2b_algorithm__td3__seed42,795002.0,-32.90178592634002,
b,2b_algorithm__td3__seed42,804831.0,-36.71596474266948,
b,2b_algorithm__td3__seed42,814967.0,-38.12358739299159,
b,2b_algorithm__td3__seed42,825130.0,-37.80304229108593,
b,2b_algorithm__td3__seed42,834715.0,-37.03767419274832,
b,2b_algorithm__td3__seed42,844959.0,-39.76097220705267,
b,2b_algorithm__td3__seed42,854936.0,-38.8184304262331,
b,2b_algorithm__td3__seed42,864924.0,-39.56807469348518,
b,2b_algorithm__td3__seed42,875135.0,-40.86896021749072,
b,2b_algorithm__td3__seed42,884735.0,-35.914720372455875,
b,2b_algorithm__td3__seed42,895009.0,-41.75764664241246,
b,2b_algorithm__td3__seed42,905137.0,-35.49034874394255,
b,2b_algorithm__td3__seed42,914882.0,-39.52978189733644,
b,2b_algorithm__td3__seed42,925040.0,-38.43880874633789,
b,2b_algorithm__td3__seed42,935052.0,-39.82830195591367,
b,2b_algorithm__td3__seed42,944932.0,-38.05659824825939,
b,2b_algorithm__td3__seed42,954974.0,-37.64656676516008,
b,2b_algorithm__td3__seed42,965212.0,-40.583503740723785,
b,2b_algorithm__td3__seed42,974846.0,-42.02750851156933,
b,2b_algorithm__td3__seed42,985030.0,-44.85917777600496,
b,2b_algorithm__td3__seed42,995129.0,-43.67670141399236,
b,2b_algorithm__td3__seed43,5034.0,-3023.117156498016,
b,2b_algorithm__td3__seed43,15028.0,-579.7289826364229,
b,2b_algorithm__td3__seed43,25102.0,-63.065495049775535,
b,2b_algorithm__td3__seed43,35094.0,-62.15534382135096,
b,2b_algorithm__td3__seed43,44978.0,-55.26055089314779,
b,2b_algorithm__td3__seed43,55338.0,-48.4897329542372,
b,2b_algorithm__td3__seed43,65043.0,-41.257312151850485,
b,2b_algorithm__td3__seed43,75317.0,-40.84682987097538,
b,2b_algorithm__td3__seed43,85109.0,-35.27019863027744,
b,2b_algorithm__td3__seed43,94885.0,-40.76072273454117,
b,2b_algorithm__td3__seed43,104839.0,-41.09866388086329,
b,2b_algorithm__td3__seed43,115092.0,-37.59840562150285,
b,2b_algorithm__td3__seed43,125007.0,-37.615433783280224,
b,2b_algorithm__td3__seed43,134995.0,-42.13733027153408,
b,2b_algorithm__td3__seed43,144987.0,-38.81918337056925,
b,2b_algorithm__td3__seed43,155192.0,-36.397393589434415,
b,2b_algorithm__td3__seed43,165117.0,-37.95865277263606,
b,2b_algorithm__td3__seed43,174815.0,-36.84202987320569,
b,2b_algorithm__td3__seed43,184996.0,-41.69665057695092,
b,2b_algorithm__td3__seed43,195073.0,-37.728002568295125,
b,2b_algorithm__td3__seed43,205189.0,-37.26503532315478,
b,2b_algorithm__td3__seed43,215101.0,-36.69182788332304,
b,2b_algorithm__td3__seed43,225027.0,-42.4354306332351,
b,2b_algorithm__td3__seed43,234980.0,-38.89714578846794,
b,2b_algorithm__td3__seed43,245037.0,-39.597176797049386,
b,2b_algorithm__td3__seed43,255202.0,-38.31503213358205,
b,2b_algorithm__td3__seed43,264981.0,-47.09442907934031,
b,2b_algorithm__td3__seed43,274905.0,-40.3994575989552,
b,2b_algorithm__td3__seed43,285094.0,-42.66336675643921,
b,2b_algorithm__td3__seed43,295051.0,-39.97821187510074,
b,2b_algorithm__td3__seed43,304702.0,-39.05330641046533,
b,2b_algorithm__td3__seed43,314943.0,-39.42569814278529,
b,2b_algorithm__td3__seed43,325483.0,-39.32400989038339,
b,2b_algorithm__td3__seed43,334787.0,-36.80791495626817,
b,2b_algorithm__td3__seed43,345127.0,-36.50606888350441,
b,2b_algorithm__td3__seed43,355072.0,-39.24097651163737,
b,2b_algorithm__td3__seed43,365299.0,-38.143255648789584,
b,2b_algorithm__td3__seed43,375231.0,-37.54493620508004,
b,2b_algorithm__td3__seed43,384602.0,-40.3255230820419,
b,2b_algorithm__td3__seed43,395303.0,-49.34525885789291,
b,2b_algorithm__td3__seed43,405086.0,-51.60658347797904,
b,2b_algorithm__td3__seed43,415145.0,-55.45307520240735,
b,2b_algorithm__td3__seed43,424541.0,-50.525402055753695,
b,2b_algorithm__td3__seed43,435071.0,-59.68480259503505,
b,2b_algorithm__td3__seed43,444950.0,-50.06688160682792,
b,2b_algorithm__td3__seed43,455004.0,-60.038413013485695,
b,2b_algorithm__td3__seed43,464751.0,-51.07065386888458,
b,2b_algorithm__td3__seed43,474786.0,-47.31917046277951,
b,2b_algorithm__td3__seed43,484989.0,-47.17014915786103,
b,2b_algorithm__td3__seed43,494942.0,-50.55064688230816,
b,2b_algorithm__td3__seed43,504666.0,-49.80356243044831,
b,2b_algorithm__td3__seed43,515455.0,-68.81002405892431,
b,2b_algorithm__td3__seed43,525042.0,-61.28477063179016,
b,2b_algorithm__td3__seed43,535130.0,-59.46692114883328,
b,2b_algorithm__td3__seed43,545109.0,-49.37314741346571,
b,2b_algorithm__td3__seed43,554759.0,-43.766514729645294,
b,2b_algorithm__td3__seed43,565536.0,-48.553993943808734,
b,2b_algorithm__td3__seed43,574904.0,-49.27317630922472,
b,2b_algorithm__td3__seed43,584807.0,-51.4476019760658,
b,2b_algorithm__td3__seed43,594825.0,-41.75350595508102,
b,2b_algorithm__td3__seed43,604956.0,-42.89019114272039,
b,2b_algorithm__td3__seed43,615247.0,-45.22364479347512,
b,2b_algorithm__td3__seed43,624795.0,-44.05946501149428,
b,2b_algorithm__td3__seed43,635193.0,-45.84020566268706,
b,2b_algorithm__td3__seed43,645009.0,-38.08154569174114,
b,2b_algorithm__td3__seed43,654660.0,-43.17547554360296,
b,2b_algorithm__td3__seed43,665098.0,-47.58149698045519,
b,2b_algorithm__td3__seed43,675139.0,-42.35600340101454,
b,2b_algorithm__td3__seed43,684908.0,-38.334681844711305,
b,2b_algorithm__td3__seed43,695030.0,-38.64774763924735,
b,2b_algorithm__td3__seed43,704983.0,-34.77186299641927,
b,2b_algorithm__td3__seed43,714943.0,-40.71174004596213,
b,2b_algorithm__td3__seed43,724991.0,-37.52288153512137,
b,2b_algorithm__td3__seed43,734907.0,-40.57862052111558,
b,2b_algorithm__td3__seed43,744988.0,-38.20800035782442,
b,2b_algorithm__td3__seed43,754961.0,-38.89782707163152,
b,2b_algorithm__td3__seed43,764660.0,-40.07008633872335,
b,2b_algorithm__td3__seed43,775280.0,-39.09798372202906,
b,2b_algorithm__td3__seed43,785019.0,-37.89228647197792,
b,2b_algorithm__td3__seed43,795012.0,-39.64585773098853,
b,2b_algorithm__td3__seed43,804795.0,-35.21717231896273,
b,2b_algorithm__td3__seed43,815098.0,-35.82337733677456,
b,2b_algorithm__td3__seed43,825068.0,-37.76869337899344,
b,2b_algorithm__td3__seed43,835117.0,-37.36629227588051,
b,2b_algorithm__td3__seed43,844808.0,-37.36248426568018,
b,2b_algorithm__td3__seed43,855016.0,-42.5106334177653,
b,2b_algorithm__td3__seed43,865098.0,-41.31542737385225,
b,2b_algorithm__td3__seed43,874866.0,-45.34634644464152,
b,2b_algorithm__td3__seed43,884783.0,-37.89311787835483,
b,2b_algorithm__td3__seed43,895029.0,-36.428541140769845,
b,2b_algorithm__td3__seed43,904990.0,-38.56141363574613,
b,2b_algorithm__td3__seed43,915080.0,-42.8549892967516,
b,2b_algorithm__td3__seed43,925009.0,-36.151854183799344,
b,2b_algorithm__td3__seed43,934793.0,-37.64306680126303,
b,2b_algorithm__td3__seed43,945356.0,-33.39130999730981,
b,2b_algorithm__td3__seed43,954418.0,-36.17870780675098,
b,2b_algorithm__td3__seed43,965038.0,-37.33164739359112,
b,2b_algorithm__td3__seed43,974781.0,-38.6988009447492,
b,2b_algorithm__td3__seed43,985398.0,-37.83565921678069,
b,2b_algorithm__td3__seed43,994996.0,-34.54212203468244,
b,2b_algorithm__td3__seed44,4990.0,-2974.42134796627,
b,2b_algorithm__td3__seed44,15404.0,-575.3501529178104,
b,2b_algorithm__td3__seed44,25261.0,-49.68937087818316,
b,2b_algorithm__td3__seed44,35190.0,-38.99358267204784,
b,2b_algorithm__td3__seed44,44653.0,-38.636813720067344,
b,2b_algorithm__td3__seed44,54950.0,-39.25889546285846,
b,2b_algorithm__td3__seed44,65198.0,-37.18176529804865,
b,2b_algorithm__td3__seed44,74961.0,-41.27338183057177,
b,2b_algorithm__td3__seed44,84739.0,-48.017952269696174,
b,2b_algorithm__td3__seed44,94901.0,-57.87618811613594,
b,2b_algorithm__td3__seed44,105001.0,-60.99820125170347,
b,2b_algorithm__td3__seed44,114825.0,-52.79050214290619,
b,2b_algorithm__td3__seed44,125246.0,-53.59010385403968,
b,2b_algorithm__td3__seed44,134904.0,-46.559008649287335,
b,2b_algorithm__td3__seed44,145046.0,-64.29861551755434,
b,2b_algorithm__td3__seed44,154928.0,-56.22010074299612,
b,2b_algorithm__td3__seed44,164712.0,-60.82998868397304,
b,2b_algorithm__td3__seed44,174956.0,-65.89284692566251,
b,2b_algorithm__td3__seed44,184754.0,-64.5657554482514,
b,2b_algorithm__td3__seed44,195093.0,-62.89782799965094,
b,2b_algorithm__td3__seed44,204889.0,-52.36791280734759,
b,2b_algorithm__td3__seed44,214644.0,-51.62902946994729,
b,2b_algorithm__td3__seed44,224838.0,-54.65240926591177,
b,2b_algorithm__td3__seed44,234848.0,-49.30425436156137,
b,2b_algorithm__td3__seed44,245037.0,-46.54911863153631,
b,2b_algorithm__td3__seed44,255058.0,-63.77816373961313,
b,2b_algorithm__td3__seed44,265144.0,-56.725508795844185,
b,2b_algorithm__td3__seed44,275194.0,-48.03285250170477,
b,2b_algorithm__td3__seed44,284925.0,-56.9597025305275,
b,2b_algorithm__td3__seed44,295076.0,-57.366234965138624,
b,2b_algorithm__td3__seed44,304892.0,-56.20233732967053,
b,2b_algorithm__td3__seed44,315263.0,-56.2638298090357,
b,2b_algorithm__td3__seed44,324708.0,-74.86095206153314,
b,2b_algorithm__td3__seed44,335045.0,-94.63822688478412,
b,2b_algorithm__td3__seed44,344881.0,-51.156821740640176,
b,2b_algorithm__td3__seed44,355042.0,-50.72154738327553,
b,2b_algorithm__td3__seed44,364926.0,-46.880127552920165,
b,2b_algorithm__td3__seed44,375004.0,-50.13973674489491,
b,2b_algorithm__td3__seed44,384985.0,-47.62940075380583,
b,2b_algorithm__td3__seed44,394746.0,-52.00609990170128,
b,2b_algorithm__td3__seed44,405188.0,-88.0117445844945,
b,2b_algorithm__td3__seed44,415089.0,-85.3087048366152,
b,2b_algorithm__td3__seed44,425073.0,-84.73392662169441,
b,2b_algorithm__td3__seed44,435005.0,-63.9117494729849,
b,2b_algorithm__td3__seed44,444946.0,-59.51868511381603,
b,2b_algorithm__td3__seed44,455056.0,-47.44707081922844,
b,2b_algorithm__td3__seed44,464927.0,-75.8707941631938,
b,2b_algorithm__td3__seed44,475093.0,-69.83570796825268,
b,2b_algorithm__td3__seed44,484850.0,-80.16272859093097,
b,2b_algorithm__td3__seed44,495348.0,-74.78871014243678,
b,2b_algorithm__td3__seed44,504871.0,-56.65055964632732,
b,2b_algorithm__td3__seed44,515343.0,-66.04953190900278,
b,2b_algorithm__td3__seed44,524845.0,-61.834189022288605,
b,2b_algorithm__td3__seed44,535252.0,-54.5201172607624,
b,2b_algorithm__td3__seed44,544600.0,-71.78891672061968,
b,2b_algorithm__td3__seed44,555216.0,-67.45594595720668,
b,2b_algorithm__td3__seed44,564872.0,-46.60044629149642,
b,2b_algorithm__td3__seed44,575005.0,-51.41902074887771,
b,2b_algorithm__td3__seed44,585026.0,-52.09198179176386,
b,2b_algorithm__td3__seed44,595185.0,-55.236517092076745,
b,2b_algorithm__td3__seed44,604962.0,-58.91821527845077,
b,2b_algorithm__td3__seed44,614923.0,-56.29907565646701,
b,2b_algorithm__td3__seed44,625319.0,-43.22374313001688,
b,2b_algorithm__td3__seed44,635096.0,-44.85557315463112,
b,2b_algorithm__td3__seed44,645127.0,-47.38516631822908,
b,2b_algorithm__td3__seed44,654996.0,-46.98008466321369,
b,2b_algorithm__td3__seed44,664974.0,-58.34478988647461,
b,2b_algorithm__td3__seed44,675116.0,-49.54385495541701,
b,2b_algorithm__td3__seed44,685151.0,-107.74288229508834,
b,2b_algorithm__td3__seed44,695280.0,-79.49050273761883,
b,2b_algorithm__td3__seed44,704998.0,-56.42457324808294,
b,2b_algorithm__td3__seed44,714921.0,-71.65907105366895,
b,2b_algorithm__td3__seed44,725026.0,-74.50981255183144,
b,2b_algorithm__td3__seed44,734955.0,-88.15951136885018,
b,2b_algorithm__td3__seed44,744842.0,-97.239945098644,
b,2b_algorithm__td3__seed44,755303.0,-110.35907281696468,
b,2b_algorithm__td3__seed44,764862.0,-79.38731017809236,
b,2b_algorithm__td3__seed44,775003.0,-57.856373819072594,
b,2b_algorithm__td3__seed44,785003.0,-85.01711603228965,
b,2b_algorithm__td3__seed44,794922.0,-94.1425712108612,
b,2b_algorithm__td3__seed44,804789.0,-129.7693827830962,
b,2b_algorithm__td3__seed44,815077.0,-102.5298077342956,
b,2b_algorithm__td3__seed44,824818.0,-101.79699867650082,
b,2b_algorithm__td3__seed44,835196.0,-122.16819141291772,
b,2b_algorithm__td3__seed44,845023.0,-119.46158623328576,
b,2b_algorithm__td3__seed44,855158.0,-114.10032215118407,
b,2b_algorithm__td3__seed44,865182.0,-116.1501003481307,
b,2b_algorithm__td3__seed44,875040.0,-89.99755735397339,
b,2b_algorithm__td3__seed44,884933.0,-125.4453951517741,
b,2b_algorithm__td3__seed44,895144.0,-94.79192830403646,
b,2b_algorithm__td3__seed44,905060.0,-118.8159271402562,
b,2b_algorithm__td3__seed44,915123.0,-105.63470566990864,
b,2b_algorithm__td3__seed44,924662.0,-149.41045548315762,
b,2b_algorithm__td3__seed44,935058.0,-154.34624094281878,
b,2b_algorithm__td3__seed44,944990.0,-127.24017333984376,
b,2b_algorithm__td3__seed44,955257.0,-174.63425947490492,
b,2b_algorithm__td3__seed44,964933.0,-168.9026686401367,
b,2b_algorithm__td3__seed44,974967.0,-172.1067151622612,
b,2b_algorithm__td3__seed44,984886.0,-184.5779478285048,
b,2b_algorithm__td3__seed44,995023.0,-194.7251566224179,
b,2b_algorithm__td3__seed45,5019.0,-2764.812232607887,
b,2b_algorithm__td3__seed45,15196.0,-489.65663229701033,
b,2b_algorithm__td3__seed45,25503.0,-50.36546825832791,
b,2b_algorithm__td3__seed45,35122.0,-37.31626302278959,
b,2b_algorithm__td3__seed45,44896.0,-39.98964886737959,
b,2b_algorithm__td3__seed45,55063.0,-40.175327624128165,
b,2b_algorithm__td3__seed45,64890.0,-37.46458271006846,
b,2b_algorithm__td3__seed45,75096.0,-38.62009236856472,
b,2b_algorithm__td3__seed45,84870.0,-40.791828235827,
b,2b_algorithm__td3__seed45,94942.0,-37.877631782880286,
b,2b_algorithm__td3__seed45,105064.0,-36.27535158274125,
b,2b_algorithm__td3__seed45,115023.0,-37.83528819084167,
b,2b_algorithm__td3__seed45,124847.0,-45.69605453001624,
b,2b_algorithm__td3__seed45,135086.0,-45.01436062223593,
b,2b_algorithm__td3__seed45,145035.0,-43.15794583802583,
b,2b_algorithm__td3__seed45,154847.0,-39.783313254632894,
b,2b_algorithm__td3__seed45,165141.0,-49.96128969972239,
b,2b_algorithm__td3__seed45,174400.0,-43.01210809435163,
b,2b_algorithm__td3__seed45,185601.0,-50.55275817017455,
b,2b_algorithm__td3__seed45,194931.0,-51.22740866921165,
b,2b_algorithm__td3__seed45,204865.0,-46.75265740530831,
b,2b_algorithm__td3__seed45,215397.0,-57.02690395987107,
b,2b_algorithm__td3__seed45,225263.0,-46.36884372205619,
b,2b_algorithm__td3__seed45,234969.0,-49.1713080971928,
b,2b_algorithm__td3__seed45,245310.0,-47.46750457198532,
b,2b_algorithm__td3__seed45,255217.0,-36.90521505500088,
b,2b_algorithm__td3__seed45,264911.0,-45.71393095739356,
b,2b_algorithm__td3__seed45,275043.0,-43.11726866529581,
b,2b_algorithm__td3__seed45,285056.0,-45.35770845937205,
b,2b_algorithm__td3__seed45,295015.0,-44.904912353192685,
b,2b_algorithm__td3__seed45,304659.0,-46.229031154087615,
b,2b_algorithm__td3__seed45,314965.0,-47.82540837578152,
b,2b_algorithm__td3__seed45,324846.0,-50.75277556442633,
b,2b_algorithm__td3__seed45,334688.0,-55.11255310992805,
b,2b_algorithm__td3__seed45,345101.0,-65.32544852036696,
b,2b_algorithm__td3__seed45,354928.0,-51.4151029586792,
b,2b_algorithm__td3__seed45,365027.0,-63.35403638272672,
b,2b_algorithm__td3__seed45,375309.0,-81.24781660879812,
b,2b_algorithm__td3__seed45,384941.0,-55.07859567301163,
b,2b_algorithm__td3__seed45,394892.0,-58.16995661023637,
b,2b_algorithm__td3__seed45,405025.0,-71.67183353589928,
b,2b_algorithm__td3__seed45,415109.0,-86.20889210137796,
b,2b_algorithm__td3__seed45,424733.0,-65.92801610832541,
b,2b_algorithm__td3__seed45,434862.0,-105.34155950460348,
b,2b_algorithm__td3__seed45,445115.0,-112.05922692397544,
b,2b_algorithm__td3__seed45,454877.0,-113.61941734520164,
b,2b_algorithm__td3__seed45,465129.0,-92.35325911737256,
b,2b_algorithm__td3__seed45,475210.0,-96.75532874786596,
b,2b_algorithm__td3__seed45,485102.0,-65.19510821638436,
b,2b_algorithm__td3__seed45,494873.0,-77.91182253802265,
b,2b_algorithm__td3__seed45,504983.0,-81.39946985608749,
b,2b_algorithm__td3__seed45,515199.0,-77.9421110534668,
b,2b_algorithm__td3__seed45,525114.0,-81.28805944654677,
b,2b_algorithm__td3__seed45,535110.0,-145.54163082225904,
b,2b_algorithm__td3__seed45,544940.0,-104.84985707218486,
b,2b_algorithm__td3__seed45,555031.0,-117.64887330590224,
b,2b_algorithm__td3__seed45,565116.0,-103.32225970367888,
b,2b_algorithm__td3__seed45,574855.0,-98.17208619820056,
b,2b_algorithm__td3__seed45,584872.0,-155.8068750500679,
b,2b_algorithm__td3__seed45,594905.0,-108.33586949207744,
b,2b_algorithm__td3__seed45,605115.0,-162.77645232185486,
b,2b_algorithm__td3__seed45,615001.0,-117.3934803784378,
b,2b_algorithm__td3__seed45,625001.0,-100.05894923016308,
b,2b_algorithm__td3__seed45,635007.0,-135.35401859989872,
b,2b_algorithm__td3__seed45,645086.0,-137.74431099325923,
b,2b_algorithm__td3__seed45,654952.0,-219.7969468893464,
b,2b_algorithm__td3__seed45,665098.0,-153.18903175354004,
b,2b_algorithm__td3__seed45,674733.0,-140.49552967863264,
b,2b_algorithm__td3__seed45,684998.0,-224.3735201263428,
b,2b_algorithm__td3__seed45,694994.0,-226.00509880913629,
b,2b_algorithm__td3__seed45,704878.0,-405.3860321044922,
b,2b_algorithm__td3__seed45,715042.0,-739.5658278692337,
b,2b_algorithm__td3__seed45,724945.0,-734.5949955430142,
b,2b_algorithm__td3__seed45,735049.0,-568.9128965180496,
b,2b_algorithm__td3__seed45,744957.0,-439.7980132370852,
b,2b_algorithm__td3__seed45,754942.0,-186.64090695945168,
b,2b_algorithm__td3__seed45,764931.0,-488.8161277351799,
b,2b_algorithm__td3__seed45,774827.0,-1133.377670467601,
b,2b_algorithm__td3__seed45,784844.0,-1295.7456843678544,
b,2b_algorithm__td3__seed45,794981.0,-1426.5814050451502,
b,2b_algorithm__td3__seed45,805097.0,-985.67314453125,
b,2b_algorithm__td3__seed45,815081.0,-519.9215958758099,
b,2b_algorithm__td3__seed45,825065.0,-338.1128734720164,
b,2b_algorithm__td3__seed45,835020.0,-273.8089321865125,
b,2b_algorithm__td3__seed45,845068.0,-284.65622594496784,
b,2b_algorithm__td3__seed45,854946.0,-577.2312522796263,
b,2b_algorithm__td3__seed45,864976.0,-2123.914976421156,
b,2b_algorithm__td3__seed45,875050.0,-2111.062266675732,
b,2b_algorithm__td3__seed45,885194.0,-1465.951411549638,
b,2b_algorithm__td3__seed45,895131.0,-1057.3424219591864,
b,2b_algorithm__td3__seed45,904992.0,-457.2518822680945,
b,2b_algorithm__td3__seed45,915040.0,-392.6373580406452,
b,2b_algorithm__td3__seed45,924978.0,-367.7869790469898,
b,2b_algorithm__td3__seed45,934960.0,-311.0867284438189,
b,2b_algorithm__td3__seed45,945070.0,-421.1429424975292,
b,2b_algorithm__td3__seed45,954965.0,-455.3877142043341,
b,2b_algorithm__td3__seed45,964923.0,-1114.4717422113183,
b,2b_algorithm__td3__seed45,974951.0,-1277.7454588355088,
b,2b_algorithm__td3__seed45,985122.0,-635.7768569394766,
b,2b_algorithm__td3__seed45,995114.0,-322.43116146585214,
b,2b_algorithm__td3__seed46,5034.0,-2946.095648871528,
b,2b_algorithm__td3__seed46,15316.0,-594.6734178950278,
b,2b_algorithm__td3__seed46,24897.0,-43.19848482949393,
b,2b_algorithm__td3__seed46,34917.0,-47.08354310163363,
b,2b_algorithm__td3__seed46,45359.0,-39.863147650009545,
b,2b_algorithm__td3__seed46,54815.0,-35.56874189132299,
b,2b_algorithm__td3__seed46,65170.0,-36.46826849684204,
b,2b_algorithm__td3__seed46,74896.0,-31.623740623333703,
b,2b_algorithm__td3__seed46,84963.0,-41.17654953810273,
b,2b_algorithm__td3__seed46,94886.0,-45.48519000167367,
b,2b_algorithm__td3__seed46,105373.0,-40.14088041326973,
b,2b_algorithm__td3__seed46,114969.0,-38.87016193749124,
b,2b_algorithm__td3__seed46,125067.0,-43.25509874144597,
b,2b_algorithm__td3__seed46,134954.0,-39.50786429855424,
b,2b_algorithm__td3__seed46,144697.0,-42.5451713777938,
b,2b_algorithm__td3__seed46,155352.0,-42.29919709901552,
b,2b_algorithm__td3__seed46,164495.0,-41.47400110664097,
b,2b_algorithm__td3__seed46,175430.0,-45.88412729176608,
b,2b_algorithm__td3__seed46,184935.0,-40.47937471970268,
b,2b_algorithm__td3__seed46,194756.0,-40.15264573281641,
b,2b_algorithm__td3__seed46,204906.0,-43.12074539365148,
b,2b_algorithm__td3__seed46,214902.0,-43.335067908801335,
b,2b_algorithm__td3__seed46,225150.0,-39.3265216337236,
b,2b_algorithm__td3__seed46,235030.0,-44.6612559998233,
b,2b_algorithm__td3__seed46,244918.0,-37.45525399032904,
b,2b_algorithm__td3__seed46,254809.0,-50.74273189278536,
b,2b_algorithm__td3__seed46,265473.0,-48.57757164450253,
b,2b_algorithm__td3__seed46,274823.0,-39.32572702343544,
b,2b_algorithm__td3__seed46,284892.0,-42.768217107751866,
b,2b_algorithm__td3__seed46,295078.0,-47.77907652173724,
b,2b_algorithm__td3__seed46,305524.0,-40.419782524866775,
b,2b_algorithm__td3__seed46,315164.0,-67.08626260693441,
b,2b_algorithm__td3__seed46,324759.0,-63.58504180434328,
b,2b_algorithm__td3__seed46,335020.0,-45.33232177628411,
b,2b_algorithm__td3__seed46,344820.0,-49.56812074758711,
b,2b_algorithm__td3__seed46,354696.0,-48.08390244193699,
b,2b_algorithm__td3__seed46,365288.0,-52.410762837727866,
b,2b_algorithm__td3__seed46,374776.0,-40.98534037791142,
b,2b_algorithm__td3__seed46,385145.0,-50.02002790757826,
b,2b_algorithm__td3__seed46,395111.0,-61.393515338636426,
b,2b_algorithm__td3__seed46,405039.0,-43.14786945245205,
b,2b_algorithm__td3__seed46,414810.0,-43.074135973562605,
b,2b_algorithm__td3__seed46,425162.0,-43.60173993952134,
b,2b_algorithm__td3__seed46,435267.0,-37.09838113725556,
b,2b_algorithm__td3__seed46,444891.0,-42.61219526472546,
b,2b_algorithm__td3__seed46,454881.0,-39.81327707844396,
b,2b_algorithm__td3__seed46,464915.0,-49.51117384111559,
b,2b_algorithm__td3__seed46,475266.0,-42.81696602565791,
b,2b_algorithm__td3__seed46,484873.0,-41.39928514079044,
b,2b_algorithm__td3__seed46,495099.0,-47.24911240686344,
b,2b_algorithm__td3__seed46,504737.0,-46.36227695758526,
b,2b_algorithm__td3__seed46,514987.0,-57.550424137630976,
b,2b_algorithm__td3__seed46,525051.0,-46.928339866355614,
b,2b_algorithm__td3__seed46,535085.0,-48.30449186471792,
b,2b_algorithm__td3__seed46,545203.0,-51.47577934265136,
b,2b_algorithm__td3__seed46,554874.0,-47.245921995010846,
b,2b_algorithm__td3__seed46,564738.0,-45.65399360656738,
b,2b_algorithm__td3__seed46,575027.0,-50.88396669727887,
b,2b_algorithm__td3__seed46,584958.0,-41.67457372061214,
b,2b_algorithm__td3__seed46,595055.0,-42.962191850711136,
b,2b_algorithm__td3__seed46,604880.0,-77.19320617453025,
b,2b_algorithm__td3__seed46,614526.0,-80.28940003605213,
b,2b_algorithm__td3__seed46,625023.0,-113.92127904352152,
b,2b_algorithm__td3__seed46,634974.0,-67.40728333791097,
b,2b_algorithm__td3__seed46,644872.0,-49.95001720246815,
b,2b_algorithm__td3__seed46,655288.0,-48.3287718296051,
b,2b_algorithm__td3__seed46,664791.0,-63.76888413360153,
b,2b_algorithm__td3__seed46,675155.0,-60.90364770889282,
b,2b_algorithm__td3__seed46,685172.0,-48.67810985020229,
b,2b_algorithm__td3__seed46,694559.0,-47.786002062369086,
b,2b_algorithm__td3__seed46,705027.0,-45.95129480361938,
b,2b_algorithm__td3__seed46,715045.0,-44.50514952341715,
b,2b_algorithm__td3__seed46,724533.0,-50.1124256865619,
b,2b_algorithm__td3__seed46,735211.0,-74.23003368377685,
b,2b_algorithm__td3__seed46,745348.0,-72.14102683067321,
b,2b_algorithm__td3__seed46,754753.0,-46.44028011528221,
b,2b_algorithm__td3__seed46,764860.0,-51.78958165575887,
b,2b_algorithm__td3__seed46,774855.0,-57.687613457253896,
b,2b_algorithm__td3__seed46,785026.0,-83.44354031690911,
b,2b_algorithm__td3__seed46,794931.0,-60.67891192118327,
b,2b_algorithm__td3__seed46,804921.0,-74.61635000809379,
b,2b_algorithm__td3__seed46,814947.0,-59.89696567742399,
b,2b_algorithm__td3__seed46,824976.0,-52.9944078640675,
b,2b_algorithm__td3__seed46,835067.0,-53.09125180925642,
b,2b_algorithm__td3__seed46,844895.0,-60.075144256370656,
b,2b_algorithm__td3__seed46,854960.0,-100.83379299539916,
b,2b_algorithm__td3__seed46,864861.0,-59.92199526041964,
b,2b_algorithm__td3__seed46,874994.0,-64.1320304265098,
b,2b_algorithm__td3__seed46,884989.0,-86.65008025333799,
b,2b_algorithm__td3__seed46,895021.0,-178.2979468048596,
b,2b_algorithm__td3__seed46,904874.0,-110.98186356166624,
b,2b_algorithm__td3__seed46,915113.0,-209.285762749096,
b,2b_algorithm__td3__seed46,925031.0,-175.711089861595,
b,2b_algorithm__td3__seed46,934977.0,-98.76924443008876,
b,2b_algorithm__td3__seed46,945176.0,-236.01548704167,
b,2b_algorithm__td3__seed46,955000.0,-324.0588101622879,
b,2b_algorithm__td3__seed46,965058.0,-612.4175515174866,
b,2b_algorithm__td3__seed46,975447.0,-575.8844777116872,
b,2b_algorithm__td3__seed46,984798.0,-291.8598993201005,
b,2b_algorithm__td3__seed46,994897.0,-706.7133590855549,
b,2b_algorithm__ddpg__seed42,5056.0,-2895.060744512649,
b,2b_algorithm__ddpg__seed42,14967.0,-637.1472158280629,
b,2b_algorithm__ddpg__seed42,24958.0,-106.09816927228655,
b,2b_algorithm__ddpg__seed42,34906.0,-175.27808649399702,
b,2b_algorithm__ddpg__seed42,44980.0,-302.3642744584517,
b,2b_algorithm__ddpg__seed42,55084.0,-524.3411042690277,
b,2b_algorithm__ddpg__seed42,64976.0,-142.40863955020905,
b,2b_algorithm__ddpg__seed42,74990.0,-72.95355325937271,
b,2b_algorithm__ddpg__seed42,85011.0,-71.71433385213216,
b,2b_algorithm__ddpg__seed42,95085.0,-59.22600619976337,
b,2b_algorithm__ddpg__seed42,105086.0,-64.88861602099973,
b,2b_algorithm__ddpg__seed42,115068.0,-54.423237183514765,
b,2b_algorithm__ddpg__seed42,124915.0,-53.15929649245571,
b,2b_algorithm__ddpg__seed42,134960.0,-45.17826118469238,
b,2b_algorithm__ddpg__seed42,144966.0,-54.3916937146868,
b,2b_algorithm__ddpg__seed42,155131.0,-52.336874058372096,
b,2b_algorithm__ddpg__seed42,165042.0,-46.63881899181165,
b,2b_algorithm__ddpg__seed42,175018.0,-48.40695786149534,
b,2b_algorithm__ddpg__seed42,184814.0,-61.645345142909456,
b,2b_algorithm__ddpg__seed42,195086.0,-101.82287962045244,
b,2b_algorithm__ddpg__seed42,205025.0,-65.00817680358887,
b,2b_algorithm__ddpg__seed42,215076.0,-55.97279336418904,
b,2b_algorithm__ddpg__seed42,225040.0,-54.07107910743127,
b,2b_algorithm__ddpg__seed42,235038.0,-49.3743039867546,
b,2b_algorithm__ddpg__seed42,244932.0,-64.11234009571565,
b,2b_algorithm__ddpg__seed42,255008.0,-56.36320250001672,
b,2b_algorithm__ddpg__seed42,265105.0,-74.41281885849803,
b,2b_algorithm__ddpg__seed42,275026.0,-77.05407634534333,
b,2b_algorithm__ddpg__seed42,284997.0,-54.14818408038165,
b,2b_algorithm__ddpg__seed42,294915.0,-56.68213097254435,
b,2b_algorithm__ddpg__seed42,304975.0,-49.46072268130175,
b,2b_algorithm__ddpg__seed42,315084.0,-52.08452915799791,
b,2b_algorithm__ddpg__seed42,325055.0,-53.52441279093424,
b,2b_algorithm__ddpg__seed42,334922.0,-57.54354482154324,
b,2b_algorithm__ddpg__seed42,345070.0,-62.13003013503384,
b,2b_algorithm__ddpg__seed42,355050.0,-54.062281511831976,
b,2b_algorithm__ddpg__seed42,365016.0,-46.682712386636176,
b,2b_algorithm__ddpg__seed42,374844.0,-56.10069988084876,
b,2b_algorithm__ddpg__seed42,385023.0,-52.21658352838046,
b,2b_algorithm__ddpg__seed42,394979.0,-58.88152058919271,
b,2b_algorithm__ddpg__seed42,404894.0,-55.788728131188286,
b,2b_algorithm__ddpg__seed42,415070.0,-50.80572232808152,
b,2b_algorithm__ddpg__seed42,424960.0,-49.1915463112496,
b,2b_algorithm__ddpg__seed42,435150.0,-50.70722402285223,
b,2b_algorithm__ddpg__seed42,445065.0,-48.887746810913086,
b,2b_algorithm__ddpg__seed42,455060.0,-43.049052418142125,
b,2b_algorithm__ddpg__seed42,465018.0,-48.847591603597,
b,2b_algorithm__ddpg__seed42,475168.0,-69.99760066287618,
b,2b_algorithm__ddpg__seed42,485036.0,-55.21008404323033,
b,2b_algorithm__ddpg__seed42,494919.0,-57.54181681315104,
b,2b_algorithm__ddpg__seed42,505146.0,-57.45505722045898,
b,2b_algorithm__ddpg__seed42,514953.0,-57.007694819202165,
b,2b_algorithm__ddpg__seed42,524971.0,-55.31170455723593,
b,2b_algorithm__ddpg__seed42,534989.0,-51.84982283455985,
b,2b_algorithm__ddpg__seed42,545013.0,-49.12269780333613,
b,2b_algorithm__ddpg__seed42,554930.0,-47.65325513567243,
b,2b_algorithm__ddpg__seed42,564932.0,-47.42291007170806,
b,2b_algorithm__ddpg__seed42,574962.0,-48.91833253340288,
b,2b_algorithm__ddpg__seed42,585108.0,-52.53421943775122,
b,2b_algorithm__ddpg__seed42,595023.0,-48.22413386720599,
b,2b_algorithm__ddpg__seed42,604990.0,-53.08465901543112,
b,2b_algorithm__ddpg__seed42,614964.0,-47.68460851396833,
b,2b_algorithm__ddpg__seed42,625073.0,-53.40909881591797,
b,2b_algorithm__ddpg__seed42,635019.0,-49.15306561613736,
b,2b_algorithm__ddpg__seed42,645024.0,-50.42380382590098,
b,2b_algorithm__ddpg__seed42,654952.0,-49.99933519755324,
b,2b_algorithm__ddpg__seed42,664954.0,-48.29025326834785,
b,2b_algorithm__ddpg__seed42,675279.0,-52.24880530617454,
b,2b_algorithm__ddpg__seed42,685001.0,-49.73408661879503,
b,2b_algorithm__ddpg__seed42,694935.0,-45.08356034910524,
b,2b_algorithm__ddpg__seed42,704853.0,-47.02167581257067,
b,2b_algorithm__ddpg__seed42,714955.0,-65.74716969807943,
b,2b_algorithm__ddpg__seed42,725076.0,-47.1660726842746,
b,2b_algorithm__ddpg__seed42,735059.0,-49.70639005388532,
b,2b_algorithm__ddpg__seed42,744972.0,-52.695816094534734,
b,2b_algorithm__ddpg__seed42,755042.0,-70.16772527952452,
b,2b_algorithm__ddpg__seed42,764942.0,-47.00228948850889,
b,2b_algorithm__ddpg__seed42,775070.0,-52.99219371847911,
b,2b_algorithm__ddpg__seed42,785026.0,-56.6291802811296,
b,2b_algorithm__ddpg__seed42,794998.0,-51.14087544316831,
b,2b_algorithm__ddpg__seed42,805014.0,-56.34859541690711,
b,2b_algorithm__ddpg__seed42,814985.0,-57.39050218952236,
b,2b_algorithm__ddpg__seed42,825043.0,-60.43040750987494,
b,2b_algorithm__ddpg__seed42,835005.0,-61.09729946984185,
b,2b_algorithm__ddpg__seed42,844900.0,-56.88278083801269,
b,2b_algorithm__ddpg__seed42,854932.0,-82.22247959585751,
b,2b_algorithm__ddpg__seed42,865059.0,-56.76103757775349,
b,2b_algorithm__ddpg__seed42,874998.0,-72.45792163257867,
b,2b_algorithm__ddpg__seed42,884977.0,-49.68470515145196,
b,2b_algorithm__ddpg__seed42,894926.0,-56.359194702572296,
b,2b_algorithm__ddpg__seed42,904927.0,-50.41484482647621,
b,2b_algorithm__ddpg__seed42,914921.0,-91.9334116896538,
b,2b_algorithm__ddpg__seed42,924818.0,-92.31624814083702,
b,2b_algorithm__ddpg__seed42,935008.0,-73.24877642278801,
b,2b_algorithm__ddpg__seed42,944870.0,-93.2592942681111,
b,2b_algorithm__ddpg__seed42,954964.0,-62.22321249733508,
b,2b_algorithm__ddpg__seed42,964918.0,-54.728203031751846,
b,2b_algorithm__ddpg__seed42,975005.0,-60.29126516977946,
b,2b_algorithm__ddpg__seed42,985012.0,-56.2839656717637,
b,2b_algorithm__ddpg__seed42,994895.0,-51.37619367787536,
b,2b_algorithm__ddpg__seed43,5034.0,-3023.117156498016,
b,2b_algorithm__ddpg__seed43,14989.0,-599.4350028038025,
b,2b_algorithm__ddpg__seed43,25019.0,-78.93693339824677,
b,2b_algorithm__ddpg__seed43,35113.0,-82.76189896719796,
b,2b_algorithm__ddpg__seed43,45011.0,-89.12559084211077,
b,2b_algorithm__ddpg__seed43,54917.0,-100.72181613203408,
b,2b_algorithm__ddpg__seed43,65012.0,-146.15032450358072,
b,2b_algorithm__ddpg__seed43,75029.0,-177.61388942173548,
b,2b_algorithm__ddpg__seed43,85018.0,-136.80174267292023,
b,2b_algorithm__ddpg__seed43,95050.0,-88.55704426765442,
b,2b_algorithm__ddpg__seed43,105031.0,-89.87647752028245,
b,2b_algorithm__ddpg__seed43,115105.0,-278.2763938316932,
b,2b_algorithm__ddpg__seed43,125031.0,-67.46151400369311,
b,2b_algorithm__ddpg__seed43,134970.0,-141.5709012746811,
b,2b_algorithm__ddpg__seed43,145042.0,-139.8531481229342,
b,2b_algorithm__ddpg__seed43,154994.0,-81.77764403820038,
b,2b_algorithm__ddpg__seed43,165008.0,-66.05607211773213,
b,2b_algorithm__ddpg__seed43,175038.0,-63.34737521409989,
b,2b_algorithm__ddpg__seed43,185210.0,-58.07698609488351,
b,2b_algorithm__ddpg__seed43,195044.0,-82.83091628383583,
b,2b_algorithm__ddpg__seed43,205008.0,-97.34963744027274,
b,2b_algorithm__ddpg__seed43,214935.0,-72.24967810686897,
b,2b_algorithm__ddpg__seed43,225219.0,-84.84250601235922,
b,2b_algorithm__ddpg__seed43,234966.0,-98.46531804402667,
b,2b_algorithm__ddpg__seed43,245012.0,-63.67388568780361,
b,2b_algorithm__ddpg__seed43,254877.0,-121.80493050116998,
b,2b_algorithm__ddpg__seed43,264851.0,-105.0198449469232,
b,2b_algorithm__ddpg__seed43,274936.0,-102.01890126546223,
b,2b_algorithm__ddpg__seed43,285101.0,-86.75304720136855,
b,2b_algorithm__ddpg__seed43,295112.0,-97.65116395448383,
b,2b_algorithm__ddpg__seed43,305137.0,-98.88569548323348,
b,2b_algorithm__ddpg__seed43,314963.0,-67.68262897838245,
b,2b_algorithm__ddpg__seed43,324843.0,-57.89480218542627,
b,2b_algorithm__ddpg__seed43,334996.0,-56.16907735617764,
b,2b_algorithm__ddpg__seed43,345024.0,-56.72418966638037,
b,2b_algorithm__ddpg__seed43,354951.0,-52.22809001377651,
b,2b_algorithm__ddpg__seed43,364919.0,-51.34167454160493,
b,2b_algorithm__ddpg__seed43,374957.0,-49.90792929989168,
b,2b_algorithm__ddpg__seed43,385132.0,-56.74452799016779,
b,2b_algorithm__ddpg__seed43,394982.0,-52.81563287493827,
b,2b_algorithm__ddpg__seed43,404830.0,-76.65570749918619,
b,2b_algorithm__ddpg__seed43,414910.0,-51.78796508984688,
b,2b_algorithm__ddpg__seed43,425018.0,-62.92274963378906,
b,2b_algorithm__ddpg__seed43,434958.0,-65.64044667497465,
b,2b_algorithm__ddpg__seed43,445092.0,-140.51272005648227,
b,2b_algorithm__ddpg__seed43,454888.0,-61.124276723617164,
b,2b_algorithm__ddpg__seed43,464921.0,-81.6869581562199,
b,2b_algorithm__ddpg__seed43,475002.0,-66.76652484469943,
b,2b_algorithm__ddpg__seed43,485117.0,-73.83974903508236,
b,2b_algorithm__ddpg__seed43,495131.0,-56.49845363980248,
b,2b_algorithm__ddpg__seed43,504973.0,-56.62601976509554,
b,2b_algorithm__ddpg__seed43,515067.0,-105.39133889334542,
b,2b_algorithm__ddpg__seed43,524974.0,-69.9766973194323,
b,2b_algorithm__ddpg__seed43,534882.0,-59.78013696243514,
b,2b_algorithm__ddpg__seed43,545080.0,-98.0647302685362,
b,2b_algorithm__ddpg__seed43,555018.0,-67.00795729955037,
b,2b_algorithm__ddpg__seed43,564880.0,-93.5968729654948,
b,2b_algorithm__ddpg__seed43,575018.0,-72.1013681859146,
b,2b_algorithm__ddpg__seed43,584801.0,-73.09722707042955,
b,2b_algorithm__ddpg__seed43,594994.0,-80.17533857926078,
b,2b_algorithm__ddpg__seed43,604959.0,-51.8371724486351,
b,2b_algorithm__ddpg__seed43,615095.0,-58.3406962494352,
b,2b_algorithm__ddpg__seed43,625178.0,-58.18607551987107,
b,2b_algorithm__ddpg__seed43,635066.0,-54.74592890058245,
b,2b_algorithm__ddpg__seed43,644823.0,-65.33422153096804,
b,2b_algorithm__ddpg__seed43,654937.0,-70.90897972904034,
b,2b_algorithm__ddpg__seed43,665052.0,-64.43775939941406,
b,2b_algorithm__ddpg__seed43,674903.0,-66.02860528650419,
b,2b_algorithm__ddpg__seed43,685076.0,-56.09932311375936,
b,2b_algorithm__ddpg__seed43,695105.0,-53.84999486562368,
b,2b_algorithm__ddpg__seed43,705017.0,-47.01220507091946,
b,2b_algorithm__ddpg__seed43,715032.0,-50.60413391113281,
b,2b_algorithm__ddpg__seed43,725032.0,-53.19571394669382,
b,2b_algorithm__ddpg__seed43,734879.0,-57.51287269592285,
b,2b_algorithm__ddpg__seed43,744923.0,-58.3183935526255,
b,2b_algorithm__ddpg__seed43,754998.0,-87.71386194864908,
b,2b_algorithm__ddpg__seed43,764808.0,-50.69816287152179,
b,2b_algorithm__ddpg__seed43,775065.0,-52.29843230986259,
b,2b_algorithm__ddpg__seed43,784919.0,-63.84261484781901,
b,2b_algorithm__ddpg__seed43,794930.0,-69.02872141520183,
b,2b_algorithm__ddpg__seed43,805108.0,-89.84235614054911,
b,2b_algorithm__ddpg__seed43,814967.0,-54.8733681233724,
b,2b_algorithm__ddpg__seed43,824923.0,-72.67734635842812,
b,2b_algorithm__ddpg__seed43,834826.0,-60.65630863734654,
b,2b_algorithm__ddpg__seed43,845016.0,-60.90016572371773,
b,2b_algorithm__ddpg__seed43,854870.0,-49.46493411708523,
b,2b_algorithm__ddpg__seed43,864883.0,-48.83088279492927,
b,2b_algorithm__ddpg__seed43,874941.0,-61.20816568227914,
b,2b_algorithm__ddpg__seed43,884978.0,-63.89865618944168,
b,2b_algorithm__ddpg__seed43,895016.0,-56.3096541771522,
b,2b_algorithm__ddpg__seed43,904999.0,-50.49250740638146,
b,2b_algorithm__ddpg__seed43,915006.0,-61.415713434634,
b,2b_algorithm__ddpg__seed43,924985.0,-73.4773306128097,
b,2b_algorithm__ddpg__seed43,935056.0,-93.41955993652344,
b,2b_algorithm__ddpg__seed43,944972.0,-72.88654103597005,
b,2b_algorithm__ddpg__seed43,954986.0,-55.97566020849979,
b,2b_algorithm__ddpg__seed43,965023.0,-70.5692407434637,
b,2b_algorithm__ddpg__seed43,975242.0,-48.16726297874973,
b,2b_algorithm__ddpg__seed43,984859.0,-55.40484207554867,
b,2b_algorithm__ddpg__seed43,995096.0,-54.58263448079427,
b,2b_algorithm__ddpg__seed44,4990.0,-2974.42134796627,
b,2b_algorithm__ddpg__seed44,14957.0,-645.1321452856064,
b,2b_algorithm__ddpg__seed44,25003.0,-88.14092149000902,
b,2b_algorithm__ddpg__seed44,35024.0,-84.04894765218098,
b,2b_algorithm__ddpg__seed44,44962.0,-81.16278743743896,
b,2b_algorithm__ddpg__seed44,55037.0,-84.54826948377821,
b,2b_algorithm__ddpg__seed44,65085.0,-72.76206636428833,
b,2b_algorithm__ddpg__seed44,74985.0,-83.53498360418504,
b,2b_algorithm__ddpg__seed44,84934.0,-85.12333798408508,
b,2b_algorithm__ddpg__seed44,94939.0,-81.30526340007782,
b,2b_algorithm__ddpg__seed44,104928.0,-79.28616779033955,
b,2b_algorithm__ddpg__seed44,114954.0,-84.0109602708083,
b,2b_algorithm__ddpg__seed44,124965.0,-78.47544252872467,
b,2b_algorithm__ddpg__seed44,135034.0,-78.32386275071364,
b,2b_algorithm__ddpg__seed44,144998.0,-78.4624496944367,
b,2b_algorithm__ddpg__seed44,155036.0,-79.08661901950836,
b,2b_algorithm__ddpg__seed44,164996.0,-81.89540245419457,
b,2b_algorithm__ddpg__seed44,175008.0,-76.85372352600098,
b,2b_algorithm__ddpg__seed44,185004.0,-79.43642225999099,
b,2b_algorithm__ddpg__seed44,195005.0,-79.2600086927414,
b,2b_algorithm__ddpg__seed44,204985.0,-81.22546774243551,
b,2b_algorithm__ddpg__seed44,214954.0,-81.42203122093564,
b,2b_algorithm__ddpg__seed44,225011.0,-81.16124308109283,
b,2b_algorithm__ddpg__seed44,235031.0,-83.59553837776184,
b,2b_algorithm__ddpg__seed44,245019.0,-77.42567713810847,
b,2b_algorithm__ddpg__seed44,255064.0,-78.12332284450531,
b,2b_algorithm__ddpg__seed44,265001.0,-78.06454879518539,
b,2b_algorithm__ddpg__seed44,275045.0,-77.51176992563101,
b,2b_algorithm__ddpg__seed44,285016.0,-82.06896090507507,
b,2b_algorithm__ddpg__seed44,294968.0,-84.40770533635066,
b,2b_algorithm__ddpg__seed44,305021.0,-75.09527693528395,
b,2b_algorithm__ddpg__seed44,314962.0,-87.23900919111948,
b,2b_algorithm__ddpg__seed44,324990.0,-78.05114209651947,
b,2b_algorithm__ddpg__seed44,335044.0,-78.28376400470734,
b,2b_algorithm__ddpg__seed44,344991.0,-76.79306244850159,
b,2b_algorithm__ddpg__seed44,354966.0,-81.99907231330872,
b,2b_algorithm__ddpg__seed44,364928.0,-83.44227862358093,
b,2b_algorithm__ddpg__seed44,374901.0,-83.9819278717041,
b,2b_algorithm__ddpg__seed44,384950.0,-81.87471318244934,
b,2b_algorithm__ddpg__seed44,394945.0,-81.62301308768136,
b,2b_algorithm__ddpg__seed44,404957.0,-78.70064735412598,
b,2b_algorithm__ddpg__seed44,415067.0,-78.75687690147987,
b,2b_algorithm__ddpg__seed44,425047.0,-80.7558742761612,
b,2b_algorithm__ddpg__seed44,434994.0,-82.04120213435246,
b,2b_algorithm__ddpg__seed44,445043.0,-82.26170182228088,
b,2b_algorithm__ddpg__seed44,455061.0,-79.2910544872284,
b,2b_algorithm__ddpg__seed44,465024.0,-80.07433415972997,
b,2b_algorithm__ddpg__seed44,474982.0,-82.0554506778717,
b,2b_algorithm__ddpg__seed44,485002.0,-81.39964963472806,
b,2b_algorithm__ddpg__seed44,494973.0,-79.23337203737289,
b,2b_algorithm__ddpg__seed44,504946.0,-79.30760765075684,
b,2b_algorithm__ddpg__seed44,514913.0,-80.07475801498171,
b,2b_algorithm__ddpg__seed44,524979.0,-75.95968997478485,
b,2b_algorithm__ddpg__seed44,534960.0,-80.47123694041419,
b,2b_algorithm__ddpg__seed44,544962.0,-80.02277315579929,
b,2b_algorithm__ddpg__seed44,555004.0,-82.61353144570002,
b,2b_algorithm__ddpg__seed44,565003.0,-84.38380165705605,
b,2b_algorithm__ddpg__seed44,575000.0,-77.43038892745972,
b,2b_algorithm__ddpg__seed44,584993.0,-73.47996884859525,
b,2b_algorithm__ddpg__seed44,595107.0,-79.88383221626282,
b,2b_algorithm__ddpg__seed44,605035.0,-78.15846337212457,
b,2b_algorithm__ddpg__seed44,614978.0,-79.16154670715332,
b,2b_algorithm__ddpg__seed44,624966.0,-75.8385962853065,
b,2b_algorithm__ddpg__seed44,634979.0,-77.58936624678354,
b,2b_algorithm__ddpg__seed44,644931.0,-76.28181731700897,
b,2b_algorithm__ddpg__seed44,655046.0,-77.79259995680589,
b,2b_algorithm__ddpg__seed44,665038.0,-78.56241476535797,
b,2b_algorithm__ddpg__seed44,674995.0,-80.05631171332465,
b,2b_algorithm__ddpg__seed44,684924.0,-79.86439681053162,
b,2b_algorithm__ddpg__seed44,694935.0,-80.24446820455884,
b,2b_algorithm__ddpg__seed44,704891.0,-80.71743809626652,
b,2b_algorithm__ddpg__seed44,715041.0,-80.36710977554321,
b,2b_algorithm__ddpg__seed44,724948.0,-76.8200413537404,
b,2b_algorithm__ddpg__seed44,734985.0,-79.32696404090295,
b,2b_algorithm__ddpg__seed44,744989.0,-79.97850218273345,
b,2b_algorithm__ddpg__seed44,754945.0,-78.73454737663269,
b,2b_algorithm__ddpg__seed44,765028.0,-78.08082115650177,
b,2b_algorithm__ddpg__seed44,775049.0,-76.27345451941856,
b,2b_algorithm__ddpg__seed44,784986.0,-79.87374563065787,
b,2b_algorithm__ddpg__seed44,794954.0,-81.12544322013855,
b,2b_algorithm__ddpg__seed44,804995.0,-79.08827875530909,
b,2b_algorithm__ddpg__seed44,814927.0,-78.56051962716239,
b,2b_algorithm__ddpg__seed44,824965.0,-83.64725303649902,
b,2b_algorithm__ddpg__seed44,835021.0,-79.56643512432392,
b,2b_algorithm__ddpg__seed44,845027.0,-82.95726525783539,
b,2b_algorithm__ddpg__seed44,855054.0,-77.92611500573537,
b,2b_algorithm__ddpg__seed44,864999.0,-78.70409941673279,
b,2b_algorithm__ddpg__seed44,874980.0,-78.22361242771149,
b,2b_algorithm__ddpg__seed44,885020.0,-81.36929786205292,
b,2b_algorithm__ddpg__seed44,895018.0,-80.92399092454177,
b,2b_algorithm__ddpg__seed44,904973.0,-80.7644317150116,
b,2b_algorithm__ddpg__seed44,915033.0,-81.96204614639282,
b,2b_algorithm__ddpg__seed44,925072.0,-82.32921624183655,
b,2b_algorithm__ddpg__seed44,935050.0,-83.02411389350891,
b,2b_algorithm__ddpg__seed44,944986.0,-79.4693374633789,
b,2b_algorithm__ddpg__seed44,954947.0,-81.03203046321869,
b,2b_algorithm__ddpg__seed44,965007.0,-79.62150299549103,
b,2b_algorithm__ddpg__seed44,975015.0,-80.66266268216647,
b,2b_algorithm__ddpg__seed44,985010.0,-80.94081723690033,
b,2b_algorithm__ddpg__seed44,995066.0,-76.69501566886902,
b,2b_algorithm__ddpg__seed45,5019.0,-2764.812232607887,
b,2b_algorithm__ddpg__seed45,15042.0,-613.0044263951919,
b,2b_algorithm__ddpg__seed45,25022.0,-101.12577565511069,
b,2b_algorithm__ddpg__seed45,35012.0,-152.8686283656529,
b,2b_algorithm__ddpg__seed45,45106.0,-146.8979497716047,
b,2b_algorithm__ddpg__seed45,55000.0,-164.03510576135972,
b,2b_algorithm__ddpg__seed45,65105.0,-199.7222532384536,
b,2b_algorithm__ddpg__seed45,75068.0,-92.5352034795852,
b,2b_algorithm__ddpg__seed45,84992.0,-92.83583271503448,
b,2b_algorithm__ddpg__seed45,95028.0,-71.25744640827179,
b,2b_algorithm__ddpg__seed45,105073.0,-64.56388403085562,
b,2b_algorithm__ddpg__seed45,115011.0,-60.725325448172434,
b,2b_algorithm__ddpg__seed45,124991.0,-60.31717853269716,
b,2b_algorithm__ddpg__seed45,135059.0,-48.34878516564002,
b,2b_algorithm__ddpg__seed45,145027.0,-53.49546768790797,
b,2b_algorithm__ddpg__seed45,154908.0,-51.6534335945226,
b,2b_algorithm__ddpg__seed45,164914.0,-48.73752959787029,
b,2b_algorithm__ddpg__seed45,175059.0,-50.46839738227952,
b,2b_algorithm__ddpg__seed45,185058.0,-43.76005001557179,
b,2b_algorithm__ddpg__seed45,195009.0,-44.638837452176254,
b,2b_algorithm__ddpg__seed45,204977.0,-45.30855005437677,
b,2b_algorithm__ddpg__seed45,214988.0,-46.314929209964376,
b,2b_algorithm__ddpg__seed45,225036.0,-48.23270225524902,
b,2b_algorithm__ddpg__seed45,234927.0,-44.594154605617774,
b,2b_algorithm__ddpg__seed45,244922.0,-44.46927693684896,
b,2b_algorithm__ddpg__seed45,255025.0,-47.58182202445136,
b,2b_algorithm__ddpg__seed45,265043.0,-52.92501596723284,
b,2b_algorithm__ddpg__seed45,275098.0,-42.24529814720154,
b,2b_algorithm__ddpg__seed45,284967.0,-45.34872282119024,
b,2b_algorithm__ddpg__seed45,295014.0,-42.96617595569508,
b,2b_algorithm__ddpg__seed45,305033.0,-42.52486947464617,
b,2b_algorithm__ddpg__seed45,314901.0,-45.84293427338472,
b,2b_algorithm__ddpg__seed45,325048.0,-50.60766170335853,
b,2b_algorithm__ddpg__seed45,335001.0,-53.36694010566263,
b,2b_algorithm__ddpg__seed45,345034.0,-52.131717995421525,
b,2b_algorithm__ddpg__seed45,354989.0,-43.94070569774773,
b,2b_algorithm__ddpg__seed45,365072.0,-40.31876295040815,
b,2b_algorithm__ddpg__seed45,375038.0,-43.06613403320313,
b,2b_algorithm__ddpg__seed45,385119.0,-45.04940273887232,
b,2b_algorithm__ddpg__seed45,395149.0,-44.31539463467068,
b,2b_algorithm__ddpg__seed45,404865.0,-39.04036331176758,
b,2b_algorithm__ddpg__seed45,415122.0,-39.86972542603811,
b,2b_algorithm__ddpg__seed45,425204.0,-38.90834621282724,
b,2b_algorithm__ddpg__seed45,435065.0,-43.28121871307117,
b,2b_algorithm__ddpg__seed45,444938.0,-41.28101430040725,
b,2b_algorithm__ddpg__seed45,455019.0,-43.50961680942112,
b,2b_algorithm__ddpg__seed45,465099.0,-38.6560422261556,
b,2b_algorithm__ddpg__seed45,474997.0,-41.90128576627342,
b,2b_algorithm__ddpg__seed45,484873.0,-40.78760015396845,
b,2b_algorithm__ddpg__seed45,494939.0,-38.61280634496119,
b,2b_algorithm__ddpg__seed45,505061.0,-40.6408577646528,
b,2b_algorithm__ddpg__seed45,515026.0,-44.70008356430952,
b,2b_algorithm__ddpg__seed45,525083.0,-40.59693304284826,
b,2b_algorithm__ddpg__seed45,535067.0,-42.528231979964616,
b,2b_algorithm__ddpg__seed45,544973.0,-44.00741444693672,
b,2b_algorithm__ddpg__seed45,554936.0,-40.13390407823537,
b,2b_algorithm__ddpg__seed45,564932.0,-40.648811733021454,
b,2b_algorithm__ddpg__seed45,575063.0,-44.18702282625086,
b,2b_algorithm__ddpg__seed45,585075.0,-45.13337606853909,
b,2b_algorithm__ddpg__seed45,594885.0,-47.11846810999051,
b,2b_algorithm__ddpg__seed45,604905.0,-45.44241355447208,
b,2b_algorithm__ddpg__seed45,614918.0,-52.000740378243584,
b,2b_algorithm__ddpg__seed45,625058.0,-46.12311620297639,
b,2b_algorithm__ddpg__seed45,634900.0,-43.14520967510384,
b,2b_algorithm__ddpg__seed45,644892.0,-45.35299575805664,
b,2b_algorithm__ddpg__seed45,655072.0,-44.94559183255048,
b,2b_algorithm__ddpg__seed45,665062.0,-45.79803408516778,
b,2b_algorithm__ddpg__seed45,674880.0,-44.538954085198,
b,2b_algorithm__ddpg__seed45,685319.0,-45.51972786155907,
b,2b_algorithm__ddpg__seed45,695027.0,-37.69437295647078,
b,2b_algorithm__ddpg__seed45,705036.0,-41.55506045692845,
b,2b_algorithm__ddpg__seed45,715094.0,-38.71423039852994,
b,2b_algorithm__ddpg__seed45,724854.0,-41.87704195295061,
b,2b_algorithm__ddpg__seed45,734906.0,-50.53327571644503,
b,2b_algorithm__ddpg__seed45,745009.0,-57.571736790583685,
b,2b_algorithm__ddpg__seed45,755075.0,-47.6009596747321,
b,2b_algorithm__ddpg__seed45,765109.0,-48.11548534440406,
b,2b_algorithm__ddpg__seed45,775251.0,-46.16310569218227,
b,2b_algorithm__ddpg__seed45,785005.0,-41.260162671407066,
b,2b_algorithm__ddpg__seed45,794945.0,-39.65803266826429,
b,2b_algorithm__ddpg__seed45,805148.0,-41.46448298863002,
b,2b_algorithm__ddpg__seed45,814853.0,-50.64013341955236,
b,2b_algorithm__ddpg__seed45,825081.0,-47.723605777906336,
b,2b_algorithm__ddpg__seed45,835157.0,-43.61542691411199,
b,2b_algorithm__ddpg__seed45,845227.0,-45.971571115347054,
b,2b_algorithm__ddpg__seed45,855181.0,-40.63074805096882,
b,2b_algorithm__ddpg__seed45,864916.0,-43.848100561844674,
b,2b_algorithm__ddpg__seed45,874994.0,-42.54399400287204,
b,2b_algorithm__ddpg__seed45,884984.0,-48.119266204833984,
b,2b_algorithm__ddpg__seed45,894961.0,-46.67376542702699,
b,2b_algorithm__ddpg__seed45,905013.0,-47.518568375531366,
b,2b_algorithm__ddpg__seed45,915011.0,-62.16328259981596,
b,2b_algorithm__ddpg__seed45,925058.0,-61.87780063335712,
b,2b_algorithm__ddpg__seed45,934981.0,-58.68006427471455,
b,2b_algorithm__ddpg__seed45,944972.0,-57.50548952276056,
b,2b_algorithm__ddpg__seed45,955079.0,-59.921961069107056,
b,2b_algorithm__ddpg__seed45,965176.0,-48.78706327626403,
b,2b_algorithm__ddpg__seed45,975072.0,-58.26324686686198,
b,2b_algorithm__ddpg__seed45,985026.0,-47.88652113007336,
b,2b_algorithm__ddpg__seed45,995079.0,-47.099737900954025,
b,2b_algorithm__ddpg__seed46,5034.0,-2946.095648871528,
b,2b_algorithm__ddpg__seed46,15258.0,-1173.4386141813254,
b,2b_algorithm__ddpg__seed46,25056.0,-120.23627330235072,
b,2b_algorithm__ddpg__seed46,35048.0,-135.5806348496589,
b,2b_algorithm__ddpg__seed46,44932.0,-133.51545077651295,
b,2b_algorithm__ddpg__seed46,54975.0,-300.63424067710764,
b,2b_algorithm__ddpg__seed46,65024.0,-535.7010335770864,
b,2b_algorithm__ddpg__seed46,75030.0,-205.54208512739703,
b,2b_algorithm__ddpg__seed46,85018.0,-141.05006611347198,
b,2b_algorithm__ddpg__seed46,94964.0,-108.82538405198318,
b,2b_algorithm__ddpg__seed46,104958.0,-72.1696389913559,
b,2b_algorithm__ddpg__seed46,115011.0,-61.21428801796653,
b,2b_algorithm__ddpg__seed46,125120.0,-51.652807011323816,
b,2b_algorithm__ddpg__seed46,135004.0,-57.90298113141741,
b,2b_algorithm__ddpg__seed46,145054.0,-58.959473961278015,
b,2b_algorithm__ddpg__seed46,154753.0,-46.9100584597201,
b,2b_algorithm__ddpg__seed46,164987.0,-59.40780946943495,
b,2b_algorithm__ddpg__seed46,174884.0,-58.68419187209185,
b,2b_algorithm__ddpg__seed46,184969.0,-63.55538755474669,
b,2b_algorithm__ddpg__seed46,195037.0,-61.7822668730323,
b,2b_algorithm__ddpg__seed46,204975.0,-54.76947449349069,
b,2b_algorithm__ddpg__seed46,215135.0,-48.94266764322917,
b,2b_algorithm__ddpg__seed46,225000.0,-45.53685654534234,
b,2b_algorithm__ddpg__seed46,235102.0,-46.16695805085011,
b,2b_algorithm__ddpg__seed46,245144.0,-43.8043752065519,
b,2b_algorithm__ddpg__seed46,254931.0,-50.11256687061207,
b,2b_algorithm__ddpg__seed46,265009.0,-53.59751107036204,
b,2b_algorithm__ddpg__seed46,275189.0,-48.80662502819979,
b,2b_algorithm__ddpg__seed46,284901.0,-50.51873970031738,
b,2b_algorithm__ddpg__seed46,295169.0,-51.45188940895928,
b,2b_algorithm__ddpg__seed46,305013.0,-53.03299143284927,
b,2b_algorithm__ddpg__seed46,314884.0,-52.90450225830078,
b,2b_algorithm__ddpg__seed46,324867.0,-49.24851945730356,
b,2b_algorithm__ddpg__seed46,334926.0,-52.8902184335809,
b,2b_algorithm__ddpg__seed46,344925.0,-58.85932449555733,
b,2b_algorithm__ddpg__seed46,354875.0,-79.54607995764002,
b,2b_algorithm__ddpg__seed46,365070.0,-138.629165986005,
b,2b_algorithm__ddpg__seed46,374910.0,-51.06174399213093,
b,2b_algorithm__ddpg__seed46,384795.0,-52.09753883659066,
b,2b_algorithm__ddpg__seed46,394965.0,-49.0318525735434,
b,2b_algorithm__ddpg__seed46,405007.0,-47.74510060416328,
b,2b_algorithm__ddpg__seed46,415037.0,-48.59986982345581,
b,2b_algorithm__ddpg__seed46,425076.0,-56.90623553206281,
b,2b_algorithm__ddpg__seed46,435038.0,-56.32517053940717,
b,2b_algorithm__ddpg__seed46,445124.0,-59.80329829086492,
b,2b_algorithm__ddpg__seed46,455042.0,-69.5135848823635,
b,2b_algorithm__ddpg__seed46,464990.0,-67.17793016848357,
b,2b_algorithm__ddpg__seed46,474948.0,-68.94376192092895,
b,2b_algorithm__ddpg__seed46,485020.0,-69.88601930517899,
b,2b_algorithm__ddpg__seed46,494942.0,-55.52407390315359,
b,2b_algorithm__ddpg__seed46,505147.0,-77.84701929594341,
b,2b_algorithm__ddpg__seed46,514881.0,-68.83583473023914,
b,2b_algorithm__ddpg__seed46,524978.0,-86.88872693932575,
b,2b_algorithm__ddpg__seed46,534919.0,-69.74949137369792,
b,2b_algorithm__ddpg__seed46,545124.0,-47.99659118652344,
b,2b_algorithm__ddpg__seed46,555033.0,-47.54230504158215,
b,2b_algorithm__ddpg__seed46,564956.0,-48.11383874732328,
b,2b_algorithm__ddpg__seed46,575045.0,-59.343704625179896,
b,2b_algorithm__ddpg__seed46,584892.0,-52.47505004684646,
b,2b_algorithm__ddpg__seed46,594865.0,-55.32459025382995,
b,2b_algorithm__ddpg__seed46,604776.0,-50.217799487866856,
b,2b_algorithm__ddpg__seed46,614720.0,-49.54840139440588,
b,2b_algorithm__ddpg__seed46,624870.0,-47.2649676701794,
b,2b_algorithm__ddpg__seed46,634957.0,-46.63589244418674,
b,2b_algorithm__ddpg__seed46,645147.0,-47.949230441799415,
b,2b_algorithm__ddpg__seed46,654937.0,-53.91520686027332,
b,2b_algorithm__ddpg__seed46,665297.0,-45.62911411041909,
b,2b_algorithm__ddpg__seed46,674962.0,-46.17909583178434,
b,2b_algorithm__ddpg__seed46,684930.0,-43.93749950243079,
b,2b_algorithm__ddpg__seed46,695029.0,-46.59141826629639,
b,2b_algorithm__ddpg__seed46,705075.0,-51.23683403759468,
b,2b_algorithm__ddpg__seed46,714805.0,-47.51105239656236,
b,2b_algorithm__ddpg__seed46,725225.0,-42.221315685071446,
b,2b_algorithm__ddpg__seed46,735040.0,-42.90797335927079,
b,2b_algorithm__ddpg__seed46,745007.0,-44.64159760651765,
b,2b_algorithm__ddpg__seed46,754912.0,-43.40013392130534,
b,2b_algorithm__ddpg__seed46,765109.0,-50.93888258934021,
b,2b_algorithm__ddpg__seed46,775173.0,-45.18206996009464,
b,2b_algorithm__ddpg__seed46,784886.0,-48.12531109345265,
b,2b_algorithm__ddpg__seed46,795425.0,-47.4633127424452,
b,2b_algorithm__ddpg__seed46,805018.0,-46.6927864577744,
b,2b_algorithm__ddpg__seed46,814988.0,-45.04409288323444,
b,2b_algorithm__ddpg__seed46,824879.0,-47.657147822172746,
b,2b_algorithm__ddpg__seed46,834893.0,-45.84149044210261,
b,2b_algorithm__ddpg__seed46,845053.0,-47.47586953904894,
b,2b_algorithm__ddpg__seed46,855071.0,-41.62226055943689,
b,2b_algorithm__ddpg__seed46,864903.0,-44.52590871119237,
b,2b_algorithm__ddpg__seed46,875225.0,-50.05289840698242,
b,2b_algorithm__ddpg__seed46,884895.0,-53.01049157847529,
b,2b_algorithm__ddpg__seed46,894952.0,-46.117384426835656,
b,2b_algorithm__ddpg__seed46,904992.0,-50.16007137298584,
b,2b_algorithm__ddpg__seed46,914883.0,-44.25786972045898,
b,2b_algorithm__ddpg__seed46,925053.0,-51.04988732057459,
b,2b_algorithm__ddpg__seed46,934774.0,-52.76469869871397,
b,2b_algorithm__ddpg__seed46,944849.0,-47.85136517116002,
b,2b_algorithm__ddpg__seed46,954965.0,-44.66023312192975,
b,2b_algorithm__ddpg__seed46,965022.0,-52.80204206194196,
b,2b_algorithm__ddpg__seed46,975027.0,-63.24878574820126,
b,2b_algorithm__ddpg__seed46,985026.0,-79.55541475736177,
b,2b_algorithm__ddpg__seed46,995114.0,-63.255459267752514,
c,2a_reward_mode__feasibility_gated__seed42,8192.0,39.09000015258789,
c,2a_reward_mode__feasibility_gated__seed42,16384.0,39.22999954223633,
c,2a_reward_mode__feasibility_gated__seed42,24576.0,39.2599983215332,
c,2a_reward_mode__feasibility_gated__seed42,32768.0,38.810001373291016,
c,2a_reward_mode__feasibility_gated__seed42,45056.0,37.80999946594238,
c,2a_reward_mode__feasibility_gated__seed42,57344.0,38.34999847412109,
c,2a_reward_mode__feasibility_gated__seed42,65536.0,38.81999969482422,
c,2a_reward_mode__feasibility_gated__seed42,73728.0,36.97999954223633,
c,2a_reward_mode__feasibility_gated__seed42,81920.0,37.43000030517578,
c,2a_reward_mode__feasibility_gated__seed42,94208.0,38.47500038146973,
c,2a_reward_mode__feasibility_gated__seed42,106496.0,38.66999816894531,
c,2a_reward_mode__feasibility_gated__seed42,114688.0,38.83000183105469,
c,2a_reward_mode__feasibility_gated__seed42,122880.0,38.4900016784668,
c,2a_reward_mode__feasibility_gated__seed42,135168.0,39.36499977111816,
c,2a_reward_mode__feasibility_gated__seed42,147456.0,37.959999084472656,
c,2a_reward_mode__feasibility_gated__seed42,155648.0,38.81999969482422,
c,2a_reward_mode__feasibility_gated__seed42,163840.0,38.09999847412109,
c,2a_reward_mode__feasibility_gated__seed42,172032.0,38.4900016784668,
c,2a_reward_mode__feasibility_gated__seed42,184320.0,39.040000915527344,
c,2a_reward_mode__feasibility_gated__seed42,196608.0,38.47999954223633,
c,2a_reward_mode__feasibility_gated__seed42,204800.0,38.47999954223633,
c,2a_reward_mode__feasibility_gated__seed42,212992.0,38.869998931884766,
c,2a_reward_mode__feasibility_gated__seed42,225280.0,38.44000053405762,
c,2a_reward_mode__feasibility_gated__seed42,237568.0,39.59999847412109,
c,2a_reward_mode__feasibility_gated__seed42,245760.0,39.209999084472656,
c,2a_reward_mode__feasibility_gated__seed42,253952.0,39.7599983215332,
c,2a_reward_mode__feasibility_gated__seed42,262144.0,38.900001525878906,
c,2a_reward_mode__feasibility_gated__seed42,274432.0,38.14500045776367,
c,2a_reward_mode__feasibility_gated__seed42,286720.0,38.79999923706055,
c,2a_reward_mode__feasibility_gated__seed42,294912.0,38.209999084472656,
c,2a_reward_mode__feasibility_gated__seed42,303104.0,38.63999938964844,
c,2a_reward_mode__feasibility_gated__seed42,315392.0,38.420000076293945,
c,2a_reward_mode__feasibility_gated__seed42,327680.0,39.40999984741211,
c,2a_reward_mode__feasibility_gated__seed42,335872.0,38.970001220703125,
c,2a_reward_mode__feasibility_gated__seed42,344064.0,39.25,
c,2a_reward_mode__feasibility_gated__seed42,352256.0,38.45000076293945,
c,2a_reward_mode__feasibility_gated__seed42,364544.0,38.045000076293945,
c,2a_reward_mode__feasibility_gated__seed42,376832.0,38.15999984741211,
c,2a_reward_mode__feasibility_gated__seed42,385024.0,38.4900016784668,
c,2a_reward_mode__feasibility_gated__seed42,393216.0,39.2400016784668,
c,2a_reward_mode__feasibility_gated__seed42,405504.0,38.84000015258789,
c,2a_reward_mode__feasibility_gated__seed42,417792.0,38.2599983215332,
c,2a_reward_mode__feasibility_gated__seed42,425984.0,38.95000076293945,
c,2a_reward_mode__feasibility_gated__seed42,434176.0,38.970001220703125,
c,2a_reward_mode__feasibility_gated__seed42,442368.0,39.06999969482422,
c,2a_reward_mode__feasibility_gated__seed42,454656.0,38.75,
c,2a_reward_mode__feasibility_gated__seed42,466944.0,38.310001373291016,
c,2a_reward_mode__feasibility_gated__seed42,475136.0,39.70000076293945,
c,2a_reward_mode__feasibility_gated__seed42,483328.0,38.93999862670898,
c,2a_reward_mode__feasibility_gated__seed42,495616.0,39.46500015258789,
c,2a_reward_mode__feasibility_gated__seed42,507904.0,38.40999984741211,
c,2a_reward_mode__feasibility_gated__seed42,516096.0,38.709999084472656,
c,2a_reward_mode__feasibility_gated__seed42,524288.0,37.77000045776367,
c,2a_reward_mode__feasibility_gated__seed42,532480.0,38.9900016784668,
c,2a_reward_mode__feasibility_gated__seed42,544768.0,38.625,
c,2a_reward_mode__feasibility_gated__seed42,557056.0,38.41999816894531,
c,2a_reward_mode__feasibility_gated__seed42,565248.0,39.040000915527344,
c,2a_reward_mode__feasibility_gated__seed42,573440.0,38.65999984741211,
c,2a_reward_mode__feasibility_gated__seed42,585728.0,38.89500045776367,
c,2a_reward_mode__feasibility_gated__seed42,598016.0,39.7400016784668,
c,2a_reward_mode__feasibility_gated__seed42,606208.0,39.22999954223633,
c,2a_reward_mode__feasibility_gated__seed42,614400.0,39.310001373291016,
c,2a_reward_mode__feasibility_gated__seed42,622592.0,37.470001220703125,
c,2a_reward_mode__feasibility_gated__seed42,634880.0,38.880001068115234,
c,2a_reward_mode__feasibility_gated__seed42,647168.0,38.52000045776367,
c,2a_reward_mode__feasibility_gated__seed42,655360.0,38.150001525878906,
c,2a_reward_mode__feasibility_gated__seed42,663552.0,37.77999877929688,
c,2a_reward_mode__feasibility_gated__seed42,675840.0,38.625,
c,2a_reward_mode__feasibility_gated__seed42,688128.0,38.810001373291016,
c,2a_reward_mode__feasibility_gated__seed42,696320.0,37.709999084472656,
c,2a_reward_mode__feasibility_gated__seed42,704512.0,38.5099983215332,
c,2a_reward_mode__feasibility_gated__seed42,712704.0,38.41999816894531,
c,2a_reward_mode__feasibility_gated__seed42,724992.0,37.96000099182129,
c,2a_reward_mode__feasibility_gated__seed42,737280.0,37.060001373291016,
c,2a_reward_mode__feasibility_gated__seed42,745472.0,37.66999816894531,
c,2a_reward_mode__feasibility_gated__seed42,753664.0,37.75,
c,2a_reward_mode__feasibility_gated__seed42,761856.0,37.619998931884766,
c,2a_reward_mode__feasibility_gated__seed42,774144.0,38.69499969482422,
c,2a_reward_mode__feasibility_gated__seed42,786432.0,38.220001220703125,
c,2a_reward_mode__feasibility_gated__seed42,794624.0,36.88999938964844,
c,2a_reward_mode__feasibility_gated__seed42,802816.0,38.650001525878906,
c,2a_reward_mode__feasibility_gated__seed42,815104.0,37.48000144958496,
c,2a_reward_mode__feasibility_gated__seed42,827392.0,39.060001373291016,
c,2a_reward_mode__feasibility_gated__seed42,835584.0,38.130001068115234,
c,2a_reward_mode__feasibility_gated__seed42,843776.0,37.52000045776367,
c,2a_reward_mode__feasibility_gated__seed42,851968.0,39.34000015258789,
c,2a_reward_mode__feasibility_gated__seed42,864256.0,38.2450008392334,
c,2a_reward_mode__feasibility_gated__seed42,876544.0,38.119998931884766,
c,2a_reward_mode__feasibility_gated__seed42,884736.0,37.560001373291016,
c,2a_reward_mode__feasibility_gated__seed42,892928.0,39.31999969482422,
c,2a_reward_mode__feasibility_gated__seed42,905216.0,38.310001373291016,
c,2a_reward_mode__feasibility_gated__seed42,917504.0,39.18000030517578,
c,2a_reward_mode__feasibility_gated__seed42,925696.0,38.630001068115234,
c,2a_reward_mode__feasibility_gated__seed42,933888.0,38.33000183105469,
c,2a_reward_mode__feasibility_gated__seed42,942080.0,38.63999938964844,
c,2a_reward_mode__feasibility_gated__seed42,954368.0,39.150001525878906,
c,2a_reward_mode__feasibility_gated__seed42,966656.0,38.27999877929688,
c,2a_reward_mode__feasibility_gated__seed42,974848.0,38.650001525878906,
c,2a_reward_mode__feasibility_gated__seed42,983040.0,38.97999954223633,
c,2a_reward_mode__feasibility_gated__seed42,995328.0,39.31999969482422,
c,2a_reward_mode__feasibility_gated__seed42,1007616.0,39.65999984741211,
c,2a_reward_mode__feasibility_gated__seed43,8192.0,40.0,
c,2a_reward_mode__feasibility_gated__seed43,16384.0,39.13999938964844,
c,2a_reward_mode__feasibility_gated__seed43,24576.0,38.27999877929688,
c,2a_reward_mode__feasibility_gated__seed43,32768.0,38.95000076293945,
c,2a_reward_mode__feasibility_gated__seed43,45056.0,37.46500015258789,
c,2a_reward_mode__feasibility_gated__seed43,57344.0,38.65999984741211,
c,2a_reward_mode__feasibility_gated__seed43,65536.0,38.43999862670898,
c,2a_reward_mode__feasibility_gated__seed43,73728.0,38.84999847412109,
c,2a_reward_mode__feasibility_gated__seed43,81920.0,38.54999923706055,
c,2a_reward_mode__feasibility_gated__seed43,94208.0,38.39499855041504,
c,2a_reward_mode__feasibility_gated__seed43,106496.0,39.22999954223633,
c,2a_reward_mode__feasibility_gated__seed43,114688.0,38.63999938964844,
c,2a_reward_mode__feasibility_gated__seed43,122880.0,38.630001068115234,
c,2a_reward_mode__feasibility_gated__seed43,135168.0,39.19499969482422,
c,2a_reward_mode__feasibility_gated__seed43,147456.0,38.33000183105469,
c,2a_reward_mode__feasibility_gated__seed43,155648.0,37.81999969482422,
c,2a_reward_mode__feasibility_gated__seed43,163840.0,37.459999084472656,
c,2a_reward_mode__feasibility_gated__seed43,172032.0,38.54999923706055,
c,2a_reward_mode__feasibility_gated__seed43,184320.0,38.23999977111816,
c,2a_reward_mode__feasibility_gated__seed43,196608.0,39.08000183105469,
c,2a_reward_mode__feasibility_gated__seed43,204800.0,38.68999862670898,
c,2a_reward_mode__feasibility_gated__seed43,212992.0,38.29999923706055,
c,2a_reward_mode__feasibility_gated__seed43,225280.0,38.545000076293945,
c,2a_reward_mode__feasibility_gated__seed43,237568.0,38.619998931884766,
c,2a_reward_mode__feasibility_gated__seed43,245760.0,39.66999816894531,
c,2a_reward_mode__feasibility_gated__seed43,253952.0,39.06999969482422,
c,2a_reward_mode__feasibility_gated__seed43,262144.0,39.68999862670898,
c,2a_reward_mode__feasibility_gated__seed43,274432.0,38.26500129699707,
c,2a_reward_mode__feasibility_gated__seed43,286720.0,39.54999923706055,
c,2a_reward_mode__feasibility_gated__seed43,294912.0,38.43000030517578,
c,2a_reward_mode__feasibility_gated__seed43,303104.0,38.93999862670898,
c,2a_reward_mode__feasibility_gated__seed43,315392.0,38.619998931884766,
c,2a_reward_mode__feasibility_gated__seed43,327680.0,39.68999862670898,
c,2a_reward_mode__feasibility_gated__seed43,335872.0,38.09000015258789,
c,2a_reward_mode__feasibility_gated__seed43,344064.0,38.720001220703125,
c,2a_reward_mode__feasibility_gated__seed43,352256.0,39.16999816894531,
c,2a_reward_mode__feasibility_gated__seed43,364544.0,39.130001068115234,
c,2a_reward_mode__feasibility_gated__seed43,376832.0,39.11000061035156,
c,2a_reward_mode__feasibility_gated__seed43,385024.0,38.33000183105469,
c,2a_reward_mode__feasibility_gated__seed43,393216.0,39.29999923706055,
c,2a_reward_mode__feasibility_gated__seed43,405504.0,38.625,
c,2a_reward_mode__feasibility_gated__seed43,417792.0,39.119998931884766,
c,2a_reward_mode__feasibility_gated__seed43,425984.0,38.5,
c,2a_reward_mode__feasibility_gated__seed43,434176.0,38.650001525878906,
c,2a_reward_mode__feasibility_gated__seed43,442368.0,38.4900016784668,
c,2a_reward_mode__feasibility_gated__seed43,454656.0,38.26999855041504,
c,2a_reward_mode__feasibility_gated__seed43,466944.0,39.29999923706055,
c,2a_reward_mode__feasibility_gated__seed43,475136.0,39.02999877929688,
c,2a_reward_mode__feasibility_gated__seed43,483328.0,38.27000045776367,
c,2a_reward_mode__feasibility_gated__seed43,495616.0,38.75,
c,2a_reward_mode__feasibility_gated__seed43,507904.0,38.31999969482422,
c,2a_reward_mode__feasibility_gated__seed43,516096.0,39.470001220703125,
c,2a_reward_mode__feasibility_gated__seed43,524288.0,38.06999969482422,
c,2a_reward_mode__feasibility_gated__seed43,532480.0,38.5099983215332,
c,2a_reward_mode__feasibility_gated__seed43,544768.0,37.80999946594238,
c,2a_reward_mode__feasibility_gated__seed43,557056.0,38.77999877929688,
c,2a_reward_mode__feasibility_gated__seed43,565248.0,37.040000915527344,
c,2a_reward_mode__feasibility_gated__seed43,573440.0,37.77999877929688,
c,2a_reward_mode__feasibility_gated__seed43,585728.0,38.30499839782715,
c,2a_reward_mode__feasibility_gated__seed43,598016.0,38.790000915527344,
c,2a_reward_mode__feasibility_gated__seed43,606208.0,39.02999877929688,
c,2a_reward_mode__feasibility_gated__seed43,614400.0,39.68000030517578,
c,2a_reward_mode__feasibility_gated__seed43,622592.0,38.33000183105469,
c,2a_reward_mode__feasibility_gated__seed43,634880.0,38.345001220703125,
c,2a_reward_mode__feasibility_gated__seed43,647168.0,38.4900016784668,
c,2a_reward_mode__feasibility_gated__seed43,655360.0,38.88999938964844,
c,2a_reward_mode__feasibility_gated__seed43,663552.0,37.2599983215332,
c,2a_reward_mode__feasibility_gated__seed43,675840.0,37.11499977111816,
c,2a_reward_mode__feasibility_gated__seed43,688128.0,37.52999877929688,
c,2a_reward_mode__feasibility_gated__seed43,696320.0,37.83000183105469,
c,2a_reward_mode__feasibility_gated__seed43,704512.0,36.79999923706055,
c,2a_reward_mode__feasibility_gated__seed43,712704.0,37.959999084472656,
c,2a_reward_mode__feasibility_gated__seed43,724992.0,37.60000038146973,
c,2a_reward_mode__feasibility_gated__seed43,737280.0,37.65999984741211,
c,2a_reward_mode__feasibility_gated__seed43,745472.0,38.400001525878906,
c,2a_reward_mode__feasibility_gated__seed43,753664.0,37.91999816894531,
c,2a_reward_mode__feasibility_gated__seed43,761856.0,38.63999938964844,
c,2a_reward_mode__feasibility_gated__seed43,774144.0,37.954999923706055,
c,2a_reward_mode__feasibility_gated__seed43,786432.0,38.97999954223633,
c,2a_reward_mode__feasibility_gated__seed43,794624.0,37.02999877929688,
c,2a_reward_mode__feasibility_gated__seed43,802816.0,38.130001068115234,
c,2a_reward_mode__feasibility_gated__seed43,815104.0,38.079999923706055,
c,2a_reward_mode__feasibility_gated__seed43,827392.0,38.5099983215332,
c,2a_reward_mode__feasibility_gated__seed43,835584.0,38.65999984741211,
c,2a_reward_mode__feasibility_gated__seed43,843776.0,38.29999923706055,
c,2a_reward_mode__feasibility_gated__seed43,851968.0,38.65999984741211,
c,2a_reward_mode__feasibility_gated__seed43,864256.0,38.44000053405762,
c,2a_reward_mode__feasibility_gated__seed43,876544.0,38.63999938964844,
c,2a_reward_mode__feasibility_gated__seed43,884736.0,39.0,
c,2a_reward_mode__feasibility_gated__seed43,892928.0,39.02000045776367,
c,2a_reward_mode__feasibility_gated__seed43,905216.0,38.470001220703125,
c,2a_reward_mode__feasibility_gated__seed43,917504.0,39.09999847412109,
c,2a_reward_mode__feasibility_gated__seed43,925696.0,38.27999877929688,
c,2a_reward_mode__feasibility_gated__seed43,933888.0,39.33000183105469,
c,2a_reward_mode__feasibility_gated__seed43,942080.0,38.650001525878906,
c,2a_reward_mode__feasibility_gated__seed43,954368.0,39.14500045776367,
c,2a_reward_mode__feasibility_gated__seed43,966656.0,38.630001068115234,
c,2a_reward_mode__feasibility_gated__seed43,974848.0,38.9900016784668,
c,2a_reward_mode__feasibility_gated__seed43,983040.0,39.310001373291016,
c,2a_reward_mode__feasibility_gated__seed43,995328.0,39.32500076293945,
c,2a_reward_mode__feasibility_gated__seed43,1007616.0,39.65999984741211,
c,2a_reward_mode__feasibility_gated__seed44,8192.0,39.11000061035156,
c,2a_reward_mode__feasibility_gated__seed44,16384.0,39.61000061035156,
c,2a_reward_mode__feasibility_gated__seed44,24576.0,39.58000183105469,
c,2a_reward_mode__feasibility_gated__seed44,32768.0,39.13999938964844,
c,2a_reward_mode__feasibility_gated__seed44,45056.0,38.560001373291016,
c,2a_reward_mode__feasibility_gated__seed44,57344.0,38.20000076293945,
c,2a_reward_mode__feasibility_gated__seed44,65536.0,38.40999984741211,
c,2a_reward_mode__feasibility_gated__seed44,73728.0,37.5,
c,2a_reward_mode__feasibility_gated__seed44,81920.0,38.06999969482422,
c,2a_reward_mode__feasibility_gated__seed44,94208.0,38.17999839782715,
c,2a_reward_mode__feasibility_gated__seed44,106496.0,37.68999862670898,
c,2a_reward_mode__feasibility_gated__seed44,114688.0,38.459999084472656,
c,2a_reward_mode__feasibility_gated__seed44,122880.0,38.61000061035156,
c,2a_reward_mode__feasibility_gated__seed44,135168.0,38.81999969482422,
c,2a_reward_mode__feasibility_gated__seed44,147456.0,39.220001220703125,
c,2a_reward_mode__feasibility_gated__seed44,155648.0,38.38999938964844,
c,2a_reward_mode__feasibility_gated__seed44,163840.0,38.45000076293945,
c,2a_reward_mode__feasibility_gated__seed44,172032.0,37.93000030517578,
c,2a_reward_mode__feasibility_gated__seed44,184320.0,38.44499969482422,
c,2a_reward_mode__feasibility_gated__seed44,196608.0,36.93999862670898,
c,2a_reward_mode__feasibility_gated__seed44,204800.0,38.369998931884766,
c,2a_reward_mode__feasibility_gated__seed44,212992.0,38.11000061035156,
c,2a_reward_mode__feasibility_gated__seed44,225280.0,38.21500015258789,
c,2a_reward_mode__feasibility_gated__seed44,237568.0,37.93000030517578,
c,2a_reward_mode__feasibility_gated__seed44,245760.0,38.47999954223633,
c,2a_reward_mode__feasibility_gated__seed44,253952.0,38.81999969482422,
c,2a_reward_mode__feasibility_gated__seed44,262144.0,38.720001220703125,
c,2a_reward_mode__feasibility_gated__seed44,274432.0,38.834999084472656,
c,2a_reward_mode__feasibility_gated__seed44,286720.0,37.72999954223633,
c,2a_reward_mode__feasibility_gated__seed44,294912.0,38.13999938964844,
c,2a_reward_mode__feasibility_gated__seed44,303104.0,38.40999984741211,
c,2a_reward_mode__feasibility_gated__seed44,315392.0,37.77000045776367,
c,2a_reward_mode__feasibility_gated__seed44,327680.0,36.47999954223633,
c,2a_reward_mode__feasibility_gated__seed44,335872.0,37.060001373291016,
c,2a_reward_mode__feasibility_gated__seed44,344064.0,37.70000076293945,
c,2a_reward_mode__feasibility_gated__seed44,352256.0,38.720001220703125,
c,2a_reward_mode__feasibility_gated__seed44,364544.0,37.52000045776367,
c,2a_reward_mode__feasibility_gated__seed44,376832.0,37.9900016784668,
c,2a_reward_mode__feasibility_gated__seed44,385024.0,37.18999862670898,
c,2a_reward_mode__feasibility_gated__seed44,393216.0,37.08000183105469,
c,2a_reward_mode__feasibility_gated__seed44,405504.0,36.92500114440918,
c,2a_reward_mode__feasibility_gated__seed44,417792.0,37.380001068115234,
c,2a_reward_mode__feasibility_gated__seed44,425984.0,38.560001373291016,
c,2a_reward_mode__feasibility_gated__seed44,434176.0,36.33000183105469,
c,2a_reward_mode__feasibility_gated__seed44,442368.0,37.619998931884766,
c,2a_reward_mode__feasibility_gated__seed44,454656.0,37.97999954223633,
c,2a_reward_mode__feasibility_gated__seed44,466944.0,37.45000076293945,
c,2a_reward_mode__feasibility_gated__seed44,475136.0,37.70000076293945,
c,2a_reward_mode__feasibility_gated__seed44,483328.0,38.209999084472656,
c,2a_reward_mode__feasibility_gated__seed44,495616.0,38.2549991607666,
c,2a_reward_mode__feasibility_gated__seed44,507904.0,38.52999877929688,
c,2a_reward_mode__feasibility_gated__seed44,516096.0,37.47999954223633,
c,2a_reward_mode__feasibility_gated__seed44,524288.0,37.4900016784668,
c,2a_reward_mode__feasibility_gated__seed44,532480.0,36.5,
c,2a_reward_mode__feasibility_gated__seed44,544768.0,37.77499961853027,
c,2a_reward_mode__feasibility_gated__seed44,557056.0,38.150001525878906,
c,2a_reward_mode__feasibility_gated__seed44,565248.0,36.90999984741211,
c,2a_reward_mode__feasibility_gated__seed44,573440.0,37.0099983215332,
c,2a_reward_mode__feasibility_gated__seed44,585728.0,37.55500030517578,
c,2a_reward_mode__feasibility_gated__seed44,598016.0,38.58000183105469,
c,2a_reward_mode__feasibility_gated__seed44,606208.0,37.41999816894531,
c,2a_reward_mode__feasibility_gated__seed44,614400.0,34.90999984741211,
c,2a_reward_mode__feasibility_gated__seed44,622592.0,36.9900016784668,
c,2a_reward_mode__feasibility_gated__seed44,634880.0,36.84000015258789,
c,2a_reward_mode__feasibility_gated__seed44,647168.0,37.959999084472656,
c,2a_reward_mode__feasibility_gated__seed44,655360.0,35.5099983215332,
c,2a_reward_mode__feasibility_gated__seed44,663552.0,35.459999084472656,
c,2a_reward_mode__feasibility_gated__seed44,675840.0,36.63999938964844,
c,2a_reward_mode__feasibility_gated__seed44,688128.0,35.349998474121094,
c,2a_reward_mode__feasibility_gated__seed44,696320.0,33.43000030517578,
c,2a_reward_mode__feasibility_gated__seed44,704512.0,35.15999984741211,
c,2a_reward_mode__feasibility_gated__seed44,712704.0,37.56999969482422,
c,2a_reward_mode__feasibility_gated__seed44,724992.0,37.06500053405762,
c,2a_reward_mode__feasibility_gated__seed44,737280.0,36.04999923706055,
c,2a_reward_mode__feasibility_gated__seed44,745472.0,34.41999816894531,
c,2a_reward_mode__feasibility_gated__seed44,753664.0,34.869998931884766,
c,2a_reward_mode__feasibility_gated__seed44,761856.0,36.2400016784668,
c,2a_reward_mode__feasibility_gated__seed44,774144.0,35.42499923706055,
c,2a_reward_mode__feasibility_gated__seed44,786432.0,36.02999877929688,
c,2a_reward_mode__feasibility_gated__seed44,794624.0,35.209999084472656,
c,2a_reward_mode__feasibility_gated__seed44,802816.0,35.459999084472656,
c,2a_reward_mode__feasibility_gated__seed44,815104.0,35.709999084472656,
c,2a_reward_mode__feasibility_gated__seed44,827392.0,36.45000076293945,
c,2a_reward_mode__feasibility_gated__seed44,835584.0,35.880001068115234,
c,2a_reward_mode__feasibility_gated__seed44,843776.0,35.97999954223633,
c,2a_reward_mode__feasibility_gated__seed44,851968.0,31.56999969482422,
c,2a_reward_mode__feasibility_gated__seed44,864256.0,34.31500053405762,
c,2a_reward_mode__feasibility_gated__seed44,876544.0,36.470001220703125,
c,2a_reward_mode__feasibility_gated__seed44,884736.0,35.68000030517578,
c,2a_reward_mode__feasibility_gated__seed44,892928.0,34.459999084472656,
c,2a_reward_mode__feasibility_gated__seed44,905216.0,36.23999977111816,
c,2a_reward_mode__feasibility_gated__seed44,917504.0,35.040000915527344,
c,2a_reward_mode__feasibility_gated__seed44,925696.0,34.290000915527344,
c,2a_reward_mode__feasibility_gated__seed44,933888.0,36.220001220703125,
c,2a_reward_mode__feasibility_gated__seed44,942080.0,32.869998931884766,
c,2a_reward_mode__feasibility_gated__seed44,954368.0,35.76499938964844,
c,2a_reward_mode__feasibility_gated__seed44,966656.0,35.91999816894531,
c,2a_reward_mode__feasibility_gated__seed44,974848.0,34.40999984741211,
c,2a_reward_mode__feasibility_gated__seed44,983040.0,35.529998779296875,
c,2a_reward_mode__feasibility_gated__seed44,995328.0,32.51999855041504,
c,2a_reward_mode__feasibility_gated__seed44,1007616.0,31.459999084472656,
c,2a_reward_mode__feasibility_gated__seed45,8192.0,39.08000183105469,
c,2a_reward_mode__feasibility_gated__seed45,16384.0,39.34000015258789,
c,2a_reward_mode__feasibility_gated__seed45,24576.0,38.97999954223633,
c,2a_reward_mode__feasibility_gated__seed45,32768.0,38.52000045776367,
c,2a_reward_mode__feasibility_gated__seed45,45056.0,38.77999877929688,
c,2a_reward_mode__feasibility_gated__seed45,57344.0,38.29999923706055,
c,2a_reward_mode__feasibility_gated__seed45,65536.0,39.20000076293945,
c,2a_reward_mode__feasibility_gated__seed45,73728.0,38.77999877929688,
c,2a_reward_mode__feasibility_gated__seed45,81920.0,38.04999923706055,
c,2a_reward_mode__feasibility_gated__seed45,94208.0,38.93499946594238,
c,2a_reward_mode__feasibility_gated__seed45,106496.0,38.709999084472656,
c,2a_reward_mode__feasibility_gated__seed45,114688.0,39.09999847412109,
c,2a_reward_mode__feasibility_gated__seed45,122880.0,39.18999862670898,
c,2a_reward_mode__feasibility_gated__seed45,135168.0,38.25,
c,2a_reward_mode__feasibility_gated__seed45,147456.0,38.68999862670898,
c,2a_reward_mode__feasibility_gated__seed45,155648.0,39.41999816894531,
c,2a_reward_mode__feasibility_gated__seed45,163840.0,38.70000076293945,
c,2a_reward_mode__feasibility_gated__seed45,172032.0,38.56999969482422,
c,2a_reward_mode__feasibility_gated__seed45,184320.0,37.61499977111816,
c,2a_reward_mode__feasibility_gated__seed45,196608.0,37.290000915527344,
c,2a_reward_mode__feasibility_gated__seed45,204800.0,38.0099983215332,
c,2a_reward_mode__feasibility_gated__seed45,212992.0,39.459999084472656,
c,2a_reward_mode__feasibility_gated__seed45,225280.0,37.97999954223633,
c,2a_reward_mode__feasibility_gated__seed45,237568.0,38.65999984741211,
c,2a_reward_mode__feasibility_gated__seed45,245760.0,38.04999923706055,
c,2a_reward_mode__feasibility_gated__seed45,253952.0,38.15999984741211,
c,2a_reward_mode__feasibility_gated__seed45,262144.0,38.41999816894531,
c,2a_reward_mode__feasibility_gated__seed45,274432.0,38.29999923706055,
c,2a_reward_mode__feasibility_gated__seed45,286720.0,38.56999969482422,
c,2a_reward_mode__feasibility_gated__seed45,294912.0,36.45000076293945,
c,2a_reward_mode__feasibility_gated__seed45,303104.0,38.70000076293945,
c,2a_reward_mode__feasibility_gated__seed45,315392.0,37.79999923706055,
c,2a_reward_mode__feasibility_gated__seed45,327680.0,38.400001525878906,
c,2a_reward_mode__feasibility_gated__seed45,335872.0,37.47999954223633,
c,2a_reward_mode__feasibility_gated__seed45,344064.0,38.52999877929688,
c,2a_reward_mode__feasibility_gated__seed45,352256.0,39.369998931884766,
c,2a_reward_mode__feasibility_gated__seed45,364544.0,38.39499855041504,
c,2a_reward_mode__feasibility_gated__seed45,376832.0,39.130001068115234,
c,2a_reward_mode__feasibility_gated__seed45,385024.0,37.630001068115234,
c,2a_reward_mode__feasibility_gated__seed45,393216.0,38.130001068115234,
c,2a_reward_mode__feasibility_gated__seed45,405504.0,38.76499938964844,
c,2a_reward_mode__feasibility_gated__seed45,417792.0,38.79999923706055,
c,2a_reward_mode__feasibility_gated__seed45,425984.0,39.45000076293945,
c,2a_reward_mode__feasibility_gated__seed45,434176.0,38.290000915527344,
c,2a_reward_mode__feasibility_gated__seed45,442368.0,37.38999938964844,
c,2a_reward_mode__feasibility_gated__seed45,454656.0,37.97499847412109,
c,2a_reward_mode__feasibility_gated__seed45,466944.0,36.810001373291016,
c,2a_reward_mode__feasibility_gated__seed45,475136.0,37.75,
c,2a_reward_mode__feasibility_gated__seed45,483328.0,37.90999984741211,
c,2a_reward_mode__feasibility_gated__seed45,495616.0,37.915000915527344,
c,2a_reward_mode__feasibility_gated__seed45,507904.0,38.33000183105469,
c,2a_reward_mode__feasibility_gated__seed45,516096.0,36.619998931884766,
c,2a_reward_mode__feasibility_gated__seed45,524288.0,39.02999877929688,
c,2a_reward_mode__feasibility_gated__seed45,532480.0,38.11000061035156,
c,2a_reward_mode__feasibility_gated__seed45,544768.0,37.52499961853027,
c,2a_reward_mode__feasibility_gated__seed45,557056.0,37.79999923706055,
c,2a_reward_mode__feasibility_gated__seed45,565248.0,38.36000061035156,
c,2a_reward_mode__feasibility_gated__seed45,573440.0,38.29999923706055,
c,2a_reward_mode__feasibility_gated__seed45,585728.0,38.130001068115234,
c,2a_reward_mode__feasibility_gated__seed45,598016.0,37.560001373291016,
c,2a_reward_mode__feasibility_gated__seed45,606208.0,38.06999969482422,
c,2a_reward_mode__feasibility_gated__seed45,614400.0,38.47999954223633,
c,2a_reward_mode__feasibility_gated__seed45,622592.0,38.38999938964844,
c,2a_reward_mode__feasibility_gated__seed45,634880.0,38.98500061035156,
c,2a_reward_mode__feasibility_gated__seed45,647168.0,38.400001525878906,
c,2a_reward_mode__feasibility_gated__seed45,655360.0,38.33000183105469,
c,2a_reward_mode__feasibility_gated__seed45,663552.0,38.56999969482422,
c,2a_reward_mode__feasibility_gated__seed45,675840.0,38.90999984741211,
c,2a_reward_mode__feasibility_gated__seed45,688128.0,38.2400016784668,
c,2a_reward_mode__feasibility_gated__seed45,696320.0,37.970001220703125,
c,2a_reward_mode__feasibility_gated__seed45,704512.0,37.02000045776367,
c,2a_reward_mode__feasibility_gated__seed45,712704.0,36.63999938964844,
c,2a_reward_mode__feasibility_gated__seed45,724992.0,38.30499839782715,
c,2a_reward_mode__feasibility_gated__seed45,737280.0,37.380001068115234,
c,2a_reward_mode__feasibility_gated__seed45,745472.0,38.54999923706055,
c,2a_reward_mode__feasibility_gated__seed45,753664.0,38.720001220703125,
c,2a_reward_mode__feasibility_gated__seed45,761856.0,38.650001525878906,
c,2a_reward_mode__feasibility_gated__seed45,774144.0,37.290000915527344,
c,2a_reward_mode__feasibility_gated__seed45,786432.0,38.4900016784668,
c,2a_reward_mode__feasibility_gated__seed45,794624.0,37.52999877929688,
c,2a_reward_mode__feasibility_gated__seed45,802816.0,37.34999847412109,
c,2a_reward_mode__feasibility_gated__seed45,815104.0,38.68000030517578,
c,2a_reward_mode__feasibility_gated__seed45,827392.0,38.209999084472656,
c,2a_reward_mode__feasibility_gated__seed45,835584.0,37.18999862670898,
c,2a_reward_mode__feasibility_gated__seed45,843776.0,38.15999984741211,
c,2a_reward_mode__feasibility_gated__seed45,851968.0,38.810001373291016,
c,2a_reward_mode__feasibility_gated__seed45,864256.0,38.65999984741211,
c,2a_reward_mode__feasibility_gated__seed45,876544.0,38.38999938964844,
c,2a_reward_mode__feasibility_gated__seed45,884736.0,39.369998931884766,
c,2a_reward_mode__feasibility_gated__seed45,892928.0,38.33000183105469,
c,2a_reward_mode__feasibility_gated__seed45,905216.0,39.329999923706055,
c,2a_reward_mode__feasibility_gated__seed45,917504.0,38.40999984741211,
c,2a_reward_mode__feasibility_gated__seed45,925696.0,38.81999969482422,
c,2a_reward_mode__feasibility_gated__seed45,933888.0,37.34000015258789,
c,2a_reward_mode__feasibility_gated__seed45,942080.0,38.2599983215332,
c,2a_reward_mode__feasibility_gated__seed45,954368.0,38.02499961853027,
c,2a_reward_mode__feasibility_gated__seed45,966656.0,37.93999862670898,
c,2a_reward_mode__feasibility_gated__seed45,974848.0,36.720001220703125,
c,2a_reward_mode__feasibility_gated__seed45,983040.0,38.09000015258789,
c,2a_reward_mode__feasibility_gated__seed45,995328.0,36.73999977111816,
c,2a_reward_mode__feasibility_gated__seed45,1007616.0,38.08000183105469,
c,2a_reward_mode__feasibility_gated__seed46,8192.0,39.58000183105469,
c,2a_reward_mode__feasibility_gated__seed46,16384.0,39.58000183105469,
c,2a_reward_mode__feasibility_gated__seed46,24576.0,38.83000183105469,
c,2a_reward_mode__feasibility_gated__seed46,32768.0,38.869998931884766,
c,2a_reward_mode__feasibility_gated__seed46,45056.0,38.71999931335449,
c,2a_reward_mode__feasibility_gated__seed46,57344.0,39.33000183105469,
c,2a_reward_mode__feasibility_gated__seed46,65536.0,37.540000915527344,
c,2a_reward_mode__feasibility_gated__seed46,73728.0,38.08000183105469,
c,2a_reward_mode__feasibility_gated__seed46,81920.0,37.65999984741211,
c,2a_reward_mode__feasibility_gated__seed46,94208.0,38.48500061035156,
c,2a_reward_mode__feasibility_gated__seed46,106496.0,38.75,
c,2a_reward_mode__feasibility_gated__seed46,114688.0,38.310001373291016,
c,2a_reward_mode__feasibility_gated__seed46,122880.0,39.34999847412109,
c,2a_reward_mode__feasibility_gated__seed46,135168.0,38.545000076293945,
c,2a_reward_mode__feasibility_gated__seed46,147456.0,38.84000015258789,
c,2a_reward_mode__feasibility_gated__seed46,155648.0,37.720001220703125,
c,2a_reward_mode__feasibility_gated__seed46,163840.0,38.47999954223633,
c,2a_reward_mode__feasibility_gated__seed46,172032.0,40.0,
c,2a_reward_mode__feasibility_gated__seed46,184320.0,38.579999923706055,
c,2a_reward_mode__feasibility_gated__seed46,196608.0,38.25,
c,2a_reward_mode__feasibility_gated__seed46,204800.0,37.75,
c,2a_reward_mode__feasibility_gated__seed46,212992.0,38.52999877929688,
c,2a_reward_mode__feasibility_gated__seed46,225280.0,38.51000022888184,
c,2a_reward_mode__feasibility_gated__seed46,237568.0,39.220001220703125,
c,2a_reward_mode__feasibility_gated__seed46,245760.0,39.560001373291016,
c,2a_reward_mode__feasibility_gated__seed46,253952.0,38.68999862670898,
c,2a_reward_mode__feasibility_gated__seed46,262144.0,38.130001068115234,
c,2a_reward_mode__feasibility_gated__seed46,274432.0,38.22999954223633,
c,2a_reward_mode__feasibility_gated__seed46,286720.0,39.369998931884766,
c,2a_reward_mode__feasibility_gated__seed46,294912.0,38.630001068115234,
c,2a_reward_mode__feasibility_gated__seed46,303104.0,39.34000015258789,
c,2a_reward_mode__feasibility_gated__seed46,315392.0,37.96000099182129,
c,2a_reward_mode__feasibility_gated__seed46,327680.0,38.45000076293945,
c,2a_reward_mode__feasibility_gated__seed46,335872.0,37.86000061035156,
c,2a_reward_mode__feasibility_gated__seed46,344064.0,38.13999938964844,
c,2a_reward_mode__feasibility_gated__seed46,352256.0,38.560001373291016,
c,2a_reward_mode__feasibility_gated__seed46,364544.0,38.46999931335449,
c,2a_reward_mode__feasibility_gated__seed46,376832.0,38.959999084472656,
c,2a_reward_mode__feasibility_gated__seed46,385024.0,38.0099983215332,
c,2a_reward_mode__feasibility_gated__seed46,393216.0,38.709999084472656,
c,2a_reward_mode__feasibility_gated__seed46,405504.0,39.06999969482422,
c,2a_reward_mode__feasibility_gated__seed46,417792.0,39.540000915527344,
c,2a_reward_mode__feasibility_gated__seed46,425984.0,39.18999862670898,
c,2a_reward_mode__feasibility_gated__seed46,434176.0,39.290000915527344,
c,2a_reward_mode__feasibility_gated__seed46,442368.0,38.650001525878906,
c,2a_reward_mode__feasibility_gated__seed46,454656.0,39.130001068115234,
c,2a_reward_mode__feasibility_gated__seed46,466944.0,38.22999954223633,
c,2a_reward_mode__feasibility_gated__seed46,475136.0,39.22999954223633,
c,2a_reward_mode__feasibility_gated__seed46,483328.0,38.66999816894531,
c,2a_reward_mode__feasibility_gated__seed46,495616.0,37.775001525878906,
c,2a_reward_mode__feasibility_gated__seed46,507904.0,38.470001220703125,
c,2a_reward_mode__feasibility_gated__seed46,516096.0,38.13999938964844,
c,2a_reward_mode__feasibility_gated__seed46,524288.0,39.59000015258789,
c,2a_reward_mode__feasibility_gated__seed46,532480.0,37.34000015258789,
c,2a_reward_mode__feasibility_gated__seed46,544768.0,38.41000175476074,
c,2a_reward_mode__feasibility_gated__seed46,557056.0,39.59999847412109,
c,2a_reward_mode__feasibility_gated__seed46,565248.0,37.97999954223633,
c,2a_reward_mode__feasibility_gated__seed46,573440.0,38.93000030517578,
c,2a_reward_mode__feasibility_gated__seed46,585728.0,38.44499969482422,
c,2a_reward_mode__feasibility_gated__seed46,598016.0,38.41999816894531,
c,2a_reward_mode__feasibility_gated__seed46,606208.0,38.0,
c,2a_reward_mode__feasibility_gated__seed46,614400.0,39.709999084472656,
c,2a_reward_mode__feasibility_gated__seed46,622592.0,38.90999984741211,
c,2a_reward_mode__feasibility_gated__seed46,634880.0,38.1349983215332,
c,2a_reward_mode__feasibility_gated__seed46,647168.0,38.93999862670898,
c,2a_reward_mode__feasibility_gated__seed46,655360.0,39.02000045776367,
c,2a_reward_mode__feasibility_gated__seed46,663552.0,38.52000045776367,
c,2a_reward_mode__feasibility_gated__seed46,675840.0,38.18000030517578,
c,2a_reward_mode__feasibility_gated__seed46,688128.0,39.06999969482422,
c,2a_reward_mode__feasibility_gated__seed46,696320.0,38.84999847412109,
c,2a_reward_mode__feasibility_gated__seed46,704512.0,38.290000915527344,
c,2a_reward_mode__feasibility_gated__seed46,712704.0,38.56999969482422,
c,2a_reward_mode__feasibility_gated__seed46,724992.0,38.34000015258789,
c,2a_reward_mode__feasibility_gated__seed46,737280.0,38.72999954223633,
c,2a_reward_mode__feasibility_gated__seed46,745472.0,38.97999954223633,
c,2a_reward_mode__feasibility_gated__seed46,753664.0,37.400001525878906,
c,2a_reward_mode__feasibility_gated__seed46,761856.0,38.470001220703125,
c,2a_reward_mode__feasibility_gated__seed46,774144.0,39.06500053405762,
c,2a_reward_mode__feasibility_gated__seed46,786432.0,38.86000061035156,
c,2a_reward_mode__feasibility_gated__seed46,794624.0,38.5,
c,2a_reward_mode__feasibility_gated__seed46,802816.0,37.2599983215332,
c,2a_reward_mode__feasibility_gated__seed46,815104.0,38.36499977111816,
c,2a_reward_mode__feasibility_gated__seed46,827392.0,38.68000030517578,
c,2a_reward_mode__feasibility_gated__seed46,835584.0,38.709999084472656,
c,2a_reward_mode__feasibility_gated__seed46,843776.0,38.34999847412109,
c,2a_reward_mode__feasibility_gated__seed46,851968.0,38.61000061035156,
c,2a_reward_mode__feasibility_gated__seed46,864256.0,38.65999984741211,
c,2a_reward_mode__feasibility_gated__seed46,876544.0,37.5,
c,2a_reward_mode__feasibility_gated__seed46,884736.0,39.2400016784668,
c,2a_reward_mode__feasibility_gated__seed46,892928.0,38.34000015258789,
c,2a_reward_mode__feasibility_gated__seed46,905216.0,38.78000068664551,
c,2a_reward_mode__feasibility_gated__seed46,917504.0,39.66999816894531,
c,2a_reward_mode__feasibility_gated__seed46,925696.0,38.9900016784668,
c,2a_reward_mode__feasibility_gated__seed46,933888.0,38.31999969482422,
c,2a_reward_mode__feasibility_gated__seed46,942080.0,38.97999954223633,
c,2a_reward_mode__feasibility_gated__seed46,954368.0,38.98500061035156,
c,2a_reward_mode__feasibility_gated__seed46,966656.0,39.310001373291016,
c,2a_reward_mode__feasibility_gated__seed46,974848.0,38.9900016784668,
c,2a_reward_mode__feasibility_gated__seed46,983040.0,39.220001220703125,
c,2a_reward_mode__feasibility_gated__seed46,995328.0,39.435001373291016,
c,2a_reward_mode__feasibility_gated__seed46,1007616.0,39.470001220703125,
c,2b_algorithm__sac__seed42,5052.0,39.44188726515997,
c,2b_algorithm__sac__seed42,15003.0,39.568412599109465,
c,2b_algorithm__sac__seed42,24977.0,38.66599977933444,
c,2b_algorithm__sac__seed42,35018.0,39.25872990441701,
c,2b_algorithm__sac__seed42,44974.0,39.40781259536743,
c,2b_algorithm__sac__seed42,55007.0,39.513650984991166,
c,2b_algorithm__sac__seed42,65038.0,39.88746092054579,
c,2b_algorithm__sac__seed42,75026.0,39.58968220059834,
c,2b_algorithm__sac__seed42,85055.0,39.68888879200769,
c,2b_algorithm__sac__seed42,94985.0,39.05703049898148,
c,2b_algorithm__sac__seed42,104971.0,39.85806477454401,
c,2b_algorithm__sac__seed42,114923.0,39.68015943254744,
c,2b_algorithm__sac__seed42,124943.0,39.88333414471339,
c,2b_algorithm__sac__seed42,135009.0,39.898730202326696,
c,2b_algorithm__sac__seed42,145027.0,39.62603196643648,
c,2b_algorithm__sac__seed42,155014.0,39.37953144311905,
c,2b_algorithm__sac__seed42,165000.0,39.60838730104508,
c,2b_algorithm__sac__seed42,174939.0,39.8503180609809,
c,2b_algorithm__sac__seed42,185005.0,39.48671853542328,
c,2b_algorithm__sac__seed42,195056.0,39.66587278578017,
c,2b_algorithm__sac__seed42,205050.0,39.65920705643912,
c,2b_algorithm__sac__seed42,214993.0,39.45793630206396,
c,2b_algorithm__sac__seed42,224981.0,38.55938444871169,
c,2b_algorithm__sac__seed42,235039.0,38.400151166048914,
c,2b_algorithm__sac__seed42,245083.0,36.79550723753114,
c,2b_algorithm__sac__seed42,255193.0,36.09057987600133,
c,2b_algorithm__sac__seed42,264912.0,34.508309968760315,
c,2b_algorithm__sac__seed42,275142.0,33.06712477207184,
c,2b_algorithm__sac__seed42,285298.0,24.379622585368605,
c,2b_algorithm__sac__seed42,295106.0,16.838627422557156,
c,2b_algorithm__sac__seed42,304910.0,15.796217955075775,
c,2b_algorithm__sac__seed42,315301.0,14.865465125372245,
c,2b_algorithm__sac__seed42,324954.0,12.34830845885016,
c,2b_algorithm__sac__seed42,335066.0,10.969482771281536,
c,2b_algorithm__sac__seed42,345038.0,9.791367191821337,
c,2b_algorithm__sac__seed42,355105.0,9.73696497163884,
c,2b_algorithm__sac__seed42,364924.0,8.705824596003483,
c,2b_algorithm__sac__seed42,375053.0,8.977508925034059,
c,2b_algorithm__sac__seed42,384888.0,9.17324727223808,
c,2b_algorithm__sac__seed42,394869.0,9.513698088448002,
c,2b_algorithm__sac__seed42,404889.0,9.944136552542568,
c,2b_algorithm__sac__seed42,415078.0,9.697915058798772,
c,2b_algorithm__sac__seed42,424985.0,9.193589738000444,
c,2b_algorithm__sac__seed42,434996.0,8.777915211532648,
c,2b_algorithm__sac__seed42,444929.0,8.560000008324167,
c,2b_algorithm__sac__seed42,454984.0,8.151258070238175,
c,2b_algorithm__sac__seed42,465068.0,8.176339844473047,
c,2b_algorithm__sac__seed42,475084.0,8.321262473679857,
c,2b_algorithm__sac__seed42,484918.0,8.03983714603834,
c,2b_algorithm__sac__seed42,495006.0,7.877360216579082,
c,2b_algorithm__sac__seed42,505035.0,7.953482422204063,
c,2b_algorithm__sac__seed42,515051.0,8.265082496227604,
c,2b_algorithm__sac__seed42,524835.0,7.873343843766944,
c,2b_algorithm__sac__seed42,534926.0,7.989333337450784,
c,2b_algorithm__sac__seed42,544766.0,7.8120253297347055,
c,2b_algorithm__sac__seed42,554863.0,8.536520263633212,
c,2b_algorithm__sac__seed42,565039.0,8.068576072026225,
c,2b_algorithm__sac__seed42,574909.0,7.81510971033461,
c,2b_algorithm__sac__seed42,585155.0,8.010608977232224,
c,2b_algorithm__sac__seed42,594880.0,7.691039754710066,
c,2b_algorithm__sac__seed42,604963.0,8.29846666653951,
c,2b_algorithm__sac__seed42,614956.0,7.801132088187356,
c,2b_algorithm__sac__seed42,624899.0,7.829597538100677,
c,2b_algorithm__sac__seed42,635041.0,7.8001250073313715,
c,2b_algorithm__sac__seed42,644952.0,7.948115018229134,
c,2b_algorithm__sac__seed42,654967.0,7.37417646295884,
c,2b_algorithm__sac__seed42,665058.0,7.802687485516071,
c,2b_algorithm__sac__seed42,675019.0,7.651834861218747,
c,2b_algorithm__sac__seed42,685031.0,7.804828663109991,
c,2b_algorithm__sac__seed42,695010.0,7.77252335711803,
c,2b_algorithm__sac__seed42,705013.0,7.8302499756217,
c,2b_algorithm__sac__seed42,714948.0,7.720709886079953,
c,2b_algorithm__sac__seed42,725055.0,7.8260883277146975,
c,2b_algorithm__sac__seed42,734919.0,7.976592344842898,
c,2b_algorithm__sac__seed42,745037.0,7.834625013172626,
c,2b_algorithm__sac__seed42,755014.0,7.952563276773767,
c,2b_algorithm__sac__seed42,764897.0,7.779252350887406,
c,2b_algorithm__sac__seed42,775108.0,7.794062507152557,
c,2b_algorithm__sac__seed42,784911.0,7.776947049708381,
c,2b_algorithm__sac__seed42,795043.0,7.5161561564998225,
c,2b_algorithm__sac__seed42,804984.0,7.67292308660654,
c,2b_algorithm__sac__seed42,814943.0,7.897563283956503,
c,2b_algorithm__sac__seed42,824954.0,8.035466246282938,
c,2b_algorithm__sac__seed42,834923.0,8.195276855257513,
c,2b_algorithm__sac__seed42,845035.0,7.555873491677893,
c,2b_algorithm__sac__seed42,854867.0,7.5395454377839055,
c,2b_algorithm__sac__seed42,865041.0,7.63896024773974,
c,2b_algorithm__sac__seed42,874924.0,8.181875017128492,
c,2b_algorithm__sac__seed42,884949.0,8.166895420722712,
c,2b_algorithm__sac__seed42,895141.0,8.17269480228424,
c,2b_algorithm__sac__seed42,905025.0,7.859717868338558,
c,2b_algorithm__sac__seed42,914959.0,7.763738330650924,
c,2b_algorithm__sac__seed42,924993.0,8.19121313876793,
c,2b_algorithm__sac__seed42,935038.0,8.174052293004554,
c,2b_algorithm__sac__seed42,944986.0,7.82077879772008,
c,2b_algorithm__sac__seed42,955001.0,8.525551682505114,
c,2b_algorithm__sac__seed42,964965.0,8.330100003878275,
c,2b_algorithm__sac__seed42,975081.0,8.151941739239739,
c,2b_algorithm__sac__seed42,984886.0,7.961821060972854,
c,2b_algorithm__sac__seed42,995048.0,7.513982040439537,
c,2b_algorithm__sac__seed43,5108.0,39.2674041390419,
c,2b_algorithm__sac__seed43,15055.0,39.43285745287698,
c,2b_algorithm__sac__seed43,24975.0,38.52230735191932,
c,2b_algorithm__sac__seed43,34962.0,38.22307709913987,
c,2b_algorithm__sac__seed43,44936.0,39.336666349380735,
c,2b_algorithm__sac__seed43,54940.0,39.73142853994218,
c,2b_algorithm__sac__seed43,64997.0,39.45296883583069,
c,2b_algorithm__sac__seed43,74995.0,39.49222171117389,
c,2b_algorithm__sac__seed43,84976.0,39.70396835084946,
c,2b_algorithm__sac__seed43,95037.0,39.8963497706822,
c,2b_algorithm__sac__seed43,105011.0,39.93112816349153,
c,2b_algorithm__sac__seed43,114969.0,39.82618967692057,
c,2b_algorithm__sac__seed43,125034.0,39.91999986436632,
c,2b_algorithm__sac__seed43,135039.0,39.68031716725183,
c,2b_algorithm__sac__seed43,144983.0,39.76903195534983,
c,2b_algorithm__sac__seed43,154931.0,39.82809581453838,
c,2b_algorithm__sac__seed43,164965.0,39.80079420786056,
c,2b_algorithm__sac__seed43,174943.0,39.23000019788742,
c,2b_algorithm__sac__seed43,184962.0,39.48015891181098,
c,2b_algorithm__sac__seed43,195052.0,39.07599892249474,
c,2b_algorithm__sac__seed43,205088.0,35.597746674443634,
c,2b_algorithm__sac__seed43,215029.0,35.697857066563195,
c,2b_algorithm__sac__seed43,225047.0,33.3836844845822,
c,2b_algorithm__sac__seed43,234947.0,30.680609703063965,
c,2b_algorithm__sac__seed43,245042.0,27.05210525111148,
c,2b_algorithm__sac__seed43,255316.0,23.695185237460667,
c,2b_algorithm__sac__seed43,265395.0,15.51419162750244,
c,2b_algorithm__sac__seed43,275100.0,11.06890829161265,
c,2b_algorithm__sac__seed43,284954.0,10.73476397633041,
c,2b_algorithm__sac__seed43,294919.0,11.42582567022481,
c,2b_algorithm__sac__seed43,305115.0,10.493666656812032,
c,2b_algorithm__sac__seed43,314962.0,10.189020405983438,
c,2b_algorithm__sac__seed43,324921.0,11.116607133831296,
c,2b_algorithm__sac__seed43,334839.0,13.783611133363513,
c,2b_algorithm__sac__seed43,345308.0,11.474155256192978,
c,2b_algorithm__sac__seed43,355079.0,11.74228973032158,
c,2b_algorithm__sac__seed43,365008.0,12.305223873005575,
c,2b_algorithm__sac__seed43,375021.0,11.780328652108778,
c,2b_algorithm__sac__seed43,384837.0,12.500659894217089,
c,2b_algorithm__sac__seed43,395056.0,12.38700981233634,
c,2b_algorithm__sac__seed43,404953.0,12.414000000953674,
c,2b_algorithm__sac__seed43,415062.0,13.557119561278302,
c,2b_algorithm__sac__seed43,425045.0,12.400640403108644,
c,2b_algorithm__sac__seed43,434912.0,12.612690354361751,
c,2b_algorithm__sac__seed43,445005.0,13.814972345341635,
c,2b_algorithm__sac__seed43,454998.0,14.854166649636769,
c,2b_algorithm__sac__seed43,464941.0,14.739529441384708,
c,2b_algorithm__sac__seed43,475039.0,15.210061342438308,
c,2b_algorithm__sac__seed43,484960.0,14.478843937030415,
c,2b_algorithm__sac__seed43,494880.0,15.994193501626292,
c,2b_algorithm__sac__seed43,505039.0,17.031486479011743,
c,2b_algorithm__sac__seed43,515064.0,18.08528995513916,
c,2b_algorithm__sac__seed43,524962.0,16.107272785979433,
c,2b_algorithm__sac__seed43,534999.0,17.318125009536743,
c,2b_algorithm__sac__seed43,544967.0,17.681285640171595,
c,2b_algorithm__sac__seed43,555004.0,16.219935930692234,
c,2b_algorithm__sac__seed43,564902.0,16.54226671854655,
c,2b_algorithm__sac__seed43,575041.0,16.117961804578258,
c,2b_algorithm__sac__seed43,584976.0,15.484596228747634,
c,2b_algorithm__sac__seed43,595084.0,16.58421055894149,
c,2b_algorithm__sac__seed43,604957.0,15.779620279239705,
c,2b_algorithm__sac__seed43,615090.0,15.079221554145128,
c,2b_algorithm__sac__seed43,624963.0,14.542982458371169,
c,2b_algorithm__sac__seed43,634956.0,15.8800637190509,
c,2b_algorithm__sac__seed43,644940.0,15.844303843341295,
c,2b_algorithm__sac__seed43,654858.0,15.209146330996257,
c,2b_algorithm__sac__seed43,665144.0,16.26733770618191,
c,2b_algorithm__sac__seed43,674994.0,15.489813650616949,
c,2b_algorithm__sac__seed43,685020.0,14.437011488552752,
c,2b_algorithm__sac__seed43,694928.0,14.555348856504573,
c,2b_algorithm__sac__seed43,704983.0,14.8808928444272,
c,2b_algorithm__sac__seed43,714900.0,14.732619041488284,
c,2b_algorithm__sac__seed43,724934.0,16.503486877993534,
c,2b_algorithm__sac__seed43,735022.0,16.437894714506047,
c,2b_algorithm__sac__seed43,745013.0,16.74315434014237,
c,2b_algorithm__sac__seed43,754949.0,17.056137880785712,
c,2b_algorithm__sac__seed43,764990.0,18.70210525684787,
c,2b_algorithm__sac__seed43,775064.0,17.375273926617346,
c,2b_algorithm__sac__seed43,785025.0,17.116780816692195,
c,2b_algorithm__sac__seed43,794964.0,16.40798704964774,
c,2b_algorithm__sac__seed43,805064.0,15.284756096397958,
c,2b_algorithm__sac__seed43,815008.0,15.636981070416528,
c,2b_algorithm__sac__seed43,824957.0,16.271045715980282,
c,2b_algorithm__sac__seed43,834992.0,16.25844159683624,
c,2b_algorithm__sac__seed43,845119.0,16.585197417359602,
c,2b_algorithm__sac__seed43,854980.0,16.63108109783482,
c,2b_algorithm__sac__seed43,865039.0,17.422291696071625,
c,2b_algorithm__sac__seed43,875029.0,16.671324527816267,
c,2b_algorithm__sac__seed43,884936.0,16.210592044027226,
c,2b_algorithm__sac__seed43,894876.0,17.56709224619764,
c,2b_algorithm__sac__seed43,904919.0,17.888439665449425,
c,2b_algorithm__sac__seed43,915054.0,17.29310344827586,
c,2b_algorithm__sac__seed43,924954.0,16.468562063828013,
c,2b_algorithm__sac__seed43,935068.0,17.1775172792632,
c,2b_algorithm__sac__seed43,945092.0,16.778993292942943,
c,2b_algorithm__sac__seed43,954944.0,16.638266690572102,
c,2b_algorithm__sac__seed43,964963.0,17.876086939936098,
c,2b_algorithm__sac__seed43,974990.0,18.856090258834957,
c,2b_algorithm__sac__seed43,985132.0,18.734666697184245,
c,2b_algorithm__sac__seed43,995010.0,17.805971269127276,
c,2b_algorithm__sac__seed44,5035.0,39.40337541368272,
c,2b_algorithm__sac__seed44,14970.0,39.34460297841874,
c,2b_algorithm__sac__seed44,24955.0,38.75107668363131,
c,2b_algorithm__sac__seed44,34988.0,39.47412714882503,
c,2b_algorithm__sac__seed44,45025.0,39.467500030994415,
c,2b_algorithm__sac__seed44,55010.0,39.39142875065879,
c,2b_algorithm__sac__seed44,64992.0,39.57349214099703,
c,2b_algorithm__sac__seed44,74960.0,39.69968311370365,
c,2b_algorithm__sac__seed44,85014.0,39.879523807101776,
c,2b_algorithm__sac__seed44,95005.0,39.62111106751457,
c,2b_algorithm__sac__seed44,105052.0,39.20906323194504,
c,2b_algorithm__sac__seed44,115059.0,39.59444427490234,
c,2b_algorithm__sac__seed44,124935.0,39.27714320591518,
c,2b_algorithm__sac__seed44,134895.0,37.3286766725428,
c,2b_algorithm__sac__seed44,145060.0,37.133088280172906,
c,2b_algorithm__sac__seed44,155059.0,35.88342868259975,
c,2b_algorithm__sac__seed44,164892.0,35.92028968921606,
c,2b_algorithm__sac__seed44,175223.0,34.34373321533203,
c,2b_algorithm__sac__seed44,185412.0,25.14676190330869,
c,2b_algorithm__sac__seed44,195237.0,18.89933336046007,
c,2b_algorithm__sac__seed44,204975.0,14.58335261813478,
c,2b_algorithm__sac__seed44,215142.0,11.413891382346865,
c,2b_algorithm__sac__seed44,225067.0,11.156858406235688,
c,2b_algorithm__sac__seed44,235110.0,8.647876715006893,
c,2b_algorithm__sac__seed44,245071.0,8.461486481331491,
c,2b_algorithm__sac__seed44,254967.0,7.988754011952458,
c,2b_algorithm__sac__seed44,264870.0,9.19365673456619,
c,2b_algorithm__sac__seed44,274859.0,10.097439029352453,
c,2b_algorithm__sac__seed44,285007.0,10.733940666004765,
c,2b_algorithm__sac__seed44,295018.0,8.82359154291556,
c,2b_algorithm__sac__seed44,305097.0,9.11448529012063,
c,2b_algorithm__sac__seed44,314956.0,9.191831504905617,
c,2b_algorithm__sac__seed44,325072.0,8.78672536158226,
c,2b_algorithm__sac__seed44,335031.0,8.816830996056678,
c,2b_algorithm__sac__seed44,344769.0,9.047761720870806,
c,2b_algorithm__sac__seed44,355002.0,9.178248165297685,
c,2b_algorithm__sac__seed44,364938.0,9.060656940850029,
c,2b_algorithm__sac__seed44,374992.0,10.234385255907403,
c,2b_algorithm__sac__seed44,384858.0,9.71779070344082,
c,2b_algorithm__sac__seed44,395142.0,9.96039841184578,
c,2b_algorithm__sac__seed44,404929.0,9.577923103479238,
c,2b_algorithm__sac__seed44,414983.0,9.725193781446118,
c,2b_algorithm__sac__seed44,424994.0,9.285962964870311,
c,2b_algorithm__sac__seed44,435121.0,8.92339287655694,
c,2b_algorithm__sac__seed44,444976.0,9.314029891099503,
c,2b_algorithm__sac__seed44,455040.0,8.390167196458798,
c,2b_algorithm__sac__seed44,464816.0,8.234817306860737,
c,2b_algorithm__sac__seed44,475091.0,8.344191398557657,
c,2b_algorithm__sac__seed44,484892.0,8.024822000546749,
c,2b_algorithm__sac__seed44,494995.0,8.425436247115167,
c,2b_algorithm__sac__seed44,504998.0,8.11061289541183,
c,2b_algorithm__sac__seed44,514926.0,7.796257866253643,
c,2b_algorithm__sac__seed44,524933.0,7.718523084200346,
c,2b_algorithm__sac__seed44,534979.0,7.829156240820884,
c,2b_algorithm__sac__seed44,544991.0,8.056699033693974,
c,2b_algorithm__sac__seed44,554994.0,7.737469143337673,
c,2b_algorithm__sac__seed44,564839.0,7.538283125463739,
c,2b_algorithm__sac__seed44,574917.0,7.607021253522044,
c,2b_algorithm__sac__seed44,585005.0,8.14872550341039,
c,2b_algorithm__sac__seed44,594960.0,7.843562494218349,
c,2b_algorithm__sac__seed44,604946.0,7.719197510201254,
c,2b_algorithm__sac__seed44,615100.0,7.722553837115948,
c,2b_algorithm__sac__seed44,624970.0,7.670465845498979,
c,2b_algorithm__sac__seed44,634908.0,7.813582549585361,
c,2b_algorithm__sac__seed44,645024.0,7.99197450868643,
c,2b_algorithm__sac__seed44,654936.0,8.33066667397817,
c,2b_algorithm__sac__seed44,665097.0,7.942689871486229,
c,2b_algorithm__sac__seed44,675129.0,7.608814593144101,
c,2b_algorithm__sac__seed44,685000.0,7.306823521501878,
c,2b_algorithm__sac__seed44,694886.0,7.774339606926876,
c,2b_algorithm__sac__seed44,704958.0,7.807446136474609,
c,2b_algorithm__sac__seed44,715053.0,8.027012968992258,
c,2b_algorithm__sac__seed44,724987.0,8.05431309447121,
c,2b_algorithm__sac__seed44,734877.0,7.444954963775727,
c,2b_algorithm__sac__seed44,745096.0,7.695896666100684,
c,2b_algorithm__sac__seed44,754920.0,7.4660360405037,
c,2b_algorithm__sac__seed44,765124.0,7.95082278945778,
c,2b_algorithm__sac__seed44,775006.0,7.385887570635101,
c,2b_algorithm__sac__seed44,784945.0,7.367810642930883,
c,2b_algorithm__sac__seed44,794996.0,8.008044867943495,
c,2b_algorithm__sac__seed44,804990.0,7.903587306491913,
c,2b_algorithm__sac__seed44,814976.0,7.785895066496766,
c,2b_algorithm__sac__seed44,824984.0,8.03493549131578,
c,2b_algorithm__sac__seed44,835123.0,7.788509331874966,
c,2b_algorithm__sac__seed44,844934.0,7.364319537518292,
c,2b_algorithm__sac__seed44,854938.0,7.604601235477471,
c,2b_algorithm__sac__seed44,864875.0,7.94360760042939,
c,2b_algorithm__sac__seed44,875049.0,8.08229032947171,
c,2b_algorithm__sac__seed44,885011.0,8.507525406853627,
c,2b_algorithm__sac__seed44,894853.0,8.695174852451244,
c,2b_algorithm__sac__seed44,904943.0,9.63795366986838,
c,2b_algorithm__sac__seed44,914991.0,9.586525062796692,
c,2b_algorithm__sac__seed44,924987.0,8.981530240422043,
c,2b_algorithm__sac__seed44,934907.0,9.502471474187002,
c,2b_algorithm__sac__seed44,944948.0,9.347245263153653,
c,2b_algorithm__sac__seed44,955059.0,9.95521911301936,
c,2b_algorithm__sac__seed44,965006.0,10.456386598218389,
c,2b_algorithm__sac__seed44,975027.0,10.310489802457848,
c,2b_algorithm__sac__seed44,984809.0,9.811304333652904,
c,2b_algorithm__sac__seed44,995063.0,10.017341273171562,
c,2b_algorithm__sac__seed45,5057.0,39.55191518389989,
c,2b_algorithm__sac__seed45,14949.0,39.2987300327846,
c,2b_algorithm__sac__seed45,24986.0,39.082923008845405,
c,2b_algorithm__sac__seed45,34975.0,39.16682488577707,
c,2b_algorithm__sac__seed45,44965.0,39.689207046750994,
c,2b_algorithm__sac__seed45,55019.0,39.38187491893768,
c,2b_algorithm__sac__seed45,65046.0,39.63349175831628,
c,2b_algorithm__sac__seed45,75019.0,39.49111133151584,
c,2b_algorithm__sac__seed45,84972.0,39.20828127861023,
c,2b_algorithm__sac__seed45,94971.0,39.82193466924852,
c,2b_algorithm__sac__seed45,104976.0,39.5478121638298,
c,2b_algorithm__sac__seed45,114982.0,39.44904745192755,
c,2b_algorithm__sac__seed45,124956.0,38.81261508648212,
c,2b_algorithm__sac__seed45,135034.0,39.49126924787249,
c,2b_algorithm__sac__seed45,144976.0,39.94967725200038,
c,2b_algorithm__sac__seed45,154966.0,39.95634896414621,
c,2b_algorithm__sac__seed45,165025.0,39.80920616028801,
c,2b_algorithm__sac__seed45,174955.0,39.48841246347579,
c,2b_algorithm__sac__seed45,185026.0,39.976190839494976,
c,2b_algorithm__sac__seed45,195054.0,39.68714390103779,
c,2b_algorithm__sac__seed45,205058.0,39.14125031232834,
c,2b_algorithm__sac__seed45,215082.0,39.10187554359436,
c,2b_algorithm__sac__seed45,225153.0,38.18253753434366,
c,2b_algorithm__sac__seed45,235081.0,37.3568185748476,
c,2b_algorithm__sac__seed45,245197.0,37.28308801090016,
c,2b_algorithm__sac__seed45,254916.0,31.835128270662747,
c,2b_algorithm__sac__seed45,265305.0,31.325595288049605,
c,2b_algorithm__sac__seed45,275335.0,22.56877196462531,
c,2b_algorithm__sac__seed45,285119.0,14.248444414138794,
c,2b_algorithm__sac__seed45,295293.0,11.956261701672991,
c,2b_algorithm__sac__seed45,304980.0,10.863565225186557,
c,2b_algorithm__sac__seed45,315151.0,9.673359057157656,
c,2b_algorithm__sac__seed45,325113.0,8.973357422687517,
c,2b_algorithm__sac__seed45,335020.0,8.896761570112561,
c,2b_algorithm__sac__seed45,344936.0,9.285820896945784,
c,2b_algorithm__sac__seed45,354974.0,9.28691178560257,
c,2b_algorithm__sac__seed45,365044.0,8.766666670012892,
c,2b_algorithm__sac__seed45,375090.0,7.844874987006188,
c,2b_algorithm__sac__seed45,385006.0,8.290598004363304,
c,2b_algorithm__sac__seed45,394923.0,8.238311274951657,
c,2b_algorithm__sac__seed45,404942.0,7.960828040056167,
c,2b_algorithm__sac__seed45,415120.0,7.409912036660829,
c,2b_algorithm__sac__seed45,424923.0,7.836151423890508,
c,2b_algorithm__sac__seed45,434939.0,8.306199971834818,
c,2b_algorithm__sac__seed45,445087.0,8.10625806777708,
c,2b_algorithm__sac__seed45,455060.0,7.990000002681257,
c,2b_algorithm__sac__seed45,465043.0,7.777343755960464,
c,2b_algorithm__sac__seed45,475002.0,7.809937695476496,
c,2b_algorithm__sac__seed45,485118.0,7.691840502382056,
c,2b_algorithm__sac__seed45,494955.0,7.341887915732235,
c,2b_algorithm__sac__seed45,504932.0,7.807943941276764,
c,2b_algorithm__sac__seed45,515034.0,7.650736192984084,
c,2b_algorithm__sac__seed45,525034.0,7.506486497483812,
c,2b_algorithm__sac__seed45,535019.0,7.975463266951588,
c,2b_algorithm__sac__seed45,544442.0,8.722083351828836,
c,2b_algorithm__sac__seed45,555986.0,13.621161639088331,
c,2b_algorithm__sac__seed45,564933.0,8.743851580805154,
c,2b_algorithm__sac__seed45,574946.0,8.920777383204484,
c,2b_algorithm__sac__seed45,585001.0,9.33785715318264,
c,2b_algorithm__sac__seed45,594256.0,14.25373492757958,
c,2b_algorithm__sac__seed45,605556.0,14.41362638263912,
c,2b_algorithm__sac__seed45,614941.0,12.567091829922736,
c,2b_algorithm__sac__seed45,625106.0,12.338243907835423,
c,2b_algorithm__sac__seed45,635046.0,10.7112930930894,
c,2b_algorithm__sac__seed45,645067.0,10.350901646692243,
c,2b_algorithm__sac__seed45,655095.0,10.236829280853271,
c,2b_algorithm__sac__seed45,665120.0,10.105384641330737,
c,2b_algorithm__sac__seed45,675052.0,9.77685039625393,
c,2b_algorithm__sac__seed45,684969.0,9.780077815519697,
c,2b_algorithm__sac__seed45,695139.0,10.044497999321504,
c,2b_algorithm__sac__seed45,704922.0,10.306885234645156,
c,2b_algorithm__sac__seed45,715184.0,10.650862110072168,
c,2b_algorithm__sac__seed45,724938.0,10.685042715480185,
c,2b_algorithm__sac__seed45,734792.0,11.153167392333708,
c,2b_algorithm__sac__seed45,744953.0,12.408267313891118,
c,2b_algorithm__sac__seed45,755072.0,14.149886380542409,
c,2b_algorithm__sac__seed45,764963.0,13.442419385397306,
c,2b_algorithm__sac__seed45,774898.0,15.056060565601696,
c,2b_algorithm__sac__seed45,784997.0,15.070421678474151,
c,2b_algorithm__sac__seed45,795009.0,14.19056817076423,
c,2b_algorithm__sac__seed45,804866.0,14.343599984305246,
c,2b_algorithm__sac__seed45,814967.0,15.523000001907349,
c,2b_algorithm__sac__seed45,824913.0,15.81238999156832,
c,2b_algorithm__sac__seed45,835110.0,14.387183901907385,
c,2b_algorithm__sac__seed45,845078.0,14.515581391578497,
c,2b_algorithm__sac__seed45,854901.0,14.62870589985567,
c,2b_algorithm__sac__seed45,864941.0,14.334571396963938,
c,2b_algorithm__sac__seed45,874982.0,16.912671239408727,
c,2b_algorithm__sac__seed45,884846.0,17.700357123783657,
c,2b_algorithm__sac__seed45,895000.0,19.688492002941317,
c,2b_algorithm__sac__seed45,904875.0,22.747706509511406,
c,2b_algorithm__sac__seed45,915291.0,18.33942868368966,
c,2b_algorithm__sac__seed45,924989.0,17.287986132833694,
c,2b_algorithm__sac__seed45,934997.0,18.016159458436828,
c,2b_algorithm__sac__seed45,944997.0,16.219225797345562,
c,2b_algorithm__sac__seed45,954993.0,16.56875012422863,
c,2b_algorithm__sac__seed45,965110.0,15.94721521908724,
c,2b_algorithm__sac__seed45,974791.0,15.643375834082342,
c,2b_algorithm__sac__seed45,985005.0,18.983435012002023,
c,2b_algorithm__sac__seed45,994887.0,16.422418332567403,
c,2b_algorithm__sac__seed46,5071.0,39.497635493202814,
c,2b_algorithm__sac__seed46,15047.0,39.50666627429781,
c,2b_algorithm__sac__seed46,25060.0,39.4475000500679,
c,2b_algorithm__sac__seed46,35003.0,39.03904802837069,
c,2b_algorithm__sac__seed46,44935.0,39.10187488794327,
c,2b_algorithm__sac__seed46,54967.0,39.7425402081202,
c,2b_algorithm__sac__seed46,64960.0,39.650634765625,
c,2b_algorithm__sac__seed46,74977.0,39.33374947309494,
c,2b_algorithm__sac__seed46,85067.0,39.73714289589534,
c,2b_algorithm__sac__seed46,94986.0,38.90125000476837,
c,2b_algorithm__sac__seed46,104981.0,39.49793679373605,
c,2b_algorithm__sac__seed46,114960.0,39.71222329518152,
c,2b_algorithm__sac__seed46,124954.0,39.10375028848648,
c,2b_algorithm__sac__seed46,134990.0,39.68698350210038,
c,2b_algorithm__sac__seed46,144993.0,39.26265633106232,
c,2b_algorithm__sac__seed46,154992.0,39.27666618710472,
c,2b_algorithm__sac__seed46,164960.0,39.31437474489212,
c,2b_algorithm__sac__seed46,174969.0,38.7701536325308,
c,2b_algorithm__sac__seed46,185040.0,37.8100001595237,
c,2b_algorithm__sac__seed46,195149.0,36.70342854091099,
c,2b_algorithm__sac__seed46,205027.0,34.620972368452286,
c,2b_algorithm__sac__seed46,215073.0,31.96025002002716,
c,2b_algorithm__sac__seed46,225268.0,28.643820237577632,
c,2b_algorithm__sac__seed46,235319.0,24.608076865856464,
c,2b_algorithm__sac__seed46,245054.0,17.692708326710594,
c,2b_algorithm__sac__seed46,255258.0,15.1669999739703,
c,2b_algorithm__sac__seed46,265004.0,11.183587437787931,
c,2b_algorithm__sac__seed46,274969.0,9.736860441607098,
c,2b_algorithm__sac__seed46,285124.0,9.146727261976762,
c,2b_algorithm__sac__seed46,294755.0,9.013709080436014,
c,2b_algorithm__sac__seed46,305057.0,8.233856198055292,
c,2b_algorithm__sac__seed46,314861.0,8.449081617147744,
c,2b_algorithm__sac__seed46,324984.0,8.689482777694176,
c,2b_algorithm__sac__seed46,335202.0,8.070607019308657,
c,2b_algorithm__sac__seed46,344979.0,7.732712930685338,
c,2b_algorithm__sac__seed46,354903.0,8.074967724277128,
c,2b_algorithm__sac__seed46,365104.0,8.213376628888117,
c,2b_algorithm__sac__seed46,374992.0,8.11513073148291,
c,2b_algorithm__sac__seed46,385053.0,7.742646160125733,
c,2b_algorithm__sac__seed46,395151.0,7.849874983727932,
c,2b_algorithm__sac__seed46,405008.0,7.716408663120801,
c,2b_algorithm__sac__seed46,415264.0,7.362756603274527,
c,2b_algorithm__sac__seed46,425012.0,7.6480615557157074,
c,2b_algorithm__sac__seed46,435005.0,7.119715923612768,
c,2b_algorithm__sac__seed46,444990.0,7.396035507585875,
c,2b_algorithm__sac__seed46,454928.0,7.604481713074009,
c,2b_algorithm__sac__seed46,464924.0,8.001538469241215,
c,2b_algorithm__sac__seed46,475106.0,7.493772445324653,
c,2b_algorithm__sac__seed46,485069.0,7.771682244594966,
c,2b_algorithm__sac__seed46,495101.0,7.128892064094544,
c,2b_algorithm__sac__seed46,504982.0,7.551215786339664,
c,2b_algorithm__sac__seed46,515070.0,7.795124240543531,
c,2b_algorithm__sac__seed46,524998.0,7.607082069825982,
c,2b_algorithm__sac__seed46,535035.0,7.698699686918466,
c,2b_algorithm__sac__seed46,545002.0,7.25298850700773,
c,2b_algorithm__sac__seed46,554950.0,7.34730769332344,
c,2b_algorithm__sac__seed46,564962.0,7.6764831747119215,
c,2b_algorithm__sac__seed46,575146.0,7.520876128147736,
c,2b_algorithm__sac__seed46,584956.0,7.664104935563641,
c,2b_algorithm__sac__seed46,595073.0,7.552102110407374,
c,2b_algorithm__sac__seed46,604977.0,7.413224866404336,
c,2b_algorithm__sac__seed46,615052.0,7.551867463502539,
c,2b_algorithm__sac__seed46,624961.0,7.54838414744633,
c,2b_algorithm__sac__seed46,635018.0,7.738128831781492,
c,2b_algorithm__sac__seed46,644935.0,7.333196473611065,
c,2b_algorithm__sac__seed46,655055.0,7.82792452296371,
c,2b_algorithm__sac__seed46,665020.0,7.325451896767574,
c,2b_algorithm__sac__seed46,674923.0,7.830345918547432,
c,2b_algorithm__sac__seed46,684928.0,7.6822530914236,
c,2b_algorithm__sac__seed46,695073.0,7.450088750681228,
c,2b_algorithm__sac__seed46,704927.0,7.569908556414814,
c,2b_algorithm__sac__seed46,714946.0,7.209057140350342,
c,2b_algorithm__sac__seed46,725064.0,7.251836735027524,
c,2b_algorithm__sac__seed46,734951.0,7.629815368652344,
c,2b_algorithm__sac__seed46,745077.0,8.199285736331692,
c,2b_algorithm__sac__seed46,755066.0,7.657370033614132,
c,2b_algorithm__sac__seed46,765045.0,7.807084638123229,
c,2b_algorithm__sac__seed46,774824.0,8.403276479284917,
c,2b_algorithm__sac__seed46,785068.0,9.034640259022336,
c,2b_algorithm__sac__seed46,794971.0,9.03039286817823,
c,2b_algorithm__sac__seed46,804836.0,8.612369329671827,
c,2b_algorithm__sac__seed46,814818.0,10.192244901462477,
c,2b_algorithm__sac__seed46,824946.0,9.312659156456425,
c,2b_algorithm__sac__seed46,834873.0,10.457083320617675,
c,2b_algorithm__sac__seed46,844790.0,10.65396552250303,
c,2b_algorithm__sac__seed46,855166.0,9.539433948948698,
c,2b_algorithm__sac__seed46,865073.0,8.98587813770472,
c,2b_algorithm__sac__seed46,875123.0,7.997841273413764,
c,2b_algorithm__sac__seed46,884970.0,8.356644525876472,
c,2b_algorithm__sac__seed46,895030.0,8.384169505814375,
c,2b_algorithm__sac__seed46,904853.0,9.158014712964787,
c,2b_algorithm__sac__seed46,915037.0,8.443678932445104,
c,2b_algorithm__sac__seed46,925053.0,8.148762261828693,
c,2b_algorithm__sac__seed46,934952.0,8.319966748703358,
c,2b_algorithm__sac__seed46,945129.0,8.336099988619486,
c,2b_algorithm__sac__seed46,955033.0,7.748971986622083,
c,2b_algorithm__sac__seed46,964982.0,8.28303626819019,
c,2b_algorithm__sac__seed46,974914.0,7.630738463768592,
c,2b_algorithm__sac__seed46,985067.0,8.021815277208947,
c,2b_algorithm__sac__seed46,995079.0,7.987611469949127,
c,2b_algorithm__td3__seed42,5056.0,39.50238037109375,
c,2b_algorithm__td3__seed42,15029.0,38.60953826904297,
c,2b_algorithm__td3__seed42,25071.0,36.72449305437613,
c,2b_algorithm__td3__seed42,35058.0,33.44973699670089,
c,2b_algorithm__td3__seed42,44995.0,33.94095898980964,
c,2b_algorithm__td3__seed42,55137.0,31.51268282169249,
c,2b_algorithm__td3__seed42,64960.0,27.03086944248365,
c,2b_algorithm__td3__seed42,75358.0,21.303919998168944,
c,2b_algorithm__td3__seed42,85106.0,15.750187480449677,
c,2b_algorithm__td3__seed42,94834.0,14.834060622706556,
c,2b_algorithm__td3__seed42,105201.0,17.36530609520114,
c,2b_algorithm__td3__seed42,114963.0,15.049640712623823,
c,2b_algorithm__td3__seed42,125023.0,12.349509842255536,
c,2b_algorithm__td3__seed42,135047.0,12.321831698464877,
c,2b_algorithm__td3__seed42,144923.0,11.726037740707396,
c,2b_algorithm__td3__seed42,155122.0,11.614331785984303,
c,2b_algorithm__td3__seed42,165036.0,10.583601676811606,
c,2b_algorithm__td3__seed42,175039.0,12.563165803650516,
c,2b_algorithm__td3__seed42,185038.0,11.451187225237284,
c,2b_algorithm__td3__seed42,195249.0,11.870430590433369,
c,2b_algorithm__td3__seed42,204946.0,11.399086791086416,
c,2b_algorithm__td3__seed42,214665.0,12.504522615940727,
c,2b_algorithm__td3__seed42,224954.0,14.355056806044145,
c,2b_algorithm__td3__seed42,234927.0,12.339704447779162,
c,2b_algorithm__td3__seed42,244931.0,11.376199122467732,
c,2b_algorithm__td3__seed42,254726.0,12.047598006678562,
c,2b_algorithm__td3__seed42,265187.0,14.06044689903046,
c,2b_algorithm__td3__seed42,275143.0,12.169468575629637,
c,2b_algorithm__td3__seed42,285135.0,11.84038098199027,
c,2b_algorithm__td3__seed42,295109.0,12.19911764649784,
c,2b_algorithm__td3__seed42,305095.0,11.20389378387316,
c,2b_algorithm__td3__seed42,314879.0,11.611074750668534,
c,2b_algorithm__td3__seed42,325193.0,11.422045443274758,
c,2b_algorithm__td3__seed42,334883.0,10.593205109620706,
c,2b_algorithm__td3__seed42,345001.0,10.023426259181416,
c,2b_algorithm__td3__seed42,354935.0,9.558030864907048,
c,2b_algorithm__td3__seed42,364995.0,10.56276151026642,
c,2b_algorithm__td3__seed42,374861.0,9.895952402599274,
c,2b_algorithm__td3__seed42,385054.0,10.444481362940364,
c,2b_algorithm__td3__seed42,394895.0,9.52619769817976,
c,2b_algorithm__td3__seed42,405016.0,9.661627913630284,
c,2b_algorithm__td3__seed42,414894.0,9.618953479352848,
c,2b_algorithm__td3__seed42,425095.0,9.953095243090676,
c,2b_algorithm__td3__seed42,435130.0,10.828836194400129,
c,2b_algorithm__td3__seed42,445012.0,10.385000030199686,
c,2b_algorithm__td3__seed42,454893.0,18.33000001692234,
c,2b_algorithm__td3__seed42,465254.0,12.811349973678588,
c,2b_algorithm__td3__seed42,474921.0,12.914739578962326,
c,2b_algorithm__td3__seed42,485003.0,11.563944943454288,
c,2b_algorithm__td3__seed42,495250.0,10.953449778161197,
c,2b_algorithm__td3__seed42,504957.0,10.621367536039434,
c,2b_algorithm__td3__seed42,515141.0,10.42962962413521,
c,2b_algorithm__td3__seed42,525020.0,10.135204936637251,
c,2b_algorithm__td3__seed42,535017.0,10.685879821941064,
c,2b_algorithm__td3__seed42,545045.0,10.143400829330629,
c,2b_algorithm__td3__seed42,554946.0,11.22468746985708,
c,2b_algorithm__td3__seed42,564951.0,11.015066663953991,
c,2b_algorithm__td3__seed42,574995.0,10.399008266196764,
c,2b_algorithm__td3__seed42,585013.0,10.129477891577295,
c,2b_algorithm__td3__seed42,594968.0,12.689637297793372,
c,2b_algorithm__td3__seed42,604812.0,11.712606660562669,
c,2b_algorithm__td3__seed42,615306.0,13.926923123034802,
c,2b_algorithm__td3__seed42,625132.0,12.048067604286084,
c,2b_algorithm__td3__seed42,634925.0,11.920189595335469,
c,2b_algorithm__td3__seed42,644968.0,12.371940299646178,
c,2b_algorithm__td3__seed42,655010.0,12.671608043076406,
c,2b_algorithm__td3__seed42,665153.0,11.630467303445409,
c,2b_algorithm__td3__seed42,675254.0,11.73285045356394,
c,2b_algorithm__td3__seed42,685086.0,11.120222227308483,
c,2b_algorithm__td3__seed42,694931.0,10.747768234285674,
c,2b_algorithm__td3__seed42,704844.0,11.024464292185646,
c,2b_algorithm__td3__seed42,715212.0,13.803516461299017,
c,2b_algorithm__td3__seed42,725129.0,11.524633026997977,
c,2b_algorithm__td3__seed42,735093.0,10.351275730525517,
c,2b_algorithm__td3__seed42,744986.0,9.64682171695916,
c,2b_algorithm__td3__seed42,754901.0,10.042168674698797,
c,2b_algorithm__td3__seed42,764923.0,9.30895908880411,
c,2b_algorithm__td3__seed42,774570.0,11.63841347510998,
c,2b_algorithm__td3__seed42,785070.0,11.1329004362032,
c,2b_algorithm__td3__seed42,795002.0,10.491297043517044,
c,2b_algorithm__td3__seed42,804831.0,11.547558699415324,
c,2b_algorithm__td3__seed42,814967.0,13.318387067446144,
c,2b_algorithm__td3__seed42,825130.0,15.97164556648158,
c,2b_algorithm__td3__seed42,834715.0,14.232485556189037,
c,2b_algorithm__td3__seed42,844959.0,14.65485377618444,
c,2b_algorithm__td3__seed42,854936.0,13.340785341113026,
c,2b_algorithm__td3__seed42,864924.0,12.70505105232706,
c,2b_algorithm__td3__seed42,875135.0,12.879637313012632,
c,2b_algorithm__td3__seed42,884735.0,14.927073164684016,
c,2b_algorithm__td3__seed42,895009.0,17.725142792293003,
c,2b_algorithm__td3__seed42,905137.0,16.00358489174513,
c,2b_algorithm__td3__seed42,914882.0,16.299072859303052,
c,2b_algorithm__td3__seed42,925040.0,16.948666661580404,
c,2b_algorithm__td3__seed42,935052.0,14.450402314635529,
c,2b_algorithm__td3__seed42,944932.0,13.0491191340234,
c,2b_algorithm__td3__seed42,954974.0,11.96440189306816,
c,2b_algorithm__td3__seed42,965212.0,11.681105960898686,
c,2b_algorithm__td3__seed42,974846.0,13.473169394529585,
c,2b_algorithm__td3__seed42,985030.0,13.755489116129668,
c,2b_algorithm__td3__seed42,995129.0,13.764198866996976,
c,2b_algorithm__td3__seed43,5034.0,39.33961408100431,
c,2b_algorithm__td3__seed43,15028.0,38.37454564643629,
c,2b_algorithm__td3__seed43,25102.0,37.5289549756406,
c,2b_algorithm__td3__seed43,35094.0,35.43309853782117,
c,2b_algorithm__td3__seed43,44978.0,33.66359982808431,
c,2b_algorithm__td3__seed43,55338.0,26.676363665648186,
c,2b_algorithm__td3__seed43,65043.0,17.315170080483366,
c,2b_algorithm__td3__seed43,75317.0,15.485212152654476,
c,2b_algorithm__td3__seed43,85109.0,13.164338616467028,
c,2b_algorithm__td3__seed43,94885.0,13.167015674850704,
c,2b_algorithm__td3__seed43,104839.0,13.248074842646798,
c,2b_algorithm__td3__seed43,115092.0,13.526162152676967,
c,2b_algorithm__td3__seed43,125007.0,13.25336840278224,
c,2b_algorithm__td3__seed43,134995.0,12.926030920952863,
c,2b_algorithm__td3__seed43,144987.0,13.78653848040235,
c,2b_algorithm__td3__seed43,155192.0,13.54374999585359,
c,2b_algorithm__td3__seed43,165117.0,11.79252334844286,
c,2b_algorithm__td3__seed43,174815.0,12.544999969248869,
c,2b_algorithm__td3__seed43,184996.0,12.611256287924608,
c,2b_algorithm__td3__seed43,195073.0,13.07826317736977,
c,2b_algorithm__td3__seed43,205189.0,15.434382685908565,
c,2b_algorithm__td3__seed43,215101.0,13.061927075187365,
c,2b_algorithm__td3__seed43,225027.0,12.739289332162306,
c,2b_algorithm__td3__seed43,234980.0,12.283283589491203,
c,2b_algorithm__td3__seed43,245037.0,14.17737143925258,
c,2b_algorithm__td3__seed43,255202.0,14.887485409340664,
c,2b_algorithm__td3__seed43,264981.0,13.752154708567245,
c,2b_algorithm__td3__seed43,274905.0,12.83174356802916,
c,2b_algorithm__td3__seed43,285094.0,12.610450010299685,
c,2b_algorithm__td3__seed43,295051.0,12.25402913047272,
c,2b_algorithm__td3__seed43,304702.0,12.094285692487444,
c,2b_algorithm__td3__seed43,314943.0,12.017644244890947,
c,2b_algorithm__td3__seed43,325483.0,13.238393793451973,
c,2b_algorithm__td3__seed43,334787.0,10.994708510257738,
c,2b_algorithm__td3__seed43,345127.0,11.043275116833016,
c,2b_algorithm__td3__seed43,355072.0,11.10333335876465,
c,2b_algorithm__td3__seed43,365299.0,11.65120373390339,
c,2b_algorithm__td3__seed43,375231.0,12.985916227570378,
c,2b_algorithm__td3__seed43,384602.0,16.209597337966,
c,2b_algorithm__td3__seed43,395303.0,13.93869566399118,
c,2b_algorithm__td3__seed43,405086.0,13.401711198735365,
c,2b_algorithm__td3__seed43,415145.0,15.548917247990891,
c,2b_algorithm__td3__seed43,424541.0,17.452657332787147,
c,2b_algorithm__td3__seed43,435071.0,19.264418653739515,
c,2b_algorithm__td3__seed43,444950.0,18.40529853194507,
c,2b_algorithm__td3__seed43,455004.0,18.03474826263867,
c,2b_algorithm__td3__seed43,464751.0,15.64554874489947,
c,2b_algorithm__td3__seed43,474786.0,15.758717977083649,
c,2b_algorithm__td3__seed43,484989.0,15.202514962521857,
c,2b_algorithm__td3__seed43,494942.0,16.145460505234567,
c,2b_algorithm__td3__seed43,504666.0,18.641240282576213,
c,2b_algorithm__td3__seed43,515455.0,23.518760976538196,
c,2b_algorithm__td3__seed43,525042.0,15.522625023126604,
c,2b_algorithm__td3__seed43,535130.0,15.57894408184549,
c,2b_algorithm__td3__seed43,545109.0,14.041833289464314,
c,2b_algorithm__td3__seed43,554759.0,13.628135664988372,
c,2b_algorithm__td3__seed43,565536.0,18.682101422461912,
c,2b_algorithm__td3__seed43,574904.0,16.7462837631638,
c,2b_algorithm__td3__seed43,584807.0,17.139034396204455,
c,2b_algorithm__td3__seed43,594825.0,14.89112426825529,
c,2b_algorithm__td3__seed43,604956.0,18.3230826442403,
c,2b_algorithm__td3__seed43,615247.0,19.037925939206723,
c,2b_algorithm__td3__seed43,624795.0,16.38174493520852,
c,2b_algorithm__td3__seed43,635193.0,17.96359157562256,
c,2b_algorithm__td3__seed43,645009.0,16.37203944356818,
c,2b_algorithm__td3__seed43,654660.0,18.38270674970813,
c,2b_algorithm__td3__seed43,665098.0,19.901587372734436,
c,2b_algorithm__td3__seed43,675139.0,18.709037017822265,
c,2b_algorithm__td3__seed43,684908.0,15.688187444210053,
c,2b_algorithm__td3__seed43,695030.0,17.84814283507211,
c,2b_algorithm__td3__seed43,704983.0,16.377466678619385,
c,2b_algorithm__td3__seed43,714943.0,21.628260819808297,
c,2b_algorithm__td3__seed43,724991.0,18.31299990245274,
c,2b_algorithm__td3__seed43,734907.0,17.666197165636948,
c,2b_algorithm__td3__seed43,744988.0,18.872213742205204,
c,2b_algorithm__td3__seed43,754961.0,16.89765110271889,
c,2b_algorithm__td3__seed43,764660.0,18.87914721910344,
c,2b_algorithm__td3__seed43,775280.0,17.74110342880775,
c,2b_algorithm__td3__seed43,785019.0,15.11263475018347,
c,2b_algorithm__td3__seed43,795012.0,15.98387100465836,
c,2b_algorithm__td3__seed43,804795.0,15.823885358822574,
c,2b_algorithm__td3__seed43,815098.0,15.103630979855856,
c,2b_algorithm__td3__seed43,825068.0,17.59957150731768,
c,2b_algorithm__td3__seed43,835117.0,16.48296051903775,
c,2b_algorithm__td3__seed43,844808.0,16.858287661042933,
c,2b_algorithm__td3__seed43,855016.0,16.97506671269735,
c,2b_algorithm__td3__seed43,865098.0,14.85378701588106,
c,2b_algorithm__td3__seed43,874866.0,16.53569537914352,
c,2b_algorithm__td3__seed43,884783.0,16.53124136431464,
c,2b_algorithm__td3__seed43,895029.0,19.231194012200653,
c,2b_algorithm__td3__seed43,904990.0,16.305935465904973,
c,2b_algorithm__td3__seed43,915080.0,13.821092913059587,
c,2b_algorithm__td3__seed43,925009.0,13.29236841703716,
c,2b_algorithm__td3__seed43,934793.0,14.201183471453966,
c,2b_algorithm__td3__seed43,945356.0,14.193152194437774,
c,2b_algorithm__td3__seed43,954418.0,12.233434388131808,
c,2b_algorithm__td3__seed43,965038.0,13.368795834286674,
c,2b_algorithm__td3__seed43,974781.0,13.641340777860671,
c,2b_algorithm__td3__seed43,985398.0,14.231546971020778,
c,2b_algorithm__td3__seed43,994996.0,12.85943296275188,
c,2b_algorithm__td3__seed44,4990.0,39.08721748230949,
c,2b_algorithm__td3__seed44,15404.0,36.39094623359474,
c,2b_algorithm__td3__seed44,25261.0,16.79089172630553,
c,2b_algorithm__td3__seed44,35190.0,11.70429907112478,
c,2b_algorithm__td3__seed44,44653.0,12.96630211174488,
c,2b_algorithm__td3__seed44,54950.0,14.66952097772838,
c,2b_algorithm__td3__seed44,65198.0,13.437135418256124,
c,2b_algorithm__td3__seed44,74961.0,13.657032956133833,
c,2b_algorithm__td3__seed44,84739.0,13.100904256739517,
c,2b_algorithm__td3__seed44,94901.0,15.9811764075086,
c,2b_algorithm__td3__seed44,105001.0,14.600734441293834,
c,2b_algorithm__td3__seed44,114825.0,15.343250000476838,
c,2b_algorithm__td3__seed44,125246.0,15.87191081806353,
c,2b_algorithm__td3__seed44,134904.0,18.817633592445432,
c,2b_algorithm__td3__seed44,145046.0,16.59584413875233,
c,2b_algorithm__td3__seed44,154928.0,15.71305738436948,
c,2b_algorithm__td3__seed44,164712.0,14.985297617458162,
c,2b_algorithm__td3__seed44,174956.0,14.007759615371787,
c,2b_algorithm__td3__seed44,184754.0,15.389559733792671,
c,2b_algorithm__td3__seed44,195093.0,20.58801652577298,
c,2b_algorithm__td3__seed44,204889.0,15.392699382056488,
c,2b_algorithm__td3__seed44,214644.0,16.706643894927144,
c,2b_algorithm__td3__seed44,224838.0,19.821190425327845,
c,2b_algorithm__td3__seed44,234848.0,22.477410708154952,
c,2b_algorithm__td3__seed44,245037.0,22.45309087579901,
c,2b_algorithm__td3__seed44,255058.0,22.464375053133285,
c,2b_algorithm__td3__seed44,265144.0,22.97879628781919,
c,2b_algorithm__td3__seed44,275194.0,21.826810376397496,
c,2b_algorithm__td3__seed44,284925.0,20.29333331720616,
c,2b_algorithm__td3__seed44,295076.0,16.29311684199742,
c,2b_algorithm__td3__seed44,304892.0,21.078050791207005,
c,2b_algorithm__td3__seed44,315263.0,18.644744455379293,
c,2b_algorithm__td3__seed44,324708.0,16.33039734063559,
c,2b_algorithm__td3__seed44,335045.0,18.91757574225917,
c,2b_algorithm__td3__seed44,344881.0,17.16378376290605,
c,2b_algorithm__td3__seed44,355042.0,17.04675863857927,
c,2b_algorithm__td3__seed44,364926.0,15.754276731479091,
c,2b_algorithm__td3__seed44,375004.0,18.70589548082494,
c,2b_algorithm__td3__seed44,384985.0,17.360709163314063,
c,2b_algorithm__td3__seed44,394746.0,18.742932341152564,
c,2b_algorithm__td3__seed44,405188.0,20.623333364967408,
c,2b_algorithm__td3__seed44,415089.0,21.51094832913629,
c,2b_algorithm__td3__seed44,425073.0,20.046031724838983,
c,2b_algorithm__td3__seed44,435005.0,19.05784611335168,
c,2b_algorithm__td3__seed44,444946.0,16.995850368421905,
c,2b_algorithm__td3__seed44,455056.0,18.78485070413618,
c,2b_algorithm__td3__seed44,464927.0,19.415891425554143,
c,2b_algorithm__td3__seed44,475093.0,18.66659253438314,
c,2b_algorithm__td3__seed44,484850.0,17.83302164420807,
c,2b_algorithm__td3__seed44,495348.0,16.841381587480242,
c,2b_algorithm__td3__seed44,504871.0,14.982073179105432,
c,2b_algorithm__td3__seed44,515343.0,18.351304316866223,
c,2b_algorithm__td3__seed44,524845.0,14.432882331399355,
c,2b_algorithm__td3__seed44,535252.0,16.861721803020956,
c,2b_algorithm__td3__seed44,544600.0,15.31575947170016,
c,2b_algorithm__td3__seed44,555216.0,15.495928084778928,
c,2b_algorithm__td3__seed44,564872.0,15.226319043914232,
c,2b_algorithm__td3__seed44,575005.0,18.86999998905862,
c,2b_algorithm__td3__seed44,585026.0,18.079712257110817,
c,2b_algorithm__td3__seed44,595185.0,20.39203253024962,
c,2b_algorithm__td3__seed44,604962.0,19.116946533436085,
c,2b_algorithm__td3__seed44,614923.0,18.376888812029804,
c,2b_algorithm__td3__seed44,625319.0,14.993525973634224,
c,2b_algorithm__td3__seed44,635096.0,14.925535724276587,
c,2b_algorithm__td3__seed44,645127.0,13.949775277898553,
c,2b_algorithm__td3__seed44,654996.0,14.431569786958915,
c,2b_algorithm__td3__seed44,664974.0,16.352866687774657,
c,2b_algorithm__td3__seed44,675116.0,18.76134321582851,
c,2b_algorithm__td3__seed44,685151.0,19.004924297332764,
c,2b_algorithm__td3__seed44,695280.0,17.729720289056953,
c,2b_algorithm__td3__seed44,704998.0,14.22960222309286,
c,2b_algorithm__td3__seed44,714921.0,15.818980927679949,
c,2b_algorithm__td3__seed44,725026.0,13.106613714228232,
c,2b_algorithm__td3__seed44,734955.0,14.51798849544306,
c,2b_algorithm__td3__seed44,744842.0,18.437251935478383,
c,2b_algorithm__td3__seed44,755303.0,14.351381201770424,
c,2b_algorithm__td3__seed44,764862.0,14.019550569941488,
c,2b_algorithm__td3__seed44,775003.0,14.142359519272707,
c,2b_algorithm__td3__seed44,785003.0,13.969382039616615,
c,2b_algorithm__td3__seed44,794922.0,14.08204545216127,
c,2b_algorithm__td3__seed44,804789.0,17.832846725074045,
c,2b_algorithm__td3__seed44,815077.0,20.442357706829785,
c,2b_algorithm__td3__seed44,824818.0,21.23500000803094,
c,2b_algorithm__td3__seed44,835196.0,21.4853782012683,
c,2b_algorithm__td3__seed44,845023.0,19.03269233703613,
c,2b_algorithm__td3__seed44,855158.0,20.89899994532267,
c,2b_algorithm__td3__seed44,865182.0,23.639811299881845,
c,2b_algorithm__td3__seed44,875040.0,20.698333311080933,
c,2b_algorithm__td3__seed44,884933.0,20.080396788460867,
c,2b_algorithm__td3__seed44,895144.0,16.892000013987225,
c,2b_algorithm__td3__seed44,905060.0,17.754397209654464,
c,2b_algorithm__td3__seed44,915123.0,15.34337345376072,
c,2b_algorithm__td3__seed44,924662.0,16.41850337852426,
c,2b_algorithm__td3__seed44,935058.0,18.027285643986293,
c,2b_algorithm__td3__seed44,944990.0,19.47937989050104,
c,2b_algorithm__td3__seed44,955257.0,21.548596566183527,
c,2b_algorithm__td3__seed44,964933.0,20.002159973144533,
c,2b_algorithm__td3__seed44,974967.0,20.744705793236484,
c,2b_algorithm__td3__seed44,984886.0,21.519572641095543,
c,2b_algorithm__td3__seed44,995023.0,21.40940679129908,
c,2b_algorithm__td3__seed45,5019.0,39.24101644849021,
c,2b_algorithm__td3__seed45,15196.0,31.849156529070385,
c,2b_algorithm__td3__seed45,25503.0,19.80222221657082,
c,2b_algorithm__td3__seed45,35122.0,12.952871772570488,
c,2b_algorithm__td3__seed45,44896.0,12.636395943346365,
c,2b_algorithm__td3__seed45,55063.0,13.64551915757643,
c,2b_algorithm__td3__seed45,64890.0,13.167927455407968,
c,2b_algorithm__td3__seed45,75096.0,14.973128874609076,
c,2b_algorithm__td3__seed45,84870.0,13.185578968650416,
c,2b_algorithm__td3__seed45,94942.0,12.767969489702718,
c,2b_algorithm__td3__seed45,105064.0,12.810867377689906,
c,2b_algorithm__td3__seed45,115023.0,12.44364999294281,
c,2b_algorithm__td3__seed45,124847.0,13.345401126433185,
c,2b_algorithm__td3__seed45,135086.0,15.947898075079465,
c,2b_algorithm__td3__seed45,145035.0,13.461612844979893,
c,2b_algorithm__td3__seed45,154847.0,14.536390541573248,
c,2b_algorithm__td3__seed45,165141.0,15.985660325056353,
c,2b_algorithm__td3__seed45,174400.0,17.071642902919223,
c,2b_algorithm__td3__seed45,185601.0,18.23937069286,
c,2b_algorithm__td3__seed45,194931.0,14.967939394170587,
c,2b_algorithm__td3__seed45,204865.0,14.231600003923688,
c,2b_algorithm__td3__seed45,215397.0,15.408466198693024,
c,2b_algorithm__td3__seed45,225263.0,15.280301249170876,
c,2b_algorithm__td3__seed45,234969.0,13.97062145384018,
c,2b_algorithm__td3__seed45,245310.0,13.429894195031869,
c,2b_algorithm__td3__seed45,255217.0,10.654831934375924,
c,2b_algorithm__td3__seed45,264911.0,11.26735158598042,
c,2b_algorithm__td3__seed45,275043.0,11.787323969630568,
c,2b_algorithm__td3__seed45,285056.0,13.495824153606709,
c,2b_algorithm__td3__seed45,295015.0,13.329470901892927,
c,2b_algorithm__td3__seed45,304659.0,14.642083400771732,
c,2b_algorithm__td3__seed45,314965.0,13.70929347432178,
c,2b_algorithm__td3__seed45,324846.0,15.105853679703504,
c,2b_algorithm__td3__seed45,334688.0,16.785170042595897,
c,2b_algorithm__td3__seed45,345101.0,19.22184611100417,
c,2b_algorithm__td3__seed45,354928.0,21.049396597105883,
c,2b_algorithm__td3__seed45,365027.0,22.4336035616763,
c,2b_algorithm__td3__seed45,375309.0,20.901774175705448,
c,2b_algorithm__td3__seed45,384941.0,16.567019885738954,
c,2b_algorithm__td3__seed45,394892.0,17.480070362628346,
c,2b_algorithm__td3__seed45,405025.0,21.47260868238366,
c,2b_algorithm__td3__seed45,415109.0,19.939055029801494,
c,2b_algorithm__td3__seed45,424733.0,20.80205117739164,
c,2b_algorithm__td3__seed45,434862.0,22.546036007168052,
c,2b_algorithm__td3__seed45,445115.0,21.9990517517616,
c,2b_algorithm__td3__seed45,454877.0,22.047927890811955,
c,2b_algorithm__td3__seed45,465129.0,20.559112902610533,
c,2b_algorithm__td3__seed45,475210.0,18.30683455707358,
c,2b_algorithm__td3__seed45,485102.0,17.133862113952638,
c,2b_algorithm__td3__seed45,494873.0,18.22762959798177,
c,2b_algorithm__td3__seed45,504983.0,19.24564881361168,
c,2b_algorithm__td3__seed45,515199.0,16.92613338470459,
c,2b_algorithm__td3__seed45,525114.0,15.596296322198562,
c,2b_algorithm__td3__seed45,535110.0,16.55560805990889,
c,2b_algorithm__td3__seed45,544940.0,18.62172929147132,
c,2b_algorithm__td3__seed45,555031.0,20.172195139939223,
c,2b_algorithm__td3__seed45,565116.0,18.876641800154506,
c,2b_algorithm__td3__seed45,574855.0,19.131085299706275,
c,2b_algorithm__td3__seed45,584872.0,19.51531259715557,
c,2b_algorithm__td3__seed45,594905.0,20.26319671068035,
c,2b_algorithm__td3__seed45,605115.0,20.32793655092754,
c,2b_algorithm__td3__seed45,615001.0,20.09268292372789,
c,2b_algorithm__td3__seed45,625001.0,20.018536606455235,
c,2b_algorithm__td3__seed45,635007.0,23.14046303431193,
c,2b_algorithm__td3__seed45,645086.0,21.500423706184,
c,2b_algorithm__td3__seed45,654952.0,24.89391753599816,
c,2b_algorithm__td3__seed45,665098.0,25.90150001525879,
c,2b_algorithm__td3__seed45,674733.0,22.61320752917596,
c,2b_algorithm__td3__seed45,684998.0,25.24570001602173,
c,2b_algorithm__td3__seed45,694994.0,27.46533332400852,
c,2b_algorithm__td3__seed45,704878.0,29.686626572206794,
c,2b_algorithm__td3__seed45,715042.0,30.187619095756894,
c,2b_algorithm__td3__seed45,724945.0,28.972558065902355,
c,2b_algorithm__td3__seed45,735049.0,28.996436831594885,
c,2b_algorithm__td3__seed45,744957.0,27.903932635703782,
c,2b_algorithm__td3__seed45,754942.0,27.170752679148027,
c,2b_algorithm__td3__seed45,764931.0,27.373626310746747,
c,2b_algorithm__td3__seed45,774827.0,28.97423526539522,
c,2b_algorithm__td3__seed45,784844.0,30.20499992370605,
c,2b_algorithm__td3__seed45,794981.0,32.15961040150035,
c,2b_algorithm__td3__seed45,805097.0,32.00650007724762,
c,2b_algorithm__td3__seed45,815081.0,30.313780505482743,
c,2b_algorithm__td3__seed45,825065.0,29.069770067587665,
c,2b_algorithm__td3__seed45,835020.0,28.02044949906596,
c,2b_algorithm__td3__seed45,845068.0,29.36423537310432,
c,2b_algorithm__td3__seed45,854946.0,29.750120369784803,
c,2b_algorithm__td3__seed45,864976.0,32.49763162512528,
c,2b_algorithm__td3__seed45,875050.0,32.14924030062519,
c,2b_algorithm__td3__seed45,885194.0,30.878780574333376,
c,2b_algorithm__td3__seed45,895131.0,28.968735705847028,
c,2b_algorithm__td3__seed45,904992.0,28.50000004384709,
c,2b_algorithm__td3__seed45,915040.0,28.81597698693988,
c,2b_algorithm__td3__seed45,924978.0,28.937411813174972,
c,2b_algorithm__td3__seed45,934960.0,29.424353004904354,
c,2b_algorithm__td3__seed45,945070.0,30.424698772200617,
c,2b_algorithm__td3__seed45,954965.0,29.399880999610534,
c,2b_algorithm__td3__seed45,964923.0,30.465487759287765,
c,2b_algorithm__td3__seed45,974951.0,30.395121830265698,
c,2b_algorithm__td3__seed45,985122.0,30.617590410163604,
c,2b_algorithm__td3__seed45,995114.0,27.3441304953202,
c,2b_algorithm__td3__seed46,5034.0,39.24662302410792,
c,2b_algorithm__td3__seed46,15316.0,29.923258406392645,
c,2b_algorithm__td3__seed46,24897.0,20.270000003633044,
c,2b_algorithm__td3__seed46,34917.0,19.92196865532342,
c,2b_algorithm__td3__seed46,45359.0,16.595576983231766,
c,2b_algorithm__td3__seed46,54815.0,12.613128187717535,
c,2b_algorithm__td3__seed46,65170.0,14.23621467008429,
c,2b_algorithm__td3__seed46,74896.0,15.191595095066935,
c,2b_algorithm__td3__seed46,84963.0,13.33502643827408,
c,2b_algorithm__td3__seed46,94886.0,15.612389930389211,
c,2b_algorithm__td3__seed46,105373.0,14.32117980249812,
c,2b_algorithm__td3__seed46,114969.0,11.18591929978854,
c,2b_algorithm__td3__seed46,125067.0,12.322189027397194,
c,2b_algorithm__td3__seed46,134954.0,12.7461421162949,
c,2b_algorithm__td3__seed46,144697.0,15.437798715987295,
c,2b_algorithm__td3__seed46,155352.0,13.726864866308263,
c,2b_algorithm__td3__seed46,164495.0,17.090283732042245,
c,2b_algorithm__td3__seed46,175430.0,14.754090916026724,
c,2b_algorithm__td3__seed46,184935.0,13.563097834587095,
c,2b_algorithm__td3__seed46,194756.0,13.791270698631664,
c,2b_algorithm__td3__seed46,204906.0,14.719585830643332,
c,2b_algorithm__td3__seed46,214902.0,13.251989539381096,
c,2b_algorithm__td3__seed46,225150.0,14.051005571248146,
c,2b_algorithm__td3__seed46,235030.0,13.77961325250278,
c,2b_algorithm__td3__seed46,244918.0,12.566224467997648,
c,2b_algorithm__td3__seed46,254809.0,14.3384883681009,
c,2b_algorithm__td3__seed46,265473.0,16.857516344855814,
c,2b_algorithm__td3__seed46,274823.0,13.716292156262345,
c,2b_algorithm__td3__seed46,284892.0,13.69615385558579,
c,2b_algorithm__td3__seed46,295078.0,17.93064287730626,
c,2b_algorithm__td3__seed46,305524.0,16.869470223685763,
c,2b_algorithm__td3__seed46,315164.0,16.530335586343035,
c,2b_algorithm__td3__seed46,324759.0,15.319378906155224,
c,2b_algorithm__td3__seed46,335020.0,17.314791639645893,
c,2b_algorithm__td3__seed46,344820.0,18.305036503033048,
c,2b_algorithm__td3__seed46,354696.0,15.198385060944172,
c,2b_algorithm__td3__seed46,365288.0,17.218866691589355,
c,2b_algorithm__td3__seed46,374776.0,16.76278912939993,
c,2b_algorithm__td3__seed46,385145.0,17.645594330100746,
c,2b_algorithm__td3__seed46,395111.0,17.088561606733766,
c,2b_algorithm__td3__seed46,405039.0,16.203782057150818,
c,2b_algorithm__td3__seed46,414810.0,16.039999993018856,
c,2b_algorithm__td3__seed46,425162.0,18.553749968023865,
c,2b_algorithm__td3__seed46,435267.0,15.482111824225194,
c,2b_algorithm__td3__seed46,444891.0,14.98636905919938,
c,2b_algorithm__td3__seed46,454881.0,16.029419376004128,
c,2b_algorithm__td3__seed46,464915.0,16.856013542896992,
c,2b_algorithm__td3__seed46,475266.0,16.511241862976473,
c,2b_algorithm__td3__seed46,484873.0,16.255065748566075,
c,2b_algorithm__td3__seed46,495099.0,15.909113950367216,
c,2b_algorithm__td3__seed46,504737.0,15.772564111611782,
c,2b_algorithm__td3__seed46,514987.0,17.220540491310327,
c,2b_algorithm__td3__seed46,525051.0,18.21051854027642,
c,2b_algorithm__td3__seed46,535085.0,19.407384593670184,
c,2b_algorithm__td3__seed46,545203.0,16.751066703796386,
c,2b_algorithm__td3__seed46,554874.0,15.208957069490586,
c,2b_algorithm__td3__seed46,564738.0,18.459772738543425,
c,2b_algorithm__td3__seed46,575027.0,19.74046514939892,
c,2b_algorithm__td3__seed46,584958.0,15.61614904344452,
c,2b_algorithm__td3__seed46,595055.0,15.996538474009586,
c,2b_algorithm__td3__seed46,604880.0,18.327956220529376,
c,2b_algorithm__td3__seed46,614526.0,19.750338926153667,
c,2b_algorithm__td3__seed46,625023.0,24.29650947282899,
c,2b_algorithm__td3__seed46,634974.0,21.15616669654846,
c,2b_algorithm__td3__seed46,644872.0,19.81936507754856,
c,2b_algorithm__td3__seed46,655288.0,19.86804687976837,
c,2b_algorithm__td3__seed46,664791.0,18.12217385527017,
c,2b_algorithm__td3__seed46,675155.0,15.877874928712846,
c,2b_algorithm__td3__seed46,685172.0,15.67614908396087,
c,2b_algorithm__td3__seed46,694559.0,17.514420260553774,
c,2b_algorithm__td3__seed46,705027.0,18.21842849595206,
c,2b_algorithm__td3__seed46,715045.0,15.11625001544044,
c,2b_algorithm__td3__seed46,724533.0,16.253287648501463,
c,2b_algorithm__td3__seed46,735211.0,16.326062506437303,
c,2b_algorithm__td3__seed46,745348.0,15.782562506198882,
c,2b_algorithm__td3__seed46,754753.0,16.50425671242379,
c,2b_algorithm__td3__seed46,764860.0,14.656140366492911,
c,2b_algorithm__td3__seed46,774855.0,15.534591224958312,
c,2b_algorithm__td3__seed46,785026.0,18.8070148354146,
c,2b_algorithm__td3__seed46,794931.0,16.537666676839194,
c,2b_algorithm__td3__seed46,804921.0,18.07043474999027,
c,2b_algorithm__td3__seed46,814947.0,19.30534884726354,
c,2b_algorithm__td3__seed46,824976.0,19.596063013151877,
c,2b_algorithm__td3__seed46,835067.0,18.00785711833409,
c,2b_algorithm__td3__seed46,844895.0,18.036159363345824,
c,2b_algorithm__td3__seed46,854960.0,17.699014012242706,
c,2b_algorithm__td3__seed46,864861.0,18.15445248401948,
c,2b_algorithm__td3__seed46,874994.0,19.784603164309548,
c,2b_algorithm__td3__seed46,884989.0,21.45724138720282,
c,2b_algorithm__td3__seed46,895021.0,20.52311478286493,
c,2b_algorithm__td3__seed46,904874.0,22.72783020307433,
c,2b_algorithm__td3__seed46,915113.0,25.561188084064145,
c,2b_algorithm__td3__seed46,925031.0,21.09754232632912,
c,2b_algorithm__td3__seed46,934977.0,24.38217822159871,
c,2b_algorithm__td3__seed46,945176.0,26.041237093738676,
c,2b_algorithm__td3__seed46,955000.0,26.25462374123194,
c,2b_algorithm__td3__seed46,965058.0,26.201458315054577,
c,2b_algorithm__td3__seed46,975447.0,26.089090886742177,
c,2b_algorithm__td3__seed46,984798.0,21.527368428414327,
c,2b_algorithm__td3__seed46,994897.0,25.32979383173677,
c,2b_algorithm__ddpg__seed42,5056.0,39.50238037109375,
c,2b_algorithm__ddpg__seed42,14967.0,39.34079373072064,
c,2b_algorithm__ddpg__seed42,24958.0,36.56414260864258,
c,2b_algorithm__ddpg__seed42,34906.0,36.47102916941923,
c,2b_algorithm__ddpg__seed42,44980.0,37.93757577375932,
c,2b_algorithm__ddpg__seed42,55084.0,39.10734385251999,
c,2b_algorithm__ddpg__seed42,64976.0,38.45921862125397,
c,2b_algorithm__ddpg__seed42,74990.0,39.32156246900559,
c,2b_algorithm__ddpg__seed42,85011.0,38.23181822805694,
c,2b_algorithm__ddpg__seed42,95085.0,38.57461530245268,
c,2b_algorithm__ddpg__seed42,105086.0,37.443731165643946,
c,2b_algorithm__ddpg__seed42,115068.0,36.569558928994574,
c,2b_algorithm__ddpg__seed42,124915.0,35.51225323744223,
c,2b_algorithm__ddpg__seed42,134960.0,31.690000009536742,
c,2b_algorithm__ddpg__seed42,144966.0,34.98599989754813,
c,2b_algorithm__ddpg__seed42,155131.0,33.83342112992939,
c,2b_algorithm__ddpg__seed42,165042.0,32.61855263459055,
c,2b_algorithm__ddpg__seed42,175018.0,34.08671224933781,
c,2b_algorithm__ddpg__seed42,184814.0,34.96614262717111,
c,2b_algorithm__ddpg__seed42,195086.0,37.57835820895522,
c,2b_algorithm__ddpg__seed42,205025.0,37.56909110329368,
c,2b_algorithm__ddpg__seed42,215076.0,35.940985773650695,
c,2b_algorithm__ddpg__seed42,225040.0,32.46782050988613,
c,2b_algorithm__ddpg__seed42,235038.0,31.32531648949732,
c,2b_algorithm__ddpg__seed42,244932.0,32.00705137008276,
c,2b_algorithm__ddpg__seed42,255008.0,34.31191791900217,
c,2b_algorithm__ddpg__seed42,265105.0,33.08013165624518,
c,2b_algorithm__ddpg__seed42,275026.0,32.894210514269375,
c,2b_algorithm__ddpg__seed42,284997.0,33.60959470594251,
c,2b_algorithm__ddpg__seed42,294915.0,34.125277784135605,
c,2b_algorithm__ddpg__seed42,304975.0,37.095522410834015,
c,2b_algorithm__ddpg__seed42,315084.0,36.700289850649625,
c,2b_algorithm__ddpg__seed42,325055.0,34.64611101150513,
c,2b_algorithm__ddpg__seed42,334922.0,34.11739741286186,
c,2b_algorithm__ddpg__seed42,345070.0,35.609718430210165,
c,2b_algorithm__ddpg__seed42,355050.0,35.99130459108214,
c,2b_algorithm__ddpg__seed42,365016.0,36.45926481134751,
c,2b_algorithm__ddpg__seed42,374844.0,36.12985494862432,
c,2b_algorithm__ddpg__seed42,385023.0,36.267246578050695,
c,2b_algorithm__ddpg__seed42,394979.0,35.10152763790555,
c,2b_algorithm__ddpg__seed42,404894.0,34.66402782334222,
c,2b_algorithm__ddpg__seed42,415070.0,34.65506859348245,
c,2b_algorithm__ddpg__seed42,424960.0,33.705135061934186,
c,2b_algorithm__ddpg__seed42,435150.0,34.48602760001405,
c,2b_algorithm__ddpg__seed42,445065.0,34.34458348486159,
c,2b_algorithm__ddpg__seed42,455060.0,36.0576812080715,
c,2b_algorithm__ddpg__seed42,465018.0,33.65519978841146,
c,2b_algorithm__ddpg__seed42,475168.0,35.596197047703704,
c,2b_algorithm__ddpg__seed42,485036.0,35.006285776410785,
c,2b_algorithm__ddpg__seed42,494919.0,33.50386670430501,
c,2b_algorithm__ddpg__seed42,505146.0,33.74253346761068,
c,2b_algorithm__ddpg__seed42,514953.0,33.83904086073784,
c,2b_algorithm__ddpg__seed42,524971.0,33.86863016102412,
c,2b_algorithm__ddpg__seed42,534989.0,35.596571459089006,
c,2b_algorithm__ddpg__seed42,545013.0,35.766760651494415,
c,2b_algorithm__ddpg__seed42,554930.0,35.034571402413505,
c,2b_algorithm__ddpg__seed42,564932.0,34.05270267177273,
c,2b_algorithm__ddpg__seed42,574962.0,33.02831166750425,
c,2b_algorithm__ddpg__seed42,585108.0,35.8655075404955,
c,2b_algorithm__ddpg__seed42,595023.0,37.07469714771617,
c,2b_algorithm__ddpg__seed42,604990.0,36.98441180060892,
c,2b_algorithm__ddpg__seed42,614964.0,35.95342864990234,
c,2b_algorithm__ddpg__seed42,625073.0,34.14760004679362,
c,2b_algorithm__ddpg__seed42,635019.0,33.731917498862906,
c,2b_algorithm__ddpg__seed42,645024.0,34.459999972826814,
c,2b_algorithm__ddpg__seed42,654952.0,34.08726033772508,
c,2b_algorithm__ddpg__seed42,664954.0,34.20305548773872,
c,2b_algorithm__ddpg__seed42,675279.0,33.83805200651094,
c,2b_algorithm__ddpg__seed42,685001.0,31.69636357295049,
c,2b_algorithm__ddpg__seed42,694935.0,32.51129878651012,
c,2b_algorithm__ddpg__seed42,704853.0,32.77763145848324,
c,2b_algorithm__ddpg__seed42,714955.0,33.2299996693929,
c,2b_algorithm__ddpg__seed42,725076.0,34.98802840541786,
c,2b_algorithm__ddpg__seed42,735059.0,35.73328574044364,
c,2b_algorithm__ddpg__seed42,744972.0,35.57400027683803,
c,2b_algorithm__ddpg__seed42,755042.0,34.06054048280458,
c,2b_algorithm__ddpg__seed42,764942.0,33.98418900773332,
c,2b_algorithm__ddpg__seed42,775070.0,34.106027132844275,
c,2b_algorithm__ddpg__seed42,785026.0,34.10589024791979,
c,2b_algorithm__ddpg__seed42,794998.0,36.13782617320185,
c,2b_algorithm__ddpg__seed42,805014.0,37.64560589645848,
c,2b_algorithm__ddpg__seed42,814985.0,36.93014902143336,
c,2b_algorithm__ddpg__seed42,825043.0,37.69626850868339,
c,2b_algorithm__ddpg__seed42,835005.0,34.884166664547394,
c,2b_algorithm__ddpg__seed42,844900.0,35.32328589303153,
c,2b_algorithm__ddpg__seed42,854932.0,36.79602937137379,
c,2b_algorithm__ddpg__seed42,865059.0,36.63000023883322,
c,2b_algorithm__ddpg__seed42,874998.0,34.98281693794358,
c,2b_algorithm__ddpg__seed42,884977.0,35.2906945016649,
c,2b_algorithm__ddpg__seed42,894926.0,34.20083337359958,
c,2b_algorithm__ddpg__seed42,904927.0,34.41150701862492,
c,2b_algorithm__ddpg__seed42,914921.0,34.3257534601917,
c,2b_algorithm__ddpg__seed42,924818.0,32.75197365409449,
c,2b_algorithm__ddpg__seed42,935008.0,34.68260255578446,
c,2b_algorithm__ddpg__seed42,944870.0,34.59788738841742,
c,2b_algorithm__ddpg__seed42,954964.0,35.34126770664269,
c,2b_algorithm__ddpg__seed42,964918.0,34.81722206539578,
c,2b_algorithm__ddpg__seed42,975005.0,34.54847229851617,
c,2b_algorithm__ddpg__seed42,985012.0,36.41397061067469,
c,2b_algorithm__ddpg__seed42,994895.0,35.30098616908973,
c,2b_algorithm__ddpg__seed43,5034.0,39.33961408100431,
c,2b_algorithm__ddpg__seed43,14989.0,38.97265577316284,
c,2b_algorithm__ddpg__seed43,25019.0,39.44062501192093,
c,2b_algorithm__ddpg__seed43,35113.0,36.37242824009487,
c,2b_algorithm__ddpg__seed43,45011.0,35.21028575897217,
c,2b_algorithm__ddpg__seed43,54917.0,36.43057958630548,
c,2b_algorithm__ddpg__seed43,65012.0,37.63060569763184,
c,2b_algorithm__ddpg__seed43,75029.0,39.21492083110507,
c,2b_algorithm__ddpg__seed43,85018.0,39.28812527656555,
c,2b_algorithm__ddpg__seed43,95050.0,39.0550000667572,
c,2b_algorithm__ddpg__seed43,105031.0,38.47061526958759,
c,2b_algorithm__ddpg__seed43,115105.0,38.80953885591947,
c,2b_algorithm__ddpg__seed43,125031.0,39.13634963262649,
c,2b_algorithm__ddpg__seed43,134970.0,38.98843735456467,
c,2b_algorithm__ddpg__seed43,145042.0,39.01061530480018,
c,2b_algorithm__ddpg__seed43,154994.0,38.52671897411346,
c,2b_algorithm__ddpg__seed43,165008.0,38.81000019953801,
c,2b_algorithm__ddpg__seed43,175038.0,38.94890648126602,
c,2b_algorithm__ddpg__seed43,185210.0,36.70785724094936,
c,2b_algorithm__ddpg__seed43,195044.0,34.86352114610269,
c,2b_algorithm__ddpg__seed43,205008.0,35.418857084001814,
c,2b_algorithm__ddpg__seed43,214935.0,36.75470565347111,
c,2b_algorithm__ddpg__seed43,225219.0,33.38727284716321,
c,2b_algorithm__ddpg__seed43,234966.0,32.71333351135254,
c,2b_algorithm__ddpg__seed43,245012.0,32.678205270033615,
c,2b_algorithm__ddpg__seed43,254877.0,31.84701307717856,
c,2b_algorithm__ddpg__seed43,264851.0,32.18116879153561,
c,2b_algorithm__ddpg__seed43,274936.0,33.64280014038086,
c,2b_algorithm__ddpg__seed43,285101.0,34.88222238752577,
c,2b_algorithm__ddpg__seed43,295112.0,32.98723672565661,
c,2b_algorithm__ddpg__seed43,305137.0,34.113513585683464,
c,2b_algorithm__ddpg__seed43,314963.0,32.36727261233639,
c,2b_algorithm__ddpg__seed43,324843.0,30.32457820478692,
c,2b_algorithm__ddpg__seed43,334996.0,30.06325298906809,
c,2b_algorithm__ddpg__seed43,345024.0,30.053373520632825,
c,2b_algorithm__ddpg__seed43,354951.0,28.12978023487133,
c,2b_algorithm__ddpg__seed43,364919.0,28.172298782173243,
c,2b_algorithm__ddpg__seed43,374957.0,29.000000021923547,
c,2b_algorithm__ddpg__seed43,385132.0,28.66238633069125,
c,2b_algorithm__ddpg__seed43,394982.0,28.05080459857809,
c,2b_algorithm__ddpg__seed43,404830.0,32.8443999226888,
c,2b_algorithm__ddpg__seed43,414910.0,32.187820532383064,
c,2b_algorithm__ddpg__seed43,425018.0,33.31386660257975,
c,2b_algorithm__ddpg__seed43,434958.0,31.69202517255952,
c,2b_algorithm__ddpg__seed43,445092.0,34.344324266588366,
c,2b_algorithm__ddpg__seed43,454888.0,31.62807701795529,
c,2b_algorithm__ddpg__seed43,464921.0,33.75383570422865,
c,2b_algorithm__ddpg__seed43,475002.0,34.94652769300673,
c,2b_algorithm__ddpg__seed43,485117.0,33.40789478703549,
c,2b_algorithm__ddpg__seed43,495131.0,30.41523803983416,
c,2b_algorithm__ddpg__seed43,504973.0,29.823253011128987,
c,2b_algorithm__ddpg__seed43,515067.0,34.523142896379746,
c,2b_algorithm__ddpg__seed43,524974.0,33.10763140728599,
c,2b_algorithm__ddpg__seed43,534882.0,36.43074599308754,
c,2b_algorithm__ddpg__seed43,545080.0,38.22454516092936,
c,2b_algorithm__ddpg__seed43,555018.0,35.006250063578285,
c,2b_algorithm__ddpg__seed43,564880.0,33.44280006408692,
c,2b_algorithm__ddpg__seed43,575018.0,31.211851873515563,
c,2b_algorithm__ddpg__seed43,584801.0,33.518493103654414,
c,2b_algorithm__ddpg__seed43,594994.0,36.26550735252491,
c,2b_algorithm__ddpg__seed43,604959.0,38.348593950271606,
c,2b_algorithm__ddpg__seed43,615095.0,38.05059706275143,
c,2b_algorithm__ddpg__seed43,625178.0,35.0867568351127,
c,2b_algorithm__ddpg__seed43,635066.0,34.474428749084474,
c,2b_algorithm__ddpg__seed43,644823.0,34.60985914418395,
c,2b_algorithm__ddpg__seed43,654937.0,37.38059684411803,
c,2b_algorithm__ddpg__seed43,665052.0,38.25151483940356,
c,2b_algorithm__ddpg__seed43,674903.0,35.41788762052294,
c,2b_algorithm__ddpg__seed43,685076.0,35.031111293368866,
c,2b_algorithm__ddpg__seed43,695105.0,33.80959433478278,
c,2b_algorithm__ddpg__seed43,705017.0,34.5722222328186,
c,2b_algorithm__ddpg__seed43,715032.0,33.68493334452311,
c,2b_algorithm__ddpg__seed43,725032.0,32.56065752631739,
c,2b_algorithm__ddpg__seed43,734879.0,33.075657643769915,
c,2b_algorithm__ddpg__seed43,744923.0,33.11932432329333,
c,2b_algorithm__ddpg__seed43,754998.0,33.73239987691243,
c,2b_algorithm__ddpg__seed43,764808.0,32.731038997699685,
c,2b_algorithm__ddpg__seed43,775065.0,35.01915504563023,
c,2b_algorithm__ddpg__seed43,784919.0,33.47813326517741,
c,2b_algorithm__ddpg__seed43,794930.0,32.64706657409668,
c,2b_algorithm__ddpg__seed43,805108.0,34.939459568745384,
c,2b_algorithm__ddpg__seed43,814967.0,32.63080017089844,
c,2b_algorithm__ddpg__seed43,824923.0,33.97040534663845,
c,2b_algorithm__ddpg__seed43,834826.0,34.82228595188686,
c,2b_algorithm__ddpg__seed43,845016.0,36.376666635706805,
c,2b_algorithm__ddpg__seed43,854870.0,33.81999995257404,
c,2b_algorithm__ddpg__seed43,864883.0,37.31984912987912,
c,2b_algorithm__ddpg__seed43,874941.0,38.76600036621094,
c,2b_algorithm__ddpg__seed43,884978.0,38.88640695810318,
c,2b_algorithm__ddpg__seed43,895016.0,38.94938489473783,
c,2b_algorithm__ddpg__seed43,904999.0,38.049076725886415,
c,2b_algorithm__ddpg__seed43,915006.0,36.89666643004487,
c,2b_algorithm__ddpg__seed43,924985.0,34.546986305550355,
c,2b_algorithm__ddpg__seed43,935056.0,33.66600011189779,
c,2b_algorithm__ddpg__seed43,944972.0,32.941466700236,
c,2b_algorithm__ddpg__seed43,954986.0,37.04712093237674,
c,2b_algorithm__ddpg__seed43,965023.0,38.16166663892341,
c,2b_algorithm__ddpg__seed43,975242.0,35.27547935590352,
c,2b_algorithm__ddpg__seed43,984859.0,32.41552608891537,
c,2b_algorithm__ddpg__seed43,995096.0,33.83600011189779,
c,2b_algorithm__ddpg__seed44,4990.0,39.08721748230949,
c,2b_algorithm__ddpg__seed44,14957.0,39.15218788385391,
c,2b_algorithm__ddpg__seed44,25003.0,38.796768775353065,
c,2b_algorithm__ddpg__seed44,35024.0,39.54682468232655,
c,2b_algorithm__ddpg__seed44,44962.0,38.96218711137772,
c,2b_algorithm__ddpg__seed44,55037.0,39.71873062375992,
c,2b_algorithm__ddpg__seed44,65085.0,39.46093678474426,
c,2b_algorithm__ddpg__seed44,74985.0,39.49951602566627,
c,2b_algorithm__ddpg__seed44,84934.0,39.33171892166138,
c,2b_algorithm__ddpg__seed44,94939.0,38.95421922206879,
c,2b_algorithm__ddpg__seed44,104928.0,38.54061560997596,
c,2b_algorithm__ddpg__seed44,114954.0,38.685845595139725,
c,2b_algorithm__ddpg__seed44,124965.0,39.00812494754791,
c,2b_algorithm__ddpg__seed44,135034.0,38.869846285306494,
c,2b_algorithm__ddpg__seed44,144998.0,39.08317450871543,
c,2b_algorithm__ddpg__seed44,155036.0,39.533750116825104,
c,2b_algorithm__ddpg__seed44,164996.0,39.14269880264524,
c,2b_algorithm__ddpg__seed44,175008.0,39.42359495162964,
c,2b_algorithm__ddpg__seed44,185004.0,38.490614553598256,
c,2b_algorithm__ddpg__seed44,195005.0,38.92625045776367,
c,2b_algorithm__ddpg__seed44,204985.0,39.40095332312205,
c,2b_algorithm__ddpg__seed44,214954.0,39.64634813581194,
c,2b_algorithm__ddpg__seed44,225011.0,39.577499985694885,
c,2b_algorithm__ddpg__seed44,235031.0,38.90984463691712,
c,2b_algorithm__ddpg__seed44,245019.0,38.56015366774339,
c,2b_algorithm__ddpg__seed44,255064.0,39.19015622138977,
c,2b_algorithm__ddpg__seed44,265001.0,39.09365136282785,
c,2b_algorithm__ddpg__seed44,275045.0,39.17046168400691,
c,2b_algorithm__ddpg__seed44,285016.0,38.71328097581864,
c,2b_algorithm__ddpg__seed44,294968.0,38.371692598783056,
c,2b_algorithm__ddpg__seed44,305021.0,38.59984588623047,
c,2b_algorithm__ddpg__seed44,314962.0,39.23587357051789,
c,2b_algorithm__ddpg__seed44,324990.0,39.48609387874603,
c,2b_algorithm__ddpg__seed44,335044.0,39.098593950271606,
c,2b_algorithm__ddpg__seed44,344991.0,38.84640681743622,
c,2b_algorithm__ddpg__seed44,354966.0,38.96921932697296,
c,2b_algorithm__ddpg__seed44,364928.0,38.97046941518784,
c,2b_algorithm__ddpg__seed44,374901.0,38.92234408855438,
c,2b_algorithm__ddpg__seed44,384950.0,39.43640583753586,
c,2b_algorithm__ddpg__seed44,394945.0,39.33603141421364,
c,2b_algorithm__ddpg__seed44,404957.0,39.21609377861023,
c,2b_algorithm__ddpg__seed44,415067.0,39.10738513653095,
c,2b_algorithm__ddpg__seed44,425047.0,38.74843806028366,
c,2b_algorithm__ddpg__seed44,434994.0,38.474614832951474,
c,2b_algorithm__ddpg__seed44,445043.0,39.01218736171722,
c,2b_algorithm__ddpg__seed44,455061.0,39.27609395980835,
c,2b_algorithm__ddpg__seed44,465024.0,39.26365116664341,
c,2b_algorithm__ddpg__seed44,474982.0,39.12937438488007,
c,2b_algorithm__ddpg__seed44,485002.0,38.736153881366434,
c,2b_algorithm__ddpg__seed44,494973.0,39.11269887288412,
c,2b_algorithm__ddpg__seed44,504946.0,39.25515669584274,
c,2b_algorithm__ddpg__seed44,514913.0,39.32650793166388,
c,2b_algorithm__ddpg__seed44,524979.0,39.54281175136566,
c,2b_algorithm__ddpg__seed44,534960.0,39.35888877747551,
c,2b_algorithm__ddpg__seed44,544962.0,38.85584740271935,
c,2b_algorithm__ddpg__seed44,555004.0,39.36571375528971,
c,2b_algorithm__ddpg__seed44,565003.0,39.83412630595858,
c,2b_algorithm__ddpg__seed44,575000.0,39.17843770980835,
c,2b_algorithm__ddpg__seed44,584993.0,38.60446161123423,
c,2b_algorithm__ddpg__seed44,595107.0,39.267655432224274,
c,2b_algorithm__ddpg__seed44,605035.0,39.19412764291915,
c,2b_algorithm__ddpg__seed44,614978.0,38.90296864509583,
c,2b_algorithm__ddpg__seed44,624966.0,38.821230961726265,
c,2b_algorithm__ddpg__seed44,634979.0,39.20571469503736,
c,2b_algorithm__ddpg__seed44,644931.0,39.24125009775162,
c,2b_algorithm__ddpg__seed44,655046.0,39.03830748337965,
c,2b_algorithm__ddpg__seed44,665038.0,38.841093480587006,
c,2b_algorithm__ddpg__seed44,674995.0,39.196349189394994,
c,2b_algorithm__ddpg__seed44,684924.0,39.12984311580658,
c,2b_algorithm__ddpg__seed44,694935.0,39.54142852056594,
c,2b_algorithm__ddpg__seed44,704891.0,38.63476961576021,
c,2b_algorithm__ddpg__seed44,715041.0,39.502343356609344,
c,2b_algorithm__ddpg__seed44,724948.0,38.99809622386145,
c,2b_algorithm__ddpg__seed44,734985.0,39.16907642071064,
c,2b_algorithm__ddpg__seed44,744989.0,39.16238118731786,
c,2b_algorithm__ddpg__seed44,754945.0,39.2498442530632,
c,2b_algorithm__ddpg__seed44,765028.0,39.21953189373016,
c,2b_algorithm__ddpg__seed44,775049.0,38.7012319124662,
c,2b_algorithm__ddpg__seed44,784986.0,39.01222222948831,
c,2b_algorithm__ddpg__seed44,794954.0,39.36937463283539,
c,2b_algorithm__ddpg__seed44,804995.0,39.56269824315631,
c,2b_algorithm__ddpg__seed44,814927.0,39.3584120614188,
c,2b_algorithm__ddpg__seed44,824965.0,39.36546856164932,
c,2b_algorithm__ddpg__seed44,835021.0,38.95676920964168,
c,2b_algorithm__ddpg__seed44,845027.0,38.837031066417694,
c,2b_algorithm__ddpg__seed44,855054.0,39.58555548531668,
c,2b_algorithm__ddpg__seed44,864999.0,38.99328202009201,
c,2b_algorithm__ddpg__seed44,874980.0,38.97359275817871,
c,2b_algorithm__ddpg__seed44,885020.0,39.313281178474426,
c,2b_algorithm__ddpg__seed44,895018.0,38.46292337270884,
c,2b_algorithm__ddpg__seed44,904973.0,38.795938074588776,
c,2b_algorithm__ddpg__seed44,915033.0,39.371093928813934,
c,2b_algorithm__ddpg__seed44,925072.0,39.15843707323074,
c,2b_algorithm__ddpg__seed44,935050.0,38.97453135251999,
c,2b_algorithm__ddpg__seed44,944986.0,39.16635022844587,
c,2b_algorithm__ddpg__seed44,954947.0,39.23187530040741,
c,2b_algorithm__ddpg__seed44,965007.0,39.05499941110611,
c,2b_algorithm__ddpg__seed44,975015.0,38.85276917677659,
c,2b_algorithm__ddpg__seed44,985010.0,39.013437390327454,
c,2b_algorithm__ddpg__seed44,995066.0,39.292500615119934,
c,2b_algorithm__ddpg__seed45,5019.0,39.24101644849021,
c,2b_algorithm__ddpg__seed45,15042.0,37.29058815451229,
c,2b_algorithm__ddpg__seed45,25022.0,36.464492742566094,
c,2b_algorithm__ddpg__seed45,35012.0,35.588142830984935,
c,2b_algorithm__ddpg__seed45,45106.0,36.50956532575082,
c,2b_algorithm__ddpg__seed45,55000.0,36.570147177752325,
c,2b_algorithm__ddpg__seed45,65105.0,36.93132389292997,
c,2b_algorithm__ddpg__seed45,75068.0,39.01396821037172,
c,2b_algorithm__ddpg__seed45,84992.0,38.9396875500679,
c,2b_algorithm__ddpg__seed45,95028.0,39.19906270503998,
c,2b_algorithm__ddpg__seed45,105073.0,38.66676911574144,
c,2b_algorithm__ddpg__seed45,115011.0,39.11365054902576,
c,2b_algorithm__ddpg__seed45,124991.0,36.84623181992683,
c,2b_algorithm__ddpg__seed45,135059.0,38.37353867750902,
c,2b_algorithm__ddpg__seed45,145027.0,33.84815768191689,
c,2b_algorithm__ddpg__seed45,154908.0,31.45253157313866,
c,2b_algorithm__ddpg__seed45,164914.0,33.92301371326185,
c,2b_algorithm__ddpg__seed45,175059.0,35.340422348237375,
c,2b_algorithm__ddpg__seed45,185058.0,32.30589741926927,
c,2b_algorithm__ddpg__seed45,195009.0,31.941392439830157,
c,2b_algorithm__ddpg__seed45,204977.0,32.29415583920169,
c,2b_algorithm__ddpg__seed45,214988.0,34.37000011390364,
c,2b_algorithm__ddpg__seed45,225036.0,34.09256746962264,
c,2b_algorithm__ddpg__seed45,234927.0,32.64402590169535,
c,2b_algorithm__ddpg__seed45,244922.0,33.06466677347819,
c,2b_algorithm__ddpg__seed45,255025.0,34.808055294884575,
c,2b_algorithm__ddpg__seed45,265043.0,35.73257135663714,
c,2b_algorithm__ddpg__seed45,275098.0,32.117500042915346,
c,2b_algorithm__ddpg__seed45,284967.0,29.61809514817737,
c,2b_algorithm__ddpg__seed45,295014.0,33.10635131114238,
c,2b_algorithm__ddpg__seed45,305033.0,34.213698452466154,
c,2b_algorithm__ddpg__seed45,314901.0,33.50040515693458,
c,2b_algorithm__ddpg__seed45,325048.0,36.25695657039034,
c,2b_algorithm__ddpg__seed45,335001.0,36.470441706040326,
c,2b_algorithm__ddpg__seed45,345034.0,34.945342285992346,
c,2b_algorithm__ddpg__seed45,354989.0,31.903164537647104,
c,2b_algorithm__ddpg__seed45,365072.0,32.02743588961088,
c,2b_algorithm__ddpg__seed45,375038.0,33.0066667175293,
c,2b_algorithm__ddpg__seed45,385119.0,33.32855259744745,
c,2b_algorithm__ddpg__seed45,395149.0,28.39866665734185,
c,2b_algorithm__ddpg__seed45,404865.0,28.48000006840147,
c,2b_algorithm__ddpg__seed45,415122.0,26.48083333174388,
c,2b_algorithm__ddpg__seed45,425204.0,24.26615388576801,
c,2b_algorithm__ddpg__seed45,435065.0,21.23605035733776,
c,2b_algorithm__ddpg__seed45,444938.0,25.668616984752894,
c,2b_algorithm__ddpg__seed45,455019.0,27.720666694641118,
c,2b_algorithm__ddpg__seed45,465099.0,28.07711115943061,
c,2b_algorithm__ddpg__seed45,474997.0,26.465483942339496,
c,2b_algorithm__ddpg__seed45,484873.0,29.471190452575684,
c,2b_algorithm__ddpg__seed45,494939.0,32.14571422725529,
c,2b_algorithm__ddpg__seed45,505061.0,30.54083333696638,
c,2b_algorithm__ddpg__seed45,515026.0,29.1019998887006,
c,2b_algorithm__ddpg__seed45,525083.0,32.4814286665483,
c,2b_algorithm__ddpg__seed45,535067.0,32.46857125418527,
c,2b_algorithm__ddpg__seed45,544973.0,33.91569436921014,
c,2b_algorithm__ddpg__seed45,554936.0,34.13150682841262,
c,2b_algorithm__ddpg__seed45,564932.0,36.2952943128698,
c,2b_algorithm__ddpg__seed45,575063.0,37.03911770091337,
c,2b_algorithm__ddpg__seed45,585075.0,35.23777770996094,
c,2b_algorithm__ddpg__seed45,594885.0,34.077324128486744,
c,2b_algorithm__ddpg__seed45,604905.0,36.98000010322122,
c,2b_algorithm__ddpg__seed45,614918.0,36.08657144818987,
c,2b_algorithm__ddpg__seed45,625058.0,36.36144947660142,
c,2b_algorithm__ddpg__seed45,634900.0,34.95492929807851,
c,2b_algorithm__ddpg__seed45,644892.0,33.74386688232422,
c,2b_algorithm__ddpg__seed45,655072.0,35.52450728080642,
c,2b_algorithm__ddpg__seed45,665062.0,34.67388900121053,
c,2b_algorithm__ddpg__seed45,674880.0,35.30782583485479,
c,2b_algorithm__ddpg__seed45,685319.0,35.293378443331335,
c,2b_algorithm__ddpg__seed45,695027.0,27.284085919780114,
c,2b_algorithm__ddpg__seed45,705036.0,26.335789429514037,
c,2b_algorithm__ddpg__seed45,715094.0,24.35291258802692,
c,2b_algorithm__ddpg__seed45,724854.0,26.85890113914406,
c,2b_algorithm__ddpg__seed45,734906.0,35.08441176133997,
c,2b_algorithm__ddpg__seed45,745009.0,38.46646147507887,
c,2b_algorithm__ddpg__seed45,755075.0,34.775405471389355,
c,2b_algorithm__ddpg__seed45,765109.0,31.487283989235205,
c,2b_algorithm__ddpg__seed45,775251.0,30.251309508369083,
c,2b_algorithm__ddpg__seed45,785005.0,26.27135415871938,
c,2b_algorithm__ddpg__seed45,794945.0,25.871578879105417,
c,2b_algorithm__ddpg__seed45,805148.0,27.5740659734705,
c,2b_algorithm__ddpg__seed45,814853.0,32.15635137300234,
c,2b_algorithm__ddpg__seed45,825081.0,36.51652173028476,
c,2b_algorithm__ddpg__seed45,835157.0,34.445000004124,
c,2b_algorithm__ddpg__seed45,845227.0,32.56320496094533,
c,2b_algorithm__ddpg__seed45,855181.0,30.25731714760385,
c,2b_algorithm__ddpg__seed45,864916.0,32.10855268177233,
c,2b_algorithm__ddpg__seed45,874994.0,34.60888899697198,
c,2b_algorithm__ddpg__seed45,884984.0,33.61720001220703,
c,2b_algorithm__ddpg__seed45,894961.0,31.750128036890278,
c,2b_algorithm__ddpg__seed45,905013.0,36.38455867767334,
c,2b_algorithm__ddpg__seed45,915011.0,38.13030735896184,
c,2b_algorithm__ddpg__seed45,925058.0,38.53123098520132,
c,2b_algorithm__ddpg__seed45,934981.0,38.047077472393326,
c,2b_algorithm__ddpg__seed45,944972.0,38.3566666805383,
c,2b_algorithm__ddpg__seed45,955079.0,39.12124991416931,
c,2b_algorithm__ddpg__seed45,965176.0,35.8856340327733,
c,2b_algorithm__ddpg__seed45,975072.0,33.63826657613119,
c,2b_algorithm__ddpg__seed45,985026.0,30.768414660197934,
c,2b_algorithm__ddpg__seed45,995079.0,27.95999988094791,
c,2b_algorithm__ddpg__seed46,5034.0,39.24662302410792,
c,2b_algorithm__ddpg__seed46,15258.0,33.23303787617744,
c,2b_algorithm__ddpg__seed46,25056.0,34.93171441214425,
c,2b_algorithm__ddpg__seed46,35048.0,35.82768138940784,
c,2b_algorithm__ddpg__seed46,44932.0,37.04283580495351,
c,2b_algorithm__ddpg__seed46,54975.0,37.17626844947018,
c,2b_algorithm__ddpg__seed46,65024.0,39.42508031451513,
c,2b_algorithm__ddpg__seed46,75030.0,38.36500046469949,
c,2b_algorithm__ddpg__seed46,85018.0,38.74437463283539,
c,2b_algorithm__ddpg__seed46,94964.0,38.3007696885329,
c,2b_algorithm__ddpg__seed46,104958.0,39.038124680519104,
c,2b_algorithm__ddpg__seed46,115011.0,38.33227250070283,
c,2b_algorithm__ddpg__seed46,125120.0,37.34088224523208,
c,2b_algorithm__ddpg__seed46,135004.0,35.06328560965402,
c,2b_algorithm__ddpg__seed46,145054.0,33.69197368621826,
c,2b_algorithm__ddpg__seed46,154753.0,33.17756773974445,
c,2b_algorithm__ddpg__seed46,164987.0,34.899444262186684,
c,2b_algorithm__ddpg__seed46,174884.0,35.83161757974064,
c,2b_algorithm__ddpg__seed46,184969.0,38.28560569069602,
c,2b_algorithm__ddpg__seed46,195037.0,37.59134338151163,
c,2b_algorithm__ddpg__seed46,204975.0,34.29810820399104,
c,2b_algorithm__ddpg__seed46,215135.0,34.87750000423856,
c,2b_algorithm__ddpg__seed46,225000.0,34.52555571662055,
c,2b_algorithm__ddpg__seed46,235102.0,32.761538578913765,
c,2b_algorithm__ddpg__seed46,245144.0,30.584756106865115,
c,2b_algorithm__ddpg__seed46,254931.0,33.13851335886363,
c,2b_algorithm__ddpg__seed46,265009.0,35.66956511787746,
c,2b_algorithm__ddpg__seed46,275189.0,32.75012646445745,
c,2b_algorithm__ddpg__seed46,284901.0,33.13054033227869,
c,2b_algorithm__ddpg__seed46,295169.0,34.87444443172879,
c,2b_algorithm__ddpg__seed46,305013.0,31.01395065401807,
c,2b_algorithm__ddpg__seed46,314884.0,32.52053329467773,
c,2b_algorithm__ddpg__seed46,324867.0,32.013205161461464,
c,2b_algorithm__ddpg__seed46,334926.0,33.2894737595006,
c,2b_algorithm__ddpg__seed46,344925.0,35.09676038715202,
c,2b_algorithm__ddpg__seed46,354875.0,32.146883184259586,
c,2b_algorithm__ddpg__seed46,365070.0,36.74000016380759,
c,2b_algorithm__ddpg__seed46,374910.0,31.108658697546986,
c,2b_algorithm__ddpg__seed46,384795.0,32.224155822357574,
c,2b_algorithm__ddpg__seed46,394965.0,32.13025967486493,
c,2b_algorithm__ddpg__seed46,405007.0,35.160555839538574,
c,2b_algorithm__ddpg__seed46,415037.0,31.962500047683715,
c,2b_algorithm__ddpg__seed46,425076.0,30.26146349092809,
c,2b_algorithm__ddpg__seed46,435038.0,30.00411769642549,
c,2b_algorithm__ddpg__seed46,445124.0,30.606913437078028,
c,2b_algorithm__ddpg__seed46,455042.0,28.604712716464338,
c,2b_algorithm__ddpg__seed46,464990.0,27.226086906764817,
c,2b_algorithm__ddpg__seed46,474948.0,30.899000144004823,
c,2b_algorithm__ddpg__seed46,485020.0,32.46223673067595,
c,2b_algorithm__ddpg__seed46,494942.0,30.711829208746188,
c,2b_algorithm__ddpg__seed46,505147.0,33.33750009536743,
c,2b_algorithm__ddpg__seed46,514881.0,29.32809523173741,
c,2b_algorithm__ddpg__seed46,524978.0,35.73710156869197,
c,2b_algorithm__ddpg__seed46,534919.0,35.543188233306445,
c,2b_algorithm__ddpg__seed46,545124.0,34.57746681213379,
c,2b_algorithm__ddpg__seed46,555033.0,31.93038456256573,
c,2b_algorithm__ddpg__seed46,564956.0,30.567590276879,
c,2b_algorithm__ddpg__seed46,575045.0,32.066052763085615,
c,2b_algorithm__ddpg__seed46,584892.0,32.328961137053255,
c,2b_algorithm__ddpg__seed46,594865.0,31.368124771118165,
c,2b_algorithm__ddpg__seed46,604776.0,32.61973674673783,
c,2b_algorithm__ddpg__seed46,614720.0,33.82243259533031,
c,2b_algorithm__ddpg__seed46,624870.0,33.78136969265873,
c,2b_algorithm__ddpg__seed46,634957.0,35.17444446351793,
c,2b_algorithm__ddpg__seed46,645147.0,33.511428535758675,
c,2b_algorithm__ddpg__seed46,654937.0,31.254359025221603,
c,2b_algorithm__ddpg__seed46,665297.0,27.941914842483847,
c,2b_algorithm__ddpg__seed46,674962.0,27.626590967178345,
c,2b_algorithm__ddpg__seed46,684930.0,27.412608519844387,
c,2b_algorithm__ddpg__seed46,695029.0,29.78166675567627,
c,2b_algorithm__ddpg__seed46,705075.0,30.161829320395864,
c,2b_algorithm__ddpg__seed46,714805.0,33.546805726157295,
c,2b_algorithm__ddpg__seed46,725225.0,34.04736817510504,
c,2b_algorithm__ddpg__seed46,735040.0,30.31439025227617,
c,2b_algorithm__ddpg__seed46,745007.0,30.79987634258506,
c,2b_algorithm__ddpg__seed46,754912.0,32.856133219401045,
c,2b_algorithm__ddpg__seed46,765109.0,31.70974996089935,
c,2b_algorithm__ddpg__seed46,775173.0,30.74773813429333,
c,2b_algorithm__ddpg__seed46,784886.0,30.488589824774326,
c,2b_algorithm__ddpg__seed46,795425.0,29.09999997880724,
c,2b_algorithm__ddpg__seed46,805018.0,27.18626370272793,
c,2b_algorithm__ddpg__seed46,814988.0,26.98999999917072,
c,2b_algorithm__ddpg__seed46,824879.0,27.470978239308234,
c,2b_algorithm__ddpg__seed46,834893.0,27.723522771488536,
c,2b_algorithm__ddpg__seed46,845053.0,28.39388896094428,
c,2b_algorithm__ddpg__seed46,855071.0,29.102674439895985,
c,2b_algorithm__ddpg__seed46,864903.0,26.95626365745461,
c,2b_algorithm__ddpg__seed46,875225.0,34.176986511439495,
c,2b_algorithm__ddpg__seed46,884895.0,35.03000013379083,
c,2b_algorithm__ddpg__seed46,894952.0,36.27681168265965,
c,2b_algorithm__ddpg__seed46,904992.0,36.8104409049539,
c,2b_algorithm__ddpg__seed46,914883.0,37.29803004409328,
c,2b_algorithm__ddpg__seed46,925053.0,37.64029418720919,
c,2b_algorithm__ddpg__seed46,934774.0,33.20283794403076,
c,2b_algorithm__ddpg__seed46,944849.0,35.60785675048828,
c,2b_algorithm__ddpg__seed46,954965.0,37.88393951184822,
c,2b_algorithm__ddpg__seed46,965022.0,36.368285751342775,
c,2b_algorithm__ddpg__seed46,975027.0,36.631323533899646,
c,2b_algorithm__ddpg__seed46,985026.0,37.99076931293194,
c,2b_algorithm__ddpg__seed46,995114.0,36.51042856488909,
d,2a_reward_mode__shaped__seed42,8192.0,-106027.640625,
d,2a_reward_mode__shaped__seed42,16384.0,-88461.5,
d,2a_reward_mode__shaped__seed42,24576.0,-56252.4921875,
d,2a_reward_mode__shaped__seed42,32768.0,-36210.26171875,
d,2a_reward_mode__shaped__seed42,45056.0,-26183.185546875,
d,2a_reward_mode__shaped__seed42,57344.0,-15956.947265625,
d,2a_reward_mode__shaped__seed42,65536.0,-13086.9775390625,
d,2a_reward_mode__shaped__seed42,73728.0,-8471.61328125,
d,2a_reward_mode__shaped__seed42,81920.0,-7871.65478515625,
d,2a_reward_mode__shaped__seed42,94208.0,-6067.493896484375,
d,2a_reward_mode__shaped__seed42,106496.0,-5551.138671875,
d,2a_reward_mode__shaped__seed42,114688.0,-5732.23779296875,
d,2a_reward_mode__shaped__seed42,122880.0,-4394.859375,
d,2a_reward_mode__shaped__seed42,135168.0,-5008.318359375,
d,2a_reward_mode__shaped__seed42,147456.0,-4203.00390625,
d,2a_reward_mode__shaped__seed42,155648.0,-4486.71533203125,
d,2a_reward_mode__shaped__seed42,163840.0,-3880.414794921875,
d,2a_reward_mode__shaped__seed42,172032.0,-3795.678955078125,
d,2a_reward_mode__shaped__seed42,184320.0,-4014.783203125,
d,2a_reward_mode__shaped__seed42,196608.0,-3497.200439453125,
d,2a_reward_mode__shaped__seed42,204800.0,-3583.007080078125,
d,2a_reward_mode__shaped__seed42,212992.0,-2737.207275390625,
d,2a_reward_mode__shaped__seed42,225280.0,-2980.9190673828125,
d,2a_reward_mode__shaped__seed42,237568.0,-2789.186767578125,
d,2a_reward_mode__shaped__seed42,245760.0,-2888.483642578125,
d,2a_reward_mode__shaped__seed42,253952.0,-2754.927734375,
d,2a_reward_mode__shaped__seed42,262144.0,-2258.843505859375,
d,2a_reward_mode__shaped__seed42,274432.0,-2814.4940185546875,
d,2a_reward_mode__shaped__seed42,286720.0,-2526.2001953125,
d,2a_reward_mode__shaped__seed42,294912.0,-2490.447021484375,
d,2a_reward_mode__shaped__seed42,303104.0,-2403.482666015625,
d,2a_reward_mode__shaped__seed42,315392.0,-2455.8453369140625,
d,2a_reward_mode__shaped__seed42,327680.0,-2507.490478515625,
d,2a_reward_mode__shaped__seed42,335872.0,-2132.52880859375,
d,2a_reward_mode__shaped__seed42,344064.0,-2532.780029296875,
d,2a_reward_mode__shaped__seed42,352256.0,-1835.7132568359373,
d,2a_reward_mode__shaped__seed42,364544.0,-2239.39794921875,
d,2a_reward_mode__shaped__seed42,376832.0,-2123.906494140625,
d,2a_reward_mode__shaped__seed42,385024.0,-2481.96142578125,
d,2a_reward_mode__shaped__seed42,393216.0,-2130.55126953125,
d,2a_reward_mode__shaped__seed42,405504.0,-2458.414428710937,
d,2a_reward_mode__shaped__seed42,417792.0,-2240.583251953125,
d,2a_reward_mode__shaped__seed42,425984.0,-1901.8924560546875,
d,2a_reward_mode__shaped__seed42,434176.0,-2231.26953125,
d,2a_reward_mode__shaped__seed42,442368.0,-2392.968994140625,
d,2a_reward_mode__shaped__seed42,454656.0,-2285.436279296875,
d,2a_reward_mode__shaped__seed42,466944.0,-1399.47705078125,
d,2a_reward_mode__shaped__seed42,475136.0,-2475.9775390625,
d,2a_reward_mode__shaped__seed42,483328.0,-1903.3497314453125,
d,2a_reward_mode__shaped__seed42,495616.0,-1793.6589965820312,
d,2a_reward_mode__shaped__seed42,507904.0,-1648.141357421875,
d,2a_reward_mode__shaped__seed42,516096.0,-1469.988525390625,
d,2a_reward_mode__shaped__seed42,524288.0,-1766.681884765625,
d,2a_reward_mode__shaped__seed42,532480.0,-1817.3934326171875,
d,2a_reward_mode__shaped__seed42,544768.0,-1571.6276245117188,
d,2a_reward_mode__shaped__seed42,557056.0,-1340.2796630859375,
d,2a_reward_mode__shaped__seed42,565248.0,-1983.2149658203125,
d,2a_reward_mode__shaped__seed42,573440.0,-1785.3931884765625,
d,2a_reward_mode__shaped__seed42,585728.0,-1892.976806640625,
d,2a_reward_mode__shaped__seed42,598016.0,-1858.5540771484373,
d,2a_reward_mode__shaped__seed42,606208.0,-1404.85595703125,
d,2a_reward_mode__shaped__seed42,614400.0,-1683.489013671875,
d,2a_reward_mode__shaped__seed42,622592.0,-1914.3265380859373,
d,2a_reward_mode__shaped__seed42,634880.0,-1661.11865234375,
d,2a_reward_mode__shaped__seed42,647168.0,-1734.6754150390625,
d,2a_reward_mode__shaped__seed42,655360.0,-1399.7427978515625,
d,2a_reward_mode__shaped__seed42,663552.0,-1705.966064453125,
d,2a_reward_mode__shaped__seed42,675840.0,-1623.9526977539062,
d,2a_reward_mode__shaped__seed42,688128.0,-1394.11962890625,
d,2a_reward_mode__shaped__seed42,696320.0,-1595.02392578125,
d,2a_reward_mode__shaped__seed42,704512.0,-1515.517333984375,
d,2a_reward_mode__shaped__seed42,712704.0,-1277.6962890625,
d,2a_reward_mode__shaped__seed42,724992.0,-1388.9719848632812,
d,2a_reward_mode__shaped__seed42,737280.0,-1250.1058349609375,
d,2a_reward_mode__shaped__seed42,745472.0,-1150.7620849609375,
d,2a_reward_mode__shaped__seed42,753664.0,-1042.5753173828125,
d,2a_reward_mode__shaped__seed42,761856.0,-1238.9066162109375,
d,2a_reward_mode__shaped__seed42,774144.0,-791.8846435546875,
d,2a_reward_mode__shaped__seed42,786432.0,-855.13232421875,
d,2a_reward_mode__shaped__seed42,794624.0,-933.6441040039062,
d,2a_reward_mode__shaped__seed42,802816.0,-802.314697265625,
d,2a_reward_mode__shaped__seed42,815104.0,-670.9917907714844,
d,2a_reward_mode__shaped__seed42,827392.0,-654.267578125,
d,2a_reward_mode__shaped__seed42,835584.0,-743.4476318359375,
d,2a_reward_mode__shaped__seed42,843776.0,-700.7262573242188,
d,2a_reward_mode__shaped__seed42,851968.0,-804.59521484375,
d,2a_reward_mode__shaped__seed42,864256.0,-565.3090057373047,
d,2a_reward_mode__shaped__seed42,876544.0,-817.2021484375,
d,2a_reward_mode__shaped__seed42,884736.0,-709.821533203125,
d,2a_reward_mode__shaped__seed42,892928.0,-807.613037109375,
d,2a_reward_mode__shaped__seed42,905216.0,-883.2635498046875,
d,2a_reward_mode__shaped__seed42,917504.0,-552.98779296875,
d,2a_reward_mode__shaped__seed42,925696.0,-490.0313720703125,
d,2a_reward_mode__shaped__seed42,933888.0,-718.2489624023438,
d,2a_reward_mode__shaped__seed42,942080.0,-408.54925537109375,
d,2a_reward_mode__shaped__seed42,954368.0,-552.0457000732422,
d,2a_reward_mode__shaped__seed42,966656.0,-588.4296264648438,
d,2a_reward_mode__shaped__seed42,974848.0,-467.7068481445313,
d,2a_reward_mode__shaped__seed42,983040.0,-352.2900695800781,
d,2a_reward_mode__shaped__seed42,995328.0,-324.8036499023437,
d,2a_reward_mode__shaped__seed42,1007616.0,-435.9064636230469,
d,2a_reward_mode__shaped__seed43,8192.0,-108423.6015625,
d,2a_reward_mode__shaped__seed43,16384.0,-86047.5234375,
d,2a_reward_mode__shaped__seed43,24576.0,-59068.25390625,
d,2a_reward_mode__shaped__seed43,32768.0,-35337.89453125,
d,2a_reward_mode__shaped__seed43,45056.0,-23791.2763671875,
d,2a_reward_mode__shaped__seed43,57344.0,-11005.150390625,
d,2a_reward_mode__shaped__seed43,65536.0,-10209.2001953125,
d,2a_reward_mode__shaped__seed43,73728.0,-8737.9580078125,
d,2a_reward_mode__shaped__seed43,81920.0,-7843.06884765625,
d,2a_reward_mode__shaped__seed43,94208.0,-4907.407958984375,
d,2a_reward_mode__shaped__seed43,106496.0,-5179.1171875,
d,2a_reward_mode__shaped__seed43,114688.0,-5643.60498046875,
d,2a_reward_mode__shaped__seed43,122880.0,-3836.249267578125,
d,2a_reward_mode__shaped__seed43,135168.0,-4493.33837890625,
d,2a_reward_mode__shaped__seed43,147456.0,-2950.9990234375,
d,2a_reward_mode__shaped__seed43,155648.0,-3639.47802734375,
d,2a_reward_mode__shaped__seed43,163840.0,-3237.5771484375,
d,2a_reward_mode__shaped__seed43,172032.0,-2795.89990234375,
d,2a_reward_mode__shaped__seed43,184320.0,-2833.954467773437,
d,2a_reward_mode__shaped__seed43,196608.0,-2793.291259765625,
d,2a_reward_mode__shaped__seed43,204800.0,-2506.455078125,
d,2a_reward_mode__shaped__seed43,212992.0,-2349.70654296875,
d,2a_reward_mode__shaped__seed43,225280.0,-2766.13818359375,
d,2a_reward_mode__shaped__seed43,237568.0,-2691.034912109375,
d,2a_reward_mode__shaped__seed43,245760.0,-2349.787353515625,
d,2a_reward_mode__shaped__seed43,253952.0,-2137.40380859375,
d,2a_reward_mode__shaped__seed43,262144.0,-2079.132080078125,
d,2a_reward_mode__shaped__seed43,274432.0,-1996.3297119140625,
d,2a_reward_mode__shaped__seed43,286720.0,-1943.2618408203125,
d,2a_reward_mode__shaped__seed43,294912.0,-1950.974853515625,
d,2a_reward_mode__shaped__seed43,303104.0,-1489.086181640625,
d,2a_reward_mode__shaped__seed43,315392.0,-1652.6839599609375,
d,2a_reward_mode__shaped__seed43,327680.0,-1388.2877197265625,
d,2a_reward_mode__shaped__seed43,335872.0,-1748.642333984375,
d,2a_reward_mode__shaped__seed43,344064.0,-1670.868408203125,
d,2a_reward_mode__shaped__seed43,352256.0,-1743.076904296875,
d,2a_reward_mode__shaped__seed43,364544.0,-1464.6668090820312,
d,2a_reward_mode__shaped__seed43,376832.0,-1420.7508544921875,
d,2a_reward_mode__shaped__seed43,385024.0,-1672.4144287109375,
d,2a_reward_mode__shaped__seed43,393216.0,-1444.8433837890625,
d,2a_reward_mode__shaped__seed43,405504.0,-1859.5704956054688,
d,2a_reward_mode__shaped__seed43,417792.0,-1110.327392578125,
d,2a_reward_mode__shaped__seed43,425984.0,-1073.8388671875,
d,2a_reward_mode__shaped__seed43,434176.0,-1369.459228515625,
d,2a_reward_mode__shaped__seed43,442368.0,-1506.2835693359375,
d,2a_reward_mode__shaped__seed43,454656.0,-1432.0927124023438,
d,2a_reward_mode__shaped__seed43,466944.0,-1315.89013671875,
d,2a_reward_mode__shaped__seed43,475136.0,-1426.5672607421875,
d,2a_reward_mode__shaped__seed43,483328.0,-1120.77587890625,
d,2a_reward_mode__shaped__seed43,495616.0,-1161.9864501953125,
d,2a_reward_mode__shaped__seed43,507904.0,-1077.9974365234375,
d,2a_reward_mode__shaped__seed43,516096.0,-1004.885498046875,
d,2a_reward_mode__shaped__seed43,524288.0,-1340.2877197265625,
d,2a_reward_mode__shaped__seed43,532480.0,-1070.9571533203125,
d,2a_reward_mode__shaped__seed43,544768.0,-1116.184814453125,
d,2a_reward_mode__shaped__seed43,557056.0,-1046.649169921875,
d,2a_reward_mode__shaped__seed43,565248.0,-1051.751953125,
d,2a_reward_mode__shaped__seed43,573440.0,-1251.3782958984375,
d,2a_reward_mode__shaped__seed43,585728.0,-1305.21533203125,
d,2a_reward_mode__shaped__seed43,598016.0,-1035.3084716796875,
d,2a_reward_mode__shaped__seed43,606208.0,-834.876708984375,
d,2a_reward_mode__shaped__seed43,614400.0,-1107.3890380859375,
d,2a_reward_mode__shaped__seed43,622592.0,-1276.4962158203125,
d,2a_reward_mode__shaped__seed43,634880.0,-1171.0902099609375,
d,2a_reward_mode__shaped__seed43,647168.0,-746.3523559570312,
d,2a_reward_mode__shaped__seed43,655360.0,-998.9329223632812,
d,2a_reward_mode__shaped__seed43,663552.0,-1453.7205810546875,
d,2a_reward_mode__shaped__seed43,675840.0,-1023.5606079101562,
d,2a_reward_mode__shaped__seed43,688128.0,-874.8002319335938,
d,2a_reward_mode__shaped__seed43,696320.0,-868.4104614257812,
d,2a_reward_mode__shaped__seed43,704512.0,-912.2833251953124,
d,2a_reward_mode__shaped__seed43,712704.0,-820.5371704101562,
d,2a_reward_mode__shaped__seed43,724992.0,-950.5887145996094,
d,2a_reward_mode__shaped__seed43,737280.0,-806.1554565429688,
d,2a_reward_mode__shaped__seed43,745472.0,-1042.0108642578125,
d,2a_reward_mode__shaped__seed43,753664.0,-670.0526733398438,
d,2a_reward_mode__shaped__seed43,761856.0,-885.6610107421875,
d,2a_reward_mode__shaped__seed43,774144.0,-708.5860595703125,
d,2a_reward_mode__shaped__seed43,786432.0,-617.4061889648438,
d,2a_reward_mode__shaped__seed43,794624.0,-506.8795776367188,
d,2a_reward_mode__shaped__seed43,802816.0,-480.1284790039063,
d,2a_reward_mode__shaped__seed43,815104.0,-622.7581481933594,
d,2a_reward_mode__shaped__seed43,827392.0,-649.1472778320312,
d,2a_reward_mode__shaped__seed43,835584.0,-779.3927001953125,
d,2a_reward_mode__shaped__seed43,843776.0,-548.2107543945312,
d,2a_reward_mode__shaped__seed43,851968.0,-588.2399291992188,
d,2a_reward_mode__shaped__seed43,864256.0,-433.98875427246094,
d,2a_reward_mode__shaped__seed43,876544.0,-383.2451171875,
d,2a_reward_mode__shaped__seed43,884736.0,-609.2115478515625,
d,2a_reward_mode__shaped__seed43,892928.0,-411.6764526367188,
d,2a_reward_mode__shaped__seed43,905216.0,-368.39674377441406,
d,2a_reward_mode__shaped__seed43,917504.0,-324.3347473144531,
d,2a_reward_mode__shaped__seed43,925696.0,-244.09506225585935,
d,2a_reward_mode__shaped__seed43,933888.0,-196.6175994873047,
d,2a_reward_mode__shaped__seed43,942080.0,-317.6944580078125,
d,2a_reward_mode__shaped__seed43,954368.0,-230.7266960144043,
d,2a_reward_mode__shaped__seed43,966656.0,78.31986999511719,
d,2a_reward_mode__shaped__seed43,974848.0,-281.071044921875,
d,2a_reward_mode__shaped__seed43,983040.0,-101.29298400878906,
d,2a_reward_mode__shaped__seed43,995328.0,-34.66020679473877,
d,2a_reward_mode__shaped__seed43,1007616.0,-201.80198669433597,
d,2a_reward_mode__shaped__seed44,8192.0,-101783.6875,
d,2a_reward_mode__shaped__seed44,16384.0,-76224.1640625,
d,2a_reward_mode__shaped__seed44,24576.0,-62137.765625,
d,2a_reward_mode__shaped__seed44,32768.0,-39826.08203125,
d,2a_reward_mode__shaped__seed44,45056.0,-23346.421875,
d,2a_reward_mode__shaped__seed44,57344.0,-12116.2421875,
d,2a_reward_mode__shaped__seed44,65536.0,-9912.357421875,
d,2a_reward_mode__shaped__seed44,73728.0,-9082.71484375,
d,2a_reward_mode__shaped__seed44,81920.0,-8985.8876953125,
d,2a_reward_mode__shaped__seed44,94208.0,-6118.7734375,
d,2a_reward_mode__shaped__seed44,106496.0,-4050.576904296875,
d,2a_reward_mode__shaped__seed44,114688.0,-4589.93017578125,
d,2a_reward_mode__shaped__seed44,122880.0,-3969.858154296875,
d,2a_reward_mode__shaped__seed44,135168.0,-3884.2890625,
d,2a_reward_mode__shaped__seed44,147456.0,-3044.765869140625,
d,2a_reward_mode__shaped__seed44,155648.0,-4142.45166015625,
d,2a_reward_mode__shaped__seed44,163840.0,-3127.8857421875,
d,2a_reward_mode__shaped__seed44,172032.0,-2646.61083984375,
d,2a_reward_mode__shaped__seed44,184320.0,-2780.7451171875,
d,2a_reward_mode__shaped__seed44,196608.0,-2504.545166015625,
d,2a_reward_mode__shaped__seed44,204800.0,-2529.974853515625,
d,2a_reward_mode__shaped__seed44,212992.0,-1961.8302001953125,
d,2a_reward_mode__shaped__seed44,225280.0,-2313.189208984375,
d,2a_reward_mode__shaped__seed44,237568.0,-1847.442626953125,
d,2a_reward_mode__shaped__seed44,245760.0,-1822.8922119140625,
d,2a_reward_mode__shaped__seed44,253952.0,-1494.9100341796875,
d,2a_reward_mode__shaped__seed44,262144.0,-1690.2333984375,
d,2a_reward_mode__shaped__seed44,274432.0,-1874.7462158203125,
d,2a_reward_mode__shaped__seed44,286720.0,-1477.697509765625,
d,2a_reward_mode__shaped__seed44,294912.0,-1433.3880615234375,
d,2a_reward_mode__shaped__seed44,303104.0,-1168.945068359375,
d,2a_reward_mode__shaped__seed44,315392.0,-1183.3546142578125,
d,2a_reward_mode__shaped__seed44,327680.0,-1474.826416015625,
d,2a_reward_mode__shaped__seed44,335872.0,-1287.0792236328125,
d,2a_reward_mode__shaped__seed44,344064.0,-1285.4427490234375,
d,2a_reward_mode__shaped__seed44,352256.0,-1170.674072265625,
d,2a_reward_mode__shaped__seed44,364544.0,-961.937957763672,
d,2a_reward_mode__shaped__seed44,376832.0,-961.7432861328124,
d,2a_reward_mode__shaped__seed44,385024.0,-991.1888427734376,
d,2a_reward_mode__shaped__seed44,393216.0,-939.2601318359376,
d,2a_reward_mode__shaped__seed44,405504.0,-1125.082763671875,
d,2a_reward_mode__shaped__seed44,417792.0,-877.4578247070312,
d,2a_reward_mode__shaped__seed44,425984.0,-840.6746215820312,
d,2a_reward_mode__shaped__seed44,434176.0,-1051.66455078125,
d,2a_reward_mode__shaped__seed44,442368.0,-1208.453857421875,
d,2a_reward_mode__shaped__seed44,454656.0,-1249.439208984375,
d,2a_reward_mode__shaped__seed44,466944.0,-1102.9058837890625,
d,2a_reward_mode__shaped__seed44,475136.0,-1172.03857421875,
d,2a_reward_mode__shaped__seed44,483328.0,-981.1083374023438,
d,2a_reward_mode__shaped__seed44,495616.0,-969.9426879882812,
d,2a_reward_mode__shaped__seed44,507904.0,-976.6211547851562,
d,2a_reward_mode__shaped__seed44,516096.0,-908.7689208984376,
d,2a_reward_mode__shaped__seed44,524288.0,-1085.888671875,
d,2a_reward_mode__shaped__seed44,532480.0,-841.356689453125,
d,2a_reward_mode__shaped__seed44,544768.0,-974.223663330078,
d,2a_reward_mode__shaped__seed44,557056.0,-1040.1593017578125,
d,2a_reward_mode__shaped__seed44,565248.0,-997.599853515625,
d,2a_reward_mode__shaped__seed44,573440.0,-1071.746337890625,
d,2a_reward_mode__shaped__seed44,585728.0,-996.5850830078124,
d,2a_reward_mode__shaped__seed44,598016.0,-819.0524291992188,
d,2a_reward_mode__shaped__seed44,606208.0,-904.116943359375,
d,2a_reward_mode__shaped__seed44,614400.0,-967.9276123046876,
d,2a_reward_mode__shaped__seed44,622592.0,-750.8839721679688,
d,2a_reward_mode__shaped__seed44,634880.0,-938.7008972167968,
d,2a_reward_mode__shaped__seed44,647168.0,-989.4715576171876,
d,2a_reward_mode__shaped__seed44,655360.0,-795.8563232421875,
d,2a_reward_mode__shaped__seed44,663552.0,-1078.9271240234375,
d,2a_reward_mode__shaped__seed44,675840.0,-930.298309326172,
d,2a_reward_mode__shaped__seed44,688128.0,-805.0825805664062,
d,2a_reward_mode__shaped__seed44,696320.0,-1041.2528076171875,
d,2a_reward_mode__shaped__seed44,704512.0,-947.9805908203124,
d,2a_reward_mode__shaped__seed44,712704.0,-1016.9451904296876,
d,2a_reward_mode__shaped__seed44,724992.0,-828.0928649902344,
d,2a_reward_mode__shaped__seed44,737280.0,-1034.5345458984375,
d,2a_reward_mode__shaped__seed44,745472.0,-777.4213256835938,
d,2a_reward_mode__shaped__seed44,753664.0,-796.4592895507812,
d,2a_reward_mode__shaped__seed44,761856.0,-934.6054077148438,
d,2a_reward_mode__shaped__seed44,774144.0,-620.4286499023438,
d,2a_reward_mode__shaped__seed44,786432.0,-700.7955322265625,
d,2a_reward_mode__shaped__seed44,794624.0,-582.0667114257812,
d,2a_reward_mode__shaped__seed44,802816.0,-588.646728515625,
d,2a_reward_mode__shaped__seed44,815104.0,-429.39013671875,
d,2a_reward_mode__shaped__seed44,827392.0,-380.6076049804688,
d,2a_reward_mode__shaped__seed44,835584.0,-402.4313049316406,
d,2a_reward_mode__shaped__seed44,843776.0,-680.773193359375,
d,2a_reward_mode__shaped__seed44,851968.0,-438.9014587402344,
d,2a_reward_mode__shaped__seed44,864256.0,-270.0262985229492,
d,2a_reward_mode__shaped__seed44,876544.0,-535.8545532226562,
d,2a_reward_mode__shaped__seed44,884736.0,-215.86276245117188,
d,2a_reward_mode__shaped__seed44,892928.0,-279.0878601074219,
d,2a_reward_mode__shaped__seed44,905216.0,-420.4832153320313,
d,2a_reward_mode__shaped__seed44,917504.0,-35.4517822265625,
d,2a_reward_mode__shaped__seed44,925696.0,-159.5252685546875,
d,2a_reward_mode__shaped__seed44,933888.0,-359.4540710449219,
d,2a_reward_mode__shaped__seed44,942080.0,-110.7750244140625,
d,2a_reward_mode__shaped__seed44,954368.0,-98.15985488891602,
d,2a_reward_mode__shaped__seed44,966656.0,21.92803955078125,
d,2a_reward_mode__shaped__seed44,974848.0,74.08057403564453,
d,2a_reward_mode__shaped__seed44,983040.0,-32.628929138183594,
d,2a_reward_mode__shaped__seed44,995328.0,161.6103286743164,
d,2a_reward_mode__shaped__seed44,1007616.0,108.2976303100586,
d,2a_reward_mode__shaped__seed45,8192.0,-104050.6640625,
d,2a_reward_mode__shaped__seed45,16384.0,-85167.0234375,
d,2a_reward_mode__shaped__seed45,24576.0,-51027.3125,
d,2a_reward_mode__shaped__seed45,32768.0,-35830.2734375,
d,2a_reward_mode__shaped__seed45,45056.0,-22281.2744140625,
d,2a_reward_mode__shaped__seed45,57344.0,-11041.1181640625,
d,2a_reward_mode__shaped__seed45,65536.0,-11371.529296875,
d,2a_reward_mode__shaped__seed45,73728.0,-8988.5634765625,
d,2a_reward_mode__shaped__seed45,81920.0,-7508.89013671875,
d,2a_reward_mode__shaped__seed45,94208.0,-6074.95068359375,
d,2a_reward_mode__shaped__seed45,106496.0,-5197.53125,
d,2a_reward_mode__shaped__seed45,114688.0,-4459.9775390625,
d,2a_reward_mode__shaped__seed45,122880.0,-3715.859130859375,
d,2a_reward_mode__shaped__seed45,135168.0,-3545.8543701171875,
d,2a_reward_mode__shaped__seed45,147456.0,-3064.245849609375,
d,2a_reward_mode__shaped__seed45,155648.0,-3411.4072265625,
d,2a_reward_mode__shaped__seed45,163840.0,-2823.950927734375,
d,2a_reward_mode__shaped__seed45,172032.0,-2522.060302734375,
d,2a_reward_mode__shaped__seed45,184320.0,-2336.516845703125,
d,2a_reward_mode__shaped__seed45,196608.0,-2109.475341796875,
d,2a_reward_mode__shaped__seed45,204800.0,-2348.741455078125,
d,2a_reward_mode__shaped__seed45,212992.0,-1946.6424560546875,
d,2a_reward_mode__shaped__seed45,225280.0,-1881.1180419921875,
d,2a_reward_mode__shaped__seed45,237568.0,-1488.509765625,
d,2a_reward_mode__shaped__seed45,245760.0,-1645.2283935546875,
d,2a_reward_mode__shaped__seed45,253952.0,-1542.4500732421875,
d,2a_reward_mode__shaped__seed45,262144.0,-1513.2620849609375,
d,2a_reward_mode__shaped__seed45,274432.0,-1576.36083984375,
d,2a_reward_mode__shaped__seed45,286720.0,-1504.588623046875,
d,2a_reward_mode__shaped__seed45,294912.0,-1678.675537109375,
d,2a_reward_mode__shaped__seed45,303104.0,-1271.0888671875,
d,2a_reward_mode__shaped__seed45,315392.0,-1385.8958740234375,
d,2a_reward_mode__shaped__seed45,327680.0,-1301.5128173828125,
d,2a_reward_mode__shaped__seed45,335872.0,-1537.3248291015625,
d,2a_reward_mode__shaped__seed45,344064.0,-1280.9864501953125,
d,2a_reward_mode__shaped__seed45,352256.0,-1222.590087890625,
d,2a_reward_mode__shaped__seed45,364544.0,-1237.07958984375,
d,2a_reward_mode__shaped__seed45,376832.0,-1112.297119140625,
d,2a_reward_mode__shaped__seed45,385024.0,-943.1975708007812,
d,2a_reward_mode__shaped__seed45,393216.0,-1086.3841552734375,
d,2a_reward_mode__shaped__seed45,405504.0,-1090.4241333007812,
d,2a_reward_mode__shaped__seed45,417792.0,-1336.8665771484375,
d,2a_reward_mode__shaped__seed45,425984.0,-1367.635986328125,
d,2a_reward_mode__shaped__seed45,434176.0,-959.923095703125,
d,2a_reward_mode__shaped__seed45,442368.0,-1081.732421875,
d,2a_reward_mode__shaped__seed45,454656.0,-1418.0031127929688,
d,2a_reward_mode__shaped__seed45,466944.0,-1062.7083740234375,
d,2a_reward_mode__shaped__seed45,475136.0,-903.6695556640624,
d,2a_reward_mode__shaped__seed45,483328.0,-1050.1622314453125,
d,2a_reward_mode__shaped__seed45,495616.0,-1017.9403076171876,
d,2a_reward_mode__shaped__seed45,507904.0,-866.9097900390625,
d,2a_reward_mode__shaped__seed45,516096.0,-1006.164794921875,
d,2a_reward_mode__shaped__seed45,524288.0,-780.6348876953125,
d,2a_reward_mode__shaped__seed45,532480.0,-868.7171020507812,
d,2a_reward_mode__shaped__seed45,544768.0,-920.5929870605468,
d,2a_reward_mode__shaped__seed45,557056.0,-932.5457763671876,
d,2a_reward_mode__shaped__seed45,565248.0,-854.30908203125,
d,2a_reward_mode__shaped__seed45,573440.0,-1159.600830078125,
d,2a_reward_mode__shaped__seed45,585728.0,-1050.0899353027344,
d,2a_reward_mode__shaped__seed45,598016.0,-1225.7244873046875,
d,2a_reward_mode__shaped__seed45,606208.0,-812.8241577148438,
d,2a_reward_mode__shaped__seed45,614400.0,-895.1515502929688,
d,2a_reward_mode__shaped__seed45,622592.0,-1013.2495727539062,
d,2a_reward_mode__shaped__seed45,634880.0,-1090.8580322265625,
d,2a_reward_mode__shaped__seed45,647168.0,-651.9545288085938,
d,2a_reward_mode__shaped__seed45,655360.0,-748.7108154296875,
d,2a_reward_mode__shaped__seed45,663552.0,-709.012939453125,
d,2a_reward_mode__shaped__seed45,675840.0,-724.8405456542969,
d,2a_reward_mode__shaped__seed45,688128.0,-723.9786987304688,
d,2a_reward_mode__shaped__seed45,696320.0,-686.1526489257812,
d,2a_reward_mode__shaped__seed45,704512.0,-618.1079711914062,
d,2a_reward_mode__shaped__seed45,712704.0,-851.5957641601562,
d,2a_reward_mode__shaped__seed45,724992.0,-888.6954956054688,
d,2a_reward_mode__shaped__seed45,737280.0,-865.6202392578125,
d,2a_reward_mode__shaped__seed45,745472.0,-708.9003295898438,
d,2a_reward_mode__shaped__seed45,753664.0,-843.9841918945312,
d,2a_reward_mode__shaped__seed45,761856.0,-784.3026733398438,
d,2a_reward_mode__shaped__seed45,774144.0,-558.3595733642578,
d,2a_reward_mode__shaped__seed45,786432.0,-483.75390625,
d,2a_reward_mode__shaped__seed45,794624.0,-519.7045288085938,
d,2a_reward_mode__shaped__seed45,802816.0,-429.3464050292969,
d,2a_reward_mode__shaped__seed45,815104.0,-552.9067840576172,
d,2a_reward_mode__shaped__seed45,827392.0,-597.5038452148438,
d,2a_reward_mode__shaped__seed45,835584.0,-516.2750854492188,
d,2a_reward_mode__shaped__seed45,843776.0,-178.96124267578125,
d,2a_reward_mode__shaped__seed45,851968.0,-285.1325988769531,
d,2a_reward_mode__shaped__seed45,864256.0,-376.34710693359375,
d,2a_reward_mode__shaped__seed45,876544.0,-324.703369140625,
d,2a_reward_mode__shaped__seed45,884736.0,-183.73199462890625,
d,2a_reward_mode__shaped__seed45,892928.0,-266.4302978515625,
d,2a_reward_mode__shaped__seed45,905216.0,-350.7674026489258,
d,2a_reward_mode__shaped__seed45,917504.0,-326.2719116210937,
d,2a_reward_mode__shaped__seed45,925696.0,-87.86231231689453,
d,2a_reward_mode__shaped__seed45,933888.0,-141.38772583007812,
d,2a_reward_mode__shaped__seed45,942080.0,-344.7543334960937,
d,2a_reward_mode__shaped__seed45,954368.0,-128.05651187896729,
d,2a_reward_mode__shaped__seed45,966656.0,-112.0461883544922,
d,2a_reward_mode__shaped__seed45,974848.0,-84.34848022460938,
d,2a_reward_mode__shaped__seed45,983040.0,-186.02224731445312,
d,2a_reward_mode__shaped__seed45,995328.0,-53.95814514160156,
d,2a_reward_mode__shaped__seed45,1007616.0,-97.20042419433594,
d,2a_reward_mode__shaped__seed46,8192.0,-107933.234375,
d,2a_reward_mode__shaped__seed46,16384.0,-77476.0234375,
d,2a_reward_mode__shaped__seed46,24576.0,-56640.97265625,
d,2a_reward_mode__shaped__seed46,32768.0,-40432.30078125,
d,2a_reward_mode__shaped__seed46,45056.0,-24537.6708984375,
d,2a_reward_mode__shaped__seed46,57344.0,-12393.4404296875,
d,2a_reward_mode__shaped__seed46,65536.0,-11296.0390625,
d,2a_reward_mode__shaped__seed46,73728.0,-11074.9921875,
d,2a_reward_mode__shaped__seed46,81920.0,-9751.4560546875,
d,2a_reward_mode__shaped__seed46,94208.0,-6803.473876953125,
d,2a_reward_mode__shaped__seed46,106496.0,-6325.31591796875,
d,2a_reward_mode__shaped__seed46,114688.0,-4770.1416015625,
d,2a_reward_mode__shaped__seed46,122880.0,-3315.119384765625,
d,2a_reward_mode__shaped__seed46,135168.0,-3761.75732421875,
d,2a_reward_mode__shaped__seed46,147456.0,-3806.93017578125,
d,2a_reward_mode__shaped__seed46,155648.0,-3899.607421875,
d,2a_reward_mode__shaped__seed46,163840.0,-3782.864990234375,
d,2a_reward_mode__shaped__seed46,172032.0,-3456.548583984375,
d,2a_reward_mode__shaped__seed46,184320.0,-3043.5294189453125,
d,2a_reward_mode__shaped__seed46,196608.0,-3089.69287109375,
d,2a_reward_mode__shaped__seed46,204800.0,-2973.4775390625,
d,2a_reward_mode__shaped__seed46,212992.0,-2649.78759765625,
d,2a_reward_mode__shaped__seed46,225280.0,-2903.5103759765625,
d,2a_reward_mode__shaped__seed46,237568.0,-2238.192626953125,
d,2a_reward_mode__shaped__seed46,245760.0,-2839.587890625,
d,2a_reward_mode__shaped__seed46,253952.0,-2115.5859375,
d,2a_reward_mode__shaped__seed46,262144.0,-2348.82275390625,
d,2a_reward_mode__shaped__seed46,274432.0,-2294.2371826171875,
d,2a_reward_mode__shaped__seed46,286720.0,-2128.741455078125,
d,2a_reward_mode__shaped__seed46,294912.0,-2476.645263671875,
d,2a_reward_mode__shaped__seed46,303104.0,-2247.0771484375,
d,2a_reward_mode__shaped__seed46,315392.0,-1838.5318603515625,
d,2a_reward_mode__shaped__seed46,327680.0,-1885.1063232421875,
d,2a_reward_mode__shaped__seed46,335872.0,-1849.9794921875,
d,2a_reward_mode__shaped__seed46,344064.0,-2054.4736328125,
d,2a_reward_mode__shaped__seed46,352256.0,-2018.8807373046875,
d,2a_reward_mode__shaped__seed46,364544.0,-1654.59228515625,
d,2a_reward_mode__shaped__seed46,376832.0,-1763.23583984375,
d,2a_reward_mode__shaped__seed46,385024.0,-1972.914794921875,
d,2a_reward_mode__shaped__seed46,393216.0,-1286.0242919921875,
d,2a_reward_mode__shaped__seed46,405504.0,-1493.0797729492188,
d,2a_reward_mode__shaped__seed46,417792.0,-1602.153076171875,
d,2a_reward_mode__shaped__seed46,425984.0,-1857.2021484375,
d,2a_reward_mode__shaped__seed46,434176.0,-1707.7252197265625,
d,2a_reward_mode__shaped__seed46,442368.0,-1527.8624267578125,
d,2a_reward_mode__shaped__seed46,454656.0,-1716.790283203125,
d,2a_reward_mode__shaped__seed46,466944.0,-1275.8204345703125,
d,2a_reward_mode__shaped__seed46,475136.0,-1392.5447998046875,
d,2a_reward_mode__shaped__seed46,483328.0,-1591.5587158203125,
d,2a_reward_mode__shaped__seed46,495616.0,-1366.9661254882812,
d,2a_reward_mode__shaped__seed46,507904.0,-1387.6422119140625,
d,2a_reward_mode__shaped__seed46,516096.0,-1229.2486572265625,
d,2a_reward_mode__shaped__seed46,524288.0,-1473.119873046875,
d,2a_reward_mode__shaped__seed46,532480.0,-1336.357177734375,
d,2a_reward_mode__shaped__seed46,544768.0,-1488.3131103515625,
d,2a_reward_mode__shaped__seed46,557056.0,-1133.1949462890625,
d,2a_reward_mode__shaped__seed46,565248.0,-1433.0557861328125,
d,2a_reward_mode__shaped__seed46,573440.0,-1252.4227294921875,
d,2a_reward_mode__shaped__seed46,585728.0,-1310.6486206054688,
d,2a_reward_mode__shaped__seed46,598016.0,-1535.8197021484375,
d,2a_reward_mode__shaped__seed46,606208.0,-1479.7425537109375,
d,2a_reward_mode__shaped__seed46,614400.0,-1278.3720703125,
d,2a_reward_mode__shaped__seed46,622592.0,-1362.629150390625,
d,2a_reward_mode__shaped__seed46,634880.0,-1326.28857421875,
d,2a_reward_mode__shaped__seed46,647168.0,-1144.371337890625,
d,2a_reward_mode__shaped__seed46,655360.0,-1395.93701171875,
d,2a_reward_mode__shaped__seed46,663552.0,-1320.5693359375,
d,2a_reward_mode__shaped__seed46,675840.0,-1357.2542114257812,
d,2a_reward_mode__shaped__seed46,688128.0,-1196.4949951171875,
d,2a_reward_mode__shaped__seed46,696320.0,-1200.7408447265625,
d,2a_reward_mode__shaped__seed46,704512.0,-1353.0245361328125,
d,2a_reward_mode__shaped__seed46,712704.0,-1248.7327880859375,
d,2a_reward_mode__shaped__seed46,724992.0,-1098.9903564453125,
d,2a_reward_mode__shaped__seed46,737280.0,-1042.9969482421875,
d,2a_reward_mode__shaped__seed46,745472.0,-856.3650512695312,
d,2a_reward_mode__shaped__seed46,753664.0,-1350.606201171875,
d,2a_reward_mode__shaped__seed46,761856.0,-887.652099609375,
d,2a_reward_mode__shaped__seed46,774144.0,-763.9115295410156,
d,2a_reward_mode__shaped__seed46,786432.0,-711.6549072265625,
d,2a_reward_mode__shaped__seed46,794624.0,-700.1024169921875,
d,2a_reward_mode__shaped__seed46,802816.0,-751.6298217773438,
d,2a_reward_mode__shaped__seed46,815104.0,-628.5654296875,
d,2a_reward_mode__shaped__seed46,827392.0,-727.5108642578125,
d,2a_reward_mode__shaped__seed46,835584.0,-590.461181640625,
d,2a_reward_mode__shaped__seed46,843776.0,-612.5534057617188,
d,2a_reward_mode__shaped__seed46,851968.0,-821.7692260742188,
d,2a_reward_mode__shaped__seed46,864256.0,-549.3863830566406,
d,2a_reward_mode__shaped__seed46,876544.0,-525.151123046875,
d,2a_reward_mode__shaped__seed46,884736.0,-548.9658203125,
d,2a_reward_mode__shaped__seed46,892928.0,-552.373291015625,
d,2a_reward_mode__shaped__seed46,905216.0,-516.9515686035156,
d,2a_reward_mode__shaped__seed46,917504.0,-609.0296630859375,
d,2a_reward_mode__shaped__seed46,925696.0,-377.7992858886719,
d,2a_reward_mode__shaped__seed46,933888.0,-606.60107421875,
d,2a_reward_mode__shaped__seed46,942080.0,-332.912841796875,
d,2a_reward_mode__shaped__seed46,954368.0,-479.8533935546875,
d,2a_reward_mode__shaped__seed46,966656.0,-348.6120300292969,
d,2a_reward_mode__shaped__seed46,974848.0,-230.4665679931641,
d,2a_reward_mode__shaped__seed46,983040.0,-244.08639526367188,
d,2a_reward_mode__shaped__seed46,995328.0,-162.06269454956055,
d,2a_reward_mode__shaped__seed46,1007616.0,-156.12257385253906,
e,2a_reward_mode__lagrangian__seed42,8192.0,-17.42364501953125,
e,2a_reward_mode__lagrangian__seed42,16384.0,-938.6979370117188,
e,2a_reward_mode__lagrangian__seed42,24576.0,-1646.393798828125,
e,2a_reward_mode__lagrangian__seed42,32768.0,-1817.742919921875,
e,2a_reward_mode__lagrangian__seed42,45056.0,-1608.21826171875,
e,2a_reward_mode__lagrangian__seed42,57344.0,-1151.66796875,
e,2a_reward_mode__lagrangian__seed42,65536.0,-994.067626953125,
e,2a_reward_mode__lagrangian__seed42,73728.0,-550.654052734375,
e,2a_reward_mode__lagrangian__seed42,81920.0,-567.83203125,
e,2a_reward_mode__lagrangian__seed42,94208.0,-396.1363220214844,
e,2a_reward_mode__lagrangian__seed42,106496.0,-370.9236755371094,
e,2a_reward_mode__lagrangian__seed42,114688.0,-369.5931701660156,
e,2a_reward_mode__lagrangian__seed42,122880.0,-277.2186584472656,
e,2a_reward_mode__lagrangian__seed42,135168.0,-297.89585876464844,
e,2a_reward_mode__lagrangian__seed42,147456.0,-281.0954895019531,
e,2a_reward_mode__lagrangian__seed42,155648.0,-262.7074584960937,
e,2a_reward_mode__lagrangian__seed42,163840.0,-264.69549560546875,
e,2a_reward_mode__lagrangian__seed42,172032.0,-212.4036865234375,
e,2a_reward_mode__lagrangian__seed42,184320.0,-204.892333984375,
e,2a_reward_mode__lagrangian__seed42,196608.0,-210.00213623046875,
e,2a_reward_mode__lagrangian__seed42,204800.0,-195.3321228027344,
e,2a_reward_mode__lagrangian__seed42,212992.0,-173.1970672607422,
e,2a_reward_mode__lagrangian__seed42,225280.0,-171.4386978149414,
e,2a_reward_mode__lagrangian__seed42,237568.0,-175.46424865722656,
e,2a_reward_mode__lagrangian__seed42,245760.0,-160.05296325683594,
e,2a_reward_mode__lagrangian__seed42,253952.0,-173.3988494873047,
e,2a_reward_mode__lagrangian__seed42,262144.0,-114.74797058105467,
e,2a_reward_mode__lagrangian__seed42,274432.0,-142.51866912841797,
e,2a_reward_mode__lagrangian__seed42,286720.0,-144.90005493164062,
e,2a_reward_mode__lagrangian__seed42,294912.0,-153.02374267578125,
e,2a_reward_mode__lagrangian__seed42,303104.0,-123.22998046875,
e,2a_reward_mode__lagrangian__seed42,315392.0,-146.57107543945312,
e,2a_reward_mode__lagrangian__seed42,327680.0,-123.33345794677734,
e,2a_reward_mode__lagrangian__seed42,335872.0,-137.243408203125,
e,2a_reward_mode__lagrangian__seed42,344064.0,-138.7440643310547,
e,2a_reward_mode__lagrangian__seed42,352256.0,-115.21995544433594,
e,2a_reward_mode__lagrangian__seed42,364544.0,-135.20404815673828,
e,2a_reward_mode__lagrangian__seed42,376832.0,-112.59532928466795,
e,2a_reward_mode__lagrangian__seed42,385024.0,-136.11697387695312,
e,2a_reward_mode__lagrangian__seed42,393216.0,-118.7760238647461,
e,2a_reward_mode__lagrangian__seed42,405504.0,-156.27202606201172,
e,2a_reward_mode__lagrangian__seed42,417792.0,-107.63492584228516,
e,2a_reward_mode__lagrangian__seed42,425984.0,-122.5202865600586,
e,2a_reward_mode__lagrangian__seed42,434176.0,-135.50955200195312,
e,2a_reward_mode__lagrangian__seed42,442368.0,-122.33294677734376,
e,2a_reward_mode__lagrangian__seed42,454656.0,-137.13913345336914,
e,2a_reward_mode__lagrangian__seed42,466944.0,-106.46530151367188,
e,2a_reward_mode__lagrangian__seed42,475136.0,-120.3071060180664,
e,2a_reward_mode__lagrangian__seed42,483328.0,-115.9423599243164,
e,2a_reward_mode__lagrangian__seed42,495616.0,-117.89601135253906,
e,2a_reward_mode__lagrangian__seed42,507904.0,-141.4101104736328,
e,2a_reward_mode__lagrangian__seed42,516096.0,-136.46340942382812,
e,2a_reward_mode__lagrangian__seed42,524288.0,-125.13302612304688,
e,2a_reward_mode__lagrangian__seed42,532480.0,-154.29469299316406,
e,2a_reward_mode__lagrangian__seed42,544768.0,-123.27447128295898,
e,2a_reward_mode__lagrangian__seed42,557056.0,-120.07536315917967,
e,2a_reward_mode__lagrangian__seed42,565248.0,-105.4001235961914,
e,2a_reward_mode__lagrangian__seed42,573440.0,-95.61919403076172,
e,2a_reward_mode__lagrangian__seed42,585728.0,-143.4906234741211,
e,2a_reward_mode__lagrangian__seed42,598016.0,-167.78555297851562,
e,2a_reward_mode__lagrangian__seed42,606208.0,-119.12142181396484,
e,2a_reward_mode__lagrangian__seed42,614400.0,-123.22132873535156,
e,2a_reward_mode__lagrangian__seed42,622592.0,-111.6068878173828,
e,2a_reward_mode__lagrangian__seed42,634880.0,-123.73533630371094,
e,2a_reward_mode__lagrangian__seed42,647168.0,-141.63568115234375,
e,2a_reward_mode__lagrangian__seed42,655360.0,-119.45110321044922,
e,2a_reward_mode__lagrangian__seed42,663552.0,-133.5878448486328,
e,2a_reward_mode__lagrangian__seed42,675840.0,-154.9574203491211,
e,2a_reward_mode__lagrangian__seed42,688128.0,-134.92498779296875,
e,2a_reward_mode__lagrangian__seed42,696320.0,-133.94503784179688,
e,2a_reward_mode__lagrangian__seed42,704512.0,-140.02294921875,
e,2a_reward_mode__lagrangian__seed42,712704.0,-140.3289794921875,
e,2a_reward_mode__lagrangian__seed42,724992.0,-123.2298698425293,
e,2a_reward_mode__lagrangian__seed42,737280.0,-133.50401306152344,
e,2a_reward_mode__lagrangian__seed42,745472.0,-121.43278503417967,
e,2a_reward_mode__lagrangian__seed42,753664.0,-145.90603637695312,
e,2a_reward_mode__lagrangian__seed42,761856.0,-136.48208618164062,
e,2a_reward_mode__lagrangian__seed42,774144.0,-151.73648834228516,
e,2a_reward_mode__lagrangian__seed42,786432.0,-107.7140121459961,
e,2a_reward_mode__lagrangian__seed42,794624.0,-146.7667236328125,
e,2a_reward_mode__lagrangian__seed42,802816.0,-145.17752075195312,
e,2a_reward_mode__lagrangian__seed42,815104.0,-117.34603881835938,
e,2a_reward_mode__lagrangian__seed42,827392.0,-109.74588012695312,
e,2a_reward_mode__lagrangian__seed42,835584.0,-128.71604919433594,
e,2a_reward_mode__lagrangian__seed42,843776.0,-128.1692657470703,
e,2a_reward_mode__lagrangian__seed42,851968.0,-117.62019348144533,
e,2a_reward_mode__lagrangian__seed42,864256.0,-132.76456451416016,
e,2a_reward_mode__lagrangian__seed42,876544.0,-112.5898895263672,
e,2a_reward_mode__lagrangian__seed42,884736.0,-120.11691284179688,
e,2a_reward_mode__lagrangian__seed42,892928.0,-124.27302551269533,
e,2a_reward_mode__lagrangian__seed42,905216.0,-132.8627586364746,
e,2a_reward_mode__lagrangian__seed42,917504.0,-124.41400909423828,
e,2a_reward_mode__lagrangian__seed42,925696.0,-98.5087890625,
e,2a_reward_mode__lagrangian__seed42,933888.0,-139.251220703125,
e,2a_reward_mode__lagrangian__seed42,942080.0,-127.45045471191406,
e,2a_reward_mode__lagrangian__seed42,954368.0,-122.86419296264648,
e,2a_reward_mode__lagrangian__seed42,966656.0,-114.08067321777344,
e,2a_reward_mode__lagrangian__seed42,974848.0,-117.90516662597656,
e,2a_reward_mode__lagrangian__seed42,983040.0,-124.49298095703124,
e,2a_reward_mode__lagrangian__seed42,995328.0,-115.0891456604004,
e,2a_reward_mode__lagrangian__seed42,1007616.0,-94.39854431152344,
e,2a_reward_mode__lagrangian__seed43,8192.0,-19.394962310791016,
e,2a_reward_mode__lagrangian__seed43,16384.0,-1015.771240234375,
e,2a_reward_mode__lagrangian__seed43,24576.0,-1597.1419677734375,
e,2a_reward_mode__lagrangian__seed43,32768.0,-1972.7528076171875,
e,2a_reward_mode__lagrangian__seed43,45056.0,-1823.3826904296875,
e,2a_reward_mode__lagrangian__seed43,57344.0,-1046.1314697265625,
e,2a_reward_mode__lagrangian__seed43,65536.0,-1068.469970703125,
e,2a_reward_mode__lagrangian__seed43,73728.0,-718.1870727539062,
e,2a_reward_mode__lagrangian__seed43,81920.0,-654.597412109375,
e,2a_reward_mode__lagrangian__seed43,94208.0,-455.6003723144531,
e,2a_reward_mode__lagrangian__seed43,106496.0,-384.0682373046875,
e,2a_reward_mode__lagrangian__seed43,114688.0,-391.74017333984375,
e,2a_reward_mode__lagrangian__seed43,122880.0,-327.0586853027344,
e,2a_reward_mode__lagrangian__seed43,135168.0,-312.96214294433594,
e,2a_reward_mode__lagrangian__seed43,147456.0,-326.4087219238281,
e,2a_reward_mode__lagrangian__seed43,155648.0,-287.0997314453125,
e,2a_reward_mode__lagrangian__seed43,163840.0,-271.0992126464844,
e,2a_reward_mode__lagrangian__seed43,172032.0,-181.5594024658203,
e,2a_reward_mode__lagrangian__seed43,184320.0,-207.97834014892575,
e,2a_reward_mode__lagrangian__seed43,196608.0,-167.2178955078125,
e,2a_reward_mode__lagrangian__seed43,204800.0,-185.01333618164065,
e,2a_reward_mode__lagrangian__seed43,212992.0,-157.41822814941406,
e,2a_reward_mode__lagrangian__seed43,225280.0,-190.1381149291992,
e,2a_reward_mode__lagrangian__seed43,237568.0,-136.7442169189453,
e,2a_reward_mode__lagrangian__seed43,245760.0,-155.77194213867188,
e,2a_reward_mode__lagrangian__seed43,253952.0,-151.1446075439453,
e,2a_reward_mode__lagrangian__seed43,262144.0,-117.62818145751952,
e,2a_reward_mode__lagrangian__seed43,274432.0,-140.86085891723633,
e,2a_reward_mode__lagrangian__seed43,286720.0,-136.15313720703125,
e,2a_reward_mode__lagrangian__seed43,294912.0,-183.3641815185547,
e,2a_reward_mode__lagrangian__seed43,303104.0,-127.7189712524414,
e,2a_reward_mode__lagrangian__seed43,315392.0,-156.03759002685547,
e,2a_reward_mode__lagrangian__seed43,327680.0,-126.9268569946289,
e,2a_reward_mode__lagrangian__seed43,335872.0,-149.07351684570312,
e,2a_reward_mode__lagrangian__seed43,344064.0,-152.7418212890625,
e,2a_reward_mode__lagrangian__seed43,352256.0,-135.82479858398438,
e,2a_reward_mode__lagrangian__seed43,364544.0,-135.66336059570312,
e,2a_reward_mode__lagrangian__seed43,376832.0,-111.82952880859376,
e,2a_reward_mode__lagrangian__seed43,385024.0,-127.1179656982422,
e,2a_reward_mode__lagrangian__seed43,393216.0,-111.1360855102539,
e,2a_reward_mode__lagrangian__seed43,405504.0,-150.78862762451172,
e,2a_reward_mode__lagrangian__seed43,417792.0,-118.04047393798828,
e,2a_reward_mode__lagrangian__seed43,425984.0,-152.3129119873047,
e,2a_reward_mode__lagrangian__seed43,434176.0,-147.02243041992188,
e,2a_reward_mode__lagrangian__seed43,442368.0,-130.70318603515625,
e,2a_reward_mode__lagrangian__seed43,454656.0,-137.1913604736328,
e,2a_reward_mode__lagrangian__seed43,466944.0,-114.09046936035156,
e,2a_reward_mode__lagrangian__seed43,475136.0,-125.21926879882812,
e,2a_reward_mode__lagrangian__seed43,483328.0,-131.50914001464844,
e,2a_reward_mode__lagrangian__seed43,495616.0,-129.6193885803223,
e,2a_reward_mode__lagrangian__seed43,507904.0,-149.55519104003906,
e,2a_reward_mode__lagrangian__seed43,516096.0,-151.2854461669922,
e,2a_reward_mode__lagrangian__seed43,524288.0,-116.26394653320312,
e,2a_reward_mode__lagrangian__seed43,532480.0,-125.87008666992188,
e,2a_reward_mode__lagrangian__seed43,544768.0,-127.3904037475586,
e,2a_reward_mode__lagrangian__seed43,557056.0,-121.61668395996094,
e,2a_reward_mode__lagrangian__seed43,565248.0,-136.8867645263672,
e,2a_reward_mode__lagrangian__seed43,573440.0,-100.97381591796876,
e,2a_reward_mode__lagrangian__seed43,585728.0,-148.63541412353516,
e,2a_reward_mode__lagrangian__seed43,598016.0,-166.04891967773438,
e,2a_reward_mode__lagrangian__seed43,606208.0,-154.88014221191406,
e,2a_reward_mode__lagrangian__seed43,614400.0,-116.49295806884766,
e,2a_reward_mode__lagrangian__seed43,622592.0,-139.88320922851562,
e,2a_reward_mode__lagrangian__seed43,634880.0,-163.4722442626953,
e,2a_reward_mode__lagrangian__seed43,647168.0,-147.10255432128906,
e,2a_reward_mode__lagrangian__seed43,655360.0,-123.10076141357422,
e,2a_reward_mode__lagrangian__seed43,663552.0,-134.67486572265625,
e,2a_reward_mode__lagrangian__seed43,675840.0,-158.66365814208984,
e,2a_reward_mode__lagrangian__seed43,688128.0,-150.63917541503906,
e,2a_reward_mode__lagrangian__seed43,696320.0,-121.42998504638672,
e,2a_reward_mode__lagrangian__seed43,704512.0,-143.74525451660156,
e,2a_reward_mode__lagrangian__seed43,712704.0,-140.79762268066406,
e,2a_reward_mode__lagrangian__seed43,724992.0,-146.3544921875,
e,2a_reward_mode__lagrangian__seed43,737280.0,-137.1433868408203,
e,2a_reward_mode__lagrangian__seed43,745472.0,-128.85382080078125,
e,2a_reward_mode__lagrangian__seed43,753664.0,-141.06761169433594,
e,2a_reward_mode__lagrangian__seed43,761856.0,-154.34414672851562,
e,2a_reward_mode__lagrangian__seed43,774144.0,-139.04103088378906,
e,2a_reward_mode__lagrangian__seed43,786432.0,-110.06820678710938,
e,2a_reward_mode__lagrangian__seed43,794624.0,-125.20616912841795,
e,2a_reward_mode__lagrangian__seed43,802816.0,-140.79702758789062,
e,2a_reward_mode__lagrangian__seed43,815104.0,-121.50854873657228,
e,2a_reward_mode__lagrangian__seed43,827392.0,-120.25298309326172,
e,2a_reward_mode__lagrangian__seed43,835584.0,-136.06268310546875,
e,2a_reward_mode__lagrangian__seed43,843776.0,-110.4396514892578,
e,2a_reward_mode__lagrangian__seed43,851968.0,-147.3865509033203,
e,2a_reward_mode__lagrangian__seed43,864256.0,-131.07604598999023,
e,2a_reward_mode__lagrangian__seed43,876544.0,-122.2764129638672,
e,2a_reward_mode__lagrangian__seed43,884736.0,-143.40628051757812,
e,2a_reward_mode__lagrangian__seed43,892928.0,-142.84469604492188,
e,2a_reward_mode__lagrangian__seed43,905216.0,-141.4541015625,
e,2a_reward_mode__lagrangian__seed43,917504.0,-127.27606964111328,
e,2a_reward_mode__lagrangian__seed43,925696.0,-113.11319732666016,
e,2a_reward_mode__lagrangian__seed43,933888.0,-145.25448608398438,
e,2a_reward_mode__lagrangian__seed43,942080.0,-125.24948120117188,
e,2a_reward_mode__lagrangian__seed43,954368.0,-122.02449035644533,
e,2a_reward_mode__lagrangian__seed43,966656.0,-160.10678100585938,
e,2a_reward_mode__lagrangian__seed43,974848.0,-110.85415649414062,
e,2a_reward_mode__lagrangian__seed43,983040.0,-149.72915649414062,
e,2a_reward_mode__lagrangian__seed43,995328.0,-131.15770721435547,
e,2a_reward_mode__lagrangian__seed43,1007616.0,-111.65227508544922,
e,2a_reward_mode__lagrangian__seed44,8192.0,-19.166484832763672,
e,2a_reward_mode__lagrangian__seed44,16384.0,-941.2014770507812,
e,2a_reward_mode__lagrangian__seed44,24576.0,-1732.0841064453125,
e,2a_reward_mode__lagrangian__seed44,32768.0,-1888.7890625,
e,2a_reward_mode__lagrangian__seed44,45056.0,-1785.6764526367188,
e,2a_reward_mode__lagrangian__seed44,57344.0,-1037.6004638671875,
e,2a_reward_mode__lagrangian__seed44,65536.0,-966.8182373046876,
e,2a_reward_mode__lagrangian__seed44,73728.0,-672.7486572265625,
e,2a_reward_mode__lagrangian__seed44,81920.0,-696.6010131835938,
e,2a_reward_mode__lagrangian__seed44,94208.0,-521.0959014892578,
e,2a_reward_mode__lagrangian__seed44,106496.0,-409.1933288574219,
e,2a_reward_mode__lagrangian__seed44,114688.0,-443.5655212402344,
e,2a_reward_mode__lagrangian__seed44,122880.0,-336.258544921875,
e,2a_reward_mode__lagrangian__seed44,135168.0,-355.80535888671875,
e,2a_reward_mode__lagrangian__seed44,147456.0,-298.9461364746094,
e,2a_reward_mode__lagrangian__seed44,155648.0,-327.2713317871094,
e,2a_reward_mode__lagrangian__seed44,163840.0,-316.00396728515625,
e,2a_reward_mode__lagrangian__seed44,172032.0,-247.46885681152344,
e,2a_reward_mode__lagrangian__seed44,184320.0,-222.5757827758789,
e,2a_reward_mode__lagrangian__seed44,196608.0,-220.52288818359372,
e,2a_reward_mode__lagrangian__seed44,204800.0,-223.64114379882807,
e,2a_reward_mode__lagrangian__seed44,212992.0,-179.736328125,
e,2a_reward_mode__lagrangian__seed44,225280.0,-187.0221328735352,
e,2a_reward_mode__lagrangian__seed44,237568.0,-178.5565643310547,
e,2a_reward_mode__lagrangian__seed44,245760.0,-172.4717254638672,
e,2a_reward_mode__lagrangian__seed44,253952.0,-158.37205505371094,
e,2a_reward_mode__lagrangian__seed44,262144.0,-145.7308349609375,
e,2a_reward_mode__lagrangian__seed44,274432.0,-144.96927642822266,
e,2a_reward_mode__lagrangian__seed44,286720.0,-135.94732666015625,
e,2a_reward_mode__lagrangian__seed44,294912.0,-171.19039916992188,
e,2a_reward_mode__lagrangian__seed44,303104.0,-114.46492767333984,
e,2a_reward_mode__lagrangian__seed44,315392.0,-157.48402404785156,
e,2a_reward_mode__lagrangian__seed44,327680.0,-120.73479461669922,
e,2a_reward_mode__lagrangian__seed44,335872.0,-149.6840057373047,
e,2a_reward_mode__lagrangian__seed44,344064.0,-134.2853546142578,
e,2a_reward_mode__lagrangian__seed44,352256.0,-111.18694305419922,
e,2a_reward_mode__lagrangian__seed44,364544.0,-143.79454803466797,
e,2a_reward_mode__lagrangian__seed44,376832.0,-118.05850982666016,
e,2a_reward_mode__lagrangian__seed44,385024.0,-119.23504638671876,
e,2a_reward_mode__lagrangian__seed44,393216.0,-129.00668334960938,
e,2a_reward_mode__lagrangian__seed44,405504.0,-154.93909454345703,
e,2a_reward_mode__lagrangian__seed44,417792.0,-98.5560073852539,
e,2a_reward_mode__lagrangian__seed44,425984.0,-136.17088317871094,
e,2a_reward_mode__lagrangian__seed44,434176.0,-142.7167510986328,
e,2a_reward_mode__lagrangian__seed44,442368.0,-132.78524780273438,
e,2a_reward_mode__lagrangian__seed44,454656.0,-152.44969177246094,
e,2a_reward_mode__lagrangian__seed44,466944.0,-130.80690002441406,
e,2a_reward_mode__lagrangian__seed44,475136.0,-120.12222290039062,
e,2a_reward_mode__lagrangian__seed44,483328.0,-140.59400939941406,
e,2a_reward_mode__lagrangian__seed44,495616.0,-129.0921516418457,
e,2a_reward_mode__lagrangian__seed44,507904.0,-156.1244659423828,
e,2a_reward_mode__lagrangian__seed44,516096.0,-145.7244415283203,
e,2a_reward_mode__lagrangian__seed44,524288.0,-137.70477294921875,
e,2a_reward_mode__lagrangian__seed44,532480.0,-121.47328186035156,
e,2a_reward_mode__lagrangian__seed44,544768.0,-135.1784553527832,
e,2a_reward_mode__lagrangian__seed44,557056.0,-115.81341552734376,
e,2a_reward_mode__lagrangian__seed44,565248.0,-122.93498229980467,
e,2a_reward_mode__lagrangian__seed44,573440.0,-129.2307586669922,
e,2a_reward_mode__lagrangian__seed44,585728.0,-137.61902618408203,
e,2a_reward_mode__lagrangian__seed44,598016.0,-152.60641479492188,
e,2a_reward_mode__lagrangian__seed44,606208.0,-135.5128936767578,
e,2a_reward_mode__lagrangian__seed44,614400.0,-117.5072250366211,
e,2a_reward_mode__lagrangian__seed44,622592.0,-133.48524475097656,
e,2a_reward_mode__lagrangian__seed44,634880.0,-136.17071533203125,
e,2a_reward_mode__lagrangian__seed44,647168.0,-144.17318725585938,
e,2a_reward_mode__lagrangian__seed44,655360.0,-120.38080596923828,
e,2a_reward_mode__lagrangian__seed44,663552.0,-144.74090576171875,
e,2a_reward_mode__lagrangian__seed44,675840.0,-136.59182357788086,
e,2a_reward_mode__lagrangian__seed44,688128.0,-164.00839233398438,
e,2a_reward_mode__lagrangian__seed44,696320.0,-138.05014038085938,
e,2a_reward_mode__lagrangian__seed44,704512.0,-121.72305297851562,
e,2a_reward_mode__lagrangian__seed44,712704.0,-133.26817321777344,
e,2a_reward_mode__lagrangian__seed44,724992.0,-137.3441162109375,
e,2a_reward_mode__lagrangian__seed44,737280.0,-139.1212921142578,
e,2a_reward_mode__lagrangian__seed44,745472.0,-126.67871856689452,
e,2a_reward_mode__lagrangian__seed44,753664.0,-143.83966064453125,
e,2a_reward_mode__lagrangian__seed44,761856.0,-152.2882843017578,
e,2a_reward_mode__lagrangian__seed44,774144.0,-141.68818283081055,
e,2a_reward_mode__lagrangian__seed44,786432.0,-114.63750457763672,
e,2a_reward_mode__lagrangian__seed44,794624.0,-136.7439727783203,
e,2a_reward_mode__lagrangian__seed44,802816.0,-133.4842987060547,
e,2a_reward_mode__lagrangian__seed44,815104.0,-116.90032958984376,
e,2a_reward_mode__lagrangian__seed44,827392.0,-141.56356811523438,
e,2a_reward_mode__lagrangian__seed44,835584.0,-151.92935180664062,
e,2a_reward_mode__lagrangian__seed44,843776.0,-148.78518676757812,
e,2a_reward_mode__lagrangian__seed44,851968.0,-119.15330505371094,
e,2a_reward_mode__lagrangian__seed44,864256.0,-126.79356384277344,
e,2a_reward_mode__lagrangian__seed44,876544.0,-135.90841674804688,
e,2a_reward_mode__lagrangian__seed44,884736.0,-129.7832794189453,
e,2a_reward_mode__lagrangian__seed44,892928.0,-145.92530822753906,
e,2a_reward_mode__lagrangian__seed44,905216.0,-136.16655731201172,
e,2a_reward_mode__lagrangian__seed44,917504.0,-159.89886474609375,
e,2a_reward_mode__lagrangian__seed44,925696.0,-118.94889068603516,
e,2a_reward_mode__lagrangian__seed44,933888.0,-131.3669891357422,
e,2a_reward_mode__lagrangian__seed44,942080.0,-126.11317443847656,
e,2a_reward_mode__lagrangian__seed44,954368.0,-130.31760025024414,
e,2a_reward_mode__lagrangian__seed44,966656.0,-148.77178955078125,
e,2a_reward_mode__lagrangian__seed44,974848.0,-130.85345458984375,
e,2a_reward_mode__lagrangian__seed44,983040.0,-131.45997619628906,
e,2a_reward_mode__lagrangian__seed44,995328.0,-126.55273056030272,
e,2a_reward_mode__lagrangian__seed44,1007616.0,-106.9894790649414,
e,2a_reward_mode__lagrangian__seed45,8192.0,-18.13263893127441,
e,2a_reward_mode__lagrangian__seed45,16384.0,-973.891845703125,
e,2a_reward_mode__lagrangian__seed45,24576.0,-1718.17626953125,
e,2a_reward_mode__lagrangian__seed45,32768.0,-2138.374755859375,
e,2a_reward_mode__lagrangian__seed45,45056.0,-1696.2791137695312,
e,2a_reward_mode__lagrangian__seed45,57344.0,-1092.53076171875,
e,2a_reward_mode__lagrangian__seed45,65536.0,-949.9852294921876,
e,2a_reward_mode__lagrangian__seed45,73728.0,-655.845947265625,
e,2a_reward_mode__lagrangian__seed45,81920.0,-662.655029296875,
e,2a_reward_mode__lagrangian__seed45,94208.0,-443.4200286865234,
e,2a_reward_mode__lagrangian__seed45,106496.0,-427.9697265625,
e,2a_reward_mode__lagrangian__seed45,114688.0,-340.3172607421875,
e,2a_reward_mode__lagrangian__seed45,122880.0,-274.37554931640625,
e,2a_reward_mode__lagrangian__seed45,135168.0,-291.9571533203125,
e,2a_reward_mode__lagrangian__seed45,147456.0,-253.4699859619141,
e,2a_reward_mode__lagrangian__seed45,155648.0,-279.0965881347656,
e,2a_reward_mode__lagrangian__seed45,163840.0,-255.0000457763672,
e,2a_reward_mode__lagrangian__seed45,172032.0,-234.9507751464844,
e,2a_reward_mode__lagrangian__seed45,184320.0,-210.5889205932617,
e,2a_reward_mode__lagrangian__seed45,196608.0,-195.4945373535156,
e,2a_reward_mode__lagrangian__seed45,204800.0,-218.94137573242188,
e,2a_reward_mode__lagrangian__seed45,212992.0,-179.95823669433594,
e,2a_reward_mode__lagrangian__seed45,225280.0,-192.0192108154297,
e,2a_reward_mode__lagrangian__seed45,237568.0,-139.31961059570312,
e,2a_reward_mode__lagrangian__seed45,245760.0,-180.2240295410156,
e,2a_reward_mode__lagrangian__seed45,253952.0,-163.8593292236328,
e,2a_reward_mode__lagrangian__seed45,262144.0,-155.05332946777344,
e,2a_reward_mode__lagrangian__seed45,274432.0,-172.66846466064453,
e,2a_reward_mode__lagrangian__seed45,286720.0,-168.03277587890625,
e,2a_reward_mode__lagrangian__seed45,294912.0,-170.44798278808594,
e,2a_reward_mode__lagrangian__seed45,303104.0,-148.9344482421875,
e,2a_reward_mode__lagrangian__seed45,315392.0,-122.92409133911131,
e,2a_reward_mode__lagrangian__seed45,327680.0,-137.89703369140625,
e,2a_reward_mode__lagrangian__seed45,335872.0,-136.38665771484375,
e,2a_reward_mode__lagrangian__seed45,344064.0,-139.5521697998047,
e,2a_reward_mode__lagrangian__seed45,352256.0,-118.76746368408205,
e,2a_reward_mode__lagrangian__seed45,364544.0,-122.04037857055664,
e,2a_reward_mode__lagrangian__seed45,376832.0,-109.01810455322266,
e,2a_reward_mode__lagrangian__seed45,385024.0,-150.48556518554688,
e,2a_reward_mode__lagrangian__seed45,393216.0,-104.6218490600586,
e,2a_reward_mode__lagrangian__seed45,405504.0,-145.58342742919922,
e,2a_reward_mode__lagrangian__seed45,417792.0,-117.05728912353516,
e,2a_reward_mode__lagrangian__seed45,425984.0,-145.44163513183594,
e,2a_reward_mode__lagrangian__seed45,434176.0,-141.78668212890625,
e,2a_reward_mode__lagrangian__seed45,442368.0,-124.46354675292967,
e,2a_reward_mode__lagrangian__seed45,454656.0,-118.79476928710938,
e,2a_reward_mode__lagrangian__seed45,466944.0,-121.87628936767578,
e,2a_reward_mode__lagrangian__seed45,475136.0,-122.7807846069336,
e,2a_reward_mode__lagrangian__seed45,483328.0,-145.6710968017578,
e,2a_reward_mode__lagrangian__seed45,495616.0,-123.2547836303711,
e,2a_reward_mode__lagrangian__seed45,507904.0,-173.47866821289062,
e,2a_reward_mode__lagrangian__seed45,516096.0,-138.85560607910156,
e,2a_reward_mode__lagrangian__seed45,524288.0,-158.89149475097656,
e,2a_reward_mode__lagrangian__seed45,532480.0,-128.0964813232422,
e,2a_reward_mode__lagrangian__seed45,544768.0,-140.97576904296875,
e,2a_reward_mode__lagrangian__seed45,557056.0,-140.1414337158203,
e,2a_reward_mode__lagrangian__seed45,565248.0,-122.03981018066406,
e,2a_reward_mode__lagrangian__seed45,573440.0,-126.5100555419922,
e,2a_reward_mode__lagrangian__seed45,585728.0,-149.37973022460938,
e,2a_reward_mode__lagrangian__seed45,598016.0,-161.0330352783203,
e,2a_reward_mode__lagrangian__seed45,606208.0,-132.26856994628906,
e,2a_reward_mode__lagrangian__seed45,614400.0,-119.53287506103516,
e,2a_reward_mode__lagrangian__seed45,622592.0,-130.32017517089844,
e,2a_reward_mode__lagrangian__seed45,634880.0,-145.76318359375,
e,2a_reward_mode__lagrangian__seed45,647168.0,-152.08258056640625,
e,2a_reward_mode__lagrangian__seed45,655360.0,-129.9659423828125,
e,2a_reward_mode__lagrangian__seed45,663552.0,-132.24322509765625,
e,2a_reward_mode__lagrangian__seed45,675840.0,-144.75080108642578,
e,2a_reward_mode__lagrangian__seed45,688128.0,-138.9867401123047,
e,2a_reward_mode__lagrangian__seed45,696320.0,-129.8039093017578,
e,2a_reward_mode__lagrangian__seed45,704512.0,-105.54168701171876,
e,2a_reward_mode__lagrangian__seed45,712704.0,-120.59707641601562,
e,2a_reward_mode__lagrangian__seed45,724992.0,-127.7827033996582,
e,2a_reward_mode__lagrangian__seed45,737280.0,-142.5115966796875,
e,2a_reward_mode__lagrangian__seed45,745472.0,-134.1984405517578,
e,2a_reward_mode__lagrangian__seed45,753664.0,-126.91588592529295,
e,2a_reward_mode__lagrangian__seed45,761856.0,-156.6456756591797,
e,2a_reward_mode__lagrangian__seed45,774144.0,-147.4037322998047,
e,2a_reward_mode__lagrangian__seed45,786432.0,-110.80597686767578,
e,2a_reward_mode__lagrangian__seed45,794624.0,-118.3247299194336,
e,2a_reward_mode__lagrangian__seed45,802816.0,-116.74405670166016,
e,2a_reward_mode__lagrangian__seed45,815104.0,-111.65774536132812,
e,2a_reward_mode__lagrangian__seed45,827392.0,-132.18360900878906,
e,2a_reward_mode__lagrangian__seed45,835584.0,-156.6268310546875,
e,2a_reward_mode__lagrangian__seed45,843776.0,-147.3937225341797,
e,2a_reward_mode__lagrangian__seed45,851968.0,-120.3781509399414,
e,2a_reward_mode__lagrangian__seed45,864256.0,-105.33655548095705,
e,2a_reward_mode__lagrangian__seed45,876544.0,-113.50884246826172,
e,2a_reward_mode__lagrangian__seed45,884736.0,-115.20980072021484,
e,2a_reward_mode__lagrangian__seed45,892928.0,-139.08934020996094,
e,2a_reward_mode__lagrangian__seed45,905216.0,-134.72672271728516,
e,2a_reward_mode__lagrangian__seed45,917504.0,-133.70277404785156,
e,2a_reward_mode__lagrangian__seed45,925696.0,-124.00536346435548,
e,2a_reward_mode__lagrangian__seed45,933888.0,-138.314453125,
e,2a_reward_mode__lagrangian__seed45,942080.0,-123.5276336669922,
e,2a_reward_mode__lagrangian__seed45,954368.0,-119.59178924560548,
e,2a_reward_mode__lagrangian__seed45,966656.0,-130.76881408691406,
e,2a_reward_mode__lagrangian__seed45,974848.0,-107.82694244384766,
e,2a_reward_mode__lagrangian__seed45,983040.0,-144.86056518554688,
e,2a_reward_mode__lagrangian__seed45,995328.0,-138.9838409423828,
e,2a_reward_mode__lagrangian__seed45,1007616.0,-117.16785430908205,
e,2a_reward_mode__lagrangian__seed46,8192.0,-19.42885971069336,
e,2a_reward_mode__lagrangian__seed46,16384.0,-983.184326171875,
e,2a_reward_mode__lagrangian__seed46,24576.0,-1885.31689453125,
e,2a_reward_mode__lagrangian__seed46,32768.0,-2293.5673828125,
e,2a_reward_mode__lagrangian__seed46,45056.0,-2083.1260986328125,
e,2a_reward_mode__lagrangian__seed46,57344.0,-1145.40966796875,
e,2a_reward_mode__lagrangian__seed46,65536.0,-1123.76708984375,
e,2a_reward_mode__lagrangian__seed46,73728.0,-754.9766235351562,
e,2a_reward_mode__lagrangian__seed46,81920.0,-742.1155395507812,
e,2a_reward_mode__lagrangian__seed46,94208.0,-565.8912048339844,
e,2a_reward_mode__lagrangian__seed46,106496.0,-550.8523559570312,
e,2a_reward_mode__lagrangian__seed46,114688.0,-380.96673583984375,
e,2a_reward_mode__lagrangian__seed46,122880.0,-302.8284912109375,
e,2a_reward_mode__lagrangian__seed46,135168.0,-290.12049865722656,
e,2a_reward_mode__lagrangian__seed46,147456.0,-285.4695129394531,
e,2a_reward_mode__lagrangian__seed46,155648.0,-337.0693054199219,
e,2a_reward_mode__lagrangian__seed46,163840.0,-260.7125549316406,
e,2a_reward_mode__lagrangian__seed46,172032.0,-269.70574951171875,
e,2a_reward_mode__lagrangian__seed46,184320.0,-244.0040512084961,
e,2a_reward_mode__lagrangian__seed46,196608.0,-235.2998809814453,
e,2a_reward_mode__lagrangian__seed46,204800.0,-210.655517578125,
e,2a_reward_mode__lagrangian__seed46,212992.0,-178.92819213867188,
e,2a_reward_mode__lagrangian__seed46,225280.0,-192.4495391845703,
e,2a_reward_mode__lagrangian__seed46,237568.0,-135.2091522216797,
e,2a_reward_mode__lagrangian__seed46,245760.0,-189.7689514160156,
e,2a_reward_mode__lagrangian__seed46,253952.0,-179.46856689453125,
e,2a_reward_mode__lagrangian__seed46,262144.0,-147.6258087158203,
e,2a_reward_mode__lagrangian__seed46,274432.0,-172.65992736816406,
e,2a_reward_mode__lagrangian__seed46,286720.0,-171.1440887451172,
e,2a_reward_mode__lagrangian__seed46,294912.0,-178.2660369873047,
e,2a_reward_mode__lagrangian__seed46,303104.0,-157.31808471679688,
e,2a_reward_mode__lagrangian__seed46,315392.0,-148.08270263671875,
e,2a_reward_mode__lagrangian__seed46,327680.0,-165.6379852294922,
e,2a_reward_mode__lagrangian__seed46,335872.0,-138.840087890625,
e,2a_reward_mode__lagrangian__seed46,344064.0,-151.4463653564453,
e,2a_reward_mode__lagrangian__seed46,352256.0,-119.20886993408205,
e,2a_reward_mode__lagrangian__seed46,364544.0,-131.08074951171875,
e,2a_reward_mode__lagrangian__seed46,376832.0,-116.5918960571289,
e,2a_reward_mode__lagrangian__seed46,385024.0,-151.30979919433594,
e,2a_reward_mode__lagrangian__seed46,393216.0,-125.03451538085938,
e,2a_reward_mode__lagrangian__seed46,405504.0,-148.0196304321289,
e,2a_reward_mode__lagrangian__seed46,417792.0,-140.3246307373047,
e,2a_reward_mode__lagrangian__seed46,425984.0,-142.1024169921875,
e,2a_reward_mode__lagrangian__seed46,434176.0,-160.79383850097656,
e,2a_reward_mode__lagrangian__seed46,442368.0,-159.10414123535156,
e,2a_reward_mode__lagrangian__seed46,454656.0,-145.37852478027344,
e,2a_reward_mode__lagrangian__seed46,466944.0,-130.259033203125,
e,2a_reward_mode__lagrangian__seed46,475136.0,-135.8457489013672,
e,2a_reward_mode__lagrangian__seed46,483328.0,-151.0835723876953,
e,2a_reward_mode__lagrangian__seed46,495616.0,-137.40727996826172,
e,2a_reward_mode__lagrangian__seed46,507904.0,-160.8055877685547,
e,2a_reward_mode__lagrangian__seed46,516096.0,-166.26983642578125,
e,2a_reward_mode__lagrangian__seed46,524288.0,-157.28271484375,
e,2a_reward_mode__lagrangian__seed46,532480.0,-135.46046447753906,
e,2a_reward_mode__lagrangian__seed46,544768.0,-136.19740295410156,
e,2a_reward_mode__lagrangian__seed46,557056.0,-145.06826782226562,
e,2a_reward_mode__lagrangian__seed46,565248.0,-134.88645935058594,
e,2a_reward_mode__lagrangian__seed46,573440.0,-154.6085662841797,
e,2a_reward_mode__lagrangian__seed46,585728.0,-155.72364044189453,
e,2a_reward_mode__lagrangian__seed46,598016.0,-153.96929931640625,
e,2a_reward_mode__lagrangian__seed46,606208.0,-136.7692413330078,
e,2a_reward_mode__lagrangian__seed46,614400.0,-147.2384033203125,
e,2a_reward_mode__lagrangian__seed46,622592.0,-138.97628784179688,
e,2a_reward_mode__lagrangian__seed46,634880.0,-157.28236389160156,
e,2a_reward_mode__lagrangian__seed46,647168.0,-121.58967590332033,
e,2a_reward_mode__lagrangian__seed46,655360.0,-133.53367614746094,
e,2a_reward_mode__lagrangian__seed46,663552.0,-132.01670837402344,
e,2a_reward_mode__lagrangian__seed46,675840.0,-132.8592414855957,
e,2a_reward_mode__lagrangian__seed46,688128.0,-134.58380126953125,
e,2a_reward_mode__lagrangian__seed46,696320.0,-138.02734375,
e,2a_reward_mode__lagrangian__seed46,704512.0,-131.81112670898438,
e,2a_reward_mode__lagrangian__seed46,712704.0,-145.31304931640625,
e,2a_reward_mode__lagrangian__seed46,724992.0,-146.0060043334961,
e,2a_reward_mode__lagrangian__seed46,737280.0,-149.98411560058594,
e,2a_reward_mode__lagrangian__seed46,745472.0,-128.17823791503906,
e,2a_reward_mode__lagrangian__seed46,753664.0,-113.33399963378906,
e,2a_reward_mode__lagrangian__seed46,761856.0,-159.10633850097656,
e,2a_reward_mode__lagrangian__seed46,774144.0,-142.47652053833008,
e,2a_reward_mode__lagrangian__seed46,786432.0,-131.8928985595703,
e,2a_reward_mode__lagrangian__seed46,794624.0,-141.78851318359375,
e,2a_reward_mode__lagrangian__seed46,802816.0,-132.0582275390625,
e,2a_reward_mode__lagrangian__seed46,815104.0,-122.51176071166992,
e,2a_reward_mode__lagrangian__seed46,827392.0,-124.11346435546876,
e,2a_reward_mode__lagrangian__seed46,835584.0,-171.83143615722656,
e,2a_reward_mode__lagrangian__seed46,843776.0,-192.01611328125,
e,2a_reward_mode__lagrangian__seed46,851968.0,-112.1354522705078,
e,2a_reward_mode__lagrangian__seed46,864256.0,-121.83107376098631,
e,2a_reward_mode__lagrangian__seed46,876544.0,-140.49440002441406,
e,2a_reward_mode__lagrangian__seed46,884736.0,-146.9342498779297,
e,2a_reward_mode__lagrangian__seed46,892928.0,-135.1492919921875,
e,2a_reward_mode__lagrangian__seed46,905216.0,-147.91544342041016,
e,2a_reward_mode__lagrangian__seed46,917504.0,-132.1558380126953,
e,2a_reward_mode__lagrangian__seed46,925696.0,-147.38987731933594,
e,2a_reward_mode__lagrangian__seed46,933888.0,-129.69052124023438,
e,2a_reward_mode__lagrangian__seed46,942080.0,-136.42726135253906,
e,2a_reward_mode__lagrangian__seed46,954368.0,-126.32071685791016,
e,2a_reward_mode__lagrangian__seed46,966656.0,-140.5845947265625,
e,2a_reward_mode__lagrangian__seed46,974848.0,-133.70066833496094,
e,2a_reward_mode__lagrangian__seed46,983040.0,-165.3003387451172,
e,2a_reward_mode__lagrangian__seed46,995328.0,-143.41127014160156,
e,2a_reward_mode__lagrangian__seed46,1007616.0,-131.1847686767578,
f,mean over seeds,10000.0,2.1499506707303224,utilisation
f,mean over seeds,20000.0,2.1389039369300007,utilisation
f,mean over seeds,30000.0,1.7803890442010015,utilisation
f,mean over seeds,40000.0,1.287699399329722,utilisation
f,mean over seeds,50000.0,0.8472987710032612,utilisation
f,mean over seeds,60000.0,0.5535388878546655,utilisation
f,mean over seeds,70000.0,0.3865966325509362,utilisation
f,mean over seeds,80000.0,0.2884181813336909,utilisation
f,mean over seeds,90000.0,0.2306802810790638,utilisation
f,mean over seeds,100000.0,0.18812469465968507,utilisation
f,mean over seeds,110000.0,0.1623543076450005,utilisation
f,mean over seeds,120000.0,0.12993424254236738,utilisation
f,mean over seeds,130000.0,0.11894188822188875,utilisation
f,mean over seeds,140000.0,0.11057125055425177,utilisation
f,mean over seeds,150000.0,0.09907754085434131,utilisation
f,mean over seeds,160000.0,0.09623571941629047,utilisation
f,mean over seeds,170000.0,0.08368315452535169,utilisation
f,mean over seeds,180000.0,0.07537519627367142,utilisation
f,mean over seeds,190000.0,0.07028775488239865,utilisation
f,mean over seeds,200000.0,0.0663209397171158,utilisation
f,mean over seeds,210000.0,0.059966947977954946,utilisation
f,mean over seeds,220000.0,0.05914160862157582,utilisation
f,mean over seeds,230000.0,0.05752004909494033,utilisation
f,mean over seeds,240000.0,0.05284907034365456,utilisation
f,mean over seeds,250000.0,0.05110636456083735,utilisation
f,mean over seeds,260000.0,0.042236400154069965,utilisation
f,mean over seeds,270000.0,0.04307500133630428,utilisation
f,mean over seeds,280000.0,0.0451785196026321,utilisation
f,mean over seeds,290000.0,0.04650048114563103,utilisation
f,mean over seeds,300000.0,0.0462259171181358,utilisation
f,mean over seeds,310000.0,0.04393291522234596,utilisation
f,mean over seeds,320000.0,0.041632795380428377,utilisation
f,mean over seeds,330000.0,0.039676046902604824,utilisation
f,mean over seeds,340000.0,0.040263789438176864,utilisation
f,mean over seeds,350000.0,0.03741841810115142,utilisation
f,mean over seeds,360000.0,0.03590165816907145,utilisation
f,mean over seeds,370000.0,0.03602105878768871,utilisation
f,mean over seeds,380000.0,0.03734454915975215,utilisation
f,mean over seeds,390000.0,0.034237783625576355,utilisation
f,mean over seeds,400000.0,0.035301277794254265,utilisation
f,mean over seeds,410000.0,0.03602670485124686,utilisation
f,mean over seeds,420000.0,0.03407267089351076,utilisation
f,mean over seeds,430000.0,0.03830147762637347,utilisation
f,mean over seeds,440000.0,0.0363661587820388,utilisation
f,mean over seeds,450000.0,0.038595906320551834,utilisation
f,mean over seeds,460000.0,0.03794673432421401,utilisation
f,mean over seeds,470000.0,0.034098085613368266,utilisation
f,mean over seeds,480000.0,0.03631306887837121,utilisation
f,mean over seeds,490000.0,0.03639475814707107,utilisation
f,mean over seeds,500000.0,0.03649177480062156,utilisation
f,mean over seeds,510000.0,0.039789451776596214,utilisation
f,mean over seeds,520000.0,0.03777445474406699,utilisation
f,mean over seeds,530000.0,0.03541738472995343,utilisation
f,mean over seeds,540000.0,0.03507958317883696,utilisation
f,mean over seeds,550000.0,0.034094379180896736,utilisation
f,mean over seeds,560000.0,0.03286159042036156,utilisation
f,mean over seeds,570000.0,0.03471515816709138,utilisation
f,mean over seeds,580000.0,0.03820526190684172,utilisation
f,mean over seeds,590000.0,0.04054061369097321,utilisation
f,mean over seeds,600000.0,0.03936346624395807,utilisation
f,mean over seeds,610000.0,0.03442480409430569,utilisation
f,mean over seeds,620000.0,0.035686349388561175,utilisation
f,mean over seeds,630000.0,0.03845943241612981,utilisation
f,mean over seeds,640000.0,0.03803081916024283,utilisation
f,mean over seeds,650000.0,0.034637709626258534,utilisation
f,mean over seeds,660000.0,0.03295641146687552,utilisation
f,mean over seeds,670000.0,0.035132200296114455,utilisation
f,mean over seeds,680000.0,0.03590968990853673,utilisation
f,mean over seeds,690000.0,0.035371179349021946,utilisation
f,mean over seeds,700000.0,0.03598226061731108,utilisation
f,mean over seeds,710000.0,0.03712835126934802,utilisation
f,mean over seeds,720000.0,0.036975614086259094,utilisation
f,mean over seeds,730000.0,0.03603561884810909,utilisation
f,mean over seeds,740000.0,0.035577830023248616,utilisation
f,mean over seeds,750000.0,0.03626191840739917,utilisation
f,mean over seeds,760000.0,0.03818157724454063,utilisation
f,mean over seeds,770000.0,0.03735097946118908,utilisation
f,mean over seeds,780000.0,0.03460290432121833,utilisation
f,mean over seeds,790000.0,0.03282739818896511,utilisation
f,mean over seeds,800000.0,0.03411928816931318,utilisation
f,mean over seeds,810000.0,0.03292915787169474,utilisation
f,mean over seeds,820000.0,0.03257358210976232,utilisation
f,mean over seeds,830000.0,0.03387019512301773,utilisation
f,mean over seeds,840000.0,0.03539487333619031,utilisation
f,mean over seeds,850000.0,0.036180936385790084,utilisation
f,mean over seeds,860000.0,0.03237014407786768,utilisation
f,mean over seeds,870000.0,0.030605573647820416,utilisation
f,mean over seeds,880000.0,0.03235505748889404,utilisation
f,mean over seeds,890000.0,0.03318677127535915,utilisation
f,mean over seeds,900000.0,0.03271134667593282,utilisation
f,mean over seeds,910000.0,0.03388388073726669,utilisation
f,mean over seeds,920000.0,0.033370367574389055,utilisation
f,mean over seeds,930000.0,0.031273772402346314,utilisation
f,mean over seeds,940000.0,0.0334081712469924,utilisation
f,mean over seeds,950000.0,0.03133227278958653,utilisation
f,mean over seeds,960000.0,0.03217344623214251,utilisation
f,mean over seeds,970000.0,0.03182286540322816,utilisation
f,mean over seeds,980000.0,0.03053518421074835,utilisation
f,mean over seeds,990000.0,0.032646278363245025,utilisation
f,mean over seeds,1000000.0,0.03149670682614665,utilisation
f,mean over seeds,10000.0,0.02661648506109481,section class
f,mean over seeds,20000.0,0.017609482677653384,section class
f,mean over seeds,30000.0,0.017899819317972226,section class
f,mean over seeds,40000.0,0.015082534946607912,section class
f,mean over seeds,50000.0,0.011661183125579512,section class
f,mean over seeds,60000.0,0.007735063027757822,section class
f,mean over seeds,70000.0,0.003818857462874744,section class
f,mean over seeds,80000.0,0.0018350043026657283,section class
f,mean over seeds,90000.0,0.0010901378579698177,section class
f,mean over seeds,100000.0,0.0007069655633585603,section class
f,mean over seeds,110000.0,0.0004050498883770443,section class
f,mean over seeds,120000.0,0.00032587266950934613,section class
f,mean over seeds,130000.0,0.00028829793775783235,section class
f,mean over seeds,140000.0,0.00020304111947376315,section class
f,mean over seeds,150000.0,0.0001519680168314022,section class
f,mean over seeds,160000.0,0.00017470711868551337,section class
f,mean over seeds,170000.0,0.00019548193514818714,section class
f,mean over seeds,180000.0,0.00010584430614952894,section class
f,mean over seeds,190000.0,6.0941999262319386e-05,section class
f,mean over seeds,200000.0,7.043198419720665e-05,section class
f,mean over seeds,210000.0,6.120854906156794e-05,section class
f,mean over seeds,220000.0,6.421112382923659e-05,section class
f,mean over seeds,230000.0,0.00010252906174223713,section class
f,mean over seeds,240000.0,0.00013990016296357334,section class
f,mean over seeds,250000.0,9.818598173436471e-05,section class
f,mean over seeds,260000.0,0.00010475763454989287,section class
f,mean over seeds,270000.0,6.886031193572873e-05,section class
f,mean over seeds,280000.0,5.040728916582892e-05,section class
f,mean over seeds,290000.0,7.730678408534209e-05,section class
f,mean over seeds,300000.0,9.69037047511178e-05,section class
f,mean over seeds,310000.0,6.293133151089191e-05,section class
f,mean over seeds,320000.0,3.539657011515373e-05,section class
f,mean over seeds,330000.0,3.9225908213324416e-05,section class
f,mean over seeds,340000.0,5.526766592893319e-05,section class
f,mean over seeds,350000.0,9.631081237590742e-05,section class
f,mean over seeds,360000.0,6.649840170258145e-05,section class
f,mean over seeds,370000.0,2.6374133493571132e-05,section class
f,mean over seeds,380000.0,2.266021080660585e-05,section class
f,mean over seeds,390000.0,4.897626867447393e-05,section class
f,mean over seeds,400000.0,6.539168773542366e-05,section class
f,mean over seeds,410000.0,7.781020947228601e-05,section class
f,mean over seeds,420000.0,7.149343824133443e-05,section class
f,mean over seeds,430000.0,5.201565088261413e-05,section class
f,mean over seeds,440000.0,2.8160993374367645e-05,section class
f,mean over seeds,450000.0,2.6294895834944043e-05,section class
f,mean over seeds,460000.0,5.5460523230377313e-05,section class
f,mean over seeds,470000.0,7.482243495927432e-05,section class
f,mean over seeds,480000.0,7.344609502125404e-05,section class
f,mean over seeds,490000.0,7.483208074779162e-05,section class
f,mean over seeds,500000.0,6.238075255139268e-05,section class
f,mean over seeds,510000.0,7.652516239388143e-05,section class
f,mean over seeds,520000.0,9.727987832375273e-05,section class
f,mean over seeds,530000.0,9.0270387544081e-05,section class
f,mean over seeds,540000.0,9.787742473142867e-05,section class
f,mean over seeds,550000.0,7.262292191504324e-05,section class
f,mean over seeds,560000.0,5.684013877668664e-05,section class
f,mean over seeds,570000.0,5.5060693083674984e-05,section class
f,mean over seeds,580000.0,7.77670059032675e-05,section class
f,mean over seeds,590000.0,7.373660536512191e-05,section class
f,mean over seeds,600000.0,3.3891838637600816e-05,section class
f,mean over seeds,610000.0,5.121457647909722e-05,section class
f,mean over seeds,620000.0,2.526590985922894e-05,section class
f,mean over seeds,630000.0,1.3655289184614596e-05,section class
f,mean over seeds,640000.0,2.6384799703767688e-05,section class
f,mean over seeds,650000.0,3.215441525035167e-05,section class
f,mean over seeds,660000.0,0.00012679765322658337,section class
f,mean over seeds,670000.0,0.00013083929164942675,section class
f,mean over seeds,680000.0,5.0737406294842915e-05,section class
f,mean over seeds,690000.0,4.674497560052934e-05,section class
f,mean over seeds,700000.0,4.731150836966699e-05,section class
f,mean over seeds,710000.0,5.542907053007961e-05,section class
f,mean over seeds,720000.0,6.062821936722593e-05,section class
f,mean over seeds,730000.0,4.398161827895001e-05,section class
f,mean over seeds,740000.0,3.2413948588670086e-05,section class
f,mean over seeds,750000.0,2.3664897824193788e-05,section class
f,mean over seeds,760000.0,2.5739810888936177e-05,section class
f,mean over seeds,770000.0,3.607874804518e-05,section class
f,mean over seeds,780000.0,2.6125013341271597e-05,section class
f,mean over seeds,790000.0,2.2246980089235535e-05,section class
f,mean over seeds,800000.0,2.7028920581528836e-05,section class
f,mean over seeds,810000.0,2.745632086872026e-05,section class
f,mean over seeds,820000.0,2.9299453730047276e-05,section class
f,mean over seeds,830000.0,2.156080720765452e-05,section class
f,mean over seeds,840000.0,1.1011376526326445e-05,section class
f,mean over seeds,850000.0,1.484354650025388e-05,section class
f,mean over seeds,860000.0,1.701552256143657e-05,section class
f,mean over seeds,870000.0,1.894734687611551e-05,section class
f,mean over seeds,880000.0,2.144164143658145e-05,section class
f,mean over seeds,890000.0,2.5994366168546888e-05,section class
f,mean over seeds,900000.0,1.909500856811519e-05,section class
f,mean over seeds,910000.0,7.893387096184293e-06,section class
f,mean over seeds,920000.0,1.0551865602081989e-05,section class
f,mean over seeds,930000.0,1.6307093879275313e-05,section class
f,mean over seeds,940000.0,8.450585684638412e-06,section class
f,mean over seeds,950000.0,6.437028065775508e-06,section class
f,mean over seeds,960000.0,5.209213979166331e-06,section class
f,mean over seeds,970000.0,6.141526549807708e-06,section class
f,mean over seeds,980000.0,1.9176695573186465e-05,section class
f,mean over seeds,990000.0,2.0511187599403514e-05,section class
f,mean over seeds,1000000.0,1.5238251392446501e-05,section class
f,mean over seeds,10000.0,0.0576822181101306,geometry
f,mean over seeds,20000.0,0.04197371911577642,geometry
f,mean over seeds,30000.0,0.041050309251295346,geometry
f,mean over seeds,40000.0,0.03570221217329763,geometry
f,mean over seeds,50000.0,0.02935740952452755,geometry
f,mean over seeds,60000.0,0.02123007431946457,geometry
f,mean over seeds,70000.0,0.011011719709313158,geometry
f,mean over seeds,80000.0,0.0057314142861287064,geometry
f,mean over seeds,90000.0,0.003595496663547222,geometry
f,mean over seeds,100000.0,0.002378240552934573,geometry
f,mean over seeds,110000.0,0.0015228509902954102,geometry
f,mean over seeds,120000.0,0.0013193130493164063,geometry
f,mean over seeds,130000.0,0.001119907357049955,geometry
f,mean over seeds,140000.0,0.0008037472052364852,geometry
f,mean over seeds,150000.0,0.0006132851832035063,geometry
f,mean over seeds,160000.0,0.0006552107872266525,geometry
f,mean over seeds,170000.0,0.0007590471005414437,geometry
f,mean over seeds,180000.0,0.0005209958977729712,geometry
f,mean over seeds,190000.0,0.00047077960552616204,geometry
f,mean over seeds,200000.0,0.0005179207238143026,geometry
f,mean over seeds,210000.0,0.0004121698952758358,geometry
f,mean over seeds,220000.0,0.0003796075188119967,geometry
f,mean over seeds,230000.0,0.00042160174870103527,geometry
f,mean over seeds,240000.0,0.0005007148007280082,geometry
f,mean over seeds,250000.0,0.00043253572724778267,geometry
f,mean over seeds,260000.0,0.00042087376104973115,geometry
f,mean over seeds,270000.0,0.00032929351599996707,geometry
f,mean over seeds,280000.0,0.00026988755695922246,geometry
f,mean over seeds,290000.0,0.00031556923241850136,geometry
f,mean over seeds,300000.0,0.0003681933704456221,geometry
f,mean over seeds,310000.0,0.00029734770648132434,geometry
f,mean over seeds,320000.0,0.0002380217941208611,geometry
f,mean over seeds,330000.0,0.00024361724535566076,geometry
f,mean over seeds,340000.0,0.0002545576305351384,geometry
f,mean over seeds,350000.0,0.0003856273168878372,geometry
f,mean over seeds,360000.0,0.00033296479366525113,geometry
f,mean over seeds,370000.0,0.00021373231358930172,geometry
f,mean over seeds,380000.0,0.0002009267907283144,geometry
f,mean over seeds,390000.0,0.0002269189135006371,geometry
f,mean over seeds,400000.0,0.0003092780267858469,geometry
f,mean over seeds,410000.0,0.00036744167468894656,geometry
f,mean over seeds,420000.0,0.00026854944730984084,geometry
f,mean over seeds,430000.0,0.00023624897003173828,geometry
f,mean over seeds,440000.0,0.0001908086949924703,geometry
f,mean over seeds,450000.0,0.00021771551258779453,geometry
f,mean over seeds,460000.0,0.00030242165341102004,geometry
f,mean over seeds,470000.0,0.00034470064255173407,geometry
f,mean over seeds,480000.0,0.0002765655517578125,geometry
f,mean over seeds,490000.0,0.0002882719039916992,geometry
f,mean over seeds,500000.0,0.0003248055775960287,geometry
f,mean over seeds,510000.0,0.0003649189981160772,geometry
f,mean over seeds,520000.0,0.00039259344262062657,geometry
f,mean over seeds,530000.0,0.00033534100518862385,geometry
f,mean over seeds,540000.0,0.0003828241874695397,geometry
f,mean over seeds,550000.0,0.0003873805640409923,geometry
f,mean over seeds,560000.0,0.00036831548109148064,geometry
f,mean over seeds,570000.0,0.0002649647092539451,geometry
f,mean over seeds,580000.0,0.0002967009838850172,geometry
f,mean over seeds,590000.0,0.0003350048041227064,geometry
f,mean over seeds,600000.0,0.00027780532836914064,geometry
f,mean over seeds,610000.0,0.0002917499738487024,geometry
f,mean over seeds,620000.0,0.00018103278753186453,geometry
f,mean over seeds,630000.0,0.00012095791479016511,geometry
f,mean over seeds,640000.0,0.00016179267355860834,geometry
f,mean over seeds,650000.0,0.000187496070725492,geometry
f,mean over seeds,660000.0,0.00042064554024818276,geometry
f,mean over seeds,670000.0,0.00043631428309252857,geometry
f,mean over seeds,680000.0,0.000262857125411134,geometry
f,mean over seeds,690000.0,0.000289485733549089,geometry
f,mean over seeds,700000.0,0.0002022574260990874,geometry
f,mean over seeds,710000.0,0.00023371775683357632,geometry
f,mean over seeds,720000.0,0.0002887145539716338,geometry
f,mean over seeds,730000.0,0.0002512894080041203,geometry
f,mean over seeds,740000.0,0.00018589357129030658,geometry
f,mean over seeds,750000.0,0.00013948333942720938,geometry
f,mean over seeds,760000.0,0.00017195788242360983,geometry
f,mean over seeds,770000.0,0.00021214989519458314,geometry
f,mean over seeds,780000.0,0.00017883075290681892,geometry
f,mean over seeds,790000.0,0.00014413505161882555,geometry
f,mean over seeds,800000.0,0.00012352720004855624,geometry
f,mean over seeds,810000.0,0.00014492440377580025,geometry
f,mean over seeds,820000.0,0.00018033914257102547,geometry
f,mean over seeds,830000.0,0.0001559019088745117,geometry
f,mean over seeds,840000.0,9.765625e-05,geometry
f,mean over seeds,850000.0,0.00018150893469054955,geometry
f,mean over seeds,860000.0,0.00014244969002749907,geometry
f,mean over seeds,870000.0,0.00011441939495473571,geometry
f,mean over seeds,880000.0,0.00011752083851206408,geometry
f,mean over seeds,890000.0,0.00011821589703799872,geometry
f,mean over seeds,900000.0,0.0001186492070398041,geometry
f,mean over seeds,910000.0,7.566793239372297e-05,geometry
f,mean over seeds,920000.0,9.540711794215344e-05,geometry
f,mean over seeds,930000.0,0.00018028792495669273,geometry
f,mean over seeds,940000.0,0.0001583099365234375,geometry
f,mean over seeds,950000.0,8.869171142578125e-05,geometry
f,mean over seeds,960000.0,3.662109375e-05,geometry
f,mean over seeds,970000.0,4.1604042053222656e-05,geometry
f,mean over seeds,980000.0,0.00011792182922363282,geometry
f,mean over seeds,990000.0,0.0001275777816772461,geometry
f,mean over seeds,1000000.0,0.0001339276631673177,geometry
g,mean over seeds,10000.0,13.091771357133984,utilisation
g,mean over seeds,20000.0,26.266439332067968,utilisation
g,mean over seeds,30000.0,37.37704939395189,utilisation
g,mean over seeds,40000.0,44.891964650154115,utilisation
g,mean over seeds,50000.0,50.259276524186134,utilisation
g,mean over seeds,60000.0,54.13588027060032,utilisation
g,mean over seeds,70000.0,56.601372110843656,utilisation
g,mean over seeds,80000.0,58.38164540529251,utilisation
g,mean over seeds,90000.0,59.761845249931014,utilisation
g,mean over seeds,100000.0,60.91816685001055,utilisation
g,mean over seeds,110000.0,61.925292792916295,utilisation
g,mean over seeds,120000.0,62.7415147960186,utilisation
g,mean over seeds,130000.0,63.48502609282732,utilisation
g,mean over seeds,140000.0,64.17025116980076,utilisation
g,mean over seeds,150000.0,64.78849653154612,utilisation
g,mean over seeds,160000.0,65.38356192111969,utilisation
g,mean over seeds,170000.0,65.90139034837485,utilisation
g,mean over seeds,180000.0,66.36058147847652,utilisation
g,mean over seeds,190000.0,66.79016132503747,utilisation
g,mean over seeds,200000.0,67.19567752480506,utilisation
g,mean over seeds,210000.0,67.56564452350139,utilisation
g,mean over seeds,220000.0,67.92997056245804,utilisation
g,mean over seeds,230000.0,68.28399384021758,utilisation
g,mean over seeds,240000.0,68.61567807197571,utilisation
g,mean over seeds,250000.0,68.92802555859089,utilisation
g,mean over seeds,260000.0,69.19521338939667,utilisation
g,mean over seeds,270000.0,69.4591161698103,utilisation
g,mean over seeds,280000.0,69.73558024168014,utilisation
g,mean over seeds,290000.0,70.02181766033172,utilisation
g,mean over seeds,300000.0,70.30658959746361,utilisation
g,mean over seeds,310000.0,70.57623571157455,utilisation
g,mean over seeds,320000.0,70.83246173858643,utilisation
g,mean over seeds,330000.0,71.07764003574849,utilisation
g,mean over seeds,340000.0,71.32493322491646,utilisation
g,mean over seeds,350000.0,71.55493613183498,utilisation
g,mean over seeds,360000.0,71.77256076335907,utilisation
g,mean over seeds,370000.0,71.99168364802996,utilisation
g,mean over seeds,380000.0,72.21710753440857,utilisation
g,mean over seeds,390000.0,72.43032704889774,utilisation
g,mean over seeds,400000.0,72.65152912139892,utilisation
g,mean over seeds,410000.0,72.8739143192768,utilisation
g,mean over seeds,420000.0,73.08835836648942,utilisation
g,mean over seeds,430000.0,73.32279968559742,utilisation
g,mean over seeds,440000.0,73.54620183706284,utilisation
g,mean over seeds,450000.0,73.78135867118836,utilisation
g,mean over seeds,460000.0,74.01592735846836,utilisation
g,mean over seeds,470000.0,74.23641213178635,utilisation
g,mean over seeds,480000.0,74.45409064292907,utilisation
g,mean over seeds,490000.0,74.67216776907443,utilisation
g,mean over seeds,500000.0,74.8924471239249,utilisation
g,mean over seeds,510000.0,75.12727280557155,utilisation
g,mean over seeds,520000.0,75.35851836204529,utilisation
g,mean over seeds,530000.0,75.57653420865536,utilisation
g,mean over seeds,540000.0,75.78724645773569,utilisation
g,mean over seeds,550000.0,75.9969428896904,utilisation
g,mean over seeds,560000.0,76.20488827228546,utilisation
g,mean over seeds,570000.0,76.41556947231292,utilisation
g,mean over seeds,580000.0,76.65519085327784,utilisation
g,mean over seeds,590000.0,76.90324672460557,utilisation
g,mean over seeds,600000.0,77.14160457849502,utilisation
g,mean over seeds,610000.0,77.35324721038342,utilisation
g,mean over seeds,620000.0,77.567891061306,utilisation
g,mean over seeds,630000.0,77.80305489003658,utilisation
g,mean over seeds,640000.0,78.0367520014445,utilisation
g,mean over seeds,650000.0,78.25614607036114,utilisation
g,mean over seeds,660000.0,78.45609868764878,utilisation
g,mean over seeds,670000.0,78.67368271748224,utilisation
g,mean over seeds,680000.0,78.89367835521698,utilisation
g,mean over seeds,690000.0,79.10976212024688,utilisation
g,mean over seeds,700000.0,79.329914945364,utilisation
g,mean over seeds,710000.0,79.55460588932037,utilisation
g,mean over seeds,720000.0,79.7783503293991,utilisation
g,mean over seeds,730000.0,79.99857003192108,utilisation
g,mean over seeds,740000.0,80.21725417375565,utilisation
g,mean over seeds,750000.0,80.43761119842529,utilisation
g,mean over seeds,760000.0,80.66931922435761,utilisation
g,mean over seeds,770000.0,80.89319387773672,utilisation
g,mean over seeds,780000.0,81.10727453827857,utilisation
g,mean over seeds,790000.0,81.31481623053551,utilisation
g,mean over seeds,800000.0,81.52246718406677,utilisation
g,mean over seeds,810000.0,81.72393648028373,utilisation
g,mean over seeds,820000.0,81.9220613360405,utilisation
g,mean over seeds,830000.0,82.12328508496284,utilisation
g,mean over seeds,840000.0,82.33823624849319,utilisation
g,mean over seeds,850000.0,82.5591258943081,utilisation
g,mean over seeds,860000.0,82.75572634140651,utilisation
g,mean over seeds,870000.0,82.94145447413126,utilisation
g,mean over seeds,880000.0,83.13308584690094,utilisation
g,mean over seeds,890000.0,83.33694759011269,utilisation
g,mean over seeds,900000.0,83.5383466998736,utilisation
g,mean over seeds,910000.0,83.74410258730254,utilisation
g,mean over seeds,920000.0,83.9444903254509,utilisation
g,mean over seeds,930000.0,84.1322888314724,utilisation
g,mean over seeds,940000.0,84.33662424087524,utilisation
g,mean over seeds,950000.0,84.52473396658897,utilisation
g,mean over seeds,960000.0,84.71905943552653,utilisation
g,mean over seeds,970000.0,84.91086673140526,utilisation
g,mean over seeds,980000.0,85.09448142647743,utilisation
g,mean over seeds,990000.0,85.29461106956005,utilisation
g,mean over seeds,1000000.0,85.48865704933802,utilisation
g,mean over seeds,10000.0,0.1655203068919945,section class
g,mean over seeds,20000.0,0.27211283978540446,section class
g,mean over seeds,30000.0,0.3821670376579277,section class
g,mean over seeds,40000.0,0.4745014767783383,section class
g,mean over seeds,50000.0,0.5476211909670383,section class
g,mean over seeds,60000.0,0.598963139904663,section class
g,mean over seeds,70000.0,0.6234091677470133,section class
g,mean over seeds,80000.0,0.6358483552932739,section class
g,mean over seeds,90000.0,0.6421861909019451,section class
g,mean over seeds,100000.0,0.6466455887692669,section class
g,mean over seeds,110000.0,0.6495275336783379,section class
g,mean over seeds,120000.0,0.6514467264525592,section class
g,mean over seeds,130000.0,0.6530651774645473,section class
g,mean over seeds,140000.0,0.6543390320458761,section class
g,mean over seeds,150000.0,0.6554369936464355,section class
g,mean over seeds,160000.0,0.6564782030880452,section class
g,mean over seeds,170000.0,0.6576705614104867,section class
g,mean over seeds,180000.0,0.6582396510988474,section class
g,mean over seeds,190000.0,0.6585991060671708,section class
g,mean over seeds,200000.0,0.6589720311574638,section class
g,mean over seeds,210000.0,0.659363678493537,section class
g,mean over seeds,220000.0,0.6597677730489522,section class
g,mean over seeds,230000.0,0.660361185289609,section class
g,mean over seeds,240000.0,0.6611145470291376,section class
g,mean over seeds,250000.0,0.6617361586308107,section class
g,mean over seeds,260000.0,0.6623474810272455,section class
g,mean over seeds,270000.0,0.6627242835937068,section class
g,mean over seeds,280000.0,0.6630215677432716,section class
g,mean over seeds,290000.0,0.663435674039647,section class
g,mean over seeds,300000.0,0.664036224456504,section class
g,mean over seeds,310000.0,0.6643688300779711,section class
g,mean over seeds,320000.0,0.6645890220999717,section class
g,mean over seeds,330000.0,0.6648479527095332,section class
g,mean over seeds,340000.0,0.6652010968886316,section class
g,mean over seeds,350000.0,0.6657280607381836,section class
g,mean over seeds,360000.0,0.6660237511619925,section class
g,mean over seeds,370000.0,0.6662007589979717,section class
g,mean over seeds,380000.0,0.6663958802353591,section class
g,mean over seeds,390000.0,0.6666819071164355,section class
g,mean over seeds,400000.0,0.6670672512302795,section class
g,mean over seeds,410000.0,0.6675325072215249,section class
g,mean over seeds,420000.0,0.6679932198487222,section class
g,mean over seeds,430000.0,0.6682861965149641,section class
g,mean over seeds,440000.0,0.6685098815709353,section class
g,mean over seeds,450000.0,0.6687056430848315,section class
g,mean over seeds,460000.0,0.6690225475312521,section class
g,mean over seeds,470000.0,0.6694138011429459,section class
g,mean over seeds,480000.0,0.6698545482009649,section class
g,mean over seeds,490000.0,0.6703305034898221,section class
g,mean over seeds,500000.0,0.6707263259527584,section class
g,mean over seeds,510000.0,0.671173959551379,section class
g,mean over seeds,520000.0,0.6718462414108217,section class
g,mean over seeds,530000.0,0.6723186891293154,section class
g,mean over seeds,540000.0,0.6728569275699555,section class
g,mean over seeds,550000.0,0.6733134035021067,section class
g,mean over seeds,560000.0,0.6737225020304323,section class
g,mean over seeds,570000.0,0.6740573152434081,section class
g,mean over seeds,580000.0,0.6745797644679745,section class
g,mean over seeds,590000.0,0.6750591794028878,section class
g,mean over seeds,600000.0,0.675349578820169,section class
g,mean over seeds,610000.0,0.6756553889252246,section class
g,mean over seeds,620000.0,0.6758460923563689,section class
g,mean over seeds,630000.0,0.675933969587398,section class
g,mean over seeds,640000.0,0.6760836695631345,section class
g,mean over seeds,650000.0,0.6762540332973004,section class
g,mean over seeds,660000.0,0.6769054536242038,section class
g,mean over seeds,670000.0,0.6775869015681867,section class
g,mean over seeds,680000.0,0.6779030094854533,section class
g,mean over seeds,690000.0,0.6782164611155167,section class
g,mean over seeds,700000.0,0.6785392257384956,section class
g,mean over seeds,710000.0,0.6788269028998911,section class
g,mean over seeds,720000.0,0.6791307099163533,section class
g,mean over seeds,730000.0,0.6794044661646088,section class
g,mean over seeds,740000.0,0.6796665046364069,section class
g,mean over seeds,750000.0,0.6798101850785315,section class
g,mean over seeds,760000.0,0.6799656085669994,section class
g,mean over seeds,770000.0,0.6801997965279346,section class
g,mean over seeds,780000.0,0.6803757567424327,section class
g,mean over seeds,790000.0,0.680538680893369,section class
g,mean over seeds,800000.0,0.6807163748890162,section class
g,mean over seeds,810000.0,0.6809150522264342,section class
g,mean over seeds,820000.0,0.6810975523665548,section class
g,mean over seeds,830000.0,0.6812207757029682,section class
g,mean over seeds,840000.0,0.6812911474145948,section class
g,mean over seeds,850000.0,0.6813748024171218,section class
g,mean over seeds,860000.0,0.6814664362774541,section class
g,mean over seeds,870000.0,0.6815823739627377,section class
g,mean over seeds,880000.0,0.6817177440971136,section class
g,mean over seeds,890000.0,0.6818719930015504,section class
g,mean over seeds,900000.0,0.6819849046257636,section class
g,mean over seeds,910000.0,0.6820385712819794,section class
g,mean over seeds,920000.0,0.6821001762524247,section class
g,mean over seeds,930000.0,0.6822177187306806,section class
g,mean over seeds,940000.0,0.6822616883087903,section class
g,mean over seeds,950000.0,0.6823013989720493,section class
g,mean over seeds,960000.0,0.682330866654714,section class
g,mean over seeds,970000.0,0.6823599176714197,section class
g,mean over seeds,980000.0,0.6824618373531848,section class
g,mean over seeds,990000.0,0.6825744121335446,section class
g,mean over seeds,1000000.0,0.6826672421147426,section class
g,mean over seeds,10000.0,0.14284213390492365,geometry
g,mean over seeds,20000.0,0.24513098200550298,geometry
g,mean over seeds,30000.0,0.345994505204726,geometry
g,mean over seeds,40000.0,0.43316649676611024,geometry
g,mean over seeds,50000.0,0.5062594879884272,geometry
g,mean over seeds,60000.0,0.561651193886064,geometry
g,mean over seeds,70000.0,0.5898399136378429,geometry
g,mean over seeds,80000.0,0.6050738453865051,geometry
g,mean over seeds,90000.0,0.6133985435434928,geometry
g,mean over seeds,100000.0,0.6193982291656235,geometry
g,mean over seeds,110000.0,0.6236321330070496,geometry
g,mean over seeds,120000.0,0.6268041968345642,geometry
g,mean over seeds,130000.0,0.6293367828630532,geometry
g,mean over seeds,140000.0,0.631352797942236,geometry
g,mean over seeds,150000.0,0.6331035941373557,geometry
g,mean over seeds,160000.0,0.6346913451328874,geometry
g,mean over seeds,170000.0,0.6365091339452192,geometry
g,mean over seeds,180000.0,0.6376283414196223,geometry
g,mean over seeds,190000.0,0.6387374394650882,geometry
g,mean over seeds,200000.0,0.639924709033221,geometry
g,mean over seeds,210000.0,0.6409394094254821,geometry
g,mean over seeds,220000.0,0.6418308562599122,geometry
g,mean over seeds,230000.0,0.6428325792929778,geometry
g,mean over seeds,240000.0,0.643993055075407,geometry
g,mean over seeds,250000.0,0.6450641964096576,geometry
g,mean over seeds,260000.0,0.6460827484261245,geometry
g,mean over seeds,270000.0,0.6468752474834523,geometry
g,mean over seeds,280000.0,0.647529455460608,geometry
g,mean over seeds,290000.0,0.6482447922229767,geometry
g,mean over seeds,300000.0,0.6491535982117057,geometry
g,mean over seeds,310000.0,0.6498032618158807,geometry
g,mean over seeds,320000.0,0.6503857880830765,geometry
g,mean over seeds,330000.0,0.6510411045397632,geometry
g,mean over seeds,340000.0,0.6516912511084229,geometry
g,mean over seeds,350000.0,0.6525466423714533,geometry
g,mean over seeds,360000.0,0.6532718776414791,geometry
g,mean over seeds,370000.0,0.6538154658162967,geometry
g,mean over seeds,380000.0,0.654357896046713,geometry
g,mean over seeds,390000.0,0.6549307734705507,geometry
g,mean over seeds,400000.0,0.6557092370465398,geometry
g,mean over seeds,410000.0,0.6566143693169578,geometry
g,mean over seeds,420000.0,0.6573874413967132,geometry
g,mean over seeds,430000.0,0.6579245955334045,geometry
g,mean over seeds,440000.0,0.6584516977891326,geometry
g,mean over seeds,450000.0,0.659067690372467,geometry
g,mean over seeds,460000.0,0.6597876578258972,geometry
g,mean over seeds,470000.0,0.6605514764785767,geometry
g,mean over seeds,480000.0,0.6612554788589478,geometry
g,mean over seeds,490000.0,0.6619940519332885,geometry
g,mean over seeds,500000.0,0.6627924521764119,geometry
g,mean over seeds,510000.0,0.6636727010132745,geometry
g,mean over seeds,520000.0,0.6646956644020975,geometry
g,mean over seeds,530000.0,0.6654688144568354,geometry
g,mean over seeds,540000.0,0.6663713216781616,geometry
g,mean over seeds,550000.0,0.6673178893979639,geometry
g,mean over seeds,560000.0,0.668254904076457,geometry
g,mean over seeds,570000.0,0.668929374217987,geometry
g,mean over seeds,580000.0,0.6697501007622728,geometry
g,mean over seeds,590000.0,0.6705925879301503,geometry
g,mean over seeds,600000.0,0.6712611675262451,geometry
g,mean over seeds,610000.0,0.6719632091699168,geometry
g,mean over seeds,620000.0,0.6724659388419241,geometry
g,mean over seeds,630000.0,0.6727772233619665,geometry
g,mean over seeds,640000.0,0.6731547986467679,geometry
g,mean over seeds,650000.0,0.6735576391220093,geometry
g,mean over seeds,660000.0,0.6744582038372755,geometry
g,mean over seeds,670000.0,0.675388205749914,geometry
g,mean over seeds,680000.0,0.6760195290669799,geometry
g,mean over seeds,690000.0,0.6767297558253631,geometry
g,mean over seeds,700000.0,0.6772699952125549,geometry
g,mean over seeds,710000.0,0.6777697541750968,geometry
g,mean over seeds,720000.0,0.6784095039591194,geometry
g,mean over seeds,730000.0,0.6790323674445972,geometry
g,mean over seeds,740000.0,0.6795836497563869,geometry
g,mean over seeds,750000.0,0.6799136513378471,geometry
g,mean over seeds,760000.0,0.6803276668302715,geometry
g,mean over seeds,770000.0,0.6808470716389518,geometry
g,mean over seeds,780000.0,0.6813104956410825,geometry
g,mean over seeds,790000.0,0.6817243653582409,geometry
g,mean over seeds,800000.0,0.6820477485656739,geometry
g,mean over seeds,810000.0,0.6824377968364084,geometry
g,mean over seeds,820000.0,0.6828775537665933,geometry
g,mean over seeds,830000.0,0.6832573056221009,geometry
g,mean over seeds,840000.0,0.6834957242012024,geometry
g,mean over seeds,850000.0,0.6839018442668021,geometry
g,mean over seeds,860000.0,0.6841861439558368,geometry
g,mean over seeds,870000.0,0.6844675010535866,geometry
g,mean over seeds,880000.0,0.6847706485539675,geometry
g,mean over seeds,890000.0,0.6850561976432801,geometry
g,mean over seeds,900000.0,0.6853616167480746,geometry
g,mean over seeds,910000.0,0.6855652928352355,geometry
g,mean over seeds,920000.0,0.685806222539395,geometry
g,mean over seeds,930000.0,0.6862927198410034,geometry
g,mean over seeds,940000.0,0.6866470575332642,geometry
g,mean over seeds,950000.0,0.686834454536438,geometry
g,mean over seeds,960000.0,0.6869200944900512,geometry
g,mean over seeds,970000.0,0.6869996309280395,geometry
g,mean over seeds,980000.0,0.6872570276260376,geometry
g,mean over seeds,990000.0,0.6875407457351684,geometry
g,mean over seeds,1000000.0,0.6878534237543742,geometry
