arm,repair_mode,span_m,load_kNm,optimal,optimal_grade,optimal_type,achieved,gap,feasible,feasible_before,utilization,section_class,h,b,tf,tw,fy,section_type,grade_match,repaired,variant,scale,n_ec3_gen,n_ec3_repair,n_ec3,t_gen,t_repair,sec_per_design
gated_cost_merged_seed42,none,6.0,20.0,241.3288087904857,355,rolled,313.8746872292073,0.30061010453875703,True,True,0.6253569308651461,2,302.9640934208881,145.81566448886363,9.371081376126753,6.0,355.0,rolled,1.0,False,original,,40,1,41,0.09736251831054688,0.00014495849609375,0.09750747680664062
gated_cost_merged_seed42,none,6.0,30.909090909090907,292.67799548197263,355,rolled,367.7011439491176,0.2563334094987198,True,True,0.7171214692298213,1,323.0212602608081,158.82297111972272,10.669922951494913,6.0,355.0,rolled,1.0,False,original,,40,1,41,0.04285311698913574,0.00015354156494140625,0.04300665855407715
gated_cost_merged_seed42,none,6.0,41.81818181818181,342.2853688824266,355,rolled,413.30924400129163,0.20749900981967295,True,True,0.7455181483852465,1,365.94206196951114,168.35421804482644,11.236538469435157,6.0,355.0,rolled,1.0,False,original,,40,1,41,0.041445255279541016,0.00013899803161621094,0.04158425331115723
gated_cost_merged_seed42,none,6.0,52.72727272727273,386.25765574493386,355,rolled,539.797639636737,0.3975066425432708,True,True,0.8371902742523472,1,364.9264455559026,166.7290750913956,13.161855515364262,6.0,355.0,rolled,1.0,False,original,,40,1,41,0.043778181076049805,0.0001304149627685547,0.04390859603881836
gated_cost_merged_seed42,none,6.0,63.63636363636363,431.68145507497405,355,rolled,575.2586134331511,0.332599783174009,True,True,0.7305813607573597,1,415.53075794350536,166.18535025498682,15.494312938018748,7.760872777085837,355.0,rolled,1.0,False,original,,40,1,41,0.04833841323852539,0.00012922286987304688,0.04846763610839844
gated_cost_merged_seed42,none,6.0,74.54545454545453,466.9500019446189,355,rolled,592.6487470934956,0.2691910153665332,True,True,0.7595484135465476,1,449.48599177814856,179.77309848359454,14.157595753541322,7.811147988400254,355.0,rolled,1.0,False,original,,40,1,41,0.04667854309082031,0.00017714500427246094,0.04685568809509277
gated_cost_merged_seed42,none,6.0,85.45454545454545,518.2473353887603,355,rolled,628.0139519965306,0.21180353300886626,True,True,0.7825878109451105,1,470.05555901875795,179.7937567733169,15.130686606104257,7.820476712224938,355.0,rolled,1.0,False,original,,40,1,41,0.041089534759521484,0.0001380443572998047,0.04122757911682129
gated_cost_merged_seed42,none,6.0,96.36363636363636,549.7256874002802,355,rolled,777.128901151628,0.41366670498292585,True,True,0.8570262824318196,1,433.9622622445217,185.72902424805926,17.143581459718654,7.194156487123952,355.0,rolled,1.0,False,original,,40,1,41,0.04077649116516113,0.0001571178436279297,0.04093360900878906
gated_cost_merged_seed42,none,6.0,107.27272727272728,586.6560772595034,355,rolled,778.0593318868406,0.32626143672022556,True,True,0.9215913686406253,2,439.75149861557446,192.91719431377868,16.77627930656236,6.847994051784621,355.0,rolled,1.0,False,original,,40,1,41,0.06171607971191406,0.000141143798828125,0.06185722351074219
gated_cost_merged_seed42,none,6.0,118.18181818181816,628.4217050081675,355,rolled,781.4971955975113,0.2435872112140913,True,True,0.7911371991568866,1,486.3418348912418,205.4205294951546,17.06458014013142,8.93307729043907,355.0,rolled,1.0,False,original,,40,1,41,0.0421602725982666,0.00013136863708496094,0.04229164123535156
gated_cost_merged_seed42,none,6.0,129.0909090909091,657.4964976148059,355,rolled,838.2785922824035,0.27495522078584317,True,True,0.7099127576214176,1,562.8746274510042,219.97963814428846,15.560327576773721,9.416887765233785,355.0,rolled,1.0,False,original,,40,1,41,0.04328274726867676,0.00012826919555664062,0.0434110164642334
gated_cost_merged_seed42,none,6.0,140.0,697.879425726456,355,rolled,1000.2845430187367,0.4333200065003962,True,True,0.7710572927855376,2,523.796059449287,212.4296869837456,19.235180487202456,7.676271979753251,355.0,rolled,1.0,False,original,,40,1,41,0.04206728935241699,0.0001685619354248047,0.0422358512878418
gated_cost_merged_seed42,none,6.818181818181818,20.0,317.0885192434045,355,rolled,416.20711771467444,0.31258967908322216,True,True,0.6238406493613372,2,339.0739751453657,159.93637560085673,10.21381847082731,6.0,355.0,rolled,1.0,False,original,,40,1,41,0.05303502082824707,0.00013184547424316406,0.053166866302490234
gated_cost_merged_seed42,none,6.818181818181818,30.909090909090907,392.6423822212096,355,rolled,483.67275644073413,0.2318404185115178,True,True,0.7170593924502087,1,370.7496538985997,170.45689379309894,11.534934994765923,6.0,355.0,rolled,1.0,False,original,,40,1,41,0.048773765563964844,0.0001342296600341797,0.04890799522399902
gated_cost_merged_seed42,none,6.818181818181818,41.81818181818181,455.0251859822217,355,rolled,630.8302529375261,0.38636337585536035,True,True,0.6881293417551227,1,453.25858221383834,168.53588680167263,12.36782714417134,8.589459044742359,355.0,rolled,1.0,False,original,,40,1,41,0.04189729690551758,0.0001266002655029297,0.04202389717102051
gated_cost_merged_seed42,none,6.818181818181818,52.72727272727273,519.9507333014534,355,rolled,676.907676186859,0.30186887493897663,True,True,0.9426347355130207,2,392.69662068708925,172.52787089857077,14.198927898598537,6.0,355.0,rolled,1.0,False,original,,40,1,41,0.04883098602294922,0.0001399517059326172,0.048970937728881836
gated_cost_merged_seed42,none,6.818181818181818,63.63636363636363,570.1996303697795,355,rolled,723.8180584710425,0.2694116585127215,True,True,0.9921314709468847,2,410.6198533003531,181.11952079510257,14.549641289918512,6.043654557426146,355.0,rolled,1.0,False,original,,40,1,41,0.04435610771179199,0.0002052783966064453,0.04456138610839844
gated_cost_merged_seed42,none,6.818181818181818,74.54545454545453,645.0378754655677,355,rolled,656.4860627516109,0.01774808537836677,True,True,0.9926483458626593,2,463.14389634779405,193.12331503845834,13.003507792866841,7.197535171553937,355.0,rolled,1.0,False,original,,40,1,41,0.04144024848937988,0.0001385211944580078,0.04157876968383789
gated_cost_merged_seed42,none,6.818181818181818,85.45454545454545,698.212152166206,355,rolled,955.1399839052995,0.3679796046831523,True,True,0.8506612352029529,2,476.6638340992686,197.49614061812073,17.198040412375963,7.245356163282432,355.0,rolled,1.0,False,original,,40,1,41,0.0450284481048584,0.0001392364501953125,0.04516768455505371
gated_cost_merged_seed42,none,6.818181818181818,96.36363636363636,733.8166260116295,355,rolled,952.6447015863826,0.29820539330664475,True,True,0.9753016834362258,1,473.72119450586433,198.14094043095918,16.802107999281084,7.527524747356579,355.0,rolled,1.0,False,original,,40,1,41,0.042308807373046875,0.00014662742614746094,0.042455434799194336
gated_cost_merged_seed42,none,6.818181818181818,107.27272727272728,798.4291807439346,355,rolled,1066.303193576883,0.33550128088173997,True,True,0.7652643660126718,1,512.7222887610625,213.11926820511496,19.18633853825016,10.731324993828013,355.0,rolled,1.0,False,original,,40,1,41,0.04430818557739258,0.000133514404296875,0.04444169998168945
gated_cost_merged_seed42,none,6.818181818181818,118.18181818181816,860.6462645405438,355,rolled,1028.983918957134,0.1955944751662371,True,True,0.8272748087415132,1,547.7273675526696,208.7349841319651,18.719448326285764,9.777162607492551,355.0,rolled,1.0,False,original,,40,1,41,0.05384087562561035,0.0001499652862548828,0.053990840911865234
gated_cost_merged_seed42,none,6.818181818181818,129.0909090909091,896.311601431932,355,rolled,1251.775949042292,0.3965856818571536,True,True,0.6187288424952558,1,614.1039230995841,245.64148105146344,20.006036479195284,10.011689817581285,355.0,rolled,1.0,False,original,,40,1,41,0.045601844787597656,0.00014400482177734375,0.045745849609375
gated_cost_merged_seed42,none,6.818181818181818,140.0,931.1411275891702,355,rolled,1108.7633551312674,0.19075757936069399,True,True,0.8660135557577151,1,562.2433255168103,218.78850671246425,19.505092510865047,10.056171402489044,355.0,rolled,1.0,False,original,,40,1,41,0.05715465545654297,0.0003299713134765625,0.05748462677001953
gated_cost_merged_seed42,none,7.636363636363637,20.0,409.6201332461394,355,rolled,527.5962246537443,0.2880134100652555,True,True,0.6488711732452247,1,368.12438803634535,170.37867665272876,11.11125381756294,6.0,355.0,rolled,1.0,False,original,,40,1,41,0.04695749282836914,0.00016617774963378906,0.04712367057800293
gated_cost_merged_seed42,none,7.636363636363637,30.909090909090907,501.774525145321,355,rolled,701.4218042621717,0.39788245339683204,True,True,0.8612256403425366,1,367.5072923648176,169.40912101852814,13.31057492750995,6.0,355.0,rolled,1.0,False,original,,40,1,41,0.043695926666259766,0.00015926361083984375,0.04385519027709961
gated_cost_merged_seed42,none,7.636363636363637,41.81818181818181,593.9298338756057,355,rolled,766.1053453438255,0.28989200684652044,True,True,0.953676997893728,2,394.46019002595864,181.57467843237043,13.649250382635655,6.0,355.0,rolled,1.0,False,original,,40,1,41,0.041580915451049805,0.0001323223114013672,0.04171323776245117
gated_cost_merged_seed42,none,7.636363636363637,52.72727272727273,675.9362632758116,355,rolled,727.4619224801852,0.0762285765741627,True,True,0.951260314086503,2,468.80367600742136,189.2048758577838,12.903656442697361,7.221985751918394,355.0,rolled,1.0,False,original,,40,1,41,0.04840207099914551,0.00020766258239746094,0.04860973358154297
gated_cost_merged_seed42,none,7.636363636363637,63.63636363636363,779.5020738899598,355,rolled,1104.4816490919943,0.4169066203766265,True,True,0.8304279174663376,1,455.6010715035132,195.3422528853633,18.589016810088076,7.312129011915799,355.0,rolled,1.0,False,original,,40,1,41,0.058653831481933594,0.00014138221740722656,0.05879521369934082
gated_cost_merged_seed42,none,7.636363636363637,74.54545454545453,846.6406079690952,355,rolled,1198.1548569410766,0.41518708843317453,True,True,0.811570271780046,2,501.1143455249861,204.22068559577204,18.825772447562905,7.569558406437696,355.0,rolled,1.0,False,original,,40,1,41,0.04281759262084961,0.0001380443572998047,0.042955636978149414
gated_cost_merged_seed42,none,7.636363636363637,85.45454545454545,921.2774310054268,355,rolled,1056.313552759098,0.14657487224700694,True,True,0.9126648676603123,1,501.2074895219717,208.69857901197753,18.013268527664632,9.065448449372184,355.0,rolled,1.0,False,original,,40,1,41,0.04714655876159668,0.00023865699768066406,0.047385215759277344
gated_cost_merged_seed42,none,7.636363636363637,96.36363636363636,990.3158107657674,355,rolled,1083.1772999492111,0.09376957145785449,True,True,0.9427869586977177,1,529.8626730375353,216.8035637842921,17.478165297546333,9.002841186312853,355.0,rolled,1.0,False,original,,40,1,41,0.051610469818115234,0.00013780593872070312,0.05174827575683594
gated_cost_merged_seed42,none,7.636363636363637,107.27272727272728,1055.0870687226268,355,rolled,1402.8032182109894,0.32956156870478537,True,True,0.8694794161882942,2,565.1982384723841,225.58665230943961,19.112720737112316,8.51436371113437,355.0,rolled,1.0,False,original,,40,1,41,0.04574918746948242,0.0001442432403564453,0.04589343070983887
gated_cost_merged_seed42,none,7.636363636363637,118.18181818181816,1088.4839809208006,355,rolled,1412.1850177518477,0.29738704703510005,True,True,0.9407904633459123,1,532.7282408091605,192.04844678865277,24.92667336346021,12.664304673069028,355.0,rolled,1.0,False,original,,40,1,41,0.046233415603637695,0.00016808509826660156,0.0464015007019043
gated_cost_merged_seed42,none,7.636363636363637,129.0909090909091,1173.7978050697595,355,rolled,1673.1882338379646,0.4254484261354757,True,True,0.786102207734395,2,630.2067611461166,232.57309919142577,21.688406611090635,9.45522305571616,355.0,rolled,1.0,False,original,,40,1,41,0.04819679260253906,0.0001437664031982422,0.048340559005737305
gated_cost_merged_seed42,none,7.636363636363637,140.0,1251.7374258469372,355,rolled,1775.25781210535,0.41823498718526697,True,True,0.7982661843621979,1,636.6203830477515,232.20835504940428,22.93744614745949,10.052133349846692,355.0,rolled,1.0,False,original,,40,1,41,0.04878664016723633,0.00015044212341308594,0.048937082290649414
gated_cost_merged_seed42,none,8.454545454545455,20.0,516.1523336674153,355,rolled,776.100601703613,0.5036270323320797,True,True,0.6997773355292608,1,375.9777848638123,178.13776450310013,12.476398023542284,6.0,355.0,rolled,1.0,False,original,,40,1,41,0.0455935001373291,0.00015664100646972656,0.04575014114379883
gated_cost_merged_seed42,none,8.454545454545455,30.909090909090907,633.218032838701,355,rolled,929.0432081547391,0.46717743332397066,True,True,0.8140980135506911,1,392.25716904944073,185.84146359129642,14.960988101035163,6.296527728001233,355.0,rolled,1.0,False,original,,40,1,41,0.044350385665893555,0.00013828277587890625,0.04448866844177246
gated_cost_merged_seed42,none,8.454545454545455,41.81818181818181,757.3789000305048,355,rolled,1049.5338334515454,0.38574474864466585,True,True,0.719390266989092,1,495.8907552563786,187.7391232020468,16.71366794539183,9.20373211059195,355.0,rolled,1.0,False,original,,40,1,41,0.044213056564331055,0.00014710426330566406,0.04436016082763672
gated_cost_merged_seed42,none,8.454545454545455,52.72727272727273,897.7427828478864,355,rolled,1020.4357762327601,0.1366683149439062,True,True,0.8394848345523767,2,502.88197615267285,206.152245094652,15.785497882315548,7.917446057642832,355.0,rolled,1.0,False,original,,40,1,41,0.06163501739501953,0.0001647472381591797,0.06179976463317871
gated_cost_merged_seed42,none,8.454545454545455,63.63636363636363,969.5859503873623,355,rolled,1303.698918665461,0.3445934505802359,True,True,0.7428375387141606,1,565.8898883184016,207.22548293069758,18.13284359711396,10.511915360873003,355.0,rolled,1.0,False,original,,40,1,41,0.0464935302734375,0.0001380443572998047,0.046631574630737305
gated_cost_merged_seed42,none,8.454545454545455,74.54545454545453,1093.1775012217977,355,rolled,1238.9736571729304,0.13336915165943555,True,True,0.9492725443980657,1,539.187895007391,204.02275308602816,18.1433838961901,10.001367504738361,355.0,rolled,1.0,False,original,,40,1,41,0.05190539360046387,0.0001571178436279297,0.0520625114440918
gated_cost_merged_seed42,none,8.454545454545455,85.45454545454545,1181.2789978646645,355,rolled,1608.4449030160863,0.3616130532444808,True,True,0.709724144738738,1,592.3356395686311,244.67753419214617,18.9629538046052,12.375376505085747,355.0,rolled,1.0,False,original,,40,1,41,0.04790329933166504,0.0001430511474609375,0.04804635047912598
gated_cost_merged_seed42,none,8.454545454545455,96.36363636363636,1257.923897819336,355,rolled,1401.5973150928835,0.11421471324506313,True,True,0.8973441749343547,1,594.0657592098954,234.59691525628398,18.614827677250368,9.573699387962327,355.0,rolled,1.0,False,original,,40,1,41,0.05076003074645996,0.00015473365783691406,0.050914764404296875
gated_cost_merged_seed42,none,8.454545454545455,107.27272727272728,1352.4875507253705,355,rolled,1785.4434315275876,0.32011820040044936,True,True,0.9163813284341686,1,456.3768857674378,248.24881101873177,23.376550880631697,15.405390294131536,355.0,rolled,1.0,False,original,,40,1,41,0.044317007064819336,0.0001442432403564453,0.04446125030517578
gated_cost_merged_seed42,none,8.454545454545455,118.18181818181816,1418.3994702060834,355,rolled,1648.2235190485362,0.16203055180855436,True,True,0.8415428201981171,1,657.4217014646636,242.06199701140687,20.873803865697305,10.450843207172372,355.0,rolled,1.0,False,original,,40,1,41,0.04911398887634277,0.0001404285430908203,0.049254417419433594
gated_cost_merged_seed42,none,8.454545454545455,129.0909090909091,1503.943042662674,355,rolled,1907.8395110630086,0.2685583542347795,True,True,0.80683985291264,1,651.1209973872494,242.48516659317252,23.797913694441945,12.59892982888153,355.0,rolled,1.0,False,original,,40,1,41,0.08125853538513184,0.00014543533325195312,0.08140397071838379
gated_cost_merged_seed42,none,8.454545454545455,140.0,1589.050557323039,355,rolled,1985.0749242460022,0.24922074700386973,True,True,0.9438380135905269,1,688.301346048649,225.8207600377089,20.176975859917878,16.679357180025498,355.0,rolled,1.0,False,original,,40,1,41,0.046582698822021484,0.00013709068298339844,0.04671978950500488
gated_cost_merged_seed42,none,9.272727272727272,20.0,633.3700898588271,355,rolled,1067.2627220767563,0.6850538716071045,True,True,0.6440677393042782,1,378.85062853019565,189.31009432672693,15.648977611423806,6.58606736113907,355.0,rolled,1.0,False,original,,40,1,41,0.060487985610961914,0.0001347064971923828,0.0606226921081543
gated_cost_merged_seed42,none,9.272727272727272,30.909090909090907,801.8071464602682,355,rolled,1166.3061744421589,0.45459688104682244,True,True,0.6505531882892988,1,457.18073218565985,203.57836082831423,17.060177377634105,8.804786616084174,355.0,rolled,1.0,False,original,,40,1,41,0.04414033889770508,0.0003085136413574219,0.0444488525390625
gated_cost_merged_seed42,none,9.272727272727272,41.81818181818181,962.5021253931346,355,rolled,1251.3921719192022,0.3001448401041922,True,True,0.785808017237783,1,503.9785841426048,202.97326720999524,16.96814711737952,9.704353074909642,355.0,rolled,1.0,False,original,,40,1,41,0.05717897415161133,0.0001399517059326172,0.057318925857543945
gated_cost_merged_seed42,none,9.272727272727272,52.72727272727273,1070.6846994207378,355,rolled,1466.9229528009673,0.3700793086840621,True,True,0.7352201430092905,1,583.699854105085,227.19887700091033,15.586682719270772,11.472866856675674,355.0,rolled,1.0,False,original,,40,1,41,0.04614067077636719,0.00013518333435058594,0.04627585411071777
gated_cost_merged_seed42,none,9.272727272727272,63.63636363636363,1216.7126656588257,355,rolled,1631.919090513538,0.3412526528026947,True,True,0.7986728530934852,1,541.0729268965044,227.33045314108574,19.546621874076592,12.040655348309846,355.0,rolled,1.0,False,original,,40,1,41,0.045934438705444336,0.0001506805419921875,0.04608511924743652
gated_cost_merged_seed42,none,9.272727272727272,74.54545454545453,1356.4151141978043,355,rolled,2051.4451098300133,0.5124021314398696,True,True,0.911600073945852,1,399.24707290770397,211.56731955361545,30.472471746482363,17.368337478410787,355.0,rolled,1.0,False,original,,40,1,41,0.04642438888549805,0.00014472007751464844,0.046569108963012695
gated_cost_merged_seed42,none,9.272727272727272,85.45454545454545,1422.5235716023028,355,rolled,2142.982781396365,0.5064655687796802,True,True,0.8186452897810393,1,583.7638033020588,234.77953965295254,24.07081064930706,9.690545754285818,355.0,rolled,1.0,False,original,,40,1,41,0.044809818267822266,0.00014090538024902344,0.04495072364807129
gated_cost_merged_seed42,none,9.272727272727272,96.36363636363636,1530.0841209322955,355,rolled,2134.0079154666596,0.3946997333495542,True,True,0.8447074063935004,1,665.421763314578,206.97098458263392,25.130375074962092,14.829606257515486,355.0,rolled,1.0,False,original,,40,1,41,0.04745745658874512,0.00014853477478027344,0.04760599136352539
gated_cost_merged_seed42,none,9.272727272727272,107.27272727272728,1647.0835657255905,355,rolled,1940.431965469255,0.17810171010627232,True,True,0.8487477617484639,1,686.1892850117689,249.77273841019723,21.440053590715443,10.94917840730401,355.0,rolled,1.0,False,original,,40,1,41,0.04835653305053711,0.0001418590545654297,0.04849839210510254
gated_cost_merged_seed42,none,9.272727272727272,118.18181818181816,1794.0191544704012,355,rolled,2095.4950237073344,0.16804495564370361,True,True,0.862288063432705,1,682.1353349761137,251.38155636089368,23.286165461905654,11.745985282579136,355.0,rolled,1.0,False,original,,40,1,41,0.04723787307739258,0.0001590251922607422,0.04739689826965332
gated_cost_merged_seed42,none,9.272727272727272,129.0909090909091,1876.6125693849333,355,rolled,2649.739211561448,0.4119798912089296,True,True,0.7585595240861506,1,658.0061792765177,258.35273410661733,28.857086501576,15.547738904119019,355.0,rolled,1.0,False,original,,40,1,41,0.1497809886932373,0.00041985511779785156,0.15020084381103516
gated_cost_merged_seed42,none,9.272727272727272,140.0,1975.8458780810136,355,rolled,2736.9196189874197,0.3851888193048631,True,True,0.709710986198496,1,750.0,267.91315400137427,27.148493614711924,15.084853604042802,355.0,rolled,1.0,False,original,,40,1,41,0.04836463928222656,0.0001385211944580078,0.04850316047668457
gated_cost_merged_seed42,none,10.09090909090909,20.0,771.2799576046779,355,rolled,1135.886370090392,0.4727290121968841,True,True,0.6362907935900342,1,447.52119157313535,196.40865165789742,15.292704266240642,8.497467204246027,355.0,rolled,1.0,False,original,,40,1,41,0.043833255767822266,0.0001373291015625,0.043970584869384766
gated_cost_merged_seed42,none,10.09090909090909,30.909090909090907,964.7090665866748,355,rolled,1200.788767754349,0.24471595566419765,True,True,0.8226161710911074,1,473.24722662285365,209.49386113307315,15.70731061094233,7.954694627562657,355.0,rolled,1.0,False,original,,40,1,41,0.056001901626586914,0.0001342296600341797,0.056136131286621094
gated_cost_merged_seed42,none,10.09090909090909,41.81818181818181,1147.2574547707825,355,rolled,1656.09059537957,0.44352131990325605,True,True,0.7030789110884923,1,551.2115825982487,216.35147976559983,19.561303951256807,10.661426236635114,355.0,rolled,1.0,False,original,,40,1,41,0.0447382926940918,0.0016825199127197266,0.04642081260681152
gated_cost_merged_seed42,none,10.09090909090909,52.72727272727273,1318.1429375417918,355,rolled,2019.1535223432682,0.5318168195846749,True,True,0.7864011573928947,1,547.7051670649171,185.602168174414,27.32442080456228,13.859260577146815,355.0,rolled,1.0,False,original,,40,1,41,0.06469082832336426,0.0002677440643310547,0.06495857238769531
gated_cost_merged_seed42,none,10.09090909090909,63.63636363636363,1473.4968374975142,355,rolled,2143.533197326384,0.4547253463854145,True,True,0.7220959220211632,1,633.7765568149762,237.95475824452438,20.576129848083486,13.886883486964068,355.0,rolled,1.0,False,original,,40,1,41,0.11824345588684082,0.0002238750457763672,0.11846733093261719
gated_cost_merged_seed42,none,10.09090909090909,74.54545454545453,1593.8205978972342,355,rolled,2295.244850520501,0.44008984044294125,True,True,0.8876190657044106,1,496.30312400136626,235.6347889397908,26.985747643686636,14.875846506974161,355.0,rolled,1.0,False,original,,40,1,41,0.10757637023925781,0.0006628036499023438,0.10823917388916016
gated_cost_merged_seed42,none,10.09090909090909,85.45454545454545,1744.078619322344,355,rolled,2476.118311164691,0.41972860840801934,True,True,0.7090023160466046,1,702.5841628193471,258.7455420260199,22.619711983030623,13.863107991144586,355.0,rolled,1.0,False,original,,40,1,41,0.08027148246765137,0.0004668235778808594,0.08073830604553223
gated_cost_merged_seed42,none,10.09090909090909,96.36363636363636,1930.113776773892,355,rolled,2336.809742515226,0.21071087654796708,True,True,0.8176256238106008,1,693.355999746494,259.99791025998434,23.163524285613068,11.74931449289093,355.0,rolled,1.0,False,original,,40,1,41,0.06390786170959473,0.00022983551025390625,0.06413769721984863
gated_cost_merged_seed42,none,10.09090909090909,107.27272727272728,2067.605711285596,355,rolled,2887.7899890988338,0.39668311677435997,True,True,0.6961139200684093,1,709.3776670418198,285.0115038669793,25.614878375987182,14.70560386532571,355.0,rolled,1.0,False,original,,40,1,41,0.07874941825866699,0.00022673606872558594,0.07897615432739258
gated_cost_merged_seed42,none,10.09090909090909,118.18181818181816,2170.353625378734,355,rolled,2783.8744601807653,0.282682429088011,True,True,0.9507529510189601,1,624.6317599841742,262.1135948594545,25.907153856424046,17.151384606024248,355.0,rolled,1.0,False,original,,40,1,41,0.08615875244140625,0.0001697540283203125,0.08632850646972656
gated_cost_merged_seed42,none,10.09090909090909,129.0909090909091,2307.5736162550616,355,rolled,3056.6600899955915,0.32462083483005627,True,True,0.9705949815792139,1,626.5559263398441,251.43407991328874,28.806935831986365,19.708936188007183,355.0,rolled,1.0,False,original,,40,1,41,0.07510733604431152,0.0001933574676513672,0.07530069351196289
gated_cost_merged_seed42,none,10.09090909090909,140.0,2443.406284429296,355,rolled,3620.761172384944,0.4818498239357035,True,True,0.7600823525758071,2,750.0,279.97118268824096,31.86191503074215,11.316641289064915,355.0,rolled,1.0,False,original,,40,1,41,0.07895207405090332,0.00019669532775878906,0.07914876937866211
gated_cost_merged_seed42,none,10.90909090909091,20.0,939.0466900997784,355,rolled,1230.9557650193822,0.31085682745826726,True,True,0.685058604629163,2,489.35384301792914,214.13001966864917,14.0700266995383,7.691896242333849,355.0,rolled,1.0,False,original,,40,1,41,0.070709228515625,0.0001804828643798828,0.07088971138000488
gated_cost_merged_seed42,none,10.90909090909091,30.909090909090907,1197.1649157491154,355,rolled,2015.9823721522919,0.6839637928169726,True,True,0.7064407076620476,1,496.04613638897905,213.40803214792507,20.619499670540492,9.647190475588715,355.0,rolled,1.0,False,original,,40,1,41,0.06549859046936035,0.0001811981201171875,0.06567978858947754
gated_cost_merged_seed42,none,10.90909090909091,41.81818181818181,1403.509472950396,355,rolled,1704.7067176191279,0.21460292963721023,True,True,0.8372934448587779,1,559.6962891162249,232.25196540615295,18.13719950945567,9.233156778451468,355.0,rolled,1.0,False,original,,40,1,41,0.09777641296386719,0.0002963542938232422,0.09807276725769043
gated_cost_merged_seed42,none,10.90909090909091,52.72727272727273,1588.7457907355176,355,rolled,2097.018711634061,0.31992086075849563,True,True,0.7860463973477165,1,584.2651220223512,243.25229358216868,21.53741958001559,10.773704771148775,355.0,rolled,1.0,False,original,,40,1,41,0.06891822814941406,0.0001800060272216797,0.06909823417663574
gated_cost_merged_seed42,none,10.90909090909091,63.63636363636363,1789.9941201560932,355,rolled,2771.3628301618924,0.5482524768965278,True,True,0.7434357574170145,2,648.4521117424774,247.03329228048037,24.577235653270357,9.990317089053239,355.0,rolled,1.0,False,original,,40,1,41,0.07686734199523926,0.00017118453979492188,0.07703852653503418
gated_cost_merged_seed42,none,10.90909090909091,74.54545454545453,1942.2808212955651,355,rolled,2640.6255128262596,0.35954877578664224,True,True,0.7583754443553766,1,685.7298896825739,251.53357039871094,25.01267269517389,12.510995078650362,355.0,rolled,1.0,False,original,,40,1,41,0.07657051086425781,0.00021982192993164062,0.07679033279418945
gated_cost_merged_seed42,none,10.90909090909091,85.45454545454545,2177.190622234541,355,rolled,3124.9825781694735,0.4353279617575122,True,True,0.8218724828745327,1,604.2656928622457,250.15657441575283,29.548911814862024,17.461637385644227,355.0,rolled,1.0,False,original,,40,1,41,0.060776472091674805,0.0001766681671142578,0.06095314025878906
gated_cost_merged_seed42,none,10.90909090909091,96.36363636363636,2344.698716886334,355,rolled,3202.407650206553,0.36580773774603437,True,True,0.7079909566891214,1,750.0,284.95913645829006,25.63094736979087,14.737751151406723,355.0,rolled,1.0,False,original,,40,1,41,0.08471894264221191,0.0001952648162841797,0.0849142074584961
gated_cost_merged_seed42,none,10.90909090909091,107.27272727272728,2499.121791022924,355,rolled,3332.791707472107,0.3335851495688616,True,True,0.7459017769354257,1,750.0,295.2920380388772,25.621556462513563,15.438412822177035,355.0,rolled,1.0,False,original,,40,1,41,0.08373332023620605,0.0002071857452392578,0.08394050598144531
gated_cost_merged_seed42,none,10.90909090909091,118.18181818181816,2669.547168301596,355,rolled,3398.782985635727,0.27316835828680325,True,True,0.9822758532474477,1,647.0131969741344,271.8347659086772,27.321168652668145,19.54672935727413,355.0,rolled,1.0,False,original,,40,1,41,0.0747830867767334,0.00026726722717285156,0.07505035400390625
gated_cost_merged_seed42,none,10.90909090909091,129.0909090909091,2855.841135487434,355,rolled,3559.251870363203,0.24630597484397937,True,True,0.8257658701842778,1,750.0,300.0,27.455859887902697,16.123222383165484,355.0,rolled,1.0,False,original,,40,1,41,0.07446646690368652,0.0001468658447265625,0.07461333274841309
gated_cost_merged_seed42,none,10.90909090909091,140.0,3091.557267278178,355,rolled,4225.241193893367,0.36670319473437735,True,True,0.7697746920517697,1,729.3333773974123,300.0,32.90939285223175,19.765042267036428,355.0,rolled,1.0,False,original,,40,1,41,0.08081936836242676,0.00020456314086914062,0.0810239315032959
gated_cost_merged_seed42,none,11.727272727272728,20.0,1117.8784812198996,355,rolled,2111.1590356592,0.8885407234562471,True,True,0.5001533585540606,2,524.3540557959681,227.09909372648252,20.185598837342386,7.601842215398864,355.0,rolled,1.0,False,original,,40,1,41,0.08774614334106445,0.0001881122589111328,0.08793425559997559
gated_cost_merged_seed42,none,11.727272727272728,30.909090909090907,1399.1707585826318,355,rolled,2281.444845740946,0.6305692723682013,True,True,0.7621186407116857,1,440.49161902265337,217.64665728911953,23.19864482835665,16.25721752005761,355.0,rolled,1.0,False,original,,40,1,41,0.08052635192871094,0.0002071857452392578,0.0807335376739502
gated_cost_merged_seed42,none,11.727272727272728,41.81818181818181,1658.320920880548,355,rolled,2229.378796382153,0.3443590853321563,True,True,0.7745718115684578,1,585.9023157110458,245.17987295037125,20.46619159420871,11.179744050890887,355.0,rolled,1.0,False,original,,40,1,41,0.08886218070983887,0.00016736984252929688,0.08902955055236816
gated_cost_merged_seed42,none,11.727272727272728,52.72727272727273,1896.895430152976,355,rolled,3046.070523839449,0.6058188951374074,True,True,0.7024685883438928,2,659.9806174834282,250.11042924405214,25.20574876666293,9.725510679361888,355.0,rolled,1.0,False,original,,40,1,41,0.11158323287963867,0.00017023086547851562,0.11175346374511719
gated_cost_merged_seed42,none,11.727272727272728,63.63636363636363,2122.483987052358,355,rolled,3157.550448487439,0.4876675007911605,True,True,0.9255377125622694,1,541.218800472322,231.09871468800674,28.314699669002678,20.133104282823453,355.0,rolled,1.0,False,original,,40,1,41,0.0959768295288086,0.0001747608184814453,0.09615159034729004
gated_cost_merged_seed42,none,11.727272727272728,74.54545454545453,2414.680044837911,355,rolled,3153.6922916522385,0.3060497594263819,True,True,0.9487019060586894,1,592.7879939953776,246.57261100141872,27.90471186234526,16.86153549135479,355.0,rolled,1.0,False,original,,40,1,41,0.1009986400604248,0.00018143653869628906,0.1011800765991211
gated_cost_merged_seed42,none,11.727272727272728,85.45454545454545,2607.2244497923484,355,rolled,3773.7037192063262,0.4474027042462269,True,True,0.9423511406363664,1,616.4811290027469,231.09871468800674,32.004790416644255,22.640611687217184,355.0,rolled,1.0,False,original,,40,1,41,0.08635187149047852,0.00018715858459472656,0.08653903007507324
gated_cost_merged_seed42,none,11.727272727272728,96.36363636363636,2824.34606849496,355,rolled,4158.118861962915,0.4722412767847166,True,True,0.9083141540290651,1,596.6959577922486,265.3552399982434,31.54596213528017,25.0,355.0,rolled,1.0,False,original,,40,1,41,0.08667278289794922,0.0001876354217529297,0.08686041831970215
gated_cost_merged_seed42,none,11.727272727272728,107.27272727272728,3054.1802093068686,355,rolled,4161.347398822514,0.36250879569641103,True,True,0.7645878171422871,1,742.6735795107903,300.0,29.47427900252444,18.166167060612814,355.0,rolled,1.0,False,original,,40,1,41,0.07593297958374023,0.00021457672119140625,0.07614755630493164
gated_cost_merged_seed42,none,11.727272727272728,118.18181818181816,3357.8991517305085,355,rolled,3897.02955815165,0.1605558660519325,True,True,0.9533745565458088,1,750.0,274.82097117841107,28.999641221326826,17.707505039981037,355.0,rolled,1.0,False,original,,40,1,41,0.06633377075195312,0.00016546249389648438,0.06649923324584961
gated_cost_merged_seed42,none,11.727272727272728,129.0909090909091,3650.466675336178,355,rolled,4646.002662657984,0.27271471728477703,True,True,0.787295328419644,1,750.0,300.0,35.0,18.54627134873546,355.0,rolled,1.0,False,original,,40,1,41,0.07514071464538574,0.0002002716064453125,0.07534098625183105
gated_cost_merged_seed42,none,11.727272727272728,140.0,3950.7596541302537,355,rolled,4579.486338187891,0.1591407068765487,True,True,0.8598968775894913,1,750.0,300.0,35.0,17.838607007988603,355.0,rolled,1.0,False,original,,40,1,41,0.08131694793701172,0.00016999244689941406,0.08148694038391113
gated_cost_merged_seed42,none,12.545454545454549,20.0,1307.1994834284806,355,rolled,2111.670285993192,0.615415483836309,True,True,0.5596616987621658,1,579.6800638582441,234.15287256844383,17.720465129710174,10.991394731325602,355.0,rolled,1.0,False,original,,40,1,41,0.07085824012756348,0.00017762184143066406,0.07103586196899414
gated_cost_merged_seed42,none,12.545454545454549,30.909090909090907,1673.5520688887286,355,rolled,2797.0409772281128,0.6713199602360761,True,True,0.5389734534547177,1,654.4600960016231,259.54897191271255,20.506385686227407,13.482266500640643,355.0,rolled,1.0,False,original,,40,1,41,0.08419561386108398,0.00019502639770507812,0.08439064025878906
gated_cost_merged_seed42,none,12.545454545454549,41.81818181818181,1957.4303873162305,355,rolled,2992.647673538308,0.528865441616767,True,True,0.6545716294659395,1,664.5456954314709,253.9558740849694,23.669534515627692,13.312029942119874,355.0,rolled,1.0,False,original,,40,1,41,0.0860295295715332,0.00024318695068359375,0.0862727165222168
gated_cost_merged_seed42,none,12.545454545454549,52.72727272727273,2222.5772160497027,355,rolled,3226.349100782659,0.4516252022582191,True,True,0.8809445573719784,1,612.7425959935198,242.29674793355628,24.631204314035884,17.53856423653573,355.0,rolled,1.0,False,original,,40,1,41,0.08012247085571289,0.00019025802612304688,0.08031272888183594
gated_cost_merged_seed42,none,12.545454545454549,63.63636363636363,2552.3230156844406,355,rolled,3441.6041678976776,0.3484203005452129,True,True,0.8520067653339733,1,724.1276334163132,263.1219322120466,22.56813700521458,16.786828637019447,355.0,rolled,1.0,False,original,,40,1,41,0.0823664665222168,0.00018739700317382812,0.08255386352539062
gated_cost_merged_seed42,none,12.545454545454549,74.54545454545453,2864.0220557743514,355,rolled,3707.1522970932533,0.2943867836558762,True,True,0.7448797299109228,1,750.0,295.880508750757,25.81029142729779,14.027828901072892,355.0,rolled,1.0,False,original,,40,1,41,0.07201910018920898,0.0001895427703857422,0.07220864295959473
gated_cost_merged_seed42,none,12.545454545454549,85.45454545454545,3136.2352005841685,355,rolled,4817.864530814236,0.5361936279258774,True,True,0.7800728527417307,1,619.0999727375183,285.2845980436633,35.0,22.968015741192758,355.0,rolled,1.0,False,original,,40,1,41,0.06391286849975586,0.0001800060272216797,0.06409287452697754
gated_cost_merged_seed42,none,12.545454545454549,96.36363636363636,3474.753399293351,355,rolled,4673.96379781485,0.34512100880752544,True,True,0.8860916486902707,1,694.9772449517493,285.2845980436633,29.459871746482747,23.267722208479004,355.0,rolled,1.0,False,original,,40,1,41,0.06265854835510254,0.00018644332885742188,0.06284499168395996
gated_cost_merged_seed42,none,12.545454545454549,107.27272727272728,3859.290256207383,355,rolled,4618.495362288685,0.1967214320975668,True,True,0.8997926277883866,1,735.7094158577677,298.91861583674245,29.46099239117425,20.125242807334715,355.0,rolled,1.0,False,original,,40,1,41,0.08146882057189941,0.00027751922607421875,0.08174633979797363
gated_cost_merged_seed42,none,12.545454545454549,118.18181818181816,4215.558205846268,355,rolled,4878.421981183293,0.1572422305586351,True,True,0.8576623238233965,1,750.0,300.0,35.0,17.634101646798136,355.0,rolled,1.0,False,original,,40,1,41,0.09745287895202637,0.00021076202392578125,0.09766364097595215
gated_cost_merged_seed42,none,12.545454545454549,129.0909090909091,4601.917380514503,355,rolled,5609.519713531003,0.2189527211598588,True,True,0.8716774166785104,1,750.0,300.0,35.0,24.904950718000332,355.0,rolled,1.0,False,original,,40,1,41,0.06604814529418945,0.00018286705017089844,0.06623101234436035
gated_cost_merged_seed42,none,12.545454545454549,140.0,5031.3200482783495,355,rolled,5619.077100000001,0.11681965092297684,True,True,0.9444357648012299,1,750.0,300.0,35.0,25.0,355.0,rolled,1.0,False,original,,40,1,41,0.06201457977294922,0.0001666545867919922,0.06218123435974121
gated_cost_merged_seed42,none,13.363636363636363,20.0,1553.9456704912225,355,rolled,2757.983123096641,0.7748259642982285,True,True,0.7498125219592563,1,616.6264091724125,184.814484045691,20.814128256437833,17.071225904099197,355.0,rolled,1.0,False,original,,40,1,41,0.07400369644165039,0.00019073486328125,0.07419443130493164
gated_cost_merged_seed42,none,13.363636363636363,30.909090909090907,2055.764041961098,355,rolled,3472.250634683836,0.6890317000444658,True,True,0.6131742223533981,1,638.5797887796822,226.75719421592012,26.70708725522008,16.972978633003905,355.0,rolled,1.0,False,original,,40,1,41,0.09180951118469238,0.0001804828643798828,0.09198999404907227
gated_cost_merged_seed42,none,13.363636363636363,41.81818181818181,2295.1327804460216,355,rolled,3374.101852879639,0.4701118304030921,True,True,0.6278236184109318,1,725.8628264513999,279.6404484895128,23.08642398218839,12.519156349230082,355.0,rolled,1.0,False,original,,40,1,41,0.06260299682617188,0.00017952919006347656,0.06278252601623535
gated_cost_merged_seed42,none,13.363636363636363,52.72727272727273,2698.233573079863,355,rolled,3995.2859547880153,0.48070426320715026,True,True,0.860518103617886,1,570.7889473544084,258.35273410661733,28.407033508003497,20.791955006837625,355.0,rolled,1.0,False,original,,40,1,41,0.09266257286071777,0.0002353191375732422,0.09289789199829102
gated_cost_merged_seed42,none,13.363636363636363,63.63636363636363,3099.504449257762,355,rolled,4997.041123678618,0.6122064689648238,True,True,0.6474547529762055,2,750.0,278.2767490308938,34.69985990750211,10.83379222984296,355.0,rolled,1.0,False,original,,40,1,41,0.10146832466125488,0.0002460479736328125,0.1017143726348877
gated_cost_merged_seed42,none,13.363636363636363,74.54545454545453,3409.0278837627866,355,rolled,4992.064932209291,0.464366119146903,True,True,0.8157115097456231,1,606.8556214650761,300.0,32.44447424222224,22.558792035753367,355.0,rolled,1.0,False,original,,40,1,41,0.08416414260864258,0.0001895427703857422,0.08435368537902832
gated_cost_merged_seed42,none,13.363636363636363,85.45454545454545,3859.8972334468967,355,rolled,4755.514256809583,0.23203131306242,True,True,0.8951582209963533,1,750.0,300.0,26.31215834626062,20.65418892272838,355.0,rolled,1.0,False,original,,40,1,41,0.07429623603820801,0.00022912025451660156,0.07452535629272461
gated_cost_merged_seed42,none,13.363636363636363,96.36363636363636,4319.916451720051,355,rolled,5206.205824995136,0.2051635449852725,True,True,0.8178219496983284,1,750.0,300.0,35.0,17.723971135736317,355.0,rolled,1.0,False,original,,40,1,41,0.07097887992858887,0.000171661376953125,0.07115054130554199
gated_cost_merged_seed42,none,13.363636363636363,107.27272727272728,4782.366988912803,355,rolled,5889.951031992117,0.23159745909234503,True,True,0.8550853705802361,1,750.0,300.0,35.0,24.10757221385199,355.0,rolled,1.0,False,original,,40,1,41,0.0674893856048584,0.0001800060272216797,0.06766939163208008
gated_cost_merged_seed42,none,13.363636363636363,118.18181818181816,5228.730538579276,355,rolled,5984.296744903743,0.14450280058412912,True,True,0.9337107089769722,1,750.0,300.0,35.0,24.988405290991068,355.0,rolled,1.0,False,original,,40,1,41,0.07842874526977539,0.000202178955078125,0.07863092422485352
gated_cost_merged_seed42,none,13.363636363636363,129.0909090909091,6054.672912989209,460,rolled,7429.602170454546,0.22708563736212298,True,True,0.8695834342091,1,750.0,300.0,35.0,25.0,460.0,rolled,1.0,False,original,,40,1,41,0.07082486152648926,0.0002009868621826172,0.07102584838867188
gated_cost_merged_seed42,none,13.363636363636363,140.0,6583.558144781793,460,rolled,9374.274377999998,0.42389178797337124,True,True,0.9013938704569171,1,750.0,300.0,35.0,25.0,500.0,rolled,0.0,False,original,,40,1,41,0.07409524917602539,0.00019478797912597656,0.07429003715515137
gated_cost_merged_seed42,none,14.181818181818182,20.0,1796.9028968466985,355,rolled,2673.1407704098624,0.48763785461130543,True,True,0.6402967209083539,1,648.1488764840508,253.14838911507255,16.890192033856685,12.110420595924783,355.0,rolled,1.0,False,original,,40,1,41,0.08459281921386719,0.00020313262939453125,0.08479595184326172
gated_cost_merged_seed42,none,14.181818181818182,30.909090909090907,2224.07150895444,355,rolled,3406.796871981522,0.5317838739740405,True,True,0.5832304632762977,1,720.9316621240699,275.78736639991524,22.527884398994928,11.769763331629136,355.0,rolled,1.0,False,original,,40,1,41,0.08345818519592285,0.00021028518676757812,0.08366847038269043
gated_cost_merged_seed42,none,14.181818181818182,41.81818181818181,2615.0382292659383,355,rolled,3572.2993192980084,0.36606007488493997,True,True,0.8563156982774368,1,706.8720816566424,260.67023861820434,22.50511730657724,14.561919596446604,355.0,rolled,1.0,False,original,,40,1,41,0.046141862869262695,0.0001418590545654297,0.046283721923828125
gated_cost_merged_seed42,none,14.181818181818182,52.72727272727273,3202.0654799770145,355,rolled,4773.760919339709,0.4908380072770957,True,True,0.6963165741221118,1,694.3416576817833,300.0,27.311855164448968,19.026008980440608,355.0,rolled,1.0,False,original,,40,1,41,0.06400561332702637,0.00020575523376464844,0.06421136856079102
gated_cost_merged_seed42,none,14.181818181818182,63.63636363636363,3623.765744949169,355,rolled,5076.84990309205,0.40098733207801873,True,True,0.7313871202350504,1,750.0,300.0,29.268423981851384,18.52669631098759,355.0,rolled,1.0,False,original,,40,1,41,0.0605165958404541,0.00015783309936523438,0.060674428939819336
gated_cost_merged_seed42,none,14.181818181818182,74.54545454545453,4194.266016339479,355,rolled,5459.625915767184,0.30168804136368055,True,True,0.8338807724793922,1,727.9908416629249,300.0,29.998621749507286,21.94978516629123,355.0,rolled,1.0,False,original,,40,1,41,0.04964876174926758,0.00015163421630859375,0.04980039596557617
gated_cost_merged_seed42,none,14.181818181818182,85.45454545454545,4739.8598837186255,355,rolled,5530.012314721196,0.16670375293513146,True,True,0.8430096653155928,1,750.0,300.0,35.0,17.76847990046956,355.0,rolled,1.0,False,original,,40,1,41,0.04378008842468262,0.00015997886657714844,0.043940067291259766
gated_cost_merged_seed42,none,14.181818181818182,96.36363636363636,5290.364352494784,355,rolled,6342.848946656993,0.1989436878134655,True,True,0.8862346322401695,1,750.0,300.0,35.0,24.91949093937874,355.0,rolled,1.0,False,original,,40,1,41,0.044394493103027344,0.00013327598571777344,0.04452776908874512
gated_cost_merged_seed42,none,14.181818181818182,107.27272727272728,6179.874379812138,355,rolled,6352.0001999999995,0.027852640621651964,True,True,0.9857530206846475,1,750.0,300.0,35.0,25.0,355.0,rolled,1.0,False,original,,40,1,41,0.04494333267211914,0.00016045570373535156,0.04510378837585449
gated_cost_merged_seed42,none,14.181818181818182,118.18181818181816,6852.162427149681,460,rolled,7884.475772727273,0.15065511895738973,True,True,0.9353749898630248,1,750.0,300.0,35.0,25.0,460.0,rolled,1.0,False,original,,40,1,41,0.04732704162597656,0.00014519691467285156,0.047472238540649414
gated_cost_merged_seed42,none,14.181818181818182,129.0909090909091,9553.512737278232,500,rolled,14758.081692431799,0.5447806579924375,True,True,0.9334164598871394,1,750.0,300.0,32.18403087659608,25.0,690.0,rolled,0.0,False,original,,40,1,41,0.04729866981506348,0.00013780593872070312,0.04743647575378418
gated_cost_merged_seed42,none,14.181818181818182,140.0,12744.824501296387,690,rolled,15432.073285496006,0.210850199147605,True,True,0.9368838532422804,1,744.3432537934904,300.0,35.0,25.0,690.0,rolled,1.0,False,original,,8,1,9,0.010875701904296875,0.00023055076599121094,0.011106252670288086
gated_cost_merged_seed42,none,15.0,20.0,2057.2483346770277,355,rolled,4313.817634181033,1.0968871679063819,True,True,0.4551817953666259,2,671.4276454764423,245.19773558724177,29.069122749818963,10.221380086586075,355.0,rolled,1.0,False,original,,40,1,41,0.04538536071777344,0.00017786026000976562,0.0455632209777832
gated_cost_merged_seed42,none,15.0,30.909090909090907,2565.283454586496,355,rolled,4500.414008877094,0.7543535007138327,True,True,0.6266678899138967,1,750.0,257.81243359009346,24.580258869644894,18.23585003105572,355.0,rolled,1.0,False,original,,40,1,41,0.06334066390991211,0.00016260147094726562,0.06350326538085938
gated_cost_merged_seed42,none,15.0,41.81818181818181,3234.6725939942403,355,rolled,4462.776108481841,0.37966856885849876,True,True,0.7677768811680827,1,717.6630368860363,286.28456723258347,23.995503676762212,17.176511837685997,355.0,rolled,1.0,False,original,,40,1,41,0.05165362358093262,0.0001614093780517578,0.051815032958984375
gated_cost_merged_seed42,none,15.0,52.72727272727273,3765.638206814382,355,rolled,5910.50616886866,0.5695894943313666,True,True,0.6780110785228376,1,711.739361996272,286.61502153896197,33.47039067231652,22.090501490008748,355.0,rolled,1.0,False,original,,40,1,41,0.04904341697692871,0.00014734268188476562,0.04919075965881348
gated_cost_merged_seed42,none,15.0,63.63636363636363,4414.262908667717,355,rolled,5873.651608979498,0.33060756246443046,True,True,0.7243806616803176,1,750.0,300.0,35.0,17.97309708300522,355.0,rolled,1.0,False,original,,40,1,41,0.04708147048950195,0.0001385211944580078,0.04721999168395996
gated_cost_merged_seed42,none,15.0,74.54545454545453,5073.1569950190815,355,rolled,6029.643426724333,0.1885387013735919,True,True,0.8951255682943775,1,750.0,300.0,31.553069844807936,22.08807435663205,355.0,rolled,1.0,False,original,,40,1,41,0.05056500434875488,0.00015735626220703125,0.050722360610961914
gated_cost_merged_seed42,none,15.0,85.45454545454545,5700.335679671592,355,rolled,6576.741101858493,0.15374628292721745,True,True,0.9189676534910692,1,750.0,300.0,35.0,23.821205869260773,355.0,rolled,1.0,False,original,,40,1,41,0.046590566635131836,0.00015783309936523438,0.04674839973449707
gated_cost_merged_seed42,none,15.0,96.36363636363636,6971.155593281798,460,rolled,8339.349374999998,0.19626498984425875,True,True,0.8904063291135529,1,750.0,300.0,35.0,25.0,460.0,rolled,1.0,False,original,,40,1,41,0.04458928108215332,0.00013971328735351562,0.044728994369506836
gated_cost_merged_seed42,none,15.0,107.27272727272728,8192.251861307222,460,rolled,13167.874947149996,0.6073571919026453,True,True,0.9159632394440504,1,750.0,300.0,35.0,25.0,550.0,rolled,0.0,False,original,,40,1,41,0.05061626434326172,0.00016427040100097656,0.050780534744262695
gated_cost_merged_seed42,none,15.0,118.18181818181816,13414.02255742561,620,rolled,15770.840691713176,0.17569808938355344,True,True,0.9808549359843466,1,750.0,300.0,33.45477723506445,24.4364808514617,690.0,rolled,0.0,False,original,,6,1,7,0.008257865905761719,0.00014066696166992188,0.00839853286743164
gated_cost_merged_seed42,scale,6.0,20.0,241.3288087904857,355,rolled,252.62847203012902,0.046822686840729946,True,True,1.0009567938721748,1,264.51687931019825,127.3111413620668,8.181858032698681,6.0,355.0,rolled,1.0,True,scale,0.8730964660644531,40,18,58,0.09736251831054688,0.0012123584747314453,0.09857487678527832
gated_cost_merged_seed42,scale,6.0,30.909090909090907,292.67799548197263,355,rolled,312.24719492191304,0.06686255797165237,True,True,1.000978301063465,1,292.3831353556997,143.75882944979784,9.657895347330905,6.0,355.0,rolled,1.0,True,scale,0.9051513671875,40,18,58,0.04285311698913574,0.0011358261108398438,0.043988943099975586
gated_cost_merged_seed42,scale,6.0,41.81818181818181,342.2853688824266,355,rolled,357.1164698935142,0.04332963766319207,True,True,1.0009896443271686,1,334.69214208101675,153.97747272488212,10.276985131663643,6.0,355.0,rolled,1.0,True,scale,0.9146041870117188,40,18,58,0.041445255279541016,0.0011410713195800781,0.042586326599121094
gated_cost_merged_seed42,scale,6.0,52.72727272727273,386.25765574493386,355,rolled,492.5807867399135,0.2752647861177679,True,True,1.0009936495815766,1,345.548637472795,157.87566351122507,12.462953275473705,6.0,355.0,rolled,1.0,True,scale,0.9468994140625,40,18,58,0.043778181076049805,0.0011730194091796875,0.04495120048522949
gated_cost_merged_seed42,scale,6.0,63.63636363636363,431.68145507497405,355,rolled,479.31552500135433,0.11034541643237196,True,True,1.0009814163792496,1,379.2995776215651,151.69522821985257,14.143324508665819,7.084182602731852,355.0,rolled,1.0,True,scale,0.9128074645996094,40,18,58,0.04833841323852539,0.0011658668518066406,0.04950428009033203
gated_cost_merged_seed42,scale,6.0,74.54545454545453,466.9500019446189,355,rolled,504.3234287209167,0.08003732009991582,True,True,1.0009909685434972,1,414.64081384191684,165.83667839622422,13.060066682101706,7.2056100038563775,355.0,rolled,1.0,True,scale,0.9224777221679688,40,18,58,0.04667854309082031,0.0019333362579345703,0.04861187934875488
gated_cost_merged_seed42,scale,6.0,85.45454545454545,518.2473353887603,355,rolled,543.6732650932494,0.04906138048045322,True,True,1.0009680173538007,1,437.35443585810924,167.28575070689928,14.078065406933103,7.276416829866974,355.0,rolled,1.0,True,scale,0.9304313659667969,40,18,58,0.041089534759521484,0.0011429786682128906,0.042232513427734375
gated_cost_merged_seed42,scale,6.0,96.36363636363636,549.7256874002802,355,rolled,707.9825318648685,0.2878832990559423,True,True,1.0009750647997342,1,414.2063050697394,177.27378523676646,16.363126819748704,6.866645411084305,355.0,rolled,1.0,True,scale,0.9544754028320312,40,18,58,0.04077649116516113,0.0011582374572753906,0.04193472862243652
gated_cost_merged_seed42,scale,6.0,107.27272727272728,586.6560772595034,355,rolled,740.1207951779429,0.26159230913507686,True,True,1.0009907051479983,2,428.8962742063132,188.15505150522895,16.362158428751822,6.678951962287633,355.0,rolled,1.0,True,scale,0.9753150939941406,40,18,58,0.06171607971191406,0.0012784004211425781,0.06299448013305664
gated_cost_merged_seed42,scale,6.0,118.18181818181816,628.4217050081675,355,rolled,677.8595068775511,0.0786697873026857,True,True,1.0009925679967595,1,452.9473912723058,191.3154211161233,15.892848410538654,8.319691551196884,355.0,rolled,1.0,True,scale,0.93133544921875,40,18,58,0.0421602725982666,0.0011715888977050781,0.04333186149597168
gated_cost_merged_seed42,scale,6.0,129.0909090909091,657.4964976148059,355,rolled,681.150886721731,0.03597644883696862,True,True,1.0009698694677722,1,507.38678060885314,198.2941759215227,14.02639971560205,8.48857655601606,355.0,rolled,1.0,True,scale,0.9014205932617188,40,18,58,0.04328274726867676,0.001146554946899414,0.04442930221557617
gated_cost_merged_seed42,scale,6.0,140.0,697.879425726456,355,rolled,853.2994329422713,0.22270323710149673,True,True,1.0009649555185824,2,483.78363844986694,196.20232918860435,17.765818269275556,7.089886838782796,355.0,rolled,1.0,True,scale,0.9236106872558594,40,18,58,0.04206728935241699,0.0013294219970703125,0.043396711349487305
gated_cost_merged_seed42,scale,6.818181818181818,20.0,317.0885192434045,355,rolled,335.20179400318455,0.05712371675581187,True,True,1.0009958957461305,2,296.5448602208218,139.87599645902566,8.932727347929964,6.0,355.0,rolled,1.0,True,scale,0.87457275390625,40,18,58,0.05303502082824707,0.001203298568725586,0.054238319396972656
gated_cost_merged_seed42,scale,6.818181818181818,30.909090909090907,392.6423822212096,355,rolled,412.24999139885057,0.049937576954171815,True,True,1.0009821128325536,1,336.3779771152376,154.65407591493394,10.465547462807166,6.0,355.0,rolled,1.0,True,scale,0.9072914123535156,40,18,58,0.048773765563964844,0.0011515617370605469,0.04992532730102539
gated_cost_merged_seed42,scale,6.818181818181818,41.81818181818181,455.0251859822217,355,rolled,514.9322690848396,0.13165663121108756,True,True,1.000970614035155,1,409.51030398822746,152.2688922953863,11.174091020507158,7.760409008311728,355.0,rolled,1.0,True,scale,0.9034805297851562,40,18,58,0.04189729690551758,0.0011591911315917969,0.043056488037109375
gated_cost_merged_seed42,scale,6.818181818181818,52.72727272727273,519.9507333014534,355,rolled,656.6930991749258,0.2629910049462184,True,True,1.0009754150533545,2,385.71285739041565,169.45961477167435,13.946412480113787,6.0,355.0,rolled,1.0,True,scale,0.9822158813476562,40,18,58,0.04883098602294922,0.0013308525085449219,0.05016183853149414
gated_cost_merged_seed42,scale,6.818181818181818,63.63636363636363,570.1996303697795,355,rolled,720.0953094039666,0.262882806390068,True,True,1.0009639889844715,2,409.56253975902564,180.6531524001109,14.51217711804849,6.028092626478794,355.0,rolled,1.0,True,scale,0.9974250793457031,40,18,58,0.04435610771179199,0.0012507438659667969,0.04560685157775879
gated_cost_merged_seed42,scale,6.818181818181818,74.54545454545453,645.0378754655677,355,rolled,653.3044629657235,0.0128156621720689,True,True,1.0009930822800819,2,462.02024095962116,192.65476939802994,12.971959365451896,7.180072889872463,355.0,rolled,1.0,True,scale,0.9975738525390625,40,18,58,0.04144024848937988,0.0011937618255615234,0.042634010314941406
gated_cost_merged_seed42,scale,6.818181818181818,85.45454545454545,698.212152166206,355,rolled,867.7359804988025,0.24279701779272697,True,True,1.0009976150978568,2,454.3311268452128,188.24302935457186,16.392275899952253,6.905895926170635,355.0,rolled,1.0,True,scale,0.9531478881835938,40,18,58,0.0450284481048584,0.0013086795806884766,0.046337127685546875
gated_cost_merged_seed42,scale,6.818181818181818,96.36363636363636,733.8166260116295,355,rolled,938.1134603750088,0.2784031147859841,True,True,1.0009715240929205,1,470.09433889454664,196.6239540896928,16.673469423709808,7.469893284618753,355.0,rolled,1.0,True,scale,0.9923439025878906,40,18,58,0.042308807373046875,0.0013723373413085938,0.04368114471435547
gated_cost_merged_seed42,scale,6.818181818181818,107.27272727272728,798.4291807439346,355,rolled,908.8733709369504,0.13832684583260063,True,True,1.0009737843617206,1,473.36215334301886,196.75874821091432,17.713461505994047,9.907513713860533,355.0,rolled,1.0,True,scale,0.9232330322265625,40,18,58,0.04430818557739258,0.0012464523315429688,0.04555463790893555
gated_cost_merged_seed42,scale,6.818181818181818,118.18181818181816,860.6462645405438,355,rolled,919.3529492155841,0.06821232728684512,True,True,1.000979736134695,1,517.7275600296242,197.30227195023767,17.694157497318436,9.241653495255086,355.0,rolled,1.0,True,scale,0.9452285766601562,40,18,58,0.05384087562561035,0.0012249946594238281,0.05506587028503418
gated_cost_merged_seed42,scale,6.818181818181818,129.0909090909091,896.311601431932,355,rolled,935.8786079029825,0.04414425341347688,True,True,1.0009732957679838,1,530.9924310046781,212.39689614872364,17.298462923405754,8.656729447143094,355.0,rolled,1.0,True,scale,0.8646621704101562,40,18,58,0.045601844787597656,0.0012943744659423828,0.04689621925354004
gated_cost_merged_seed42,scale,6.818181818181818,140.0,931.1411275891702,355,rolled,1016.7327483362017,0.09192121173794339,True,True,1.0009890280253175,1,538.4040060469031,209.51179524049067,18.67806956447579,9.62978611372155,355.0,rolled,1.0,True,scale,0.9575996398925781,40,18,58,0.05715465545654297,0.0015506744384765625,0.05870532989501953
gated_cost_merged_seed42,scale,7.636363636363637,20.0,409.6201332461394,355,rolled,433.24127544107796,0.05766596970648581,True,True,1.0009894479445074,1,326.2570917987218,151.00127390567198,9.847555539834586,6.0,355.0,rolled,1.0,True,scale,0.8862686157226562,40,18,58,0.04695749282836914,0.0012309551239013672,0.04818844795227051
gated_cost_merged_seed42,scale,7.636363636363637,30.909090909090907,501.774525145321,355,rolled,652.3886911961506,0.3001630383830459,True,True,1.0009753214831283,1,352.0215839318122,162.2707041531005,12.749705288497518,6.0,355.0,rolled,1.0,True,scale,0.9578628540039062,40,18,58,0.043695926666259766,0.0012023448944091797,0.044898271560668945
gated_cost_merged_seed42,scale,7.636363636363637,41.81818181818181,593.9298338756057,355,rolled,747.9754475856304,0.25936668765201043,True,True,1.0009850459831462,2,388.9121907559936,179.02086892545762,13.457276558474973,6.0,355.0,rolled,1.0,True,scale,0.9859352111816406,40,18,58,0.041580915451049805,0.0011715888977050781,0.04275250434875488
gated_cost_merged_seed42,scale,7.636363636363637,52.72727272727273,675.9362632758116,355,rolled,707.14263112357,0.04616761896531783,True,True,1.000987739494919,2,462.2100513071064,186.54374923544017,12.72216923984616,7.120410047468462,355.0,rolled,1.0,True,scale,0.9859352111816406,40,18,58,0.04840207099914551,0.0020020008087158203,0.05040407180786133
gated_cost_merged_seed42,scale,7.636363636363637,63.63636363636363,779.5020738899598,355,rolled,991.3282477221807,0.2717454910352475,True,True,1.0009842455931977,1,431.63258709378056,185.06559192977383,17.61107670530626,6.927448945985124,355.0,rolled,1.0,True,scale,0.9473915100097656,40,18,58,0.058653831481933594,0.001435995101928711,0.060089826583862305
gated_cost_merged_seed42,scale,7.636363636363637,74.54545454545453,846.6406079690952,355,rolled,1060.9046184303338,0.25307551804680256,True,True,1.0009983100960154,2,471.53998929475745,192.16815634905197,17.714728420096147,7.122824404873679,355.0,rolled,1.0,True,scale,0.9409828186035156,40,18,58,0.04281759262084961,0.0015439987182617188,0.04436159133911133
gated_cost_merged_seed42,scale,7.636363636363637,85.45454545454545,921.2774310054268,355,rolled,1001.0849780767292,0.08662705107646583,True,True,1.0009812036328485,1,487.9289631596285,203.16951242552815,17.536041698423332,8.825276866269425,355.0,rolled,1.0,True,scale,0.9735069274902344,40,18,58,0.04714655876159668,0.0014252662658691406,0.04857182502746582
gated_cost_merged_seed42,scale,7.636363636363637,96.36363636363636,990.3158107657674,355,rolled,1045.9430814897644,0.056171243677290025,True,True,1.0009679268931293,1,520.6760204765169,213.0446671572489,17.17513237946563,8.846751734745043,355.0,rolled,1.0,True,scale,0.9826622009277344,40,18,58,0.051610469818115234,0.0012125968933105469,0.05282306671142578
gated_cost_merged_seed42,scale,7.636363636363637,107.27272727272728,1055.0870687226268,355,rolled,1290.9825115250471,0.2235791242214866,True,True,1.0009705740836925,2,542.203856707751,216.40894216966845,18.335143654816697,8.167967497682039,355.0,rolled,1.0,True,scale,0.9593162536621094,40,18,58,0.04574918746948242,0.0013489723205566406,0.04709815979003906
gated_cost_merged_seed42,scale,7.636363636363637,118.18181818181816,1088.4839809208006,355,rolled,1362.2757374214518,0.2515349433705379,True,True,1.0009693431756952,1,523.2297522015937,188.62424314374707,24.48223339420357,12.438501450252847,355.0,rolled,1.0,True,scale,0.9821701049804688,40,18,58,0.046233415603637695,0.001210927963256836,0.04744434356689453
gated_cost_merged_seed42,scale,7.636363636363637,129.0909090909091,1173.7978050697595,355,rolled,1450.3723945355225,0.2356237064605228,True,True,1.0009970605759986,2,586.7463812480472,216.53437052633103,20.192728606958187,8.803171044603044,355.0,rolled,1.0,True,scale,0.9310379028320312,40,18,58,0.04819679260253906,0.0013911724090576172,0.04958796501159668
gated_cost_merged_seed42,scale,7.636363636363637,140.0,1251.7374258469372,355,rolled,1552.5745750204915,0.24033566701898768,True,True,1.0009616242346988,1,595.3550725743194,217.15676367596268,21.450656120078996,9.400560741354433,355.0,rolled,1.0,True,scale,0.9351806640625,40,18,58,0.04878664016723633,0.0012159347534179688,0.0500025749206543
gated_cost_merged_seed42,scale,8.454545454545455,20.0,516.1523336674153,355,rolled,553.4902539424568,0.07233895468367739,True,True,1.0009918229590606,1,340.54054766435297,161.3476495840381,11.300453342887062,6.0,355.0,rolled,1.0,True,scale,0.9057464599609375,40,18,58,0.0455935001373291,0.0015273094177246094,0.04712080955505371
gated_cost_merged_seed42,scale,8.454545454545455,30.909090909090907,633.218032838701,355,rolled,830.3369105794773,0.3112970059571695,True,True,1.0009604710987907,1,370.3327609343879,175.45423701147894,14.124774425893381,6.0,355.0,rolled,1.0,True,scale,0.9441070556640625,40,18,58,0.044350385665893555,0.0012204647064208984,0.04557085037231445
gated_cost_merged_seed42,scale,8.454545454545455,41.81818181818181,757.3789000305048,355,rolled,878.50723840095,0.15993096502367107,True,True,1.0009916705602346,1,453.69131156032114,171.76284924425545,15.291363774684886,8.420510461715436,355.0,rolled,1.0,True,scale,0.9149017333984375,40,18,58,0.044213056564331055,0.0012106895446777344,0.04542374610900879
gated_cost_merged_seed42,scale,8.454545454545455,52.72727272727273,897.7427828478864,355,rolled,925.1875780532093,0.030570889267703783,True,True,1.0009679867242216,2,478.83747126567334,196.29540213804657,15.03073931276239,7.538885919373426,355.0,rolled,1.0,True,scale,0.9521865844726562,40,18,58,0.06163501739501953,0.0011992454528808594,0.06283426284790039
gated_cost_merged_seed42,scale,8.454545454545455,63.63636363636363,969.5859503873623,355,rolled,1106.046701514836,0.14074126287922784,True,True,1.0009631936982128,1,521.230731482727,190.8715675602513,16.701827558840748,9.682331220149809,355.0,rolled,1.0,True,scale,0.92108154296875,40,18,58,0.0464935302734375,0.0011951923370361328,0.04768872261047363
gated_cost_merged_seed42,scale,8.454545454545455,74.54545454545453,1093.1775012217977,355,rolled,1202.8576298010935,0.10033149095797436,True,True,1.0009587475793367,1,531.27112327932,201.02713397352466,17.876988767495813,9.854519728227215,355.0,rolled,1.0,True,scale,0.9853172302246094,40,18,58,0.05190539360046387,0.0014486312866210938,0.05335402488708496
gated_cost_merged_seed42,scale,8.454545454545455,85.45454545454545,1181.2789978646645,355,rolled,1318.8971714290105,0.11649929763680822,True,True,1.0009693816270009,1,536.3771125227436,221.562608295431,17.171505017026433,11.206262586215017,355.0,rolled,1.0,True,scale,0.9055290222167969,40,18,58,0.04790329933166504,0.0012454986572265625,0.0491487979888916
gated_cost_merged_seed42,scale,8.454545454545455,96.36363636363636,1257.923897819336,355,rolled,1315.8220733343294,0.04602677126602204,True,True,1.0009659083518903,1,575.6009161997856,227.3051379678158,18.036238749354876,9.2761281957431,355.0,rolled,1.0,True,scale,0.9689178466796875,40,18,58,0.05076003074645996,0.0012552738189697266,0.05201530456542969
gated_cost_merged_seed42,scale,8.454545454545455,107.27272727272728,1352.4875507253705,355,rolled,1690.2633203989708,0.2497440878420236,True,True,1.0009853315729782,1,444.04581016818406,241.54125208758828,22.744928146990972,14.989144339796004,355.0,rolled,1.0,True,scale,0.9729804992675781,40,18,58,0.044317007064819336,0.0013370513916015625,0.0456540584564209
gated_cost_merged_seed42,scale,8.454545454545455,118.18181818181816,1418.3994702060834,355,rolled,1490.284969481299,0.050680714978532194,True,True,1.0009857711750223,1,625.1304347255468,230.17238567748782,19.8485234908853,9.937518251668713,355.0,rolled,1.0,True,scale,0.9508819580078125,40,18,58,0.04911398887634277,0.0012068748474121094,0.05032086372375488
gated_cost_merged_seed42,scale,8.454545454545455,129.0909090909091,1503.943042662674,355,rolled,1682.2748849298132,0.11857619418313166,True,True,1.0009862021307059,1,611.419466845876,227.6998466818823,22.34685682305843,11.83072115584365,355.0,rolled,1.0,True,scale,0.93902587890625,40,18,58,0.08125853538513184,0.0015807151794433594,0.0828392505645752
gated_cost_merged_seed42,scale,8.454545454545455,140.0,1589.050557323039,355,rolled,1920.8136201043694,0.2087806843227369,True,True,1.0009753457015875,1,677.0687671668278,222.13552897599735,19.847702244161923,16.40716216501028,355.0,rolled,1.0,True,scale,0.9836807250976562,40,18,58,0.046582698822021484,0.0013496875762939453,0.04793238639831543
gated_cost_merged_seed42,scale,9.272727272727272,20.0,633.3700898588271,355,rolled,844.6779490042617,0.33362462567901385,True,True,1.0009633635607935,1,335.72873730215315,167.76226338449337,13.867765018460917,6.0,355.0,rolled,1.0,True,scale,0.8861770629882812,40,18,58,0.060487985610961914,0.0012161731719970703,0.061704158782958984
gated_cost_merged_seed42,scale,9.272727272727272,30.909090909090907,801.8071464602682,355,rolled,922.3811715853749,0.15037783793447576,True,True,1.0009817117093176,1,406.5714194899824,181.04250094642927,15.171637920993616,7.830108184336178,355.0,rolled,1.0,True,scale,0.8893013000488281,40,18,58,0.04414033889770508,0.001421213150024414,0.04556155204772949
gated_cost_merged_seed42,scale,9.272727272727272,41.81818181818181,962.5021253931346,355,rolled,1098.3889835749744,0.1411808396021325,True,True,1.0009727647143907,1,472.1646284144866,190.16045583231352,15.897022474059831,9.091759863988909,355.0,rolled,1.0,True,scale,0.9368743896484375,40,18,58,0.05717897415161133,0.0012569427490234375,0.058435916900634766
gated_cost_merged_seed42,scale,9.272727272727272,52.72727272727273,1070.6846994207378,355,rolled,1241.3103632287725,0.15936126097659437,True,True,1.0009816510381109,1,536.940451119677,208.99828336909303,14.338054724334073,10.553791066307825,355.0,rolled,1.0,True,scale,0.919891357421875,40,18,58,0.04614067077636719,0.0014324188232421875,0.047573089599609375
gated_cost_merged_seed42,scale,9.272727272727272,63.63636363636363,1216.7126656588257,355,rolled,1437.8194305701281,0.181724717060932,True,True,1.0009886717882936,1,507.8771418193084,213.38332607402305,18.347401904896394,11.301939757005574,355.0,rolled,1.0,True,scale,0.9386482238769531,40,18,58,0.045934438705444336,0.0012254714965820312,0.04715991020202637
gated_cost_merged_seed42,scale,9.272727272727272,74.54545454545453,1356.4151141978043,355,rolled,1957.7404864857099,0.4433195752493031,True,True,1.0009535162182566,1,390.02222122083737,206.6789251805371,29.768386353078572,16.967031249365935,355.0,rolled,1.0,True,scale,0.9768943786621094,40,18,58,0.04642438888549805,0.0013093948364257812,0.04773378372192383
gated_cost_merged_seed42,scale,9.272727272727272,85.45454545454545,1422.5235716023028,355,rolled,1908.501852082276,0.34163109152038634,True,True,1.0009625212519841,1,550.9017029094178,221.56298056077947,22.71578076973009,9.14503113752558,355.0,rolled,1.0,True,scale,0.9437065124511719,40,18,58,0.044809818267822266,0.0012934207916259766,0.04610323905944824
gated_cost_merged_seed42,scale,9.272727272727272,96.36363636363636,1530.0841209322955,355,rolled,1945.6230474708393,0.2715791379400446,True,True,1.0009722165456685,1,635.3723903206587,197.62450892235094,23.995527891210408,14.159925170492826,355.0,rolled,1.0,True,scale,0.9548416137695312,40,18,58,0.04745745658874512,0.0012052059173583984,0.048662662506103516
gated_cost_merged_seed42,scale,9.272727272727272,107.27272727272728,1647.0835657255905,355,rolled,1766.1258565352014,0.07227459085062825,True,True,1.000959732337412,1,654.6445345170911,238.29045664681036,20.454434672023,10.445834638282326,355.0,rolled,1.0,True,scale,0.9540290832519531,40,18,58,0.04835653305053711,0.001230478286743164,0.04958701133728027
gated_cost_merged_seed42,scale,9.272727272727272,118.18181818181816,1794.0191544704012,355,rolled,1923.216578051394,0.07201563219604096,True,True,1.0009758604540424,1,653.4935822292185,240.8264538566809,22.308417265345003,11.252790473598772,355.0,rolled,1.0,True,scale,0.9580116271972656,40,18,58,0.04723787307739258,0.0012383460998535156,0.048476219177246094
gated_cost_merged_seed42,scale,9.272727272727272,129.0909090909091,1876.6125693849333,355,rolled,2252.095191020785,0.20008531742858227,True,True,1.000969372074491,1,606.6270575586411,238.17976766668986,26.603837510179062,14.333724211322647,355.0,rolled,1.0,True,scale,0.9219169616699219,40,18,58,0.1497809886932373,0.0031287670135498047,0.1529097557067871
gated_cost_merged_seed42,scale,9.272727272727272,140.0,1975.8458780810136,355,rolled,2241.7885209321757,0.13459685585874326,True,True,1.0009781851115025,1,678.7776947021484,242.47129740457933,24.570389213906875,13.652349539028759,355.0,rolled,1.0,True,scale,0.9050369262695312,40,18,58,0.04836463928222656,0.0014271736145019531,0.049791812896728516
gated_cost_merged_seed42,scale,10.09090909090909,20.0,771.2799576046779,355,rolled,897.3988848371193,0.16351899979888257,True,True,1.000979537389347,1,397.7763185214935,174.57656051463465,13.59282134077225,7.55291880006922,355.0,rolled,1.0,True,scale,0.8888435363769531,40,18,58,0.043833255767822266,0.0012056827545166016,0.04503893852233887
gated_cost_merged_seed42,scale,10.09090909090909,30.909090909090907,964.7090665866748,355,rolled,1081.3650042878173,0.12092343872530768,True,True,1.0009574266291486,1,449.09779672732327,198.80355587955935,14.905779032715952,7.548772882136839,355.0,rolled,1.0,True,scale,0.9489707946777344,40,18,58,0.056001901626586914,0.0011749267578125,0.057176828384399414
gated_cost_merged_seed42,scale,10.09090909090909,41.81818181818181,1147.2574547707825,355,rolled,1370.17817135414,0.1943074901421287,True,True,1.0009639544162097,1,501.3774665872834,196.7915048264644,17.79279922238723,9.69754454638757,355.0,rolled,1.0,True,scale,0.9095916748046875,40,18,58,0.0447382926940918,0.002257823944091797,0.046996116638183594
gated_cost_merged_seed42,scale,10.09090909090909,52.72727272727273,1318.1429375417918,355,rolled,1770.8936877899307,0.3434762174521642,True,True,1.000978021686897,1,512.9303684785352,173.8179484818216,25.58954356201187,12.97931088138406,355.0,rolled,1.0,True,scale,0.9365081787109375,40,18,58,0.06469082832336426,0.0014841556549072266,0.06617498397827148
gated_cost_merged_seed42,scale,10.09090909090909,63.63636363636363,1473.4968374975142,355,rolled,1794.8177070774016,0.21806688782963163,True,True,1.000973772698949,1,579.9375593795487,217.74062207758058,18.828198041187385,12.70719976972773,355.0,rolled,1.0,True,scale,0.9150505065917969,40,18,58,0.11824345588684082,0.0019190311431884766,0.1201624870300293
gated_cost_merged_seed42,scale,10.09090909090909,74.54545454545453,1593.8205978972342,355,rolled,2139.7903130703035,0.34255405902858843,True,True,1.0009814057997206,1,479.2014313473122,227.5152475865913,26.05586842285602,14.363252201945254,355.0,rolled,1.0,True,scale,0.9655418395996094,40,18,58,0.10757637023925781,0.002095460891723633,0.10967183113098145
gated_cost_merged_seed42,scale,10.09090909090909,85.45454545454545,1744.078619322344,355,rolled,2043.276155414428,0.17155048675978635,True,True,1.0009625525316073,1,638.2284998340483,235.0448357152564,20.547780051967806,12.593267944897624,355.0,rolled,1.0,True,scale,0.9084014892578125,40,18,58,0.08027148246765137,0.004916191101074219,0.08518767356872559
gated_cost_merged_seed42,scale,10.09090909090909,96.36363636363636,1930.113776773892,355,rolled,2084.049199116891,0.07975458452003592,True,True,1.0009728374395965,1,654.7847925309823,245.53429665325922,21.874943678553226,11.095703297327315,355.0,rolled,1.0,True,scale,0.9443702697753906,40,18,58,0.06390786170959473,0.002082347869873047,0.06599020957946777
gated_cost_merged_seed42,scale,10.09090909090909,107.27272727272728,2067.605711285596,355,rolled,2340.5457223729113,0.1320077660830249,True,True,1.000993678532163,1,638.6358191574233,256.58906912084524,23.06046496005908,13.2391049324974,355.0,rolled,1.0,True,scale,0.9002761840820312,40,18,58,0.07874941825866699,0.0020258426666259766,0.08077526092529297
gated_cost_merged_seed42,scale,10.09090909090909,118.18181818181816,2170.353625378734,355,rolled,2702.1596317037065,0.24503196166116517,True,True,1.0009753618113852,1,615.396100569125,258.2380444227661,25.52409672619219,16.897788236345942,355.0,rolled,1.0,True,scale,0.9852142333984375,40,18,58,0.08615875244140625,0.0019741058349609375,0.08813285827636719
gated_cost_merged_seed42,scale,10.09090909090909,129.0909090909091,2307.5736162550616,355,rolled,3002.6111101698943,0.3011984055541432,True,True,1.000977603026486,1,620.9917242352025,249.20119059276973,28.551112518781164,19.53390870904264,355.0,rolled,1.0,True,scale,0.991119384765625,40,18,58,0.07510733604431152,0.0019481182098388672,0.07705545425415039
gated_cost_merged_seed42,scale,10.09090909090909,140.0,2443.406284429296,355,rolled,3079.5363641051504,0.26034560184674094,True,True,1.000961448111905,2,691.6780471801758,258.1998945447023,29.384249557179228,10.436629796611957,355.0,rolled,1.0,True,scale,0.9222373962402344,40,18,58,0.07895207405090332,0.0020012855529785156,0.08095335960388184
gated_cost_merged_seed42,scale,10.90909090909091,20.0,939.0466900997784,355,rolled,1013.6276816225001,0.07942202694393935,True,True,1.0009901001021801,2,444.05934210626594,194.310184779275,12.76770763887852,6.9799357533507385,355.0,rolled,1.0,True,scale,0.907440185546875,40,18,58,0.070709228515625,0.002801656723022461,0.07351088523864746
gated_cost_merged_seed42,scale,10.90909090909091,30.909090909090907,1197.1649157491154,355,rolled,1671.3805168941544,0.3961155183438556,True,True,1.0009538511645824,1,451.6649333751122,194.31443478923126,18.77467489761852,8.784057215188104,355.0,rolled,1.0,True,scale,0.9105300903320312,40,18,58,0.06549859046936035,0.002006053924560547,0.0675046443939209
gated_cost_merged_seed42,scale,10.90909090909091,41.81818181818181,1403.509472950396,355,rolled,1549.1940368738706,0.10380019994964684,True,True,1.000997399180406,1,533.556603799567,221.40502321992122,17.2901317390918,8.801937530867768,355.0,rolled,1.0,True,scale,0.9532966613769531,40,18,58,0.09777641296386719,0.0022411346435546875,0.10001754760742188
gated_cost_merged_seed42,scale,10.90909090909091,52.72727272727273,1588.7457907355176,355,rolled,1836.354432060722,0.1558516427040054,True,True,1.0009586026806148,1,546.7478231369972,227.63238293050912,20.15444158398897,10.08189503141509,355.0,rolled,1.0,True,scale,0.9357872009277344,40,18,58,0.06891822814941406,0.0019423961639404297,0.07086062431335449
gated_cost_merged_seed42,scale,10.90909090909091,63.63636363636363,1789.9941201560932,355,rolled,2351.0245881200285,0.31342587198834576,True,True,1.000977564273459,2,597.2550087886274,227.52932480333382,22.636794344998048,9.201553688814688,355.0,rolled,1.0,True,scale,0.9210472106933594,40,18,58,0.07686734199523926,0.0019335746765136719,0.07880091667175293
gated_cost_merged_seed42,scale,10.90909090909091,74.54545454545453,1942.2808212955651,355,rolled,2266.4684706379635,0.16691080187166474,True,True,1.0009581135788788,1,635.293648521343,233.03297999474387,23.172961154052796,11.590796652932216,355.0,rolled,1.0,True,scale,0.9264488220214844,40,18,58,0.07657051086425781,0.002013683319091797,0.07858419418334961
gated_cost_merged_seed42,scale,10.90909090909091,85.45454545454545,2177.190622234541,355,rolled,2792.375801942758,0.2825591720934507,True,True,1.0009642642242744,1,571.2037771490377,236.46945685118854,27.93216665891504,16.50623781509409,355.0,rolled,1.0,True,scale,0.9452857971191406,40,18,58,0.060776472091674805,0.001926422119140625,0.06270289421081543
gated_cost_merged_seed42,scale,10.90909090909091,96.36363636363636,2344.698716886334,355,rolled,2634.089427033,0.1234234096101547,True,True,1.0009927301335582,1,680.2024841308594,258.4398833262846,23.245645428745423,13.366206591585714,355.0,rolled,1.0,True,scale,0.9069366455078125,40,18,58,0.08471894264221191,0.0019423961639404297,0.08666133880615234
gated_cost_merged_seed42,scale,10.90909090909091,107.27272727272728,2499.121791022924,355,rolled,2817.683126816607,0.12746931219518187,True,True,1.0009937214030575,1,689.6095275878906,271.5149371366074,23.558492597573927,14.195302097344452,355.0,rolled,1.0,True,scale,0.9194793701171875,40,18,58,0.08373332023620605,0.0026154518127441406,0.0863487720489502
gated_cost_merged_seed42,scale,10.90909090909091,118.18181818181816,2669.547168301596,355,rolled,3362.164343949106,0.25945118478208534,True,True,1.0009653653603698,1,643.5182831599126,270.36642015776664,27.17359031857628,19.441145522550087,355.0,rolled,1.0,True,scale,0.994598388671875,40,18,58,0.0747830867767334,0.00196075439453125,0.07674384117126465
gated_cost_merged_seed42,scale,10.90909090909091,129.0909090909091,2855.841135487434,355,rolled,3184.3523418577565,0.11503133080063732,True,True,1.0009842825072777,1,709.4020843505859,283.7608337402344,25.969658976154424,15.250463420087488,355.0,rolled,1.0,True,scale,0.9458694458007812,40,18,58,0.07446646690368652,0.001399993896484375,0.0758664608001709
gated_cost_merged_seed42,scale,10.90909090909091,140.0,3091.557267278178,355,rolled,3622.2565773437113,0.17166083762464585,True,True,1.0009926579262418,1,675.2894135609532,277.7698516845703,30.470790571978903,18.30044286351324,355.0,rolled,1.0,True,scale,0.9258995056152344,40,18,58,0.08081936836242676,0.0019919872283935547,0.08281135559082031
gated_cost_merged_seed42,scale,11.727272727272728,20.0,1117.8784812198996,355,rolled,1464.374044399272,0.30995816540028076,True,True,1.000977850882135,2,436.707014410822,189.13893408557138,16.811527449652154,6.331176008297624,355.0,rolled,1.0,True,scale,0.8328475952148438,40,18,58,0.08774614334106445,0.0030684471130371094,0.09081459045410156
gated_cost_merged_seed42,scale,11.727272727272728,30.909090909090907,1399.1707585826318,355,rolled,1960.8911117636542,0.40146661852056453,True,True,1.0009633787658252,1,408.37523903920925,201.77797228863528,21.50722446930063,15.071898769825442,355.0,rolled,1.0,True,scale,0.9270896911621094,40,18,58,0.08052635192871094,0.0020093917846679688,0.0825357437133789
gated_cost_merged_seed42,scale,11.727272727272728,41.81818181818181,1658.320920880548,355,rolled,1943.6763333062138,0.17207490349584775,True,True,1.0009570192534694,1,547.0729664570175,228.9311320569432,19.109841090034713,10.438831829378561,355.0,rolled,1.0,True,scale,0.9337272644042969,40,18,58,0.08886218070983887,0.004125118255615234,0.0929872989654541
gated_cost_merged_seed42,scale,11.727272727272728,52.72727272727273,1896.895430152976,355,rolled,2512.3937026977283,0.32447664892898986,True,True,1.0009909632199865,2,599.3838711065947,227.14630295668684,22.891459036343676,8.832553691822362,355.0,rolled,1.0,True,scale,0.9081840515136719,40,18,58,0.11158323287963867,0.001918792724609375,0.11350202560424805
gated_cost_merged_seed42,scale,11.727272727272728,63.63636363636363,2122.483987052358,355,rolled,3021.446392888406,0.4235426091880675,True,True,1.000994107084216,1,529.4258859356631,226.06317750883082,27.6977350827091,19.69441298466867,355.0,rolled,1.0,True,scale,0.97821044921875,40,18,58,0.0959768295288086,0.0019078254699707031,0.0978846549987793
gated_cost_merged_seed42,scale,11.727272727272728,74.54545454545453,2414.680044837911,355,rolled,3060.3400168399407,0.2673894511955396,True,True,1.000996789364536,1,583.9485459495405,242.89580612927003,27.48860652073947,16.61010214847566,355.0,rolled,1.0,True,scale,0.9850883483886719,40,18,58,0.1009986400604248,0.0019788742065429688,0.10297751426696777
gated_cost_merged_seed42,scale,11.727272727272728,85.45454545454545,2607.2244497923484,355,rolled,3648.312604427106,0.39930898727099423,True,True,1.000962716738174,1,606.1525114544526,227.22685206704372,31.468577344783363,22.261287474073807,355.0,rolled,1.0,True,scale,0.983245849609375,40,18,58,0.08635187149047852,0.002033710479736328,0.08838558197021484
gated_cost_merged_seed42,scale,11.727272727272728,96.36363636363636,2824.34606849496,355,rolled,3930.7147947299472,0.3917256240573061,True,True,1.0009853692908066,1,580.1501550380682,257.9971954137889,30.671223065298207,24.306774139404297,355.0,rolled,1.0,True,scale,0.9722709655761719,40,18,58,0.08667278289794922,0.00208282470703125,0.08875560760498047
gated_cost_merged_seed42,scale,11.727272727272728,107.27272727272728,3054.1802093068686,355,rolled,3568.8922189250557,0.16852705942161758,True,True,1.000962274987964,1,687.7770876964418,277.8247833251953,27.295617258475687,16.823371424880186,355.0,rolled,1.0,True,scale,0.9260826110839844,40,18,58,0.07593297958374023,0.0030472278594970703,0.0789802074432373
gated_cost_merged_seed42,scale,11.727272727272728,118.18181818181816,3357.8991517305085,355,rolled,3792.313039868375,0.12937073703181037,True,True,1.0009898687834184,1,739.8548126220703,271.1034908477583,28.6073654958827,17.467977097812714,355.0,rolled,1.0,True,scale,0.9864730834960938,40,18,58,0.06633377075195312,0.0019140243530273438,0.06824779510498047
gated_cost_merged_seed42,scale,11.727272727272728,129.0909090909091,3650.466675336178,355,rolled,4041.670364303107,0.10716539110192048,True,True,1.0009700986745924,1,699.5229721069336,279.80918884277344,32.644405364990234,17.29805714049213,355.0,rolled,1.0,True,scale,0.9326972961425781,40,18,58,0.07514071464538574,0.0019257068634033203,0.07706642150878906
gated_cost_merged_seed42,scale,11.727272727272728,140.0,3950.7596541302537,355,rolled,4191.851038164687,0.061024057432192545,True,True,1.0009779361209503,1,717.5559997558594,287.02239990234375,33.48594665527344,17.06693264782552,355.0,rolled,1.0,True,scale,0.9567413330078125,40,18,58,0.08131694793701172,0.0019102096557617188,0.08322715759277344
gated_cost_merged_seed42,scale,12.545454545454549,20.0,1307.1994834284806,355,rolled,1575.8048105957976,0.2054815126325078,True,True,1.000981000844316,1,500.7564144168509,202.27287464806292,15.307817421029121,9.494912380572803,355.0,rolled,1.0,True,scale,0.8638496398925781,40,18,58,0.07085824012756348,0.0020966529846191406,0.07295489311218262
gated_cost_merged_seed42,scale,12.545454545454549,30.909090909090907,1673.5520688887286,355,rolled,2030.7343688612577,0.21342765881775352,True,True,1.0009990982535641,1,557.6482154979651,221.15484489538173,17.47295129848431,11.48788428948249,355.0,rolled,1.0,True,scale,0.8520736694335938,40,18,58,0.08419561386108398,0.002016782760620117,0.0862123966217041
gated_cost_merged_seed42,scale,12.545454545454549,41.81818181818181,1957.4303873162305,355,rolled,2393.2049382950545,0.2226258230190757,True,True,1.000956172713998,1,594.2743686898312,227.10171442602106,21.16663726536372,11.90437052593807,355.0,rolled,1.0,True,scale,0.894256591796875,40,18,58,0.0860295295715332,0.002062082290649414,0.08809161186218262
gated_cost_merged_seed42,scale,12.545454545454549,52.72727272727273,2222.5772160497027,355,rolled,3013.3245036017915,0.3557794446203869,True,True,1.0009587060501468,1,592.1685590903866,234.16115842812735,23.804163220697323,16.949672473191967,355.0,rolled,1.0,True,scale,0.9664230346679688,40,18,58,0.08012247085571289,0.002043485641479492,0.08216595649719238
gated_cost_merged_seed42,scale,12.545454545454549,63.63636363636363,2552.3230156844406,355,rolled,3162.4314337692476,0.23904044054596202,True,True,1.0009544141157194,1,694.1370415431408,252.22443000705167,21.63345124675505,16.09158251842768,355.0,rolled,1.0,True,scale,0.9585838317871094,40,18,58,0.0823664665222168,0.002048969268798828,0.08441543579101562
gated_cost_merged_seed42,scale,12.545454545454549,74.54545454545453,2864.0220557743514,355,rolled,3150.1192473721503,0.09989350152558313,True,True,1.0009791654266025,1,691.3604736328125,272.74678489152114,23.792287074370027,12.931048577447747,355.0,rolled,1.0,True,scale,0.92181396484375,40,18,58,0.07201910018920898,0.0019593238830566406,0.07397842407226562
gated_cost_merged_seed42,scale,12.545454545454549,85.45454545454545,3136.2352005841685,355,rolled,4167.862608810255,0.32893815107806035,True,True,1.0009662547629212,1,575.8245672335119,265.34305837633514,32.55348205566406,21.362539665289376,355.0,rolled,1.0,True,scale,0.9300994873046875,40,18,58,0.06391286849975586,0.0019207000732421875,0.06583356857299805
gated_cost_merged_seed42,scale,12.545454545454549,96.36363636363636,3474.753399293351,355,rolled,4364.841325361628,0.25615858847689493,True,True,1.0009907499926909,1,671.602251174514,275.68928286974756,28.469012946782055,22.48513131678528,355.0,rolled,1.0,True,scale,0.9663658142089844,40,18,58,0.06265854835510254,0.0018649101257324219,0.06452345848083496
gated_cost_merged_seed42,scale,12.545454545454549,107.27272727272728,3859.290256207383,355,rolled,4349.279563383406,0.12696357999710203,True,True,1.0009918123301598,1,713.9449409127872,290.0757132114146,28.589448522180277,19.529878206310542,355.0,rolled,1.0,True,scale,0.9704170227050781,40,18,58,0.08146882057189941,0.002299070358276367,0.08376789093017578
gated_cost_merged_seed42,scale,12.545454545454549,118.18181818181816,4215.558205846268,355,rolled,4464.307937185263,0.059007542819364,True,True,1.0009881347510106,1,717.4615859985352,286.98463439941406,33.48154067993164,16.869054046894895,355.0,rolled,1.0,True,scale,0.9566154479980469,40,18,58,0.09745287895202637,0.0020346641540527344,0.0994875431060791
gated_cost_merged_seed42,scale,12.545454545454549,129.0909090909091,4601.917380514503,355,rolled,5182.097581598137,0.1260735804471938,True,True,1.0009794579013176,1,720.860481262207,288.3441925048828,33.64015579223633,23.937326347185692,355.0,rolled,1.0,True,scale,0.9611473083496094,40,18,58,0.06604814529418945,0.0019426345825195312,0.06799077987670898
gated_cost_merged_seed42,scale,12.545454545454549,140.0,5031.3200482783495,355,rolled,5434.518617836788,0.08013773039471167,True,True,1.0009759055911267,1,737.5802993774414,295.03211975097656,34.420413970947266,24.586009979248047,355.0,rolled,1.0,True,scale,0.9834403991699219,40,18,58,0.06201457977294922,0.0022058486938476562,0.06422042846679688
gated_cost_merged_seed42,scale,13.363636363636363,20.0,1553.9456704912225,355,rolled,2391.1182801141704,0.538739947940591,True,True,1.0009775822661136,1,574.1519559313456,172.08409487632971,19.380409712711874,15.895325917258685,355.0,rolled,1.0,True,scale,0.9311180114746094,40,18,58,0.07400369644165039,0.002039670944213867,0.07604336738586426
gated_cost_merged_seed42,scale,13.363636363636363,30.909090909090907,2055.764041961098,355,rolled,2694.001892437079,0.3104626004972503,True,True,1.0009729411060273,1,562.4819417120839,199.73514530344787,23.52447503153455,14.950354123129909,355.0,rolled,1.0,True,scale,0.8808326721191406,40,18,58,0.09180951118469238,0.0031669139862060547,0.09497642517089844
gated_cost_merged_seed42,scale,13.363636363636363,41.81818181818181,2295.1327804460216,355,rolled,2642.9442900121435,0.15154308828203414,True,True,1.0009804893955163,1,642.420610436107,247.4941284698615,20.432503287061866,11.080005437578286,355.0,rolled,1.0,True,scale,0.8850440979003906,40,18,58,0.06260299682617188,0.0022919178009033203,0.0648949146270752
gated_cost_merged_seed42,scale,13.363636363636363,52.72727272727273,2698.233573079863,355,rolled,3673.391960047598,0.36140621653248983,True,True,1.0009794369846068,1,547.3123603244736,247.7266691227247,27.238650347285365,19.936780526842952,355.0,rolled,1.0,True,scale,0.9588699340820312,40,18,58,0.09266257286071777,0.001965761184692383,0.09462833404541016
gated_cost_merged_seed42,scale,13.363636363636363,63.63636363636363,3099.504449257762,355,rolled,3924.3266558552564,0.26611421925689255,True,True,1.0009581494857585,2,664.6413803100586,246.60565677878537,30.750617047317153,9.600782162180282,355.0,rolled,1.0,True,scale,0.8861885070800781,40,18,58,0.10146832466125488,0.0020055770874023438,0.10347390174865723
gated_cost_merged_seed42,scale,13.363636363636363,74.54545454545453,3409.0278837627866,355,rolled,4435.605392127827,0.3011349696652918,True,True,1.0009900693671419,1,572.0338355074433,282.7857971191406,30.58278836899414,21.264353292918123,355.0,rolled,1.0,True,scale,0.9426193237304688,40,18,58,0.08416414260864258,0.0020787715911865234,0.0862429141998291
gated_cost_merged_seed42,scale,13.363636363636363,85.45454545454545,3859.8972334468967,355,rolled,4474.087508283494,0.15912088786056194,True,True,1.0009799237350911,1,727.4694442749023,290.98777770996094,25.521721613103264,20.033721783421413,355.0,rolled,1.0,True,scale,0.9699592590332031,40,18,58,0.07429623603820801,0.0023267269134521484,0.07662296295166016
gated_cost_merged_seed42,scale,13.363636363636363,96.36363636363636,4319.916451720051,355,rolled,4644.20303209533,0.07506778985185208,True,True,1.0009934183518674,1,708.3635330200195,283.3454132080078,33.05696487426758,16.74001975047337,355.0,rolled,1.0,True,scale,0.9444847106933594,40,18,58,0.07097887992858887,0.0019421577453613281,0.0729210376739502
gated_cost_merged_seed42,scale,13.363636363636363,107.27272727272728,4782.366988912803,355,rolled,5388.424010053287,0.12672741814786184,True,True,1.0009604104050231,1,717.3585891723633,286.9434356689453,33.47673416137695,23.058365322266308,355.0,rolled,1.0,True,scale,0.9564781188964844,40,18,58,0.0674893856048584,0.0019571781158447266,0.06944656372070312
gated_cost_merged_seed42,scale,13.363636363636363,118.18181818181816,5228.730538579276,355,rolled,5753.041807681736,0.10027506011907109,True,True,1.0009626442024202,1,735.3658676147461,294.14634704589844,34.317073822021484,24.500827116158078,355.0,rolled,1.0,True,scale,0.9804878234863281,40,18,58,0.07842874526977539,0.0020139217376708984,0.08044266700744629
gated_cost_merged_seed42,scale,13.363636363636363,129.0909090909091,6054.672912989209,460,rolled,6886.070996943365,0.13731511113846312,True,True,1.00096597383245,1,722.0449447631836,288.81797790527344,33.695430755615234,24.068164825439453,460.0,rolled,1.0,True,scale,0.9627265930175781,40,18,58,0.07082486152648926,0.002007722854614258,0.07283258438110352
gated_cost_merged_seed42,scale,13.363636363636363,140.0,6583.558144781793,460,rolled,8865.775800079113,0.34665413521201033,True,True,1.000974980786751,1,729.374885559082,291.7499542236328,34.03749465942383,24.312496185302734,500.0,rolled,0.0,True,scale,0.9724998474121094,40,18,58,0.07409524917602539,0.0022249221801757812,0.07632017135620117
gated_cost_merged_seed42,scale,14.181818181818182,20.0,1796.9028968466985,355,rolled,2147.721226184917,0.19523499569946354,True,True,1.0009685508167325,1,580.968803230617,226.90977644171122,15.139538165174129,10.855185923333107,355.0,rolled,1.0,True,scale,0.8963508605957031,40,18,58,0.08459281921386719,0.0020122528076171875,0.08660507202148438
gated_cost_merged_seed42,scale,14.181818181818182,30.909090909090907,2224.07150895444,355,rolled,2585.295963859836,0.1624158456466228,True,True,1.0009645263309883,1,628.0238162777509,240.24611960773868,19.62467273421814,10.252971359917302,355.0,rolled,1.0,True,scale,0.8711280822753906,40,18,58,0.08345818519592285,0.0020532608032226562,0.08551144599914551
gated_cost_merged_seed42,scale,14.181818181818182,41.81818181818181,2615.0382292659383,355,rolled,3299.476266547064,0.2617315607937605,True,True,1.0009800008448404,1,679.3434825598381,250.51863314162182,21.628672518282077,13.99481664097128,355.0,rolled,1.0,True,scale,0.9610557556152344,40,18,58,0.046141862869262695,0.0012178421020507812,0.04735970497131348
gated_cost_merged_seed42,scale,14.181818181818182,52.72727272727273,3202.0654799770145,355,rolled,3921.2317685712515,0.22459449786123653,True,True,1.0009800526411745,1,629.2948039321295,271.8955993652344,24.75324409904775,17.243627050884104,355.0,rolled,1.0,True,scale,0.9063186645507812,40,18,58,0.06400561332702637,0.0022215843200683594,0.06622719764709473
gated_cost_merged_seed42,scale,14.181818181818182,63.63636363636363,3623.765744949169,355,rolled,4284.067463261488,0.1822142392158358,True,True,1.0009786996833872,1,688.9572143554688,275.5828857421875,26.886255806814834,17.018801442170332,355.0,rolled,1.0,True,scale,0.918609619140625,40,18,58,0.0605165958404541,0.0012214183807373047,0.061738014221191406
gated_cost_merged_seed42,scale,14.181818181818182,74.54545454545453,4194.266016339479,355,rolled,4939.436465271667,0.17766408855071392,True,True,1.0009816846028605,1,692.4416367826793,285.3504180908203,28.533730861234265,20.87793458068296,355.0,rolled,1.0,True,scale,0.9511680603027344,40,18,58,0.04964876174926758,0.0016744136810302734,0.05132317543029785
gated_cost_merged_seed42,scale,14.181818181818182,85.45454545454545,4739.8598837186255,355,rolled,5024.448425519555,0.06004155160334766,True,True,1.0009723453535537,1,714.8952484130859,285.9580993652344,33.361778259277344,16.936802469825484,355.0,rolled,1.0,True,scale,0.9531936645507812,40,18,58,0.04378008842468262,0.0012085437774658203,0.04498863220214844
gated_cost_merged_seed42,scale,14.181818181818182,96.36363636363636,5290.364352494784,355,rolled,5925.736456273086,0.1200998761982583,True,True,1.0009936219826594,1,724.9202728271484,289.9681091308594,33.829612731933594,24.086192227317454,355.0,rolled,1.0,True,scale,0.9665603637695312,40,18,58,0.044394493103027344,0.0012011528015136719,0.045595645904541016
gated_cost_merged_seed42,scale,14.181818181818182,107.27272727272728,6179.874379812138,355,rolled,6297.597531451257,0.019049440879200852,True,True,1.0009992056347297,1,746.7813491821289,298.71253967285156,34.849796295166016,24.892711639404297,355.0,rolled,1.0,True,scale,0.9957084655761719,40,18,58,0.04494333267211914,0.001384735107421875,0.046328067779541016
gated_cost_merged_seed42,scale,14.181818181818182,118.18181818181816,6852.162427149681,460,rolled,7604.228427746436,0.10975600893769157,True,True,1.0009655907649841,1,736.5503311157227,294.62013244628906,34.37234878540039,24.551677703857422,460.0,rolled,1.0,True,scale,0.9820671081542969,40,18,58,0.04732704162597656,0.0012714862823486328,0.048598527908325195
gated_cost_merged_seed42,scale,14.181818181818182,129.0909090909091,9553.512737278232,500,rolled,14224.095243068568,0.4888864058939824,True,True,1.0009806883802237,1,737.1768951416016,294.8707580566406,31.633765273000716,24.57256317138672,690.0,rolled,0.0,True,scale,0.9829025268554688,40,18,58,0.04729866981506348,0.001256704330444336,0.04855537414550781
gated_cost_merged_seed42,scale,14.181818181818182,140.0,12744.824501296387,690,rolled,14895.220088657417,0.16872696733817674,True,True,1.0009597592534802,1,732.1450016179806,295.0836181640625,34.426422119140625,24.590301513671875,690.0,rolled,1.0,True,scale,0.983612060546875,8,18,26,0.010875701904296875,0.0020875930786132812,0.012963294982910156
gated_cost_merged_seed42,scale,15.0,20.0,2057.2483346770277,355,rolled,2871.2668295753588,0.3956831468409601,True,True,1.0009593988001644,2,547.7786547956687,200.04253125981225,23.715801789315346,8.339027848655665,355.0,rolled,1.0,True,scale,0.8158416748046875,40,18,58,0.04538536071777344,0.0013275146484375,0.04671287536621094
gated_cost_merged_seed42,scale,15.0,30.909090909090907,2565.283454586496,355,rolled,3560.5572191369233,0.38797808591910854,True,True,1.0009917901173897,1,667.1047210693359,229.31718879776798,21.86347564939537,16.220295531239554,355.0,rolled,1.0,True,scale,0.8894729614257812,40,18,58,0.06334066390991211,0.0014433860778808594,0.06478404998779297
gated_cost_merged_seed42,scale,15.0,41.81818181818181,3234.6725939942403,355,rolled,3891.0469490749806,0.20291832821022412,True,True,1.0009883321133761,1,670.1179701990253,267.31825833698304,22.405805219600005,16.03857054936701,355.0,rolled,1.0,True,scale,0.9337501525878906,40,18,58,0.05165362358093262,0.0014226436614990234,0.05307626724243164
gated_cost_merged_seed42,scale,15.0,52.72727272727273,3765.638206814382,355,rolled,4783.265827878666,0.27024041216247546,True,True,1.0009880495334391,1,640.2814294539293,257.8391550232914,30.109996339031383,19.87263684799695,355.0,rolled,1.0,True,scale,0.8996009826660156,40,18,58,0.04904341697692871,0.0012478828430175781,0.05029129981994629
gated_cost_merged_seed42,scale,15.0,63.63636363636363,4414.262908667717,355,rolled,4918.602947358236,0.11425237896460842,True,True,1.0009970525163698,1,686.3222122192383,274.5288848876953,32.02836990356445,16.447114333919043,355.0,rolled,1.0,True,scale,0.9150962829589844,40,18,58,0.04708147048950195,0.0012145042419433594,0.04829597473144531
gated_cost_merged_seed42,scale,15.0,74.54545454545453,5073.1569950190815,355,rolled,5674.421396960148,0.11851878475895754,True,True,1.0009772472946974,1,727.5724411010742,291.0289764404297,30.609525401626136,21.42756557183576,355.0,rolled,1.0,True,scale,0.9700965881347656,40,18,58,0.05056500434875488,0.0012238025665283203,0.0517888069152832
gated_cost_merged_seed42,scale,15.0,85.45454545454545,5700.335679671592,355,rolled,6273.392158834534,0.10053030406727857,True,True,1.0009924232109446,1,732.4991226196289,292.99964904785156,34.183292388916016,23.265349865300095,355.0,rolled,1.0,True,scale,0.9766654968261719,40,18,58,0.046590566635131836,0.0012073516845703125,0.04779791831970215
gated_cost_merged_seed42,scale,15.0,96.36363636363636,6971.155593281798,460,rolled,7840.281544427283,0.12467458795254457,True,True,1.0009794455143022,1,727.2119522094727,290.88478088378906,33.93655776977539,24.240398406982422,460.0,rolled,1.0,True,scale,0.9696159362792969,40,18,58,0.04458928108215332,0.0014698505401611328,0.04605913162231445
gated_cost_merged_seed42,scale,15.0,107.27272727272728,8192.251861307222,460,rolled,12547.00187333026,0.5315693518397466,True,True,1.0009577528984344,1,733.1600189208984,293.2640075683594,34.214134216308594,24.43866729736328,550.0,rolled,0.0,True,scale,0.9775466918945312,40,18,58,0.05061626434326172,0.0013592243194580078,0.05197548866271973
gated_cost_merged_seed42,scale,15.0,118.18181818181816,13414.02255742561,620,rolled,15602.983891379921,0.16318455739755464,True,True,1.0009832059852788,1,746.2577819824219,298.50311279296875,33.28785047487362,24.314551999556976,690.0,rolled,0.0,True,scale,0.9950103759765625,6,18,24,0.008257865905761719,0.0012238025665283203,0.009481668472290039
gated_cost_merged_seed42,scale+thin,6.0,20.0,241.3288087904857,355,rolled,251.38598858663133,0.04167417825725463,True,True,1.000998210058719,2,266.4550155432107,128.24396023012338,8.0,6.0,355.0,rolled,1.0,True,thin_c3,0.8794937133789062,40,52,92,0.09736251831054688,0.0035400390625,0.10090255737304688
gated_cost_merged_seed42,scale+thin,6.0,30.909090909090907,292.67799548197263,355,rolled,304.3017279669049,0.03971508847390683,True,True,1.0009982339214702,2,302.29764440438464,148.63359151045645,8.725446818269619,6.0,355.0,rolled,1.0,True,thin_c2,0.9358444213867188,40,70,110,0.04285311698913574,0.00470733642578125,0.04756045341491699
gated_cost_merged_seed42,scale+thin,6.0,41.81818181818181,342.2853688824266,355,rolled,348.45588613536194,0.018027405825385628,True,True,1.0009845043178154,2,345.21627082395247,158.8191721337564,9.344108732021652,6.0,355.0,rolled,1.0,True,thin_c2,0.9433631896972656,40,70,110,0.041445255279541016,0.004763126373291016,0.04620838165283203
gated_cost_merged_seed42,scale+thin,6.0,52.72727272727273,386.25765574493386,355,rolled,391.8439317894038,0.014462563942444882,True,True,1.0009990760658878,2,371.66057764898386,169.80579268502564,9.986906577027122,6.110720374065896,355.0,rolled,1.0,True,thin_c2,1.0184533956776494,40,72,112,0.043778181076049805,0.0049896240234375,0.048767805099487305
gated_cost_merged_seed42,scale+thin,6.0,63.63636363636363,431.68145507497405,355,rolled,441.2866144518595,0.022250572184568947,True,True,1.0009930547688521,1,415.6638201477795,166.23856650577036,10.79855546146844,6.723690077186667,355.0,rolled,1.0,True,thin_c1,1.0003202222741168,40,73,113,0.04833841323852539,0.0047855377197265625,0.05312395095825195
gated_cost_merged_seed42,scale+thin,6.0,74.54545454545453,466.9500019446189,355,rolled,483.4143638465707,0.03525936788389714,True,True,1.0009915384159171,1,435.0417550428461,173.99608820822758,11.30249212649751,7.037123974658366,355.0,rolled,1.0,True,thin_c1,0.967864990234375,40,71,111,0.04667854309082031,0.005367755889892578,0.05204629898071289
gated_cost_merged_seed42,scale+thin,6.0,85.45454545454545,518.2473353887603,355,rolled,524.9240703823108,0.012883298258623799,True,True,1.0009815729576659,1,464.61702710307844,177.71354717747082,11.520357449948694,7.536304327660687,355.0,rolled,1.0,True,thin_c1,0.9884300231933594,40,72,112,0.041089534759521484,0.0046236515045166016,0.045713186264038086
gated_cost_merged_seed42,scale+thin,6.0,96.36363636363636,549.7256874002802,355,rolled,561.9227918392459,0.022187619604692746,True,True,1.0009996303918345,1,450.9504190463657,192.9996882229873,12.573735719160384,7.262076683532067,355.0,rolled,1.0,True,thin_c1,1.039146622367527,40,74,114,0.04077649116516113,0.004897356033325195,0.04567384719848633
gated_cost_merged_seed42,scale+thin,6.0,107.27272727272728,586.6560772595034,355,rolled,595.210100614207,0.014580984815946652,True,True,1.0009992810381771,2,459.784060999341,201.70539797461575,13.169993058683916,7.159949482244589,355.0,rolled,1.0,True,thin_c1,1.0455542788298233,40,74,114,0.06171607971191406,0.005020618438720703,0.06673669815063477
gated_cost_merged_seed42,scale+thin,6.0,118.18181818181816,628.4217050081675,355,rolled,634.8558071937358,0.010238510437007783,True,True,1.0009730392269904,1,483.0970081196018,204.04998313099205,13.286283974748654,7.7867001399859435,355.0,rolled,1.0,True,thin_c1,0.9933280944824219,40,72,112,0.0421602725982666,0.0049839019775390625,0.047144174575805664
gated_cost_merged_seed42,scale+thin,6.0,129.0909090909091,657.4964976148059,355,rolled,668.8881314357377,0.01732577110639698,True,True,1.0009868245663307,1,518.3632481058378,202.58393998323538,13.14572032414112,8.39704520431267,355.0,rolled,1.0,True,thin_c1,0.9209213256835938,40,71,111,0.04328274726867676,0.005810976028442383,0.04909372329711914
gated_cost_merged_seed42,scale+thin,6.0,140.0,697.879425726456,355,rolled,784.859861642605,0.12463533485832008,True,True,1.0009981704749351,3,610.6012743042322,247.634237089717,10.52329340416701,6.9943398384425945,355.0,rolled,1.0,True,thin_c3,1.165723306407099,40,72,112,0.04206728935241699,0.0053822994232177734,0.047449588775634766
gated_cost_merged_seed42,scale+thin,6.818181818181818,20.0,317.0885192434045,355,rolled,330.3349634564868,0.04177522492674669,True,True,1.000976127745502,2,302.7340881683262,142.79536732866256,8.38500847914644,6.0,355.0,rolled,1.0,True,thin_c2,0.8928260803222656,40,52,92,0.05303502082824707,0.003593921661376953,0.05662894248962402
gated_cost_merged_seed42,scale+thin,6.818181818181818,30.909090909090907,392.6423822212096,355,rolled,401.20323372770713,0.02180317738005798,True,True,1.0009934762521975,2,348.1604911786121,160.07123740705396,9.422067180292485,6.0,355.0,rolled,1.0,True,thin_c2,0.9390716552734375,40,70,110,0.048773765563964844,0.00487828254699707,0.053652048110961914
gated_cost_merged_seed42,scale+thin,6.818181818181818,41.81818181818181,455.0251859822217,355,rolled,483.4695332487604,0.06251158868302736,True,True,1.000986723524623,1,424.6152347675705,157.88538364021744,10.221204939014108,6.89905508760216,355.0,rolled,1.0,True,thin_c1,0.9368057250976562,40,70,110,0.04189729690551758,0.0045168399810791016,0.04641413688659668
gated_cost_merged_seed42,scale+thin,6.818181818181818,52.72727272727273,519.9507333014534,355,rolled,622.3742921620156,0.1969870456960772,True,True,1.0009976906405391,2,418.35136111260294,183.79905967611882,10.823465395717529,6.39197801672894,355.0,rolled,1.0,True,thin_c2,1.0653296694548233,40,73,113,0.04883098602294922,0.006375789642333984,0.0552067756652832
gated_cost_merged_seed42,scale+thin,6.818181818181818,63.63636363636363,570.1996303697795,355,rolled,685.1823465539732,0.20165343865555715,True,True,1.0009937566833738,2,441.429690668514,194.70937266184754,11.485543165972384,6.450195047129755,355.0,rolled,1.0,True,thin_c2,1.0750325078549592,40,74,114,0.04435610771179199,0.004954338073730469,0.04931044578552246
gated_cost_merged_seed42,scale+thin,6.818181818181818,74.54545454545453,645.0378754655677,355,rolled,650.643686239437,0.008690669163920313,True,True,1.0009931875233717,2,465.51820445666357,194.11336209839678,12.650998589064118,7.234433349974194,355.0,rolled,1.0,True,thin_c1,1.005126501995584,40,73,113,0.04144024848937988,0.00484776496887207,0.04628801345825195
gated_cost_merged_seed42,scale+thin,6.818181818181818,85.45454545454545,698.212152166206,355,rolled,804.6852944602623,0.15249396900887924,True,True,1.0009948023464805,2,500.4496291026153,207.35130977223037,12.220353410092363,7.047880526866309,355.0,rolled,1.0,True,thin_c2,1.0499005657693616,40,74,114,0.0450284481048584,0.004935503005981445,0.049963951110839844
gated_cost_merged_seed42,scale+thin,6.818181818181818,96.36363636363636,733.8166260116295,355,rolled,760.8538688467347,0.036844685547744324,True,True,1.0009972946138217,2,500.3915197490475,209.29620092293712,13.63028888176628,7.951321562057942,355.0,rolled,1.0,True,thin_c1,1.0562996242357339,40,75,115,0.042308807373046875,0.005830049514770508,0.04813885688781738
gated_cost_merged_seed42,scale+thin,6.818181818181818,107.27272727272728,798.4291807439346,355,rolled,814.0530962537417,0.019568317249188713,True,True,1.0009953091895178,1,518.0277518719761,215.32454860831206,14.01081153884666,8.358637356925755,355.0,rolled,1.0,True,thin_c1,1.0103476350203804,40,74,114,0.04430818557739258,0.0050334930419921875,0.049341678619384766
gated_cost_merged_seed42,scale+thin,6.818181818181818,118.18181818181816,860.6462645405438,355,rolled,864.1951605522903,0.004123524562836577,True,True,1.0009981903164782,1,560.3401756719693,213.54163513866027,13.840537473649308,9.090990541500206,355.0,rolled,1.0,True,thin_c1,1.023027529509171,40,74,114,0.05384087562561035,0.005187273025512695,0.05902814865112305
gated_cost_merged_seed42,scale+thin,6.818181818181818,129.0909090909091,896.311601431932,355,rolled,908.9915380299293,0.014146795129885705,True,True,1.0009831619712617,1,559.5817722732454,223.83262855057936,14.53986660679274,9.051583670336527,355.0,rolled,1.0,True,thin_c1,0.9112167358398438,40,70,110,0.045601844787597656,0.005484342575073242,0.0510861873626709
gated_cost_merged_seed42,scale+thin,6.818181818181818,140.0,931.1411275891702,355,rolled,954.5810843741185,0.02517336641077924,True,True,1.0009992847114226,1,582.2809130044949,226.5858315460159,14.700294753067968,9.434962675850183,355.0,rolled,1.0,True,thin_c1,1.0356386400305708,40,74,114,0.05715465545654297,0.006130218505859375,0.06328487396240234
gated_cost_merged_seed42,scale+thin,7.636363636363637,20.0,409.6201332461394,355,rolled,425.1550177487005,0.03792509996872212,True,True,1.0009971802332054,2,334.6912160760132,154.90483199579148,9.117810993922793,6.0,355.0,rolled,1.0,True,thin_c2,0.9091796875,40,52,92,0.04695749282836914,0.003502368927001953,0.050459861755371094
gated_cost_merged_seed42,scale+thin,7.636363636363637,30.909090909090907,501.774525145321,355,rolled,521.298268772549,0.038909395851799554,True,True,1.0009926359230614,2,378.3928741247843,174.42702644800914,10.264756775254154,6.1777202573029895,355.0,rolled,1.0,True,thin_c2,1.0296200428838316,40,73,113,0.043695926666259766,0.0048024654388427734,0.04849839210510254
gated_cost_merged_seed42,scale+thin,7.636363636363637,41.81818181818181,593.9298338756057,355,rolled,718.0117798038136,0.20891684312021944,True,True,1.000993413064812,2,412.76869622026527,190.00229979661893,11.208844308929347,6.278484470533289,355.0,rolled,1.0,True,thin_c2,1.046414078422215,40,73,113,0.041580915451049805,0.0056018829345703125,0.04718279838562012
gated_cost_merged_seed42,scale+thin,7.636363636363637,52.72727272727273,675.9362632758116,355,rolled,707.14263112357,0.04616761896531783,True,True,1.000987739494919,2,462.2100513071064,186.54374923544017,12.72216923984616,7.120410047468462,355.0,rolled,1.0,True,scale,0.9859352111816406,40,72,112,0.04840207099914551,0.008506059646606445,0.05690813064575195
gated_cost_merged_seed42,scale+thin,7.636363636363637,63.63636363636363,779.5020738899598,355,rolled,788.7903120339402,0.011915604146669114,True,True,1.0009983182612858,1,473.3618867329433,202.95733080550116,13.22514535658845,7.597179641594553,355.0,rolled,1.0,True,thin_c1,1.0389832604449727,40,74,114,0.058653831481933594,0.005678653717041016,0.06433248519897461
gated_cost_merged_seed42,scale+thin,7.636363636363637,74.54545454545453,846.6406079690952,355,rolled,964.1502165564134,0.13879514811981195,True,True,1.000999397267282,3,592.6015372590414,241.50474498462668,10.25082826956985,7.095404981530232,355.0,rolled,1.0,True,thin_c3,1.1825674969217053,40,74,114,0.04281759262084961,0.005241870880126953,0.04805946350097656
gated_cost_merged_seed42,scale+thin,7.636363636363637,85.45454545454545,921.2774310054268,355,rolled,936.3275305315436,0.01633612093340009,True,True,1.0009973069904654,1,524.4296341369026,218.36808452429344,14.209920918071845,8.460955057259918,355.0,rolled,1.0,True,thin_c1,1.046332397460938,40,74,114,0.04714655876159668,0.006910800933837891,0.05405735969543457
gated_cost_merged_seed42,scale+thin,7.636363636363637,96.36363636363636,990.3158107657674,355,rolled,1004.6450739119803,0.014469387432209784,True,True,1.0009972818663957,1,548.759925378865,224.53574017981845,14.60018744482579,8.86364362870462,355.0,rolled,1.0,True,thin_c1,1.0356644340183423,40,74,114,0.051610469818115234,0.0055446624755859375,0.05715513229370117
gated_cost_merged_seed42,scale+thin,7.636363636363637,107.27272727272728,1055.0870687226268,355,rolled,1155.0533379521262,0.09474693813708342,True,True,1.0009981646126993,3,673.2211278553525,268.70165219790334,11.437916481303684,7.146743376358698,355.0,rolled,1.0,True,thin_c3,1.191123896059783,40,74,114,0.04574918746948242,0.0049288272857666016,0.05067801475524902
gated_cost_merged_seed42,scale+thin,7.636363636363637,118.18181818181816,1088.4839809208006,355,rolled,1142.7995958711567,0.049900242816993914,True,True,1.0009950558992693,1,626.7764148520962,225.95279869764977,14.605520711073538,10.20191982260445,355.0,rolled,1.0,True,thin_c1,1.1765406202233355,40,78,118,0.046233415603637695,0.005686521530151367,0.05191993713378906
gated_cost_merged_seed42,scale+thin,7.636363636363637,129.0909090909091,1173.7978050697595,355,rolled,1256.0505135818064,0.0700740009538172,True,True,1.0009949094061967,3,749.1460538437976,276.4667569935549,11.774951648810102,7.204744990073872,355.0,rolled,1.0,True,thin_c3,1.1887305881666101,40,74,114,0.04819679260253906,0.005669593811035156,0.05386638641357422
gated_cost_merged_seed42,scale+thin,7.636363636363637,140.0,1251.7374258469372,355,rolled,1247.3108666884716,-0.0035363320350276562,True,True,1.0009956510495808,2,655.2376334930366,238.99902845000474,15.478941023032833,10.346096736924515,355.0,rolled,1.0,True,thin_c1,1.0292438805621602,40,74,114,0.04878664016723633,0.005028963088989258,0.053815603256225586
gated_cost_merged_seed42,scale+thin,8.454545454545455,20.0,516.1523336674153,355,rolled,535.0311673390688,0.03657608895713755,True,True,1.0009725210965552,2,355.90987880525495,168.629617832082,9.941442332411643,6.0,355.0,rolled,1.0,True,thin_c2,0.946624755859375,40,70,110,0.0455935001373291,0.005445003509521484,0.051038503646850586
gated_cost_merged_seed42,scale+thin,8.454545454545455,30.909090909090907,633.218032838701,355,rolled,674.2034901102917,0.06472566343042045,True,True,1.0009781863819998,1,390.52889363496587,185.02265068522973,12.102691531934852,6.243243461673081,355.0,rolled,1.0,True,thin_c1,0.9955940246582031,40,72,112,0.044350385665893555,0.00473332405090332,0.049083709716796875
gated_cost_merged_seed42,scale+thin,8.454545454545455,41.81818181818181,757.3789000305048,355,rolled,818.7689528565918,0.08105593227328403,True,True,1.0009937900180081,1,491.5266653959337,186.08692381076904,12.057322095721661,7.977708090036378,355.0,rolled,1.0,True,thin_c1,0.9911994934082031,40,72,112,0.044213056564331055,0.006224870681762695,0.05043792724609375
gated_cost_merged_seed42,scale+thin,8.454545454545455,52.72727272727273,897.7427828478864,355,rolled,907.0262874119021,0.010340940346594512,True,True,1.000979577573994,2,497.4434751669824,203.92277726459164,13.274618069205737,7.831821517033787,355.0,rolled,1.0,True,thin_c1,0.9891853332519531,40,72,112,0.06163501739501953,0.004980564117431641,0.06661558151245117
gated_cost_merged_seed42,scale+thin,8.454545454545455,63.63636363636363,969.5859503873623,355,rolled,1032.9156559353034,0.06531623681494153,True,True,1.0009745282960747,1,561.7969957545753,205.72669022273325,13.30844363538006,9.136067566791793,355.0,rolled,1.0,True,thin_c1,0.992767333984375,40,72,112,0.0464935302734375,0.004842042922973633,0.05133557319641113
gated_cost_merged_seed42,scale+thin,8.454545454545455,74.54545454545453,1093.1775012217977,355,rolled,1119.6782385486067,0.02424193444997751,True,True,1.000997096383458,1,574.9575843627767,217.55760905533316,14.096079757462272,9.332126613474754,355.0,rolled,1.0,True,thin_c1,1.066339933975883,40,75,115,0.05190539360046387,0.006094455718994141,0.05799984931945801
gated_cost_merged_seed42,scale+thin,8.454545454545455,85.45454545454545,1181.2789978646645,355,rolled,1198.550210833581,0.014620773754664987,True,True,1.0009995821480375,1,566.5289633162151,234.0175071916865,15.223021416401114,9.144987087428744,355.0,rolled,1.0,True,thin_c1,0.9564323425292969,40,71,111,0.04790329933166504,0.00590205192565918,0.05380535125732422
gated_cost_merged_seed42,scale+thin,8.454545454545455,96.36363636363636,1257.923897819336,355,rolled,1286.1789489205364,0.02246165380130054,True,True,1.0009951657862928,1,602.6161429906177,237.97346680485774,15.452474608838003,9.71149356764576,355.0,rolled,1.0,True,thin_c1,1.0143929921025818,40,74,114,0.05076003074645996,0.0052642822265625,0.05602431297302246
gated_cost_merged_seed42,scale+thin,8.454545454545455,107.27272727272728,1352.4875507253705,355,rolled,1545.1657335329369,0.14246207494052612,True,True,1.000997801129189,2,520.6490232343161,283.2100069192527,16.839318413202406,7.197267261580468,355.0,rolled,1.0,True,thin_c2,1.1408312722911003,40,77,117,0.044317007064819336,0.005110502243041992,0.04942750930786133
gated_cost_merged_seed42,scale+thin,8.454545454545455,118.18181818181816,1418.3994702060834,355,rolled,1447.9934693436098,0.02086436138701226,True,True,1.000995300315665,2,666.5900363482168,245.4377685234179,15.897862018912889,10.59658958293909,355.0,rolled,1.0,True,thin_c1,1.0139458963145378,40,74,114,0.04911398887634277,0.004997730255126953,0.05411171913146973
gated_cost_merged_seed42,scale+thin,8.454545454545455,129.0909090909091,1503.943042662674,355,rolled,1532.9496637717677,0.019287047638279264,True,True,1.000998236099915,1,678.4366422036285,252.65783605165757,16.35782917612407,11.022081252931873,355.0,rolled,1.0,True,thin_c1,1.041951718537704,40,75,115,0.08125853538513184,0.0059931278228759766,0.08725166320800781
gated_cost_merged_seed42,scale+thin,8.454545454545455,140.0,1589.050557323039,355,rolled,1639.3682145294724,0.03166523366707735,True,True,1.000994528964683,1,746.5610798430428,244.93485510750807,15.754349476535115,12.213625039147999,355.0,rolled,1.0,True,thin_c1,1.0846427718452785,40,78,118,0.046582698822021484,0.005297183990478516,0.0518798828125
gated_cost_merged_seed42,scale+thin,9.272727272727272,20.0,633.3700898588271,355,rolled,662.5188411044682,0.04602167312974641,True,True,1.0009608740715326,2,367.59107177177754,183.68374031938924,10.851223396460785,6.0,355.0,rolled,1.0,True,thin_c2,0.9702796936035156,40,70,110,0.060487985610961914,0.0048749446868896484,0.06536293029785156
gated_cost_merged_seed42,scale+thin,9.272727272727272,30.909090909090907,801.8071464602682,355,rolled,850.7712406125205,0.061067171037840845,True,True,1.0009649205511,1,435.703297200055,194.0146572394444,12.660374972882682,6.997221755098782,355.0,rolled,1.0,True,thin_c1,0.9530220031738281,40,71,111,0.04414033889770508,0.004842519760131836,0.048982858657836914
gated_cost_merged_seed42,scale+thin,9.272727272727272,41.81818181818181,962.5021253931346,355,rolled,1014.8492540821886,0.054386507113085875,True,True,1.0009963271974318,1,505.056442340205,203.40736581426071,13.217100316888331,8.166054944877459,355.0,rolled,1.0,True,thin_c1,1.0021386984120246,40,73,113,0.05717897415161133,0.005272865295410156,0.062451839447021484
gated_cost_merged_seed42,scale+thin,9.272727272727272,52.72727272727273,1070.6846994207378,355,rolled,1156.3363960015529,0.07999712392187387,True,True,1.0009604924446356,1,549.458611290342,213.87084229281098,13.875551082154526,8.902981161104664,355.0,rolled,1.0,True,thin_c1,0.9413375854492188,40,71,111,0.04614067077636719,0.0049457550048828125,0.05108642578125
gated_cost_merged_seed42,scale+thin,9.272727272727272,63.63636363636363,1216.7126656588257,355,rolled,1268.3977299104574,0.04247926869705535,True,True,1.0009974274700173,1,551.0028970288547,231.50250555334108,15.070407622015187,8.884376848163193,355.0,rolled,1.0,True,thin_c1,1.0183523692255436,40,74,114,0.045934438705444336,0.00550532341003418,0.051439762115478516
gated_cost_merged_seed42,scale+thin,9.272727272727272,74.54545454545453,1356.4151141978043,355,rolled,1552.837775428966,0.14481013900182604,True,True,1.0009994905189687,2,502.2546389690549,266.1526531081585,15.777263185015078,7.548027370287026,355.0,rolled,1.0,True,thin_c2,1.2580045617145044,40,79,119,0.04642438888549805,0.005689144134521484,0.05211353302001953
gated_cost_merged_seed42,scale+thin,9.272727272727272,85.45454545454545,1422.5235716023028,355,rolled,1502.8615898158098,0.05647570262966947,True,True,1.0009965323701209,1,615.0923564374834,247.37933299663501,16.073336809341928,9.946062955341203,355.0,rolled,1.0,True,thin_c1,1.0536664879840352,40,75,115,0.044809818267822266,0.005257368087768555,0.05006718635559082
gated_cost_merged_seed42,scale+thin,9.272727272727272,96.36363636363636,1530.0841209322955,355,rolled,1700.3915293941416,0.11130591196389653,True,True,1.000994405855499,1,743.329757344953,231.2032762212555,14.82615464914141,12.193221107900829,355.0,rolled,1.0,True,thin_c1,1.1170806221340013,40,77,117,0.04745745658874512,0.005252838134765625,0.05271029472351074
gated_cost_merged_seed42,scale+thin,9.272727272727272,107.27272727272728,1647.0835657255905,355,rolled,1719.466827129004,0.04394631997407282,True,True,1.0009954042928608,2,697.2853965124922,253.81172038758706,16.428892079353602,11.126233495604717,355.0,rolled,1.0,True,thin_c1,1.0161706277598506,40,75,115,0.04835653305053711,0.005259275436401367,0.05361580848693848
gated_cost_merged_seed42,scale+thin,9.272727272727272,118.18181818181816,1794.0191544704012,355,rolled,1825.079583090168,0.01731332050851813,True,True,1.0009943090520448,1,710.7330233139575,261.9204201817258,16.948871721626606,11.553860698099149,355.0,rolled,1.0,True,thin_c1,1.0419237750509511,40,75,115,0.04723787307739258,0.005233287811279297,0.052471160888671875
gated_cost_merged_seed42,scale+thin,9.272727272727272,129.0909090909091,1876.6125693849333,355,rolled,1908.4538786675494,0.016967438991977002,True,True,1.0009979800477935,1,702.5224541522746,275.8311434112819,17.90254789026668,11.377001868547763,355.0,rolled,1.0,True,thin_c1,1.0676532778532608,40,77,117,0.1497809886932373,0.014737367630004883,0.1645183563232422
gated_cost_merged_seed42,scale+thin,9.272727272727272,140.0,1975.8458780810136,355,rolled,2028.5298015123535,0.02666398427923325,True,True,1.000997881285768,1,750.0,273.3356169312189,17.660219604728052,12.461117744862616,355.0,rolled,1.0,True,thin_c1,1.0202396293308422,40,76,116,0.04836463928222656,0.005168914794921875,0.05353355407714844
gated_cost_merged_seed42,scale+thin,10.09090909090909,20.0,771.2799576046779,355,rolled,839.1032046381252,0.0879359645803352,True,True,1.0009749631552203,1,418.5080436438086,183.67532556641348,11.97867028206599,6.7279443503312475,355.0,rolled,1.0,True,thin_c1,0.9351692199707031,40,70,110,0.043833255767822266,0.00457453727722168,0.048407793045043945
gated_cost_merged_seed42,scale+thin,10.09090909090909,30.909090909090907,964.7090665866748,355,rolled,1049.27016589291,0.08765450873746686,True,True,1.0009664124217332,1,465.5295909195276,206.0774706898668,13.444344239769666,7.479341722294867,355.0,rolled,1.0,True,thin_c1,0.9836921691894531,40,72,112,0.056001901626586914,0.004661083221435547,0.06066298484802246
gated_cost_merged_seed42,scale+thin,10.09090909090909,41.81818181818181,1147.2574547707825,355,rolled,1257.6739020427585,0.09624382636418502,True,True,1.0009858965281626,1,546.7895933167694,214.61584148302592,13.929221702030013,8.855164837575147,355.0,rolled,1.0,True,thin_c1,0.9919776916503906,40,72,112,0.0447382926940918,0.008398294448852539,0.053136587142944336
gated_cost_merged_seed42,scale+thin,10.09090909090909,52.72727272727273,1318.1429375417918,355,rolled,1482.3220989917982,0.12455338247017775,True,True,1.0009997883981097,1,640.0998480263576,216.9121760863789,13.976423142829828,10.454245811854067,355.0,rolled,1.0,True,thin_c1,1.168694192637568,40,78,118,0.06469082832336426,0.01136016845703125,0.07605099678039551
gated_cost_merged_seed42,scale+thin,10.09090909090909,63.63636363636363,1473.4968374975142,355,rolled,1587.339046256572,0.07725989351453207,True,True,1.0009824538455792,1,629.2144216422854,236.2418804796035,15.300998220197652,10.217497029934224,355.0,rolled,1.0,True,thin_c1,0.9928016662597656,40,72,112,0.11824345588684082,0.007967233657836914,0.12621068954467773
gated_cost_merged_seed42,scale+thin,10.09090909090909,74.54545454545453,1593.8205978972342,355,rolled,1701.0505968757745,0.0672785877657821,True,True,1.000999782014799,1,567.0186935052482,269.20912584998615,17.61089378621025,9.06326133002007,355.0,rolled,1.0,True,thin_c1,1.1424846350628397,40,77,117,0.10757637023925781,0.00928640365600586,0.11686277389526367
gated_cost_merged_seed42,scale+thin,10.09090909090909,85.45454545454545,1744.078619322344,355,rolled,1870.8213912100337,0.07267033176344724,True,True,1.0009902384869087,1,690.0330396409298,254.12325285171931,16.443783707573875,11.217788737511976,355.0,rolled,1.0,True,thin_c1,0.9821357727050781,40,73,113,0.08027148246765137,0.017196178436279297,0.09746766090393066
gated_cost_merged_seed42,scale+thin,10.09090909090909,96.36363636363636,1930.113776773892,355,rolled,1993.215725128036,0.032693382697685534,True,True,1.0009970195630817,1,705.5516444132944,264.5710907456234,17.134804957909658,11.45794934034734,355.0,rolled,1.0,True,thin_c1,1.0175892970872962,40,75,115,0.06390786170959473,0.01023721694946289,0.07414507865905762
gated_cost_merged_seed42,scale+thin,10.09090909090909,107.27272727272728,2067.605711285596,355,rolled,2101.2920434022885,0.016292435222452058,True,True,1.0009919480117204,1,697.6063014884144,280.2820420375216,18.210353135109006,11.281040891535032,355.0,rolled,1.0,True,thin_c1,0.9834060668945312,40,74,114,0.07874941825866699,0.009550333023071289,0.08829975128173828
gated_cost_merged_seed42,scale+thin,10.09090909090909,118.18181818181816,2170.353625378734,355,rolled,2218.084836229398,0.02199236580275491,True,True,1.0009966136323336,1,698.9874833104694,293.3154119747482,19.09331506425036,11.271410446808234,355.0,rolled,1.0,True,thin_c1,1.1190392933721127,40,79,119,0.08615875244140625,0.009677648544311523,0.09583640098571777
gated_cost_merged_seed42,scale+thin,10.09090909090909,129.0909090909091,2307.5736162550616,355,rolled,2338.5718994071535,0.013433280279221938,True,True,1.000993359096842,1,736.4386424638114,295.52952050452063,19.199977887874383,11.909909425595185,355.0,rolled,1.0,True,thin_c1,1.175375750997792,40,80,120,0.07510733604431152,0.010019302368164062,0.08512663841247559
gated_cost_merged_seed42,scale+thin,10.09090909090909,140.0,2443.406284429296,355,rolled,2462.2147926827024,0.007697658949829255,True,True,1.000998565637679,1,750.0,300.0,20.11764590575215,12.160166310154333,355.0,rolled,1.0,True,thin_c3,1.6865933625594427,40,80,120,0.07895207405090332,0.008997678756713867,0.08794975280761719
gated_cost_merged_seed42,scale+thin,10.90909090909091,20.0,939.0466900997784,355,rolled,1012.8918705915992,0.07863845458416381,True,True,1.000950874927268,2,444.80977028655315,194.6385549418833,12.70298217438374,6.991731340087106,355.0,rolled,1.0,True,thin_c1,0.9089736938476562,40,70,110,0.070709228515625,0.007972478866577148,0.07868170738220215
gated_cost_merged_seed42,scale+thin,10.90909090909091,30.909090909090907,1197.1649157491154,355,rolled,1278.6660914317322,0.06807848660651583,True,True,1.0009983429853488,1,502.9148968437114,216.36309730095846,14.098894797190447,8.096031453361618,355.0,rolled,1.0,True,thin_c1,1.013847019361413,40,73,113,0.06549859046936035,0.010256290435791016,0.07575488090515137
gated_cost_merged_seed42,scale+thin,10.90909090909091,41.81818181818181,1403.509472950396,355,rolled,1507.818088696472,0.0743198515980109,True,True,1.0009992020409924,1,557.9156391485624,231.51306564438562,15.06307517015464,9.003250964504101,355.0,rolled,1.0,True,thin_c1,0.9968185424804688,40,72,112,0.09777641296386719,0.008917093276977539,0.10669350624084473
gated_cost_merged_seed42,scale+thin,10.90909090909091,52.72727272727273,1588.7457907355176,355,rolled,1705.5062103226244,0.07349219759886945,True,True,1.0009950059536312,1,592.2173059779083,246.5630970398198,16.04457475449948,9.554696384172502,355.0,rolled,1.0,True,thin_c1,1.0136105744735056,40,73,113,0.06891822814941406,0.008144140243530273,0.07706236839294434
gated_cost_merged_seed42,scale+thin,10.90909090909091,63.63636363636363,1789.9941201560932,355,rolled,1955.882236950897,0.09267523000597225,True,True,1.0009990126506454,3,750.0,294.7656195864054,12.565209538540708,7.432499035162566,355.0,rolled,1.0,True,thin_c3,1.1932222449261212,40,74,114,0.07686734199523926,0.008964300155639648,0.0858316421508789
gated_cost_merged_seed42,scale+thin,10.90909090909091,74.54545454545453,1942.2808212955651,355,rolled,2105.2100651947667,0.08388552371665925,True,True,1.0009975022995212,1,705.4531221177565,258.76827775049577,16.74108482807742,11.471119611176945,355.0,rolled,1.0,True,thin_c1,1.0287623927904215,40,75,115,0.07657051086425781,0.008338689804077148,0.08490920066833496
gated_cost_merged_seed42,scale+thin,10.90909090909091,85.45454545454545,2177.190622234541,355,rolled,2227.0526474624685,0.02290200257097929,True,True,1.0009995828600593,1,678.9757185018514,281.0853600629919,18.286567395981457,10.958531630628038,355.0,rolled,1.0,True,thin_c1,1.123637708581012,40,78,118,0.060776472091674805,0.008757591247558594,0.0695340633392334
gated_cost_merged_seed42,scale+thin,10.90909090909091,96.36363636363636,2344.698716886334,355,rolled,2406.3125201030084,0.026277919108726785,True,True,1.0009757090033307,1,740.3955459594727,281.30996721890074,18.230294479339,12.01439509319399,355.0,rolled,1.0,True,thin_c1,0.9871940612792969,40,75,115,0.08471894264221191,0.008483648300170898,0.09320259094238281
gated_cost_merged_seed42,scale+thin,10.90909090909091,107.27272727272728,2499.121791022924,355,rolled,2544.05347474457,0.017978989212548525,True,True,1.0009659683951477,1,746.6611862182617,293.9774712038882,19.08273777899481,12.089715976348225,355.0,rolled,1.0,True,thin_c1,0.9955482482910156,40,75,115,0.08373332023620605,0.011363506317138672,0.09509682655334473
gated_cost_merged_seed42,scale+thin,10.90909090909091,118.18181818181816,2669.547168301596,355,rolled,2684.1431312339273,0.005467580084609515,True,True,1.0009993546116605,2,750.0,300.0,20.826048131160693,11.829160705452821,355.0,rolled,1.0,True,thin_c2,1.2992755392323372,40,80,120,0.0747830867767334,0.008974552154541016,0.08375763893127441
gated_cost_merged_seed42,scale+thin,10.90909090909091,129.0909090909091,2855.841135487434,355,rolled,2920.926450768368,0.02279024364211539,True,True,1.0009986849861703,1,750.0,300.0,22.81786991225956,12.813754101026488,355.0,rolled,1.0,True,thin_c3,1.7819937001103936,40,80,120,0.07446646690368652,0.009196281433105469,0.08366274833679199
gated_cost_merged_seed42,scale+thin,10.90909090909091,140.0,3091.557267278178,355,rolled,3143.7315019789753,0.016876360419721924,True,True,1.0009987489414889,1,750.0,300.0,24.905679689244746,13.575822623162724,355.0,rolled,1.0,True,thin_c3,1.9436762270720114,40,83,123,0.08081936836242676,0.01293039321899414,0.0937497615814209
gated_cost_merged_seed42,scale+thin,11.727272727272728,20.0,1117.8784812198996,355,rolled,1284.1127554241887,0.1487051383464182,True,True,1.000999409260053,3,538.0516561414548,233.03155975836157,9.921340371120538,6.156736848250678,355.0,rolled,1.0,True,thin_c3,1.0261228080417797,40,70,110,0.08774614334106445,0.008644342422485352,0.0963904857635498
gated_cost_merged_seed42,scale+thin,11.727272727272728,30.909090909090907,1399.1707585826318,355,rolled,1683.7611237887234,0.20339930881230195,True,True,1.0009961761828616,3,550.4911136043444,271.9973447149487,11.566664066875951,7.498319012185801,355.0,rolled,1.0,True,thin_c3,1.2497198353643002,40,76,116,0.08052635192871094,0.008850812911987305,0.08937716484069824
gated_cost_merged_seed42,scale+thin,11.727272727272728,41.81818181818181,1658.320920880548,355,rolled,1800.3885837927357,0.08566958368754791,True,True,1.0009900617665577,1,585.111111564616,244.848781355582,15.936499175746215,9.436859289272235,355.0,rolled,1.0,True,thin_c1,0.9986495971679688,40,72,112,0.08886218070983887,0.008819818496704102,0.09768199920654297
gated_cost_merged_seed42,scale+thin,11.727272727272728,52.72727272727273,1896.895430152976,355,rolled,2098.240305895083,0.10614442553950887,True,True,1.0009955357895146,3,750.0,293.95963622081695,12.529083535991544,7.452621833064253,355.0,rolled,1.0,True,thin_c3,1.1753193863578464,40,73,113,0.11158323287963867,0.008089303970336914,0.11967253684997559
gated_cost_merged_seed42,scale+thin,11.727272727272728,63.63636363636363,2122.483987052358,355,rolled,2249.6296645202174,0.05990418690716985,True,True,1.0009966224604139,1,646.2830265025731,275.9608066443318,17.976832981593613,10.409335260676027,355.0,rolled,1.0,True,thin_c1,1.1941252335258152,40,80,120,0.0959768295288086,0.008897781372070312,0.1048746109008789
gated_cost_merged_seed42,scale+thin,11.727272727272728,74.54545454545453,2414.680044837911,355,rolled,2461.1671435706967,0.01925186686002798,True,True,1.0009963359875935,1,686.5230832016109,285.56210795842367,18.581614567457212,11.076880546915717,355.0,rolled,1.0,True,thin_c1,1.158125822647758,40,80,120,0.1009986400604248,0.010580301284790039,0.11157894134521484
gated_cost_merged_seed42,scale+thin,11.727272727272728,85.45454545454545,2607.2244497923484,355,rolled,2704.87042974551,0.037452080491550584,True,True,1.0009955724759156,1,750.0,287.3520766882326,18.609924182391957,12.448663276954498,355.0,rolled,1.0,True,thin_c1,1.2434170266856324,40,82,122,0.08635187149047852,0.009831905364990234,0.09618377685546875
gated_cost_merged_seed42,scale+thin,11.727272727272728,96.36363636363636,2824.34606849496,355,rolled,2866.250762089602,0.014836954317348352,True,True,1.000999703472278,1,729.0845877613447,300.0,21.156396432500003,11.70989779195433,355.0,rolled,1.0,True,thin_c1,1.2218694935674255,40,82,122,0.08667278289794922,0.009836912155151367,0.09650969505310059
gated_cost_merged_seed42,scale+thin,11.727272727272728,107.27272727272728,3054.1802093068686,355,rolled,3119.701316956713,0.021452927843021465,True,True,1.0009991203230695,1,750.0,300.0,22.76311801679189,12.649981861258642,355.0,rolled,1.0,True,thin_c3,1.7772743556810457,40,80,120,0.07593297958374023,0.011305570602416992,0.08723855018615723
gated_cost_merged_seed42,scale+thin,11.727272727272728,118.18181818181816,3357.8991517305085,355,rolled,3505.0104373298195,0.04381051334537446,True,True,1.000999470543429,1,750.0,300.0,24.56843048622363,15.14690619653446,355.0,rolled,1.0,True,thin_c3,2.0994102146314537,40,85,125,0.06633377075195312,0.009477853775024414,0.07581162452697754
gated_cost_merged_seed42,scale+thin,11.727272727272728,129.0909090909091,3650.466675336178,355,rolled,3738.592655504298,0.02414101757551429,True,True,1.0009998842952796,1,750.0,300.0,27.306040960183676,15.334161150082352,355.0,rolled,1.0,True,thin_c3,2.1325037417204484,40,85,125,0.07514071464538574,0.009362220764160156,0.0845029354095459
gated_cost_merged_seed42,scale+thin,11.727272727272728,140.0,3950.7596541302537,355,rolled,4096.93331025738,0.036998873362066365,True,True,1.0009995764503448,1,750.0,300.0,29.214584214945198,17.51154927153904,355.0,rolled,1.0,True,thin_c2,1.6545562744140625,40,71,111,0.08131694793701172,0.00788259506225586,0.08919954299926758
gated_cost_merged_seed42,scale+thin,12.545454545454549,20.0,1307.1994834284806,355,rolled,1478.9974794916252,0.13142446752852013,True,True,1.000960620712308,1,523.3050808412685,211.38106267289058,13.737023660538314,8.45951084799036,355.0,rolled,1.0,True,thin_c1,0.9027481079101562,40,70,110,0.07085824012756348,0.007994890213012695,0.07885313034057617
gated_cost_merged_seed42,scale+thin,12.545454545454549,30.909090909090907,1673.5520688887286,355,rolled,1824.2222188686344,0.09003015369575786,True,True,1.0009985724132449,3,676.2859629828371,268.20478052608235,11.445075636382427,6.48616075622582,355.0,rolled,1.0,True,thin_c3,1.0333494236158285,40,70,110,0.08419561386108398,0.007927417755126953,0.09212303161621094
gated_cost_merged_seed42,scale+thin,12.545454545454549,41.81818181818181,1957.4303873162305,355,rolled,2161.817340930498,0.10441595008366862,True,True,1.0009993456697066,3,750.0,287.61960773234574,12.261616958927137,7.228846797962664,355.0,rolled,1.0,True,thin_c3,1.1325574128524116,40,72,112,0.0860295295715332,0.013162612915039062,0.09919214248657227
gated_cost_merged_seed42,scale+thin,12.545454545454549,52.72727272727273,2222.5772160497027,355,rolled,2430.5613443474463,0.09357790892295935,True,True,1.0009984115814392,1,678.9238598385605,268.46679896091393,17.430210537712483,10.989964216220937,355.0,rolled,1.0,True,thin_c1,1.1080082636294157,40,77,117,0.08012247085571289,0.009716987609863281,0.08983945846557617
gated_cost_merged_seed42,scale+thin,12.545454545454549,63.63636363636363,2552.3230156844406,355,rolled,2743.093887028236,0.0747440156169409,True,True,1.0009946339580105,1,750.0,274.73611022431896,17.765853956522495,12.301193940457697,355.0,rolled,1.0,True,thin_c1,1.0441399085003398,40,77,117,0.0823664665222168,0.00866556167602539,0.09103202819824219
gated_cost_merged_seed42,scale+thin,12.545454545454549,74.54545454545453,2864.0220557743514,355,rolled,2925.2602794258514,0.021381896668020907,True,True,1.000959613420496,1,745.7857131958008,294.21794165255955,19.100077818761882,12.074041581094914,355.0,rolled,1.0,True,thin_c1,0.9943809509277344,40,75,115,0.07201910018920898,0.008580923080444336,0.08060002326965332
gated_cost_merged_seed42,scale+thin,12.545454545454549,85.45454545454545,3136.2352005841685,355,rolled,3176.841487962965,0.012947462413288686,True,True,1.000996421422626,1,736.7936488106367,300.0,22.18507932085503,11.80333051607567,355.0,rolled,1.0,True,thin_c1,1.1901044762652853,40,81,121,0.06391286849975586,0.009097099304199219,0.07300996780395508
gated_cost_merged_seed42,scale+thin,12.545454545454549,96.36363636363636,3474.753399293351,355,rolled,3540.986077053844,0.01906111604177798,True,True,1.0009994858523605,1,750.0,300.0,24.358302208411235,13.306406012948477,355.0,rolled,1.0,True,thin_c3,1.9991137960682748,40,83,123,0.06265854835510254,0.01152801513671875,0.07418656349182129
gated_cost_merged_seed42,scale+thin,12.545454545454549,107.27272727272728,3859.290256207383,355,rolled,3929.3695855692363,0.0181586055231621,True,True,1.0009984499485647,1,750.0,300.0,26.9941143504618,14.908636197148825,355.0,rolled,1.0,True,thin_c3,2.114932383661685,40,85,125,0.08146882057189941,0.012792110443115234,0.09426093101501465
gated_cost_merged_seed42,scale+thin,12.545454545454549,118.18181818181816,4215.558205846268,355,rolled,4382.001843844878,0.039483178708760516,True,True,1.000998540726695,1,750.0,300.0,29.209309337820866,17.508387451061328,355.0,rolled,1.0,True,thin_c2,1.6542575338612433,40,71,111,0.09745287895202637,0.008118629455566406,0.10557150840759277
gated_cost_merged_seed42,scale+thin,12.545454545454549,129.0909090909091,4601.917380514503,355,rolled,4757.4399346345945,0.03379516433272079,True,True,1.0009987111606535,1,750.0,300.0,31.809623447209894,19.067044877477677,355.0,rolled,1.0,True,thin_c2,1.8015252818232,40,71,111,0.06604814529418945,0.007925033569335938,0.07397317886352539
gated_cost_merged_seed42,scale+thin,12.545454545454549,140.0,5031.3200482783495,355,rolled,5128.506264804618,0.019316246152840957,True,True,1.0009996545190334,1,750.0,300.0,34.39613010000926,20.61742595968816,355.0,rolled,1.0,True,thin_c2,1.948011050016984,40,73,113,0.06201457977294922,0.008197784423828125,0.07021236419677734
gated_cost_merged_seed42,scale+thin,13.363636363636363,20.0,1553.9456704912225,355,rolled,1909.4169644939368,0.22875400392237988,True,True,1.0009962034960875,3,750.0,232.62513848281148,10.06956309442935,7.552172320822013,355.0,rolled,1.0,True,thin_c3,1.2586953868036688,40,76,116,0.07400369644165039,0.009478092193603516,0.0834817886352539
gated_cost_merged_seed42,scale+thin,13.363636363636363,30.909090909090907,2055.764041961098,355,rolled,2199.5059750105206,0.06992141613309857,True,True,1.000997690219086,3,750.0,273.356804950298,11.629810706345177,7.413782558110487,355.0,rolled,1.0,True,thin_c3,1.2055044422978938,40,74,114,0.09180951118469238,0.008252620697021484,0.10006213188171387
gated_cost_merged_seed42,scale+thin,13.363636363636363,41.81818181818181,2295.1327804460216,355,rolled,2539.590232090733,0.10651124576644544,True,True,1.0009648620090323,1,682.1106958637894,262.7848320093233,17.040866731688247,11.059334034768174,355.0,rolled,1.0,True,thin_c1,0.9397239685058594,40,71,111,0.06260299682617188,0.007739543914794922,0.0703425407409668
gated_cost_merged_seed42,scale+thin,13.363636363636363,52.72727272727273,2698.233573079863,355,rolled,2783.0953400098783,0.03145086021339169,True,True,1.0009989132121124,1,649.7864500002283,294.1088938758955,19.204457822468346,10.423105777963725,355.0,rolled,1.0,True,thin_c1,1.138400547193444,40,79,119,0.09266257286071777,0.011495351791381836,0.10415792465209961
gated_cost_merged_seed42,scale+thin,13.363636363636363,63.63636363636363,3099.504449257762,355,rolled,3113.5752284086957,0.004539686708403671,True,True,1.000999134230312,2,750.0,300.0,18.57913927893809,12.091701083953149,355.0,rolled,1.0,True,thin_c2,1.1377946273140283,40,77,117,0.10146832466125488,0.007852315902709961,0.10932064056396484
gated_cost_merged_seed42,scale+thin,13.363636363636363,74.54545454545453,3409.0278837627866,355,rolled,3973.377349036741,0.16554557032576744,True,True,1.0009990940922917,2,750.0,300.0,22.848571465465426,10.662988148564876,355.0,rolled,1.0,True,thin_c3,1.7771646914274795,40,81,121,0.08416414260864258,0.008662700653076172,0.09282684326171875
gated_cost_merged_seed42,scale+thin,13.363636363636363,85.45454545454545,3859.8972334468967,355,rolled,3960.543397006665,0.026074829839418074,True,True,1.0009992380707649,1,750.0,300.0,25.328231552550502,14.223489404404011,355.0,rolled,1.0,True,thin_c3,1.9780439293902856,40,83,123,0.07429623603820801,0.011249065399169922,0.08554530143737793
gated_cost_merged_seed42,scale+thin,13.363636363636363,96.36363636363636,4319.916451720051,355,rolled,4492.455234748174,0.03994030554906311,True,True,1.0009986929999564,1,750.0,300.0,28.07451610813308,16.828179668246403,355.0,rolled,1.0,True,thin_c2,1.5899889738663382,40,69,109,0.07097887992858887,0.007679462432861328,0.0786583423614502
gated_cost_merged_seed42,scale+thin,13.363636363636363,107.27272727272728,4782.366988912803,355,rolled,4954.359423267659,0.035963872022702154,True,True,1.0009989140304805,1,750.0,300.0,31.070940338345846,18.624269941455108,355.0,rolled,1.0,True,thin_c2,1.7596902598505433,40,71,111,0.0674893856048584,0.007768392562866211,0.07525777816772461
gated_cost_merged_seed42,scale+thin,13.363636363636363,118.18181818181816,5228.730538579276,355,rolled,5408.339140444815,0.03435032663097247,True,True,1.00099995576637,1,750.0,300.0,34.03762822478434,20.4025359169024,355.0,rolled,1.0,True,thin_c2,1.927707439920177,40,73,113,0.07842874526977539,0.008096456527709961,0.08652520179748535
gated_cost_merged_seed42,scale+thin,13.363636363636363,129.0909090909091,6054.672912989209,460,rolled,6308.430053700435,0.04191095776071326,True,True,1.0009992269940933,1,750.0,300.0,31.914463362505803,19.116065322083177,460.0,rolled,1.0,True,thin_c2,1.5981200508449387,40,69,109,0.07082486152648926,0.00923776626586914,0.0800626277923584
gated_cost_merged_seed42,scale+thin,13.363636363636363,140.0,6583.558144781793,460,rolled,8213.895946533012,0.24763779188970084,True,True,1.0009996956114366,1,750.0,300.0,32.97892070386807,19.74861163536391,500.0,rolled,0.0,True,thin_c2,1.5875588458517322,40,69,109,0.07409524917602539,0.008046150207519531,0.08214139938354492
gated_cost_merged_seed42,scale+thin,14.181818181818182,20.0,1796.9028968466985,355,rolled,1984.7271307001388,0.10452664647769468,True,True,1.0009942698406424,3,669.3713868434747,261.43729387968386,11.151861527686163,6.423705536658931,355.0,rolled,1.0,True,thin_c3,1.0327432649031927,40,70,110,0.08459281921386719,0.008036136627197266,0.09262895584106445
gated_cost_merged_seed42,scale+thin,14.181818181818182,30.909090909090907,2224.07150895444,355,rolled,2495.876096995294,0.1222103637165121,True,True,1.000997841938497,3,750.0,291.61345785202997,12.432222438931321,7.321400659618073,355.0,rolled,1.0,True,thin_c3,1.0573851212211278,40,70,110,0.08345818519592285,0.007934093475341797,0.09139227867126465
gated_cost_merged_seed42,scale+thin,14.181818181818182,41.81818181818181,2615.0382292659383,355,rolled,2987.446833620951,0.1424103862755195,True,True,1.0009998813737995,1,735.0284313407285,271.053337033362,17.540430086213888,11.948353252134115,355.0,rolled,1.0,True,thin_c1,1.0398323125424591,40,75,115,0.046141862869262695,0.005847454071044922,0.05198931694030762
gated_cost_merged_seed42,scale+thin,14.181818181818182,52.72727272727273,3202.0654799770145,355,rolled,3250.1107096534183,0.015004449464521463,True,True,1.0009992218326127,1,704.5681396002503,300.0,19.840379207519078,11.33895693706809,355.0,rolled,1.0,True,thin_c1,1.0147283139436145,40,76,116,0.06400561332702637,0.009984731674194336,0.0739903450012207
gated_cost_merged_seed42,scale+thin,14.181818181818182,63.63636363636363,3623.765744949169,355,rolled,3711.6442226408717,0.02425059561705621,True,True,1.0009978222752827,1,750.0,300.0,22.290465623371457,12.517581456703866,355.0,rolled,1.0,True,thin_c3,1.7408053190811819,40,80,120,0.0605165958404541,0.005869150161743164,0.06638574600219727
gated_cost_merged_seed42,scale+thin,14.181818181818182,74.54545454545453,4194.266016339479,355,rolled,4258.194511625676,0.015241879040850509,True,True,1.000999081844667,1,750.0,300.0,26.001274545855114,14.145209286930706,355.0,rolled,1.0,True,thin_c3,2.0290853749150823,40,85,125,0.04964876174926758,0.00719451904296875,0.05684328079223633
gated_cost_merged_seed42,scale+thin,14.181818181818182,85.45454545454545,4739.8598837186255,355,rolled,4927.439269850103,0.03957488000348096,True,True,1.0009999278372346,1,750.0,300.0,29.049765683190838,17.412755196003733,355.0,rolled,1.0,True,thin_c2,1.6452218428902003,40,70,110,0.04378008842468262,0.004712820053100586,0.0484929084777832
gated_cost_merged_seed42,scale+thin,14.181818181818182,96.36363636363636,5290.364352494784,355,rolled,5482.005645265354,0.03622459248580828,True,True,1.000999883990563,1,750.0,300.0,32.449552843870585,19.450625731391025,355.0,rolled,1.0,True,thin_c2,1.8377674268639603,40,72,112,0.044394493103027344,0.004923820495605469,0.04931831359863281
gated_cost_merged_seed42,scale+thin,14.181818181818182,107.27272727272728,6179.874379812138,355,rolled,6179.527501007772,-5.6130397326317904e-05,True,True,1.0009996175354359,1,750.0,300.0,35.0,23.482654292454047,355.0,rolled,1.0,True,thin_c1,1.9356414794921877,40,58,98,0.04494333267211914,0.004071712493896484,0.049015045166015625
gated_cost_merged_seed42,scale+thin,14.181818181818182,118.18181818181816,6852.162427149681,460,rolled,7137.886919310407,0.041698441214502856,True,True,1.0009979812232768,1,750.0,300.0,34.11640518770337,20.434980300780747,460.0,rolled,1.0,True,thin_c2,1.708382515285326,40,71,111,0.04732704162597656,0.004995107650756836,0.0523221492767334
gated_cost_merged_seed42,scale+thin,14.181818181818182,129.0909090909091,9553.512737278232,500,rolled,12549.198995056418,0.3135690860691362,True,True,1.0009977175554612,1,750.0,300.0,32.04364728418942,17.95605021125172,690.0,rolled,0.0,True,thin_c3,1.8178614740786345,40,82,122,0.04729866981506348,0.005639314651489258,0.052937984466552734
gated_cost_merged_seed42,scale+thin,14.181818181818182,140.0,12744.824501296387,690,rolled,13462.86713941663,0.0563399392472768,True,True,1.0009978678042204,1,750.0,300.0,34.29331338833243,19.0583821651459,690.0,rolled,1.0,True,thin_c3,1.9449591595193616,8,83,91,0.010875701904296875,0.009818315505981445,0.02069401741027832
gated_cost_merged_seed42,scale+thin,15.0,20.0,2057.2483346770277,355,rolled,2332.6862425774157,0.13388656257856665,True,True,1.0009944209853472,3,732.6034075654605,267.5384277498456,11.391350566414022,7.048358284546641,355.0,rolled,1.0,True,thin_c3,1.0911129628057066,40,71,111,0.04538536071777344,0.005591392517089844,0.05097675323486328
gated_cost_merged_seed42,scale+thin,15.0,30.909090909090907,2565.283454586496,355,rolled,3053.19881532822,0.19019939487364448,True,True,1.0009799316218158,1,748.3606338500977,257.2489016212247,16.588004031004786,12.213033385355072,355.0,rolled,1.0,True,thin_c1,0.9978141784667969,40,73,113,0.06334066390991211,0.0059146881103515625,0.06925535202026367
gated_cost_merged_seed42,scale+thin,15.0,41.81818181818181,3234.6725939942403,355,rolled,3353.4386008617216,0.03671654654878893,True,True,1.0009928059422097,1,725.7416786131688,289.5072362733557,18.80370309302871,11.741345642809216,355.0,rolled,1.0,True,thin_c1,1.0112568730893345,40,76,116,0.05165362358093262,0.0057621002197265625,0.05741572380065918
gated_cost_merged_seed42,scale+thin,15.0,52.72727272727273,3765.638206814382,355,rolled,3808.7154202004563,0.011439551815710996,True,True,1.000998787340966,1,750.0,300.0,21.672278120121526,12.083602039673798,355.0,rolled,1.0,True,thin_c3,1.7712655108907946,40,80,120,0.04904341697692871,0.006911039352416992,0.0559544563293457
gated_cost_merged_seed42,scale+thin,15.0,63.63636363636363,4414.262908667717,355,rolled,4518.136412794124,0.023531336097459037,True,True,1.0009986513967435,1,750.0,300.0,25.754450713360896,14.462839858272044,355.0,rolled,1.0,True,thin_c3,2.0113301152768353,40,83,123,0.04708147048950195,0.00555872917175293,0.05264019966125488
gated_cost_merged_seed42,scale+thin,15.0,74.54545454545453,5073.1569950190815,355,rolled,5275.592121056224,0.039903185774833455,True,True,1.0009978172243033,1,750.0,300.0,29.418635157829367,17.633859694070953,355.0,rolled,1.0,True,thin_c2,1.6661126178243886,40,71,111,0.05056500434875488,0.005087614059448242,0.055652618408203125
gated_cost_merged_seed42,scale+thin,15.0,85.45454545454545,5700.335679671592,355,rolled,5936.303574332903,0.04139543843054973,True,True,1.000999826421903,1,750.0,300.0,33.25373790785589,19.932663273600667,355.0,rolled,1.0,True,thin_c2,1.8833121258279553,40,72,112,0.046590566635131836,0.004887819290161133,0.05147838592529297
gated_cost_merged_seed42,scale+thin,15.0,96.36363636363636,6971.155593281798,460,rolled,7258.720530597272,0.04125068411793939,True,True,1.0009980388504018,1,750.0,300.0,32.74832106084201,19.615527840053755,460.0,rolled,1.0,True,thin_c2,1.6398755612580669,40,70,110,0.04458928108215332,0.0051403045654296875,0.04972958564758301
gated_cost_merged_seed42,scale+thin,15.0,107.27272727272728,8192.251861307222,460,rolled,11359.890220681653,0.38666271655239076,True,True,1.000997854148375,1,750.0,300.0,33.87753954379822,18.99926154498789,550.0,rolled,0.0,True,thin_c3,2.14239501953125,40,85,125,0.05061626434326172,0.006518125534057617,0.057134389877319336
gated_cost_merged_seed42,scale+thin,15.0,118.18181818181816,13414.02255742561,620,rolled,14293.177893497832,0.06554002219010346,True,True,1.00099718013186,1,750.0,300.0,34.29844546116691,19.219553985433812,690.0,rolled,0.0,True,thin_c3,1.945777959408968,6,83,89,0.008257865905761719,0.0061511993408203125,0.014409065246582031
gated_cost_merged_seed43,none,6.0,20.0,241.3288087904857,355,rolled,299.1632903436145,0.2396501347807958,True,True,0.6790183811797992,1,340.38862234847596,131.80129454907473,8.686541440933354,6.007192269167752,355.0,rolled,1.0,False,original,,40,1,41,0.07861471176147461,0.0001461505889892578,0.07876086235046387
gated_cost_merged_seed43,none,6.0,30.909090909090907,292.67799548197263,355,rolled,349.58511533505106,0.19443593550436078,True,True,0.7512845813721521,1,366.5871311329872,147.0404954874255,9.527289401495112,6.161691284179687,355.0,rolled,1.0,False,original,,40,1,41,0.054015398025512695,0.0001354217529296875,0.05415081977844238
gated_cost_merged_seed43,none,6.0,41.81818181818181,342.2853688824266,355,rolled,412.3022264207989,0.20455696884438765,True,True,0.8030008026754819,1,401.85311031315825,148.64086389929253,10.565460608167552,7.063138232037039,355.0,rolled,1.0,False,original,,40,1,41,0.0434260368347168,0.0001456737518310547,0.04357171058654785
gated_cost_merged_seed43,none,6.0,52.72727272727273,386.25765574493386,355,rolled,460.28126827697025,0.19164309478675565,True,True,0.8231374307321907,1,439.2114922436006,156.58519336215738,10.733413648255347,7.533441447391154,355.0,rolled,1.0,False,original,,40,1,41,0.04943561553955078,0.0001621246337890625,0.049597740173339844
gated_cost_merged_seed43,none,6.0,63.63636363636363,431.68145507497405,355,rolled,499.8502055604119,0.15791447532439945,True,True,0.8536323454276658,2,455.40822524712746,152.44306799859078,13.090731769340051,7.1681691304293835,355.0,rolled,1.0,False,original,,40,1,41,0.04421043395996094,0.00013566017150878906,0.04434609413146973
gated_cost_merged_seed43,none,6.0,74.54545454545453,466.9500019446189,355,rolled,541.4071693681248,0.15945426087038883,True,True,0.8551911107157154,2,488.9423378475106,165.88162016034622,12.067505592011562,7.857060403773743,355.0,rolled,1.0,False,original,,40,1,41,0.05141282081604004,0.00014925003051757812,0.05156207084655762
gated_cost_merged_seed43,none,6.0,85.45454545454545,518.2473353887603,355,rolled,599.2328467348456,0.15626807089193115,True,True,0.8543888407162759,2,511.9337699623665,159.02542418576758,14.286819190356134,8.12914024286918,355.0,rolled,1.0,False,original,,40,1,41,0.04579043388366699,0.0001583099365234375,0.04594874382019043
gated_cost_merged_seed43,none,6.0,96.36363636363636,549.7256874002802,355,rolled,642.9882752632091,0.16965295601153185,True,True,0.8636161995075718,2,533.4826375884726,159.13518638169444,15.242958428775067,8.43059800906102,355.0,rolled,1.0,False,original,,40,1,41,0.057348012924194336,0.00013709068298339844,0.057485103607177734
gated_cost_merged_seed43,none,6.0,107.27272727272728,586.6560772595034,355,rolled,667.6268040326091,0.13802077556470774,True,True,0.8986566187318763,2,551.640190143824,160.31901846102502,15.491450515209307,8.591427237491336,355.0,rolled,1.0,False,original,,40,1,41,0.04546809196472168,0.0001342296600341797,0.04560232162475586
gated_cost_merged_seed43,none,6.0,118.18181818181816,628.4217050081675,355,rolled,735.5770072797133,0.17051496060301277,True,True,0.8485494206693021,2,580.0427606252115,166.64652474865093,15.992050380920299,9.252884992763903,355.0,rolled,1.0,False,original,,40,1,41,0.04830789566040039,0.0001804828643798828,0.04848837852478027
gated_cost_merged_seed43,none,6.0,129.0909090909091,657.4964976148059,355,rolled,765.6414090946923,0.16447982897582386,True,True,0.8577479060197513,2,597.0942198215004,169.5489688430445,16.352602366550116,9.35727663956981,355.0,rolled,1.0,False,original,,40,1,41,0.049807071685791016,0.00019598007202148438,0.0500030517578125
gated_cost_merged_seed43,none,6.0,140.0,697.879425726456,355,rolled,802.7727002376353,0.1503028612743395,True,True,0.8533988467853317,2,622.1039592805151,172.90737652452214,16.416100435768485,9.629495725054188,355.0,rolled,1.0,False,original,,40,1,41,0.04470992088317871,0.000156402587890625,0.044866323471069336
gated_cost_merged_seed43,none,6.818181818181818,20.0,317.0885192434045,355,rolled,398.169816441754,0.25570555941859757,True,True,0.6827138910040449,1,348.7280420285043,150.80781605749794,9.811330912254212,6.062816335229154,355.0,rolled,1.0,False,original,,40,1,41,0.04944968223571777,0.00013971328735351562,0.04958939552307129
gated_cost_merged_seed43,none,6.818181818181818,30.909090909090907,392.6423822212096,355,rolled,474.5564849050263,0.20862267139991883,True,True,0.76675318915288,1,373.9913519481135,162.91520949246154,11.22092525846165,6.397225907590885,355.0,rolled,1.0,False,original,,40,1,41,0.046764373779296875,0.0001857280731201172,0.04695010185241699
gated_cost_merged_seed43,none,6.818181818181818,41.81818181818181,455.0251859822217,355,rolled,536.1779415742976,0.17834783236646293,True,True,0.8270190167774105,1,413.15374993689124,170.3832440533582,11.698011245369566,6.890295539961554,355.0,rolled,1.0,False,original,,40,1,41,0.04704785346984863,0.00013589859008789062,0.04718375205993652
gated_cost_merged_seed43,none,6.818181818181818,52.72727272727273,519.9507333014534,355,rolled,612.7665603221717,0.17850888762360143,True,True,0.85540465669444,1,446.8802008761675,163.15024482175528,14.212347471207597,7.139008088928163,355.0,rolled,1.0,False,original,,40,1,41,0.04707217216491699,0.0001385211944580078,0.047210693359375
gated_cost_merged_seed43,none,6.818181818181818,63.63636363636363,570.1996303697795,355,rolled,693.2935169034039,0.21587858002257376,True,True,0.8193778616039042,1,497.2247325422765,184.9822658212341,12.512605041119919,8.466031798263616,355.0,rolled,1.0,False,original,,40,1,41,0.04837942123413086,0.0001671314239501953,0.048546552658081055
gated_cost_merged_seed43,none,6.818181818181818,74.54545454545453,645.0378754655677,355,rolled,731.091501227868,0.13340864007433598,True,True,0.8620170029683116,1,495.2465200530903,187.84239904385504,14.318277491208788,7.968217380933977,355.0,rolled,1.0,False,original,,40,1,41,0.04620718955993652,0.0001556873321533203,0.046362876892089844
gated_cost_merged_seed43,none,6.818181818181818,85.45454545454545,698.212152166206,355,rolled,815.4065251333128,0.1678492312164874,True,True,0.8125947413672643,2,543.4816723319806,190.166334015479,15.417619512463077,8.35379588432663,355.0,rolled,1.0,False,original,,40,1,41,0.07425475120544434,0.0002853870391845703,0.0745401382446289
gated_cost_merged_seed43,none,6.818181818181818,96.36363636363636,733.8166260116295,355,rolled,866.5522394083583,0.18088390027105383,True,True,0.9712318738078253,1,504.70101305535485,175.22443455937787,17.561919424357487,9.856177435279752,355.0,rolled,1.0,False,original,,40,1,41,0.05229902267456055,0.0001678466796875,0.05246686935424805
gated_cost_merged_seed43,none,6.818181818181818,107.27272727272728,798.4291807439346,355,rolled,923.0416418314262,0.15607202754210994,True,True,0.8922568499161174,1,579.9856181689488,191.82128099918395,15.395119985861896,10.159378002673803,355.0,rolled,1.0,False,original,,40,1,41,0.05153846740722656,0.00014710426330566406,0.05168557167053223
gated_cost_merged_seed43,none,6.818181818181818,118.18181818181816,860.6462645405438,355,rolled,999.1965810806779,0.1609840444890552,True,True,0.8218851970185364,2,663.3092096486939,204.24953565823498,13.660263637126413,10.775541331311587,355.0,rolled,1.0,False,original,,40,1,41,0.051840782165527344,0.000171661376953125,0.05201244354248047
gated_cost_merged_seed43,none,6.818181818181818,129.0909090909091,896.311601431932,355,rolled,1063.8311330398133,0.18689876527343277,True,True,0.8155719588843628,2,688.6312079069608,206.2021684716355,14.139504835516535,11.215837477527971,355.0,rolled,1.0,False,original,,40,1,41,0.052504777908325195,0.00014734268188476562,0.05265212059020996
gated_cost_merged_seed43,none,6.818181818181818,140.0,931.1411275891702,355,rolled,1084.7294965400818,0.16494639147619786,True,True,0.8586557331975693,2,649.1518859923387,192.43462329362515,19.138897463096857,10.037531811840015,355.0,rolled,1.0,False,original,,40,1,41,0.05628061294555664,0.00014781951904296875,0.05642843246459961
gated_cost_merged_seed43,none,7.636363636363637,20.0,409.6201332461394,355,rolled,518.7679204796407,0.2664609924530119,True,True,0.6880642586731262,1,354.9315203081847,169.09445187767,10.975943647543831,6.161418690042943,355.0,rolled,1.0,False,original,,40,1,41,0.06653904914855957,0.00013589859008789062,0.06667494773864746
gated_cost_merged_seed43,none,7.636363636363637,30.909090909090907,501.774525145321,355,rolled,621.3538578911589,0.23831288109177334,True,True,0.78381600619175,1,390.1562427138559,176.76629750101702,12.58490953695482,6.723906893481102,355.0,rolled,1.0,False,original,,40,1,41,0.044614553451538086,0.00013327598571777344,0.04474782943725586
gated_cost_merged_seed43,none,7.636363636363637,41.81818181818181,593.9298338756057,355,rolled,700.0936534771191,0.17874808360569516,True,True,0.8745394865463973,1,410.6987909955377,182.71611551490352,13.758033125388966,7.178010448034974,355.0,rolled,1.0,False,original,,40,1,41,0.04337453842163086,0.00014162063598632812,0.04351615905761719
gated_cost_merged_seed43,none,7.636363636363637,52.72727272727273,675.9362632758116,355,rolled,797.1622533565887,0.17934529728184095,True,True,0.9002645040853844,1,449.04461341906307,187.5913984670418,14.464431056970454,8.163834775164585,355.0,rolled,1.0,False,original,,40,1,41,0.044354915618896484,0.0001556873321533203,0.044510602951049805
gated_cost_merged_seed43,none,7.636363636363637,63.63636363636363,779.5020738899598,355,rolled,864.0116571881617,0.10841482804076792,True,True,0.891065762977524,1,488.86389405656786,200.24571821718268,14.671194800896348,8.103163125757181,355.0,rolled,1.0,False,original,,40,1,41,0.04324626922607422,0.00015091896057128906,0.04339718818664551
gated_cost_merged_seed43,none,7.636363636363637,74.54545454545453,846.6406079690952,355,rolled,970.7078827189914,0.14654066150631065,True,True,0.8809814194273552,1,539.9994641257957,200.91629802122384,15.039270644291213,9.298311057395821,355.0,rolled,1.0,False,original,,40,1,41,0.047833919525146484,0.00014543533325195312,0.04797935485839844
gated_cost_merged_seed43,none,7.636363636363637,85.45454545454545,921.2774310054268,355,rolled,1040.5967283140233,0.12951505517548448,True,True,0.9086386387548083,1,557.7102381191024,204.14371783884076,15.725028472437074,9.768578357253583,355.0,rolled,1.0,False,original,,40,1,41,0.04675436019897461,0.00013566017150878906,0.0468900203704834
gated_cost_merged_seed43,none,7.636363636363637,96.36363636363636,990.3158107657674,355,rolled,1124.3957351874071,0.13539107723420232,True,True,0.8701967766285732,2,606.5097996150839,198.85803021390797,18.00148925321192,9.34726819566156,355.0,rolled,1.0,False,original,,40,1,41,0.05067944526672363,0.00013518333435058594,0.05081462860107422
gated_cost_merged_seed43,none,7.636363636363637,107.27272727272728,1055.0870687226268,355,rolled,1218.227906656073,0.15462310435759352,True,True,0.8392357928820727,1,676.9890882453387,221.3087761180136,14.32217368257705,11.098111235368421,355.0,rolled,1.0,False,original,,40,1,41,0.04585742950439453,0.00013446807861328125,0.04599189758300781
gated_cost_merged_seed43,none,7.636363636363637,118.18181818181816,1088.4839809208006,355,rolled,1297.7381612891188,0.19224369309624575,True,True,0.834414686706894,2,711.4778710662231,224.53838318229262,14.495211934653879,11.58783566047265,355.0,rolled,1.0,False,original,,40,1,41,0.04552721977233887,0.00013756752014160156,0.04566478729248047
gated_cost_merged_seed43,none,7.636363636363637,129.0909090909091,1173.7978050697595,355,rolled,1370.7467969854936,0.16778783455301252,True,True,0.8335646487429007,2,743.6559137980646,227.80687118925457,14.558084605203641,12.030521744015113,355.0,rolled,1.0,False,original,,40,1,41,0.044530391693115234,0.0001442432403564453,0.04467463493347168
gated_cost_merged_seed43,none,7.636363636363637,140.0,1251.7374258469372,355,rolled,1428.4695430062095,0.14118944876933254,True,True,0.8127620141360808,2,750.0,242.54505186995104,15.059658144791008,11.898033288373544,355.0,rolled,1.0,False,original,,40,1,41,0.047890424728393555,0.00014853477478027344,0.04803895950317383
gated_cost_merged_seed43,none,8.454545454545455,20.0,516.1523336674153,355,rolled,656.2760059878707,0.27147735887356195,True,True,0.701556534944673,2,370.032700162185,183.68700679669277,11.932211410240228,6.3613725826476655,355.0,rolled,1.0,False,original,,40,1,41,0.05284857749938965,0.00019621849060058594,0.053044795989990234
gated_cost_merged_seed43,none,8.454545454545455,30.909090909090907,633.218032838701,355,rolled,799.2093698071371,0.26213930804260427,True,True,0.783214075000239,1,407.67238399740586,193.3969343973321,13.731472090056817,7.124410643182096,355.0,rolled,1.0,False,original,,40,1,41,0.06816244125366211,0.0001385211944580078,0.06830096244812012
gated_cost_merged_seed43,none,8.454545454545455,41.81818181818181,757.3789000305048,355,rolled,887.8300343383961,0.1722402542540294,True,True,0.8383465608452363,1,441.9606762218821,209.89820349504555,14.150687062557328,7.177193330910513,355.0,rolled,1.0,False,original,,40,1,41,0.04523205757141113,0.000133514404296875,0.04536557197570801
gated_cost_merged_seed43,none,8.454545454545455,52.72727272727273,897.7427828478864,355,rolled,1003.4530603964585,0.11775118616184259,True,True,0.8974885791018503,1,460.5335660433571,212.26422184904965,15.625422774229971,8.004407873466057,355.0,rolled,1.0,False,original,,40,1,41,0.050545692443847656,0.00014019012451171875,0.050685882568359375
gated_cost_merged_seed43,none,8.454545454545455,63.63636363636363,969.5859503873623,355,rolled,1094.3997895393197,0.12872900963766298,True,True,0.8688599855479087,2,531.8629158170954,225.72774901814486,14.920725027214834,8.458188014830121,355.0,rolled,1.0,False,original,,40,1,41,0.04557013511657715,0.00013589859008789062,0.04570603370666504
gated_cost_merged_seed43,none,8.454545454545455,74.54545454545453,1093.1775012217977,355,rolled,1209.5681627480178,0.10647004845611556,True,True,0.8616919517003835,2,586.0148024993891,230.30555693379324,14.981845788132546,9.41844756905396,355.0,rolled,1.0,False,original,,40,1,41,0.04686474800109863,0.00013637542724609375,0.04700112342834473
gated_cost_merged_seed43,none,8.454545454545455,85.45454545454545,1181.2789978646645,355,rolled,1334.6874156828262,0.12986637203867166,True,True,0.8181506352750296,2,641.6490395768832,240.52670402187726,15.155849471834532,9.98259643894751,355.0,rolled,1.0,False,original,,40,1,41,0.05260658264160156,0.00014543533325195312,0.052752017974853516
gated_cost_merged_seed43,none,8.454545454545455,96.36363636363636,1257.923897819336,355,rolled,1435.5371907464792,0.1411955788701076,True,True,0.8497603413852648,2,676.9183467883131,236.427709745455,15.475599148844902,10.972396111751058,355.0,rolled,1.0,False,original,,40,1,41,0.04703497886657715,0.0001456737518310547,0.0471806526184082
gated_cost_merged_seed43,none,8.454545454545455,107.27272727272728,1352.4875507253705,355,rolled,1528.9250836024755,0.1304540901559334,True,True,0.8371136340868871,2,653.7499355529466,242.50610689773626,18.880327672551097,10.04153944721523,355.0,rolled,1.0,False,original,,40,1,41,0.04365992546081543,0.00015616416931152344,0.04381608963012695
gated_cost_merged_seed43,none,8.454545454545455,118.18181818181816,1418.3994702060834,355,rolled,1605.1801369603136,0.13168410640134565,True,True,0.8503979977145156,2,748.6909565448761,247.6786426633464,15.44427110987079,11.782424548281982,355.0,rolled,1.0,False,original,,40,1,41,0.04313540458679199,0.00013256072998046875,0.04326796531677246
gated_cost_merged_seed43,none,8.454545454545455,129.0909090909091,1503.943042662674,355,rolled,1700.3268940830858,0.13057931440855736,True,True,0.8235849391382247,2,750.0,263.19493016606305,16.462023167220455,11.710384091784526,355.0,rolled,1.0,False,original,,40,1,41,0.04375314712524414,0.00014925003051757812,0.04390239715576172
gated_cost_merged_seed43,none,8.454545454545455,140.0,1589.050557323039,355,rolled,1774.418100344076,0.11665301784564534,True,True,0.8317228947992634,2,750.0,268.9969517347735,17.535943609474707,11.710194017224232,355.0,rolled,1.0,False,original,,40,1,41,0.043344974517822266,0.0001392364501953125,0.04348421096801758
gated_cost_merged_seed43,none,9.272727272727272,20.0,633.3700898588271,355,rolled,977.5795095937918,0.5434570170683086,True,True,0.6352683635766543,1,378.8019435796445,199.33415614312665,13.259391019935448,6.351969838142395,355.0,rolled,1.0,False,original,,40,1,41,0.0475311279296875,0.0001366138458251953,0.047667741775512695
gated_cost_merged_seed43,none,9.272727272727272,30.909090909090907,801.8071464602682,355,rolled,1150.1556054507992,0.4344541708419315,True,True,0.7332225282197983,1,416.749040389274,213.1100261391324,14.594600638009238,6.7898808114671745,355.0,rolled,1.0,False,original,,40,1,41,0.04854083061218262,0.00014400482177734375,0.04868483543395996
gated_cost_merged_seed43,none,9.272727272727272,41.81818181818181,962.5021253931346,355,rolled,1288.964148807362,0.33918057404900154,True,True,0.8418774580379431,2,454.05839914214255,225.78086778430222,16.102486453226394,6.279547287369368,355.0,rolled,1.0,False,original,,40,1,41,0.04563021659851074,0.0001392364501953125,0.045769453048706055
gated_cost_merged_seed43,none,9.272727272727272,52.72727272727273,1070.6846994207378,355,rolled,1233.4440268224173,0.15201424610787428,True,True,0.8679019677380707,2,499.76755899475984,239.01463851076636,15.844275568457778,7.9289448756771,355.0,rolled,1.0,False,original,,40,1,41,0.05063223838806152,0.00014162063598632812,0.05077385902404785
gated_cost_merged_seed43,none,9.272727272727272,63.63636363636363,1216.7126656588257,355,rolled,1358.7824088551533,0.1167652373532248,True,True,0.8674287344605501,2,562.2290621065463,246.2889405786816,15.752487583391112,8.804682789406161,355.0,rolled,1.0,False,original,,40,1,41,0.047411203384399414,0.0001494884490966797,0.047560691833496094
gated_cost_merged_seed43,none,9.272727272727272,74.54545454545453,1356.4151141978043,355,rolled,1494.9249912831622,0.10211466654680695,True,True,0.8654516276652258,2,617.0048649220361,249.93774135256902,15.998645551662749,9.710114518800998,355.0,rolled,1.0,False,original,,40,1,41,0.052590370178222656,0.00015354156494140625,0.05274391174316406
gated_cost_merged_seed43,none,9.272727272727272,85.45454545454545,1422.5235716023028,355,rolled,1619.5012962670055,0.13847062262935356,True,True,0.8616805617301143,2,669.487670365467,255.27268877199376,15.984994688297366,10.441384722389309,355.0,rolled,1.0,False,original,,40,1,41,0.04546689987182617,0.000148773193359375,0.04561567306518555
gated_cost_merged_seed43,none,9.272727272727272,96.36363636363636,1530.0841209322955,355,rolled,1758.4965029721159,0.1492809309730281,True,True,0.8550081162157683,2,725.0481063887839,256.80230993481683,16.059563663169442,11.315883412904462,355.0,rolled,1.0,False,original,,40,1,41,0.049655914306640625,0.00013303756713867188,0.0497889518737793
gated_cost_merged_seed43,none,9.272727272727272,107.27272727272728,1647.0835657255905,355,rolled,1876.8919312302678,0.13952441168547497,True,True,0.8505987532823582,2,750.0,264.5246212608633,16.5637905666894,11.73091323310139,355.0,rolled,1.0,False,original,,40,1,41,0.07142972946166992,0.00014925003051757812,0.0715789794921875
gated_cost_merged_seed43,none,9.272727272727272,118.18181818181816,1794.0191544704012,355,rolled,1970.794008331997,0.0985356557766409,True,True,0.8527428650646142,2,750.0,276.2716176256485,17.49388663889954,11.700020408836505,355.0,rolled,1.0,False,original,,40,1,41,0.04505205154418945,0.00016617774963378906,0.04521822929382324
gated_cost_merged_seed43,none,9.272727272727272,129.0909090909091,1876.6125693849333,355,rolled,2096.8013652355144,0.11733311363397121,True,True,0.864040640816528,2,750.0,274.7573689635821,19.342961909271317,12.027666457172048,355.0,rolled,1.0,False,original,,40,1,41,0.047293901443481445,0.00013828277587890625,0.04743218421936035
gated_cost_merged_seed43,none,9.272727272727272,140.0,1975.8458780810136,355,rolled,2190.838567603725,0.10881045526259231,True,True,0.8668162632860419,2,750.0,281.55656595930105,20.709275796082043,11.831271707434759,355.0,rolled,1.0,False,original,,40,1,41,0.046721696853637695,0.00015401840209960938,0.046875715255737305
gated_cost_merged_seed43,none,10.09090909090909,20.0,771.2799576046779,355,rolled,1203.8053024855728,0.5607890372571918,True,True,0.6220044225030071,2,401.9837446570087,207.18120191497675,15.164916865374845,6.0,355.0,rolled,1.0,False,original,,40,1,41,0.054260969161987305,0.00014829635620117188,0.05440926551818848
gated_cost_merged_seed43,none,10.09090909090909,30.909090909090907,964.7090665866748,355,rolled,1400.3358067475626,0.4515628133383452,True,True,0.7129272052233014,2,436.0776021318277,231.3562823480106,16.129040821655515,6.04356967223087,355.0,rolled,1.0,False,original,,40,1,41,0.0503385066986084,0.00013589859008789062,0.05047440528869629
gated_cost_merged_seed43,none,10.09090909090909,41.81818181818181,1147.2574547707825,355,rolled,1359.787481782083,0.1852505086173209,True,True,0.7767822519775966,1,484.2882112497159,244.62787658900697,15.96875526500174,8.002229618416601,355.0,rolled,1.0,False,original,,40,1,41,0.04567241668701172,0.0001323223114013672,0.045804738998413086
gated_cost_merged_seed43,none,10.09090909090909,52.72727272727273,1318.1429375417918,355,rolled,1543.4876077026545,0.17095617155231177,True,True,0.8443439501412691,2,532.6149412115745,258.0275001847581,16.79301588647811,8.638750858477378,355.0,rolled,1.0,False,original,,40,1,41,0.044296979904174805,0.00013709068298339844,0.0444340705871582
gated_cost_merged_seed43,none,10.09090909090909,63.63636363636363,1473.4968374975142,355,rolled,1690.2892483634898,0.1471278426590728,True,True,0.9053406647276107,1,573.8379474063603,252.81079195427372,17.5933207148772,9.868723162527647,355.0,rolled,1.0,False,original,,40,1,41,0.0484311580657959,0.00015115737915039062,0.04858231544494629
gated_cost_merged_seed43,none,10.09090909090909,74.54545454545453,1593.8205978972342,355,rolled,1849.7151005667115,0.16055414455496755,True,True,0.8450552654390561,2,657.2202094295909,270.5859480810847,16.9315204049385,10.249176018993632,355.0,rolled,1.0,False,original,,40,1,41,0.04971456527709961,0.000156402587890625,0.049870967864990234
gated_cost_merged_seed43,none,10.09090909090909,85.45454545454545,1744.078619322344,355,rolled,2029.5438196936686,0.16367679599342908,True,True,0.8491761271638822,2,727.3895020751871,266.9414682225869,17.003481059521075,11.517205478841314,355.0,rolled,1.0,False,original,,40,1,41,0.058565616607666016,0.00019979476928710938,0.058765411376953125
gated_cost_merged_seed43,none,10.09090909090909,96.36363636363636,1930.113776773892,355,rolled,2183.5371212917453,0.1312996920530977,True,True,0.8356452419478834,2,750.0,280.5870127099835,17.567441575144453,11.890393764600953,355.0,rolled,1.0,False,original,,40,1,41,0.043311119079589844,0.00015473365783691406,0.04346585273742676
gated_cost_merged_seed43,none,10.09090909090909,107.27272727272728,2067.605711285596,355,rolled,2291.617275258658,0.10834346352901884,True,True,0.8438374067279402,2,750.0,292.50920523870576,18.71698445925535,11.672377106495043,355.0,rolled,1.0,False,original,,40,1,41,0.04790902137756348,0.00019121170043945312,0.04810023307800293
gated_cost_merged_seed43,none,10.09090909090909,118.18181818181816,2170.353625378734,355,rolled,2419.33864082121,0.11472094341263281,True,True,0.850479054459217,2,750.0,300.0,20.211347561068063,11.576114527704474,355.0,rolled,1.0,False,original,,40,1,41,0.05063176155090332,0.00016427040100097656,0.0507960319519043
gated_cost_merged_seed43,none,10.09090909090909,129.0909090909091,2307.5736162550616,355,rolled,2565.2300265851736,0.1116568539851223,True,True,0.8587136781967175,2,750.0,300.0,22.335077764144145,11.578290710515272,355.0,rolled,1.0,False,original,,40,1,41,0.04440045356750488,0.00014710426330566406,0.04454755783081055
gated_cost_merged_seed43,none,10.09090909090909,140.0,2443.406284429296,355,rolled,2794.1882650883904,0.14356269069719035,True,True,0.8561237891409659,1,750.0,300.0,24.297419003039902,12.708931803583088,355.0,rolled,1.0,False,original,,40,1,41,0.05434060096740723,0.00013375282287597656,0.0544743537902832
gated_cost_merged_seed43,none,10.90909090909091,20.0,939.0466900997784,355,rolled,1283.603068805115,0.3669214559168787,True,True,0.6588922150017663,2,540.6575996226541,209.91154330137195,13.376784338991506,8.497302667016488,355.0,rolled,1.0,False,original,,40,1,41,0.04630613327026367,0.0001392364501953125,0.046445369720458984
gated_cost_merged_seed43,none,10.90909090909091,30.909090909090907,1197.1649157491154,355,rolled,1673.5634170155154,0.3979389096683458,True,True,0.8891717648186843,3,470.57601894592005,219.80722278658422,18.650445116795026,6.34532354450556,355.0,rolled,1.0,False,original,,40,1,41,0.0454251766204834,0.00014543533325195312,0.04557061195373535
gated_cost_merged_seed43,none,10.90909090909091,41.81818181818181,1403.509472950396,355,rolled,1744.1377168323074,0.24269750254400327,True,True,0.7215382118939799,1,509.6440215258108,265.5306958351847,17.62752627372874,8.859810048388365,355.0,rolled,1.0,False,original,,40,1,41,0.04574894905090332,0.00020742416381835938,0.04595637321472168
gated_cost_merged_seed43,none,10.90909090909091,52.72727272727273,1588.7457907355176,355,rolled,1867.1215080522265,0.17521728078840954,True,True,0.887294611955978,1,548.3897523340629,260.8656632017795,18.53900157638563,9.482221817550245,355.0,rolled,1.0,False,original,,40,1,41,0.05623126029968262,0.0001392364501953125,0.05637049674987793
gated_cost_merged_seed43,none,10.90909090909091,63.63636363636363,1789.9941201560932,355,rolled,2072.1047953037237,0.1576042468357547,True,True,0.8258390460975547,2,624.0607895586594,285.10762827956574,18.236683610630482,9.728058917177794,355.0,rolled,1.0,False,original,,40,1,41,0.045357704162597656,0.00014734268188476562,0.04550504684448242
gated_cost_merged_seed43,none,10.90909090909091,74.54545454545453,1942.2808212955651,355,rolled,2228.0987114733994,0.1471558010788493,True,True,0.8732462188242792,2,682.0284295411653,278.54524823797453,18.466185047490765,10.914282945665166,355.0,rolled,1.0,False,original,,40,1,41,0.055084943771362305,0.00013494491577148438,0.05521988868713379
gated_cost_merged_seed43,none,10.90909090909091,85.45454545454545,2177.190622234541,355,rolled,2414.377585575052,0.10894175315575998,True,True,0.8854576463881337,2,741.9092356867224,277.36556162800633,18.739232750538264,11.898354163549348,355.0,rolled,1.0,False,original,,40,1,41,0.0599675178527832,0.00015687942504882812,0.06012439727783203
gated_cost_merged_seed43,none,10.90909090909091,96.36363636363636,2344.698716886334,355,rolled,2599.2774643617754,0.10857631543105545,True,True,0.8521819267066608,2,750.0,300.0,19.748065624761413,11.774663254068045,355.0,rolled,1.0,False,original,,40,1,41,0.04404115676879883,0.0001590251922607422,0.04420018196105957
gated_cost_merged_seed43,none,10.90909090909091,107.27272727272728,2499.121791022924,355,rolled,2773.0283900315017,0.10960114068569031,True,True,0.864010815001367,2,750.0,300.0,22.253776022848726,11.642636365639378,355.0,rolled,1.0,False,original,,40,1,41,0.044137001037597656,0.0001590251922607422,0.0442960262298584
gated_cost_merged_seed43,none,10.90909090909091,118.18181818181816,2669.547168301596,355,rolled,3039.3253850730707,0.13851720664922101,True,True,0.8599484631603599,1,750.0,300.0,24.84295391075478,12.46768821905943,355.0,rolled,1.0,False,original,,40,1,41,0.045271873474121094,0.000156402587890625,0.04542827606201172
gated_cost_merged_seed43,none,10.90909090909091,129.0909090909091,2855.841135487434,355,rolled,3548.589171026848,0.24257232901758596,True,True,0.875566921078211,1,750.0,300.0,24.48487147148514,18.411090242080235,355.0,rolled,1.0,False,original,,40,1,41,0.04619407653808594,0.0001506805419921875,0.046344757080078125
gated_cost_merged_seed43,none,10.90909090909091,140.0,3091.557267278178,355,rolled,3915.302419017875,0.2664499087428925,True,True,0.8555173980422455,1,682.6755799958507,300.0,32.757153981885075,17.491893582676312,355.0,rolled,1.0,False,original,,40,1,41,0.04609847068786621,0.00016236305236816406,0.046260833740234375
gated_cost_merged_seed43,none,11.727272727272728,20.0,1117.8784812198996,355,rolled,1653.1259714923162,0.478806506489257,True,True,0.7000715309741634,2,424.89957675850155,219.94684953682616,17.55266220111622,6.0,355.0,rolled,1.0,False,original,,40,1,41,0.05751156806945801,0.00015401840209960938,0.05766558647155762
gated_cost_merged_seed43,none,11.727272727272728,30.909090909090907,1399.1707585826318,355,rolled,1992.7119095961982,0.42420923062659416,True,True,0.8776307897182425,3,481.11552543818124,236.01435430787188,20.085534567748393,6.0,355.0,rolled,1.0,False,original,,40,1,41,0.04509711265563965,0.00015354156494140625,0.045250654220581055
gated_cost_merged_seed43,none,11.727272727272728,41.81818181818181,1658.320920880548,355,rolled,2032.366639520201,0.2255568954898303,True,True,0.7269747413978026,2,545.268659852088,281.11949090150756,17.921119305642335,9.083129826054932,355.0,rolled,1.0,False,original,,40,1,41,0.052761077880859375,0.00022268295288085938,0.052983760833740234
gated_cost_merged_seed43,none,11.727272727272728,52.72727272727273,1896.895430152976,355,rolled,2214.179637539521,0.16726499644788415,True,True,0.8860279267364224,1,588.0817751725285,274.81569710551577,19.10402226977483,10.035562693859795,355.0,rolled,1.0,False,original,,40,1,41,0.04589271545410156,0.00021076202392578125,0.046103477478027344
gated_cost_merged_seed43,none,11.727272727272728,63.63636363636363,2122.483987052358,355,rolled,2458.8298087774697,0.1584680137880422,True,True,0.8997813685119216,1,656.0621874116354,277.1813610463221,19.489169838735375,11.318255923770673,355.0,rolled,1.0,False,original,,40,1,41,0.05706024169921875,0.0001423358917236328,0.05720257759094238
gated_cost_merged_seed43,none,11.727272727272728,74.54545454545453,2414.680044837911,355,rolled,2715.4711647530867,0.12456769192183675,True,True,0.8206391212920163,2,750.0,300.0,18.94811314131457,11.622159806868824,355.0,rolled,1.0,False,original,,40,1,41,0.04586458206176758,0.00013709068298339844,0.04600167274475098
gated_cost_merged_seed43,none,11.727272727272728,85.45454545454545,2607.2244497923484,355,rolled,2900.1353636463027,0.1123458756599506,True,True,0.8605625381724656,2,750.0,300.0,21.077427159617404,11.774534281569117,355.0,rolled,1.0,False,original,,40,1,41,0.047570228576660156,0.00014448165893554688,0.0477147102355957
gated_cost_merged_seed43,none,11.727272727272728,96.36363636363636,2824.34606849496,355,rolled,3187.8782943786237,0.12871376845026042,True,True,0.8617725349053467,1,750.0,300.0,24.139745899500504,12.225421997202885,355.0,rolled,1.0,False,original,,40,1,41,0.048203229904174805,0.00021076202392578125,0.048413991928100586
gated_cost_merged_seed43,none,11.727272727272728,107.27272727272728,3054.1802093068686,355,rolled,3850.618110107543,0.26076977984917993,True,True,0.8930020644769454,1,695.2523766345937,300.0,26.629006829952644,18.5046142235396,355.0,rolled,1.0,False,original,,40,1,41,0.04618716239929199,0.0001327991485595703,0.04631996154785156
gated_cost_merged_seed43,none,11.727272727272728,118.18181818181816,3357.8991517305085,355,rolled,4457.302305771671,0.3274080323331271,True,True,0.8944118398621943,3,750.0,300.0,33.865493974180836,9.974868649349382,355.0,rolled,1.0,False,original,,40,1,41,0.06392359733581543,0.0001399517059326172,0.06406354904174805
gated_cost_merged_seed43,none,11.727272727272728,129.0909090909091,3650.466675336178,355,rolled,4494.185828925701,0.23112638153636153,True,True,0.839428521185826,1,713.5010447796445,300.0,35.0,17.89141927744727,355.0,rolled,1.0,False,original,,40,1,41,0.04686760902404785,0.00016570091247558594,0.04703330993652344
gated_cost_merged_seed43,none,11.727272727272728,140.0,3950.7596541302537,355,rolled,4575.003525659209,0.1580060358458785,True,True,0.8603078561081813,1,750.0,300.0,35.0,17.79091455657797,355.0,rolled,1.0,False,original,,25,1,26,0.029210329055786133,0.00023245811462402344,0.029442787170410156
gated_cost_merged_seed43,none,12.545454545454549,20.0,1307.1994834284806,355,rolled,1767.3432467566058,0.35200730199286423,True,True,0.672258868218243,1,452.9018334899757,245.095367981924,16.811216031269947,8.851539246955616,355.0,rolled,1.0,False,original,,40,1,41,0.06366896629333496,0.00016546249389648438,0.06383442878723145
gated_cost_merged_seed43,none,12.545454545454549,30.909090909090907,1673.5520688887286,355,rolled,2065.6898420799616,0.23431465353308079,True,True,0.8424171099364871,1,552.8518265555119,240.6929058252196,18.61540725909218,9.713333748376419,355.0,rolled,1.0,False,original,,40,1,41,0.044400930404663086,0.00013685226440429688,0.04453778266906738
gated_cost_merged_seed43,none,12.545454545454549,41.81818181818181,1957.4303873162305,355,rolled,2399.3143166357995,0.22574694465912618,True,True,0.7128430865925146,2,582.983964097907,296.0680559747536,18.66547170015009,9.480908615395107,355.0,rolled,1.0,False,original,,40,1,41,0.04497218132019043,0.0001354217529296875,0.04510760307312012
gated_cost_merged_seed43,none,12.545454545454549,52.72727272727273,2222.5772160497027,355,rolled,2600.97249531533,0.17025067859652054,True,True,0.9462677525808775,1,614.6338785941815,275.4354091263642,19.950307084714716,11.482706305655508,355.0,rolled,1.0,False,original,,40,1,41,0.04559445381164551,0.00014281272888183594,0.045737266540527344
gated_cost_merged_seed43,none,12.545454545454549,63.63636363636363,2552.3230156844406,355,rolled,2943.532585042732,0.15327588512670415,True,True,0.8207317002548127,2,750.0,300.0,19.361119556848767,11.654359264438884,355.0,rolled,1.0,False,original,,40,1,41,0.04516792297363281,0.00013566017150878906,0.0453035831451416
gated_cost_merged_seed43,none,12.545454545454549,74.54545454545453,2864.0220557743514,355,rolled,3191.1558900253112,0.11422182786316287,True,True,0.8502007766330906,2,750.0,300.0,22.473609292963452,11.483663649723537,355.0,rolled,1.0,False,original,,40,1,41,0.05574154853820801,0.00020360946655273438,0.05594515800476074
gated_cost_merged_seed43,none,12.545454545454549,85.45454545454545,3136.2352005841685,355,rolled,3668.5473376987675,0.16972966090535818,True,True,0.8406932425377878,1,750.0,300.0,26.013900916367106,13.182269889746113,355.0,rolled,1.0,False,original,,40,1,41,0.0432887077331543,0.0001361370086669922,0.04342484474182129
gated_cost_merged_seed43,none,12.545454545454549,96.36363636363636,3474.753399293351,355,rolled,4584.166299844419,0.3192781682799953,True,True,0.7614816485465447,1,742.3984478279459,300.0,32.305143919054544,17.141265527163863,355.0,rolled,1.0,False,original,,40,1,41,0.04361844062805176,0.00014090538024902344,0.04375934600830078
gated_cost_merged_seed43,none,12.545454545454549,107.27272727272728,3859.290256207383,355,rolled,4955.460781682319,0.2840342272032601,True,True,0.8351276498148195,2,750.0,300.0,35.0,10.573022459404688,355.0,rolled,1.0,False,original,,40,1,41,0.06327176094055176,0.00016117095947265625,0.06343293190002441
gated_cost_merged_seed43,none,12.545454545454549,118.18181818181816,4215.558205846268,355,rolled,4953.927447956766,0.17515337377776077,True,True,0.8840631603487921,1,750.0,289.0496194021044,35.0,19.512257056813144,355.0,rolled,1.0,False,original,,25,1,26,0.029206037521362305,0.00013709068298339844,0.029343128204345703
gated_cost_merged_seed43,none,12.545454545454549,129.0909090909091,4601.917380514503,355,rolled,5013.9209389499465,0.08952867345684092,True,True,1.0000107152554631,2,750.0,300.0,35.0,11.062076428808483,355.0,rolled,1.0,False,original,,40,1,41,0.050787925720214844,0.00013780593872070312,0.05092573165893555
gated_cost_merged_seed43,none,12.545454545454549,140.0,5031.3200482783495,355,rolled,6378.670140638121,0.2677925632699149,True,True,0.8340257652616502,1,750.0,300.0,35.0,20.224309147525346,460.0,rolled,0.0,False,original,,40,1,41,0.04887223243713379,0.00013875961303710938,0.0490109920501709
gated_cost_merged_seed43,none,13.363636363636363,20.0,1553.9456704912225,355,rolled,2355.935829720419,0.5160992269283629,True,True,0.6876683178535675,2,519.0831006717553,250.16498045963866,18.184771473240264,7.21560588302485,355.0,rolled,1.0,False,original,,40,1,41,0.0532231330871582,0.0001418590545654297,0.05336499214172363
gated_cost_merged_seed43,none,13.363636363636363,30.909090909090907,2055.764041961098,355,rolled,2566.830755807026,0.24860183533436817,True,True,0.641812949748608,1,551.300655851061,294.45191511847594,19.259191972540883,9.661136617225019,355.0,rolled,1.0,False,original,,40,1,41,0.04502582550048828,0.00013780593872070312,0.045163631439208984
gated_cost_merged_seed43,none,13.363636363636363,41.81818181818181,2295.1327804460216,355,rolled,2693.039729022813,0.1733699034612998,True,True,0.8896654686869622,1,634.0327947235626,273.37599086076216,19.793525348269352,10.556012989322362,355.0,rolled,1.0,False,original,,40,1,41,0.0442204475402832,0.00014591217041015625,0.04436635971069336
gated_cost_merged_seed43,none,13.363636363636363,52.72727272727273,2698.233573079863,355,rolled,3196.037544095294,0.18449254207715568,True,True,0.7899541633272921,2,739.9493403026374,300.0,20.164100146302452,11.70921684350127,355.0,rolled,1.0,False,original,,40,1,41,0.04309391975402832,0.00014066696166992188,0.04323458671569824
gated_cost_merged_seed43,none,13.363636363636363,63.63636363636363,3099.504449257762,355,rolled,3446.0452426087722,0.11180522532690544,True,True,0.855531021465986,1,750.0,300.0,22.345610204285567,12.009374425848588,355.0,rolled,1.0,False,original,,40,1,41,0.06779336929321289,0.0001385211944580078,0.0679318904876709
gated_cost_merged_seed43,none,13.363636363636363,74.54545454545453,3409.0278837627866,355,rolled,4524.113446471048,0.32709781225886064,True,True,0.8580640378421314,1,606.8556214650761,300.0,32.44447424222224,17.077176069874803,355.0,rolled,1.0,False,original,,40,1,41,0.04236173629760742,0.00015735626220703125,0.04251909255981445
gated_cost_merged_seed43,none,13.363636363636363,85.45454545454545,3859.8972334468967,355,rolled,4499.803264542017,0.1657831782541223,True,True,0.9213125353538174,1,750.0,300.0,26.31215834626062,18.326296242917273,355.0,rolled,1.0,False,original,,40,1,41,0.06216835975646973,0.0001480579376220703,0.0623164176940918
gated_cost_merged_seed43,none,13.363636363636363,96.36363636363636,4319.916451720051,355,rolled,5226.597230603405,0.20988386905546358,True,True,0.8163195828549872,1,750.0,300.0,35.0,17.91434994569821,355.0,rolled,1.0,False,original,,40,1,41,0.04418611526489258,0.00015997886657714844,0.04434609413146973
gated_cost_merged_seed43,none,13.363636363636363,107.27272727272728,4782.366988912803,355,rolled,5236.381141353163,0.09493502976516088,True,True,0.9079314087743768,1,750.0,300.0,35.0,18.00569476621206,355.0,rolled,1.0,False,original,,40,1,41,0.04236292839050293,0.0001354217529296875,0.04249835014343262
gated_cost_merged_seed43,none,13.363636363636363,118.18181818181816,5228.730538579276,355,rolled,7039.294432246977,0.34627217453811604,True,True,0.8851565220584551,1,750.0,300.0,35.0,13.322846314530759,460.0,rolled,0.0,False,original,,40,1,41,0.04582381248474121,0.00015783309936523438,0.045981645584106445
gated_cost_merged_seed43,none,13.363636363636363,129.0909090909091,6054.672912989209,460,rolled,9893.453716150658,0.6340195182015591,True,True,0.8874656386427278,3,750.0,300.0,35.0,12.827968007560735,620.0,rolled,0.0,False,original,,40,1,41,0.0471806526184082,0.00013875961303710938,0.04731941223144531
gated_cost_merged_seed43,none,13.363636363636363,140.0,6583.558144781793,460,rolled,11326.645468467224,0.7204443584120024,True,True,0.9078074320042151,3,750.0,300.0,35.0,13.691228093178582,690.0,rolled,0.0,False,original,,40,1,41,0.05225777626037598,0.0001952648162841797,0.052453041076660156
gated_cost_merged_seed43,none,14.181818181818182,20.0,1796.9028968466985,355,rolled,2607.727857745818,0.4512347118600557,True,True,0.7453709904689615,2,564.7034139974058,256.10853961721745,17.36485410720087,7.977949121007651,355.0,rolled,1.0,False,original,,40,1,41,0.05655050277709961,0.00014519691467285156,0.05669569969177246
gated_cost_merged_seed43,none,14.181818181818182,30.909090909090907,2224.07150895444,355,rolled,2902.343294362066,0.30496851503056605,True,True,0.6707087682221168,1,577.9250339012927,298.2657192707062,19.937434010063004,10.165554360316746,355.0,rolled,1.0,False,original,,40,1,41,0.058158159255981445,0.0001671314239501953,0.05832529067993164
gated_cost_merged_seed43,none,14.181818181818182,41.81818181818181,2615.0382292659383,355,rolled,3323.83801749225,0.2710475817499912,True,True,0.7578695910130765,2,738.4351639146979,300.0,19.6541754524932,11.574317192706113,355.0,rolled,1.0,False,original,,40,1,41,0.10020947456359863,0.00018858909606933594,0.10039806365966797
gated_cost_merged_seed43,none,14.181818181818182,52.72727272727273,3202.0654799770145,355,rolled,3699.9767805404654,0.15549691400034235,True,True,0.8131569219040958,2,750.0,300.0,23.018494993945854,11.82380890225894,355.0,rolled,1.0,False,original,,40,1,41,0.07786822319030762,0.00014257431030273438,0.07801079750061035
gated_cost_merged_seed43,none,14.181818181818182,63.63636363636363,3623.765744949169,355,rolled,4616.050254918019,0.2738268916394233,True,True,0.8175772507537373,1,750.0,300.0,26.319814639741473,16.953961048348766,355.0,rolled,1.0,False,original,,40,1,41,0.04881095886230469,0.0001380443572998047,0.04894900321960449
gated_cost_merged_seed43,none,14.181818181818182,74.54545454545453,4194.266016339479,355,rolled,5024.9632709227135,0.1980554526935371,True,True,0.8702494116138402,1,727.9908416629249,300.0,29.998621749507286,18.05706565897982,355.0,rolled,1.0,False,original,,40,1,41,0.04532146453857422,0.00013971328735351562,0.045461177825927734
gated_cost_merged_seed43,none,14.181818181818182,85.45454545454545,4739.8598837186255,355,rolled,5661.758758306866,0.1944991829304817,True,True,0.8982723968944458,2,750.0,300.0,35.0,11.016550550976044,355.0,rolled,1.0,False,original,,40,1,41,0.04794669151306152,0.00019979476928710938,0.04814648628234863
gated_cost_merged_seed43,none,14.181818181818182,96.36363636363636,5290.364352494784,355,rolled,5926.409226059105,0.12022704509272235,True,True,0.9944643771454229,1,750.0,300.0,35.0,12.975052295903811,355.0,rolled,1.0,False,original,,40,1,41,0.05196094512939453,0.00027489662170410156,0.05223584175109863
gated_cost_merged_seed43,none,14.181818181818182,107.27272727272728,6179.874379812138,355,rolled,7332.132620750352,0.18645334356670878,True,True,0.949139572517045,2,750.0,300.0,35.0,12.505411116902684,460.0,rolled,0.0,False,original,,40,1,41,0.06684088706970215,0.0002186298370361328,0.06705951690673828
gated_cost_merged_seed43,none,14.181818181818182,118.18181818181816,6852.162427149681,460,rolled,11913.149490684562,0.7385970658667118,True,True,0.9112195133588562,3,750.0,300.0,35.0,13.333552647919724,690.0,rolled,0.0,False,original,,39,1,40,0.04871201515197754,0.0001456737518310547,0.048857688903808594
gated_cost_merged_seed43,none,14.181818181818182,129.0909090909091,9553.512737278232,500,rolled,13134.347548122762,0.3748186566886495,True,True,0.9144753018985932,1,750.0,300.0,35.0,17.38386101622934,690.0,rolled,0.0,False,original,,15,1,16,0.01735234260559082,0.0001506805419921875,0.017503023147583008
gated_cost_merged_seed43,none,14.181818181818182,140.0,12744.824501296387,690,rolled,15432.073285496006,0.210850199147605,True,True,0.9368838532422804,1,744.3432537934904,300.0,35.0,25.0,690.0,rolled,1.0,False,original,,8,1,9,0.011797666549682617,0.0001533031463623047,0.011950969696044922
gated_cost_merged_seed43,none,15.0,20.0,2057.2483346770277,355,rolled,3142.5406249573907,0.5275455918406396,True,True,0.5947916826037335,2,551.712732024861,300.0,18.035787368435603,8.009299131621187,355.0,rolled,1.0,False,original,,40,1,41,0.0482025146484375,0.00016832351684570312,0.0483708381652832
gated_cost_merged_seed43,none,15.0,30.909090909090907,2565.283454586496,355,rolled,3301.2611147294233,0.286899156826925,True,True,0.7170480160079681,2,683.5474301375099,300.0,19.840684996257526,10.51105062888029,355.0,rolled,1.0,False,original,,40,1,41,0.04755139350891113,0.0001366138458251953,0.04768800735473633
gated_cost_merged_seed43,none,15.0,41.81818181818181,3234.6725939942403,355,rolled,3796.7822912650854,0.17377638105151796,True,True,0.7802675213619332,2,750.0,300.0,22.261179312019227,11.507250573922372,355.0,rolled,1.0,False,original,,40,1,41,0.049501895904541016,0.000194549560546875,0.04969644546508789
gated_cost_merged_seed43,none,15.0,52.72727272727273,3765.638206814382,355,rolled,4989.89983380485,0.32511398061954455,True,True,0.8739312692648777,3,750.0,300.0,27.891117355421763,10.09191156464159,355.0,rolled,1.0,False,original,,40,1,41,0.0487828254699707,0.0001385211944580078,0.04892134666442871
gated_cost_merged_seed43,none,15.0,63.63636363636363,4414.262908667717,355,rolled,5738.337656066226,0.2999537578059963,True,True,0.866965457893899,3,750.0,300.0,34.192108802442604,9.956141665362724,355.0,rolled,1.0,False,original,,40,1,41,0.05122566223144531,0.0001342296600341797,0.05135989189147949
gated_cost_merged_seed43,none,15.0,74.54545454545453,5073.1569950190815,355,rolled,5515.953612459584,0.08728226188845499,True,True,0.9360943244792141,1,750.0,300.0,31.553069844807936,17.858223373680516,355.0,rolled,1.0,False,original,,40,1,41,0.04445385932922363,0.0001437664031982422,0.044597625732421875
gated_cost_merged_seed43,none,15.0,85.45454545454545,5700.335679671592,355,rolled,7531.133572017819,0.32117369839730264,True,True,0.8311574667929265,1,750.0,300.0,35.0,19.584109775963583,460.0,rolled,0.0,False,original,,40,1,41,0.04397940635681152,0.00013136863708496094,0.044110774993896484
gated_cost_merged_seed43,none,15.0,96.36363636363636,6971.155593281798,460,rolled,10750.642370341578,0.5421607259350408,True,True,0.9245442028744354,3,750.0,300.0,35.0,11.558094169294902,620.0,rolled,0.0,False,original,,40,1,41,0.046279191970825195,0.0001347064971923828,0.04641389846801758
gated_cost_merged_seed43,none,15.0,107.27272727272728,8192.251861307222,460,rolled,13230.588165006724,0.6150123786471994,True,True,0.9139167459803996,2,750.0,300.0,35.0,15.318560831613894,690.0,rolled,0.0,False,original,,15,1,16,0.017259836196899414,0.00016021728515625,0.017420053482055664
gated_cost_merged_seed43,none,15.0,118.18181818181816,13414.02255742561,620,rolled,15770.840691713176,0.17569808938355344,True,True,0.9808549359843466,1,750.0,300.0,33.45477723506445,24.4364808514617,690.0,rolled,0.0,False,original,,6,1,7,0.00908517837524414,0.00014591217041015625,0.009231090545654297
gated_cost_merged_seed43,scale,6.0,20.0,241.3288087904857,355,rolled,253.89188774432412,0.052057932978674316,True,True,1.000989432038578,1,294.3445376146008,120.0,8.0,6.0,355.0,rolled,1.0,True,scale,0.8647308349609375,40,18,58,0.07861471176147461,0.0014417171478271484,0.08005642890930176
gated_cost_merged_seed43,scale,6.0,30.909090909090907,292.67799548197263,355,rolled,304.59587089002616,0.04072009372767352,True,True,1.0009827203945416,1,338.13070439262634,135.62643663933582,8.787730944955866,6.0,355.0,rolled,1.0,True,scale,0.9223747253417969,40,18,58,0.054015398025512695,0.0012428760528564453,0.05525827407836914
gated_cost_merged_seed43,scale,6.0,41.81818181818181,342.2853688824266,355,rolled,365.6498783978179,0.06826032205722722,True,True,1.0009636480772583,1,378.4357972594786,139.9790679515478,9.949776189487865,6.651545749918059,355.0,rolled,1.0,True,scale,0.9417266845703125,40,18,58,0.0434260368347168,0.0012049674987792969,0.044631004333496094
gated_cost_merged_seed43,scale,6.0,52.72727272727273,386.25765574493386,355,rolled,413.2754873587519,0.06994769219968372,True,True,1.0009778032736207,1,416.1806344998394,148.37436241444843,10.170587476346327,7.138411669346115,355.0,rolled,1.0,True,scale,0.9475631713867188,40,18,58,0.04943561553955078,0.0012118816375732422,0.05064749717712402
gated_cost_merged_seed43,scale,6.0,63.63636363636363,431.68145507497405,355,rolled,457.5617659793,0.059952334296665744,True,True,1.0009630720352931,2,435.7182959527284,145.8520732297003,12.524743786118233,6.858247755443549,355.0,rolled,1.0,True,scale,0.9567642211914062,40,18,58,0.04421043395996094,0.0013422966003417969,0.045552730560302734
gated_cost_merged_seed43,scale,6.0,74.54545454545453,466.9500019446189,355,rolled,495.53178439679715,0.061209513509260204,True,True,1.0009846720812152,2,467.76896207219266,158.69820893575115,11.544928979613356,7.516814776547335,355.0,rolled,1.0,True,scale,0.956695556640625,40,18,58,0.05141282081604004,0.0017337799072265625,0.0531466007232666
gated_cost_merged_seed43,scale,6.0,85.45454545454545,518.2473353887603,355,rolled,548.4708047536682,0.05831861989649375,True,True,1.000992475498989,2,489.77062163433726,152.14073661296683,13.668299937612025,7.777205380288605,355.0,rolled,1.0,True,scale,0.9567070007324219,40,18,58,0.04579043388366699,0.0013644695281982422,0.047154903411865234
gated_cost_merged_seed43,scale,6.0,96.36363636363636,549.7256874002802,355,rolled,592.016580238099,0.07693090173358563,True,True,1.0009651000065474,2,511.90066977068636,152.69739397912994,14.626306610930067,8.08953930893402,355.0,rolled,1.0,True,scale,0.9595451354980469,40,18,58,0.057348012924194336,0.0012030601501464844,0.05855107307434082
gated_cost_merged_seed43,scale,6.0,107.27272727272728,586.6560772595034,355,rolled,628.4730651137826,0.071280243187154,True,True,1.000962290006902,2,535.2200225882353,155.5469492889235,15.03033071704426,8.335694103282105,355.0,rolled,1.0,True,scale,0.9702339172363281,40,18,58,0.04546809196472168,0.0012476444244384766,0.046715736389160156
gated_cost_merged_seed43,scale,6.0,118.18181818181816,628.4217050081675,355,rolled,670.1277886123349,0.06636639580045287,True,True,1.0009877256262198,2,553.6365476075522,159.06000884002665,15.26401872943904,8.831651130826783,355.0,rolled,1.0,True,scale,0.9544754028320312,40,18,58,0.04830789566040039,0.0014464855194091797,0.04975438117980957
gated_cost_merged_seed43,scale,6.0,129.0909090909091,657.4964976148059,355,rolled,701.45339162566,0.06685494777586813,True,True,1.0009984541520165,2,571.5175482426139,162.28629881764417,15.652134791576088,8.956455490179668,355.0,rolled,1.0,True,scale,0.9571647644042969,40,18,58,0.049807071685791016,0.0017566680908203125,0.05156373977661133
gated_cost_merged_seed43,scale,6.0,140.0,697.879425726456,355,rolled,733.2399107874918,0.0506684733171885,True,True,1.0009717889491414,2,594.5518239379295,165.24954479291773,15.689053751277243,9.203018501208213,355.0,rolled,1.0,True,scale,0.9557113647460938,40,18,58,0.04470992088317871,0.0014505386352539062,0.04616045951843262
gated_cost_merged_seed43,scale,6.818181818181818,20.0,317.0885192434045,355,rolled,335.4145413888505,0.05779465680174481,True,True,1.0009831099141229,1,313.83182468806655,135.71690941526967,8.829539101302016,6.0,355.0,rolled,1.0,True,scale,0.899932861328125,40,18,58,0.04944968223571777,0.0012156963348388672,0.05066537857055664
gated_cost_merged_seed43,scale,6.818181818181818,30.909090909090907,392.6423822212096,355,rolled,411.10687184854044,0.047026226570029854,True,True,1.000959939033336,1,347.4639654806635,151.35955532794574,10.425019633096065,6.0,355.0,rolled,1.0,True,scale,0.9290695190429688,40,18,58,0.046764373779296875,0.0015225410461425781,0.04828691482543945
gated_cost_merged_seed43,scale,6.818181818181818,41.81818181818181,455.0251859822217,355,rolled,482.30546730337204,0.05995334359847101,True,True,1.0009994325127798,1,391.8486184379941,161.59707807926267,11.094778991284384,6.5349831349124194,355.0,rolled,1.0,True,scale,0.9484329223632812,40,18,58,0.04704785346984863,0.0012867450714111328,0.048334598541259766
gated_cost_merged_seed43,scale,6.818181818181818,52.72727272727273,519.9507333014534,355,rolled,561.8111314336486,0.08050839329795824,True,True,1.0009963499402705,1,427.89652046785375,156.21954594504984,13.608600288592822,6.835739678900453,355.0,rolled,1.0,True,scale,0.95751953125,40,18,58,0.04707217216491699,0.001201629638671875,0.04827380180358887
gated_cost_merged_seed43,scale,6.818181818181818,63.63636363636363,570.1996303697795,355,rolled,619.7430100316769,0.086887779337507,True,True,1.0009616048716565,1,470.1105222163036,174.89497986422367,11.830278956743358,8.004369793578487,355.0,rolled,1.0,True,scale,0.9454689025878906,40,18,58,0.04837942123413086,0.0012111663818359375,0.0495905876159668
gated_cost_merged_seed43,scale,6.818181818181818,74.54545454545453,645.0378754655677,355,rolled,671.2101969442598,0.04057485997981396,True,True,1.0009959698596005,1,474.5312715927703,179.9852979638537,13.719370353562669,7.634921545126401,355.0,rolled,1.0,True,scale,0.9581718444824219,40,18,58,0.04620718955993652,0.0012307167053222656,0.04743790626525879
gated_cost_merged_seed43,scale,6.818181818181818,85.45454545454545,698.212152166206,355,rolled,723.9512864347988,0.036864345870717144,True,True,1.0009847448119435,2,512.097297500737,179.1848201745125,14.527299977475947,7.871390175643858,355.0,rolled,1.0,True,scale,0.9422531127929688,40,18,58,0.07425475120544434,0.0023522377014160156,0.07660698890686035
gated_cost_merged_seed43,scale,6.818181818181818,96.36363636363636,733.8166260116295,355,rolled,851.839043141158,0.16083366463225654,True,True,1.00097097858517,1,500.39800873643577,173.73049759633386,17.412189161931344,9.77214516077471,355.0,rolled,1.0,True,scale,0.9914741516113281,40,18,58,0.05229902267456055,0.0015170574188232422,0.05381608009338379
gated_cost_merged_seed43,scale,6.818181818181818,107.27272727272728,798.4291807439346,355,rolled,864.7322692086141,0.08304191538052472,True,True,1.0009961629765272,1,561.3676868911332,185.66368792206552,14.900926204272283,9.83325508590859,355.0,rolled,1.0,True,scale,0.9678993225097656,40,18,58,0.05153846740722656,0.0014750957489013672,0.05301356315612793
gated_cost_merged_seed43,scale,6.818181818181818,118.18181818181816,860.6462645405438,355,rolled,893.9934786952203,0.038746713404349625,True,True,1.0009656565256415,2,627.4190964679342,193.1980699989927,12.92113865456339,10.192501939819417,355.0,rolled,1.0,True,scale,0.945892333984375,40,18,58,0.051840782165527344,0.0014157295227050781,0.05325651168823242
gated_cost_merged_seed43,scale,6.818181818181818,129.0909090909091,896.311601431932,355,rolled,947.6126752169571,0.05723575785816828,True,True,1.0009668383555788,2,649.9288016489757,194.61320764059377,13.344837306442189,10.585485710726443,355.0,rolled,1.0,True,scale,0.9437980651855469,40,18,58,0.052504777908325195,0.0014007091522216797,0.053905487060546875
gated_cost_merged_seed43,scale,6.818181818181818,140.0,931.1411275891702,355,rolled,993.6954796959907,0.0671803126866287,True,True,1.000961688941505,2,621.3155962033683,184.18283191009687,18.318202172025263,9.607112290138609,355.0,rolled,1.0,True,scale,0.9571189880371094,40,18,58,0.05628061294555664,0.0014133453369140625,0.0576939582824707
gated_cost_merged_seed43,scale,7.636363636363637,20.0,409.6201332461394,355,rolled,433.6854991514257,0.05875044694354778,True,True,1.0009541907907038,1,319.9913240302878,152.44844271799,9.895448950856071,6.0,355.0,rolled,1.0,True,scale,0.9015579223632812,40,18,58,0.06653904914855957,0.0011947154998779297,0.0677337646484375
gated_cost_merged_seed43,scale,7.636363636363637,30.909090909090907,501.774525145321,355,rolled,543.3066226272108,0.08277043851491173,True,True,1.0009673820281204,1,364.83085427841974,165.29224004298896,11.768011875055928,6.287452121678297,355.0,rolled,1.0,True,scale,0.935089111328125,40,18,58,0.044614553451538086,0.0012001991271972656,0.04581475257873535
gated_cost_merged_seed43,scale,7.636363636363637,41.81818181818181,593.9298338756057,355,rolled,649.2314075367947,0.09311129111047733,True,True,1.000994275762103,1,395.49874952886785,175.9537568390399,13.248845665891423,6.912350896922473,355.0,rolled,1.0,True,scale,0.9629898071289062,40,18,58,0.04337453842163086,0.0012829303741455078,0.04465746879577637
gated_cost_merged_seed43,scale,7.636363636363637,52.72727272727273,675.9362632758116,355,rolled,751.2440075251636,0.1114124930720327,True,True,1.0009686910693147,1,435.9198429569626,182.10843759418387,14.041661622009107,7.9252204942834235,355.0,rolled,1.0,True,scale,0.9707717895507812,40,18,58,0.044354915618896484,0.0011794567108154297,0.045534372329711914
gated_cost_merged_seed43,scale,7.636363636363637,63.63636363636363,779.5020738899598,355,rolled,808.8380044455115,0.03763419179779245,True,True,1.000981330454827,1,472.9975991551653,193.74665445607508,14.195034654694162,7.840171365984148,355.0,rolled,1.0,True,scale,0.9675445556640625,40,18,58,0.04324626922607422,0.0012805461883544922,0.04452681541442871
gated_cost_merged_seed43,scale,7.636363636363637,74.54545454545453,846.6406079690952,355,rolled,903.5689981309066,0.06724032561864723,True,True,1.0009674958049348,1,520.9903887513724,193.84363720068302,14.509857842527603,8.970991666383062,355.0,rolled,1.0,True,scale,0.9647979736328125,40,18,58,0.047833919525146484,0.0012583732604980469,0.04909229278564453
gated_cost_merged_seed43,scale,7.636363636363637,85.45454545454545,921.2774310054268,355,rolled,985.2626593080251,0.06945272525863214,True,True,1.000958986242205,1,542.6794808547307,198.6418739418551,15.301225806124789,9.505307002219721,355.0,rolled,1.0,True,scale,0.9730491638183594,40,18,58,0.04675436019897461,0.0012140274047851562,0.047968387603759766
gated_cost_merged_seed43,scale,7.636363636363637,96.36363636363636,990.3158107657674,355,rolled,1039.3894100619314,0.04955348461842439,True,True,1.0009758591186333,2,583.1326671409064,191.1933057217154,17.3076452307874,8.986989883554608,355.0,rolled,1.0,True,scale,0.961456298828125,40,18,58,0.05067944526672363,0.0012006759643554688,0.0518801212310791
gated_cost_merged_seed43,scale,7.636363636363637,107.27272727272728,1055.0870687226268,355,rolled,1103.3763027417365,0.04576800858489578,True,True,1.0009697423336907,1,644.2867840749182,210.61834249381315,13.630333757411977,10.56201129574184,355.0,rolled,1.0,True,scale,0.9516944885253906,40,18,58,0.04585742950439453,0.0011954307556152344,0.047052860260009766
gated_cost_merged_seed43,scale,7.636363636363637,118.18181818181816,1088.4839809208006,355,rolled,1171.633876214509,0.0763905548921059,True,True,1.000968343745108,2,676.0266535984687,213.35017990040515,13.772950664930182,11.0104419020914,355.0,rolled,1.0,True,scale,0.9501724243164062,40,18,58,0.04552721977233887,0.0011982917785644531,0.04672551155090332
gated_cost_merged_seed43,scale,7.636363636363637,129.0909090909091,1173.7978050697595,355,rolled,1236.8327387378845,0.05370169666008086,True,True,1.00099108084707,2,706.3970912737124,216.39323804792892,13.828692045371088,11.427765729817212,355.0,rolled,1.0,True,scale,0.9498977661132812,40,18,58,0.044530391693115234,0.0012347698211669922,0.04576516151428223
gated_cost_merged_seed43,scale,7.636363636363637,140.0,1251.7374258469372,355,rolled,1267.2065025898862,0.012358084390168734,True,True,1.0009843831504994,2,706.3980102539062,228.4444560504852,14.184150064779201,11.206329387789083,355.0,rolled,1.0,True,scale,0.941864013671875,40,18,58,0.047890424728393555,0.0013470649719238281,0.04923748970031738
gated_cost_merged_seed43,scale,8.454545454545455,20.0,516.1523336674153,355,rolled,547.734396468707,0.061187484277929756,True,True,1.000958460581848,1,335.85876648097735,166.72280988755912,10.830226095901864,6.0,355.0,rolled,1.0,True,scale,0.9076461791992188,40,18,58,0.05284857749938965,0.0019443035125732422,0.05479288101196289
gated_cost_merged_seed43,scale,8.454545454545455,30.909090909090907,633.218032838701,355,rolled,698.2918398337947,0.10276682535929912,True,True,1.0009938855247598,1,381.0653786194013,180.77475669880016,12.83527856287793,6.659431312378406,355.0,rolled,1.0,True,scale,0.9347343444824219,40,18,58,0.06816244125366211,0.0012278556823730469,0.06939029693603516
gated_cost_merged_seed43,scale,8.454545454545455,41.81818181818181,757.3789000305048,355,rolled,803.4701503369428,0.06085626402396676,True,True,1.000958022868881,1,420.43957319464397,199.67729221111665,13.461624866384444,6.827702696491748,355.0,rolled,1.0,True,scale,0.9513053894042969,40,18,58,0.04523205757141113,0.001230478286743164,0.0464625358581543
gated_cost_merged_seed43,scale,8.454545454545455,52.72727272727273,897.7427828478864,355,rolled,943.1342624632667,0.05056178727651383,True,True,1.0009815305569236,1,446.477440166309,205.78562215188228,15.148513107723723,7.760102196450364,355.0,rolled,1.0,True,scale,0.9694786071777344,40,18,58,0.050545692443847656,0.0012373924255371094,0.051783084869384766
gated_cost_merged_seed43,scale,8.454545454545455,63.63636363636363,969.5859503873623,355,rolled,1009.8557665239952,0.04153300294888193,True,True,1.0009806894952105,2,510.90644892304186,216.83362243272455,14.332818499481595,8.124918422525203,355.0,rolled,1.0,True,scale,0.9605979919433594,40,18,58,0.04557013511657715,0.0012979507446289062,0.046868085861206055
gated_cost_merged_seed43,scale,8.454545454545455,74.54545454545453,1093.1775012217977,355,rolled,1111.3188896734657,0.016595098628898037,True,True,1.0009996841581263,2,561.7107828278599,220.7540050577854,14.360497874739231,9.027832632336908,355.0,rolled,1.0,True,scale,0.958526611328125,40,18,58,0.04686474800109863,0.0011911392211914062,0.04805588722229004
gated_cost_merged_seed43,scale,8.454545454545455,85.45454545454545,1181.2789978646645,355,rolled,1190.32122689255,0.007654609151801249,True,True,1.0009634412833752,2,605.9542766063415,227.14626836532577,14.31273365439159,9.427267292107715,355.0,rolled,1.0,True,scale,0.9443702697753906,40,18,58,0.05260658264160156,0.0012848377227783203,0.05389142036437988
gated_cost_merged_seed43,scale,8.454545454545455,96.36363636363636,1257.923897819336,355,rolled,1309.40772332652,0.0409276154117379,True,True,1.0009887170933207,2,646.4969942358491,225.80242422104396,14.780111044701599,10.479286223321267,355.0,rolled,1.0,True,scale,0.9550590515136719,40,18,58,0.04703497886657715,0.0013723373413085938,0.04840731620788574
gated_cost_merged_seed43,scale,8.454545454545455,107.27272727272728,1352.4875507253705,355,rolled,1378.9264116396341,0.019548321091816215,True,True,1.000990869006549,2,620.8534534672268,230.3032792301641,17.930275783785298,9.53625247956304,355.0,rolled,1.0,True,scale,0.9496803283691406,40,18,58,0.04365992546081543,0.0012555122375488281,0.04491543769836426
gated_cost_merged_seed43,scale,8.454545454545455,118.18181818181816,1418.3994702060834,355,rolled,1464.075289449397,0.03220236626052684,True,True,1.0009869370008102,2,715.0269386585447,236.54206062800375,14.749837426200568,11.252641535317354,355.0,rolled,1.0,True,scale,0.9550361633300781,40,18,58,0.04313540458679199,0.0012199878692626953,0.04435539245605469
gated_cost_merged_seed43,scale,8.454545454545455,129.0909090909091,1503.943042662674,355,rolled,1519.0219316873615,0.01002623676358836,True,True,1.0009731056901126,2,708.8871002197266,248.76732111727182,15.559621155681157,11.068453628379132,355.0,rolled,1.0,True,scale,0.9451828002929688,40,18,58,0.04375314712524414,0.0013027191162109375,0.04505586624145508
gated_cost_merged_seed43,scale,8.454545454545455,140.0,1589.050557323039,355,rolled,1592.3993092901433,0.0021073917073763646,True,True,1.000982452955711,2,710.4921340942383,254.82695773717873,16.61219999793587,11.093334317273635,355.0,rolled,1.0,True,scale,0.9473228454589844,40,18,58,0.043344974517822266,0.0012083053588867188,0.044553279876708984
gated_cost_merged_seed43,scale,9.272727272727272,20.0,633.3700898588271,355,rolled,651.1852974693135,0.02812764274116138,True,True,1.000996694683132,1,333.49206144279094,175.49107066329924,11.673386896930168,6.0,355.0,rolled,1.0,True,scale,0.8803863525390625,40,18,58,0.0475311279296875,0.0013232231140136719,0.04885435104370117
gated_cost_merged_seed43,scale,9.272727272727272,30.909090909090907,801.8071464602682,355,rolled,963.7681311685457,0.20199493783921155,True,True,1.0009907287741195,1,381.48949995808465,195.0796028994633,13.359807365798519,6.215414996809847,355.0,rolled,1.0,True,scale,0.9153938293457031,40,18,58,0.04854083061218262,0.001802206039428711,0.05034303665161133
gated_cost_merged_seed43,scale,9.272727272727272,41.81818181818181,962.5021253931346,355,rolled,1169.147229348318,0.2146957378102194,True,True,1.0009833806621975,2,432.2236053662566,214.92350076736147,15.32814889741977,6.0,355.0,rolled,1.0,True,scale,0.9519119262695312,40,18,58,0.04563021659851074,0.0012383460998535156,0.04686856269836426
gated_cost_merged_seed43,scale,9.272727272727272,52.72727272727273,1070.6846994207378,355,rolled,1137.128342370767,0.062057151826281444,True,True,1.0009942826191736,2,479.8583769475557,229.49304019088137,15.213089007783475,7.613080422030646,355.0,rolled,1.0,True,scale,0.9601631164550781,40,18,58,0.05063223838806152,0.0013508796691894531,0.05198311805725098
gated_cost_merged_seed43,scale,9.272727272727272,63.63636363636363,1216.7126656588257,355,rolled,1252.6495915581684,0.029536082687101426,True,True,1.0009914680270193,2,539.8251742328396,236.47473818120196,15.124777297074798,8.453830904876526,355.0,rolled,1.0,True,scale,0.9601516723632812,40,18,58,0.047411203384399414,0.0011854171752929688,0.04859662055969238
gated_cost_merged_seed43,scale,9.272727272727272,74.54545454545453,1356.4151141978043,355,rolled,1376.910126401531,0.015109690233618196,True,True,1.0009708510861282,2,592.1499326192685,239.86944854905977,15.354168863180242,9.318960003273125,355.0,rolled,1.0,True,scale,0.959716796875,40,18,58,0.052590370178222656,0.0012416839599609375,0.053832054138183594
gated_cost_merged_seed43,scale,9.272727272727272,85.45454545454545,1422.5235716023028,355,rolled,1488.2387476530582,0.04619619482068415,True,True,1.000982101475107,2,641.7830414282241,244.70903624590662,15.323506260644436,10.009301052847075,355.0,rolled,1.0,True,scale,0.9586181640625,40,18,58,0.04546689987182617,0.0012073516845703125,0.046674251556396484
gated_cost_merged_seed43,scale,9.272727272727272,96.36363636363636,1530.0841209322955,355,rolled,1609.9933575874566,0.05222538784761165,True,True,1.0009939618265251,2,693.7581694549754,245.71983414939896,15.366502430711572,10.82753888070007,355.0,rolled,1.0,True,scale,0.9568443298339844,40,18,58,0.049655914306640625,0.001314401626586914,0.05097031593322754
gated_cost_merged_seed43,scale,9.272727272727272,107.27272727272728,1647.0835657255905,355,rolled,1712.066118819144,0.03945310028330399,True,True,1.0009925470891874,2,716.3114547729492,252.64268837150985,15.81977722317298,11.203983365090798,355.0,rolled,1.0,True,scale,0.9550819396972656,40,18,58,0.07142972946166992,0.0014309883117675781,0.0728607177734375
gated_cost_merged_seed43,scale,9.272727272727272,118.18181818181816,1794.0191544704012,355,rolled,1797.204913782682,0.0017757666100400825,True,True,1.0009719778175579,2,716.2084579467773,263.8240923121699,16.705692764189294,11.172871433278155,355.0,rolled,1.0,True,scale,0.9549446105957031,40,18,58,0.04505205154418945,0.0012934207916259766,0.04634547233581543
gated_cost_merged_seed43,scale,9.272727272727272,129.0909090909091,1876.6125693849333,355,rolled,1925.887061413059,0.02625714696362477,True,True,1.0009981868844229,2,718.7833786010742,263.321373278914,18.537866017730565,11.527048977030583,355.0,rolled,1.0,True,scale,0.9583778381347656,40,18,58,0.047293901443481445,0.001214742660522461,0.048508644104003906
gated_cost_merged_seed43,scale,9.272727272727272,140.0,1975.8458780810136,355,rolled,2013.9895420024013,0.019304979373408297,True,True,1.0009940192233688,2,719.0923690795898,269.95357072745014,19.855842925502994,11.343702935098113,355.0,rolled,1.0,True,scale,0.9587898254394531,40,18,58,0.046721696853637695,0.0012056827545166016,0.0479273796081543
gated_cost_merged_seed43,scale,10.09090909090909,20.0,771.2799576046779,355,rolled,958.7125387044737,0.24301497692471483,True,True,1.000988698506591,1,352.2862837935558,181.56728142523644,13.290070251720008,6.0,355.0,rolled,1.0,True,scale,0.8763694763183594,40,18,58,0.054260969161987305,0.0016798973083496094,0.055940866470336914
gated_cost_merged_seed43,scale,10.09090909090909,30.909090909090907,964.7090665866748,355,rolled,1174.0748707484831,0.21702481236398513,True,True,1.0009704164440187,2,394.6014559909553,209.35155903646066,14.59497795999804,6.0,355.0,rolled,1.0,True,scale,0.9048881530761719,40,18,58,0.0503385066986084,0.0012273788452148438,0.05156588554382324
gated_cost_merged_seed43,scale,10.09090909090909,41.81818181818181,1147.2574547707825,355,rolled,1175.0874149626727,0.024257815955922937,True,True,1.0009685917852622,1,450.19790072500047,227.40788220921212,14.844672925123364,7.438931800619354,355.0,rolled,1.0,True,scale,0.9296073913574219,40,18,58,0.04567241668701172,0.0012049674987792969,0.046877384185791016
gated_cost_merged_seed43,scale,10.09090909090909,52.72727272727273,1318.1429375417918,355,rolled,1401.3690936952753,0.06313894630326831,True,True,1.0009673637911207,2,507.5023287795713,245.86159174403997,16.001230927231017,8.231436708198217,355.0,rolled,1.0,True,scale,0.952850341796875,40,18,58,0.044296979904174805,0.0012145042419433594,0.045511484146118164
gated_cost_merged_seed43,scale,10.09090909090909,63.63636363636363,1473.4968374975142,355,rolled,1597.510217175958,0.08416263715167485,True,True,1.0009856900054723,1,557.8668717217106,245.77455409226513,17.103662862949466,9.59405655107058,355.0,rolled,1.0,True,scale,0.97216796875,40,18,58,0.0484311580657959,0.0012061595916748047,0.0496373176574707
gated_cost_merged_seed43,scale,10.09090909090909,74.54545454545453,1593.8205978972342,355,rolled,1681.2161260142932,0.05483398083345268,True,True,1.000982714298338,2,626.5709591691358,257.96726058378835,16.14192446930628,9.771209035838583,355.0,rolled,1.0,True,scale,0.9533653259277344,40,18,58,0.04971456527709961,0.0012371540069580078,0.05095171928405762
gated_cost_merged_seed43,scale,10.09090909090909,85.45454545454545,1744.078619322344,355,rolled,1852.7323337482153,0.062298633342623304,True,True,1.0009627156488703,2,694.9829545488806,255.04873214099968,16.245944532672677,11.004092675239523,355.0,rolled,1.0,True,scale,0.9554481506347656,40,18,58,0.058565616607666016,0.001252889633178711,0.05981850624084473
gated_cost_merged_seed43,scale,10.09090909090909,96.36363636363636,1930.113776773892,355,rolled,1972.3550093710353,0.021885358835036096,True,True,1.0009872201946897,2,712.8095626831055,266.6734744324831,16.696320462186296,11.300781839300173,355.0,rolled,1.0,True,scale,0.9504127502441406,40,18,58,0.043311119079589844,0.0012030601501464844,0.04451417922973633
gated_cost_merged_seed43,scale,10.09090909090909,107.27272727272728,2067.605711285596,355,rolled,2077.466387533784,0.004769127979462285,True,True,1.0009659472156496,2,714.0970230102539,278.50660355207356,17.820990509444577,11.113612990934868,355.0,rolled,1.0,True,scale,0.9521293640136719,40,18,58,0.04790902137756348,0.0012750625610351562,0.04918408393859863
gated_cost_merged_seed43,scale,10.09090909090909,118.18181818181816,2170.353625378734,355,rolled,2200.4284849544774,0.01385712412210958,True,True,1.0009958768981186,2,715.2643203735352,286.10572814941406,19.275274369467542,11.03997558696633,355.0,rolled,1.0,True,scale,0.9536857604980469,40,18,58,0.05063176155090332,0.0012240409851074219,0.05185580253601074
gated_cost_merged_seed43,scale,10.09090909090909,129.0909090909091,2307.5736162550616,355,rolled,2344.9488425876525,0.016196764458265407,True,True,1.0009737994922077,2,717.0753479003906,286.83013916015625,21.354578210807922,11.0700091191128,355.0,rolled,1.0,True,scale,0.9561004638671875,40,18,58,0.04440045356750488,0.001295328140258789,0.04569578170776367
gated_cost_merged_seed43,scale,10.09090909090909,140.0,2443.406284429296,355,rolled,2549.051205855888,0.04323673966945989,True,True,1.0009724906177468,1,716.3457870483398,286.53831481933594,23.207138318634545,12.138653007175206,355.0,rolled,1.0,True,scale,0.9551277160644531,40,18,58,0.05434060096740723,0.001199483871459961,0.05554008483886719
gated_cost_merged_seed43,scale,10.90909090909091,20.0,939.0466900997784,355,rolled,1042.712042070509,0.11039424670110445,True,True,1.0009504015413837,2,487.2918335161013,189.19216317852727,12.056424938160644,7.6585739281971685,355.0,rolled,1.0,True,scale,0.9012947082519531,40,18,58,0.04630613327026367,0.001333475112915039,0.04763960838317871
gated_cost_merged_seed43,scale,10.90909090909091,30.909090909090907,1197.1649157491154,355,rolled,1566.2490782558189,0.30829851230292055,True,True,1.0009882198961466,3,455.23864137529495,212.64309577437498,18.042575384594798,6.138511851831856,355.0,rolled,1.0,True,scale,0.9674072265625,40,18,58,0.0454251766204834,0.0014691352844238281,0.04689431190490723
gated_cost_merged_seed43,scale,10.90909090909091,41.81818181818181,1403.509472950396,355,rolled,1443.8961712416294,0.028775508159794797,True,True,1.0009910298392284,1,463.70793700504413,241.59744052057235,16.038692690676438,8.061242879872891,355.0,rolled,1.0,True,scale,0.9098663330078125,40,18,58,0.04574894905090332,0.0019459724426269531,0.04769492149353027
gated_cost_merged_seed43,scale,10.90909090909091,52.72727272727273,1588.7457907355176,355,rolled,1745.1225144049336,0.09842778157544044,True,True,1.0009714427388452,1,530.1710391341524,252.19913236062237,17.923095186276598,9.1672015622362,355.0,rolled,1.0,True,scale,0.9667778015136719,40,18,58,0.05623126029968262,0.0012025833129882812,0.0574338436126709
gated_cost_merged_seed43,scale,10.90909090909091,63.63636363636363,1789.9941201560932,355,rolled,1858.1120425647928,0.03805483025986669,True,True,1.000975591335839,2,590.9585050172884,269.98456015202,17.269348536755754,9.212049932637399,355.0,rolled,1.0,True,scale,0.9469566345214844,40,18,58,0.045357704162597656,0.00127410888671875,0.046631813049316406
gated_cost_merged_seed43,scale,10.90909090909091,74.54545454545453,1942.2808212955651,355,rolled,2064.7038124881688,0.06303053083278835,True,True,1.000960266866667,2,656.5444647456494,268.1374162582574,17.776196787068354,10.506471203062663,355.0,rolled,1.0,True,scale,0.9626350402832031,40,18,58,0.055084943771362305,0.0011856555938720703,0.056270599365234375
gated_cost_merged_seed43,scale,10.90909090909091,85.45454545454545,2177.190622234541,355,rolled,2256.353390050441,0.036360053643190754,True,True,1.0009760356535171,2,717.2189274129073,268.134996901586,18.11560197311938,11.502383850580886,355.0,rolled,1.0,True,scale,0.9667205810546875,40,18,58,0.0599675178527832,0.0016436576843261719,0.061611175537109375
gated_cost_merged_seed43,scale,10.90909090909091,96.36363636363636,2344.698716886334,355,rolled,2371.9220605517244,0.011610593493027557,True,True,1.0009967596766087,2,716.4487838745117,286.5795135498047,18.864636800979152,11.247924225211936,355.0,rolled,1.0,True,scale,0.9552650451660156,40,18,58,0.04404115676879883,0.0012264251708984375,0.045267581939697266
gated_cost_merged_seed43,scale,10.90909090909091,107.27272727272728,2499.121791022924,355,rolled,2548.3319117800083,0.019690965415872005,True,True,1.00099806785848,2,718.9722061157227,287.58888244628906,21.33312858873696,11.160975937075843,355.0,rolled,1.0,True,scale,0.9586296081542969,40,18,58,0.044137001037597656,0.0012359619140625,0.045372962951660156
gated_cost_merged_seed43,scale,10.90909090909091,118.18181818181816,2669.547168301596,355,rolled,2783.9890228466975,0.04286938845059301,True,True,1.0009835700108098,1,717.8049087524414,287.12196350097656,23.776525686733923,11.932490405914457,355.0,rolled,1.0,True,scale,0.9570732116699219,40,18,58,0.045271873474121094,0.0011985301971435547,0.04647040367126465
gated_cost_merged_seed43,scale,10.90909090909091,129.0909090909091,2855.841135487434,355,rolled,3286.7160162241967,0.15087494727301115,True,True,1.000973854540126,1,721.7960357666016,288.7184143066406,23.564110885830306,17.718735934499566,355.0,rolled,1.0,True,scale,0.9623947143554688,40,18,58,0.04619407653808594,0.001211404800415039,0.04740548133850098
gated_cost_merged_seed43,scale,10.90909090909091,140.0,3091.557267278178,355,rolled,3567.4449347056525,0.15393137706501167,True,True,1.0009998084452805,1,651.64392483216,286.36322021484375,31.26814699775367,16.696783246635164,355.0,rolled,1.0,True,scale,0.9545440673828125,40,18,58,0.04609847068786621,0.0012922286987304688,0.04739069938659668
gated_cost_merged_seed43,scale,11.727272727272728,20.0,1117.8784812198996,355,rolled,1407.5687024861704,0.2591428550893497,True,True,1.0009882088549669,2,387.7834291137226,200.73388678527058,16.019388840889167,6.0,355.0,rolled,1.0,True,scale,0.9126472473144531,40,18,58,0.05751156806945801,0.0014071464538574219,0.05891871452331543
gated_cost_merged_seed43,scale,11.727272727272728,30.909090909090907,1399.1707585826318,355,rolled,1863.5920891064561,0.33192612672543687,True,True,1.0009759602297648,3,463.3313707693886,227.2902214143352,19.343084502282537,6.0,355.0,rolled,1.0,True,scale,0.9630355834960938,40,18,58,0.04509711265563965,0.0013117790222167969,0.046408891677856445
gated_cost_merged_seed43,scale,11.727272727272728,41.81818181818181,1658.320920880548,355,rolled,1692.7240727306382,0.020745774486052117,True,True,1.0009713091271732,2,497.6254612516544,256.5564952231818,16.355250021219508,8.289485536405778,355.0,rolled,1.0,True,scale,0.9126243591308594,40,18,58,0.052761077880859375,0.0023992061614990234,0.0551602840423584
gated_cost_merged_seed43,scale,11.727272727272728,52.72727272727273,1896.895430152976,355,rolled,2069.258661607821,0.09086596378217056,True,True,1.0009938023788076,1,568.5107554024589,265.6699903887932,18.468251509118414,9.701584998618886,355.0,rolled,1.0,True,scale,0.9667205810546875,40,18,58,0.04589271545410156,0.0013146400451660156,0.04720735549926758
gated_cost_merged_seed43,scale,11.727272727272728,63.63636363636363,2122.483987052358,355,rolled,2318.944561448844,0.09256162854228397,True,True,1.0009911884600011,1,637.1269208789037,269.1813527391456,18.92667342836599,10.991588426825295,355.0,rolled,1.0,True,scale,0.9711380004882812,40,18,58,0.05706024169921875,0.0013842582702636719,0.05844449996948242
gated_cost_merged_seed43,scale,11.727272727272728,74.54545454545453,2414.680044837911,355,rolled,2432.682303199391,0.007455339020987539,True,True,1.0009952368494075,2,709.874153137207,283.9496612548828,17.934367692984885,11.000361134035057,355.0,rolled,1.0,True,scale,0.9464988708496094,40,18,58,0.04586458206176758,0.0012907981872558594,0.04715538024902344
gated_cost_merged_seed43,scale,11.727272727272728,85.45454545454545,2607.2244497923484,355,rolled,2664.9486048365998,0.0221400789060753,True,True,1.0009636692106734,2,718.9464569091797,287.5785827636719,20.204722102890997,11.287012937986388,355.0,rolled,1.0,True,scale,0.9585952758789062,40,18,58,0.047570228576660156,0.001306295394897461,0.04887652397155762
gated_cost_merged_seed43,scale,11.727272727272728,96.36363636363636,2824.34606849496,355,rolled,2928.937347750805,0.03703203386530456,True,True,1.000980161681372,1,718.8949584960938,287.5579833984375,23.138588835370218,11.7183923190352,355.0,rolled,1.0,True,scale,0.958526611328125,40,18,58,0.048203229904174805,0.0018782615661621094,0.050081491470336914
gated_cost_merged_seed43,scale,11.727272727272728,107.27272727272728,3054.1802093068686,355,rolled,3607.371092817055,0.18112581629088947,True,True,1.0009589711405646,1,672.9343043179276,290.3697967529297,25.774197669819085,17.910603570268552,355.0,rolled,1.0,True,scale,0.9678993225097656,40,18,58,0.04618716239929199,0.0012273788452148438,0.047414541244506836
gated_cost_merged_seed43,scale,11.727272727272728,118.18181818181816,3357.8991517305085,355,rolled,4168.130623473068,0.24129118687945209,True,True,1.0009932884372088,3,725.2635955810547,290.1054382324219,32.74854656779058,9.645878802767829,355.0,rolled,1.0,True,scale,0.9670181274414062,40,18,58,0.06392359733581543,0.001215219497680664,0.0651388168334961
gated_cost_merged_seed43,scale,11.727272727272728,129.0909090909091,3650.466675336178,355,rolled,4054.3481445126745,0.11063831150829566,True,True,1.0009969850338025,1,677.6877255840476,284.9418640136719,33.24321746826172,16.99338119588656,355.0,rolled,1.0,True,scale,0.9498062133789062,40,18,58,0.04686760902404785,0.0013022422790527344,0.048169851303100586
gated_cost_merged_seed43,scale,11.727272727272728,140.0,3950.7596541302537,355,rolled,4188.849771669395,0.06026438922707781,True,True,1.0009959810053903,1,717.6504135131836,287.06016540527344,33.490352630615234,17.023542917741196,355.0,rolled,1.0,True,scale,0.9568672180175781,25,18,43,0.029210329055786133,0.0012054443359375,0.030415773391723633
gated_cost_merged_seed43,scale,12.545454545454549,20.0,1307.1994834284806,355,rolled,1448.3487187744502,0.10797834388349661,True,True,1.000995374153659,1,409.99654428675126,221.87645635906367,15.2186190657832,8.012995829372548,355.0,rolled,1.0,True,scale,0.9052658081054688,40,18,58,0.06366896629333496,0.0021209716796875,0.06578993797302246
gated_cost_merged_seed43,scale,12.545454545454549,30.909090909090907,1673.5520688887286,355,rolled,1887.6723168481324,0.12794358295740615,True,True,1.0009749225116757,1,528.4933114008024,230.08803574510605,17.79521700548151,9.28536665855652,355.0,rolled,1.0,True,scale,0.9559402465820312,40,18,58,0.044400930404663086,0.0011980533599853516,0.04559898376464844
gated_cost_merged_seed43,scale,12.545454545454549,41.81818181818181,1957.4303873162305,355,rolled,1979.5488316551734,0.01129973483719583,True,True,1.0009914201975538,2,529.5367991459531,268.92494535905666,16.954247024514913,8.611712003022554,355.0,rolled,1.0,True,scale,0.9083213806152344,40,18,58,0.04497218132019043,0.0012912750244140625,0.04626345634460449
gated_cost_merged_seed43,scale,12.545454545454549,52.72727272727273,2222.5772160497027,355,rolled,2522.6912500515255,0.13502974467417175,True,True,1.0009936853044556,1,605.3139259444475,271.2588658857129,19.647792166724066,11.308589188479527,355.0,rolled,1.0,True,scale,0.9848365783691406,40,18,58,0.04559445381164551,0.0012619495391845703,0.04685640335083008
gated_cost_merged_seed43,scale,12.545454545454549,63.63636363636363,2552.3230156844406,355,rolled,2643.1186781512965,0.03557373495004424,True,True,1.0009902785761977,2,710.698127746582,284.2792510986328,18.346548560173538,11.043641745763663,355.0,rolled,1.0,True,scale,0.9475975036621094,40,18,58,0.04516792297363281,0.0012226104736328125,0.046390533447265625
gated_cost_merged_seed43,scale,12.545454545454549,74.54545454545453,2864.0220557743514,355,rolled,2916.4967947025766,0.018322044281197925,True,True,1.000957476884558,2,716.9981002807617,286.7992401123047,21.48471355934249,10.978353361486686,355.0,rolled,1.0,True,scale,0.9559974670410156,40,18,58,0.05574154853820801,0.0017473697662353516,0.05748891830444336
gated_cost_merged_seed43,scale,12.545454545454549,85.45454545454545,3136.2352005841685,355,rolled,3328.4415329424405,0.061285688114995594,True,True,1.000992550629292,1,714.3888473510742,285.7555389404297,24.77872092099807,12.556355456008664,355.0,rolled,1.0,True,scale,0.9525184631347656,40,18,58,0.0432887077331543,0.0012288093566894531,0.04451751708984375
gated_cost_merged_seed43,scale,12.545454545454549,96.36363636363636,3474.753399293351,355,rolled,3925.3947961175686,0.12969018086747197,True,True,1.0009771628905484,1,686.9870402420329,277.6084899902344,29.893940740953113,15.86186946505873,355.0,rolled,1.0,True,scale,0.9253616333007812,40,18,58,0.04361844062805176,0.0012447834014892578,0.044863224029541016
gated_cost_merged_seed43,scale,12.545454545454549,107.27272727272728,3859.290256207383,355,rolled,4462.402985268322,0.15627555561307577,True,True,1.0009733628449076,2,711.7109298706055,284.6843719482422,33.21317672729492,10.033247528167609,355.0,rolled,1.0,True,scale,0.9489479064941406,40,18,58,0.06327176094055176,0.0017800331115722656,0.06505179405212402
gated_cost_merged_seed43,scale,12.545454545454549,118.18181818181816,4215.558205846268,355,rolled,4616.104334417752,0.0950161542108456,True,True,1.000987813661046,1,723.9761352539062,279.02003513513074,33.785552978515625,18.83521127209645,355.0,rolled,1.0,True,scale,0.965301513671875,25,18,43,0.029206037521362305,0.001631021499633789,0.030837059020996094
gated_cost_merged_seed43,scale,12.545454545454549,129.0909090909091,4601.917380514503,355,rolled,5011.052360787673,0.08890532933197252,True,True,1.0009956975794085,2,749.7854232788086,299.91416931152344,34.989986419677734,11.0589115433556,355.0,rolled,1.0,True,scale,0.9997138977050781,40,18,58,0.050787925720214844,0.0012750625610351562,0.05206298828125
gated_cost_merged_seed43,scale,12.545454545454549,140.0,5031.3200482783495,355,rolled,5772.303532881871,0.14727417009718485,True,True,1.000982383062267,1,713.4618759155273,285.38475036621094,33.29488754272461,19.239031391318658,460.0,rolled,0.0,True,scale,0.9512825012207031,40,18,58,0.04887223243713379,0.002084016799926758,0.05095624923706055
gated_cost_merged_seed43,scale,13.363636363636363,20.0,1553.9456704912225,355,rolled,1936.370640655077,0.24609931828759823,True,True,1.0009724911544637,2,470.5972730234071,226.79790087156985,16.48619239344534,6.541620113174132,355.0,rolled,1.0,True,scale,0.9065933227539062,40,18,58,0.0532231330871582,0.0012314319610595703,0.05445456504821777
gated_cost_merged_seed43,scale,13.363636363636363,30.909090909090907,2055.764041961098,355,rolled,2011.854481078047,-0.021359241618587415,True,True,1.0009662306190432,1,488.0768108771137,260.68380322498706,17.050523880688708,8.55318545250778,355.0,rolled,1.0,True,scale,0.8853187561035156,40,18,58,0.04502582550048828,0.0013096332550048828,0.046335458755493164
gated_cost_merged_seed43,scale,13.363636363636363,41.81818181818181,2295.1327804460216,355,rolled,2530.3810101543377,0.10249874504541713,True,True,1.0009551396653273,1,614.5869036500402,264.9915038363766,19.18645463980345,10.23225831847675,355.0,rolled,1.0,True,scale,0.969329833984375,40,18,58,0.0442204475402832,0.0011963844299316406,0.045416831970214844
gated_cost_merged_seed43,scale,13.363636363636363,52.72727272727273,2698.233573079863,355,rolled,2817.3445173777027,0.04414404501011449,True,True,1.0009596696062386,2,694.7299630456785,281.66656494140625,18.931842744478395,10.993649621543527,355.0,rolled,1.0,True,scale,0.9388885498046875,40,18,58,0.04309391975402832,0.0012044906616210938,0.044298410415649414
gated_cost_merged_seed43,scale,13.363636363636363,63.63636363636363,3099.504449257762,355,rolled,3166.209840601498,0.02152130846584514,True,True,1.0009714829992236,1,718.9035415649414,287.56141662597656,21.41911775238745,11.511442408962646,355.0,rolled,1.0,True,scale,0.9585380554199219,40,18,58,0.06779336929321289,0.001321554183959961,0.06911492347717285
gated_cost_merged_seed43,scale,13.363636363636363,74.54545454545453,3409.0278837627866,355,rolled,4138.490800696854,0.21397974490279256,True,True,1.0009825589016075,1,580.4163436149149,286.92970275878906,31.030944501620052,16.33316351229561,355.0,rolled,1.0,True,scale,0.9564323425292969,40,18,58,0.04236173629760742,0.0013260841369628906,0.04368782043457031
gated_cost_merged_seed43,scale,13.363636363636363,85.45454545454545,3859.8972334468967,355,rolled,4300.302951552678,0.11409778330095534,True,True,1.0009792392946313,1,733.1857681274414,293.27430725097656,25.722266704258615,17.91543945039246,355.0,rolled,1.0,True,scale,0.9775810241699219,40,18,58,0.06216835975646973,0.0012476444244384766,0.0634160041809082
gated_cost_merged_seed43,scale,13.363636363636363,96.36363636363636,4319.916451720051,355,rolled,4657.649001640839,0.07818034299860453,True,True,1.0009973540526853,1,708.003044128418,283.2012176513672,33.04014205932617,16.911219060181455,355.0,rolled,1.0,True,scale,0.9440040588378906,40,18,58,0.04418611526489258,0.0013689994812011719,0.04555511474609375
gated_cost_merged_seed43,scale,13.363636363636363,107.27272727272728,4782.366988912803,355,rolled,4954.553436496079,0.03600444047528424,True,True,1.0009916143954736,1,729.5379638671875,291.815185546875,34.04510498046875,17.514450530341893,355.0,rolled,1.0,True,scale,0.97271728515625,40,18,58,0.04236292839050293,0.0013184547424316406,0.04368138313293457
gated_cost_merged_seed43,scale,13.363636363636363,118.18181818181816,5228.730538579276,355,rolled,6584.015879855011,0.2591996912589009,True,True,1.0009780606504148,1,725.3408432006836,290.13633728027344,33.849239349365234,12.884806106153148,460.0,rolled,0.0,True,scale,0.9671211242675781,40,18,58,0.04582381248474121,0.0017044544219970703,0.04752826690673828
gated_cost_merged_seed43,scale,13.363636363636363,129.0909090909091,6054.672912989209,460,rolled,9252.404822138935,0.5281428006275233,True,True,1.0009767126054074,3,726.5510559082031,290.62042236328125,33.90571594238281,12.426898268066534,620.0,rolled,0.0,True,scale,0.9687347412109375,40,18,58,0.0471806526184082,0.0012249946594238281,0.04840564727783203
gated_cost_merged_seed43,scale,13.363636363636363,140.0,6583.558144781793,460,rolled,10736.3013834128,0.6307749012473628,True,True,1.0009634809367514,3,731.2889099121094,292.51556396484375,34.12681579589844,13.34965769015815,690.0,rolled,0.0,True,scale,0.9750518798828125,40,18,58,0.05225777626037598,0.0016982555389404297,0.053956031799316406
gated_cost_merged_seed43,scale,14.181818181818182,20.0,1796.9028968466985,355,rolled,2244.928005694589,0.2493318418230106,True,True,1.0009530594458624,2,523.9507773320505,237.62609732413227,16.111694355308682,7.40220891153796,355.0,rolled,1.0,True,scale,0.9278335571289062,40,18,58,0.05655050277709961,0.0012617111206054688,0.05781221389770508
gated_cost_merged_seed43,scale,14.181818181818182,30.909090909090907,2224.07150895444,355,rolled,2333.0042907575926,0.04897899252095673,True,True,1.000989673909432,1,518.1492642128785,267.4155883796466,17.875271283665114,9.114113774510363,355.0,rolled,1.0,True,scale,0.8965682983398438,40,18,58,0.058158159255981445,0.001218557357788086,0.05937671661376953
gated_cost_merged_seed43,scale,14.181818181818182,41.81818181818181,2615.0382292659383,355,rolled,2876.0394630867036,0.09980780812295442,True,True,1.0009810329399882,2,686.8942238430303,279.0607452392578,18.282362829452932,10.76645860477374,355.0,rolled,1.0,True,scale,0.9302024841308594,40,18,58,0.10020947456359863,0.002796649932861328,0.10300612449645996
gated_cost_merged_seed43,scale,14.181818181818182,52.72727272727273,3202.0654799770145,355,rolled,3313.9402595030524,0.03493831722855365,True,True,1.0009870103408136,2,709.7969055175781,283.91876220703125,21.784608688499507,11.19000396033945,355.0,rolled,1.0,True,scale,0.9463958740234375,40,18,58,0.07786822319030762,0.0012950897216796875,0.0791633129119873
gated_cost_merged_seed43,scale,14.181818181818182,63.63636363636363,3623.765744949169,355,rolled,4141.737805848201,0.1429375123436125,True,True,1.000955301354161,1,710.423469543457,284.1693878173828,24.930952045474413,16.059322440630076,355.0,rolled,1.0,True,scale,0.9472312927246094,40,18,58,0.04881095886230469,0.0012087821960449219,0.05001974105834961
gated_cost_merged_seed43,scale,14.181818181818182,74.54545454545453,4194.266016339479,355,rolled,4653.364223910993,0.10945853357488969,True,True,1.0009597946198687,1,700.556219757453,288.6943817138672,28.86811186080725,17.376578019952944,355.0,rolled,1.0,True,scale,0.9623146057128906,40,18,58,0.04532146453857422,0.0012235641479492188,0.04654502868652344
gated_cost_merged_seed43,scale,14.181818181818182,85.45454545454545,4739.8598837186255,355,rolled,5326.324257222805,0.12373031859415903,True,True,1.0009930290656341,2,727.4436950683594,290.97747802734375,33.94737243652344,10.685226986279178,355.0,rolled,1.0,True,scale,0.9699249267578125,40,18,58,0.04794669151306152,0.0027811527252197266,0.05072784423828125
gated_cost_merged_seed43,scale,14.181818181818182,96.36363636363636,5290.364352494784,355,rolled,5904.5905415142715,0.11610281411521993,True,True,1.000987344237088,1,748.6181259155273,299.44725036621094,34.93551254272461,12.951145777887296,355.0,rolled,1.0,True,scale,0.9981575012207031,40,18,58,0.05196094512939453,0.001581430435180664,0.053542375564575195
gated_cost_merged_seed43,scale,14.181818181818182,107.27272727272728,6179.874379812138,355,rolled,7125.5133256257795,0.15301912105248786,True,True,1.0009643858524726,2,739.3569946289062,295.7427978515625,34.503326416015625,12.32795090665611,460.0,rolled,0.0,True,scale,0.985809326171875,40,18,58,0.06684088706970215,0.002909421920776367,0.06975030899047852
gated_cost_merged_seed43,scale,14.181818181818182,118.18181818181816,6852.162427149681,460,rolled,11323.056747908102,0.6524793258028757,True,True,1.000994008106508,3,732.2244644165039,292.88978576660156,34.170475006103516,13.017537928523037,690.0,rolled,0.0,True,scale,0.9762992858886719,39,18,57,0.04871201515197754,0.0013725757598876953,0.050084590911865234
gated_cost_merged_seed43,scale,14.181818181818182,129.0909090909091,9553.512737278232,500,rolled,12521.326612954526,0.3106515851594307,True,True,1.0009987074606068,1,733.3316802978516,293.3326721191406,34.222145080566406,16.99751467879437,690.0,rolled,0.0,True,scale,0.9777755737304688,15,18,33,0.01735234260559082,0.0012373924255371094,0.01858973503112793
gated_cost_merged_seed43,scale,14.181818181818182,140.0,12744.824501296387,690,rolled,14895.220088657417,0.16872696733817674,True,True,1.0009597592534802,1,732.1450016179806,295.0836181640625,34.426422119140625,24.590301513671875,690.0,rolled,1.0,True,scale,0.983612060546875,8,18,26,0.011797666549682617,0.0014417171478271484,0.013239383697509766
gated_cost_merged_seed43,scale,15.0,20.0,2057.2483346770277,355,rolled,2422.4409915514407,0.17751510632854414,True,True,1.0009681863729036,2,484.39445105506115,263.3949279785156,15.835116383149725,7.0320292264391675,355.0,rolled,1.0,True,scale,0.8779830932617188,40,18,58,0.0482025146484375,0.0015974044799804688,0.04979991912841797
gated_cost_merged_seed43,scale,15.0,30.909090909090907,2565.283454586496,355,rolled,2778.39556591633,0.08307546323927999,True,True,1.0009542026300802,2,627.0840510321417,275.2189636230469,18.201775874137773,9.642801535566027,355.0,rolled,1.0,True,scale,0.9173965454101562,40,18,58,0.04755139350891113,0.0017597675323486328,0.049311161041259766
gated_cost_merged_seed43,scale,15.0,41.81818181818181,3234.6725939942403,355,rolled,3336.8799035476095,0.031597420321035186,True,True,1.0009786208324218,2,703.1106948852539,281.24427795410156,20.86943100671877,10.787827929665728,355.0,rolled,1.0,True,scale,0.9374809265136719,40,18,58,0.049501895904541016,0.0019822120666503906,0.051484107971191406
gated_cost_merged_seed43,scale,15.0,52.72727272727273,3765.638206814382,355,rolled,4629.69038782246,0.22945703584706312,True,True,1.0009602820638004,3,722.4225997924805,288.9690399169922,26.865564681361285,9.72083331920557,355.0,rolled,1.0,True,scale,0.9632301330566406,40,18,58,0.0487828254699707,0.00125885009765625,0.05004167556762695
gated_cost_merged_seed43,scale,15.0,63.63636363636363,4414.262908667717,355,rolled,5288.862193265888,0.19813031137788223,True,True,1.0009705500811863,3,720.0279235839844,288.01116943359375,32.825697471973896,9.558266680292153,355.0,rolled,1.0,True,scale,0.9600372314453125,40,18,58,0.05122566223144531,0.0013668537139892578,0.05259251594543457
gated_cost_merged_seed43,scale,15.0,74.54545454545453,5073.1569950190815,355,rolled,5318.40575168262,0.04834243389359484,True,True,1.000984700301214,1,736.4473342895508,294.5789337158203,30.982898901147752,17.535521331592488,355.0,rolled,1.0,True,scale,0.9819297790527344,40,18,58,0.04445385932922363,0.001397848129272461,0.045851707458496094
gated_cost_merged_seed43,scale,15.0,85.45454545454545,5700.335679671592,355,rolled,6830.4702735619885,0.19825755137906306,True,True,1.0009987683014945,1,714.2601013183594,285.70404052734375,33.33213806152344,18.650864310412828,460.0,rolled,0.0,True,scale,0.9523468017578125,40,18,58,0.04397940635681152,0.001165151596069336,0.04514455795288086
gated_cost_merged_seed43,scale,15.0,96.36363636363636,6971.155593281798,460,rolled,10297.224094178175,0.47711867227605076,True,True,1.0009724115948182,3,734.8165512084961,293.92662048339844,34.291439056396484,11.324105194699078,620.0,rolled,0.0,True,scale,0.9797554016113281,40,18,58,0.046279191970825195,0.0013871192932128906,0.047666311264038086
gated_cost_merged_seed43,scale,15.0,107.27272727272728,8192.251861307222,460,rolled,12614.94448282342,0.5398628724301057,True,True,1.0009827446670478,2,733.3488464355469,293.33953857421875,34.22294616699219,14.978465219889067,690.0,rolled,0.0,True,scale,0.9777984619140625,15,18,33,0.017259836196899414,0.0013461112976074219,0.018605947494506836
gated_cost_merged_seed43,scale,15.0,118.18181818181816,13414.02255742561,620,rolled,15602.983891379921,0.16318455739755464,True,True,1.0009832059852788,1,746.2577819824219,298.50311279296875,33.28785047487362,24.314551999556976,690.0,rolled,0.0,True,scale,0.9950103759765625,6,18,24,0.00908517837524414,0.001306772232055664,0.010391950607299805
gated_cost_merged_seed43,scale+thin,6.0,20.0,241.3288087904857,355,rolled,253.89188774432412,0.052057932978674316,True,True,1.000989432038578,1,294.3445376146008,120.0,8.0,6.0,355.0,rolled,1.0,True,scale,0.8647308349609375,40,69,109,0.07861471176147461,0.0056917667388916016,0.08430647850036621
gated_cost_merged_seed43,scale+thin,6.0,30.909090909090907,292.67799548197263,355,rolled,299.7038869701132,0.02400553371486154,True,True,1.000989044774509,2,346.26950254628997,138.89096180007502,8.127860367298975,6.0,355.0,rolled,1.0,True,thin_c2,0.9445762634277344,40,69,109,0.054015398025512695,0.00461888313293457,0.058634281158447266
gated_cost_merged_seed43,scale+thin,6.0,41.81818181818181,342.2853688824266,355,rolled,353.3309280704462,0.032270030191719,True,True,1.0009955784840672,1,388.01518906835815,143.52237528838054,9.289009584042354,6.306316960058658,355.0,rolled,1.0,True,thin_c1,0.9655647277832031,40,70,110,0.0434260368347168,0.004521846771240234,0.04794788360595703
gated_cost_merged_seed43,scale+thin,6.0,52.72727272727273,386.25765574493386,355,rolled,404.12691230303017,0.04626253044391777,True,True,1.0009849312173584,1,422.85063629511905,150.7523136732022,9.739140712665565,6.886976042674634,355.0,rolled,1.0,True,thin_c1,0.9627494812011719,40,70,110,0.04943561553955078,0.0056116580963134766,0.05504727363586426
gated_cost_merged_seed43,scale+thin,6.0,63.63636363636363,431.68145507497405,355,rolled,448.6064268417063,0.03920708561314672,True,True,1.0009991271951144,2,463.573201940541,155.1762072531695,10.010885759624202,7.296686646450624,355.0,rolled,1.0,True,thin_c1,1.017928917926291,40,73,113,0.04421043395996094,0.005358219146728516,0.04956865310668945
gated_cost_merged_seed43,scale+thin,6.0,74.54545454545453,466.9500019446189,355,rolled,491.92243090379304,0.05347987762110749,True,True,1.00096694853248,2,479.8272667222482,162.7891844085319,10.498236189575033,7.71058574025582,355.0,rolled,1.0,True,thin_c1,0.9813575744628906,40,72,112,0.05141282081604004,0.0054972171783447266,0.056910037994384766
gated_cost_merged_seed43,scale+thin,6.0,85.45454545454545,518.2473353887603,355,rolled,539.5262185442874,0.041059319947231054,True,True,1.000995904204316,2,525.3454316042883,163.19157869008828,10.482725104716126,8.342107788231749,355.0,rolled,1.0,True,thin_c1,1.026198040506114,40,73,113,0.04579043388366699,0.005301237106323242,0.051091670989990234
gated_cost_merged_seed43,scale+thin,6.0,96.36363636363636,549.7256874002802,355,rolled,582.1131065909756,0.05891560087697452,True,True,1.0009984737320907,2,556.196846677623,165.91072065822516,10.636510646293743,8.789549458334061,355.0,rolled,1.0,True,thin_c1,1.0425772227411683,40,73,113,0.057348012924194336,0.004917621612548828,0.062265634536743164
gated_cost_merged_seed43,scale+thin,6.0,107.27272727272728,586.6560772595034,355,rolled,628.4730651137826,0.071280243187154,True,True,1.000962290006902,2,535.2200225882353,155.5469492889235,15.03033071704426,8.335694103282105,355.0,rolled,1.0,True,scale,0.9702339172363281,40,75,115,0.04546809196472168,0.005222320556640625,0.050690412521362305
gated_cost_merged_seed43,scale+thin,6.0,118.18181818181816,628.4217050081675,355,rolled,661.7957054005458,0.0531076506848925,True,True,1.0009959250245137,2,600.8456099123753,172.62319194270248,11.037088667699356,9.584733582285908,355.0,rolled,1.0,True,thin_c1,1.0358643374235736,40,74,114,0.04830789566040039,0.005594968795776367,0.05390286445617676
gated_cost_merged_seed43,scale+thin,6.0,129.0909090909091,657.4964976148059,355,rolled,701.45339162566,0.06685494777586813,True,True,1.0009984541520165,2,571.5175482426139,162.28629881764417,15.652134791576088,8.956455490179668,355.0,rolled,1.0,True,scale,0.9571647644042969,40,74,114,0.049807071685791016,0.005318164825439453,0.05512523651123047
gated_cost_merged_seed43,scale+thin,6.0,140.0,697.879425726456,355,rolled,733.2399107874918,0.0506684733171885,True,True,1.0009717889491414,2,594.5518239379295,165.24954479291773,15.689053751277243,9.203018501208213,355.0,rolled,1.0,True,scale,0.9557113647460938,40,74,114,0.04470992088317871,0.004902362823486328,0.04961228370666504
gated_cost_merged_seed43,scale+thin,6.818181818181818,20.0,317.0885192434045,355,rolled,329.7713178050792,0.039997659303265695,True,True,1.0009683692325326,2,321.87343927418067,139.1945142739259,8.154280637437273,6.0,355.0,rolled,1.0,True,thin_c2,0.9229927062988281,40,69,109,0.04944968223571777,0.004660129547119141,0.054109811782836914
gated_cost_merged_seed43,scale+thin,6.818181818181818,30.909090909090907,392.6423822212096,355,rolled,399.0474416747734,0.016312705259503242,True,True,1.0009933373791147,2,361.1856177902222,157.3368749877453,9.245476752411987,6.0,355.0,rolled,1.0,True,thin_c2,0.96575927734375,40,70,110,0.046764373779296875,0.005387783050537109,0.052152156829833984
gated_cost_merged_seed43,scale+thin,6.818181818181818,41.81818181818181,455.0251859822217,355,rolled,474.69065866572913,0.04321842678017333,True,True,1.0009819050966284,1,397.39476119170166,163.88428906186678,10.660043886700594,6.4154878470243615,355.0,rolled,1.0,True,thin_c1,0.9618568420410156,40,70,110,0.04704785346984863,0.004628658294677734,0.05167651176452637
gated_cost_merged_seed43,scale+thin,6.818181818181818,52.72727272727273,519.9507333014534,355,rolled,546.6879638766851,0.05142262307327141,True,True,1.0009965959407099,2,457.66928295930086,167.08920067572694,10.816356741991314,7.311366014189977,355.0,rolled,1.0,True,thin_c1,1.024143119480299,40,73,113,0.04707217216491699,0.005265712738037109,0.0523378849029541
gated_cost_merged_seed43,scale+thin,6.818181818181818,63.63636363636363,570.1996303697795,355,rolled,607.8441847728038,0.06601995581549489,True,True,1.0009968995895546,1,475.9772065491636,177.07755947003224,11.46396545825601,7.733331895909255,355.0,rolled,1.0,True,thin_c1,0.9572677612304688,40,71,111,0.04837942123413086,0.004957437515258789,0.05333685874938965
gated_cost_merged_seed43,scale+thin,6.818181818181818,74.54545454545453,645.0378754655677,355,rolled,660.5993713965441,0.024124933624625755,True,True,1.000962495334609,2,492.06130264277573,186.6342757040573,12.098487549974143,7.916969156659324,355.0,rolled,1.0,True,thin_c1,0.9935684204101562,40,72,112,0.04620718955993652,0.004999399185180664,0.05120658874511719
gated_cost_merged_seed43,scale+thin,6.818181818181818,85.45454545454545,698.212152166206,355,rolled,723.9512864347988,0.036864345870717144,True,True,1.0009847448119435,2,512.097297500737,179.1848201745125,14.527299977475947,7.871390175643858,355.0,rolled,1.0,True,scale,0.9422531127929688,40,72,112,0.07425475120544434,0.0062444210052490234,0.08049917221069336
gated_cost_merged_seed43,scale+thin,6.818181818181818,96.36363636363636,733.8166260116295,355,rolled,776.9335182570551,0.05875703917989757,True,True,1.0009942742514535,1,557.2464741453168,193.46741103452226,12.481709331989498,9.089201484872039,355.0,rolled,1.0,True,thin_c1,1.1041120578931727,40,76,116,0.05229902267456055,0.005904197692871094,0.05820322036743164
gated_cost_merged_seed43,scale+thin,6.818181818181818,107.27272727272728,798.4291807439346,355,rolled,833.7997799424413,0.04430023357306438,True,True,1.000994791844742,1,590.7007890533189,195.36515819333584,12.571554726531707,9.659763997300823,355.0,rolled,1.0,True,thin_c1,1.0184748906674592,40,74,114,0.05153846740722656,0.006917238235473633,0.058455705642700195
gated_cost_merged_seed43,scale+thin,6.818181818181818,118.18181818181816,860.6462645405438,355,rolled,893.0394115153726,0.037638166003220744,True,True,1.0009911376179734,2,632.6492758210526,194.80857334908112,12.49205987780655,10.27746685960328,355.0,rolled,1.0,True,thin_c1,0.9537773132324219,40,71,111,0.051840782165527344,0.00559544563293457,0.057436227798461914
gated_cost_merged_seed43,scale+thin,6.818181818181818,129.0909090909091,896.311601431932,355,rolled,946.4180925074205,0.055902981725818625,True,True,1.0009686984118156,2,658.700086146051,197.23966119484942,12.626112611794984,10.728344907723002,355.0,rolled,1.0,True,thin_c1,0.9565353393554688,40,71,111,0.052504777908325195,0.005911827087402344,0.05841660499572754
gated_cost_merged_seed43,scale+thin,6.818181818181818,140.0,931.1411275891702,355,rolled,993.6954796959907,0.0671803126866287,True,True,1.000961688941505,2,621.3155962033683,184.18283191009687,18.318202172025263,9.607112290138609,355.0,rolled,1.0,True,scale,0.9571189880371094,40,74,114,0.05628061294555664,0.005820274353027344,0.062100887298583984
gated_cost_merged_seed43,scale+thin,7.636363636363637,20.0,409.6201332461394,355,rolled,425.7765560761018,0.03944245294274654,True,True,1.000959980366277,2,327.95664894320987,156.24323741249506,9.194041072157917,6.0,355.0,rolled,1.0,True,thin_c2,0.9239997863769531,40,69,109,0.06653904914855957,0.004559755325317383,0.07109880447387695
gated_cost_merged_seed43,scale+thin,7.636363636363637,30.909090909090907,501.774525145321,355,rolled,515.7943341025667,0.027940455831601672,True,True,1.0009757847891658,2,383.2444477036205,173.6348022709346,10.233751214176031,6.0,355.0,rolled,1.0,True,thin_c2,0.9822845458984375,40,70,110,0.044614553451538086,0.004696846008300781,0.04931139945983887
gated_cost_merged_seed43,scale+thin,7.636363636363637,41.81818181818181,593.9298338756057,355,rolled,622.3095577989981,0.047782957354077435,True,True,1.000997978891215,1,410.85590699871665,182.78601497995064,11.927223196342707,6.598603501354558,355.0,rolled,1.0,True,thin_c1,1.0003825577445653,40,73,113,0.04337453842163086,0.004719257354736328,0.04809379577636719
gated_cost_merged_seed43,scale+thin,7.636363636363637,52.72727272727273,675.9362632758116,355,rolled,711.1902486821846,0.052155783498758386,True,True,1.0009960529424693,1,456.1785375462862,190.57164310998255,12.402857569494714,7.358221683346592,355.0,rolled,1.0,True,thin_c1,1.0158868938943613,40,73,113,0.044354915618896484,0.004854440689086914,0.0492093563079834
gated_cost_merged_seed43,scale+thin,7.636363636363637,63.63636363636363,779.5020738899598,355,rolled,791.6825443861253,0.01562596291165867,True,True,1.0009887859660722,1,486.83305306601454,199.41385638880396,12.967281474326294,7.862837415306399,355.0,rolled,1.0,True,thin_c1,0.9958457946777344,40,72,112,0.04324626922607422,0.004639387130737305,0.04788565635681152
gated_cost_merged_seed43,scale+thin,7.636363636363637,74.54545454545453,846.6406079690952,355,rolled,875.6152300831502,0.03422304793950148,True,True,1.0009782066039252,1,539.7769912020378,200.83352305713427,13.001986101263222,8.769851779029118,355.0,rolled,1.0,True,thin_c1,0.9995880126953125,40,72,112,0.047833919525146484,0.004776477813720703,0.05261039733886719
gated_cost_merged_seed43,scale+thin,7.636363636363637,85.45454545454545,921.2774310054268,355,rolled,947.8460871356026,0.02883893085406461,True,True,1.0009958172202478,1,566.385906667268,207.3193511894729,13.411193663499674,9.210918295027444,355.0,rolled,1.0,True,thin_c1,1.015555871051291,40,74,114,0.04675436019897461,0.005030155181884766,0.051784515380859375
gated_cost_merged_seed43,scale+thin,7.636363636363637,96.36363636363636,990.3158107657674,355,rolled,1039.3894100619314,0.04955348461842439,True,True,1.0009758591186333,2,583.1326671409064,191.1933057217154,17.3076452307874,8.986989883554608,355.0,rolled,1.0,True,scale,0.961456298828125,40,74,114,0.05067944526672363,0.004827022552490234,0.05550646781921387
gated_cost_merged_seed43,scale+thin,7.636363636363637,107.27272727272728,1055.0870687226268,355,rolled,1102.3123964982199,0.044759649867349684,True,True,1.000985869633615,1,645.200992056939,210.91719849183627,13.563606405867409,10.557344112340852,355.0,rolled,1.0,True,thin_c1,0.9530448913574219,40,71,111,0.04585742950439453,0.0048274993896484375,0.05068492889404297
gated_cost_merged_seed43,scale+thin,7.636363636363637,118.18181818181816,1088.4839809208006,355,rolled,1171.454290898979,0.07622556825134888,True,True,1.0009581442106414,2,676.7675954426501,213.5840169464896,13.712650006168323,11.022509617298727,355.0,rolled,1.0,True,thin_c1,0.9512138366699219,40,71,111,0.04552721977233887,0.004739522933959961,0.05026674270629883
gated_cost_merged_seed43,scale+thin,7.636363636363637,129.0909090909091,1173.7978050697595,355,rolled,1236.8327387378845,0.05370169666008086,True,True,1.00099108084707,2,706.3970912737124,216.39323804792892,13.828692045371088,11.427765729817212,355.0,rolled,1.0,True,scale,0.9498977661132812,40,55,95,0.044530391693115234,0.004745960235595703,0.04927635192871094
gated_cost_merged_seed43,scale+thin,7.636363636363637,140.0,1251.7374258469372,355,rolled,1267.2065025898862,0.012358084390168734,True,True,1.0009843831504994,2,706.3980102539062,228.4444560504852,14.184150064779201,11.206329387789083,355.0,rolled,1.0,True,scale,0.941864013671875,40,54,94,0.047890424728393555,0.0037419795989990234,0.05163240432739258
gated_cost_merged_seed43,scale+thin,8.454545454545455,20.0,516.1523336674153,355,rolled,537.1776494076631,0.04073471021792488,True,True,1.0009809022382723,2,344.2180409650794,170.8724164177487,10.084272586867506,6.0,355.0,rolled,1.0,True,thin_c2,0.93023681640625,40,70,110,0.05284857749938965,0.008158206939697266,0.061006784439086914
gated_cost_merged_seed43,scale+thin,8.454545454545455,30.909090909090907,633.218032838701,355,rolled,674.1640511934463,0.06466338011756444,True,True,1.0009799841008915,1,390.1863141820874,185.10166488758327,12.108453095169908,6.237148587624992,355.0,rolled,1.0,True,thin_c1,0.9571075439453125,40,71,111,0.06816244125366211,0.004733562469482422,0.07289600372314453
gated_cost_merged_seed43,scale+thin,8.454545454545455,41.81818181818181,757.3789000305048,355,rolled,796.5335917440044,0.05169762679145477,True,True,1.000983751985881,1,423.8131515070218,201.2794891150839,13.167281344536747,6.774097712966947,355.0,rolled,1.0,True,thin_c1,0.9589385986328125,40,71,111,0.04523205757141113,0.0052835941314697266,0.05051565170288086
gated_cost_merged_seed43,scale+thin,8.454545454545455,52.72727272727273,897.7427828478864,355,rolled,907.5112000389823,0.010881086852191536,True,True,1.0009975621624325,1,461.18292677965707,212.56351827726496,13.889611209220169,7.387962736091555,355.0,rolled,1.0,True,thin_c1,1.0014100182574723,40,73,113,0.050545692443847656,0.0051691532135009766,0.05571484565734863
gated_cost_merged_seed43,scale+thin,8.454545454545455,63.63636363636363,969.5859503873623,355,rolled,1008.0608392474551,0.0396817722500223,True,True,1.0009756486611256,2,512.6107215719919,217.55693217536694,14.175922608127577,8.152021380946747,355.0,rolled,1.0,True,thin_c1,0.9638023376464844,40,71,111,0.04557013511657715,0.004772186279296875,0.05034232139587402
gated_cost_merged_seed43,scale+thin,8.454545454545455,74.54545454545453,1093.1775012217977,355,rolled,1111.1157383489408,0.016409263003578388,True,True,1.0009906098477666,2,561.9522134868486,220.8488880234411,14.33922380458596,9.031712913165224,355.0,rolled,1.0,True,thin_c1,0.9589385986328125,40,71,111,0.04686474800109863,0.004752635955810547,0.05161738395690918
gated_cost_merged_seed43,scale+thin,8.454545454545455,85.45454545454545,1181.2789978646645,355,rolled,1190.32122689255,0.007654609151801249,True,True,1.0009634412833752,2,605.9542766063415,227.14626836532577,14.31273365439159,9.427267292107715,355.0,rolled,1.0,True,scale,0.9443702697753906,40,54,94,0.05260658264160156,0.0036666393280029297,0.05627322196960449
gated_cost_merged_seed43,scale+thin,8.454545454545455,96.36363636363636,1257.923897819336,355,rolled,1308.3206529384263,0.040063437228957374,True,True,1.000962954683143,2,648.3949395822596,226.46532082238866,14.619357230443738,10.510050654863232,355.0,rolled,1.0,True,thin_c1,0.9578628540039062,40,71,111,0.04703497886657715,0.004694461822509766,0.051729440689086914
gated_cost_merged_seed43,scale+thin,8.454545454545455,107.27272727272728,1352.4875507253705,355,rolled,1378.9264116396341,0.019548321091816215,True,True,1.000990869006549,2,620.8534534672268,230.3032792301641,17.930275783785298,9.53625247956304,355.0,rolled,1.0,True,scale,0.9496803283691406,40,72,112,0.04365992546081543,0.004714012145996094,0.04837393760681152
gated_cost_merged_seed43,scale+thin,8.454545454545455,118.18181818181816,1418.3994702060834,355,rolled,1464.075289449397,0.03220236626052684,True,True,1.0009869370008102,2,715.0269386585447,236.54206062800375,14.749837426200568,11.252641535317354,355.0,rolled,1.0,True,scale,0.9550361633300781,40,55,95,0.04313540458679199,0.0035843849182128906,0.04671978950500488
gated_cost_merged_seed43,scale+thin,8.454545454545455,129.0909090909091,1503.943042662674,355,rolled,1519.0219316873615,0.01002623676358836,True,True,1.0009731056901126,2,708.8871002197266,248.76732111727182,15.559621155681157,11.068453628379132,355.0,rolled,1.0,True,scale,0.9451828002929688,40,55,95,0.04375314712524414,0.003599882125854492,0.04735302925109863
gated_cost_merged_seed43,scale+thin,8.454545454545455,140.0,1589.050557323039,355,rolled,1591.5843033420658,0.0015945030869850636,True,True,1.0009638117825927,2,711.5306854248047,255.19944726003533,16.52396537513156,11.109549834044007,355.0,rolled,1.0,True,thin_c1,0.9487075805664062,40,72,112,0.043344974517822266,0.004654407501220703,0.04799938201904297
gated_cost_merged_seed43,scale+thin,9.272727272727272,20.0,633.3700898588271,355,rolled,635.319791805637,0.003078298104106056,True,True,1.0009550249072021,2,343.9785333992633,181.0092895473121,10.71082960144591,6.0,355.0,rolled,1.0,True,thin_c2,0.9080696105957031,40,70,110,0.0475311279296875,0.004713535308837891,0.05224466323852539
gated_cost_merged_seed43,scale+thin,9.272727272727272,30.909090909090907,801.8071464602682,355,rolled,918.1620744544463,0.145115852992642,True,True,1.0009964871907666,3,443.06139977312705,226.56519232460803,9.62885121487788,6.378823082965356,355.0,rolled,1.0,True,thin_c3,1.063137180494226,40,70,110,0.04854083061218262,0.005550861358642578,0.054091691970825195
gated_cost_merged_seed43,scale+thin,9.272727272727272,41.81818181818181,962.5021253931346,355,rolled,1118.4112670912841,0.16198316615089892,True,True,1.0009987035127412,3,505.3504954433337,251.28589981374736,10.696825517404886,6.677781929347827,355.0,rolled,1.0,True,thin_c3,1.1129636548913044,40,72,112,0.04563021659851074,0.004738569259643555,0.0503687858581543
gated_cost_merged_seed43,scale+thin,9.272727272727272,52.72727272727273,1070.6846994207378,355,rolled,1134.8390818093083,0.05991902417516495,True,True,1.0009828376204026,2,481.35685603298157,230.20969022242684,15.067341478753177,7.6368541901591644,355.0,rolled,1.0,True,thin_c1,0.9631614685058594,40,71,111,0.05063223838806152,0.005732059478759766,0.05636429786682129
gated_cost_merged_seed43,scale+thin,9.272727272727272,63.63636363636363,1216.7126656588257,355,rolled,1252.6495915581684,0.029536082687101426,True,True,1.0009914680270193,2,539.8251742328396,236.47473818120196,15.124777297074798,8.453830904876526,355.0,rolled,1.0,True,scale,0.9601516723632812,40,54,94,0.047411203384399414,0.0038025379180908203,0.051213741302490234
gated_cost_merged_seed43,scale+thin,9.272727272727272,74.54545454545453,1356.4151141978043,355,rolled,1376.910126401531,0.015109690233618196,True,True,1.0009708510861282,2,592.1499326192685,239.86944854905977,15.354168863180242,9.318960003273125,355.0,rolled,1.0,True,scale,0.959716796875,40,54,94,0.052590370178222656,0.00414276123046875,0.056733131408691406
gated_cost_merged_seed43,scale+thin,9.272727272727272,85.45454545454545,1422.5235716023028,355,rolled,1488.2387476530582,0.04619619482068415,True,True,1.000982101475107,2,641.7830414282241,244.70903624590662,15.323506260644436,10.009301052847075,355.0,rolled,1.0,True,scale,0.9586181640625,40,54,94,0.04546689987182617,0.003603219985961914,0.049070119857788086
gated_cost_merged_seed43,scale+thin,9.272727272727272,96.36363636363636,1530.0841209322955,355,rolled,1609.9933575874566,0.05222538784761165,True,True,1.0009939618265251,2,693.7581694549754,245.71983414939896,15.366502430711572,10.82753888070007,355.0,rolled,1.0,True,scale,0.9568443298339844,40,54,94,0.049655914306640625,0.0051441192626953125,0.05480003356933594
gated_cost_merged_seed43,scale+thin,9.272727272727272,107.27272727272728,1647.0835657255905,355,rolled,1712.066118819144,0.03945310028330399,True,True,1.0009925470891874,2,716.3114547729492,252.64268837150985,15.81977722317298,11.203983365090798,355.0,rolled,1.0,True,scale,0.9550819396972656,40,55,95,0.07142972946166992,0.0036420822143554688,0.07507181167602539
gated_cost_merged_seed43,scale+thin,9.272727272727272,118.18181818181816,1794.0191544704012,355,rolled,1797.204913782682,0.0017757666100400825,True,True,1.0009719778175579,2,716.2084579467773,263.8240923121699,16.705692764189294,11.172871433278155,355.0,rolled,1.0,True,scale,0.9549446105957031,40,56,96,0.04505205154418945,0.003692150115966797,0.04874420166015625
gated_cost_merged_seed43,scale+thin,9.272727272727272,129.0909090909091,1876.6125693849333,355,rolled,1912.3620478722269,0.019050004817462454,True,True,1.0009897110779615,2,732.0356369018555,268.17624744364525,17.35979554236333,11.739573967225365,355.0,rolled,1.0,True,thin_c1,0.9760475158691406,40,75,115,0.047293901443481445,0.005123615264892578,0.05241751670837402
gated_cost_merged_seed43,scale+thin,9.272727272727272,140.0,1975.8458780810136,355,rolled,1989.419448640273,0.006869751689561137,True,True,1.000991963868659,2,739.4857406616211,277.60942095540844,18.003406498876323,11.665408962055034,355.0,rolled,1.0,True,thin_c1,0.9859809875488281,40,75,115,0.046721696853637695,0.005259990692138672,0.05198168754577637
gated_cost_merged_seed43,scale+thin,10.09090909090909,20.0,771.2799576046779,355,rolled,768.0843765798049,-0.004143218027857568,True,True,1.0009764128137046,2,372.2287528154079,191.84556943070015,11.365386395046361,6.0,355.0,rolled,1.0,True,thin_c2,0.9259796142578125,40,70,110,0.054260969161987305,0.0061304569244384766,0.06039142608642578
gated_cost_merged_seed43,scale+thin,10.09090909090909,30.909090909090907,964.7090665866748,355,rolled,1111.4318228374061,0.15209015995865416,True,True,1.0009953056703786,3,460.1918029330523,244.149812265372,10.39989161111611,6.331787746263586,355.0,rolled,1.0,True,thin_c3,1.0552979577105976,40,70,110,0.0503385066986084,0.004688262939453125,0.05502676963806152
gated_cost_merged_seed43,scale+thin,10.09090909090909,41.81818181818181,1147.2574547707825,355,rolled,1175.0874149626727,0.024257815955922937,True,True,1.0009685917852622,1,450.19790072500047,227.40788220921212,14.844672925123364,7.438931800619354,355.0,rolled,1.0,True,scale,0.9296073913574219,40,70,110,0.04567241668701172,0.004476785659790039,0.05014920234680176
gated_cost_merged_seed43,scale+thin,10.09090909090909,52.72727272727273,1318.1429375417918,355,rolled,1395.876901703054,0.05897233292940792,True,True,1.0009880799509923,2,507.82537937639074,246.01809493514628,16.011416510444633,8.108091241823958,355.0,rolled,1.0,True,thin_c1,0.9534568786621094,40,71,111,0.044296979904174805,0.004736423492431641,0.049033403396606445
gated_cost_merged_seed43,scale+thin,10.09090909090909,63.63636363636363,1473.4968374975142,355,rolled,1554.3831349819345,0.05489411000147923,True,True,1.0009648018857078,1,568.2756525441488,250.36026010019424,16.330164391766736,9.133165934158269,355.0,rolled,1.0,True,thin_c1,0.9903068542480469,40,72,112,0.0484311580657959,0.005273342132568359,0.05370450019836426
gated_cost_merged_seed43,scale+thin,10.09090909090909,74.54545454545453,1593.8205978972342,355,rolled,1681.2161260142932,0.05483398083345268,True,True,1.000982714298338,2,626.5709591691358,257.96726058378835,16.14192446930628,9.771209035838583,355.0,rolled,1.0,True,scale,0.9533653259277344,40,54,94,0.04971456527709961,0.0036826133728027344,0.053397178649902344
gated_cost_merged_seed43,scale+thin,10.09090909090909,85.45454545454545,1744.078619322344,355,rolled,1852.7323337482153,0.062298633342623304,True,True,1.0009627156488703,2,694.9829545488806,255.04873214099968,16.245944532672677,11.004092675239523,355.0,rolled,1.0,True,scale,0.9554481506347656,40,55,95,0.058565616607666016,0.0037682056427001953,0.06233382225036621
gated_cost_merged_seed43,scale+thin,10.09090909090909,96.36363636363636,1930.113776773892,355,rolled,1972.3550093710353,0.021885358835036096,True,True,1.0009872201946897,2,712.8095626831055,266.6734744324831,16.696320462186296,11.300781839300173,355.0,rolled,1.0,True,scale,0.9504127502441406,40,55,95,0.043311119079589844,0.003614664077758789,0.04692578315734863
gated_cost_merged_seed43,scale+thin,10.09090909090909,107.27272727272728,2067.605711285596,355,rolled,2077.466387533784,0.004769127979462285,True,True,1.0009659472156496,2,714.0970230102539,278.50660355207356,17.820990509444577,11.113612990934868,355.0,rolled,1.0,True,scale,0.9521293640136719,40,56,96,0.04790902137756348,0.004243373870849609,0.052152395248413086
gated_cost_merged_seed43,scale+thin,10.09090909090909,118.18181818181816,2170.353625378734,355,rolled,2200.4284849544774,0.01385712412210958,True,True,1.0009958768981186,2,715.2643203735352,286.10572814941406,19.275274369467542,11.03997558696633,355.0,rolled,1.0,True,scale,0.9536857604980469,40,74,114,0.05063176155090332,0.005053520202636719,0.05568528175354004
gated_cost_merged_seed43,scale+thin,10.09090909090909,129.0909090909091,2307.5736162550616,355,rolled,2344.9488425876525,0.016196764458265407,True,True,1.0009737994922077,2,717.0753479003906,286.83013916015625,21.354578210807922,11.0700091191128,355.0,rolled,1.0,True,scale,0.9561004638671875,40,75,115,0.04440045356750488,0.005105733871459961,0.049506187438964844
gated_cost_merged_seed43,scale+thin,10.09090909090909,140.0,2443.406284429296,355,rolled,2457.9130107369715,0.005937091346666331,True,True,1.0009997398363413,1,750.0,300.0,20.15341927183745,12.080185429760064,355.0,rolled,1.0,True,thin_c2,1.1413808275305706,40,77,117,0.05434060096740723,0.005068778991699219,0.059409379959106445
gated_cost_merged_seed43,scale+thin,10.90909090909091,20.0,939.0466900997784,355,rolled,1042.712042070509,0.11039424670110445,True,True,1.0009504015413837,2,487.2918335161013,189.19216317852727,12.056424938160644,7.6585739281971685,355.0,rolled,1.0,True,scale,0.9012947082519531,40,53,93,0.04630613327026367,0.003675699234008789,0.04998183250427246
gated_cost_merged_seed43,scale+thin,10.90909090909091,30.909090909090907,1197.1649157491154,355,rolled,1389.2873232413428,0.160481154237642,True,True,1.0009932007381102,3,543.1682503202888,253.71523367507555,10.792225300480846,6.9255749777089,355.0,rolled,1.0,True,thin_c3,1.1542624962848167,40,73,113,0.0454251766204834,0.004866838455200195,0.050292015075683594
gated_cost_merged_seed43,scale+thin,10.90909090909091,41.81818181818181,1403.509472950396,355,rolled,1443.8961712416294,0.028775508159794797,True,True,1.0009910298392284,1,463.70793700504413,241.59744052057235,16.038692690676438,8.061242879872891,355.0,rolled,1.0,True,scale,0.9098663330078125,40,70,110,0.04574894905090332,0.008121967315673828,0.05387091636657715
gated_cost_merged_seed43,scale+thin,10.90909090909091,52.72727272727273,1588.7457907355176,355,rolled,1689.2551009345045,0.06326330542311343,True,True,1.0009839677233037,1,542.7666152251687,258.1907711474644,16.891320972947373,8.674343926851355,355.0,rolled,1.0,True,thin_c1,0.98974609375,40,72,112,0.05623126029968262,0.004748344421386719,0.060979604721069336
gated_cost_merged_seed43,scale+thin,10.90909090909091,63.63636363636363,1789.9941201560932,355,rolled,1858.1120425647928,0.03805483025986669,True,True,1.000975591335839,2,590.9585050172884,269.98456015202,17.269348536755754,9.212049932637399,355.0,rolled,1.0,True,scale,0.9469566345214844,40,54,94,0.045357704162597656,0.0036156177520751953,0.04897332191467285
gated_cost_merged_seed43,scale+thin,10.90909090909091,74.54545454545453,1942.2808212955651,355,rolled,2060.3335863932807,0.060780482308923016,True,True,1.000977360321233,2,659.4089716614088,269.3073012005411,17.516736841293287,10.552310991587968,355.0,rolled,1.0,True,thin_c1,0.9668350219726562,40,72,112,0.055084943771362305,0.004903316497802734,0.05998826026916504
gated_cost_merged_seed43,scale+thin,10.90909090909091,85.45454545454545,2177.190622234541,355,rolled,2248.405294708308,0.03270943377510794,True,True,1.0009962775043595,2,723.8584807382592,270.61721891536206,17.533888571057137,11.608865550973368,355.0,rolled,1.0,True,thin_c1,0.9756698608398438,40,74,114,0.0599675178527832,0.005327701568603516,0.06529521942138672
gated_cost_merged_seed43,scale+thin,10.90909090909091,96.36363636363636,2344.698716886334,355,rolled,2368.827080659956,0.010290603052687242,True,True,1.0009937702156704,2,718.4057235717773,287.36228942871094,18.689821214537176,11.278647299803696,355.0,rolled,1.0,True,thin_c1,0.9578742980957031,40,74,114,0.04404115676879883,0.00506138801574707,0.0491025447845459
gated_cost_merged_seed43,scale+thin,10.90909090909091,107.27272727272728,2499.121791022924,355,rolled,2509.0125837146875,0.0039577073543563485,True,True,1.0009836197164577,2,740.9963607788086,296.39854431152344,19.286362673501433,11.50286823574639,355.0,rolled,1.0,True,thin_c1,0.9879951477050781,40,75,115,0.044137001037597656,0.0049936771392822266,0.04913067817687988
gated_cost_merged_seed43,scale+thin,10.90909090909091,118.18181818181816,2669.547168301596,355,rolled,2677.692735555146,0.003051291751002344,True,True,1.0009989374409443,2,750.0,300.0,20.871941652313048,11.720985743727883,355.0,rolled,1.0,True,thin_c3,1.6300236909285835,40,77,117,0.045271873474121094,0.00581049919128418,0.05108237266540527
gated_cost_merged_seed43,scale+thin,10.90909090909091,129.0909090909091,2855.841135487434,355,rolled,2920.9264507686544,0.022790243642215706,True,True,1.0009986849860317,1,750.0,300.0,22.817869912263543,12.813754101026403,355.0,rolled,1.0,True,thin_c3,1.7819937001103936,40,80,120,0.04619407653808594,0.00533747673034668,0.05153155326843262
gated_cost_merged_seed43,scale+thin,10.90909090909091,140.0,3091.557267278178,355,rolled,3099.5450392444136,0.002583737345181992,True,True,1.0009983511134575,1,750.0,300.0,25.23210079060612,12.817274808645967,355.0,rolled,1.0,True,thin_c3,1.9660290261973508,40,83,123,0.04609847068786621,0.0059049129486083984,0.05200338363647461
gated_cost_merged_seed43,scale+thin,11.727272727272728,20.0,1117.8784812198996,355,rolled,1265.688836399738,0.1322239918408111,True,True,1.0009940529219092,3,460.6646770940847,238.46045033208185,10.143516865742042,6.5050383990743885,355.0,rolled,1.0,True,thin_c3,1.084173066512398,40,71,111,0.05751156806945801,0.0056493282318115234,0.06316089630126953
gated_cost_merged_seed43,scale+thin,11.727272727272728,30.909090909090907,1399.1707585826318,355,rolled,1639.6786434275118,0.171893161266832,True,True,1.0009982788421523,3,554.424027718336,271.97631752901304,11.59128694919415,6.914231593919837,355.0,rolled,1.0,True,thin_c3,1.1523719323199728,40,73,113,0.04509711265563965,0.005442142486572266,0.050539255142211914
gated_cost_merged_seed43,scale+thin,11.727272727272728,41.81818181818181,1658.320920880548,355,rolled,1692.7240727306382,0.020745774486052117,True,True,1.0009713091271732,2,497.6254612516544,256.5564952231818,16.355250021219508,8.289485536405778,355.0,rolled,1.0,True,scale,0.9126243591308594,40,70,110,0.052761077880859375,0.008130311965942383,0.06089138984680176
gated_cost_merged_seed43,scale+thin,11.727272727272728,52.72727272727273,1896.895430152976,355,rolled,2016.5516382729563,0.06308002339925016,True,True,1.0009793613420925,1,578.5856579457169,270.3780794379451,17.6767617357949,9.259221999014597,355.0,rolled,1.0,True,thin_c1,0.9838523864746094,40,72,112,0.04589271545410156,0.0051364898681640625,0.051029205322265625
gated_cost_merged_seed43,scale+thin,11.727272727272728,63.63636363636363,2122.483987052358,355,rolled,2252.1328217439755,0.06108353960854612,True,True,1.0009942255249542,1,650.7314819246252,274.9291778987823,17.9016369471334,10.488492673928455,355.0,rolled,1.0,True,thin_c1,0.9918746948242188,40,73,113,0.05706024169921875,0.0057830810546875,0.06284332275390625
gated_cost_merged_seed43,scale+thin,11.727272727272728,74.54545454545453,2414.680044837911,355,rolled,2432.682303199391,0.007455339020987539,True,True,1.0009952368494075,2,709.874153137207,283.9496612548828,17.934367692984885,11.000361134035057,355.0,rolled,1.0,True,scale,0.9464988708496094,40,56,96,0.04586458206176758,0.004130840301513672,0.04999542236328125
gated_cost_merged_seed43,scale+thin,11.727272727272728,85.45454545454545,2607.2244497923484,355,rolled,2642.0988581238475,0.013376066772569844,True,True,1.0009745349674084,2,731.7695617675781,292.70782470703125,19.03749921580027,11.488327721654878,355.0,rolled,1.0,True,thin_c1,0.9756927490234375,40,75,115,0.047570228576660156,0.005825519561767578,0.053395748138427734
gated_cost_merged_seed43,scale+thin,11.727272727272728,96.36363636363636,2824.34606849496,355,rolled,2858.456233621123,0.012077190365109732,True,True,1.0009981440108657,1,750.0,300.0,20.167601346525355,12.088686324310626,355.0,rolled,1.0,True,thin_c2,1.1421840236497962,40,77,117,0.048203229904174805,0.007251739501953125,0.05545496940612793
gated_cost_merged_seed43,scale+thin,11.727272727272728,107.27272727272728,3054.1802093068686,355,rolled,3073.233676047393,0.0062384880507259325,True,True,1.0009987809339564,1,750.0,300.0,23.049266261398618,11.938775591179498,355.0,rolled,1.0,True,thin_c3,1.7967151807702106,40,80,120,0.04618716239929199,0.005574703216552734,0.05176186561584473
gated_cost_merged_seed43,scale+thin,11.727272727272728,118.18181818181816,3357.8991517305085,355,rolled,3362.4548540171836,0.0013567120633528594,True,True,1.0009987612097384,1,750.0,300.0,25.467607358089083,12.93883657735796,355.0,rolled,1.0,True,thin_c1,1.2971435546875,40,83,123,0.06392359733581543,0.005457162857055664,0.0693807601928711
gated_cost_merged_seed43,scale+thin,11.727272727272728,129.0909090909091,3650.466675336178,355,rolled,3697.1148166084695,0.012778678843300372,True,True,1.0009985381799071,1,750.0,300.0,27.574069311496523,14.682701308229342,355.0,rolled,1.0,True,thin_c3,2.150762541397758,40,85,125,0.04686760902404785,0.005866050720214844,0.052733659744262695
gated_cost_merged_seed43,scale+thin,11.727272727272728,140.0,3950.7596541302537,355,rolled,4096.933310257337,0.03699887336205555,True,True,1.0009995764503603,1,750.0,300.0,29.214584214944622,17.511549271539057,355.0,rolled,1.0,True,thin_c2,1.6545562744140625,25,71,96,0.029210329055786133,0.004754781723022461,0.033965110778808594
gated_cost_merged_seed43,scale+thin,12.545454545454549,20.0,1307.1994834284806,355,rolled,1448.3487187744502,0.10797834388349661,True,True,1.000995374153659,1,409.99654428675126,221.87645635906367,15.2186190657832,8.012995829372548,355.0,rolled,1.0,True,scale,0.9052658081054688,40,70,110,0.06366896629333496,0.00570368766784668,0.06937265396118164
gated_cost_merged_seed43,scale+thin,12.545454545454549,30.909090909090907,1673.5520688887286,355,rolled,1805.0724080443197,0.07858753940229844,True,True,1.0009954570689072,1,553.21424531696,240.85069064319157,15.702290728140019,8.898465728925574,355.0,rolled,1.0,True,thin_c1,1.0006555441151495,40,73,113,0.044400930404663086,0.004760026931762695,0.04916095733642578
gated_cost_merged_seed43,scale+thin,12.545454545454549,41.81818181818181,1957.4303873162305,355,rolled,1979.5488316551734,0.01129973483719583,True,True,1.0009914201975538,2,529.5367991459531,268.92494535905666,16.954247024514913,8.611712003022554,355.0,rolled,1.0,True,scale,0.9083213806152344,40,71,111,0.04497218132019043,0.0046236515045166016,0.04959583282470703
gated_cost_merged_seed43,scale+thin,12.545454545454549,52.72727272727273,2222.5772160497027,355,rolled,2384.846276731954,0.07300941425587906,True,True,1.0009923699959342,1,624.6878347294482,279.9408807866469,18.27210452190858,10.027696073651772,355.0,rolled,1.0,True,thin_c1,1.0163576341711957,40,74,114,0.04559445381164551,0.005087614059448242,0.05068206787109375
gated_cost_merged_seed43,scale+thin,12.545454545454549,63.63636363636363,2552.3230156844406,355,rolled,2643.1186781512965,0.03557373495004424,True,True,1.0009902785761977,2,710.698127746582,284.2792510986328,18.346548560173538,11.043641745763663,355.0,rolled,1.0,True,scale,0.9475975036621094,40,56,96,0.04516792297363281,0.0040814876556396484,0.04924941062927246
gated_cost_merged_seed43,scale+thin,12.545454545454549,74.54545454545453,2864.0220557743514,355,rolled,2916.4967947025766,0.018322044281197925,True,True,1.000957476884558,2,716.9981002807617,286.7992401123047,21.48471355934249,10.978353361486686,355.0,rolled,1.0,True,scale,0.9559974670410156,40,75,115,0.05574154853820801,0.0077097415924072266,0.06345129013061523
gated_cost_merged_seed43,scale+thin,12.545454545454549,85.45454545454545,3136.2352005841685,355,rolled,3176.707758223758,0.012904822199575745,True,True,1.0009987551155344,1,750.0,300.0,21.548264655659203,12.100786167301381,355.0,rolled,1.0,True,thin_c3,1.6828420887822686,40,80,120,0.0432887077331543,0.0051937103271484375,0.048482418060302734
gated_cost_merged_seed43,scale+thin,12.545454545454549,96.36363636363636,3474.753399293351,355,rolled,3554.2305187145944,0.02287273664870909,True,True,1.0009985087303725,1,750.0,300.0,24.287639400486857,13.49186429183067,355.0,rolled,1.0,True,thin_c3,1.8962865414826764,40,82,122,0.04361844062805176,0.006776571273803711,0.05039501190185547
gated_cost_merged_seed43,scale+thin,12.545454545454549,107.27272727272728,3859.290256207383,355,rolled,3909.5307181733824,0.013018057370831627,True,True,1.0009982542938722,1,750.0,300.0,27.103741498674534,14.625978161038057,355.0,rolled,1.0,True,thin_c1,1.383329905634341,40,85,125,0.06327176094055176,0.006891012191772461,0.07016277313232422
gated_cost_merged_seed43,scale+thin,12.545454545454549,118.18181818181816,4215.558205846268,355,rolled,4422.0688752916885,0.04898774002432828,True,True,1.0009978080607218,1,750.0,300.0,28.97603358730267,18.090366291073273,355.0,rolled,1.0,True,thin_c2,1.7057127579398772,25,71,96,0.029206037521362305,0.0048999786376953125,0.03410601615905762
gated_cost_merged_seed43,scale+thin,12.545454545454549,129.0909090909091,4601.917380514503,355,rolled,4698.067247084904,0.020893436065914647,True,True,1.0009987471403008,1,750.0,300.0,32.164621636951544,18.190560577945618,355.0,rolled,1.0,True,thin_c1,1.6444074216096296,40,71,111,0.050787925720214844,0.0051479339599609375,0.05593585968017578
gated_cost_merged_seed43,scale+thin,12.545454545454549,140.0,5031.3200482783495,355,rolled,5377.73065986692,0.06885083999120822,True,True,1.0009980440966035,1,750.0,300.0,29.668132747271937,16.648175933167295,460.0,rolled,0.0,True,thin_c3,2.044541864809783,40,85,125,0.04887223243713379,0.006924867630004883,0.05579710006713867
gated_cost_merged_seed43,scale+thin,13.363636363636363,20.0,1553.9456704912225,355,rolled,1750.6117716296362,0.12655918728242604,True,True,1.0009969610511005,3,549.9575059400854,265.0444765955355,11.312527930257755,6.3568723993716025,355.0,rolled,1.0,True,thin_c3,1.0594787332286004,40,70,110,0.0532231330871582,0.005005836486816406,0.05822896957397461
gated_cost_merged_seed43,scale+thin,13.363636363636363,30.909090909090907,2055.764041961098,355,rolled,2011.854481078047,-0.021359241618587415,True,True,1.0009662306190432,1,488.0768108771137,260.68380322498706,17.050523880688708,8.55318545250778,355.0,rolled,1.0,True,scale,0.8853187561035156,40,70,110,0.04502582550048828,0.004866361618041992,0.04989218711853027
gated_cost_merged_seed43,scale+thin,13.363636363636363,41.81818181818181,2295.1327804460216,355,rolled,2474.612793438061,0.07820027430271834,True,True,1.0009873023023965,1,631.2827974411503,272.1902742255972,17.738394477771212,10.160985827686002,355.0,rolled,1.0,True,thin_c1,0.9956626892089844,40,73,113,0.0442204475402832,0.004995584487915039,0.04921603202819824
gated_cost_merged_seed43,scale+thin,13.363636363636363,52.72727272727273,2698.233573079863,355,rolled,2807.7702480138228,0.040595697876863346,True,True,1.0009719448131649,2,700.0224931553413,283.8123321533203,18.46312614837029,11.077400466810118,355.0,rolled,1.0,True,thin_c1,0.9460411071777344,40,73,113,0.04309391975402832,0.005685091018676758,0.04877901077270508
gated_cost_merged_seed43,scale+thin,13.363636363636363,63.63636363636363,3099.504449257762,355,rolled,3120.880841105597,0.006896712748050367,True,True,1.0009593675834196,2,742.1207427978516,296.8482971191406,19.291061687836514,11.883207825931034,355.0,rolled,1.0,True,thin_c1,0.9894943237304688,40,75,115,0.06779336929321289,0.0052950382232666016,0.07308840751647949
gated_cost_merged_seed43,scale+thin,13.363636363636363,74.54545454545453,3409.0278837627866,355,rolled,3973.377349034251,0.16554557032503697,True,True,1.0009990940931845,2,750.0,300.0,22.848571465442443,10.662988148564876,355.0,rolled,1.0,True,thin_c3,1.7771646914274795,40,81,121,0.04236173629760742,0.005582332611083984,0.047944068908691406
gated_cost_merged_seed43,scale+thin,13.363636363636363,85.45454545454545,3859.8972334468967,355,rolled,3960.543397006132,0.026074829839279997,True,True,1.000999238070972,1,750.0,300.0,25.328231552544427,14.223489404404145,355.0,rolled,1.0,True,thin_c3,1.9780439293902856,40,83,123,0.06216835975646973,0.005607128143310547,0.06777548789978027
gated_cost_merged_seed43,scale+thin,13.363636363636363,96.36363636363636,4319.916451720051,355,rolled,4492.45523474836,0.03994030554910627,True,True,1.0009986929998897,1,750.0,300.0,28.074516108135274,16.828179668246335,355.0,rolled,1.0,True,thin_c2,1.5899889738663382,40,69,109,0.04418611526489258,0.005251169204711914,0.04943728446960449
gated_cost_merged_seed43,scale+thin,13.363636363636363,107.27272727272728,4782.366988912803,355,rolled,4954.35942326102,0.035963872021314056,True,True,1.0009989140326156,1,750.0,300.0,31.07094033826783,18.624269941457662,355.0,rolled,1.0,True,thin_c2,1.7596902598505433,40,71,111,0.04236292839050293,0.0054056644439697266,0.047768592834472656
gated_cost_merged_seed43,scale+thin,13.363636363636363,118.18181818181816,5228.730538579276,355,rolled,5746.160836240888,0.09895906737664957,True,True,1.0009982793201542,1,750.0,300.0,29.763057827311716,16.70144283227022,460.0,rolled,0.0,True,thin_c3,2.0510835067085607,40,85,125,0.04582381248474121,0.009528875350952148,0.05535268783569336
gated_cost_merged_seed43,scale+thin,13.363636363636363,129.0909090909091,6054.672912989209,460,rolled,8974.013779873281,0.48216326609834737,True,True,1.0009992427614391,2,750.0,300.0,28.769703145491558,14.427515522153294,620.0,rolled,0.0,True,thin_c1,1.1246921970533288,40,80,120,0.0471806526184082,0.0055370330810546875,0.05271768569946289
gated_cost_merged_seed43,scale+thin,13.363636363636363,140.0,6583.558144781793,460,rolled,10472.819236027473,0.5907536632494627,True,True,1.0009980411545247,2,750.0,300.0,29.725949971517014,15.141891083226739,690.0,rolled,0.0,True,thin_c1,1.1059556513247284,40,80,120,0.05225777626037598,0.0057220458984375,0.05797982215881348
gated_cost_merged_seed43,scale+thin,14.181818181818182,20.0,1796.9028968466985,355,rolled,1992.5615387279688,0.10888659716928645,True,True,1.0009967193668197,3,600.7686835436527,272.4651319193724,11.63588549440337,6.383195163892662,355.0,rolled,1.0,True,thin_c3,1.063865860648777,40,70,110,0.05655050277709961,0.005734920501708984,0.062285423278808594
gated_cost_merged_seed43,scale+thin,14.181818181818182,30.909090909090907,2224.07150895444,355,rolled,2333.0042907575926,0.04897899252095673,True,True,1.000989673909432,1,518.1492642128785,267.4155883796466,17.875271283665114,9.114113774510363,355.0,rolled,1.0,True,scale,0.8965682983398438,40,71,111,0.058158159255981445,0.005971670150756836,0.06412982940673828
gated_cost_merged_seed43,scale+thin,14.181818181818182,41.81818181818181,2615.0382292659383,355,rolled,2874.1795267422076,0.0990965617925258,True,True,1.0009666816653173,2,687.9590145380672,279.4933319091797,18.190665887674175,10.783148255877116,355.0,rolled,1.0,True,thin_c1,0.9316444396972656,40,72,112,0.10020947456359863,0.008136987686157227,0.10834646224975586
gated_cost_merged_seed43,scale+thin,14.181818181818182,52.72727272727273,3202.0654799770145,355,rolled,3256.9194168732033,0.017130797992482818,True,True,1.0009669592078339,2,738.2068634033203,295.2827453613281,19.201686886103086,11.637889177622437,355.0,rolled,1.0,True,thin_c1,0.9842758178710938,40,75,115,0.07786822319030762,0.0052797794342041016,0.08314800262451172
gated_cost_merged_seed43,scale+thin,14.181818181818182,63.63636363636363,3623.765744949169,355,rolled,3711.644222640407,0.02425059561692796,True,True,1.0009978222754803,1,750.0,300.0,22.290465623366487,12.517581456703974,355.0,rolled,1.0,True,thin_c3,1.7408053190811819,40,80,120,0.04881095886230469,0.00609588623046875,0.05490684509277344
gated_cost_merged_seed43,scale+thin,14.181818181818182,74.54545454545453,4194.266016339479,355,rolled,4258.194511624706,0.015241879040619355,True,True,1.0009990818450256,1,750.0,300.0,26.001274545844684,14.145209286930934,355.0,rolled,1.0,True,thin_c3,2.0290853749150823,40,85,125,0.04532146453857422,0.006475687026977539,0.05179715156555176
gated_cost_merged_seed43,scale+thin,14.181818181818182,85.45454545454545,4739.8598837186255,355,rolled,4855.919758431098,0.024485929449336013,True,True,1.0009990019663646,1,750.0,300.0,29.36484592932025,16.536207605461758,355.0,rolled,1.0,True,thin_c1,1.5010331527046534,40,70,110,0.04794669151306152,0.008342981338500977,0.0562896728515625
gated_cost_merged_seed43,scale+thin,14.181818181818182,96.36363636363636,5290.364352494784,355,rolled,5482.00564525099,0.03622459248309305,True,True,1.0009998839948817,1,750.0,300.0,32.44955284371108,19.450625731396247,355.0,rolled,1.0,True,thin_c2,1.8377674268639603,40,72,112,0.05196094512939453,0.007342338562011719,0.05930328369140625
gated_cost_merged_seed43,scale+thin,14.181818181818182,107.27272727272728,6179.874379812138,355,rolled,6471.852224257344,0.04724656627309659,True,True,1.000999591737074,1,750.0,300.0,31.65603166313919,17.763678926611522,460.0,rolled,0.0,True,thin_c3,2.18153540569803,40,85,125,0.06684088706970215,0.01013636589050293,0.07697725296020508
gated_cost_merged_seed43,scale+thin,14.181818181818182,118.18181818181816,6852.162427149681,460,rolled,11165.152272182171,0.6294348522655467,True,True,1.0009988997279744,2,750.0,300.0,30.163411549777404,14.944662070862613,690.0,rolled,0.0,True,thin_c1,1.1208312192170518,39,80,119,0.04871201515197754,0.006639242172241211,0.05535125732421875
gated_cost_merged_seed43,scale+thin,14.181818181818182,129.0909090909091,9553.512737278232,500,rolled,12521.326612954526,0.3106515851594307,True,True,1.0009987074606068,1,733.3316802978516,293.3326721191406,34.222145080566406,16.99751467879437,690.0,rolled,0.0,True,scale,0.9777755737304688,15,82,97,0.01735234260559082,0.0055103302001953125,0.022862672805786133
gated_cost_merged_seed43,scale+thin,14.181818181818182,140.0,12744.824501296387,690,rolled,13462.86713941663,0.0563399392472768,True,True,1.0009978678042204,1,750.0,300.0,34.29331338833243,19.0583821651459,690.0,rolled,1.0,True,thin_c3,1.9449591595193616,8,83,91,0.011797666549682617,0.006928920745849609,0.018726587295532227
gated_cost_merged_seed43,scale+thin,15.0,20.0,2057.2483346770277,355,rolled,2170.5731333999265,0.05508561937452724,True,True,1.0009575046286636,3,535.3914268000502,291.12510681152344,12.476414144422321,6.0,355.0,rolled,1.0,True,thin_c3,0.9704170227050781,40,52,92,0.0482025146484375,0.004935741424560547,0.05313825607299805
gated_cost_merged_seed43,scale+thin,15.0,30.909090909090907,2565.283454586496,355,rolled,2774.309054018226,0.08148245725360717,True,True,1.0009584048393128,2,629.0005830189546,276.0601043701172,18.033451435250164,9.672272445494261,355.0,rolled,1.0,True,thin_c1,0.9202003479003906,40,71,111,0.04755139350891113,0.006170511245727539,0.05372190475463867
gated_cost_merged_seed43,scale+thin,15.0,41.81818181818181,3234.6725939942403,355,rolled,3336.8799035476095,0.031597420321035186,True,True,1.0009786208324218,2,703.1106948852539,281.24427795410156,20.86943100671877,10.787827929665728,355.0,rolled,1.0,True,scale,0.9374809265136719,40,74,114,0.049501895904541016,0.007730960845947266,0.05723285675048828
gated_cost_merged_seed43,scale+thin,15.0,52.72727272727273,3765.638206814382,355,rolled,3815.6573762478392,0.013283052350313778,True,True,1.0009992243461958,1,750.0,300.0,21.64956191716314,12.157671328146414,355.0,rolled,1.0,True,thin_c3,1.6907530411430023,40,80,120,0.0487828254699707,0.006728410720825195,0.0555112361907959
gated_cost_merged_seed43,scale+thin,15.0,63.63636363636363,4414.262908667717,355,rolled,4408.34464001941,-0.0013407150345953198,True,True,1.000999947326215,1,750.0,300.0,26.14194904938246,13.25564565873038,355.0,rolled,1.0,True,thin_c1,1.331403881570567,40,85,125,0.05122566223144531,0.006398916244506836,0.05762457847595215
gated_cost_merged_seed43,scale+thin,15.0,74.54545454545453,5073.1569950190815,355,rolled,5275.592121051313,0.03990318577386555,True,True,1.0009978172258847,1,750.0,300.0,29.41863515777816,17.63385969407263,355.0,rolled,1.0,True,thin_c2,1.6661126178243886,40,71,111,0.04445385932922363,0.0048596858978271484,0.04931354522705078
gated_cost_merged_seed43,scale+thin,15.0,85.45454545454545,5700.335679671592,355,rolled,6462.928135627927,0.13378027169099452,True,True,1.0009996437639765,1,750.0,300.0,29.825896451305567,16.73670452116621,460.0,rolled,0.0,True,thin_c3,2.055413951044498,40,85,125,0.04397940635681152,0.007136344909667969,0.05111575126647949
gated_cost_merged_seed43,scale+thin,15.0,96.36363636363636,6971.155593281798,460,rolled,10297.224094178175,0.47711867227605076,True,True,1.0009724115948182,3,734.8165512084961,293.92662048339844,34.291439056396484,11.324105194699078,620.0,rolled,0.0,True,scale,0.9797554016113281,40,82,122,0.046279191970825195,0.00670623779296875,0.052985429763793945
gated_cost_merged_seed43,scale+thin,15.0,107.27272727272728,8192.251861307222,460,rolled,12614.94448282342,0.5398628724301057,True,True,1.0009827446670478,2,733.3488464355469,293.33953857421875,34.22294616699219,14.978465219889067,690.0,rolled,0.0,True,scale,0.9777984619140625,15,82,97,0.017259836196899414,0.006737709045410156,0.02399754524230957
gated_cost_merged_seed43,scale+thin,15.0,118.18181818181816,13414.02255742561,620,rolled,14293.177893497832,0.06554002219010346,True,True,1.00099718013186,1,750.0,300.0,34.29844546116691,19.219553985433812,690.0,rolled,0.0,True,thin_c3,1.945777959408968,6,83,89,0.00908517837524414,0.00665283203125,0.01573801040649414
gated_cost_merged_seed44,none,6.0,20.0,241.3288087904857,355,rolled,291.4490037133131,0.20768425938877538,True,True,0.7379196895681294,2,281.7006216024986,140.75387097159842,9.019876066474538,6.0,355.0,rolled,1.0,False,original,,40,1,41,0.07071971893310547,0.00014710426330566406,0.07086682319641113
gated_cost_merged_seed44,none,6.0,30.909090909090907,292.67799548197263,355,rolled,343.09194073804485,0.17225054850144159,True,True,0.8204264291633989,1,310.33005757634646,153.51149353431677,10.132729939551254,6.0,355.0,rolled,1.0,False,original,,40,1,41,0.05203676223754883,0.00013375282287597656,0.052170515060424805
gated_cost_merged_seed44,none,6.0,41.81818181818181,342.2853688824266,355,rolled,385.7887889458392,0.12709693144481385,True,True,0.8736758129146354,2,333.6376835960642,166.32623606526258,10.76954732751543,6.0,355.0,rolled,1.0,False,original,,40,1,41,0.0514073371887207,0.00014662742614746094,0.051553964614868164
gated_cost_merged_seed44,none,6.0,52.72727272727273,386.25765574493386,355,rolled,432.38929522380624,0.1194322980858547,True,True,0.8283784042864449,2,355.50119219834687,178.44331554373994,11.543035646833959,6.0,355.0,rolled,1.0,False,original,,40,1,41,0.043440818786621094,0.00015211105346679688,0.04359292984008789
gated_cost_merged_seed44,none,6.0,63.63636363636363,431.68145507497405,355,rolled,570.9425627702155,0.32260155273766566,True,True,0.8283805516614628,2,376.23690375246724,189.87988903197945,12.327535527179581,6.0,355.0,rolled,1.0,False,original,,40,1,41,0.04434680938720703,0.00014019012451171875,0.04448699951171875
gated_cost_merged_seed44,none,6.0,74.54545454545453,466.9500019446189,355,rolled,607.6963737345496,0.30141636407279315,True,True,0.8560261842877603,1,475.42154027166464,138.98284660781536,16.469064325998996,9.073962421289734,355.0,rolled,1.0,False,original,,40,1,41,0.04661726951599121,0.00018978118896484375,0.046807050704956055
gated_cost_merged_seed44,none,6.0,85.45454545454545,518.2473353887603,355,rolled,656.6650552947547,0.2670881458602407,True,True,0.9173308647230259,1,506.7992862066864,154.4744418006347,12.33893674115307,11.352401995318699,355.0,rolled,1.0,False,original,,40,1,41,0.0639047622680664,0.00013446807861328125,0.06403923034667969
gated_cost_merged_seed44,none,6.0,96.36363636363636,549.7256874002802,355,rolled,736.9796881160008,0.3406317096100559,True,True,0.9166200248099313,2,429.6428134064105,168.28057057941732,18.988085117619264,6.0644581332413745,355.0,rolled,1.0,False,original,,40,1,41,0.04297947883605957,0.00014495849609375,0.04312443733215332
gated_cost_merged_seed44,none,6.0,107.27272727272728,586.6560772595034,355,rolled,830.4864725468063,0.4156274940955674,True,True,0.8532453055019035,2,422.0756442404805,199.9959338523108,18.88628207654013,6.046636786361798,355.0,rolled,1.0,False,original,,40,1,41,0.04495525360107422,0.00013494491577148438,0.0450901985168457
gated_cost_merged_seed44,none,6.0,118.18181818181816,628.4217050081675,355,rolled,816.007710504568,0.29850338395610077,True,True,0.9512304384142519,2,496.41375601982986,163.12439471178376,19.168042016464177,7.536569809855963,355.0,rolled,1.0,False,original,,40,1,41,0.04964900016784668,0.0001327991485595703,0.04978179931640625
gated_cost_merged_seed44,none,6.0,129.0909090909091,657.4964976148059,355,rolled,868.7830480043408,0.3213500773859895,True,True,0.9435354571288576,2,510.71553791156816,161.80141368683164,20.903110037653327,7.61193641666985,355.0,rolled,1.0,False,original,,40,1,41,0.04493093490600586,0.0001385211944580078,0.04506945610046387
gated_cost_merged_seed44,none,6.0,140.0,697.879425726456,355,rolled,909.808824101678,0.3036762377034036,True,True,0.9407215040865541,2,520.5986614413126,162.30806509886074,22.528309048981903,7.377972327669698,355.0,rolled,1.0,False,original,,40,1,41,0.04546546936035156,0.00013947486877441406,0.04560494422912598
gated_cost_merged_seed44,none,6.818181818181818,20.0,317.0885192434045,355,rolled,384.55151557635594,0.21275761258692963,True,True,0.6815107600068011,2,305.87500280941225,156.58594612092702,9.794570382595342,6.0,355.0,rolled,1.0,False,original,,40,1,41,0.04850268363952637,0.00014591217041015625,0.04864859580993652
gated_cost_merged_seed44,none,6.818181818181818,30.909090909090907,392.6423822212096,355,rolled,452.0606389675128,0.15132919785726986,True,True,0.7685410946927959,2,336.25952101948275,170.49227682787682,10.965803952173635,6.0,355.0,rolled,1.0,False,original,,40,1,41,0.06185555458068848,0.00020313262939453125,0.06205868721008301
gated_cost_merged_seed44,none,6.818181818181818,41.81818181818181,455.0251859822217,355,rolled,506.23102490734965,0.11253407614041079,True,True,0.831126715871465,2,361.21439296972545,184.34859940686235,11.58380439687363,6.0,355.0,rolled,1.0,False,original,,40,1,41,0.0921790599822998,0.0001423358917236328,0.09232139587402344
gated_cost_merged_seed44,none,6.818181818181818,52.72727272727273,519.9507333014534,355,rolled,709.1105732457585,0.36380339103134857,True,True,0.8163143167785214,1,377.58398888818266,193.21920549044947,13.772035271690568,6.0,355.0,rolled,1.0,False,original,,40,1,41,0.0953221321105957,0.0001876354217529297,0.09550976753234863
gated_cost_merged_seed44,none,6.818181818181818,63.63636363636363,570.1996303697795,355,rolled,793.0199281239136,0.3907759421198383,True,True,0.831718181696614,2,388.3142084457586,204.22766189848167,15.052861065619444,6.008075368995741,355.0,rolled,1.0,False,original,,40,1,41,0.07978010177612305,0.0001842975616455078,0.07996439933776855
gated_cost_merged_seed44,none,6.818181818181818,74.54545454545453,645.0378754655677,355,rolled,887.6657593321304,0.37614517394260244,True,True,0.834414944182,2,396.36018199706456,211.29163928290384,16.820705066885917,6.018649228589708,355.0,rolled,1.0,False,original,,40,1,41,0.07456302642822266,0.0001347064971923828,0.07469773292541504
gated_cost_merged_seed44,none,6.818181818181818,85.45454545454545,698.212152166206,355,rolled,891.7000563036446,0.2771190726731719,True,True,0.9904500697966037,2,468.338908102026,159.91753221014508,20.65576310548822,6.3860437488538,355.0,rolled,1.0,False,original,,40,1,41,0.07728266716003418,0.00019598007202148438,0.07747864723205566
gated_cost_merged_seed44,none,6.818181818181818,96.36363636363636,733.8166260116295,355,rolled,978.9793177017734,0.33409258253336244,True,True,0.9703601306835427,2,506.5786176382652,161.49752987902303,21.1812895634835,7.336144169840798,355.0,rolled,1.0,False,original,,40,1,41,0.06865763664245605,0.00019741058349609375,0.06885504722595215
gated_cost_merged_seed44,none,6.818181818181818,107.27272727272728,798.4291807439346,355,rolled,1103.1824672053112,0.38169106767543676,True,True,0.8237491975791633,2,453.0904813955814,238.59360245469705,18.60940500865737,6.4127379036127925,355.0,rolled,1.0,False,original,,40,1,41,0.1048879623413086,0.000225067138671875,0.10511302947998047
gated_cost_merged_seed44,none,6.818181818181818,118.18181818181816,860.6462645405438,355,rolled,1073.0793728691028,0.2468297569872873,True,True,0.740766075494465,1,625.5339066394397,206.9043632562301,17.348304877601887,10.449230242259393,355.0,rolled,1.0,False,original,,40,1,41,0.09251093864440918,0.00021696090698242188,0.0927278995513916
gated_cost_merged_seed44,none,6.818181818181818,129.0909090909091,896.311601431932,355,rolled,1187.3860067619491,0.3247468903280976,True,True,0.8779556930176304,2,529.6174893270954,222.90276590646505,19.614776380771747,7.512483543847978,355.0,rolled,1.0,False,original,,40,1,41,0.06176137924194336,0.00017642974853515625,0.061937808990478516
gated_cost_merged_seed44,none,6.818181818181818,140.0,931.1411275891702,355,rolled,1119.8605534001265,0.20267542719283838,True,True,0.7854944774777202,1,578.4509350597258,251.99812232801727,17.63241334823298,9.293533324781457,355.0,rolled,1.0,False,original,,40,1,41,0.06693530082702637,0.00017523765563964844,0.06711053848266602
gated_cost_merged_seed44,none,7.636363636363637,20.0,409.6201332461394,355,rolled,500.3023580772857,0.2213812688173109,True,True,0.678046376902867,2,328.93336245798235,170.58128874581624,10.890711468426073,6.0,355.0,rolled,1.0,False,original,,40,1,41,0.0812842845916748,0.00019121170043945312,0.08147549629211426
gated_cost_merged_seed44,none,7.636363636363637,30.909090909090907,501.774525145321,355,rolled,600.0431889983239,0.19584227362786688,True,True,0.7302722389914582,2,364.61023972591033,193.15315788772165,11.965828328601848,6.0,355.0,rolled,1.0,False,original,,40,1,41,0.06554460525512695,0.0001773834228515625,0.06572198867797852
gated_cost_merged_seed44,none,7.636363636363637,41.81818181818181,593.9298338756057,355,rolled,795.6332363142084,0.3396081337123873,True,True,0.9788178098553181,1,504.931503024514,141.29665859785024,13.762357591322733,10.369403143506904,355.0,rolled,1.0,False,original,,40,1,41,0.0654900074005127,0.00018167495727539062,0.06567168235778809
gated_cost_merged_seed44,none,7.636363636363637,52.72727272727273,675.9362632758116,355,rolled,835.0129316433978,0.23534270464592005,True,True,0.815134583862061,1,490.62439252696,179.53414581477222,15.602949093224233,7.998289783490718,355.0,rolled,1.0,False,original,,40,1,41,0.06127476692199707,0.00017833709716796875,0.06145310401916504
gated_cost_merged_seed44,none,7.636363636363637,63.63636363636363,779.5020738899598,355,rolled,1056.0880458440527,0.354823907746444,True,True,0.9383969793922694,2,425.71494653555743,168.35308365631386,22.36696438528852,6.138478285261499,355.0,rolled,1.0,False,original,,40,1,41,0.06551098823547363,0.0001766681671142578,0.06568765640258789
gated_cost_merged_seed44,none,7.636363636363637,74.54545454545453,846.6406079690952,355,rolled,1115.0313304162516,0.31700667310414843,True,True,0.9609416563685934,2,448.9658395885202,179.0032869117244,22.331372725683707,6.0,355.0,rolled,1.0,False,original,,40,1,41,0.0631413459777832,0.00018358230590820312,0.0633249282836914
gated_cost_merged_seed44,none,7.636363636363637,85.45454545454545,921.2774310054268,355,rolled,1164.7460568239446,0.26427286463840843,True,True,0.9744551700339874,2,478.7860626046558,196.14459272056143,20.58339433144968,6.422399876619698,355.0,rolled,1.0,False,original,,40,1,41,0.060501813888549805,0.0001800060272216797,0.060681819915771484
gated_cost_merged_seed44,none,7.636363636363637,96.36363636363636,990.3158107657674,355,rolled,1229.4212173411372,0.24144359200978538,True,True,0.9955653741379552,2,509.6106297467795,196.88665064215706,20.94598089635637,6.930804782611203,355.0,rolled,1.0,False,original,,40,1,41,0.060631752014160156,0.000179290771484375,0.06081104278564453
gated_cost_merged_seed44,none,7.636363636363637,107.27272727272728,1055.0870687226268,355,rolled,1365.1101268700493,0.29383646841844185,True,True,0.9631204334707005,2,536.6867854213541,199.04730005091625,22.16522643373637,7.9898785067270115,355.0,rolled,1.0,False,original,,40,1,41,0.06635260581970215,0.0001709461212158203,0.06652355194091797
gated_cost_merged_seed44,none,7.636363636363637,118.18181818181816,1088.4839809208006,355,rolled,1437.5138687647168,0.32065688973084855,True,True,0.9671887267026017,2,550.5662359525286,193.74300962910553,25.085337568619185,7.4224488385682275,355.0,rolled,1.0,False,original,,40,1,41,0.07067990303039551,0.00020647048950195312,0.07088637351989746
gated_cost_merged_seed44,none,7.636363636363637,129.0909090909091,1173.7978050697595,355,rolled,1369.0382580071864,0.16633226957331346,True,True,0.7981005465986929,2,606.2005893758922,274.6174496418134,17.712207883248418,9.604473391927437,355.0,rolled,1.0,False,original,,40,1,41,0.09604096412658691,0.00020360946655273438,0.09624457359313965
gated_cost_merged_seed44,none,7.636363636363637,140.0,1251.7374258469372,355,rolled,1428.5182865733952,0.14122838949777863,True,True,0.7917669307615458,2,674.9857421178336,262.6456143059674,17.398554233937617,10.515164957933063,355.0,rolled,1.0,False,original,,40,1,41,0.08718681335449219,0.00023365020751953125,0.08742046356201172
gated_cost_merged_seed44,none,8.454545454545455,20.0,516.1523336674153,355,rolled,706.5209127162911,0.36882247087066466,True,True,0.5878444982975838,1,364.08156331804463,185.35968811306023,12.98382291843059,6.733055091263657,355.0,rolled,1.0,False,original,,40,1,41,0.08372116088867188,0.000213623046875,0.08393478393554688
gated_cost_merged_seed44,none,8.454545454545455,30.909090909090907,633.218032838701,355,rolled,938.7473280670499,0.48250251790630244,True,True,0.704070573110294,2,386.4004992451542,204.06939092145996,14.150870044462003,6.0,355.0,rolled,1.0,False,original,,40,1,41,0.08845758438110352,0.00028061866760253906,0.08873820304870605
gated_cost_merged_seed44,none,8.454545454545455,41.81818181818181,757.3789000305048,355,rolled,1049.479671601863,0.3856732364204934,True,True,0.97639323255968,1,386.5040977806378,166.7658835662367,20.339500915250195,6.0,355.0,rolled,1.0,False,original,,40,1,41,0.0821831226348877,0.00019478797912597656,0.08237791061401367
gated_cost_merged_seed44,none,8.454545454545455,52.72727272727273,897.7427828478864,355,rolled,1149.9895851533724,0.2809789252833535,True,True,0.9940537162334309,2,421.3399816380326,183.9558327388428,20.049644124829474,6.113570942376105,355.0,rolled,1.0,False,original,,40,1,41,0.08580446243286133,0.000171661376953125,0.08597612380981445
gated_cost_merged_seed44,none,8.454545454545455,63.63636363636363,969.5859503873623,355,rolled,1271.2090513743794,0.31108443853431944,True,True,0.9693446925517787,2,455.6857829533772,200.42490125810184,20.2548408694624,6.2896763174942585,355.0,rolled,1.0,False,original,,40,1,41,0.07123422622680664,0.00018453598022460938,0.07141876220703125
gated_cost_merged_seed44,none,8.454545454545455,74.54545454545453,1093.1775012217977,355,rolled,1426.377002419521,0.30479908416091667,True,True,0.9656597436858915,2,485.2836486975509,196.49501117596694,22.820218972201083,6.987826704674087,355.0,rolled,1.0,False,original,,40,1,41,0.06865334510803223,0.00018739700317382812,0.06884074211120605
gated_cost_merged_seed44,none,8.454545454545455,85.45454545454545,1181.2789978646645,355,rolled,1589.6171063687284,0.3456745690410099,True,True,0.8227080783179613,2,487.5230489150667,273.69183597637766,18.55568826878102,7.240316631377411,355.0,rolled,1.0,False,original,,40,1,41,0.07267546653747559,0.00017833709716796875,0.07285380363464355
gated_cost_merged_seed44,none,8.454545454545455,96.36363636363636,1257.923897819336,355,rolled,1673.278834321829,0.3301908304807058,True,True,0.9245490157694387,1,574.3759493947653,221.62544550086176,20.731629193534193,9.260602086960054,355.0,rolled,1.0,False,original,,40,1,41,0.07052135467529297,0.00017070770263671875,0.07069206237792969
gated_cost_merged_seed44,none,8.454545454545455,107.27272727272728,1352.4875507253705,355,rolled,1715.2505908751305,0.2682191344054899,True,True,0.936194126986198,1,456.3768857674378,248.24881101873177,23.376550880631697,13.685810249777589,355.0,rolled,1.0,False,original,,40,1,41,0.06982970237731934,0.00016570091247558594,0.06999540328979492
gated_cost_merged_seed44,none,8.454545454545455,118.18181818181816,1418.3994702060834,355,rolled,1637.6071479692425,0.15454579782895,True,True,0.8042621748004892,2,634.87793871632,287.61303859932747,18.26069883255955,9.909238919141249,355.0,rolled,1.0,False,original,,40,1,41,0.0666048526763916,0.00016498565673828125,0.06676983833312988
gated_cost_merged_seed44,none,8.454545454545455,129.0909090909091,1503.943042662674,355,rolled,1727.6410188307,0.1487409894007536,True,True,0.7943409780075549,2,699.4832796470776,279.4488849955113,18.184530084974114,10.817863608435971,355.0,rolled,1.0,False,original,,40,1,41,0.09712481498718262,0.0002224445343017578,0.09734725952148438
gated_cost_merged_seed44,none,8.454545454545455,140.0,1589.050557323039,355,rolled,1813.103154716569,0.14099777779945252,True,True,0.829720745161146,2,718.8584532611852,252.35690695922528,21.23060267256185,11.057113856571988,355.0,rolled,1.0,False,original,,40,1,41,0.0757761001586914,0.00018167495727539062,0.0759577751159668
gated_cost_merged_seed44,none,9.272727272727272,20.0,633.3700898588271,355,rolled,984.9906543760787,0.5551581455253514,True,True,0.6142713858755284,2,376.0652190304444,205.453802319803,13.347548208462902,6.0,355.0,rolled,1.0,False,original,,40,1,41,0.08410978317260742,0.0001842975616455078,0.08429408073425293
gated_cost_merged_seed44,none,9.272727272727272,30.909090909090907,801.8071464602682,355,rolled,1177.2247588423718,0.46821435059472444,True,True,0.756873390989124,1,387.77163348534833,194.76069857303463,17.77255396471815,6.068651708761864,355.0,rolled,1.0,False,original,,40,1,41,0.07260680198669434,0.00019121170043945312,0.07279801368713379
gated_cost_merged_seed44,none,9.272727272727272,41.81818181818181,962.5021253931346,355,rolled,1327.5893884552308,0.37931060454851057,True,True,0.7211727260803118,1,549.5553052098488,189.55970325712093,18.942179990026524,9.704353074909642,355.0,rolled,1.0,False,original,,40,1,41,0.07337546348571777,0.00020384788513183594,0.07357931137084961
gated_cost_merged_seed44,none,9.272727272727272,52.72727272727273,1070.6846994207378,355,rolled,1427.7556007551611,0.333497715553053,True,True,0.9605881438717436,1,625.4398575209755,181.31461265618384,15.535207821775662,12.500195568339407,355.0,rolled,1.0,False,original,,40,1,41,0.07896113395690918,0.00018167495727539062,0.07914280891418457
gated_cost_merged_seed44,none,9.272727272727272,63.63636363636363,1216.7126656588257,355,rolled,1651.3400789386396,0.3572145055664986,True,True,0.7841007095451473,1,553.6638768377193,225.430401959535,19.546621874076592,12.235707819772843,355.0,rolled,1.0,False,original,,40,1,41,0.06461977958679199,0.0001876354217529297,0.06480741500854492
gated_cost_merged_seed44,none,9.272727272727272,74.54545454545453,1356.4151141978043,355,rolled,1833.6623105945898,0.3518444990780228,True,True,0.8173188589226874,2,489.2372477212153,280.9408698293741,19.60832152911191,6.877337277905153,355.0,rolled,1.0,False,original,,40,1,41,0.07297945022583008,0.00017881393432617188,0.07315826416015625
gated_cost_merged_seed44,none,9.272727272727272,85.45454545454545,1422.5235716023028,355,rolled,1929.801262032261,0.3566040665734421,True,True,0.8197154903249274,2,534.9839291886282,293.00850897927614,19.078171395355632,7.3914714235250525,355.0,rolled,1.0,False,original,,40,1,41,0.0618586540222168,0.0002052783966064453,0.06206393241882324
gated_cost_merged_seed44,none,9.272727272727272,96.36363636363636,1530.0841209322955,355,rolled,2007.8094721421794,0.3122216253827934,True,True,0.8810847420547331,1,667.1941752594735,229.785382110714,19.716224245626766,14.829606257515486,355.0,rolled,1.0,False,original,,40,1,41,0.06638598442077637,0.00018453598022460938,0.06657052040100098
gated_cost_merged_seed44,none,9.272727272727272,107.27272727272728,1647.0835657255905,355,rolled,1934.7147403400006,0.17463058984970192,True,True,0.8011504607545257,2,653.8008719968104,297.6626512713215,19.27660559197021,10.119222425748266,355.0,rolled,1.0,False,original,,40,1,41,0.06265592575073242,0.00019979476928710938,0.06285572052001953
gated_cost_merged_seed44,none,9.272727272727272,118.18181818181816,1794.0191544704012,355,rolled,2024.5177248192676,0.1284816663046779,True,True,0.8079636910399334,2,706.3877785141946,300.0,18.506722312256837,11.083930061788921,355.0,rolled,1.0,False,original,,40,1,41,0.07953047752380371,0.00020170211791992188,0.07973217964172363
gated_cost_merged_seed44,none,9.272727272727272,129.0909090909091,1876.6125693849333,355,rolled,2195.8311075576303,0.17010359164189232,True,True,0.7843997264045384,2,750.0,300.0,19.12286488874739,12.106769828455164,355.0,rolled,1.0,False,original,,40,1,41,0.08944320678710938,0.00019979476928710938,0.08964300155639648
gated_cost_merged_seed44,none,9.272727272727272,140.0,1975.8458780810136,355,rolled,2203.816475028064,0.11537873448330929,True,True,0.8336021406729355,2,750.0,300.0,19.890137073978952,11.587602624455966,355.0,rolled,1.0,False,original,,40,1,41,0.09715676307678223,0.0001914501190185547,0.09734821319580078
gated_cost_merged_seed44,none,10.09090909090909,20.0,771.2799576046779,355,rolled,1225.436531032619,0.5888349216779735,True,True,0.7645573442922926,1,374.41901553018374,175.9317264946871,18.672666325608176,6.219556947708503,355.0,rolled,1.0,False,original,,40,1,41,0.08747696876525879,0.00024318695068359375,0.08772015571594238
gated_cost_merged_seed44,none,10.09090909090909,30.909090909090907,964.7090665866748,355,rolled,1439.5251608012156,0.4921857901621377,True,True,0.7434701019085405,2,414.11496488317636,210.32767156735653,18.769846155869875,6.0682284481483375,355.0,rolled,1.0,False,original,,40,1,41,0.07580733299255371,0.0001735687255859375,0.07598090171813965
gated_cost_merged_seed44,none,10.09090909090909,41.81818181818181,1147.2574547707825,355,rolled,1629.651248092111,0.4204756232485837,True,True,0.752353739926973,1,529.953731124573,206.78518999207378,20.52652200639512,10.661426236635114,355.0,rolled,1.0,False,original,,40,1,41,0.07368826866149902,0.0001804828643798828,0.0738687515258789
gated_cost_merged_seed44,none,10.09090909090909,52.72727272727273,1318.1429375417918,355,rolled,1781.0642161454452,0.35119201827000385,True,True,0.8941568357374199,3,477.91925885835633,268.14638478112164,18.246474380832638,6.367544467400636,355.0,rolled,1.0,False,original,,40,1,41,0.08165979385375977,0.000209808349609375,0.08186960220336914
gated_cost_merged_seed44,none,10.09090909090909,63.63636363636363,1473.4968374975142,355,rolled,1969.3577315165462,0.33651982237109385,True,True,0.9131776471375574,1,659.8518569361041,217.47008663826546,16.898259936680184,14.707872081187661,355.0,rolled,1.0,False,original,,40,1,41,0.07989811897277832,0.00018286705017089844,0.08008098602294922
gated_cost_merged_seed44,none,10.09090909090909,74.54545454545453,1593.8205978972342,355,rolled,2197.76759984875,0.37893035310769446,True,True,0.8026792009559698,2,545.5209652770327,300.0,19.595728251733426,7.477099589946308,355.0,rolled,1.0,False,original,,40,1,41,0.07043790817260742,0.0001919269561767578,0.07062983512878418
gated_cost_merged_seed44,none,10.09090909090909,85.45454545454545,1744.078619322344,355,rolled,2324.918362797713,0.3330352984322763,True,True,0.8374583535860637,1,695.498158139512,252.6338177956927,18.769141776881956,15.29525488148413,355.0,rolled,1.0,False,original,,40,1,41,0.0779726505279541,0.0002639293670654297,0.07823657989501953
gated_cost_merged_seed44,none,10.09090909090909,96.36363636363636,1930.113776773892,355,rolled,2497.0191279939886,0.2937160275430272,True,True,0.9325685784913981,3,679.2322787153203,300.0,19.370536625962153,9.426192420270823,355.0,rolled,1.0,False,original,,40,1,41,0.10535788536071777,0.00020742416381835938,0.10556530952453613
gated_cost_merged_seed44,none,10.09090909090909,107.27272727272728,2067.605711285596,355,rolled,2446.408832384319,0.18320858712621305,True,True,0.7729423615195209,2,727.879280907229,300.0,21.18100707658731,11.465720211660326,355.0,rolled,1.0,False,original,,40,1,41,0.08011221885681152,0.00020074844360351562,0.08031296730041504
gated_cost_merged_seed44,none,10.09090909090909,118.18181818181816,2170.353625378734,355,rolled,2493.0076826402337,0.1486642791702646,True,True,0.8175905173120143,2,750.0,300.0,21.237085371656914,11.615249602899738,355.0,rolled,1.0,False,original,,40,1,41,0.10455942153930664,0.0002315044403076172,0.10479092597961426
gated_cost_merged_seed44,none,10.09090909090909,129.0909090909091,2307.5736162550616,355,rolled,2709.3626952375166,0.1741175562730322,True,True,0.8102919911301427,1,750.0,300.0,23.771964643347534,12.123461513249921,355.0,rolled,1.0,False,original,,40,1,41,0.10801362991333008,0.0002372264862060547,0.10825085639953613
gated_cost_merged_seed44,none,10.09090909090909,140.0,2443.406284429296,355,rolled,3155.238564132791,0.2913278418901,True,True,0.9420542670788019,3,750.0,300.0,25.956975445948824,9.655926737467171,355.0,rolled,1.0,False,original,,40,1,41,0.14117717742919922,0.00025391578674316406,0.14143109321594238
gated_cost_merged_seed44,none,10.90909090909091,20.0,939.0466900997784,355,rolled,1495.738137640017,0.5928261644594981,True,True,0.5933584211353964,2,418.482893491191,244.9549400667227,15.22057739382749,6.0,355.0,rolled,1.0,False,original,,40,1,41,0.08368659019470215,0.00021004676818847656,0.08389663696289062
gated_cost_merged_seed44,none,10.90909090909091,30.909090909090907,1197.1649157491154,355,rolled,1664.4934231795758,0.39036268210218444,True,True,0.7859167823298857,2,432.8603449173401,219.8343867864105,19.388319797306426,6.0,355.0,rolled,1.0,False,original,,40,1,41,0.05537223815917969,0.0001354217529296875,0.055507659912109375
gated_cost_merged_seed44,none,10.90909090909091,41.81818181818181,1403.509472950396,355,rolled,1984.887375870771,0.41423154893157066,True,True,0.7452165927725495,2,473.27106122817315,280.7353917656764,17.986937375137863,6.599138637311655,355.0,rolled,1.0,False,original,,40,1,41,0.04468083381652832,0.0001518726348876953,0.044832706451416016
gated_cost_merged_seed44,none,10.90909090909091,52.72727272727273,1588.7457907355176,355,rolled,2023.733621128356,0.27379322288650004,True,True,0.9852726725029269,1,513.4681786827562,217.19845800285353,22.926800899945626,12.35932877502512,355.0,rolled,1.0,False,original,,40,1,41,0.04313778877258301,0.00013828277587890625,0.043276071548461914
gated_cost_merged_seed44,none,10.90909090909091,63.63636363636363,1789.9941201560932,355,rolled,2398.4177507476466,0.3399025861260912,True,True,0.8060273091160323,2,550.5202558843671,299.94669978197834,19.6136082942719,7.674899456400662,355.0,rolled,1.0,False,original,,40,1,41,0.045789241790771484,0.0001850128173828125,0.0459742546081543
gated_cost_merged_seed44,none,10.90909090909091,74.54545454545453,1942.2808212955651,355,rolled,2595.9846573697837,0.3365650470863305,True,True,0.9443828522620343,3,614.1256413617806,300.0,20.357469336984963,8.315465928629786,355.0,rolled,1.0,False,original,,40,1,41,0.06788158416748047,0.00012969970703125,0.06801128387451172
gated_cost_merged_seed44,none,10.90909090909091,85.45454545454545,2177.190622234541,355,rolled,2803.374165083837,0.2876108028642057,True,True,0.9311857750502326,3,689.6897121953073,300.0,20.54376099131922,9.27089457932491,355.0,rolled,1.0,False,original,,40,1,41,0.0569462776184082,0.00013756752014160156,0.057083845138549805
gated_cost_merged_seed44,none,10.90909090909091,96.36363636363636,2344.698716886334,355,rolled,2832.8185707337807,0.20818020257018374,True,True,0.763246890040427,2,737.9331389412687,300.0,23.2349754126287,11.699921882821709,355.0,rolled,1.0,False,original,,40,1,41,0.0519256591796875,0.000141143798828125,0.052066802978515625
gated_cost_merged_seed44,none,10.90909090909091,107.27272727272728,2499.121791022924,355,rolled,3132.6183724460125,0.2534876786312163,True,True,0.9335502591190376,1,727.6448693116515,268.0380186202666,22.70148295337671,17.87180741312441,355.0,rolled,1.0,False,original,,40,1,41,0.0442659854888916,0.0001456737518310547,0.044411659240722656
gated_cost_merged_seed44,none,10.90909090909091,118.18181818181816,2669.547168301596,355,rolled,3453.7167075366733,0.2937462759775762,True,True,0.9480468550303419,3,750.0,300.0,26.04833684804449,9.979676708502177,355.0,rolled,1.0,False,original,,40,1,41,0.055693864822387695,0.00013709068298339844,0.055830955505371094
gated_cost_merged_seed44,none,10.90909090909091,129.0909090909091,2855.841135487434,355,rolled,3377.615528809623,0.18270427820318264,True,True,0.8473099383193774,1,750.0,300.0,27.455859887902697,14.090962586583037,355.0,rolled,1.0,False,original,,40,1,41,0.045061588287353516,0.00013375282287597656,0.04519534111022949
gated_cost_merged_seed44,none,10.90909090909091,140.0,3091.557267278178,355,rolled,4020.91102694026,0.30061023597996916,True,True,0.9209497749022825,3,750.0,300.0,32.90266778261394,9.591972826172915,355.0,rolled,1.0,False,original,,40,1,41,0.04765152931213379,0.000213623046875,0.04786515235900879
gated_cost_merged_seed44,none,11.727272727272728,20.0,1117.8784812198996,355,rolled,1770.386205346839,0.5837018379805305,True,True,0.7327654233365591,1,430.24911315628106,207.04098209299582,19.547565841039898,6.849890117331258,355.0,rolled,1.0,False,original,,40,1,41,0.04593515396118164,0.00014495849609375,0.04608011245727539
gated_cost_merged_seed44,none,11.727272727272728,30.909090909090907,1399.1707585826318,355,rolled,2083.1861471070965,0.4888719867311809,True,True,0.7398203647910994,3,461.37864357791915,280.8359116530878,17.91514352834429,6.144457619221721,355.0,rolled,1.0,False,original,,40,1,41,0.047240257263183594,0.00014972686767578125,0.047389984130859375
gated_cost_merged_seed44,none,11.727272727272728,41.81818181818181,1658.320920880548,355,rolled,2156.2579485190563,0.3002657817125709,True,True,0.9126439878404952,1,557.5552814783252,226.38242587144626,20.44381251990106,12.277116498771724,355.0,rolled,1.0,False,original,,40,1,41,0.05990457534790039,0.00013446807861328125,0.06003904342651367
gated_cost_merged_seed44,none,11.727272727272728,52.72727272727273,1896.895430152976,355,rolled,2541.9816628877866,0.34007474659938813,True,True,0.8690057921979831,3,554.8673495804443,300.0,19.48162989265011,7.327349998795462,355.0,rolled,1.0,False,original,,40,1,41,0.046132802963256836,0.00014662742614746094,0.0462794303894043
gated_cost_merged_seed44,none,11.727272727272728,63.63636363636363,2122.483987052358,355,rolled,2805.731954637101,0.32190959825973403,True,True,0.9479843253362851,3,609.6237068574576,300.0,20.86387066074271,8.022443769830057,355.0,rolled,1.0,False,original,,40,1,41,0.07101964950561523,0.00021958351135253906,0.07123923301696777
gated_cost_merged_seed44,none,11.727272727272728,74.54545454545453,2414.680044837911,355,rolled,2993.6640247276914,0.23977668640925295,True,True,0.9730478314212079,1,592.7879939953776,246.57261100141872,27.90471186234526,14.705540590896257,355.0,rolled,1.0,False,original,,40,1,41,0.05965399742126465,0.0001571178436279297,0.05981111526489258
gated_cost_merged_seed44,none,11.727272727272728,85.45454545454545,2607.2244497923484,355,rolled,3405.3956388392435,0.30613827248761233,True,True,0.9088368932723875,3,746.6495789956698,300.0,23.15476466636251,9.753291386373098,355.0,rolled,1.0,False,original,,40,1,41,0.05019378662109375,0.0001418590545654297,0.05033564567565918
gated_cost_merged_seed44,none,11.727272727272728,96.36363636363636,2824.34606849496,355,rolled,3695.395472102403,0.30840746228793714,True,True,0.9296817541484699,3,750.0,300.0,25.632254698659537,10.173972675998527,355.0,rolled,1.0,False,original,,40,1,41,0.05337810516357422,0.00016832351684570312,0.05354642868041992
gated_cost_merged_seed44,none,11.727272727272728,107.27272727272728,3054.1802093068686,355,rolled,3636.6306390967293,0.19070597995985475,True,True,0.9192118759858002,1,695.2523766345937,300.0,26.629006829952644,16.09323723090222,355.0,rolled,1.0,False,original,,40,1,41,0.05806899070739746,0.0001652240753173828,0.058234214782714844
gated_cost_merged_seed44,none,11.727272727272728,118.18181818181816,3357.8991517305085,355,rolled,4214.934980523055,0.25522977018260634,True,True,0.996968525903965,1,750.0,274.82097117841107,28.999641221326826,14.032497945359458,355.0,rolled,1.0,False,original,,40,1,41,0.05867719650268555,0.0001456737518310547,0.0588228702545166
gated_cost_merged_seed44,none,11.727272727272728,129.0909090909091,3650.466675336178,355,rolled,4547.791277000288,0.24581092815522645,True,True,0.9499306342160007,3,750.0,300.0,35.0,9.816925463656816,355.0,rolled,1.0,False,original,,40,1,41,0.0511171817779541,0.0001544952392578125,0.051271677017211914
gated_cost_merged_seed44,none,11.727272727272728,140.0,3950.7596541302537,355,rolled,4606.358034511062,0.1659423598941091,True,True,0.8574384818548647,1,750.0,300.0,35.0,18.124493839751768,355.0,rolled,1.0,False,original,,40,1,41,0.05014514923095703,0.00014519691467285156,0.05029034614562988
gated_cost_merged_seed44,none,12.545454545454549,20.0,1307.1994834284806,355,rolled,2100.924895776807,0.607195322833642,True,True,0.6354733388777205,3,447.830109453646,257.1683824433826,18.442507667605426,6.0,355.0,rolled,1.0,False,original,,40,1,41,0.04837441444396973,0.00014281272888183594,0.04851722717285156
gated_cost_merged_seed44,none,12.545454545454549,30.909090909090907,1673.5520688887286,355,rolled,2428.442994100168,0.4510710716713474,True,True,0.7331862503570518,3,491.87322940040167,300.0,18.087442957158732,6.499881795885816,355.0,rolled,1.0,False,original,,40,1,41,0.048597097396850586,0.00014138221740722656,0.04873847961425781
gated_cost_merged_seed44,none,12.545454545454549,41.81818181818181,1957.4303873162305,355,rolled,2703.5433498346642,0.3811696024303603,True,True,0.8170555954042374,3,549.9079078504504,300.0,19.397217072737742,7.319427375065468,355.0,rolled,1.0,False,original,,40,1,41,0.04459857940673828,0.0001838207244873047,0.044782400131225586
gated_cost_merged_seed44,none,12.545454545454549,52.72727272727273,2222.5772160497027,355,rolled,2995.573847458683,0.34779292518028493,True,True,0.9147275372254631,1,612.7425959935198,242.29674793355628,24.631204314035884,14.768886809550429,355.0,rolled,1.0,False,original,,40,1,41,0.04364466667175293,0.00014448165893554688,0.04378914833068848
gated_cost_merged_seed44,none,12.545454545454549,63.63636363636363,2552.3230156844406,355,rolled,3369.0981809612567,0.3200124593390412,True,True,0.9228940283013081,3,667.2151556552014,300.0,22.929558325294096,8.703112068396198,355.0,rolled,1.0,False,original,,40,1,41,0.05344843864440918,0.0001442432403564453,0.053592681884765625
gated_cost_merged_seed44,none,12.545454545454549,74.54545454545453,2864.0220557743514,355,rolled,3735.1206608628636,0.3041521985950599,True,True,0.9003714795472725,3,750.0,300.0,24.083848349758956,9.685097466469884,355.0,rolled,1.0,False,original,,40,1,41,0.053261518478393555,0.00013828277587890625,0.05339980125427246
gated_cost_merged_seed44,none,12.545454545454549,85.45454545454545,3136.2352005841685,355,rolled,4094.2332220568005,0.30546115332618906,True,True,0.937127293841078,3,715.2621246014029,300.0,28.543480750840494,9.365871594714653,355.0,rolled,1.0,False,original,,40,1,41,0.053859710693359375,0.00014352798461914062,0.054003238677978516
gated_cost_merged_seed44,none,12.545454545454549,96.36363636363636,3474.753399293351,355,rolled,4485.089299860272,0.29076477794723216,True,True,0.9080028574260788,3,750.0,300.0,31.895122541129776,9.292821168149878,355.0,rolled,1.0,False,original,,40,1,41,0.04989004135131836,0.0001990795135498047,0.050089120864868164
gated_cost_merged_seed44,none,12.545454545454549,107.27272727272728,3859.290256207383,355,rolled,4846.959087302538,0.255919810516082,True,True,0.9264121750874083,3,750.0,300.0,35.0,9.665341282966061,355.0,rolled,1.0,False,original,,40,1,41,0.0488278865814209,0.0001347064971923828,0.04896259307861328
gated_cost_merged_seed44,none,12.545454545454549,118.18181818181816,4215.558205846268,355,rolled,5015.389099340623,0.1897330921407098,True,True,0.9153889670462594,2,750.0,300.0,35.0,11.074358463280172,355.0,rolled,1.0,False,original,,40,1,41,0.046875953674316406,0.00014019012451171875,0.047016143798828125
gated_cost_merged_seed44,none,12.545454545454549,129.0909090909091,4601.917380514503,355,rolled,5116.175689782581,0.11174870532129869,True,True,0.9914200644987599,1,750.0,300.0,35.0,11.917498208742472,355.0,rolled,1.0,False,original,,40,1,41,0.07182049751281738,0.0002522468566894531,0.07207274436950684
gated_cost_merged_seed44,none,12.545454545454549,140.0,5031.3200482783495,355,rolled,6873.455225766,0.36613357127181845,True,True,0.8738230065868687,1,750.0,300.0,35.0,15.096441299149085,460.0,rolled,0.0,False,original,,40,1,41,0.043616294860839844,0.0001285076141357422,0.043744802474975586
gated_cost_merged_seed44,none,13.363636363636363,20.0,1553.9456704912225,355,rolled,2332.3234011618597,0.500904082717758,True,True,0.5504509716431811,2,487.4516283970252,300.0,17.772874585301278,9.168602025446782,355.0,rolled,1.0,False,original,,40,1,41,0.043854713439941406,0.0001614093780517578,0.044016122817993164
gated_cost_merged_seed44,none,13.363636363636363,30.909090909090907,2055.764041961098,355,rolled,2794.695073873001,0.35944350461884683,True,True,0.7376478579867047,3,529.4654203748966,300.0,19.31051014239741,6.801068736078786,355.0,rolled,1.0,False,original,,40,1,41,0.04420065879821777,0.0001533031463623047,0.04435396194458008
gated_cost_merged_seed44,none,13.363636363636363,41.81818181818181,2295.1327804460216,355,rolled,3152.6846820733213,0.3736393418862017,True,True,0.8185632429405424,3,584.9437243716912,300.0,21.112015550663852,7.68194561460902,355.0,rolled,1.0,False,original,,40,1,41,0.05725407600402832,0.0001461505889892578,0.05740022659301758
gated_cost_merged_seed44,none,13.363636363636363,52.72727272727273,2698.233573079863,355,rolled,3559.3582809792874,0.31914387119440696,True,True,0.9233701633984747,3,623.1512013788569,300.0,24.202017263142093,7.806754886249906,355.0,rolled,1.0,False,original,,40,1,41,0.04290938377380371,0.00013399124145507812,0.04304337501525879
gated_cost_merged_seed44,none,13.363636363636363,63.63636363636363,3099.504449257762,355,rolled,4075.231839960008,0.31480109374771287,True,True,0.8962434879010204,3,710.4249459552809,300.0,25.90969835428453,9.439994404806024,355.0,rolled,1.0,False,original,,40,1,41,0.042283058166503906,0.00013446807861328125,0.04241752624511719
gated_cost_merged_seed44,none,13.363636363636363,74.54545454545453,3409.0278837627866,355,rolled,4454.683914861809,0.306731439798274,True,True,0.8992677939677238,3,750.0,300.0,28.78528198386241,9.413636368749827,355.0,rolled,1.0,False,original,,40,1,41,0.0455164909362793,0.00013566017150878906,0.045652151107788086
gated_cost_merged_seed44,none,13.363636363636363,85.45454545454545,3859.8972334468967,355,rolled,4747.494084129102,0.22995349280052702,True,True,0.8445327545382244,1,750.0,300.0,29.197715196658407,18.24955821406356,355.0,rolled,1.0,False,original,,40,1,41,0.045276641845703125,0.00015616416931152344,0.04543280601501465
gated_cost_merged_seed44,none,13.363636363636363,96.36363636363636,4319.916451720051,355,rolled,5186.456336697913,0.2005918157590372,True,True,0.9669647457487648,3,750.0,300.0,35.0,9.849042261859731,355.0,rolled,1.0,False,original,,40,1,41,0.0449366569519043,0.00015783309936523438,0.04509449005126953
gated_cost_merged_seed44,none,13.363636363636363,107.27272727272728,4782.366988912803,355,rolled,5369.586461403093,0.12278845890574061,True,True,0.968807123877051,2,750.0,300.0,35.0,11.287239172950862,355.0,rolled,1.0,False,original,,40,1,41,0.04334425926208496,0.00014662742614746094,0.04349088668823242
gated_cost_merged_seed44,none,13.363636363636363,118.18181818181816,5228.730538579276,355,rolled,7380.765233959575,0.4115788104783535,True,True,0.8450718759841588,2,750.0,300.0,35.0,13.116202162785731,500.0,rolled,0.0,False,original,,40,1,41,0.04264116287231445,0.0001468658447265625,0.042788028717041016
gated_cost_merged_seed44,none,13.363636363636363,129.0909090909091,6054.672912989209,460,rolled,9200.055945844933,0.519496771841774,True,True,0.8708946783217821,2,750.0,300.0,35.0,13.996225996419552,550.0,rolled,0.0,False,original,,40,1,41,0.06437802314758301,0.0005517005920410156,0.06492972373962402
gated_cost_merged_seed44,none,13.363636363636363,140.0,6583.558144781793,460,rolled,11326.759546500329,0.7204616861291114,True,True,0.9078054022974781,3,750.0,300.0,35.0,13.691632589948194,690.0,rolled,0.0,False,original,,40,1,41,0.0487515926361084,0.00013756752014160156,0.04888916015625
gated_cost_merged_seed44,none,14.181818181818182,20.0,1796.9028968466985,355,rolled,2731.885597501137,0.5203301203950399,True,True,0.6123143519889351,1,677.1679469368194,253.14838911507255,16.890192033856685,12.110420595924783,355.0,rolled,1.0,False,original,,40,1,41,0.05050039291381836,0.000217437744140625,0.050717830657958984
gated_cost_merged_seed44,none,14.181818181818182,30.909090909090907,2224.07150895444,355,rolled,3220.2360370520755,0.4479013035718186,True,True,0.74639637078326,3,558.1505035614614,300.0,20.864616923160934,7.1379477823546065,355.0,rolled,1.0,False,original,,40,1,41,0.05583977699279785,0.000133514404296875,0.05597329139709473
gated_cost_merged_seed44,none,14.181818181818182,41.81818181818181,2615.0382292659383,355,rolled,3700.586572464067,0.4151175807104169,True,True,0.8825512633204184,3,605.5551018110782,300.0,24.04812344547376,7.522200001927263,355.0,rolled,1.0,False,original,,40,1,41,0.06159567832946777,0.00014066696166992188,0.061736345291137695
gated_cost_merged_seed44,none,14.181818181818182,52.72727272727273,3202.0654799770145,355,rolled,4267.73826966992,0.3328079317417815,True,True,0.7343359712547951,1,694.3416576817833,300.0,27.311855164448968,14.29390243019024,355.0,rolled,1.0,False,original,,40,1,41,0.04554176330566406,0.00013113021850585938,0.04567289352416992
gated_cost_merged_seed44,none,14.181818181818182,63.63636363636363,3623.765744949169,355,rolled,4616.050254918019,0.2738268916394233,True,True,0.8175772507537373,1,750.0,300.0,26.319814639741473,16.953961048348766,355.0,rolled,1.0,False,original,,40,1,41,0.05386614799499512,0.0001437664031982422,0.05400991439819336
gated_cost_merged_seed44,none,14.181818181818182,74.54545454545453,4194.266016339479,355,rolled,4844.770696587111,0.155093806094673,True,True,0.8853210057107324,1,727.9908416629249,300.0,29.998621749507286,16.443310353552445,355.0,rolled,1.0,False,original,,40,1,41,0.0582575798034668,0.00015163421630859375,0.05840921401977539
gated_cost_merged_seed44,none,14.181818181818182,85.45454545454545,4739.8598837186255,355,rolled,5607.989878368731,0.18315520204133548,True,True,0.9016562258950928,2,750.0,300.0,35.0,10.618642902914626,355.0,rolled,1.0,False,original,,40,1,41,0.045964956283569336,0.00013685226440429688,0.04610180854797363
gated_cost_merged_seed44,none,14.181818181818182,96.36363636363636,5290.364352494784,355,rolled,5873.07334228761,0.1101453417888009,True,True,0.9981527873674729,1,750.0,300.0,35.0,12.580348963916775,355.0,rolled,1.0,False,original,,40,1,41,0.047789812088012695,0.0002288818359375,0.048018693923950195
gated_cost_merged_seed44,none,14.181818181818182,107.27272727272728,6179.874379812138,355,rolled,7451.088335244969,0.20570223232781557,True,True,0.9436223085194057,1,750.0,300.0,35.0,13.209329436553109,460.0,rolled,0.0,False,original,,40,1,41,0.04566311836242676,0.00013303756713867188,0.04579615592956543
gated_cost_merged_seed44,none,14.181818181818182,118.18181818181816,6852.162427149681,460,rolled,12036.987220654733,0.7566698613216912,True,True,0.9091999561271061,3,750.0,300.0,35.0,13.74759979605436,690.0,rolled,0.0,False,original,,40,1,41,0.04322648048400879,0.00013709068298339844,0.04336357116699219
gated_cost_merged_seed44,none,14.181818181818182,129.0909090909091,9553.512737278232,500,rolled,13590.756302042808,0.42259257676090933,True,True,0.904272330883298,1,750.0,300.0,35.0,18.879336985561647,690.0,rolled,0.0,False,original,,22,1,23,0.024811267852783203,0.00013566017150878906,0.024946928024291992
gated_cost_merged_seed44,none,14.181818181818182,140.0,12744.824501296387,690,rolled,15432.073285496006,0.210850199147605,True,True,0.9368838532422804,1,744.3432537934904,300.0,35.0,25.0,690.0,rolled,1.0,False,original,,8,1,9,0.009730100631713867,0.0001361370086669922,0.00986623764038086
gated_cost_merged_seed44,none,15.0,20.0,2057.2483346770277,355,rolled,3245.6617331547427,0.5776713381879037,True,True,0.6147421583772681,3,523.6943089825699,300.0,20.249787366407126,6.813294189041545,355.0,rolled,1.0,False,original,,40,1,41,0.046543121337890625,0.0002334117889404297,0.046776533126831055
gated_cost_merged_seed44,none,15.0,30.909090909090907,2565.283454586496,355,rolled,3725.7328749443222,0.4523669375729403,True,True,0.7433789378166725,3,583.7309820673776,300.0,23.03165951772364,7.266717642387508,355.0,rolled,1.0,False,original,,40,1,41,0.045513153076171875,0.00013589859008789062,0.045649051666259766
gated_cost_merged_seed44,none,15.0,41.81818181818181,3234.6725939942403,355,rolled,4322.587373614844,0.33632917954061753,True,True,0.7796398499487583,1,717.6630368860363,286.28456723258347,23.995503676762212,15.992476390884221,355.0,rolled,1.0,False,original,,40,1,41,0.04421234130859375,0.0001354217529296875,0.04434776306152344
gated_cost_merged_seed44,none,15.0,52.72727272727273,3765.638206814382,355,rolled,4931.495692946,0.30960422167532103,True,True,0.8711547785672085,3,733.5074906629892,300.0,28.90020460186318,9.061115822827352,355.0,rolled,1.0,False,original,,40,1,41,0.05597662925720215,0.00014019012451171875,0.05611681938171387
gated_cost_merged_seed44,none,15.0,63.63636363636363,4414.262908667717,355,rolled,5582.523255507288,0.26465581480106437,True,True,0.8765918598582098,3,750.0,300.0,34.0315032485795,9.00567355166139,355.0,rolled,1.0,False,original,,40,1,41,0.04710888862609863,0.00014066696166992188,0.047249555587768555
gated_cost_merged_seed44,none,15.0,74.54545454545453,5073.1569950190815,355,rolled,5893.97373249567,0.16179604500363026,True,True,0.9098550560716772,2,750.0,300.0,35.0,10.35588945454009,355.0,rolled,1.0,False,original,,40,1,41,0.047797441482543945,0.00013947486877441406,0.04793691635131836
gated_cost_merged_seed44,none,15.0,85.45454545454545,5700.335679671592,355,rolled,6601.581683496103,0.1581040230733279,True,True,0.9970476787813191,1,750.0,300.0,35.0,15.306795164148067,355.0,rolled,1.0,False,original,,40,1,41,0.04446768760681152,0.000152587890625,0.04462027549743652
gated_cost_merged_seed44,none,15.0,96.36363636363636,6971.155593281798,460,rolled,12644.909175866282,0.8138899651088495,True,True,0.8750819714231279,3,750.0,300.0,35.0,13.474188559844956,690.0,rolled,0.0,False,original,,40,1,41,0.05560708045959473,0.0001964569091796875,0.055803537368774414
gated_cost_merged_seed44,none,15.0,107.27272727272728,8192.251861307222,460,rolled,13746.716838455703,0.6780144301205804,True,True,0.9037697449591497,1,750.0,300.0,35.0,16.93156656073887,690.0,rolled,0.0,False,original,,21,1,22,0.0238189697265625,0.000133514404296875,0.023952484130859375
gated_cost_merged_seed44,none,15.0,118.18181818181816,13414.02255742561,620,rolled,15770.840691713176,0.17569808938355344,True,True,0.9808549359843466,1,750.0,300.0,33.45477723506445,24.4364808514617,690.0,rolled,0.0,False,original,,6,1,7,0.007927179336547852,0.0001804828643798828,0.008107662200927734
gated_cost_merged_seed44,scale,6.0,20.0,241.3288087904857,355,rolled,253.04456948291366,0.04854687988204182,True,True,1.0009676182621954,2,257.9701725865075,128.89677055096774,8.260042069984223,6.0,355.0,rolled,1.0,True,scale,0.9157600402832031,40,18,58,0.07071971893310547,0.0014126300811767578,0.07213234901428223
gated_cost_merged_seed44,scale,6.0,30.909090909090907,292.67799548197263,355,rolled,311.455890172918,0.06415888785907023,True,True,1.000997802949779,1,292.4946974405233,144.68884582318086,9.550379364030627,6.0,355.0,rolled,1.0,True,scale,0.9425277709960938,40,18,58,0.05203676223754883,0.0012161731719970703,0.0532529354095459
gated_cost_merged_seed44,scale,6.0,41.81818181818181,342.2853688824266,355,rolled,360.25480828055373,0.05249841515808273,True,True,1.0009677844577052,2,320.0907799698263,159.57278583684365,10.332264529686471,6.0,355.0,rolled,1.0,True,scale,0.9593963623046875,40,18,58,0.0514073371887207,0.001199960708618164,0.05260729789733887
gated_cost_merged_seed44,scale,6.0,52.72727272727273,386.25765574493386,355,rolled,390.8021613925154,0.011765477214469851,True,True,1.0009902730210365,2,334.5774712875944,167.94068372487564,10.863647612032471,6.0,355.0,rolled,1.0,True,scale,0.9411430358886719,40,18,58,0.043440818786621094,0.0011982917785644531,0.04463911056518555
gated_cost_merged_seed44,scale,6.0,63.63636363636363,431.68145507497405,355,rolled,433.14468784867415,0.003389612309025335,True,True,1.0009789000998988,2,353.84301181044395,178.57810105069444,11.593791719079517,6.0,355.0,rolled,1.0,True,scale,0.9404792785644531,40,18,58,0.04434680938720703,0.0012667179107666016,0.04561352729797363
gated_cost_merged_seed44,scale,6.0,74.54545454545453,466.9500019446189,355,rolled,558.0818979365345,0.19516414094099083,True,True,1.0009559807731878,1,455.6008233617639,133.1885368750852,15.782455423949576,8.695661429078294,355.0,rolled,1.0,True,scale,0.9583091735839844,40,18,58,0.04661726951599121,0.0020189285278320312,0.04863619804382324
gated_cost_merged_seed44,scale,6.0,85.45454545454545,518.2473353887603,355,rolled,626.3473451844892,0.2085876808505696,True,True,1.000991907554687,1,494.96177693909476,150.866321808778,12.050731366755485,11.087239499067262,355.0,rolled,1.0,True,scale,0.9766426086425781,40,18,58,0.0639047622680664,0.0012679100036621094,0.06517267227172852
gated_cost_merged_seed44,scale,6.0,96.36363636363636,549.7256874002802,355,rolled,701.5882629519311,0.27625155424303993,True,True,1.0009829570142432,2,418.2799226847207,163.83000449426146,18.485901607333105,6.0,355.0,rolled,1.0,True,scale,0.9735527038574219,40,18,58,0.04297947883605957,0.001226186752319336,0.044205665588378906
gated_cost_merged_seed44,scale,6.0,107.27272727272728,586.6560772595034,355,rolled,759.2399409247314,0.2941823503669028,True,True,1.000971593363932,2,401.5373259195135,190.26407604812655,17.96727033425976,6.0,355.0,rolled,1.0,True,scale,0.9513397216796875,40,18,58,0.04495525360107422,0.0012388229370117188,0.04619407653808594
gated_cost_merged_seed44,scale,6.0,118.18181818181816,628.4217050081675,355,rolled,792.0923080930214,0.2604470879673495,True,True,1.0009939754712327,2,489.08526009470194,160.71620910564894,18.8850665426646,7.425308346064526,355.0,rolled,1.0,True,scale,0.9852371215820312,40,18,58,0.04964900016784668,0.0011932849884033203,0.05084228515625
gated_cost_merged_seed44,scale,6.0,129.0909090909091,657.4964976148059,355,rolled,839.270390487912,0.27646366715644205,True,True,1.0009891706936371,2,501.9660586911364,159.02946335088055,20.545002023817034,7.481530203110645,355.0,rolled,1.0,True,scale,0.9828681945800781,40,18,58,0.04493093490600586,0.0012311935424804688,0.04616212844848633
gated_cost_merged_seed44,scale,6.0,140.0,697.879425726456,355,rolled,877.1841189770399,0.25692789705605246,True,True,1.0009763194484154,2,511.17941304647564,159.37140756420843,22.120701894824947,7.24448186918071,355.0,rolled,1.0,True,scale,0.9819068908691406,40,18,58,0.04546546936035156,0.0012390613555908203,0.04670453071594238
gated_cost_merged_seed44,scale,6.818181818181818,20.0,317.0885192434045,355,rolled,320.3721106673033,0.010355440908846684,True,True,1.0009863631016374,2,273.4222232182784,139.97246299920255,8.755384339614674,6.0,355.0,rolled,1.0,True,scale,0.8939018249511719,40,18,58,0.04850268363952637,0.0011830329895019531,0.04968571662902832
gated_cost_merged_seed44,scale,6.818181818181818,30.909090909090907,392.6423822212096,355,rolled,395.82560526463766,0.008107181464772949,True,True,1.000968975424514,2,310.3342998459111,157.3475189582776,10.120353117222686,6.0,355.0,rolled,1.0,True,scale,0.9229011535644531,40,18,58,0.06185555458068848,0.0020868778228759766,0.06394243240356445
gated_cost_merged_seed44,scale,6.818181818181818,41.81818181818181,455.0251859822217,355,rolled,459.41610015967234,0.009649826674917657,True,True,1.0009635802606862,2,340.8431711005832,173.9519865008601,10.93051855320229,6.0,355.0,rolled,1.0,True,scale,0.943603515625,40,18,58,0.0921790599822998,0.0018405914306640625,0.09401965141296387
gated_cost_merged_seed44,scale,6.818181818181818,52.72727272727273,519.9507333014534,355,rolled,634.9370868698201,0.2211485554376566,True,True,1.0009976554037596,1,353.96482442213187,181.13268612844846,12.910547561175806,6.0,355.0,rolled,1.0,True,scale,0.9374465942382812,40,18,58,0.0953221321105957,0.0019440650939941406,0.09726619720458984
gated_cost_merged_seed44,scale,6.818181818181818,63.63636363636363,570.1996303697795,355,rolled,715.1981765642132,0.2542943531906552,True,True,1.0009807557510264,1,365.948042394571,192.46453374370728,14.185844657729934,6.0,355.0,rolled,1.0,True,scale,0.9424018859863281,40,18,58,0.07978010177612305,0.001956462860107422,0.08173656463623047
gated_cost_merged_seed44,scale,6.818181818181818,74.54545454545453,645.0378754655677,355,rolled,800.1230274603892,0.2404279777879492,True,True,1.0009836985927192,1,373.8118139469767,199.2715578901352,15.863799035611237,6.0,355.0,rolled,1.0,True,scale,0.9431114196777344,40,18,58,0.07456302642822266,0.0018002986907958984,0.07636332511901855
gated_cost_merged_seed44,scale,6.818181818181818,85.45454545454545,698.212152166206,355,rolled,886.2997678556189,0.26938462057108337,True,True,1.0009882598763664,2,466.91858403608853,159.4325528167313,20.593120696473086,6.3666768940704035,355.0,rolled,1.0,True,scale,0.9969673156738281,40,18,58,0.07728266716003418,0.002247333526611328,0.07953000068664551
gated_cost_merged_seed44,scale,6.818181818181818,96.36363636363636,733.8166260116295,355,rolled,961.8019009749684,0.3106842593666251,True,True,1.0009915390417008,2,502.1146718422737,160.07442161020688,20.994641084435163,7.271498429208427,355.0,rolled,1.0,True,scale,0.9911880493164062,40,18,58,0.06865763664245605,0.0021288394927978516,0.0707864761352539
gated_cost_merged_seed44,scale,6.818181818181818,107.27272727272728,798.4291807439346,355,rolled,977.8333756172216,0.22469644046091544,True,True,1.000999133563793,2,426.57332225567734,224.62989148339898,17.520287990366576,6.03743186984041,355.0,rolled,1.0,True,scale,0.9414749145507812,40,18,58,0.1048879623413086,0.0023949146270751953,0.10728287696838379
gated_cost_merged_seed44,scale,6.818181818181818,118.18181818181816,860.6462645405438,355,rolled,901.724776326631,0.04772984381453964,True,True,1.0009667672993938,1,573.4188076060635,189.66654246492433,15.90296575663469,9.578673645537954,355.0,rolled,1.0,True,scale,0.91668701171875,40,18,58,0.09251093864440918,0.001964569091796875,0.09447550773620605
gated_cost_merged_seed44,scale,6.818181818181818,129.0909090909091,896.311601431932,355,rolled,1096.8337565210159,0.223719245370397,True,True,1.0009756639087848,2,509.0222413481205,214.23474071553753,18.85201610235383,7.220345416536324,355.0,rolled,1.0,True,scale,0.9611129760742188,40,18,58,0.06176137924194336,0.0020036697387695312,0.06376504898071289
gated_cost_merged_seed44,scale,6.818181818181818,140.0,931.1411275891702,355,rolled,965.8683433495218,0.03729533013998023,True,True,1.0009623536312922,1,537.2092969666691,234.03148984239624,16.375280606386994,8.630935142712955,355.0,rolled,1.0,True,scale,0.9287033081054688,40,18,58,0.06693530082702637,0.0019578933715820312,0.0688931941986084
gated_cost_merged_seed44,scale,7.636363636363637,20.0,409.6201332461394,355,rolled,415.2678714888151,0.013787745728997146,True,True,1.000984361271528,2,293.9324957114501,152.43021731837254,9.73186173049472,6.0,355.0,rolled,1.0,True,scale,0.8935928344726562,40,18,58,0.0812842845916748,0.002040863037109375,0.08332514762878418
gated_cost_merged_seed44,scale,7.636363636363637,30.909090909090907,501.774525145321,355,rolled,510.7079157355092,0.017803595325212973,True,True,1.0009806773004726,2,331.3084553258956,175.51145691685937,10.872925848775058,6.0,355.0,rolled,1.0,True,scale,0.9086647033691406,40,18,58,0.06554460525512695,0.001916646957397461,0.06746125221252441
gated_cost_merged_seed44,scale,7.636363636363637,41.81818181818181,593.9298338756057,355,rolled,786.8437160317244,0.32480921340032076,True,True,1.0009652776306877,1,502.1347175081886,140.51402482296285,13.686128712452339,10.311967637203605,355.0,rolled,1.0,True,scale,0.9944610595703125,40,18,58,0.0654900074005127,0.00191497802734375,0.06740498542785645
gated_cost_merged_seed44,scale,7.636363636363637,52.72727272727273,675.9362632758116,355,rolled,746.1385291933797,0.10385929817900963,True,True,1.0009642443573885,1,463.7802699759415,169.71107813662098,14.749246170997841,7.560669733576902,355.0,rolled,1.0,True,scale,0.9452857971191406,40,18,58,0.06127476692199707,0.0019366741180419922,0.06321144104003906
gated_cost_merged_seed44,scale,7.636363636363637,63.63636363636363,779.5020738899598,355,rolled,1017.3399443894157,0.30511512216070236,True,True,1.000978317341583,2,417.8321784749358,165.23576695988842,21.95280558277467,6.024814903316235,355.0,rolled,1.0,True,scale,0.9814834594726562,40,18,58,0.06551098823547363,0.0020294189453125,0.06754040718078613
gated_cost_merged_seed44,scale,7.636363636363637,74.54545454545453,846.6406079690952,355,rolled,1091.1644244439926,0.28881654644637983,True,True,1.0009966001424595,2,443.4990009045658,176.8236509413332,22.059454460377683,6.0,355.0,rolled,1.0,True,scale,0.987823486328125,40,18,58,0.0631413459777832,0.0019652843475341797,0.06510663032531738
gated_cost_merged_seed44,scale,7.636363636363637,85.45454545454545,921.2774310054268,355,rolled,1146.5562727937067,0.24452877516213994,True,True,1.0009794306557862,2,475.0327615233701,194.60697546424143,20.422036927308714,6.3720533810048705,355.0,rolled,1.0,True,scale,0.9921607971191406,40,18,58,0.060501813888549805,0.001958131790161133,0.06245994567871094
gated_cost_merged_seed44,scale,7.636363636363637,96.36363636363636,990.3158107657674,355,rolled,1225.5410715318044,0.23752550268196534,True,True,1.0009694986118542,2,508.80580949258655,196.5757105734702,20.91290122987119,6.91985906888134,355.0,rolled,1.0,True,scale,0.9984207153320312,40,18,58,0.060631752014160156,0.001989126205444336,0.06262087821960449
gated_cost_merged_seed44,scale,7.636363636363637,107.27272727272728,1055.0870687226268,355,rolled,1334.754523340805,0.2650657589394647,True,True,1.0009676095820847,2,530.6861561181086,196.82177653540862,21.917399748108313,7.900544652420917,355.0,rolled,1.0,True,scale,0.9888191223144531,40,18,58,0.06635260581970215,0.002033233642578125,0.06838583946228027
gated_cost_merged_seed44,scale,7.636363636363637,118.18181818181816,1088.4839809208006,355,rolled,1408.8686896762463,0.2943403066753605,True,True,1.0009977239256427,2,545.0530967260905,191.802948440307,24.83414352596467,7.348123550935317,355.0,rolled,1.0,True,scale,0.9899864196777344,40,18,58,0.07067990303039551,0.0020203590393066406,0.07270026206970215
gated_cost_merged_seed44,scale,7.636363636363637,129.0909090909091,1173.7978050697595,355,rolled,1193.006264986024,0.01636436857634344,True,True,1.0009954943552775,2,565.8872696943815,256.3549450656807,16.534317410726942,8.965760376785106,355.0,rolled,1.0,True,scale,0.9334983825683594,40,18,58,0.09604096412658691,0.002093791961669922,0.09813475608825684
gated_cost_merged_seed44,scale,7.636363636363637,140.0,1251.7374258469372,355,rolled,1241.6355752182574,-0.008070263315682846,True,True,1.000973499338598,2,629.2870156502917,244.86365338867648,16.220615617971106,9.803254146801029,355.0,rolled,1.0,True,scale,0.9322967529296875,40,18,58,0.08718681335449219,0.0024950504302978516,0.08968186378479004
gated_cost_merged_seed44,scale,8.454545454545455,20.0,516.1523336674153,355,rolled,531.1150203319546,0.028988896665883494,True,True,1.000962936121238,1,313.9950710926317,159.85986193957814,11.19764583290751,6.0,355.0,rolled,1.0,True,scale,0.8624305725097656,40,18,58,0.08372116088867188,0.0023844242095947266,0.0861055850982666
gated_cost_merged_seed44,scale,8.454545454545455,30.909090909090907,633.218032838701,355,rolled,782.8708756993639,0.2363369883668234,True,True,1.0009591652799628,1,347.650488851417,183.60437849342705,12.731756036135048,6.0,355.0,rolled,1.0,True,scale,0.8997154235839844,40,18,58,0.08845758438110352,0.0027017593383789062,0.09115934371948242
gated_cost_merged_seed44,scale,8.454545454545455,41.81818181818181,757.3789000305048,355,rolled,1036.1606777447969,0.368087594865745,True,True,1.0009647447194592,1,383.7174891044697,165.56353859576174,20.192857632436844,6.0,355.0,rolled,1.0,True,scale,0.9927902221679688,40,18,58,0.0821831226348877,0.0021622180938720703,0.08434534072875977
gated_cost_merged_seed44,scale,8.454545454545455,52.72727272727273,897.7427828478864,355,rolled,1145.4405299019832,0.27591171077792637,True,True,1.0009647917594866,2,420.5058009950649,183.59163185233973,20.00994928038983,6.101467124172777,355.0,rolled,1.0,True,scale,0.9980201721191406,40,18,58,0.08580446243286133,0.002077341079711914,0.08788180351257324
gated_cost_merged_seed44,scale,8.454545454545455,63.63636363636363,969.5859503873623,355,rolled,1247.8084463192147,0.2869498014288458,True,True,1.0009887722989728,2,451.47213572941257,198.57160703565296,20.06754787680349,6.23151677390903,355.0,rolled,1.0,True,scale,0.990753173828125,40,18,58,0.07123422622680664,0.0019538402557373047,0.07318806648254395
gated_cost_merged_seed44,scale,8.454545454545455,74.54545454545453,1093.1775012217977,355,rolled,1397.0489255072216,0.27797079975191574,True,True,1.000994924721444,2,480.26872024478575,194.4644288041572,22.584394489490464,6.91561439944123,355.0,rolled,1.0,True,scale,0.9896659851074219,40,18,58,0.06865334510803223,0.0019221305847167969,0.07057547569274902
gated_cost_merged_seed44,scale,8.454545454545455,85.45454545454545,1181.2789978646645,355,rolled,1406.7370220877583,0.19085925055015995,True,True,1.0009739966567195,2,458.6224897562069,257.46727569243865,17.455699729288003,6.811107797867566,355.0,rolled,1.0,True,scale,0.9407196044921875,40,18,58,0.07267546653747559,0.0019712448120117188,0.0746467113494873
gated_cost_merged_seed44,scale,8.454545454545455,96.36363636363636,1257.923897819336,355,rolled,1598.419602635238,0.2706806869685565,True,True,1.0009802246028314,1,561.3807110682716,216.6111765598766,20.262576715709596,9.05108124735373,355.0,rolled,1.0,True,scale,0.9773750305175781,40,18,58,0.07052135467529297,0.001931905746459961,0.07245326042175293
gated_cost_merged_seed44,scale,8.454545454545455,107.27272727272728,1352.4875507253705,355,rolled,1645.4276357823762,0.216593553781619,True,True,1.0009883921789817,1,446.9914800699118,243.14356603810288,22.89581134130413,13.404361110920506,355.0,rolled,1.0,True,scale,0.9794349670410156,40,18,58,0.06982970237731934,0.0031747817993164062,0.07300448417663574
gated_cost_merged_seed44,scale,8.454545454545455,118.18181818181816,1418.3994702060834,355,rolled,1435.5574123139347,0.012096692411594325,True,True,1.000991246547279,2,594.4230700627654,269.28613355186053,17.09711426339499,9.277815247779953,355.0,rolled,1.0,True,scale,0.936279296875,40,18,58,0.0666048526763916,0.0019326210021972656,0.06853747367858887
gated_cost_merged_seed44,scale,8.454545454545455,129.0909090909091,1503.943042662674,355,rolled,1505.9425944168802,0.0013295395486959164,True,True,1.0009905316442775,2,653.0625695945103,260.90345861815035,16.97772668726791,10.099943788810267,355.0,rolled,1.0,True,scale,0.9336357116699219,40,18,58,0.09712481498718262,0.002155780792236328,0.09928059577941895
gated_cost_merged_seed44,scale,8.454545454545455,140.0,1589.050557323039,355,rolled,1625.229614902772,0.022767719637996557,True,True,1.0009623905676643,2,680.5961546834825,238.92483938261827,20.100572616217796,10.46858270712455,355.0,rolled,1.0,True,scale,0.9467735290527344,40,18,58,0.0757761001586914,0.0019378662109375,0.0777139663696289
gated_cost_merged_seed44,scale,9.272727272727272,20.0,633.3700898588271,355,rolled,661.7407799721713,0.04479322684730462,True,True,1.0009962854759786,2,329.7399243338993,180.1451392013983,11.703341105696163,6.0,355.0,rolled,1.0,True,scale,0.8768157958984375,40,18,58,0.08410978317260742,0.0021278858184814453,0.08623766899108887
gated_cost_merged_seed44,scale,9.272727272727272,30.909090909090907,801.8071464602682,355,rolled,1016.1965621788712,0.26738276986562953,True,True,1.0009793170611982,1,357.2003583493861,179.40608676651263,16.37139516349123,6.0,355.0,rolled,1.0,True,scale,0.9211616516113281,40,18,58,0.07260680198669434,0.002177715301513672,0.07478451728820801
gated_cost_merged_seed44,scale,9.272727272727272,41.81818181818181,962.5021253931346,355,rolled,1117.265278844963,0.16079253164102386,True,True,1.0009628912227428,1,504.1475601886188,173.89707823976696,17.377056933294444,8.902517871347696,355.0,rolled,1.0,True,scale,0.9173736572265625,40,18,58,0.07337546348571777,0.0019512176513671875,0.07532668113708496
gated_cost_merged_seed44,scale,9.272727272727272,52.72727272727273,1070.6846994207378,355,rolled,1398.7549521080966,0.30641163814599337,True,True,1.0009719046954246,1,619.0552862215136,179.46372954053768,15.376622402574492,12.372591948417242,355.0,rolled,1.0,True,scale,0.9897918701171875,40,18,58,0.07896113395690918,0.0019507408142089844,0.08091187477111816
gated_cost_merged_seed44,scale,9.272727272727272,63.63636363636363,1216.7126656588257,355,rolled,1441.2684770911978,0.18455944264439758,True,True,1.000975116174265,1,517.2498490493315,210.60402576864624,18.26105627756874,11.430975159400287,355.0,rolled,1.0,True,scale,0.9342308044433594,40,18,58,0.06461977958679199,0.0019481182098388672,0.06656789779663086
gated_cost_merged_seed44,scale,9.272727272727272,74.54545454545453,1356.4151141978043,355,rolled,1617.4588909525098,0.19245124447694545,True,True,1.0009986956510446,2,459.4904196746895,263.8589739087717,18.416087349224085,6.459178255106499,355.0,rolled,1.0,True,scale,0.9391975402832031,40,18,58,0.07297945022583008,0.0019638538360595703,0.07494330406188965
gated_cost_merged_seed44,scale,9.272727272727272,85.45454545454545,1422.5235716023028,355,rolled,1705.0428568554141,0.19860429091862927,True,True,1.0009672397332698,2,502.86579153310055,275.4175364057446,17.93279991471863,6.9477192214397965,355.0,rolled,1.0,True,scale,0.9399642944335938,40,18,58,0.0618586540222168,0.001926422119140625,0.06378507614135742
gated_cost_merged_seed44,scale,9.272727272727272,96.36363636363636,1530.0841209322955,355,rolled,1872.133246749354,0.22354922918136325,True,True,1.0009675530757878,1,644.2573393698923,221.88580835132316,19.038418868041973,14.31979328604664,355.0,rolled,1.0,True,scale,0.9656219482421875,40,18,58,0.06638598442077637,0.002230405807495117,0.06861639022827148
gated_cost_merged_seed44,scale,9.272727272727272,107.27272727272728,1647.0835657255905,355,rolled,1694.3080983339323,0.028671606948818054,True,True,1.0009867004808326,2,611.8334522843992,278.5557122113296,18.039241996785567,9.469670439976834,355.0,rolled,1.0,True,scale,0.9358100891113281,40,18,58,0.06265592575073242,0.0020751953125,0.06473112106323242
gated_cost_merged_seed44,scale,9.272727272727272,118.18181818181816,1794.0191544704012,355,rolled,1783.200677433366,-0.006030301856073967,True,True,1.0009617359246368,2,662.9526260717572,281.5532684326172,17.36876051663585,10.402389119917371,355.0,rolled,1.0,True,scale,0.9385108947753906,40,18,58,0.07953047752380371,0.0020220279693603516,0.08155250549316406
gated_cost_merged_seed44,scale,9.272727272727272,129.0909090909091,1876.6125693849333,355,rolled,1901.73157808919,0.013385292795139652,True,True,1.0009923650867707,2,697.9694366455078,279.1877746582031,17.796233644596235,11.266873755684909,355.0,rolled,1.0,True,scale,0.9306259155273438,40,18,58,0.08944320678710938,0.0019860267639160156,0.09142923355102539
gated_cost_merged_seed44,scale,9.272727272727272,140.0,1975.8458780810136,355,rolled,1977.3202101093084,0.0007461776470777891,True,True,1.0009627009273308,2,710.4148864746094,284.16595458984375,18.840332628500235,10.976007203954362,355.0,rolled,1.0,True,scale,0.9472198486328125,40,18,58,0.09715676307678223,0.0024590492248535156,0.09961581230163574
gated_cost_merged_seed44,scale,10.09090909090909,20.0,771.2799576046779,355,rolled,1066.1685200360919,0.38233660751049897,True,True,1.0009906453492887,1,347.59991665853204,163.3299884103108,17.335169928223745,6.0,355.0,rolled,1.0,True,scale,0.9283714294433594,40,18,58,0.08747696876525879,0.0027692317962646484,0.09024620056152344
gated_cost_merged_seed44,scale,10.09090909090909,30.909090909090907,964.7090665866748,355,rolled,1236.8028764714713,0.282047530503177,True,True,1.000987035469808,1,380.6279919767067,193.31974469554248,17.252042205323114,6.0,355.0,rolled,1.0,True,scale,0.9191360473632812,40,18,58,0.07580733299255371,0.0021855831146240234,0.07799291610717773
gated_cost_merged_seed44,scale,10.09090909090909,41.81818181818181,1147.2574547707825,355,rolled,1397.808893026437,0.21839164105123535,True,True,1.0009727387665348,1,490.8112592692798,191.51200102484,19.010429633165817,9.873971498805032,355.0,rolled,1.0,True,scale,0.9261398315429688,40,18,58,0.07368826866149902,0.0019805431365966797,0.0756688117980957
gated_cost_merged_seed44,scale,10.09090909090909,52.72727272727273,1318.1429375417918,355,rolled,1662.0881540406608,0.2609316536947756,True,True,1.000969220159436,3,461.6807531567138,259.0354387009312,17.626504641643198,6.151191170849361,355.0,rolled,1.0,True,scale,0.9660224914550781,40,18,58,0.08165979385375977,0.0020952224731445312,0.0837550163269043
gated_cost_merged_seed44,scale,10.09090909090909,63.63636363636363,1473.4968374975142,355,rolled,1878.1699071968349,0.2746345016841635,True,True,1.000985878274061,1,644.3941304443873,212.37562023031566,16.502400354652163,14.36332464752306,355.0,rolled,1.0,True,scale,0.9765739440917969,40,18,58,0.07989811897277832,0.002037525177001953,0.08193564414978027
gated_cost_merged_seed44,scale,10.09090909090909,74.54545454545453,1593.8205978972342,355,rolled,1919.311455297106,0.2042205112854607,True,True,1.0009794845410669,2,509.7923220395702,280.3516387939453,18.31231509578093,6.987390411556613,355.0,rolled,1.0,True,scale,0.9345054626464844,40,18,58,0.07043790817260742,0.0020303726196289062,0.07246828079223633
gated_cost_merged_seed44,scale,10.09090909090909,85.45454545454545,1744.078619322344,355,rolled,2109.378488840931,0.2094514923074529,True,True,1.000979969998512,1,662.4748367041082,240.63837586262161,17.877954079674126,14.569012672965785,355.0,rolled,1.0,True,scale,0.9525184631347656,40,18,58,0.0779726505279541,0.0021245479583740234,0.08009719848632812
gated_cost_merged_seed44,scale,10.09090909090909,96.36363636363636,1930.113776773892,355,rolled,2393.525726048653,0.24009566423039344,True,True,1.0009636326765214,3,665.007329030616,293.7171936035156,18.96486552123905,9.22878261349559,355.0,rolled,1.0,True,scale,0.9790573120117188,40,18,58,0.10535788536071777,0.002186298370361328,0.1075441837310791
gated_cost_merged_seed44,scale,10.09090909090909,107.27272727272728,2067.605711285596,355,rolled,2104.182580092715,0.017690446784641607,True,True,1.0009708038056528,2,675.0509453415059,278.2264709472656,19.64372283342649,10.633556237863294,355.0,rolled,1.0,True,scale,0.9274215698242188,40,18,58,0.08011221885681152,0.002093076705932617,0.08220529556274414
gated_cost_merged_seed44,scale,10.09090909090909,118.18181818181816,2170.353625378734,355,rolled,2215.5991843308266,0.02084709073351919,True,True,1.000999041045687,2,707.0417404174805,282.8166961669922,20.020674403427893,10.94995505949024,355.0,rolled,1.0,True,scale,0.9427223205566406,40,18,58,0.10455942153930664,0.0021758079528808594,0.1067352294921875
gated_cost_merged_seed44,scale,10.09090909090909,129.0909090909091,2307.5736162550616,355,rolled,2393.694433579331,0.037320940366805735,True,True,1.0009857248287868,1,704.9560546875,281.982421875,22.34425387619336,11.395343463381884,355.0,rolled,1.0,True,scale,0.93994140625,40,18,58,0.10801362991333008,0.002017498016357422,0.1100311279296875
gated_cost_merged_seed44,scale,10.09090909090909,140.0,2443.406284429296,355,rolled,3041.8825841740963,0.24493523797438607,True,True,1.0009952936806603,3,736.4044189453125,294.561767578125,25.486441894468918,9.480889491310691,355.0,rolled,1.0,True,scale,0.98187255859375,40,18,58,0.14117717742919922,0.0020923614501953125,0.14326953887939453
gated_cost_merged_seed44,scale,10.90909090909091,20.0,939.0466900997784,355,rolled,1183.4195193641035,0.2602350147662618,True,True,1.000988612372427,2,366.0512065030293,214.26455595893677,13.313592515581679,6.0,355.0,rolled,1.0,True,scale,0.8747100830078125,40,18,58,0.08368659019470215,0.002202272415161133,0.08588886260986328
gated_cost_merged_seed44,scale,10.90909090909091,30.909090909090907,1197.1649157491154,355,rolled,1479.2156544483169,0.23559890119458665,True,True,1.0009587820150767,2,405.05030948224396,205.71065806381253,18.142675868678516,6.0,355.0,rolled,1.0,True,scale,0.9357528686523438,40,18,58,0.05537223815917969,0.0013136863708496094,0.0566859245300293
gated_cost_merged_seed44,scale,10.90909090909091,41.81818181818181,1403.509472950396,355,rolled,1688.3576084042243,0.2029541951398682,True,True,1.000987083129955,2,436.48993585280095,258.91752778083554,16.589049667833162,6.086274518896012,355.0,rolled,1.0,True,scale,0.9222831726074219,40,18,58,0.04468083381652832,0.0012884140014648438,0.045969247817993164
gated_cost_merged_seed44,scale,10.90909090909091,52.72727272727273,1588.7457907355176,355,rolled,2006.2165687951976,0.2627675116397381,True,True,1.0009599350330491,1,511.2411076105123,216.2564007871658,22.827360238998825,12.305722524959492,355.0,rolled,1.0,True,scale,0.9956626892089844,40,18,58,0.04313778877258301,0.0012507438659667969,0.044388532638549805
gated_cost_merged_seed44,scale,10.90909090909091,63.63636363636363,1789.9941201560932,355,rolled,2104.4005182801543,0.17564660944061863,True,True,1.0009598446145038,2,515.6738256556024,280.96089202180696,18.3721204004927,7.189099260019833,355.0,rolled,1.0,True,scale,0.9367027282714844,40,18,58,0.045789241790771484,0.0014810562133789062,0.04727029800415039
gated_cost_merged_seed44,scale,10.90909090909091,74.54545454545453,1942.2808212955651,355,rolled,2507.740368486873,0.2911317153480041,True,True,1.000987357921313,3,603.5975322603713,294.8570251464844,20.008476160713865,8.17291182140909,355.0,rolled,1.0,True,scale,0.9828567504882812,40,18,58,0.06788158416748047,0.0012662410736083984,0.06914782524108887
gated_cost_merged_seed44,scale,10.90909090909091,85.45454545454545,2177.190622234541,355,rolled,2686.3667305766953,0.23386840965701283,True,True,1.000998191407581,3,675.1431484031631,293.6725616455078,20.11046305384591,9.075357866185996,355.0,rolled,1.0,True,scale,0.9789085388183594,40,18,58,0.0569462776184082,0.0013477802276611328,0.058294057846069336
gated_cost_merged_seed44,scale,10.90909090909091,96.36363636363636,2344.698716886334,355,rolled,2424.586136208808,0.03407150724616829,True,True,1.0009579021279411,2,682.6945602004067,277.5432586669922,21.495702636894702,10.824114818358627,355.0,rolled,1.0,True,scale,0.9251441955566406,40,18,58,0.0519256591796875,0.001260519027709961,0.05318617820739746
gated_cost_merged_seed44,scale,10.90909090909091,107.27272727272728,2499.121791022924,355,rolled,3014.2346608948906,0.20611755366317067,True,True,1.0009912833530936,1,713.7633691002121,262.9245766527985,22.26839992935237,17.530861563236428,355.0,rolled,1.0,True,scale,0.9809226989746094,40,18,58,0.0442659854888916,0.0013737678527832031,0.045639753341674805
gated_cost_merged_seed44,scale,10.90909090909091,118.18181818181816,2669.547168301596,355,rolled,3344.012022388687,0.2526514092336475,True,True,1.0009622250916523,3,737.9922866821289,295.19691467285156,25.631295566339613,9.819899245941205,355.0,rolled,1.0,True,scale,0.9839897155761719,40,18,58,0.055693864822387695,0.0012736320495605469,0.05696749687194824
gated_cost_merged_seed44,scale,10.90909090909091,129.0909090909091,2855.841135487434,355,rolled,3066.1754787207856,0.07365057552385595,True,True,1.0009612323325954,1,714.5862579345703,285.8345031738281,26.15944023422968,13.425610967256542,355.0,rolled,1.0,True,scale,0.9527816772460938,40,18,58,0.045061588287353516,0.0011973381042480469,0.04625892639160156
gated_cost_merged_seed44,scale,10.90909090909091,140.0,3091.557267278178,355,rolled,3824.041732357469,0.23693058279466175,True,True,1.0009904779875651,3,731.4090728759766,292.5636291503906,32.0870796507039,9.354207935790257,355.0,rolled,1.0,True,scale,0.9752120971679688,40,18,58,0.04765152931213379,0.0012059211730957031,0.04885745048522949
gated_cost_merged_seed44,scale,11.727272727272728,20.0,1117.8784812198996,355,rolled,1497.1320114348284,0.3392618576941059,True,True,1.0009882354555488,1,395.6544216618807,190.39360576335957,17.97582056822252,6.299116558168705,355.0,rolled,1.0,True,scale,0.9195938110351562,40,18,58,0.04593515396118164,0.001210927963256836,0.04714608192443848
gated_cost_merged_seed44,scale,11.727272727272728,30.909090909090907,1399.1707585826318,355,rolled,1772.4291554264883,0.26677115323791456,True,True,1.0009760905078833,2,422.7180475511836,257.3036483345616,16.413968438532542,6.0,355.0,rolled,1.0,True,scale,0.9162063598632812,40,18,58,0.047240257263183594,0.0013108253479003906,0.048551082611083984
gated_cost_merged_seed44,scale,11.727272727272728,41.81818181818181,1658.320920880548,355,rolled,2053.525236947805,0.23831594421266064,True,True,1.0009585471928586,1,544.1111174531159,220.9237340305748,19.95085697280368,11.981082054387203,355.0,rolled,1.0,True,scale,0.9758872985839844,40,18,58,0.05990457534790039,0.001356363296508789,0.06126093864440918
gated_cost_merged_seed44,scale,11.727272727272728,52.72727272727273,1896.895430152976,355,rolled,2333.7205442352124,0.23028423556643213,True,True,1.0009735792617458,3,531.6519218376834,287.4481201171875,18.666526298203596,7.020776608648106,355.0,rolled,1.0,True,scale,0.958160400390625,40,18,58,0.046132802963256836,0.0016448497772216797,0.047777652740478516
gated_cost_merged_seed44,scale,11.727272727272728,63.63636363636363,2122.483987052358,355,rolled,2717.621145859657,0.2803965365287905,True,True,1.0009880005040452,3,599.9750833537665,295.25184631347656,20.53365444609953,7.895471116627904,355.0,rolled,1.0,True,scale,0.9841728210449219,40,18,58,0.07101964950561523,0.0026378631591796875,0.07365751266479492
gated_cost_merged_seed44,scale,11.727272727272728,74.54545454545453,2414.680044837911,355,rolled,2946.5042351286,0.2202462356980255,True,True,1.000981702090256,1,588.100305123794,244.622747481346,27.684045100219702,14.58925112539284,355.0,rolled,1.0,True,scale,0.9920921325683594,40,18,58,0.05965399742126465,0.0014030933380126953,0.061057090759277344
gated_cost_merged_seed44,scale,11.727272727272728,85.45454545454545,2607.2244497923484,355,rolled,3219.8394539142073,0.23496826449700195,True,True,1.0009797340877322,3,726.0226096540612,291.7121887207031,22.515090267124698,9.483846591832258,355.0,rolled,1.0,True,scale,0.9723739624023438,40,18,58,0.05019378662109375,0.0013995170593261719,0.05159330368041992
gated_cost_merged_seed44,scale,11.727272727272728,96.36363636363636,2824.34606849496,355,rolled,3539.2527135443634,0.2531228920648394,True,True,1.0009895438973013,3,733.9839935302734,293.5935974121094,25.08488622254299,9.956710793063042,355.0,rolled,1.0,True,scale,0.9786453247070312,40,18,58,0.05337810516357422,0.0014486312866210938,0.05482673645019531
gated_cost_merged_seed44,scale,11.727272727272728,107.27272727272728,3054.1802093068686,355,rolled,3463.204624227451,0.13392281623532898,True,True,1.0009740060896952,1,678.4720506039881,292.7593231201172,25.98630004965971,15.704817461768009,355.0,rolled,1.0,True,scale,0.9758644104003906,40,18,58,0.05806899070739746,0.0014233589172363281,0.05949234962463379
gated_cost_merged_seed44,scale,11.727272727272728,118.18181818181816,3357.8991517305085,355,rolled,4205.38964249396,0.2523871183941584,True,True,1.0009956859779086,1,749.150276184082,274.50960861264576,28.96678564026171,14.016599615091469,355.0,rolled,1.0,True,scale,0.9988670349121094,40,18,58,0.05867719650268555,0.001432657241821289,0.060109853744506836
gated_cost_merged_seed44,scale,11.727272727272728,129.0909090909091,3650.466675336178,355,rolled,4407.534536837914,0.2073893364420362,True,True,1.00099181151708,3,738.3441925048828,295.3376770019531,34.45606231689453,9.664359872459086,355.0,rolled,1.0,True,scale,0.9844589233398438,40,18,58,0.0511171817779541,0.0017120838165283203,0.05282926559448242
gated_cost_merged_seed44,scale,11.727272727272728,140.0,3950.7596541302537,355,rolled,4209.4909699183145,0.06548900425202393,True,True,1.000999082946867,1,716.9637680053711,286.78550720214844,33.458309173583984,17.326140528718085,355.0,rolled,1.0,True,scale,0.9559516906738281,40,18,58,0.05014514923095703,0.0014295578002929688,0.05157470703125
gated_cost_merged_seed44,scale,12.545454545454549,20.0,1307.1994834284806,355,rolled,1708.677079765425,0.3071280255435552,True,True,1.0009921490797686,2,398.8452745595655,229.038628574587,16.42521768629394,6.0,355.0,rolled,1.0,True,scale,0.8906173706054688,40,18,58,0.04837441444396973,0.0013401508331298828,0.04971456527709961
gated_cost_merged_seed44,scale,12.545454545454549,30.909090909090907,1673.5520688887286,355,rolled,2036.891691789269,0.21710685293574708,True,True,1.0009805654830817,3,450.04944444505287,274.4911193847656,16.54947488039532,6.0,355.0,rolled,1.0,True,scale,0.9149703979492188,40,18,58,0.048597097396850586,0.0013911724090576172,0.0499882698059082
gated_cost_merged_seed44,scale,12.545454545454549,41.81818181818181,1957.4303873162305,355,rolled,2396.4115345939254,0.22426398921882873,True,True,1.0009770060212433,3,517.730793750879,282.44590759277344,18.262215269611506,6.8911410266991915,355.0,rolled,1.0,True,scale,0.9414863586425781,40,18,58,0.04459857940673828,0.001295328140258789,0.04589390754699707
gated_cost_merged_seed44,scale,12.545454545454549,52.72727272727273,2222.5772160497027,355,rolled,2854.525780776645,0.2843314329704757,True,True,1.0009934499137416,1,598.1430237943639,236.52364045219872,24.044326482975595,14.416994464074461,355.0,rolled,1.0,True,scale,0.9761734008789062,40,18,58,0.04364466667175293,0.0011904239654541016,0.04483509063720703
gated_cost_merged_seed44,scale,12.545454545454549,63.63636363636363,2552.3230156844406,355,rolled,3215.0559670392386,0.25965872943283275,True,True,1.0009704118791336,3,651.7834635747514,293.0614471435547,22.3992318172441,8.501822058055751,355.0,rolled,1.0,True,scale,0.9768714904785156,40,18,58,0.05344843864440918,0.0012850761413574219,0.0547335147857666
gated_cost_merged_seed44,scale,12.545454545454549,74.54545454545453,2864.0220557743514,355,rolled,3515.655514963379,0.22752389698788275,True,True,1.0009937991495337,3,727.6325225830078,291.0530090332031,23.365588437655624,9.396255867986373,355.0,rolled,1.0,True,scale,0.9701766967773438,40,18,58,0.053261518478393555,0.001295328140258789,0.054556846618652344
gated_cost_merged_seed44,scale,12.545454545454549,85.45454545454545,3136.2352005841685,355,rolled,3939.785222318705,0.25621484689186064,True,True,1.0009918943358598,3,701.6414103145597,294.287109375,27.999928138886013,9.187517594619989,355.0,rolled,1.0,True,scale,0.98095703125,40,18,58,0.053859710693359375,0.001216888427734375,0.05507659912109375
gated_cost_merged_seed44,scale,12.545454545454549,96.36363636363636,3474.753399293351,355,rolled,4236.011596824976,0.21908265423567594,True,True,1.0009972618223781,3,728.877067565918,291.5508270263672,30.996831183245707,9.031098989940762,355.0,rolled,1.0,True,scale,0.9718360900878906,40,18,58,0.04989004135131836,0.002246856689453125,0.052136898040771484
gated_cost_merged_seed44,scale,12.545454545454549,107.27272727272728,3859.290256207383,355,rolled,4630.115590660292,0.19973240758792188,True,True,1.000993069436641,3,733.0312728881836,293.21250915527344,34.208126068115234,9.446663231401761,355.0,rolled,1.0,True,scale,0.9773750305175781,40,18,58,0.0488278865814209,0.001222848892211914,0.05005073547363281
gated_cost_merged_seed44,scale,12.545454545454549,118.18181818181816,4215.558205846268,355,rolled,4762.107538712415,0.12965052459913262,True,True,1.0009806179478802,2,730.8168411254883,292.3267364501953,34.10478591918945,10.791103559500975,355.0,rolled,1.0,True,scale,0.9744224548339844,40,18,58,0.046875953674316406,0.0013232231140136719,0.04819917678833008
gated_cost_merged_seed44,scale,12.545454545454549,129.0909090909091,4601.917380514503,355,rolled,5087.759963305361,0.1055739472525125,True,True,1.0009792583119073,1,747.9143142700195,299.1657257080078,34.90266799926758,11.884356667474416,355.0,rolled,1.0,True,scale,0.9972190856933594,40,18,58,0.07182049751281738,0.0025243759155273438,0.07434487342834473
gated_cost_merged_seed44,scale,12.545454545454549,140.0,5031.3200482783495,355,rolled,6377.730844737191,0.26760587351614906,True,True,1.0009939986046628,1,722.4483489990234,288.9793395996094,33.714256286621094,14.541865456441238,460.0,rolled,0.0,True,scale,0.9632644653320312,40,18,58,0.043616294860839844,0.0011658668518066406,0.044782161712646484
gated_cost_merged_seed44,scale,13.363636363636363,20.0,1553.9456704912225,355,rolled,1729.5521547314725,0.11300683645184229,True,True,1.0009879668644635,2,419.762823095708,258.3412170410156,15.30488683561356,7.895426019395476,355.0,rolled,1.0,True,scale,0.8611373901367188,40,18,58,0.043854713439941406,0.0012798309326171875,0.045134544372558594
gated_cost_merged_seed44,scale,13.363636363636363,30.909090909090907,2055.764041961098,355,rolled,2338.6423468505463,0.13760251620103073,True,True,1.0009675788062162,3,484.34217911591077,274.43275451660156,17.664788298329643,6.221453422996144,355.0,rolled,1.0,True,scale,0.9147758483886719,40,18,58,0.04420065879821777,0.0012204647064208984,0.04542112350463867
gated_cost_merged_seed44,scale,13.363636363636363,41.81818181818181,2295.1327804460216,355,rolled,2802.823318664705,0.2212031227753289,True,True,1.000987095305883,3,551.5332233302128,282.86476135253906,19.906150801365413,7.243172376665215,355.0,rolled,1.0,True,scale,0.9428825378417969,40,18,58,0.05725407600402832,0.0013742446899414062,0.05862832069396973
gated_cost_merged_seed44,scale,13.363636363636363,52.72727272727273,2698.233573079863,355,rolled,3398.049623006148,0.25936081179491405,True,True,1.000997983094228,3,608.867008076376,293.1232452392578,23.6472461383625,7.627804423483352,355.0,rolled,1.0,True,scale,0.9770774841308594,40,18,58,0.04290938377380371,0.0012493133544921875,0.0441586971282959
gated_cost_merged_seed44,scale,13.363636363636363,63.63636363636363,3099.504449257762,355,rolled,3826.8291555810147,0.23465838434186626,True,True,1.0009931641822252,3,688.4328407137834,290.71311950683594,25.107630780183964,9.147767405160787,355.0,rolled,1.0,True,scale,0.9690437316894531,40,18,58,0.042283058166503906,0.0012392997741699219,0.04352235794067383
gated_cost_merged_seed44,scale,13.363636363636363,74.54545454545453,3409.0278837627866,355,rolled,4189.873339760497,0.2290522350130607,True,True,1.0009894000630726,3,727.3664474487305,290.9465789794922,27.91659772721593,9.12955099081564,355.0,rolled,1.0,True,scale,0.9698219299316406,40,18,58,0.0455164909362793,0.0012869834899902344,0.04680347442626953
gated_cost_merged_seed44,scale,13.363636363636363,85.45454545454545,3859.8972334468967,355,rolled,4322.277856838543,0.11979091551583597,True,True,1.0009729099658298,1,715.6248092651367,286.2499237060547,27.859479158115274,17.413115488149657,355.0,rolled,1.0,True,scale,0.9541664123535156,40,18,58,0.045276641845703125,0.001211404800415039,0.046488046646118164
gated_cost_merged_seed44,scale,13.363636363636363,96.36363636363636,4319.916451720051,355,rolled,5082.636329131917,0.1765589418073527,True,True,1.0009838241090885,3,742.4554824829102,296.98219299316406,34.64792251586914,9.749967232698186,355.0,rolled,1.0,True,scale,0.9899406433105469,40,18,58,0.0449366569519043,0.0014057159423828125,0.04634237289428711
gated_cost_merged_seed44,scale,13.363636363636363,107.27272727272728,4782.366988912803,355,rolled,5270.0117596184455,0.10196724171026045,True,True,1.0009928742715635,2,743.0133819580078,297.2053527832031,34.67395782470703,11.182093001150836,355.0,rolled,1.0,True,scale,0.9906845092773438,40,18,58,0.04334425926208496,0.001336812973022461,0.04468107223510742
gated_cost_merged_seed44,scale,13.363636363636363,118.18181818181816,5228.730538579276,355,rolled,6742.120259958799,0.28943731374436693,True,True,1.0009854696326306,2,716.8178558349609,286.7271423339844,33.451499938964844,12.535903881367927,500.0,rolled,0.0,True,scale,0.9557571411132812,40,18,58,0.04264116287231445,0.0012280941009521484,0.0438692569732666
gated_cost_merged_seed44,scale,13.363636363636363,129.0909090909091,6054.672912989209,460,rolled,8519.104084196044,0.4070296127673292,True,True,1.00098929415048,2,723.1006622314453,289.2402648925781,33.74469757080078,13.494240382335931,550.0,rolled,0.0,True,scale,0.9641342163085938,40,18,58,0.06437802314758301,0.0022225379943847656,0.06660056114196777
gated_cost_merged_seed44,scale,13.363636363636363,140.0,6583.558144781793,460,rolled,10736.409280034231,0.6307912900479261,True,True,1.000961268663042,3,731.2889099121094,292.51556396484375,34.12681579589844,13.350052095493767,690.0,rolled,0.0,True,scale,0.9750518798828125,40,18,58,0.0487515926361084,0.0012500286102294922,0.05000162124633789
gated_cost_merged_seed44,scale,14.181818181818182,20.0,1796.9028968466985,355,rolled,2151.254060430012,0.19720106423399283,True,True,1.0009981731658364,1,600.9121570138194,224.64138362695556,14.988189818130026,10.74666778833926,355.0,rolled,1.0,True,scale,0.88739013671875,40,18,58,0.05050039291381836,0.0011990070343017578,0.05169939994812012
gated_cost_merged_seed44,scale,14.181818181818182,30.909090909090907,2224.07150895444,355,rolled,2720.3555747790924,0.22314213541540343,True,True,1.0009724460906402,3,513.0034726261082,275.73394775390625,19.176943975320416,6.560581736299587,355.0,rolled,1.0,True,scale,0.9191131591796875,40,18,58,0.05583977699279785,0.001300811767578125,0.05714058876037598
gated_cost_merged_seed44,scale,14.181818181818182,41.81818181818181,2615.0382292659383,355,rolled,3445.5349407651975,0.31758492178234277,True,True,1.0009788179434453,3,584.3145654602448,289.47715759277344,23.20460806811959,7.258350251340863,355.0,rolled,1.0,True,scale,0.9649238586425781,40,18,58,0.06159567832946777,0.0012187957763671875,0.06281447410583496
gated_cost_merged_seed44,scale,14.181818181818182,52.72727272727273,3202.0654799770145,355,rolled,3605.522331766272,0.12599893859514508,True,True,1.000991403002008,1,638.2023928709717,275.74424743652344,25.103623161387688,13.138204561813003,355.0,rolled,1.0,True,scale,0.9191474914550781,40,18,58,0.04554176330566406,0.0012733936309814453,0.04681515693664551
gated_cost_merged_seed44,scale,14.181818181818182,63.63636363636363,3623.765744949169,355,rolled,4141.737805848201,0.1429375123436125,True,True,1.000955301354161,1,710.423469543457,284.1693878173828,24.930952045474413,16.059322440630076,355.0,rolled,1.0,True,scale,0.9472312927246094,40,18,58,0.05386614799499512,0.0019779205322265625,0.05584406852722168
gated_cost_merged_seed44,scale,14.181818181818182,74.54545454545453,4194.266016339479,355,rolled,4528.424483368214,0.07967030839888634,True,True,1.0009849341061698,1,703.8220478130087,290.0402069091797,29.002688197391038,15.897403790720691,355.0,rolled,1.0,True,scale,0.9668006896972656,40,18,58,0.0582575798034668,0.0015816688537597656,0.05983924865722656
gated_cost_merged_seed44,scale,14.181818181818182,85.45454545454545,4739.8598837186255,355,rolled,5286.702316574064,0.11537101228115139,True,True,1.0009891935073794,2,728.1990051269531,291.27960205078125,33.98262023925781,10.309980263601084,355.0,rolled,1.0,True,scale,0.9709320068359375,40,18,58,0.045964956283569336,0.0012655258178710938,0.04723048210144043
gated_cost_merged_seed44,scale,14.181818181818182,96.36363636363636,5290.364352494784,355,rolled,5863.667432606287,0.10836740948497235,True,True,1.000990639161981,1,749.3991851806641,299.7596740722656,34.971961975097656,12.57027101713019,355.0,rolled,1.0,True,scale,0.9991989135742188,40,18,58,0.047789812088012695,0.0016257762908935547,0.04941558837890625
gated_cost_merged_seed44,scale,14.181818181818182,107.27272727272728,6179.874379812138,355,rolled,7218.773937255914,0.16811014166203123,True,True,1.0009594181076564,1,738.215446472168,295.2861785888672,34.45005416870117,13.001774703470671,460.0,rolled,0.0,True,scale,0.9842872619628906,40,18,58,0.04566311836242676,0.0013365745544433594,0.04699969291687012
gated_cost_merged_seed44,scale,14.181818181818182,118.18181818181816,6852.162427149681,460,rolled,11427.173288002683,0.6676740240023886,True,True,1.0009609083418374,3,731.8210601806641,292.7284240722656,34.151649475097656,13.414377410250642,690.0,rolled,0.0,True,scale,0.9757614135742188,40,18,58,0.04322648048400879,0.001218557357788086,0.044445037841796875
gated_cost_merged_seed44,scale,14.181818181818182,129.0909090909091,9553.512737278232,500,rolled,12879.469162912563,0.348139633776412,True,True,1.0009561748809104,1,731.3060760498047,292.5224304199219,34.12761688232422,18.40876513244405,690.0,rolled,0.0,True,scale,0.9750747680664062,22,18,40,0.024811267852783203,0.001249551773071289,0.026060819625854492
gated_cost_merged_seed44,scale,14.181818181818182,140.0,12744.824501296387,690,rolled,14895.220088657417,0.16872696733817674,True,True,1.0009597592534802,1,732.1450016179806,295.0836181640625,34.426422119140625,24.590301513671875,690.0,rolled,1.0,True,scale,0.983612060546875,8,18,26,0.009730100631713867,0.0011718273162841797,0.010901927947998047
gated_cost_merged_seed44,scale,15.0,20.0,2057.2483346770277,355,rolled,2543.5203452236,0.23637010775508216,True,True,1.000988472738644,3,463.6004349724659,265.5750274658203,17.926126120035313,6.031469304624741,355.0,rolled,1.0,True,scale,0.8852500915527344,40,18,58,0.046543121337890625,0.0015184879302978516,0.04806160926818848
gated_cost_merged_seed44,scale,15.0,30.909090909090907,2565.283454586496,355,rolled,3145.816275656511,0.22630357671861737,True,True,1.000990227921607,3,536.3812216201397,275.665283203125,21.163429811970786,6.677272589486324,355.0,rolled,1.0,True,scale,0.91888427734375,40,18,58,0.045513153076171875,0.0012438297271728516,0.04675698280334473
gated_cost_merged_seed44,scale,15.0,41.81818181818181,3234.6725939942403,355,rolled,3798.7162254112927,0.17437425737130316,True,True,1.0009580617875804,1,672.7707697395167,268.3764925351656,22.49450319881289,14.992092526070532,355.0,rolled,1.0,True,scale,0.9374465942382812,40,18,58,0.04421234130859375,0.0012276172637939453,0.045439958572387695
gated_cost_merged_seed44,scale,15.0,52.72727272727273,3765.638206814382,355,rolled,4564.310726763699,0.21209486309758097,True,True,1.0009674875053545,3,705.6719021424989,288.61541748046875,27.803482054792354,8.717259086813991,355.0,rolled,1.0,True,scale,0.9620513916015625,40,18,58,0.05597662925720215,0.00125885009765625,0.0572354793548584
gated_cost_merged_seed44,scale,15.0,63.63636363636363,4414.262908667717,355,rolled,5177.318557611104,0.17286139605438383,True,True,1.000970620707779,3,722.2681045532227,288.90724182128906,32.773159128597804,8.672681021844747,355.0,rolled,1.0,True,scale,0.9630241394042969,40,18,58,0.04710888862609863,0.0012388229370117188,0.04834771156311035
gated_cost_merged_seed44,scale,15.0,74.54545454545453,5073.1569950190815,355,rolled,5588.438541155604,0.10157019517480644,True,True,1.0009638830409835,2,730.3018569946289,292.12074279785156,34.080753326416016,10.083900399308963,355.0,rolled,1.0,True,scale,0.9737358093261719,40,18,58,0.047797441482543945,0.0013151168823242188,0.049112558364868164
gated_cost_merged_seed44,scale,15.0,85.45454545454545,5700.335679671592,355,rolled,6587.235156138901,0.15558723666575475,True,True,1.0009613405370248,1,749.1846084594727,299.67384338378906,34.96194839477539,15.290153789095491,355.0,rolled,1.0,True,scale,0.9989128112792969,40,18,58,0.04446768760681152,0.0012040138244628906,0.045671701431274414
gated_cost_merged_seed44,scale,15.0,96.36363636363636,6971.155593281798,460,rolled,11768.804092941202,0.688214232986417,True,True,1.0009894252429876,3,724.9975204467773,289.99900817871094,33.83321762084961,13.025004394559902,690.0,rolled,0.0,True,scale,0.9666633605957031,40,18,58,0.05560708045959473,0.0021529197692871094,0.057760000228881836
gated_cost_merged_seed44,scale,15.0,107.27272727272728,8192.251861307222,460,rolled,13030.239412182082,0.5905564956718592,True,True,1.0009656180201087,1,731.348991394043,292.5395965576172,34.12961959838867,16.5105121692233,690.0,rolled,0.0,True,scale,0.9751319885253906,21,18,39,0.0238189697265625,0.0012142658233642578,0.025033235549926758
gated_cost_merged_seed44,scale,15.0,118.18181818181816,13414.02255742561,620,rolled,15602.983891379921,0.16318455739755464,True,True,1.0009832059852788,1,746.2577819824219,298.50311279296875,33.28785047487362,24.314551999556976,690.0,rolled,0.0,True,scale,0.9950103759765625,6,18,24,0.007927179336547852,0.0012288093566894531,0.009155988693237305
gated_cost_merged_seed44,scale+thin,6.0,20.0,241.3288087904857,355,rolled,251.22040550410293,0.04098804764832201,True,True,1.0009745124848748,2,260.6942901545706,130.25789673700672,8.0,6.0,355.0,rolled,1.0,True,thin_c3,0.9254302978515625,40,52,92,0.07071971893310547,0.004097461700439453,0.07481718063354492
gated_cost_merged_seed44,scale+thin,6.0,30.909090909090907,292.67799548197263,355,rolled,304.46415595215217,0.04027006010742445,True,True,1.0009933794161578,2,301.1957393227946,148.993004901692,8.734664403175142,6.0,355.0,rolled,1.0,True,thin_c2,0.9705657958984375,40,70,110,0.05203676223754883,0.005506753921508789,0.05754351615905762
gated_cost_merged_seed44,scale+thin,6.0,41.81818181818181,342.2853688824266,355,rolled,353.2065342163423,0.03190660871533494,True,True,1.0009744793403186,2,327.87986773688533,163.45582937291314,9.61257258085313,6.0,355.0,rolled,1.0,True,thin_c2,0.9827423095703125,40,53,93,0.0514073371887207,0.003584146499633789,0.05499148368835449
gated_cost_merged_seed44,scale+thin,6.0,52.72727272727273,386.25765574493386,355,rolled,383.35733969703745,-0.007508760032996319,True,True,1.000998173237136,2,342.58812780582724,171.96162131992597,10.13848336071312,6.0,355.0,rolled,1.0,True,thin_c2,0.9636764526367188,40,53,93,0.043440818786621094,0.003493070602416992,0.046933889389038086
gated_cost_merged_seed44,scale+thin,6.0,63.63636363636363,431.68145507497405,355,rolled,424.47251114774616,-0.016699684089917295,True,True,1.0009979868948307,2,362.5706447592002,182.98277788939174,10.810875384999923,6.0,355.0,rolled,1.0,True,thin_c2,0.9636764526367188,40,54,94,0.04434680938720703,0.0035333633422851562,0.04788017272949219
gated_cost_merged_seed44,scale+thin,6.0,74.54545454545453,466.9500019446189,355,rolled,518.9041126944028,0.1112626845131606,True,True,1.0009993639583081,1,523.6681302122312,153.0870632683148,9.780207975869912,8.615085300417528,355.0,rolled,1.0,True,thin_c1,1.101481708029042,40,76,116,0.04661726951599121,0.008536577224731445,0.055153846740722656
gated_cost_merged_seed44,scale+thin,6.0,85.45454545454545,518.2473353887603,355,rolled,549.9586145456215,0.06118946879499741,True,True,1.0009938535106495,1,530.0452094254935,161.55989182216683,10.347830390906617,8.703068333516944,355.0,rolled,1.0,True,thin_c1,1.0458681056810462,40,73,113,0.0639047622680664,0.004830360412597656,0.06873512268066406
gated_cost_merged_seed44,scale+thin,6.0,96.36363636363636,549.7256874002802,355,rolled,634.945409066493,0.15502226586723136,True,True,1.0009933196305303,2,489.5768297704014,191.75525735675242,11.277236137846325,6.910433724255422,355.0,rolled,1.0,True,thin_c2,1.13949730914572,40,76,116,0.04297947883605957,0.005572080612182617,0.04855155944824219
gated_cost_merged_seed44,scale+thin,6.0,107.27272727272728,586.6560772595034,355,rolled,688.3744190356335,0.17338666676955897,True,True,1.0009962755712147,2,452.47488669827436,214.40028285162273,12.687971555758644,6.432139255689537,355.0,rolled,1.0,True,thin_c2,1.0720232092815896,40,74,114,0.04495525360107422,0.004926919937133789,0.04988217353820801
gated_cost_merged_seed44,scale+thin,6.0,118.18181818181816,628.4217050081675,355,rolled,727.9192443406009,0.15832925333338116,True,True,1.0009985787699107,2,573.6329937319945,188.49907713980056,11.001309794755587,8.176953537505568,355.0,rolled,1.0,True,thin_c2,1.1555541859502378,40,76,116,0.04964900016784668,0.005196571350097656,0.054845571517944336
gated_cost_merged_seed44,scale+thin,6.0,129.0909090909091,657.4964976148059,355,rolled,771.2096572114768,0.17294869251651857,True,True,1.000995479042609,2,600.4050006830392,190.2162176079711,11.081923859237337,8.572751404624299,355.0,rolled,1.0,True,thin_c2,1.1756153007175612,40,76,116,0.04493093490600586,0.0051212310791015625,0.05005216598510742
gated_cost_merged_seed44,scale+thin,6.0,140.0,697.879425726456,355,rolled,811.8184098526344,0.16326456967487454,True,True,1.000996473185599,3,682.1190200806407,212.66558390661655,10.482071055536686,7.861553291652514,355.0,rolled,1.0,True,thin_c3,1.3102588819420857,40,78,118,0.04546546936035156,0.005244731903076172,0.050710201263427734
gated_cost_merged_seed44,scale+thin,6.818181818181818,20.0,317.0885192434045,355,rolled,316.7258376332087,-0.0011437866342849335,True,True,1.0009637987330793,2,277.85380761719716,142.24111466915218,8.345496692942273,6.0,355.0,rolled,1.0,True,thin_c2,0.9083900451660156,40,52,92,0.04850268363952637,0.0033462047576904297,0.0518488883972168
gated_cost_merged_seed44,scale+thin,6.818181818181818,30.909090909090907,392.6423822212096,355,rolled,388.86197739283267,-0.009628111990842271,True,True,1.0009642339755331,2,317.36493352323265,160.91223212849548,9.471641285329477,6.0,355.0,rolled,1.0,True,thin_c2,0.9438095092773438,40,53,93,0.06185555458068848,0.00612330436706543,0.0679788589477539
gated_cost_merged_seed44,scale+thin,6.818181818181818,41.81818181818181,455.0251859822217,355,rolled,453.3385225362543,-0.00370674744591685,True,True,1.0009871958100343,2,346.3410860936756,176.75789055219593,10.432876151995305,6.0,355.0,rolled,1.0,True,thin_c2,0.9588241577148438,40,53,93,0.0921790599822998,0.006705522537231445,0.09888458251953125
gated_cost_merged_seed44,scale+thin,6.818181818181818,52.72727272727273,519.9507333014534,355,rolled,512.1159905172019,-0.015068240666773166,True,True,1.0009922516977365,2,371.6900005362446,190.2031036957606,11.243799340195624,6.0,355.0,rolled,1.0,True,thin_c2,0.9843902587890625,40,71,111,0.0953221321105957,0.007982015609741211,0.10330414772033691
gated_cost_merged_seed44,scale+thin,6.818181818181818,63.63636363636363,570.1996303697795,355,rolled,679.3031980133369,0.19134275406808454,True,True,1.0009918815507937,2,387.8564863906677,203.98693028712825,12.07945712887449,6.0,355.0,rolled,1.0,True,thin_c2,0.9988212585449219,40,71,111,0.07978010177612305,0.007826089859008789,0.08760619163513184
gated_cost_merged_seed44,scale+thin,6.818181818181818,74.54545454545453,645.0378754655677,355,rolled,747.6698333910575,0.15910997141278463,True,True,1.0009956931869428,2,404.32528278310104,215.5376742747529,12.77637127361551,6.120573677394701,355.0,rolled,1.0,True,thin_c2,1.0200956128991168,40,72,112,0.07456302642822266,0.008882761001586914,0.08344578742980957
gated_cost_merged_seed44,scale+thin,6.818181818181818,85.45454545454545,698.212152166206,355,rolled,842.7465684684696,0.2070064461837924,True,True,1.000993673129381,3,605.7639185838627,206.84224454991318,10.347445546025813,7.76058415951936,355.0,rolled,1.0,True,thin_c3,1.2934306932532267,40,78,118,0.07728266716003418,0.010572195053100586,0.08785486221313477
gated_cost_merged_seed44,scale+thin,6.818181818181818,96.36363636363636,733.8166260116295,355,rolled,889.1193305343669,0.21163693900862385,True,True,1.0009935518028166,3,657.3201438077342,209.55400774628873,10.380543053668477,7.785407290251358,355.0,rolled,1.0,True,thin_c3,1.2975678817085596,40,77,117,0.06865763664245605,0.008855819702148438,0.07751345634460449
gated_cost_merged_seed44,scale+thin,6.818181818181818,107.27272727272728,798.4291807439346,355,rolled,920.4187888653869,0.15278701112575666,True,True,1.0009987081072427,2,457.95809715343273,241.15684760487937,14.325589077335206,6.346566592187784,355.0,rolled,1.0,True,thin_c2,1.0107431428328806,40,72,112,0.1048879623413086,0.010826349258422852,0.11571431159973145
gated_cost_merged_seed44,scale+thin,6.818181818181818,118.18181818181816,860.6462645405438,355,rolled,880.8961618268236,0.023528711063528707,True,True,1.0009727346685346,1,607.1289726264163,200.81666583116868,12.922417714264556,9.928368560634176,355.0,rolled,1.0,True,thin_c1,0.9705772399902344,40,72,112,0.09251093864440918,0.00820159912109375,0.10071253776550293
gated_cost_merged_seed44,scale+thin,6.818181818181818,129.0909090909091,896.311601431932,355,rolled,1007.5660237533904,0.1241247152705825,True,True,1.000997174183673,3,636.9036736873302,268.0568397793495,11.406714499688146,7.215437781292461,355.0,rolled,1.0,True,thin_c3,1.2025729635487434,40,74,114,0.06176137924194336,0.008322715759277344,0.0700840950012207
gated_cost_merged_seed44,scale+thin,6.818181818181818,140.0,931.1411275891702,355,rolled,956.6734778870001,0.0274204946396644,True,True,1.0009971403792415,1,546.2056671381721,237.95069586935594,15.514298162826647,8.775473012605586,355.0,rolled,1.0,True,thin_c1,0.9442558288574219,40,71,111,0.06693530082702637,0.007883310317993164,0.07481861114501953
gated_cost_merged_seed44,scale+thin,7.636363636363637,20.0,409.6201332461394,355,rolled,408.8503350824926,-0.001879297674033551,True,True,1.0009936340283758,2,300.1135478944793,155.63564421489465,9.161224300509739,6.0,355.0,rolled,1.0,True,thin_c2,0.912384033203125,40,52,92,0.0812842845916748,0.005782127380371094,0.0870664119720459
gated_cost_merged_seed44,scale+thin,7.636363636363637,30.909090909090907,501.774525145321,355,rolled,505.56399339579485,0.0075521335990032384,True,True,1.0009990030829714,2,335.33087358947336,177.64234273767272,10.501158650210312,6.0,355.0,rolled,1.0,True,thin_c2,0.9196968078613281,40,53,93,0.06554460525512695,0.0057904720306396484,0.0713350772857666
gated_cost_merged_seed44,scale+thin,7.636363636363637,41.81818181818181,593.9298338756057,355,rolled,721.1595135397255,0.2142166842064497,True,True,1.0009955213163482,1,556.4787624245389,155.72129930549596,9.920788108725507,9.172689643631315,355.0,rolled,1.0,True,thin_c1,1.1020876279084577,40,75,115,0.0654900074005127,0.00821542739868164,0.07370543479919434
gated_cost_merged_seed44,scale+thin,7.636363636363637,52.72727272727273,675.9362632758116,355,rolled,726.5517934721481,0.074882104935511,True,True,1.0009976631749427,1,495.9564070578157,181.48528947752138,11.739852845676785,8.065688791791489,355.0,rolled,1.0,True,thin_c1,1.0108678137737774,40,73,113,0.06127476692199707,0.008011341094970703,0.06928610801696777
gated_cost_merged_seed44,scale+thin,7.636363636363637,63.63636363636363,779.5020738899598,355,rolled,895.6300817768281,0.1489771634696918,True,True,1.0009942654662194,2,512.52164741411,202.68163118292728,11.923906750333241,7.237249834752535,355.0,rolled,1.0,True,thin_c2,1.203908041249151,40,78,118,0.06551098823547363,0.008527278900146484,0.07403826713562012
gated_cost_merged_seed44,scale+thin,7.636363636363637,74.54545454545453,846.6406079690952,355,rolled,1007.8226142089057,0.1903783077762485,True,True,1.000995706397208,3,589.5739938837376,235.0639480268387,10.505458400560462,7.879093800420346,355.0,rolled,1.0,True,thin_c3,1.3131823000700578,40,79,119,0.0631413459777832,0.008651256561279297,0.0717926025390625
gated_cost_merged_seed44,scale+thin,7.636363636363637,85.45454545454545,921.2774310054268,355,rolled,1062.5031325119933,0.15329334764278466,True,True,1.0009937456699116,3,614.1517069844626,251.5999228961967,10.666014971993343,7.696360712466033,355.0,rolled,1.0,True,thin_c3,1.2827267854110056,40,77,117,0.060501813888549805,0.008659124374389648,0.06916093826293945
gated_cost_merged_seed44,scale+thin,7.636363636363637,96.36363636363636,990.3158107657674,355,rolled,1123.894248625662,0.13488468669060652,True,True,1.0009988813138961,3,660.9273859038623,255.34745888826347,10.826170759927342,7.781557298743206,355.0,rolled,1.0,True,thin_c3,1.2969262164572009,40,77,117,0.060631752014160156,0.008526325225830078,0.06915807723999023
gated_cost_merged_seed44,scale+thin,7.636363636363637,107.27272727272728,1055.0870687226268,355,rolled,1182.2675443775954,0.12054026575166307,True,True,1.000995139351392,3,700.8242784634269,259.92289027343395,11.023919021712782,7.835008770486585,355.0,rolled,1.0,True,thin_c3,1.3058347950810976,40,77,117,0.06635260581970215,0.008544445037841797,0.07489705085754395
gated_cost_merged_seed44,scale+thin,7.636363636363637,118.18181818181816,1088.4839809208006,355,rolled,1250.1317033484743,0.14850721302386843,True,True,1.0009996943798936,3,744.6804575025758,262.0513638997801,11.104735123981737,8.115431810461958,355.0,rolled,1.0,True,thin_c3,1.3525719684103263,40,79,119,0.07067990303039551,0.007643938064575195,0.0783238410949707
gated_cost_merged_seed44,scale+thin,7.636363636363637,129.0909090909091,1173.7978050697595,355,rolled,1193.006264986024,0.01636436857634344,True,True,1.0009954943552775,2,565.8872696943815,256.3549450656807,16.534317410726942,8.965760376785106,355.0,rolled,1.0,True,scale,0.9334983825683594,40,54,94,0.09604096412658691,0.007988214492797852,0.10402917861938477
gated_cost_merged_seed44,scale+thin,7.636363636363637,140.0,1251.7374258469372,355,rolled,1239.185941612635,-0.010027250104637423,True,True,1.000970475966697,2,631.9906252283241,245.91566257073393,15.98106824500477,9.845371926364283,355.0,rolled,1.0,True,thin_c1,0.9363021850585938,40,71,111,0.08718681335449219,0.008755207061767578,0.09594202041625977
gated_cost_merged_seed44,scale+thin,8.454545454545455,20.0,516.1523336674153,355,rolled,513.3916844869848,-0.0053485163203957145,True,True,1.0009805776568732,2,328.3781150292531,167.18249732356117,9.869513366156669,6.0,355.0,rolled,1.0,True,thin_c2,0.9019355773925781,40,69,109,0.08372116088867188,0.008407831192016602,0.09212899208068848
gated_cost_merged_seed44,scale+thin,8.454545454545455,30.909090909090907,633.218032838701,355,rolled,635.445377890545,0.0035175009812322,True,True,1.0009604199347928,2,362.39786813512274,191.3929002836233,11.333412672893516,6.0,355.0,rolled,1.0,True,thin_c2,0.9378814697265625,40,70,110,0.08845758438110352,0.008152961730957031,0.09661054611206055
gated_cost_merged_seed44,scale+thin,8.454545454545455,41.81818181818181,757.3789000305048,355,rolled,782.054456676541,0.03258020080179461,True,True,1.000998813098933,2,462.83932890411324,199.7024354388751,11.745335464754778,7.185010429050611,355.0,rolled,1.0,True,thin_c2,1.1975017381751019,40,77,117,0.0821831226348877,0.00925445556640625,0.09143757820129395
gated_cost_merged_seed44,scale+thin,8.454545454545455,52.72727272727273,897.7427828478864,355,rolled,1030.2771755094693,0.1476306968919845,True,True,1.0009990838383354,2,491.4587368583638,214.56948102595987,12.663740322033524,6.998510821798572,355.0,rolled,1.0,True,thin_c2,1.166418470299762,40,76,116,0.08580446243286133,0.008675575256347656,0.09448003768920898
gated_cost_merged_seed44,scale+thin,8.454545454545455,63.63636363636363,969.5859503873623,355,rolled,1150.4236523442403,0.1865102334503,True,True,1.0009980188792205,3,577.7881375400287,254.1293469022075,10.780504244398927,7.6077177628226895,355.0,rolled,1.0,True,thin_c3,1.2679529604704483,40,76,116,0.07123422622680664,0.008736610412597656,0.0799708366394043
gated_cost_merged_seed44,scale+thin,8.454545454545455,74.54545454545453,1093.1775012217977,355,rolled,1246.3457856397426,0.14011291327049388,True,True,1.0009986483207463,3,638.0683734618746,258.3586991049897,10.953154481952721,7.889015529466711,355.0,rolled,1.0,True,thin_c3,1.3148359215777852,40,77,117,0.06865334510803223,0.009167194366455078,0.0778205394744873
gated_cost_merged_seed44,scale+thin,8.454545454545455,85.45454545454545,1181.2789978646645,355,rolled,1327.2982752533198,0.12361116861690312,True,True,1.000995993612625,3,540.2849033086513,300.0,12.973192186921334,6.649345968495243,355.0,rolled,1.0,True,thin_c3,1.1082243280825406,40,71,111,0.07267546653747559,0.008156776428222656,0.08083224296569824
gated_cost_merged_seed44,scale+thin,8.454545454545455,96.36363636363636,1257.923897819336,355,rolled,1288.4733569373743,0.02428561789071434,True,True,1.0009931277549984,2,611.0280982258723,235.76783572771134,15.293681037116832,9.85154076800089,355.0,rolled,1.0,True,thin_c1,1.0638121231742526,40,75,115,0.07052135467529297,0.008385181427001953,0.07890653610229492
gated_cost_merged_seed44,scale+thin,8.454545454545455,107.27272727272728,1352.4875507253705,355,rolled,1545.1657335320317,0.14246207493985685,True,True,1.000997801129882,2,520.6490232343161,283.2100069192527,16.839318413188153,7.197267261580935,355.0,rolled,1.0,True,thin_c2,1.1408312722911003,40,77,117,0.06982970237731934,0.014352798461914062,0.0841825008392334
gated_cost_merged_seed44,scale+thin,8.454545454545455,118.18181818181816,1418.3994702060834,355,rolled,1435.5574123139347,0.012096692411594325,True,True,1.000991246547279,2,594.4230700627654,269.28613355186053,17.09711426339499,9.277815247779953,355.0,rolled,1.0,True,scale,0.936279296875,40,54,94,0.0666048526763916,0.005975246429443359,0.07258009910583496
gated_cost_merged_seed44,scale+thin,8.454545454545455,129.0909090909091,1503.943042662674,355,rolled,1505.9425944168802,0.0013295395486959164,True,True,1.0009905316442775,2,653.0625695945103,260.90345861815035,16.97772668726791,10.099943788810267,355.0,rolled,1.0,True,scale,0.9336357116699219,40,54,94,0.09712481498718262,0.008786916732788086,0.1059117317199707
gated_cost_merged_seed44,scale+thin,8.454545454545455,140.0,1589.050557323039,355,rolled,1625.229614902772,0.022767719637996557,True,True,1.0009623905676643,2,680.5961546834825,238.92483938261827,20.100572616217796,10.46858270712455,355.0,rolled,1.0,True,scale,0.9467735290527344,40,75,115,0.0757761001586914,0.008280038833618164,0.08405613899230957
gated_cost_merged_seed44,scale+thin,9.272727272727272,20.0,633.3700898588271,355,rolled,642.3514277258658,0.014180236817056852,True,True,1.00097430434153,2,336.00614777111315,183.5685332463999,10.872308222499713,6.0,355.0,rolled,1.0,True,thin_c2,0.8934783935546875,40,52,92,0.08410978317260742,0.006133556365966797,0.09024333953857422
gated_cost_merged_seed44,scale+thin,9.272727272727272,30.909090909090907,801.8071464602682,355,rolled,781.438265843706,-0.025403715477574116,True,True,1.00099928966986,2,401.3487343584697,201.57988136595438,11.919356757047414,6.210078814962637,355.0,rolled,1.0,True,thin_c2,1.0350131358271062,40,73,113,0.07260680198669434,0.008263349533081055,0.08087015151977539
gated_cost_merged_seed44,scale+thin,9.272727272727272,41.81818181818181,962.5021253931346,355,rolled,1059.9124994749811,0.10120535997991606,True,True,1.0009922552983577,1,559.8748382574872,193.11924968259927,12.455019291825185,9.13530198324127,355.0,rolled,1.0,True,thin_c1,1.0187779700237773,40,73,113,0.07337546348571777,0.008062362670898438,0.08143782615661621
gated_cost_merged_seed44,scale+thin,9.272727272727272,52.72727272727273,1070.6846994207378,355,rolled,1266.5073971719535,0.18289483155700242,True,True,1.000998074955372,3,750.0,221.73419741393232,9.78340109120245,7.404990839654716,355.0,rolled,1.0,True,thin_c3,1.2229251364003062,40,75,115,0.07896113395690918,0.008322715759277344,0.08728384971618652
gated_cost_merged_seed44,scale+thin,9.272727272727272,63.63636363636363,1216.7126656588257,355,rolled,1272.3916072032846,0.04576178346455353,True,True,1.0009980410900985,1,562.0195391247262,228.83250274089082,14.876367763131368,9.080705946732051,355.0,rolled,1.0,True,thin_c1,1.0150915792713997,40,73,113,0.06461977958679199,0.00840139389038086,0.07302117347717285
gated_cost_merged_seed44,scale+thin,9.272727272727272,74.54545454545453,1356.4151141978043,355,rolled,1519.9200137712064,0.12054193282128113,True,True,1.0009994849725687,3,552.1876985261048,300.0,13.570334757981222,6.7720236073369575,355.0,rolled,1.0,True,thin_c3,1.1286706012228263,40,71,111,0.07297945022583008,0.00810694694519043,0.08108639717102051
gated_cost_merged_seed44,scale+thin,9.272727272727272,85.45454545454545,1422.5235716023028,355,rolled,1661.9069624136694,0.16828079027311285,True,True,1.0009974304752964,3,618.331074040343,300.0,14.506383501335614,6.934762414020041,355.0,rolled,1.0,True,thin_c3,1.1557937356700068,40,54,94,0.0618586540222168,0.0066165924072265625,0.06847524642944336
gated_cost_merged_seed44,scale+thin,9.272727272727272,96.36363636363636,1530.0841209322955,355,rolled,1648.752799410408,0.07755696360393995,True,True,1.0009954789654418,1,698.8024355731376,240.67144263605596,15.520603106670118,11.403083966479512,355.0,rolled,1.0,True,thin_c1,1.0473749044667118,40,74,114,0.06638598442077637,0.009419441223144531,0.0758054256439209
gated_cost_merged_seed44,scale+thin,9.272727272727272,107.27272727272728,1647.0835657255905,355,rolled,1694.3080983339323,0.028671606948818054,True,True,1.0009867004808326,2,611.8334522843992,278.5557122113296,18.039241996785567,9.469670439976834,355.0,rolled,1.0,True,scale,0.9358100891113281,40,54,94,0.06265592575073242,0.006939411163330078,0.0695953369140625
gated_cost_merged_seed44,scale+thin,9.272727272727272,118.18181818181816,1794.0191544704012,355,rolled,1783.200677433366,-0.006030301856073967,True,True,1.0009617359246368,2,662.9526260717572,281.5532684326172,17.36876051663585,10.402389119917371,355.0,rolled,1.0,True,scale,0.9385108947753906,40,55,95,0.07953047752380371,0.004856109619140625,0.08438658714294434
gated_cost_merged_seed44,scale+thin,9.272727272727272,129.0909090909091,1876.6125693849333,355,rolled,1901.73157808919,0.013385292795139652,True,True,1.0009923650867707,2,697.9694366455078,279.1877746582031,17.796233644596235,11.266873755684909,355.0,rolled,1.0,True,scale,0.9306259155273438,40,56,96,0.08944320678710938,0.014095783233642578,0.10353899002075195
gated_cost_merged_seed44,scale+thin,9.272727272727272,140.0,1975.8458780810136,355,rolled,1973.1692913135466,-0.001354653618057739,True,True,1.0009775278458068,2,713.4103775024414,285.36415100097656,18.57190934068882,11.022287950215215,355.0,rolled,1.0,True,thin_c1,0.9512138366699219,40,74,114,0.09715676307678223,0.012968778610229492,0.11012554168701172
gated_cost_merged_seed44,scale+thin,10.09090909090909,20.0,771.2799576046779,355,rolled,818.641428651358,0.06140632928381548,True,True,1.0009975589247178,2,408.9344172329187,192.14979758710012,11.32310716757819,6.553103345788042,355.0,rolled,1.0,True,thin_c2,1.0921838909646737,40,75,115,0.08747696876525879,0.011307716369628906,0.0987846851348877
gated_cost_merged_seed44,scale+thin,10.09090909090909,30.909090909090907,964.7090665866748,355,rolled,1124.9801875694106,0.16613415021567665,True,True,1.0009985710277214,2,424.2972508758007,215.49922218897137,12.77238085642958,6.147528394616169,355.0,rolled,1.0,True,thin_c2,1.0245880657693616,40,72,112,0.07580733299255371,0.008814573287963867,0.08462190628051758
gated_cost_merged_seed44,scale+thin,10.09090909090909,41.81818181818181,1147.2574547707825,355,rolled,1259.4171493032736,0.09776331726247113,True,True,1.0009960207788127,1,548.948779206456,214.1969589745955,13.898278150869821,8.89337649870394,355.0,rolled,1.0,True,thin_c1,1.0358428424337633,40,74,114,0.07368826866149902,0.01109623908996582,0.08478450775146484
gated_cost_merged_seed44,scale+thin,10.09090909090909,52.72727272727273,1318.1429375417918,355,rolled,1502.4850652871175,0.13984987704679883,True,True,1.0009954541408679,3,522.8601717316867,293.3614040388378,12.541773348431821,6.564207179857338,355.0,rolled,1.0,True,thin_c3,1.0940345299762229,40,72,112,0.08165979385375977,0.008357048034667969,0.09001684188842773
gated_cost_merged_seed44,scale+thin,10.09090909090909,63.63636363636363,1473.4968374975142,355,rolled,1650.0830804575282,0.11984161653167574,True,True,1.0009932842978788,1,684.1637745905327,225.48266519370165,14.506791377855388,11.190203367013272,355.0,rolled,1.0,True,thin_c1,1.0368445089588993,40,74,114,0.07989811897277832,0.009986400604248047,0.08988451957702637
gated_cost_merged_seed44,scale+thin,10.09090909090909,74.54545454545453,1593.8205978972342,355,rolled,1869.3521817296503,0.1728749046134374,True,True,1.000996826707095,3,635.5613697552461,300.0,14.978813818175942,6.990323857846469,355.0,rolled,1.0,True,thin_c3,1.1650539763077448,40,54,94,0.07043790817260742,0.006993770599365234,0.07743167877197266
gated_cost_merged_seed44,scale+thin,10.09090909090909,85.45454545454545,1744.078619322344,355,rolled,1876.1081042898454,0.0757015672944842,True,True,1.0009990648399836,1,695.9211984673692,252.78748361329025,16.34626938453294,11.322488573594061,355.0,rolled,1.0,True,thin_c1,1.0006082551375677,40,74,114,0.0779726505279541,0.008585214614868164,0.08655786514282227
gated_cost_merged_seed44,scale+thin,10.09090909090909,96.36363636363636,1930.113776773892,355,rolled,2160.2824404407156,0.11925134488783425,True,True,1.000999200767948,3,750.0,300.0,15.866912651087102,8.016608226961138,355.0,rolled,1.0,True,thin_c3,1.236169831649117,40,56,96,0.10535788536071777,0.006810665130615234,0.11216855049133301
gated_cost_merged_seed44,scale+thin,10.09090909090909,107.27272727272728,2067.605711285596,355,rolled,2083.3680815069833,0.007623489399043386,True,True,1.0009896822568025,2,687.7957188223568,283.47930908203125,18.457037724019564,10.834314812431167,355.0,rolled,1.0,True,thin_c1,0.9449310302734375,40,73,113,0.08011221885681152,0.008920907974243164,0.08903312683105469
gated_cost_merged_seed44,scale+thin,10.09090909090909,118.18181818181816,2170.353625378734,355,rolled,2193.9773802200043,0.01088474917867271,True,True,1.0009746788894394,2,720.7918167114258,288.3167266845703,18.762268503501335,11.162902483774358,355.0,rolled,1.0,True,thin_c1,0.9610557556152344,40,74,114,0.10455942153930664,0.009355545043945312,0.11391496658325195
gated_cost_merged_seed44,scale+thin,10.09090909090909,129.0909090909091,2307.5736162550616,355,rolled,2338.5045475530696,0.013404092974596231,True,True,1.000981037125228,1,737.8721237182617,295.1488494873047,19.173022559642245,11.927419058131107,355.0,rolled,1.0,True,thin_c1,0.9838294982910156,40,75,115,0.10801362991333008,0.00974130630493164,0.11775493621826172
gated_cost_merged_seed44,scale+thin,10.09090909090909,140.0,2443.406284429296,355,rolled,2840.7565424704558,0.16262144391347846,True,True,0.9896637907297049,2,750.0,300.0,21.201293482020958,10.415470259347291,355.0,rolled,1.0,True,thin_c1,1.0786608621348504,40,77,117,0.14117717742919922,0.013665914535522461,0.15484309196472168
gated_cost_merged_seed44,scale+thin,10.90909090909091,20.0,939.0466900997784,355,rolled,1071.6104121251863,0.1411684034702495,True,True,1.0009672106158476,3,401.8214175109376,235.20230521917182,10.033568748905285,6.0,355.0,rolled,1.0,True,thin_c3,0.9601860046386719,40,52,92,0.08368659019470215,0.006075859069824219,0.08976244926452637
gated_cost_merged_seed44,scale+thin,10.90909090909091,30.909090909090907,1197.1649157491154,355,rolled,1346.0325253237477,0.12435012721825356,True,True,1.0009972233671298,3,500.1224226167562,253.99440578250193,10.80413784302576,6.9323387345023795,355.0,rolled,1.0,True,thin_c3,1.15538978908373,40,73,113,0.05537223815917969,0.005015373229980469,0.060387611389160156
gated_cost_merged_seed44,scale+thin,10.90909090909091,41.81818181818181,1403.509472950396,355,rolled,1588.7215636157302,0.1319635486862725,True,True,1.000994776869774,3,496.5620203332975,294.55114570593906,12.605561767445105,6.295276356572691,355.0,rolled,1.0,True,thin_c3,1.0492127260954485,40,53,93,0.04468083381652832,0.0036902427673339844,0.048371076583862305
gated_cost_merged_seed44,scale+thin,10.90909090909091,52.72727272727273,1588.7457907355176,355,rolled,1701.863215066716,0.07119919687014886,True,True,1.0009996509203025,1,586.0856466760092,247.91584756469246,16.143525122128473,9.445764768918867,355.0,rolled,1.0,True,thin_c1,1.141425449537194,40,77,117,0.04313778877258301,0.005014896392822266,0.04815268516540527
gated_cost_merged_seed44,scale+thin,10.90909090909091,63.63636363636363,1789.9941201560932,355,rolled,2048.441756093285,0.14438462843367023,True,True,1.0009970954765868,3,646.5303080154856,300.0,15.096220125852543,7.046392583432405,355.0,rolled,1.0,True,thin_c3,1.1743987639054008,40,54,94,0.045789241790771484,0.004487514495849609,0.050276756286621094
gated_cost_merged_seed44,scale+thin,10.90909090909091,74.54545454545453,1942.2808212955651,355,rolled,2174.684757146069,0.11965516690603098,True,True,1.0009970027119857,3,732.6120014430134,300.0,15.337273933474494,7.157610287873643,355.0,rolled,1.0,True,thin_c3,1.1929350479789405,40,73,113,0.06788158416748047,0.0050160884857177734,0.07289767265319824
gated_cost_merged_seed44,scale+thin,10.90909090909091,85.45454545454545,2177.190622234541,355,rolled,2509.5158971445917,0.15263949399569407,True,True,1.000998959341256,3,750.0,300.0,16.964322392886373,8.71197505907571,355.0,rolled,1.0,True,thin_c3,1.3221372521441919,40,74,114,0.0569462776184082,0.006538867950439453,0.06348514556884766
gated_cost_merged_seed44,scale+thin,10.90909090909091,96.36363636363636,2344.698716886334,355,rolled,2373.402285935262,0.012241900779067052,True,True,1.0009997426245096,2,710.9261102280327,289.0205383300781,18.80254697427795,11.271725736643305,355.0,rolled,1.0,True,thin_c1,0.9634017944335938,40,74,114,0.0519256591796875,0.005218505859375,0.0571441650390625
gated_cost_merged_seed44,scale+thin,10.90909090909091,107.27272727272728,2499.121791022924,355,rolled,2518.207514517222,0.007636972140715958,True,True,1.0009987701523397,2,750.0,300.0,18.338532234302445,12.029862060503666,355.0,rolled,1.0,True,thin_c2,1.166312786599864,40,78,118,0.0442659854888916,0.00530242919921875,0.04956841468811035
gated_cost_merged_seed44,scale+thin,10.90909090909091,118.18181818181816,2669.547168301596,355,rolled,2677.6927355547978,0.003051291750871859,True,True,1.0009989374411281,2,750.0,300.0,20.871941652308216,11.72098574372799,355.0,rolled,1.0,True,thin_c3,1.6300236909285835,40,78,118,0.055693864822387695,0.0054454803466796875,0.06113934516906738
gated_cost_merged_seed44,scale+thin,10.90909090909091,129.0909090909091,2855.841135487434,355,rolled,2920.9264507680246,0.022790243641995167,True,True,1.0009986849863364,1,750.0,300.0,22.817869912254775,12.813754101026596,355.0,rolled,1.0,True,thin_c3,1.7819937001103936,40,80,120,0.045061588287353516,0.005308389663696289,0.050369977951049805
gated_cost_merged_seed44,scale+thin,10.90909090909091,140.0,3091.557267278178,355,rolled,3139.365360756943,0.015464081479187803,True,True,1.0009981381995532,1,750.0,300.0,24.93791892258443,13.500944459033438,355.0,rolled,1.0,True,thin_c2,1.407525303052819,40,83,123,0.04765152931213379,0.005540132522583008,0.0531916618347168
gated_cost_merged_seed44,scale+thin,11.727272727272728,20.0,1117.8784812198996,355,rolled,1199.7770095582846,0.07326246073635133,True,True,1.0009959690739134,1,438.0545713769187,210.7970612719427,13.798041693174303,6.974158894399874,355.0,rolled,1.0,True,thin_c1,1.0181417183254076,40,73,113,0.04593515396118164,0.004858970642089844,0.050794124603271484
gated_cost_merged_seed44,scale+thin,11.727272727272728,30.909090909090907,1399.1707585826318,355,rolled,1592.3004886457984,0.1380315653957835,True,True,1.0009966369315917,3,469.07347484967727,285.5196675774253,12.219147649407553,6.100067457116167,355.0,rolled,1.0,True,thin_c3,1.0166779095193612,40,53,93,0.047240257263183594,0.003757476806640625,0.05099773406982422
gated_cost_merged_seed44,scale+thin,11.727272727272728,41.81818181818181,1658.320920880548,355,rolled,1811.2082489866891,0.09219405374501319,True,True,1.0009930249249948,1,597.2040532503187,242.48089257912127,15.761710451192783,9.650927136706096,355.0,rolled,1.0,True,thin_c1,1.071111821713655,40,75,115,0.05990457534790039,0.0050601959228515625,0.06496477127075195
gated_cost_merged_seed44,scale+thin,11.727272727272728,52.72727272727273,1896.895430152976,355,rolled,2179.7053581105433,0.14909094273834594,True,True,1.0009988308741748,3,645.2671782967842,300.0,14.95139727351444,6.977529084578805,355.0,rolled,1.0,True,thin_c3,1.1629215140964675,40,54,94,0.046132802963256836,0.0045511722564697266,0.05068397521972656
gated_cost_merged_seed44,scale+thin,11.727272727272728,63.63636363636363,2122.483987052358,355,rolled,2373.6079456206494,0.118316067447484,True,True,1.0009980295168663,3,736.934092340666,300.0,15.541687682699358,7.253006246815557,355.0,rolled,1.0,True,thin_c3,1.2088343744692596,40,73,113,0.07101964950561523,0.011291980743408203,0.08231163024902344
gated_cost_merged_seed44,scale+thin,11.727272727272728,74.54545454545453,2414.680044837911,355,rolled,2461.1671435685707,0.019251866859147555,True,True,1.000996335988888,1,686.5230832016109,285.56210795842367,18.581614567427884,11.076880546916826,355.0,rolled,1.0,True,thin_c1,1.158125822647758,40,80,120,0.05965399742126465,0.006363868713378906,0.06601786613464355
gated_cost_merged_seed44,scale+thin,11.727272727272728,85.45454545454545,2607.2244497923484,355,rolled,3079.956959162735,0.18131638394540112,True,True,0.9659798346503402,2,750.0,300.0,18.777174663449987,10.494446579448711,355.0,rolled,1.0,True,thin_c3,1.4662626183551288,40,76,116,0.05019378662109375,0.006219148635864258,0.05641293525695801
gated_cost_merged_seed44,scale+thin,11.727272727272728,96.36363636363636,2824.34606849496,355,rolled,2832.218513563544,0.0027873514355764243,True,True,1.0009996143764262,2,750.0,300.0,20.32402298726858,11.694118199755412,355.0,rolled,1.0,True,thin_c2,1.1494151372494903,40,77,117,0.05337810516357422,0.007393360137939453,0.06077146530151367
gated_cost_merged_seed44,scale+thin,11.727272727272728,107.27272727272728,3054.1802093068686,355,rolled,3073.2336760469493,0.006238488050580612,True,True,1.0009987809341612,1,750.0,300.0,23.049266261392894,11.938775591179624,355.0,rolled,1.0,True,thin_c3,1.7967151807702106,40,80,120,0.05806899070739746,0.007853507995605469,0.06592249870300293
gated_cost_merged_seed44,scale+thin,11.727272727272728,118.18181818181816,3357.8991517305085,355,rolled,3505.010437329039,0.04381051334514207,True,True,1.0009994705437608,1,750.0,300.0,24.56843048621344,15.14690619653468,355.0,rolled,1.0,True,thin_c3,2.0994102146314537,40,85,125,0.05867719650268555,0.006806612014770508,0.06548380851745605
gated_cost_merged_seed44,scale+thin,11.727272727272728,129.0909090909091,3650.466675336178,355,rolled,3728.5997293673654,0.021403579591366073,True,True,1.0009995794063395,1,750.0,300.0,27.370665420820846,15.177260572237017,355.0,rolled,1.0,True,thin_c2,1.546029928456182,40,85,125,0.0511171817779541,0.006794452667236328,0.05791163444519043
gated_cost_merged_seed44,scale+thin,11.727272727272728,140.0,3950.7596541302537,355,rolled,4096.933310257638,0.03699887336213175,True,True,1.0009995764502502,1,750.0,300.0,29.214584214948637,17.511549271538925,355.0,rolled,1.0,True,thin_c2,1.6545562744140625,40,71,111,0.05014514923095703,0.005746603012084961,0.05589175224304199
gated_cost_merged_seed44,scale+thin,12.545454545454549,20.0,1307.1994834284806,355,rolled,1464.9269662892982,0.12066060678599344,True,True,1.000997919163828,3,451.33398741016487,259.18049955506206,11.069646796288382,6.046944739300271,355.0,rolled,1.0,True,thin_c3,1.0078241232167118,40,70,110,0.04837441444396973,0.005074739456176758,0.053449153900146484
gated_cost_merged_seed44,scale+thin,12.545454545454549,30.909090909090907,1673.5520688887286,355,rolled,1848.0176931567978,0.10424869803060133,True,True,1.0009979045410853,3,491.93346831200375,300.0,12.85832978908968,6.000734810207201,355.0,rolled,1.0,True,thin_c3,1.000122468367867,40,53,93,0.048597097396850586,0.004248857498168945,0.05284595489501953
gated_cost_merged_seed44,scale+thin,12.545454545454549,41.81818181818181,1957.4303873162305,355,rolled,2248.846209040627,0.14887672308180894,True,True,1.0009962237491328,3,623.6146141810719,300.0,14.58000575370072,6.804207816745923,355.0,rolled,1.0,True,thin_c3,1.1340346361243205,40,54,94,0.04459857940673828,0.003862619400024414,0.048461198806762695
gated_cost_merged_seed44,scale+thin,12.545454545454549,52.72727272727273,2222.5772160497027,355,rolled,2430.561344344831,0.09357790892178267,True,True,1.0009984115832113,1,678.9238598385605,268.46679896091393,17.430210537676437,10.989964216222297,355.0,rolled,1.0,True,thin_c1,1.1080082636294157,40,77,117,0.04364466667175293,0.005030632019042969,0.0486752986907959
gated_cost_merged_seed44,scale+thin,12.545454545454549,63.63636363636363,2552.3230156844406,355,rolled,3017.076127441205,0.1820902404988634,True,True,1.0009980333330297,3,750.0,300.0,17.991647136161596,8.918508143914863,355.0,rolled,1.0,True,thin_c3,1.401133031430452,40,75,115,0.05344843864440918,0.005814075469970703,0.05926251411437988
gated_cost_merged_seed44,scale+thin,12.545454545454549,74.54545454545453,2864.0220557743514,355,rolled,3310.957731304623,0.15605175757259754,True,True,1.000999258392132,2,750.0,300.0,18.834323077377206,10.576727166076004,355.0,rolled,1.0,True,thin_c3,1.4708929974099862,40,77,117,0.053261518478393555,0.00514531135559082,0.058406829833984375
gated_cost_merged_seed44,scale+thin,12.545454545454549,85.45454545454545,3136.2352005841685,355,rolled,3140.598551315093,0.0013912702497924448,True,True,1.000999582459319,2,750.0,300.0,21.734267827468134,11.603575169098763,355.0,rolled,1.0,True,thin_c3,1.6953627213187836,40,80,120,0.053859710693359375,0.005364418029785156,0.05922412872314453
gated_cost_merged_seed44,scale+thin,12.545454545454549,96.36363636363636,3474.753399293351,355,rolled,3508.642058877054,0.00975282435599453,True,True,1.0009992763164504,1,750.0,300.0,24.53089972745838,12.853160158013965,355.0,rolled,1.0,True,thin_c2,1.3831278925356658,40,82,122,0.04989004135131836,0.006966829299926758,0.05685687065124512
gated_cost_merged_seed44,scale+thin,12.545454545454549,107.27272727272728,3859.290256207383,355,rolled,3918.9996048719686,0.015471587960648283,True,True,1.0009987685013857,1,750.0,300.0,27.051422031329334,14.760906503947512,355.0,rolled,1.0,True,thin_c2,1.527199720299762,40,85,125,0.0488278865814209,0.005652189254760742,0.05448007583618164
gated_cost_merged_seed44,scale+thin,12.545454545454549,118.18181818181816,4215.558205846268,355,rolled,4327.4188317511525,0.02653518714312921,True,True,1.000998099508697,1,750.0,300.0,29.5243036725004,16.716589695495482,355.0,rolled,1.0,True,thin_c1,1.5094860574473503,40,71,111,0.046875953674316406,0.005673646926879883,0.05254960060119629
gated_cost_merged_seed44,scale+thin,12.545454545454549,129.0909090909091,4601.917380514503,355,rolled,4757.439934621035,0.03379516432977427,True,True,1.0009987111650522,1,750.0,300.0,31.809623447039883,19.067044877483248,355.0,rolled,1.0,True,thin_c2,1.8015252818232,40,71,111,0.07182049751281738,0.0051991939544677734,0.07701969146728516
gated_cost_merged_seed44,scale+thin,12.545454545454549,140.0,5031.3200482783495,355,rolled,5377.730659864133,0.06885083999065417,True,True,1.0009980440974302,1,750.0,300.0,29.668132747244297,16.648175933167987,460.0,rolled,0.0,True,thin_c3,2.044541864809783,40,85,125,0.043616294860839844,0.005585193634033203,0.04920148849487305
gated_cost_merged_seed44,scale+thin,13.363636363636363,20.0,1553.9456704912225,355,rolled,1727.025426795169,0.11138082855189774,True,True,1.0009617703501812,3,452.60310633362246,278.55262756347656,11.937609850227211,6.0,355.0,rolled,1.0,True,thin_c3,0.9285087585449219,40,69,109,0.043854713439941406,0.00485992431640625,0.048714637756347656
gated_cost_merged_seed44,scale+thin,13.363636363636363,30.909090909090907,2055.764041961098,355,rolled,2103.326301771573,0.023136050071730526,True,True,1.0009989082616273,3,548.3985806816396,300.0,13.31650010779195,6.214554071841032,355.0,rolled,1.0,True,thin_c3,1.0357590119735054,40,53,93,0.04420065879821777,0.0034651756286621094,0.04766583442687988
gated_cost_merged_seed44,scale+thin,13.363636363636363,41.81818181818181,2295.1327804460216,355,rolled,2598.8481230833013,0.1323301837805905,True,True,1.0009968678411583,3,694.1221622753837,300.0,15.256439855260322,7.119886580757473,355.0,rolled,1.0,True,thin_c3,1.186647763459579,40,72,112,0.05725407600402832,0.005554676055908203,0.06280875205993652
gated_cost_merged_seed44,scale+thin,13.363636363636363,52.72727272727273,2698.233573079863,355,rolled,3089.579253426126,0.14503773292671857,True,True,1.0009989339570586,3,750.0,300.0,17.674454790340086,8.24832757037619,355.0,rolled,1.0,True,thin_c3,1.3747212617293652,40,76,116,0.04290938377380371,0.005893707275390625,0.048803091049194336
gated_cost_merged_seed44,scale+thin,13.363636363636363,63.63636363636363,3099.504449257762,355,rolled,3600.9099265818327,0.16176956204858553,True,True,0.9780228999623564,2,750.0,300.0,19.653303777065688,10.465888111454825,355.0,rolled,1.0,True,thin_c2,1.1086752452021058,40,78,118,0.042283058166503906,0.005146980285644531,0.04743003845214844
gated_cost_merged_seed44,scale+thin,13.363636363636363,74.54545454545453,3409.0278837627866,355,rolled,3440.2910700479592,0.009170704186398513,True,True,1.0009986639823565,2,750.0,300.0,22.4140643718778,11.901656773816308,355.0,rolled,1.0,True,thin_c2,1.2642996083135194,40,80,120,0.0455164909362793,0.005963802337646484,0.05148029327392578
gated_cost_merged_seed44,scale+thin,13.363636363636363,85.45454545454545,3859.8972334468967,355,rolled,3960.5433970062463,0.026074829839309567,True,True,1.0009992380709274,1,750.0,300.0,25.32823155254573,14.223489404404118,355.0,rolled,1.0,True,thin_c3,1.9780439293902856,40,83,123,0.045276641845703125,0.0060727596282958984,0.05134940147399902
gated_cost_merged_seed44,scale+thin,13.363636363636363,96.36363636363636,4319.916451720051,355,rolled,4316.358092311086,-0.0008237102380875996,True,True,1.000998814817678,1,750.0,300.0,28.935069366395535,14.508751722621096,355.0,rolled,1.0,True,thin_c1,1.4731129521908968,40,70,110,0.0449366569519043,0.005922079086303711,0.05085873603820801
gated_cost_merged_seed44,scale+thin,13.363636363636363,107.27272727272728,4782.366988912803,355,rolled,4913.095370275732,0.027335497603175007,True,True,1.000998700879328,1,750.0,300.0,31.285457820227773,18.067571883764316,355.0,rolled,1.0,True,thin_c1,1.6007078087848163,40,71,111,0.04334425926208496,0.00498199462890625,0.04832625389099121
gated_cost_merged_seed44,scale+thin,13.363636363636363,118.18181818181816,5228.730538579276,355,rolled,6742.120259958799,0.28943731374436693,True,True,1.0009854696326306,2,716.8178558349609,286.7271423339844,33.451499938964844,12.535903881367927,500.0,rolled,0.0,True,scale,0.9557571411132812,40,82,122,0.04264116287231445,0.0053730010986328125,0.048014163970947266
gated_cost_merged_seed44,scale+thin,13.363636363636363,129.0909090909091,6054.672912989209,460,rolled,8519.104084196044,0.4070296127673292,True,True,1.00098929415048,2,723.1006622314453,289.2402648925781,33.74469757080078,13.494240382335931,550.0,rolled,0.0,True,scale,0.9641342163085938,40,82,122,0.06437802314758301,0.006676197052001953,0.07105422019958496
gated_cost_merged_seed44,scale+thin,13.363636363636363,140.0,6583.558144781793,460,rolled,10472.911280036129,0.5907676441404385,True,True,1.000998320915136,2,750.0,300.0,29.725844850954648,15.142306283550814,690.0,rolled,0.0,True,thin_c1,1.105953302798064,40,80,120,0.0487515926361084,0.0054779052734375,0.0542294979095459
gated_cost_merged_seed44,scale+thin,14.181818181818182,20.0,1796.9028968466985,355,rolled,2010.6893624717657,0.11897496854183448,True,True,1.0009988006848645,3,690.6072055359717,258.172440653049,10.99969115880327,6.638586317828305,355.0,rolled,1.0,True,thin_c3,1.019846271017323,40,70,110,0.05050039291381836,0.0047473907470703125,0.05524778366088867
gated_cost_merged_seed44,scale+thin,14.181818181818182,30.909090909090907,2224.07150895444,355,rolled,2557.83653584703,0.15006937751272956,True,True,1.000999616209404,3,633.5295931793056,300.0,14.593079942941747,6.81030928902004,355.0,rolled,1.0,True,thin_c3,1.1350515481700068,40,71,111,0.05583977699279785,0.005587100982666016,0.06142687797546387
gated_cost_merged_seed44,scale+thin,14.181818181818182,41.81818181818181,2615.0382292659383,355,rolled,3051.7467749630805,0.16699891451289786,True,True,1.0009999565072771,3,750.0,300.0,16.430396832302048,7.667749686863113,355.0,rolled,1.0,True,thin_c3,1.2779582811438521,40,74,114,0.06159567832946777,0.005096912384033203,0.06669259071350098
gated_cost_merged_seed44,scale+thin,14.181818181818182,52.72727272727273,3202.0654799770145,355,rolled,3250.110709648211,0.015004449462895229,True,True,1.0009992218351218,1,704.5681396002503,300.0,19.84037920746268,11.338956937070222,355.0,rolled,1.0,True,thin_c1,1.0147283139436145,40,76,116,0.04554176330566406,0.00532984733581543,0.05087161064147949
gated_cost_merged_seed44,scale+thin,14.181818181818182,63.63636363636363,3623.765744949169,355,rolled,3711.644222640407,0.02425059561692796,True,True,1.0009978222754803,1,750.0,300.0,22.290465623366487,12.517581456703974,355.0,rolled,1.0,True,thin_c3,1.7408053190811819,40,80,120,0.05386614799499512,0.009396553039550781,0.0632627010345459
gated_cost_merged_seed44,scale+thin,14.181818181818182,74.54545454545453,4194.266016339479,355,rolled,4258.194511624304,0.01524187904052351,True,True,1.0009990818451742,1,750.0,300.0,26.001274545840367,14.145209286931024,355.0,rolled,1.0,True,thin_c3,2.0290853749150823,40,85,125,0.0582575798034668,0.0062944889068603516,0.06455206871032715
gated_cost_merged_seed44,scale+thin,14.181818181818182,85.45454545454545,4739.8598837186255,355,rolled,4813.419699514309,0.015519407239939956,True,True,1.0009989695283499,1,750.0,300.0,29.54919150275421,16.016941828586656,355.0,rolled,1.0,True,thin_c1,1.508379364013672,40,70,110,0.045964956283569336,0.005173444747924805,0.05113840103149414
gated_cost_merged_seed44,scale+thin,14.181818181818182,96.36363636363636,5290.364352494784,355,rolled,5482.005645250518,0.036224592483003824,True,True,1.0009998839950243,1,750.0,300.0,32.44955284370582,19.45062573139642,355.0,rolled,1.0,True,thin_c2,1.8377674268639603,40,72,112,0.047789812088012695,0.00610661506652832,0.053896427154541016
gated_cost_merged_seed44,scale+thin,14.181818181818182,107.27272727272728,6179.874379812138,355,rolled,6471.852224257802,0.04724656627317076,True,True,1.0009995917369516,1,750.0,300.0,31.65603166314324,17.763678926611423,460.0,rolled,0.0,True,thin_c3,2.18153540569803,40,85,125,0.04566311836242676,0.0057566165924072266,0.051419734954833984
gated_cost_merged_seed44,scale+thin,14.181818181818182,118.18181818181816,6852.162427149681,460,rolled,11271.50225139884,0.6449554970761965,True,True,1.0009975506322146,2,750.0,300.0,30.066768266243656,15.381586006173253,690.0,rolled,0.0,True,thin_c1,1.1188561082922894,40,80,120,0.04322648048400879,0.0052623748779296875,0.04848885536193848
gated_cost_merged_seed44,scale+thin,14.181818181818182,129.0909090909091,9553.512737278232,500,rolled,12549.19899503763,0.31356908606716954,True,True,1.0009977175579727,1,750.0,300.0,32.04364728411303,17.956050211254063,690.0,rolled,0.0,True,thin_c3,1.8178614740786345,22,82,104,0.024811267852783203,0.005558490753173828,0.03036975860595703
gated_cost_merged_seed44,scale+thin,14.181818181818182,140.0,12744.824501296387,690,rolled,13462.86713941663,0.0563399392472768,True,True,1.0009978678042204,1,750.0,300.0,34.29331338833243,19.0583821651459,690.0,rolled,1.0,True,thin_c3,1.9449591595193616,8,83,91,0.009730100631713867,0.005445003509521484,0.015175104141235352
gated_cost_merged_seed44,scale+thin,15.0,20.0,2057.2483346770277,355,rolled,2192.583518581799,0.0657845635957304,True,True,1.000969510313705,3,515.963073570878,295.5711364746094,12.666952528556678,6.0,355.0,rolled,1.0,True,thin_c3,0.9852371215820312,40,69,109,0.046543121337890625,0.0050811767578125,0.051624298095703125
gated_cost_merged_seed44,scale+thin,15.0,30.909090909090907,2565.283454586496,355,rolled,2939.1707223791295,0.14574891017371064,True,True,1.0009995613503782,3,696.9769101375225,300.0,15.351012400263945,7.16402176566746,355.0,rolled,1.0,True,thin_c3,1.1940036276112433,40,72,112,0.045513153076171875,0.005032539367675781,0.050545692443847656
gated_cost_merged_seed44,scale+thin,15.0,41.81818181818181,3234.6725939942403,355,rolled,3353.4386008604047,0.03671654654838179,True,True,1.0009928059428879,1,725.7416786131688,289.5072362733557,18.803703093014644,11.741345642809748,355.0,rolled,1.0,True,thin_c1,1.0112568730893345,40,76,116,0.04421234130859375,0.0049059391021728516,0.0491182804107666
gated_cost_merged_seed44,scale+thin,15.0,52.72727272727273,3765.638206814382,355,rolled,3792.8042809906474,0.007214201865464652,True,True,1.0009985360646656,2,750.0,300.0,21.724219555430615,11.913899087081145,355.0,rolled,1.0,True,thin_c3,1.6956312096637227,40,80,120,0.05597662925720215,0.005924224853515625,0.06190085411071777
gated_cost_merged_seed44,scale+thin,15.0,63.63636363636363,4414.262908667717,355,rolled,4408.766244307452,-0.0012452054791461655,True,True,1.000998368038006,1,750.0,300.0,26.14053835573026,13.260222909676518,355.0,rolled,1.0,True,thin_c2,1.4724298891813858,40,85,125,0.04710888862609863,0.005827665328979492,0.052936553955078125
gated_cost_merged_seed44,scale+thin,15.0,74.54545454545453,5073.1569950190815,355,rolled,5119.437180311684,0.009122561225296396,True,True,1.0009987787090848,1,750.0,300.0,30.024764038962715,15.85761374559725,355.0,rolled,1.0,True,thin_c1,1.531265258789062,40,71,111,0.047797441482543945,0.004890918731689453,0.0526883602142334
gated_cost_merged_seed44,scale+thin,15.0,85.45454545454545,5700.335679671592,355,rolled,5936.303574321824,0.04139543842860624,True,True,1.0009998264250841,1,750.0,300.0,33.25373790773938,19.93266327360448,355.0,rolled,1.0,True,thin_c2,1.8833121258279553,40,72,112,0.04446768760681152,0.004845619201660156,0.04931330680847168
gated_cost_merged_seed44,scale+thin,15.0,96.36363636363636,6971.155593281798,460,rolled,11545.209231998319,0.6561399437310796,True,True,1.0009981365186271,2,750.0,300.0,29.4177801628279,14.736196073793852,690.0,rolled,0.0,True,thin_c1,1.0936611142365829,40,79,119,0.05560708045959473,0.00764775276184082,0.06325483322143555
gated_cost_merged_seed44,scale+thin,15.0,107.27272727272728,8192.251861307222,460,rolled,13030.239412182082,0.5905564956718592,True,True,1.0009656180201087,1,731.348991394043,292.5395965576172,34.12961959838867,16.5105121692233,690.0,rolled,0.0,True,scale,0.9751319885253906,21,81,102,0.0238189697265625,0.0055544376373291016,0.0293734073638916
gated_cost_merged_seed44,scale+thin,15.0,118.18181818181816,13414.02255742561,620,rolled,14293.177893497832,0.06554002219010346,True,True,1.00099718013186,1,750.0,300.0,34.29844546116691,19.219553985433812,690.0,rolled,0.0,True,thin_c3,1.945777959408968,6,83,89,0.007927179336547852,0.005663394927978516,0.013590574264526367
gated_cost_merged_seed45,none,6.0,20.0,241.3288087904857,355,rolled,284.644038036205,0.17948635914133346,True,True,0.7562722765504486,2,338.7909208340637,127.69436941808729,8.185101199207411,6.0,355.0,rolled,1.0,False,original,,40,1,41,0.04880952835083008,0.00012993812561035156,0.04893946647644043
gated_cost_merged_seed45,none,6.0,30.909090909090907,292.67799548197263,355,rolled,337.8116849203674,0.15420937048605263,True,True,0.7908568792109482,2,390.4688435262085,142.23255147959676,8.655983712069405,6.202162911007727,355.0,rolled,1.0,False,original,,40,1,41,0.044783592224121094,0.00013256072998046875,0.04491615295410156
gated_cost_merged_seed45,none,6.0,41.81818181818181,342.2853688824266,355,rolled,405.7666391244294,0.18546299670731264,True,True,0.8481281797578413,2,411.7977348927881,131.10437767504484,12.249841841804672,6.52102925479412,355.0,rolled,1.0,False,original,,40,1,41,0.06729316711425781,0.00016760826110839844,0.06746077537536621
gated_cost_merged_seed45,none,6.0,52.72727272727273,386.25765574493386,355,rolled,452.63273762167483,0.17184146615484022,True,True,0.8298474877520599,2,430.0260231393163,147.19652350266384,12.661107828030122,6.60470400599481,355.0,rolled,1.0,False,original,,40,1,41,0.04381990432739258,0.0001354217529296875,0.043955326080322266
gated_cost_merged_seed45,none,6.0,63.63636363636363,431.68145507497405,355,rolled,525.4383556892968,0.21719001247815745,True,True,0.8133477334958132,1,482.37291858920383,158.2355154577163,11.414784733234956,8.306776779871576,355.0,rolled,1.0,False,original,,40,1,41,0.09941864013671875,0.0002129077911376953,0.09963154792785645
gated_cost_merged_seed45,none,6.0,74.54545454545453,466.9500019446189,355,rolled,579.6376621063878,0.24132703649744028,True,True,0.7771781365656065,2,541.4675251219533,169.78959941653068,10.616221226879329,8.825069341979596,355.0,rolled,1.0,False,original,,40,1,41,0.04639124870300293,0.00014162063598632812,0.04653286933898926
gated_cost_merged_seed45,none,6.0,85.45454545454545,518.2473353887603,355,rolled,624.3192419593274,0.2046742922295931,True,True,0.7755258405047052,2,572.275389696603,173.36296016763765,11.14238247648503,9.026716816869724,355.0,rolled,1.0,False,original,,40,1,41,0.05280637741088867,0.00013875961303710938,0.05294513702392578
gated_cost_merged_seed45,none,6.0,96.36363636363636,549.7256874002802,355,rolled,679.8904096894954,0.23678122611439179,True,True,0.7635824658659337,2,611.729599222563,178.86199055877466,10.963813413444594,9.650234995642945,355.0,rolled,1.0,False,original,,40,1,41,0.04625105857849121,0.0002524852752685547,0.046503543853759766
gated_cost_merged_seed45,none,6.0,107.27272727272728,586.6560772595034,355,rolled,744.0351530266336,0.26826463044976623,True,True,0.7403722039571677,2,641.9311079435628,181.07633087095425,11.68088630253955,10.169431203206406,355.0,rolled,1.0,False,original,,40,1,41,0.04875445365905762,0.00017905235290527344,0.04893350601196289
gated_cost_merged_seed45,none,6.0,118.18181818181816,628.4217050081675,355,rolled,770.5143480662576,0.22611033630075433,True,True,0.7583087620708671,2,580.3061747678136,176.42322605329502,17.075168662900126,8.917361887986758,355.0,rolled,1.0,False,original,,40,1,41,0.04686141014099121,0.00019097328186035156,0.04705238342285156
gated_cost_merged_seed45,none,6.0,129.0909090909091,657.4964976148059,355,rolled,860.3239419791726,0.30848444835852656,True,True,0.7224444140880213,2,690.9761095583377,184.04333825705933,12.788433072578544,11.208083787908343,355.0,rolled,1.0,False,original,,40,1,41,0.04332733154296875,0.0001461505889892578,0.04347348213195801
gated_cost_merged_seed45,none,6.0,140.0,697.879425726456,355,rolled,901.963158687202,0.2924340873759182,True,True,0.6965075083954917,2,701.2641881808718,192.15756560578848,13.83534262103767,11.040420031194525,355.0,rolled,1.0,False,original,,40,1,41,0.050332069396972656,0.0001392364501953125,0.05047130584716797
gated_cost_merged_seed45,none,6.818181818181818,20.0,317.0885192434045,355,rolled,378.25940726942184,0.19291423155898352,True,True,0.749891501482258,2,357.2604112304406,144.61344086586024,9.246008480662606,6.0,355.0,rolled,1.0,False,original,,40,1,41,0.04782557487487793,0.0001366138458251953,0.047962188720703125
gated_cost_merged_seed45,none,6.818181818181818,30.909090909090907,392.6423822212096,355,rolled,475.7487931570917,0.21165929787238574,True,True,0.7733951230014479,2,415.87144529764805,158.59654765439163,9.823724789892525,7.076499636550666,355.0,rolled,1.0,False,original,,40,1,41,0.053414344787597656,0.00020241737365722656,0.05361676216125488
gated_cost_merged_seed45,none,6.818181818181818,41.81818181818181,455.0251859822217,355,rolled,552.1059205534344,0.213352441934952,True,True,0.8087415513245436,2,454.9768597763015,167.35517588540876,10.448405697225875,7.770095905128139,355.0,rolled,1.0,False,original,,40,1,41,0.05187273025512695,0.0001761913299560547,0.05204892158508301
gated_cost_merged_seed45,none,6.818181818181818,52.72727272727273,519.9507333014534,355,rolled,624.2984927156643,0.2006877819974396,True,True,0.8282379782040851,1,477.5599755951825,171.35351761294964,11.968592961097281,8.082988403387517,355.0,rolled,1.0,False,original,,40,1,41,0.05483508110046387,0.0001354217529296875,0.054970502853393555
gated_cost_merged_seed45,none,6.818181818181818,63.63636363636363,570.1996303697795,355,rolled,703.065675682823,0.23301671596468543,True,True,0.8192171736164585,2,532.7877689521457,181.31230902137324,11.31061969450491,9.108722276565715,355.0,rolled,1.0,False,original,,40,1,41,0.04794454574584961,0.00014019012451171875,0.04808473587036133
gated_cost_merged_seed45,none,6.818181818181818,74.54545454545453,645.0378754655677,355,rolled,775.2485992684185,0.20186523730698583,True,True,0.7880710513218607,2,577.9406347566683,189.24440945943832,11.77839571910203,9.359361572291263,355.0,rolled,1.0,False,original,,40,1,41,0.04750800132751465,0.00013589859008789062,0.04764389991760254
gated_cost_merged_seed45,none,6.818181818181818,85.45454545454545,698.212152166206,355,rolled,841.8518957297428,0.20572506954783565,True,True,0.776487690068795,2,604.4343374875378,192.2005635980539,12.990174593747973,9.47698297903754,355.0,rolled,1.0,False,original,,40,1,41,0.0504457950592041,0.0002155303955078125,0.050661325454711914
gated_cost_merged_seed45,none,6.818181818181818,96.36363636363636,733.8166260116295,355,rolled,916.2289778548518,0.24858029291957115,True,True,0.7497575969700323,2,617.4906341201375,200.6855742184756,14.290778570129522,9.61952964199208,355.0,rolled,1.0,False,original,,40,1,41,0.08239102363586426,0.0002498626708984375,0.0826408863067627
gated_cost_merged_seed45,none,6.818181818181818,107.27272727272728,798.4291807439346,355,rolled,992.726559130985,0.24334954567418782,True,True,0.7431663106072193,2,671.9558765583376,204.1018442386823,13.52066480391855,10.596184484640737,355.0,rolled,1.0,False,original,,40,1,41,0.07005715370178223,0.00014328956604003906,0.07020044326782227
gated_cost_merged_seed45,none,6.818181818181818,118.18181818181816,860.6462645405438,355,rolled,999.385976334857,0.1612041061589681,True,True,0.8223947623390792,1,580.880931128915,208.58486361402996,17.312034438643906,9.544278022374918,355.0,rolled,1.0,False,original,,40,1,41,0.04586076736450195,0.00013971328735351562,0.04600048065185547
gated_cost_merged_seed45,none,6.818181818181818,129.0909090909091,896.311601431932,355,rolled,1124.9090770146283,0.2550424151796016,True,True,0.7168091307010338,2,702.6958987610082,216.76128971183732,15.157584069999404,11.04501281358524,355.0,rolled,1.0,False,original,,40,1,41,0.05060887336730957,0.00014019012451171875,0.05074906349182129
gated_cost_merged_seed45,none,6.818181818181818,140.0,931.1411275891702,355,rolled,1177.9965289738661,0.2651106197229549,True,True,0.7295932579387984,2,750.0,222.20380854114615,13.554637783771684,11.94427947884087,355.0,rolled,1.0,False,original,,40,1,41,0.04657745361328125,0.00016736984252929688,0.04674482345581055
gated_cost_merged_seed45,none,7.636363636363637,20.0,409.6201332461394,355,rolled,494.66618208777163,0.20762174985800402,True,True,0.7307091643585757,2,385.4516354889399,160.18625520155967,10.232134606833403,6.076105215033043,355.0,rolled,1.0,False,original,,40,1,41,0.0516359806060791,0.00015687942504882812,0.05179286003112793
gated_cost_merged_seed45,none,7.636363636363637,30.909090909090907,501.774525145321,355,rolled,621.9665450284904,0.23953392183144429,True,True,0.7891632614986211,2,437.2027979000766,174.12563632123548,10.719165965382892,7.641716764117206,355.0,rolled,1.0,False,original,,40,1,41,0.04842019081115723,0.0001418590545654297,0.048562049865722656
gated_cost_merged_seed45,none,7.636363636363637,41.81818181818181,593.9298338756057,355,rolled,713.6058386678312,0.20149855751696552,True,True,0.7841854185991229,2,468.0413298762254,186.70312466960667,12.613624293447037,7.267686867579911,355.0,rolled,1.0,False,original,,40,1,41,0.05235028266906738,0.0001766681671142578,0.05252695083618164
gated_cost_merged_seed45,none,7.636363636363637,52.72727272727273,675.9362632758116,355,rolled,795.9746315765872,0.17758829467001783,True,True,0.9373007208173418,2,523.5347240611992,160.76239545847554,14.753404320675635,8.298683743549637,355.0,rolled,1.0,False,original,,40,1,41,0.046831369400024414,0.00013828277587890625,0.04696965217590332
gated_cost_merged_seed45,none,7.636363636363637,63.63636363636363,779.5020738899598,355,rolled,905.7499739294079,0.16195967178051437,True,True,0.7877588611513747,2,560.3440573355149,204.86915677547287,13.162019266345103,8.744989306026135,355.0,rolled,1.0,False,original,,40,1,41,0.05604076385498047,0.0001366138458251953,0.056177377700805664
gated_cost_merged_seed45,none,7.636363636363637,74.54545454545453,846.6406079690952,355,rolled,1013.1728718281557,0.19669770418706334,True,True,0.8061901910034889,2,599.9258199842842,207.980835064098,13.074061439954432,10.140085383923925,355.0,rolled,1.0,False,original,,40,1,41,0.06145119667053223,0.00020933151245117188,0.0616605281829834
gated_cost_merged_seed45,none,7.636363636363637,85.45454545454545,921.2774310054268,355,rolled,1104.2906108529257,0.19865153936069976,True,True,0.783116346396289,2,644.7951426851145,215.3672430573806,13.434932350944038,10.489784175677414,355.0,rolled,1.0,False,original,,40,1,41,0.07221865653991699,0.00023317337036132812,0.07245182991027832
gated_cost_merged_seed45,none,7.636363636363637,96.36363636363636,990.3158107657674,355,rolled,1150.9351841594287,0.16219005255450925,True,True,0.8700804263274406,1,622.3919595338733,194.96761862511485,17.537807702846862,10.12811704166794,355.0,rolled,1.0,False,original,,40,1,41,0.054575443267822266,0.00017976760864257812,0.054755210876464844
gated_cost_merged_seed45,none,7.636363636363637,107.27272727272728,1055.0870687226268,355,rolled,1273.6812417398376,0.20718116968475261,True,True,0.7430972276637147,2,681.336045825218,234.58134571994623,15.42995312679391,10.625419553870431,355.0,rolled,1.0,False,original,,40,1,41,0.043833255767822266,0.0001533031463623047,0.04398655891418457
gated_cost_merged_seed45,none,7.636363636363637,118.18181818181816,1088.4839809208006,355,rolled,1351.6297671620428,0.24175439496926227,True,True,0.7717203923249858,2,738.6825741271035,231.24539669706402,14.186674514453998,11.90404174028327,355.0,rolled,1.0,False,original,,40,1,41,0.05543208122253418,0.00015163421630859375,0.05558371543884277
gated_cost_merged_seed45,none,7.636363636363637,129.0909090909091,1173.7978050697595,355,rolled,1421.1991304831815,0.21076996765956535,True,True,0.7497428949882597,2,750.0,244.10200975084348,14.94404466327326,11.795302341843966,355.0,rolled,1.0,False,original,,40,1,41,0.043976545333862305,0.00014853477478027344,0.04412508010864258
gated_cost_merged_seed45,none,7.636363636363637,140.0,1251.7374258469372,355,rolled,1505.4323443639612,0.20267422965752716,True,True,0.7366174973864892,2,750.0,256.03134386556684,15.834534437423217,11.99620692251844,355.0,rolled,1.0,False,original,,40,1,41,0.04438138008117676,0.00013327598571777344,0.04451465606689453
gated_cost_merged_seed45,none,8.454545454545455,20.0,516.1523336674153,355,rolled,665.7082008368061,0.28975141138421684,True,True,0.7018673583232627,2,409.58756068891705,177.5215530080807,10.955718636435957,7.198248085886546,355.0,rolled,1.0,False,original,,40,1,41,0.04980945587158203,0.00021123886108398438,0.050020694732666016
gated_cost_merged_seed45,none,8.454545454545455,30.909090909090907,633.218032838701,355,rolled,791.7482814698848,0.25035649714600916,True,True,0.7826526414122563,2,459.4509292435063,191.54478877713044,11.716896359793443,7.927497935093652,355.0,rolled,1.0,False,original,,40,1,41,0.06692719459533691,0.00013184547424316406,0.06705904006958008
gated_cost_merged_seed45,none,8.454545454545455,41.81818181818181,757.3789000305048,355,rolled,917.1907809557574,0.2110065132773251,True,True,0.816882740639212,2,506.5792702415567,200.6194623968239,12.581240088298209,8.632583066133082,355.0,rolled,1.0,False,original,,40,1,41,0.04739236831665039,0.0001373291015625,0.04752969741821289
gated_cost_merged_seed45,none,8.454545454545455,52.72727272727273,897.7427828478864,355,rolled,1032.7255537679187,0.15035795719997871,True,True,0.818788097254296,2,550.8390459206676,211.7648000863786,13.234655106529756,9.073883522207204,355.0,rolled,1.0,False,original,,40,1,41,0.044695377349853516,0.00013709068298339844,0.044832468032836914
gated_cost_merged_seed45,none,8.454545454545455,63.63636363636363,969.5859503873623,355,rolled,1166.3209386547605,0.2029061871088375,True,True,0.8018270992530676,2,583.3976084007908,223.26418706074233,14.121335228072143,9.724101181956838,355.0,rolled,1.0,False,original,,40,1,41,0.0449979305267334,0.0001392364501953125,0.04513716697692871
gated_cost_merged_seed45,none,8.454545454545455,74.54545454545453,1093.1775012217977,355,rolled,1256.5449393953525,0.14944273733311011,True,True,0.8652754186653837,1,588.4590249925333,204.33590868792533,18.171755632865636,9.387650730766472,355.0,rolled,1.0,False,original,,40,1,41,0.0510706901550293,0.00013399124145507812,0.051204681396484375
gated_cost_merged_seed45,none,8.454545454545455,85.45454545454545,1181.2789978646645,355,rolled,1407.6915782621963,0.19166732059640942,True,True,0.7921712522779565,2,665.8109216635488,234.72725891632325,14.983145337901696,11.153973334212438,355.0,rolled,1.0,False,original,,40,1,41,0.050071001052856445,0.00013947486877441406,0.05021047592163086
gated_cost_merged_seed45,none,8.454545454545455,96.36363636363636,1257.923897819336,355,rolled,1514.1098497467501,0.20365775097485891,True,True,0.7855024100333962,2,696.3863564884156,241.7740751826916,15.492481231612693,11.575929405525553,355.0,rolled,1.0,False,original,,40,1,41,0.04444742202758789,0.0001361370086669922,0.04458355903625488
gated_cost_merged_seed45,none,8.454545454545455,107.27272727272728,1352.4875507253705,355,rolled,1614.2913576252683,0.1935720641269388,True,True,0.7759333984866477,2,725.3660301345091,251.4887920963888,15.707679741745183,11.958637817271518,355.0,rolled,1.0,False,original,,40,1,41,0.046222686767578125,0.0001480579376220703,0.046370744705200195
gated_cost_merged_seed45,none,8.454545454545455,118.18181818181816,1418.3994702060834,355,rolled,1702.1410443874806,0.20004348573266995,True,True,0.7743930345686253,2,750.0,259.1439529553624,16.01186246090721,12.231779021591942,355.0,rolled,1.0,False,original,,40,1,41,0.05623817443847656,0.0001499652862548828,0.056388139724731445
gated_cost_merged_seed45,none,8.454545454545455,129.0909090909091,1503.943042662674,355,rolled,1790.900064022457,0.19080311768438807,True,True,0.7520832193430178,2,750.0,277.60550675959996,17.060597403228652,11.872598445353699,355.0,rolled,1.0,False,original,,40,1,41,0.04675912857055664,0.00013780593872070312,0.046896934509277344
gated_cost_merged_seed45,none,8.454545454545455,140.0,1589.050557323039,355,rolled,1872.9903264606571,0.1786851701030529,True,True,0.775596162050048,2,750.0,284.13766883910716,17.32089903399527,12.514435679641961,355.0,rolled,1.0,False,original,,40,1,41,0.04646921157836914,0.00014472007751464844,0.04661393165588379
gated_cost_merged_seed45,none,9.272727272727272,20.0,633.3700898588271,355,rolled,828.6924237444659,0.3083857874140766,True,True,0.6967858400106071,2,427.10875098789876,193.6764056690082,11.88231220927143,7.386935534415718,355.0,rolled,1.0,False,original,,40,1,41,0.05091071128845215,0.00019669532775878906,0.05110740661621094
gated_cost_merged_seed45,none,9.272727272727272,30.909090909090907,801.8071464602682,355,rolled,989.8793245837683,0.2345603664843608,True,True,0.7761070446349345,2,478.56475521187906,208.77147213475143,12.771999354982775,8.22047537602493,355.0,rolled,1.0,False,original,,40,1,41,0.04993176460266113,0.00014662742614746094,0.050078392028808594
gated_cost_merged_seed45,none,9.272727272727272,41.81818181818181,962.5021253931346,355,rolled,1137.4458035584632,0.18175926426538824,True,True,0.7961970532964847,2,530.1654472360452,221.8547903156322,13.699351211609157,8.609421455841273,355.0,rolled,1.0,False,original,,40,1,41,0.04427289962768555,0.00013589859008789062,0.04440879821777344
gated_cost_merged_seed45,none,9.272727272727272,52.72727272727273,1070.6846994207378,355,rolled,1295.1936607174932,0.20968727900774084,True,True,0.7954378187146158,2,574.4485668740983,233.4609731729329,14.593507763532342,9.23657585241027,355.0,rolled,1.0,False,original,,40,1,41,0.0493776798248291,0.00014138221740722656,0.04951906204223633
gated_cost_merged_seed45,none,9.272727272727272,63.63636363636363,1216.7126656588257,355,rolled,1452.6079058285356,0.19387916870412242,True,True,0.7919254560434639,2,614.4471472065127,241.49039272022307,15.561945037838091,9.899348913608886,355.0,rolled,1.0,False,original,,40,1,41,0.04380440711975098,0.0001354217529296875,0.043939828872680664
gated_cost_merged_seed45,none,9.272727272727272,74.54545454545453,1356.4151141978043,355,rolled,1607.324684495727,0.18497992809989652,True,True,0.7848937683372108,2,653.3452372157923,253.30055795139558,15.75971117531541,10.810640446547437,355.0,rolled,1.0,False,original,,40,1,41,0.04792332649230957,0.00014734268188476562,0.048070669174194336
gated_cost_merged_seed45,none,9.272727272727272,85.45454545454545,1422.5235716023028,355,rolled,1750.557400724786,0.230599925140778,True,True,0.7805132620118383,2,673.0114777621238,264.3147283975889,16.625578396097865,11.297919041071104,355.0,rolled,1.0,False,original,,40,1,41,0.04487180709838867,0.00014901161193847656,0.04502081871032715
gated_cost_merged_seed45,none,9.272727272727272,96.36363636363636,1530.0841209322955,355,rolled,1855.0006260264445,0.21235205349113362,True,True,0.7802555390234852,2,740.9633911950373,265.92661411788964,16.28624940146341,11.731432739506554,355.0,rolled,1.0,False,original,,40,1,41,0.06726837158203125,0.00022864341735839844,0.06749701499938965
gated_cost_merged_seed45,none,9.272727272727272,107.27272727272728,1647.0835657255905,355,rolled,1955.8323049922901,0.1874517757881255,True,True,0.7891882221552362,2,750.0,277.2654065612115,16.82103419407217,11.959262351725371,355.0,rolled,1.0,False,original,,40,1,41,0.053774356842041016,0.00015401840209960938,0.053928375244140625
gated_cost_merged_seed45,none,9.272727272727272,118.18181818181816,1794.0191544704012,355,rolled,2084.4580532082873,0.16189286386054466,True,True,0.7847602776308902,2,750.0,292.45327739769806,17.565448212714177,12.306602821045752,355.0,rolled,1.0,False,original,,40,1,41,0.04562211036682129,0.0001704692840576172,0.045792579650878906
gated_cost_merged_seed45,none,9.272727272727272,129.0909090909091,1876.6125693849333,355,rolled,2142.845727819876,0.14186900523756046,True,True,0.7993402559792251,2,750.0,300.0,18.87103345280427,11.629711220752178,355.0,rolled,1.0,False,original,,40,1,41,0.04819655418395996,0.00016736984252929688,0.04836392402648926
gated_cost_merged_seed45,none,9.272727272727272,140.0,1975.8458780810136,355,rolled,2299.6456116674267,0.16387904399754843,True,True,0.80248423782498,1,750.0,300.0,20.584144209039746,12.25979106485513,355.0,rolled,1.0,False,original,,40,1,41,0.04539656639099121,0.00015997886657714844,0.04555654525756836
gated_cost_merged_seed45,none,10.09090909090909,20.0,771.2799576046779,355,rolled,1021.2103035600447,0.32404620850198407,True,True,0.6888549272920729,2,443.4359672773609,210.89432897587167,12.688938013162923,7.735600619221078,355.0,rolled,1.0,False,original,,40,1,41,0.04520297050476074,0.00013709068298339844,0.04534006118774414
gated_cost_merged_seed45,none,10.09090909090909,30.909090909090907,964.7090665866748,355,rolled,1230.358079059483,0.27536696987074594,True,True,0.7494787950963808,2,500.1659761064278,228.2428474464587,13.859117650842512,8.504503082236692,355.0,rolled,1.0,False,original,,40,1,41,0.046509742736816406,0.00013589859008789062,0.0466456413269043
gated_cost_merged_seed45,none,10.09090909090909,41.81818181818181,1147.2574547707825,355,rolled,1393.1766285585682,0.21435395583192732,True,True,0.7794337792239944,2,560.2892255969473,240.65962180320093,14.688286150051997,8.746427625275071,355.0,rolled,1.0,False,original,,40,1,41,0.04687905311584473,0.0001404285430908203,0.04701948165893555
gated_cost_merged_seed45,none,10.09090909090909,52.72727272727273,1318.1429375417918,355,rolled,1583.9813527997937,0.20167647050005422,True,True,0.7843006332688361,2,596.5479489526479,254.49698402396226,15.80301838049348,9.335335896469985,355.0,rolled,1.0,False,original,,40,1,41,0.05523395538330078,0.00013780593872070312,0.055371761322021484
gated_cost_merged_seed45,none,10.09090909090909,63.63636363636363,1473.4968374975142,355,rolled,1767.2543456581207,0.19936079989116504,True,True,0.7855959569965901,2,644.5101123772158,264.28479555287646,16.333109487333516,10.174611698238243,355.0,rolled,1.0,False,original,,40,1,41,0.0502934455871582,0.00019598007202148438,0.05048942565917969
gated_cost_merged_seed45,none,10.09090909090909,74.54545454545453,1593.8205978972342,355,rolled,1938.2763595532142,0.21611953196641379,True,True,0.7813113417405262,2,672.3456438221933,279.81312099160147,16.892883995088752,10.715755311763047,355.0,rolled,1.0,False,original,,40,1,41,0.04999256134033203,0.00014257431030273438,0.050135135650634766
gated_cost_merged_seed45,none,10.09090909090909,85.45454545454545,1744.078619322344,355,rolled,2066.5441627244973,0.18489163265326095,True,True,0.8745474318923261,1,695.498158139512,255.8936359135418,18.769141776881956,11.807674022739823,355.0,rolled,1.0,False,original,,40,1,41,0.04940509796142578,0.00013589859008789062,0.04954099655151367
gated_cost_merged_seed45,none,10.09090909090909,96.36363636363636,1930.113776773892,355,rolled,2245.2357866751036,0.16326602798925435,True,True,0.7787125942500637,2,750.0,295.3441827079024,17.760329158065225,11.737695177725332,355.0,rolled,1.0,False,original,,40,1,41,0.046276092529296875,0.00013875961303710938,0.046414852142333984
gated_cost_merged_seed45,none,10.09090909090909,107.27272727272728,2067.605711285596,355,rolled,2389.326115239703,0.15560046202139174,True,True,0.7981472328574754,2,750.0,300.0,19.129599679359323,12.098311641644452,355.0,rolled,1.0,False,original,,40,1,41,0.047978878021240234,0.0001373291015625,0.048116207122802734
gated_cost_merged_seed45,none,10.09090909090909,118.18181818181816,2170.353625378734,355,rolled,2482.457161438879,0.14380308001912928,True,True,0.8221041158465761,2,750.0,300.0,21.092037030120913,11.608121127827031,355.0,rolled,1.0,False,original,,40,1,41,0.04732632637023926,0.000133514404296875,0.04745984077453613
gated_cost_merged_seed45,none,10.09090909090909,129.0909090909091,2307.5736162550616,355,rolled,2642.188067711896,0.14500705377273165,True,True,0.8280299452304126,2,750.0,300.0,23.332747050243086,11.680002548372448,355.0,rolled,1.0,False,original,,40,1,41,0.04285407066345215,0.0001385211944580078,0.042992591857910156
gated_cost_merged_seed45,none,10.09090909090909,140.0,2443.406284429296,355,rolled,3330.744765080053,0.3631563388804215,True,True,0.8166209300512569,2,750.0,300.0,26.60893925814823,10.893972491072123,355.0,rolled,1.0,False,original,,40,1,41,0.04551362991333008,0.00013327598571777344,0.04564690589904785
gated_cost_merged_seed45,none,10.90909090909091,20.0,939.0466900997784,355,rolled,1239.1150103320533,0.3195456875529705,True,True,0.6678976511950121,2,464.5579263328327,228.86431915607352,13.577186582141712,7.823500147355201,355.0,rolled,1.0,False,original,,40,1,41,0.04651498794555664,0.0001404285430908203,0.04665541648864746
gated_cost_merged_seed45,none,10.90909090909091,30.909090909090907,1197.1649157491154,355,rolled,1477.0387649844656,0.23378053061321266,True,True,0.728570299170086,2,527.246194461271,246.04374728459317,14.97424108721533,8.281575739612173,355.0,rolled,1.0,False,original,,40,1,41,0.09235024452209473,0.0003905296325683594,0.09274077415466309
gated_cost_merged_seed45,none,10.90909090909091,41.81818181818181,1403.509472950396,355,rolled,1711.9560378389137,0.2197680677139392,True,True,0.7507908362127264,2,577.6131097401577,262.94500181740534,16.015733740955554,8.965662903834295,355.0,rolled,1.0,False,original,,40,1,41,0.05409693717956543,0.00013637542724609375,0.05423331260681152
gated_cost_merged_seed45,none,10.90909090909091,52.72727272727273,1588.7457907355176,355,rolled,1927.970594733743,0.21351735814272685,True,True,0.7610841614192717,2,610.0166116681314,281.7692208052791,17.00629753645181,9.392773006491758,355.0,rolled,1.0,False,original,,40,1,41,0.045507192611694336,0.00015592575073242188,0.04566311836242676
gated_cost_merged_seed45,none,10.90909090909091,63.63636363636363,1789.9941201560932,355,rolled,2152.542687651727,0.20254176447463335,True,True,0.7618224986295936,2,652.1970375448883,296.6445238641309,17.518671655014064,10.283976858945042,355.0,rolled,1.0,False,original,,40,1,41,0.047354698181152344,0.0001354217529296875,0.04749011993408203
gated_cost_merged_seed45,none,10.90909090909091,74.54545454545453,1942.2808212955651,355,rolled,2346.4164530925823,0.20807270883076803,True,True,0.7648427420150784,2,715.5692721977051,300.0,17.84427401826585,11.092679529802428,355.0,rolled,1.0,False,original,,40,1,41,0.046439170837402344,0.0001537799835205078,0.04659295082092285
gated_cost_merged_seed45,none,10.90909090909091,85.45454545454545,2177.190622234541,355,rolled,2526.984916744072,0.16066314586203878,True,True,0.7831051167707975,2,750.0,300.0,18.928910484736175,11.648252769449247,355.0,rolled,1.0,False,original,,40,1,41,0.04734301567077637,0.00013494491577148438,0.04747796058654785
gated_cost_merged_seed45,none,10.90909090909091,96.36363636363636,2344.698716886334,355,rolled,2620.3617889098755,0.11756865393333399,True,True,0.837935644828168,2,750.0,300.0,20.24568354783061,11.60147613841423,355.0,rolled,1.0,False,original,,40,1,41,0.04294276237487793,0.0001456737518310547,0.043088436126708984
gated_cost_merged_seed45,none,10.90909090909091,107.27272727272728,2499.121791022924,355,rolled,2750.0900350919424,0.10042257443015366,True,True,0.9961397042963299,1,727.6448693116515,268.0380186202666,22.70148295337671,13.511253420388858,355.0,rolled,1.0,False,original,,40,1,41,0.051203012466430664,0.00022101402282714844,0.05142402648925781
gated_cost_merged_seed45,none,10.90909090909091,118.18181818181816,2669.547168301596,355,rolled,3582.4747769563387,0.3419784521865409,True,True,0.9058595990767405,3,750.0,300.0,27.457602508005863,10.015485852794326,355.0,rolled,1.0,False,original,,40,1,41,0.04689931869506836,0.00013375282287597656,0.047033071517944336
gated_cost_merged_seed45,none,10.90909090909091,129.0909090909091,2855.841135487434,355,rolled,3502.0872985357255,0.2262892550351862,True,True,0.8324456443921404,1,750.0,300.0,27.455859887902697,15.483629776751068,355.0,rolled,1.0,False,original,,40,1,41,0.061409711837768555,0.0001456737518310547,0.06155538558959961
gated_cost_merged_seed45,none,10.90909090909091,140.0,3091.557267278178,355,rolled,4129.108218224769,0.33560787048271495,True,True,0.8971539878562294,3,750.0,300.0,33.829383935261504,9.84047463944019,355.0,rolled,1.0,False,original,,40,1,41,0.04666709899902344,0.00013971328735351562,0.04680681228637695
gated_cost_merged_seed45,none,11.727272727272728,20.0,1117.8784812198996,355,rolled,1491.2848437828595,0.3340312644317791,True,True,0.6414169495216511,2,490.61310559564095,244.6283627861471,14.706455255646059,7.791528923471459,355.0,rolled,1.0,False,original,,40,1,41,0.04506659507751465,0.0001437664031982422,0.04521036148071289
gated_cost_merged_seed45,none,11.727272727272728,30.909090909090907,1399.1707585826318,355,rolled,1895.4293408456188,0.3546804985873917,True,True,0.6482173964957572,2,556.7352022437516,270.8374242856139,16.59562569929387,9.021274126190454,355.0,rolled,1.0,False,original,,40,1,41,0.04447460174560547,0.0001373291015625,0.04461193084716797
gated_cost_merged_seed45,none,11.727272727272728,41.81818181818181,1658.320920880548,355,rolled,2177.86820438268,0.3132971893198202,True,True,0.6803669939957362,2,600.4076629129111,291.9113061782023,17.569865197669944,9.726508512175858,355.0,rolled,1.0,False,original,,40,1,41,0.04541659355163574,0.0001347064971923828,0.045551300048828125
gated_cost_merged_seed45,none,11.727272727272728,52.72727272727273,1896.895430152976,355,rolled,2366.9976105253763,0.24782714581925522,True,True,0.7336076118500584,2,649.540618568617,300.0,17.94319678626763,10.361054506510243,355.0,rolled,1.0,False,original,,40,1,41,0.04618024826049805,0.00013494491577148438,0.04631519317626953
gated_cost_merged_seed45,none,11.727272727272728,63.63636363636363,2122.483987052358,355,rolled,2577.196387355022,0.21423596270997325,True,True,0.7723275969622958,2,673.7242027529308,300.0,20.057275743137982,10.43282508128903,355.0,rolled,1.0,False,original,,40,1,41,0.04294538497924805,0.00014472007751464844,0.043090105056762695
gated_cost_merged_seed45,none,11.727272727272728,74.54545454545453,2414.680044837911,355,rolled,2781.644977813488,0.15197248751861459,True,True,0.792938196920577,2,750.0,300.0,19.764311337171986,11.633401512678724,355.0,rolled,1.0,False,original,,40,1,41,0.04429340362548828,0.0001327991485595703,0.04442620277404785
gated_cost_merged_seed45,none,11.727272727272728,85.45454545454545,2607.2244497923484,355,rolled,3017.2828202114756,0.15727774049211074,True,True,0.8176378554355921,2,750.0,300.0,22.369671680785995,11.919993500192694,355.0,rolled,1.0,False,original,,40,1,41,0.0445101261138916,0.00024247169494628906,0.04475259780883789
gated_cost_merged_seed45,none,11.727272727272728,96.36363636363636,2824.34606849496,355,rolled,3602.5651838852114,0.2755395750085787,True,True,0.9831657755541524,1,596.6959577922486,265.3552399982434,31.54596213528017,17.467920330932767,355.0,rolled,1.0,False,original,,40,1,41,0.05136370658874512,0.00013303756713867188,0.05149674415588379
gated_cost_merged_seed45,none,11.727272727272728,107.27272727272728,3054.1802093068686,355,rolled,3636.6306390967293,0.19070597995985475,True,True,0.9192118759858002,1,695.2523766345937,300.0,26.629006829952644,16.09323723090222,355.0,rolled,1.0,False,original,,40,1,41,0.04282855987548828,0.00013875961303710938,0.04296731948852539
gated_cost_merged_seed45,none,11.727272727272728,118.18181818181816,3357.8991517305085,355,rolled,4214.934980523055,0.25522977018260634,True,True,0.996968525903965,1,750.0,274.82097117841107,28.999641221326826,14.032497945359458,355.0,rolled,1.0,False,original,,40,1,41,0.06357455253601074,0.00013494491577148438,0.06370949745178223
gated_cost_merged_seed45,none,11.727272727272728,129.0909090909091,3650.466675336178,355,rolled,4561.7998584960205,0.24964840504287475,True,True,0.9490535582125376,3,750.0,300.0,35.0,9.94229163013747,355.0,rolled,1.0,False,original,,40,1,41,0.04372239112854004,0.0001361370086669922,0.04385852813720703
gated_cost_merged_seed45,none,11.727272727272728,140.0,3950.7596541302537,355,rolled,4667.851461789553,0.18150732275237944,True,True,0.9230331151228667,2,750.0,300.0,35.0,10.891372945621534,355.0,rolled,1.0,False,original,,40,1,41,0.04306387901306152,0.00015926361083984375,0.04322314262390137
gated_cost_merged_seed45,none,12.545454545454549,20.0,1307.1994834284806,355,rolled,1891.430717443372,0.4469334951713633,True,True,0.5196539586891158,2,518.1042737338049,265.31142636969116,16.262881473937046,8.570554893926476,355.0,rolled,1.0,False,original,,40,1,41,0.04407334327697754,0.0001456737518310547,0.044219017028808594
gated_cost_merged_seed45,none,12.545454545454549,30.909090909090907,1673.5520688887286,355,rolled,2252.1849081155738,0.34575132138617515,True,True,0.5802412016766815,2,561.0792414816829,294.3426840698357,17.87607851212479,8.960915910039333,355.0,rolled,1.0,False,original,,40,1,41,0.07562875747680664,0.00013947486877441406,0.07576823234558105
gated_cost_merged_seed45,none,12.545454545454549,41.81818181818181,1957.4303873162305,355,rolled,2497.1493213707317,0.2757282902890316,True,True,0.704070107298352,2,637.2761174943371,300.0,18.174231942543905,9.956062996431442,355.0,rolled,1.0,False,original,,40,1,41,0.052854061126708984,0.0001418590545654297,0.052995920181274414
gated_cost_merged_seed45,none,12.545454545454549,52.72727272727273,2222.5772160497027,355,rolled,2807.673623462228,0.2632513296669379,True,True,0.7369489788065606,2,704.037095252533,300.0,19.409438523636894,11.036566333032937,355.0,rolled,1.0,False,original,,40,1,41,0.04426860809326172,0.0001373291015625,0.04440593719482422
gated_cost_merged_seed45,none,12.545454545454549,63.63636363636363,2552.3230156844406,355,rolled,3051.9368792185887,0.19574868089342123,True,True,0.7781824350316983,2,750.0,300.0,20.63654177446764,11.650942274100371,355.0,rolled,1.0,False,original,,40,1,41,0.052347421646118164,0.0001270771026611328,0.0524744987487793
gated_cost_merged_seed45,none,12.545454545454549,74.54545454545453,2864.0220557743514,355,rolled,3745.0952683085975,0.30763492577085916,True,True,0.9113426061766152,3,750.0,300.0,23.627988552611928,10.142486457353598,355.0,rolled,1.0,False,original,,40,1,41,0.05173444747924805,0.00014066696166992188,0.05187511444091797
gated_cost_merged_seed45,none,12.545454545454549,85.45454545454545,3136.2352005841685,355,rolled,4268.837500482931,0.3611343625273383,True,True,0.8688344474307742,3,750.0,300.0,29.184895181676715,9.792501762060489,355.0,rolled,1.0,False,original,,40,1,41,0.04747605323791504,0.0001380443572998047,0.047614097595214844
gated_cost_merged_seed45,none,12.545454545454549,96.36363636363636,3474.753399293351,355,rolled,4533.136541418291,0.30459230354021094,True,True,0.982632795091942,1,694.9772449517493,285.2845980436633,29.459871746482747,14.115586159687542,355.0,rolled,1.0,False,original,,40,1,41,0.046376705169677734,0.00013518333435058594,0.04651188850402832
gated_cost_merged_seed45,none,12.545454545454549,107.27272727272728,3859.290256207383,355,rolled,4122.950032761718,0.06831820336142311,True,True,0.9513495507698234,1,735.7094158577677,298.91861583674245,29.46099239117425,15.173595446638783,355.0,rolled,1.0,False,original,,40,1,41,0.05567216873168945,0.00019240379333496094,0.055864572525024414
gated_cost_merged_seed45,none,12.545454545454549,118.18181818181816,4215.558205846268,355,rolled,5028.447324184535,0.19283071864858312,True,True,0.9143779492685757,2,750.0,300.0,35.0,11.183598277057051,355.0,rolled,1.0,False,original,,40,1,41,0.1052851676940918,0.00022411346435546875,0.10550928115844727
gated_cost_merged_seed45,none,12.545454545454549,129.0909090909091,4601.917380514503,355,rolled,5349.161738107291,0.16237674338891434,True,True,0.9723104957350409,1,750.0,300.0,35.0,13.86656501038101,355.0,rolled,1.0,False,original,,40,1,41,0.0896761417388916,0.00019502639770507812,0.08987116813659668
gated_cost_merged_seed45,none,12.545454545454549,140.0,5031.3200482783495,355,rolled,6880.0871342521505,0.3674516962216356,True,True,0.8734741524676338,1,750.0,300.0,35.0,15.140804308100144,460.0,rolled,0.0,False,original,,40,1,41,0.07792520523071289,0.00016760826110839844,0.07809281349182129
gated_cost_merged_seed45,none,13.363636363636363,20.0,1553.9456704912225,355,rolled,2454.8447865788808,0.5797494295941971,True,True,0.5939671450425053,3,527.0270297606708,284.5733767854141,16.365236740293785,7.678469718015801,355.0,rolled,1.0,False,original,,40,1,41,0.10336470603942871,0.00021123886108398438,0.1035759449005127
gated_cost_merged_seed45,none,13.363636363636363,30.909090909090907,2055.764041961098,355,rolled,2540.5178100730427,0.2358022410244677,True,True,0.6104906270146796,2,597.2922738444373,300.0,17.91833826524028,9.578348283910268,355.0,rolled,1.0,False,original,,40,1,41,0.09958744049072266,0.0001957416534423828,0.09978318214416504
gated_cost_merged_seed45,none,13.363636363636363,41.81818181818181,2295.1327804460216,355,rolled,2929.63470840192,0.27645543358610963,True,True,0.7098872819040132,2,692.2829294109289,300.0,19.360501121560404,10.684344362655532,355.0,rolled,1.0,False,original,,40,1,41,0.06560111045837402,0.00019049644470214844,0.06579160690307617
gated_cost_merged_seed45,none,13.363636363636363,52.72727272727273,2698.233573079863,355,rolled,3320.0449333217057,0.23045127243453728,True,True,0.7377996913311202,2,744.8586400448665,300.0,21.71571625231154,11.474210772818275,355.0,rolled,1.0,False,original,,40,1,41,0.08426380157470703,0.00020456314086914062,0.08446836471557617
gated_cost_merged_seed45,none,13.363636363636363,63.63636363636363,3099.504449257762,355,rolled,4127.838436011196,0.33177367659520174,True,True,0.8704569029955787,3,750.0,300.0,24.895269233010815,10.149572012599334,355.0,rolled,1.0,False,original,,40,1,41,0.07246136665344238,0.0001957416534423828,0.07265710830688477
gated_cost_merged_seed45,none,13.363636363636363,74.54545454545453,3409.0278837627866,355,rolled,4702.392340219065,0.3793939212455781,True,True,0.8408189905583836,3,750.0,300.0,30.93116992449596,9.523659842158391,355.0,rolled,1.0,False,original,,40,1,41,0.06520533561706543,0.00017833709716796875,0.0653836727142334
gated_cost_merged_seed45,none,13.363636363636363,85.45454545454545,3859.8972334468967,355,rolled,3941.4364595653396,0.02112471425712757,True,True,0.9798375625023051,1,750.0,300.0,26.31215834626062,13.243143632118922,355.0,rolled,1.0,False,original,,40,1,41,0.07226157188415527,0.00023484230041503906,0.07249641418457031
gated_cost_merged_seed45,none,13.363636363636363,96.36363636363636,4319.916451720051,355,rolled,5112.797850313332,0.1835409104445947,True,True,0.9708911571610218,3,750.0,300.0,35.0,9.27057158280297,355.0,rolled,1.0,False,original,,40,1,41,0.07233309745788574,0.0001971721649169922,0.07253026962280273
gated_cost_merged_seed45,none,13.363636363636363,107.27272727272728,4782.366988912803,355,rolled,5326.79793734137,0.11384131533417403,True,True,0.9719952536173823,2,750.0,300.0,35.0,10.951203126261166,355.0,rolled,1.0,False,original,,40,1,41,0.0607295036315918,0.00017261505126953125,0.06090211868286133
gated_cost_merged_seed45,none,13.363636363636363,118.18181818181816,5228.730538579276,355,rolled,7104.868792046043,0.35881333712342,True,True,0.9457762188384692,1,750.0,300.0,30.65255542528046,15.114236466956232,500.0,rolled,0.0,False,original,,40,1,41,0.06688618659973145,0.00018644332885742188,0.06707262992858887
gated_cost_merged_seed45,none,13.363636363636363,129.0909090909091,6054.672912989209,460,rolled,10475.93700930447,0.730223442265599,True,True,0.8319248508186357,1,750.0,300.0,35.0,19.6014845756379,550.0,rolled,0.0,False,original,,40,1,41,0.06331562995910645,0.0001671314239501953,0.06348276138305664
gated_cost_merged_seed45,none,13.363636363636363,140.0,6583.558144781793,460,rolled,11955.582659872716,0.8159758593988957,True,True,0.8391313263109111,2,750.0,300.0,35.0,15.910374469229188,690.0,rolled,0.0,False,original,,40,1,41,0.06229043006896973,0.00017023086547851562,0.06246066093444824
gated_cost_merged_seed45,none,14.181818181818182,20.0,1796.9028968466985,355,rolled,2539.0011750309045,0.4129874126679187,True,True,0.5297353193161429,2,538.1196766060481,300.0,17.80977500251125,8.961934633143928,355.0,rolled,1.0,False,original,,40,1,41,0.10984659194946289,0.00021648406982421875,0.11006307601928711
gated_cost_merged_seed45,none,14.181818181818182,30.909090909090907,2224.07150895444,355,rolled,2977.241485590193,0.33864467648786445,True,True,0.6695140537382667,2,635.5365898238404,300.0,19.813417861495495,9.939260354902355,355.0,rolled,1.0,False,original,,40,1,41,0.08347797393798828,0.0002110004425048828,0.08368897438049316
gated_cost_merged_seed45,none,14.181818181818182,41.81818181818181,2615.0382292659383,355,rolled,3512.7514096339783,0.34328874060859715,True,True,0.6967776513520307,2,732.2119118383919,300.0,21.854973068293333,11.47649050619637,355.0,rolled,1.0,False,original,,40,1,41,0.0783686637878418,0.000408172607421875,0.07877683639526367
gated_cost_merged_seed45,none,14.181818181818182,52.72727272727273,3202.0654799770145,355,rolled,4389.316414119502,0.37077659453454087,True,True,0.8242732176811773,3,750.0,300.0,25.527012928639433,9.688628811936443,355.0,rolled,1.0,False,original,,40,1,41,0.12085270881652832,0.00023221969604492188,0.12108492851257324
gated_cost_merged_seed45,none,14.181818181818182,63.63636363636363,3623.765744949169,355,rolled,4616.050254918019,0.2738268916394233,True,True,0.8175772507537373,1,750.0,300.0,26.319814639741473,16.953961048348766,355.0,rolled,1.0,False,original,,40,1,41,0.09894132614135742,0.00021409988403320312,0.09915542602539062
gated_cost_merged_seed45,none,14.181818181818182,74.54545454545453,4194.266016339479,355,rolled,5316.435334634347,0.2675484373006541,True,True,0.9168133588536781,1,727.9908416629249,300.0,29.998621749507286,13.105418298283888,355.0,rolled,1.0,False,original,,40,1,41,0.07357192039489746,0.00023651123046875,0.07380843162536621
gated_cost_merged_seed45,none,14.181818181818182,85.45454545454545,4739.8598837186255,355,rolled,5499.47730128009,0.160261576543801,True,True,0.9913143983537673,3,750.0,300.0,35.0,9.81561363423532,355.0,rolled,1.0,False,original,,40,1,41,0.07929801940917969,0.0002067089080810547,0.07950472831726074
gated_cost_merged_seed45,none,14.181818181818182,96.36363636363636,5290.364352494784,355,rolled,6151.6432005223,0.16280142361487096,True,True,0.9790506312996662,1,750.0,300.0,35.0,14.641858841721655,355.0,rolled,1.0,False,original,,40,1,41,0.08061432838439941,0.0002124309539794922,0.0808267593383789
gated_cost_merged_seed45,none,14.181818181818182,107.27272727272728,6179.874379812138,355,rolled,8167.1416459298,0.3215708190783763,True,True,0.889701768780664,1,750.0,300.0,35.0,14.995157977730054,500.0,rolled,0.0,False,original,,40,1,41,0.07021903991699219,0.00016546249389648438,0.07038450241088867
gated_cost_merged_seed45,none,14.181818181818182,118.18181818181816,6852.162427149681,460,rolled,12643.073431904273,0.8451216774736406,True,True,0.8469336728789081,2,750.0,300.0,35.0,15.763147155409722,690.0,rolled,0.0,False,original,,40,1,41,0.0671238899230957,0.0002205371856689453,0.06734442710876465
gated_cost_merged_seed45,none,14.181818181818182,129.0909090909091,9553.512737278232,500,rolled,13576.814681389178,0.42113325797032153,True,True,0.9045889033774681,1,750.0,300.0,35.0,18.833799431052533,690.0,rolled,0.0,False,original,,38,1,39,0.0771484375,0.0002048015594482422,0.07735323905944824
gated_cost_merged_seed45,none,14.181818181818182,140.0,12744.824501296387,690,rolled,15432.073285496006,0.210850199147605,True,True,0.9368838532422804,1,744.3432537934904,300.0,35.0,25.0,690.0,rolled,1.0,False,original,,8,1,9,0.016446590423583984,0.00019025802612304688,0.01663684844970703
gated_cost_merged_seed45,none,15.0,20.0,2057.2483346770277,355,rolled,2848.308164942843,0.38452325707679125,True,True,0.5321835100180407,2,592.1061768771918,300.0,18.343065984575933,9.190076382515672,355.0,rolled,1.0,False,original,,40,1,41,0.08541631698608398,0.00019097328186035156,0.08560729026794434
gated_cost_merged_seed45,none,15.0,30.909090909090907,2565.283454586496,355,rolled,3856.2117204894703,0.5032302623692171,True,True,0.7338746571289145,3,722.4054126970855,300.0,20.04690690914176,9.260747314846672,355.0,rolled,1.0,False,original,,40,1,41,0.11135506629943848,0.00021195411682128906,0.11156702041625977
gated_cost_merged_seed45,none,15.0,41.81818181818181,3234.6725939942403,355,rolled,3938.149646516471,0.21748014121378595,True,True,0.8115803161887999,1,717.6630368860363,286.28456723258347,23.995503676762212,12.745511530232331,355.0,rolled,1.0,False,original,,40,1,41,0.09959912300109863,0.00019240379333496094,0.0997915267944336
gated_cost_merged_seed45,none,15.0,52.72727272727273,3765.638206814382,355,rolled,5414.217344158281,0.4377954138983914,True,True,0.7513321906321611,3,750.0,300.0,32.930403336569796,8.77190766568004,355.0,rolled,1.0,False,original,,40,1,41,0.11439657211303711,0.0002872943878173828,0.11468386650085449
gated_cost_merged_seed45,none,15.0,63.63636363636363,4414.262908667717,355,rolled,5769.77303090081,0.3070750769220051,True,True,0.9064977497415715,1,660.7165981404962,300.0,33.381874931989216,12.495882509155074,355.0,rolled,1.0,False,original,,40,1,41,0.0742788314819336,0.00018215179443359375,0.07446098327636719
gated_cost_merged_seed45,none,15.0,74.54545454545453,5073.1569950190815,355,rolled,6408.685012989109,0.2632538317424975,True,True,0.8805502942697372,1,750.0,300.0,35.0,13.957159075368644,355.0,rolled,1.0,False,original,,40,1,41,0.07766890525817871,0.00022912025451660156,0.07789802551269531
gated_cost_merged_seed45,none,15.0,85.45454545454545,5700.335679671592,355,rolled,6548.465411950332,0.14878592769603402,True,True,1.0004451750083159,1,750.0,300.0,35.0,14.935157661068512,355.0,rolled,1.0,False,original,,40,1,41,0.07676386833190918,0.00020051002502441406,0.0769643783569336
gated_cost_merged_seed45,none,15.0,96.36363636363636,6971.155593281798,460,rolled,12847.006737846074,0.8428805046650969,True,True,0.8295582540656197,1,750.0,300.0,35.0,18.976813918694393,620.0,rolled,0.0,False,original,,40,1,41,0.09409666061401367,0.0001888275146484375,0.09428548812866211
gated_cost_merged_seed45,none,15.0,107.27272727272728,8192.251861307222,460,rolled,13614.37273683948,0.661859640954332,True,True,0.9064117773849233,1,750.0,300.0,35.0,16.519052533771106,690.0,rolled,0.0,False,original,,39,1,40,0.07974767684936523,0.0001690387725830078,0.07991671562194824
gated_cost_merged_seed45,none,15.0,118.18181818181816,13414.02255742561,620,rolled,15770.31391510925,0.17565881879177744,True,True,0.980870720797003,1,750.0,300.0,33.45477723506445,24.43488948643886,690.0,rolled,0.0,False,original,,6,1,7,0.011075496673583984,0.00017452239990234375,0.011250019073486328
gated_cost_merged_seed45,scale,6.0,20.0,241.3288087904857,355,rolled,253.8913298437281,0.05205562119253151,True,True,1.0009942689162363,1,294.3432228157031,120.0,8.0,6.0,355.0,rolled,1.0,True,scale,0.868804931640625,40,18,58,0.04880952835083008,0.0012238025665283203,0.0500333309173584
gated_cost_merged_seed45,scale,6.0,30.909090909090907,292.67799548197263,355,rolled,301.74506794101757,0.03097968620467547,True,True,1.0009818065068887,2,366.2671155842612,133.41680709315082,8.119475444271158,6.0,355.0,rolled,1.0,True,scale,0.938018798828125,40,18,58,0.044783592224121094,0.0012264251708984375,0.04601001739501953
gated_cost_merged_seed45,scale,6.0,41.81818181818181,342.2853688824266,355,rolled,371.69560915810706,0.0859231592974771,True,True,1.0009866242124181,2,394.1300059943995,125.47948854650774,11.724275850613658,6.24125166679413,355.0,rolled,1.0,True,scale,0.9570960998535156,40,18,58,0.06729316711425781,0.0014357566833496094,0.06872892379760742
gated_cost_merged_seed45,scale,6.0,52.72727272727273,386.25765574493386,355,rolled,408.22617365178894,0.056875294457236714,True,True,1.0009962431305552,2,408.38725486222154,139.7896427748057,12.024005039640743,6.272357469194129,355.0,rolled,1.0,True,scale,0.9496803283691406,40,18,58,0.04381990432739258,0.0012655258178710938,0.04508543014526367
gated_cost_merged_seed45,scale,6.0,63.63636363636363,431.68145507497405,355,rolled,468.9224829928355,0.08626969604564891,True,True,1.0009915403928833,1,455.6932122193275,149.4836205502554,10.783441029594309,7.847334807019411,355.0,rolled,1.0,True,scale,0.9446907043457031,40,18,58,0.09941864013671875,0.006106853485107422,0.10552549362182617
gated_cost_merged_seed45,scale,6.0,74.54545454545453,466.9500019446189,355,rolled,504.24085629539024,0.07986048655203579,True,True,1.000969889239513,2,505.0252966302593,158.36230028892962,9.901720833561793,8.23111831353513,355.0,rolled,1.0,True,scale,0.9326972961425781,40,18,58,0.04639124870300293,0.0012564659118652344,0.047647714614868164
gated_cost_merged_seed45,scale,6.0,85.45454545454545,518.2473353887603,355,rolled,542.031429887228,0.04589332713235495,True,True,1.0009711464625206,2,533.2292256794467,161.53446168757185,10.382141338124391,8.410826859493122,355.0,rolled,1.0,True,scale,0.9317703247070312,40,18,58,0.05280637741088867,0.001209259033203125,0.0540156364440918
gated_cost_merged_seed45,scale,6.0,96.36363636363636,549.7256874002802,355,rolled,585.1852292151792,0.06450406562333208,True,True,1.0009968388376866,2,567.5272445302039,165.93778163099333,10.171590231996735,8.952928357736036,355.0,rolled,1.0,True,scale,0.9277420043945312,40,18,58,0.04625105857849121,0.0013840198516845703,0.04763507843017578
gated_cost_merged_seed45,scale,6.0,107.27272727272728,586.6560772595034,355,rolled,629.398994279067,0.07285856002588816,True,True,1.0009623781261447,2,590.4113761166866,166.5436124978692,10.743408553977197,9.353258934971162,355.0,rolled,1.0,True,scale,0.9197425842285156,40,18,58,0.04875445365905762,0.0013985633850097656,0.05015301704406738
gated_cost_merged_seed45,scale,6.0,118.18181818181816,628.4217050081675,355,rolled,656.689892072186,0.04498283053996544,True,True,1.0009600187210617,2,535.7312650421487,162.87167392999962,15.76357810123876,8.23239485087547,355.0,rolled,1.0,True,scale,0.923187255859375,40,18,58,0.04686141014099121,0.001196146011352539,0.04805755615234375
gated_cost_merged_seed45,scale,6.0,129.0909090909091,657.4964976148059,355,rolled,717.843851489269,0.091783536632339,True,True,1.0009691229463538,2,631.1709759303732,168.11408066690117,11.681572881295377,10.23800546048581,355.0,rolled,1.0,True,scale,0.9134483337402344,40,18,58,0.04332733154296875,0.0011916160583496094,0.04451894760131836
gated_cost_merged_seed45,scale,6.0,140.0,697.879425726456,355,rolled,734.3319682355517,0.05223329584641428,True,True,1.000984236204959,2,632.751931087441,173.38411508725724,12.48365438912164,9.961790738062037,355.0,rolled,1.0,True,scale,0.9023017883300781,40,18,58,0.050332069396972656,0.0015680789947509766,0.05190014839172363
gated_cost_merged_seed45,scale,6.818181818181818,20.0,317.0885192434045,355,rolled,334.7597813239026,0.05572974424511791,True,True,1.000954760821887,2,330.3252352677696,133.71050185038453,8.548917905971537,6.0,355.0,rolled,1.0,True,scale,0.9246063232421875,40,18,58,0.04782557487487793,0.001270294189453125,0.049095869064331055
gated_cost_merged_seed45,scale,6.818181818181818,30.909090909090907,392.6423822212096,355,rolled,415.1765924074983,0.057391181407393826,True,True,1.0009818674841666,2,388.4961185304658,148.15670532985175,9.177064195050052,6.610679027540662,355.0,rolled,1.0,True,scale,0.934173583984375,40,18,58,0.053414344787597656,0.0015070438385009766,0.05492138862609863
gated_cost_merged_seed45,scale,6.818181818181818,41.81818181818181,455.0251859822217,355,rolled,492.4113653710804,0.08216287920009642,True,True,1.0009742830445065,2,429.6770334024034,158.04908305520243,9.867402852039788,7.338025409488137,355.0,rolled,1.0,True,scale,0.9443931579589844,40,18,58,0.05187273025512695,0.0012443065643310547,0.05311703681945801
gated_cost_merged_seed45,scale,6.818181818181818,52.72727272727273,519.9507333014534,355,rolled,562.99599064709,0.08278718460943135,True,True,1.0009641588049536,1,453.5074534783948,162.72322093233223,11.365789414705347,7.675885071287888,355.0,rolled,1.0,True,scale,0.9496345520019531,40,18,58,0.05483508110046387,0.0012290477752685547,0.05606412887573242
gated_cost_merged_seed45,scale,6.818181818181818,63.63636363636363,570.1996303697795,355,rolled,630.2293269160585,0.10527838558462285,True,True,1.0009937230525752,2,504.435453519092,171.6637696275738,10.708724763709837,8.624001375999264,355.0,rolled,1.0,True,scale,0.9467849731445312,40,18,58,0.04794454574584961,0.0012180805206298828,0.04916262626647949
gated_cost_merged_seed45,scale,6.818181818181818,74.54545454545453,645.0378754655677,355,rolled,679.5643648501195,0.05352629775365008,True,True,1.0009716239600566,2,541.1006231341099,177.1812911654197,11.027598476112699,8.76276225331777,355.0,rolled,1.0,True,scale,0.9362564086914062,40,18,58,0.04750800132751465,0.0012068748474121094,0.04871487617492676
gated_cost_merged_seed45,scale,6.818181818181818,85.45454545454545,698.212152166206,355,rolled,731.0360335698186,0.04701132929551055,True,True,1.0009948410912324,2,563.2493165211896,179.1043780397789,12.105048485221642,8.831239151326173,355.0,rolled,1.0,True,scale,0.9318618774414062,40,18,58,0.0504457950592041,0.0013048648834228516,0.05175065994262695
gated_cost_merged_seed45,scale,6.818181818181818,96.36363636363636,733.8166260116295,355,rolled,777.8229028209194,0.059969037562515544,True,True,1.000986563471989,2,568.9429581511432,184.90749162019839,13.167224545126587,8.863233461566601,355.0,rolled,1.0,True,scale,0.9213790893554688,40,18,58,0.08239102363586426,0.0016720294952392578,0.08406305313110352
gated_cost_merged_seed45,scale,6.818181818181818,107.27272727272728,798.4291807439346,355,rolled,840.0035205148522,0.05207016573740557,True,True,1.0009743108009423,2,618.1110235653855,187.7468510285468,12.437233236264463,9.747096001652901,355.0,rolled,1.0,True,scale,0.9198684692382812,40,18,58,0.07005715370178223,0.0012497901916503906,0.07130694389343262
gated_cost_merged_seed45,scale,6.818181818181818,118.18181818181816,860.6462645405438,355,rolled,890.6828549835582,0.03490004160890582,True,True,1.000963017221155,1,548.3805473060245,196.91450612109867,16.343423258866416,9.010274094174491,355.0,rolled,1.0,True,scale,0.9440498352050781,40,18,58,0.04586076736450195,0.0015707015991210938,0.04743146896362305
gated_cost_merged_seed45,scale,6.818181818181818,129.0909090909091,896.311601431932,355,rolled,928.7352283344275,0.03617450320925897,True,True,1.0009672830997027,2,638.490835257271,196.9558911096266,13.772641238408271,10.03583409154318,355.0,rolled,1.0,True,scale,0.90863037109375,40,18,58,0.05060887336730957,0.0012462139129638672,0.05185508728027344
gated_cost_merged_seed45,scale,6.818181818181818,140.0,931.1411275891702,355,rolled,983.8174696006616,0.05657181328449797,True,True,1.00096616335007,2,685.4038238525391,203.06578673159873,12.38720075724429,10.915539770614593,355.0,rolled,1.0,True,scale,0.9138717651367188,40,18,58,0.04657745361328125,0.0012314319610595703,0.04780888557434082
gated_cost_merged_seed45,scale,7.636363636363637,20.0,409.6201332461394,355,rolled,430.3190662955464,0.05053202069286248,True,True,1.000998504155326,2,354.2207366784194,147.20729684095966,9.403084393785836,6.0,355.0,rolled,1.0,True,scale,0.918975830078125,40,18,58,0.0516359806060791,0.001291036605834961,0.05292701721191406
gated_cost_merged_seed45,scale,7.636363636363637,30.909090909090907,501.774525145321,355,rolled,548.6450960751503,0.09340962639794219,True,True,1.0009816581139928,2,410.6247957816393,163.5403620429182,10.067536979694333,7.177169040907932,355.0,rolled,1.0,True,scale,0.939208984375,40,18,58,0.04842019081115723,0.0013065338134765625,0.04972672462463379
gated_cost_merged_seed45,scale,7.636363636363637,41.81818181818181,593.9298338756057,355,rolled,624.3681436458292,0.05124899951834803,True,True,1.0009808266131053,2,437.7996152253331,174.63961176962118,11.798615869518182,6.798097328383635,355.0,rolled,1.0,True,scale,0.9353866577148438,40,18,58,0.05235028266906738,0.001271963119506836,0.05362224578857422
gated_cost_merged_seed45,scale,7.636363636363637,52.72727272727273,675.9362632758116,355,rolled,769.2039020700963,0.1379828896030504,True,True,1.0009647344067263,2,514.6554997296254,158.03584207480708,14.503184458272818,8.157936871891991,355.0,rolled,1.0,True,scale,0.9830398559570312,40,18,58,0.046831369400024414,0.0017066001892089844,0.0485379695892334
gated_cost_merged_seed45,scale,7.636363636363637,63.63636363636363,779.5020738899598,355,rolled,792.9303754854699,0.01722676827336542,True,True,1.0009844957397525,2,524.2858454245317,191.6858002781071,12.315041639529401,8.182248123304596,355.0,rolled,1.0,True,scale,0.9356498718261719,40,18,58,0.05604076385498047,0.001272439956665039,0.05731320381164551
gated_cost_merged_seed45,scale,7.636363636363637,74.54545454545453,846.6406079690952,355,rolled,899.0993853112326,0.06196109287502107,True,True,1.000976131554707,2,565.1446592019616,195.92298620505807,12.31608267345805,9.552206135629568,355.0,rolled,1.0,True,scale,0.9420242309570312,40,18,58,0.06145119667053223,0.0020437240600585938,0.06349492073059082
gated_cost_merged_seed45,scale,7.636363636363637,85.45454545454545,921.2774310054268,355,rolled,963.5982016116596,0.04593705346721289,True,True,1.0009620639912167,2,602.3210729986575,201.18053058974888,12.549943902472581,9.798799094403009,355.0,rolled,1.0,True,scale,0.9341278076171875,40,18,58,0.07221865653991699,0.0011985301971435547,0.07341718673706055
gated_cost_merged_seed45,scale,7.636363636363637,96.36363636363636,990.3158107657674,355,rolled,1065.0878117060643,0.07550318810166118,True,True,1.0009834709445207,1,598.730314526875,187.55548145158468,16.87106808047682,9.743073651633216,355.0,rolled,1.0,True,scale,0.9619827270507812,40,18,58,0.054575443267822266,0.0013203620910644531,0.05589580535888672
gated_cost_merged_seed45,scale,7.636363636363637,107.27272727272728,1055.0870687226268,355,rolled,1073.4224829897344,0.01737810538167803,True,True,1.000975296138609,2,625.4841846773828,215.35176755612815,14.16509769336162,9.75441109747577,355.0,rolled,1.0,True,scale,0.9180259704589844,40,18,58,0.043833255767822266,0.0013234615325927734,0.04515671730041504
gated_cost_merged_seed45,scale,7.636363636363637,118.18181818181816,1088.4839809208006,355,rolled,1167.7214396791999,0.07279616434168239,True,True,1.000960917564103,2,686.5917917124244,214.9383196579484,13.186251597758606,11.06458664838387,355.0,rolled,1.0,True,scale,0.9294815063476562,40,18,58,0.05543208122253418,0.001239776611328125,0.056671857833862305
gated_cost_merged_seed45,scale,7.636363636363637,129.0909090909091,1173.7978050697595,355,rolled,1203.8759473631414,0.025624636682289887,True,True,1.0009628754182172,2,690.2790069580078,224.66465718302157,13.754080413467177,10.85606611639669,355.0,rolled,1.0,True,scale,0.9203720092773438,40,18,58,0.043976545333862305,0.0012133121490478516,0.045189857482910156
gated_cost_merged_seed45,scale,7.636363636363637,140.0,1251.7374258469372,355,rolled,1258.4761539407473,0.005383499729786069,True,True,1.0009895690202204,2,685.72998046875,234.09115790443062,14.477619987341296,10.968211651570204,355.0,rolled,1.0,True,scale,0.914306640625,40,18,58,0.04438138008117676,0.0014529228210449219,0.04583430290222168
gated_cost_merged_seed45,scale,8.454545454545455,20.0,516.1523336674153,355,rolled,553.9984032028578,0.07332344942923151,True,True,1.000971573216245,2,373.6449022794633,161.94345163861243,9.994318217152767,6.566578091655383,355.0,rolled,1.0,True,scale,0.9122467041015625,40,18,58,0.04980945587158203,0.0020666122436523438,0.051876068115234375
gated_cost_merged_seed45,scale,8.454545454545455,30.909090909090907,633.218032838701,355,rolled,694.9950209372952,0.0975603739862705,True,True,1.00098706569931,2,430.4635829042487,179.4599832443509,10.977662393368028,7.42734195842238,355.0,rolled,1.0,True,scale,0.9369087219238281,40,18,58,0.06692719459533691,0.0012247562408447266,0.06815195083618164
gated_cost_merged_seed45,scale,8.454545454545455,41.81818181818181,757.3789000305048,355,rolled,822.4099792363508,0.08586333630792549,True,True,1.000970569030094,2,479.69120884728096,189.97104320817414,11.913456829522188,8.17438543131338,355.0,rolled,1.0,True,scale,0.9469223022460938,40,18,58,0.04739236831665039,0.0012063980102539062,0.0485987663269043
gated_cost_merged_seed45,scale,8.454545454545455,52.72727272727273,897.7427828478864,355,rolled,925.6251367924742,0.031058288050099817,True,True,1.0009759919996857,2,521.4946120359243,200.48361328368134,12.529615286573213,8.59049735510964,355.0,rolled,1.0,True,scale,0.9467277526855469,40,18,58,0.044695377349853516,0.0012023448944091797,0.045897722244262695
gated_cost_merged_seed45,scale,8.454545454545455,63.63636363636363,969.5859503873623,355,rolled,1031.386413240292,0.06373902471280617,True,True,1.0009843869089399,2,548.6132737629415,209.95234607350096,13.279368714954286,9.144314112735398,355.0,rolled,1.0,True,scale,0.9403762817382812,40,18,58,0.0449979305267334,0.0012125968933105469,0.046210527420043945
gated_cost_merged_seed45,scale,8.454545454545455,74.54545454545453,1093.1775012217977,355,rolled,1159.530214995413,0.06069710884047256,True,True,1.0009865273568532,1,565.286026506976,196.28934044533554,17.456167889495305,9.017973307313323,355.0,rolled,1.0,True,scale,0.9606208801269531,40,18,58,0.0510706901550293,0.0013263225555419922,0.05239701271057129
gated_cost_merged_seed45,scale,8.454545454545455,85.45454545454545,1181.2789978646645,355,rolled,1235.6385996099975,0.04601758081164233,True,True,1.0009697716273338,2,623.7964400574147,219.91532991167765,14.03766808044179,10.4501272538347,355.0,rolled,1.0,True,scale,0.9368972778320312,40,18,58,0.050071001052856445,0.001210927963256836,0.05128192901611328
gated_cost_merged_seed45,scale,8.454545454545455,96.36363636363636,1257.923897819336,355,rolled,1321.4309389895552,0.05048559875546638,True,True,1.0009602199424188,2,650.569647006773,225.86725498205425,14.473198609078421,10.814324888706174,355.0,rolled,1.0,True,scale,0.9342079162597656,40,18,58,0.04444742202758789,0.0013077259063720703,0.04575514793395996
gated_cost_merged_seed45,scale,8.454545454545455,107.27272727272728,1352.4875507253705,355,rolled,1397.2210986868217,0.03307501642988106,True,True,1.0009577939687784,2,674.8368970004825,233.97003586900175,14.61347983724991,11.12559687343456,355.0,rolled,1.0,True,scale,0.9303398132324219,40,18,58,0.046222686767578125,0.0012400150299072266,0.04746270179748535
gated_cost_merged_seed45,scale,8.454545454545455,118.18181818181816,1418.3994702060834,355,rolled,1469.8527653552403,0.036275602346129705,True,True,1.0009747348706917,2,696.9480514526367,240.81316407729813,14.879248456342534,11.366552739863657,355.0,rolled,1.0,True,scale,0.9292640686035156,40,18,58,0.05623817443847656,0.0012738704681396484,0.05751204490661621
gated_cost_merged_seed45,scale,8.454545454545455,129.0909090909091,1503.943042662674,355,rolled,1514.5926987987418,0.007081156555778151,True,True,1.0009627191116115,2,689.7211074829102,255.29383675411438,15.689405513699903,10.918375664572308,355.0,rolled,1.0,True,scale,0.9196281433105469,40,18,58,0.04675912857055664,0.0012488365173339844,0.048007965087890625
gated_cost_merged_seed45,scale,8.454545454545455,140.0,1589.050557323039,355,rolled,1611.217705047197,0.013949932317761753,True,True,1.0009969201849633,2,695.61767578125,263.53491306634965,16.064964704625986,11.607016881581984,355.0,rolled,1.0,True,scale,0.927490234375,40,18,58,0.04646921157836914,0.0011973381042480469,0.04766654968261719
gated_cost_merged_seed45,scale,9.272727272727272,20.0,633.3700898588271,355,rolled,686.4355955936787,0.08378277816478433,True,True,1.0009594005948361,2,388.7242941072381,176.2706193791974,10.81444342975244,6.723068292536064,355.0,rolled,1.0,True,scale,0.9101295471191406,40,18,58,0.05091071128845215,0.001207113265991211,0.05211782455444336
gated_cost_merged_seed45,scale,9.272727272727272,30.909090909090907,801.8071464602682,355,rolled,864.5467619372749,0.07824776288660289,True,True,1.0009671155646864,2,447.24328493153615,195.10763795424023,11.936087821880971,7.682455447945479,355.0,rolled,1.0,True,scale,0.9345512390136719,40,18,58,0.04993176460266113,0.0014617443084716797,0.05139350891113281
gated_cost_merged_seed45,scale,9.272727272727272,41.81818181818181,962.5021253931346,355,rolled,1004.775001534863,0.04391977433240679,True,True,1.0009576776789302,2,498.2880524479343,208.5152700330585,12.875646782755613,8.091760548145617,355.0,rolled,1.0,True,scale,0.9398727416992188,40,18,58,0.04427289962768555,0.0012099742889404297,0.04548287391662598
gated_cost_merged_seed45,scale,9.272727272727272,52.72727272727273,1070.6846994207378,355,rolled,1141.4222347674684,0.06606756908453157,True,True,1.0009996737928848,2,539.2708674263524,219.16444530143826,13.699840236799002,8.670952560789093,355.0,rolled,1.0,True,scale,0.9387626647949219,40,18,58,0.0493776798248291,0.0011875629425048828,0.050565242767333984
gated_cost_merged_seed45,scale,9.272727272727272,63.63636363636363,1216.7126656588257,355,rolled,1275.5635382520916,0.0483687515173513,True,True,1.000962127859837,2,575.7863682223505,226.29590977372283,14.582793420963009,9.276485674392788,355.0,rolled,1.0,True,scale,0.9370803833007812,40,18,58,0.04380440711975098,0.0012145042419433594,0.045018911361694336
gated_cost_merged_seed45,scale,9.272727272727272,74.54545454545453,1356.4151141978043,355,rolled,1402.64619691521,0.0340832848539492,True,True,1.0009986029720965,2,610.3303848861286,236.62379125185967,14.72212551562162,10.09889101315601,355.0,rolled,1.0,True,scale,0.9341621398925781,40,18,58,0.04792332649230957,0.0012264251708984375,0.04914975166320801
gated_cost_merged_seed45,scale,9.272727272727272,85.45454545454545,1422.5235716023028,355,rolled,1519.7521588395405,0.06834936810763795,True,True,1.000974188242876,2,627.0767191557094,246.27457061984208,15.490840051283628,10.526807104567334,355.0,rolled,1.0,True,scale,0.9317474365234375,40,18,58,0.04487180709838867,0.001329660415649414,0.046201467514038086
gated_cost_merged_seed45,scale,9.272727272727272,96.36363636363636,1530.0841209322955,355,rolled,1612.1264067078607,0.05361946095197436,True,True,1.000974359861049,2,690.7553653855682,247.90730241677852,15.18268552772152,10.936505372289089,355.0,rolled,1.0,True,scale,0.9322395324707031,40,18,58,0.06726837158203125,0.0020737648010253906,0.06934213638305664
gated_cost_merged_seed45,scale,9.272727272727272,107.27272727272728,1647.0835657255905,355,rolled,1707.0672147809605,0.03641809699494235,True,True,1.000991380301521,2,700.6816864013672,259.0330568667605,15.714920808156734,11.172848150297751,355.0,rolled,1.0,True,scale,0.9342422485351562,40,18,58,0.053774356842041016,0.0012030601501464844,0.0549774169921875
gated_cost_merged_seed45,scale,9.272727272727272,118.18181818181816,1794.0191544704012,355,rolled,1808.873482390794,0.008279916010583381,True,True,1.000981933405099,2,698.664665222168,272.4356948615847,16.363143993351038,11.464251386650824,355.0,rolled,1.0,True,scale,0.9315528869628906,40,18,58,0.04562211036682129,0.0014653205871582031,0.04708743095397949
gated_cost_merged_seed45,scale,9.272727272727272,129.0909090909091,1876.6125693849333,355,rolled,1876.3932522362231,-0.00011686863462821355,True,True,1.0009619530258662,2,701.8232345581055,280.7292938232422,17.658839649735075,10.882668727899983,355.0,rolled,1.0,True,scale,0.9357643127441406,40,18,58,0.04819655418395996,0.0014619827270507812,0.04965853691101074
gated_cost_merged_seed45,scale,9.272727272727272,140.0,1975.8458780810136,355,rolled,2017.490150214454,0.021076680420988224,True,True,1.0009926620562943,1,702.484130859375,280.99365234375,19.280046205561764,11.483078227616383,355.0,rolled,1.0,True,scale,0.9366455078125,40,18,58,0.04539656639099121,0.001298666000366211,0.04669523239135742
gated_cost_merged_seed45,scale,10.09090909090909,20.0,771.2799576046779,355,rolled,840.107471795561,0.08923804321927017,True,True,1.0009881489961403,2,402.1987769915351,191.28227624235956,11.508934156943115,7.016230838126064,355.0,rolled,1.0,True,scale,0.9070053100585938,40,18,58,0.04520297050476074,0.0012104511260986328,0.046413421630859375
gated_cost_merged_seed45,scale,10.09090909090909,30.909090909090907,964.7090665866748,355,rolled,1053.8090325101732,0.09235941592085492,True,True,1.000965156827436,2,462.8916440247659,211.23329442325766,12.826281795637513,7.870714125729672,355.0,rolled,1.0,True,scale,0.92547607421875,40,18,58,0.046509742736816406,0.0012493133544921875,0.047759056091308594
gated_cost_merged_seed45,scale,10.09090909090909,41.81818181818181,1147.2574547707825,355,rolled,1216.2744361064385,0.060158233052794045,True,True,1.0009853778477684,2,523.5099859650188,224.86192751307993,13.72409842090277,8.172283160493373,355.0,rolled,1.0,True,scale,0.934356689453125,40,18,58,0.04687905311584473,0.0012142658233642578,0.048093318939208984
gated_cost_merged_seed45,scale,10.09090909090909,52.72727272727273,1318.1429375417918,355,rolled,1383.9354382277297,0.0499130244620015,True,True,1.000993945141718,2,557.6070290670975,237.88415904754456,14.771443175541224,8.72595224526914,355.0,rolled,1.0,True,scale,0.934722900390625,40,18,58,0.05523395538330078,0.0012199878692626953,0.05645394325256348
gated_cost_merged_seed45,scale,10.09090909090909,63.63636363636363,1473.4968374975142,355,rolled,1544.137935357286,0.04794112621221765,True,True,1.0009585933153664,2,602.4531132380989,247.0390996272497,15.267305307606621,9.510675435306178,355.0,rolled,1.0,True,scale,0.9347457885742188,40,18,58,0.0502934455871582,0.001971721649169922,0.052265167236328125
gated_cost_merged_seed45,scale,10.09090909090909,74.54545454545453,1593.8205978972342,355,rolled,1684.3748236133797,0.05681582094974548,True,True,1.0009955690371528,2,626.764105499714,260.84324647125106,15.7476343065179,9.989282825646054,355.0,rolled,1.0,True,scale,0.9322052001953125,40,18,58,0.04999256134033203,0.001264810562133789,0.05125737190246582
gated_cost_merged_seed45,scale,10.09090909090909,85.45454545454545,1744.078619322344,355,rolled,1917.8206999538297,0.09961826187571333,True,True,1.000986569158516,1,670.0043768530337,246.51374567194472,18.08115088891939,11.374858701067357,355.0,rolled,1.0,True,scale,0.9633445739746094,40,18,58,0.04940509796142578,0.001394033432006836,0.05079913139343262
gated_cost_merged_seed45,scale,10.09090909090909,96.36363636363636,1930.113776773892,355,rolled,1944.710523301681,0.007562635272303437,True,True,1.0009640363600925,2,698.0037689208984,274.8684702119711,16.52903558614034,10.923940629995915,355.0,rolled,1.0,True,scale,0.9306716918945312,40,18,58,0.046276092529296875,0.0012180805206298828,0.04749417304992676
gated_cost_merged_seed45,scale,10.09090909090909,107.27272727272728,2067.605711285596,355,rolled,2096.218510079364,0.013838614701821999,True,True,1.0009861676096763,2,702.4927139282227,280.99708557128906,17.91787252681812,11.331967705450962,355.0,rolled,1.0,True,scale,0.9366569519042969,40,18,58,0.047978878021240234,0.0012984275817871094,0.049277305603027344
gated_cost_merged_seed45,scale,10.09090909090909,118.18181818181816,2170.353625378734,355,rolled,2213.406146419204,0.01983663884863809,True,True,1.00096582922388,2,708.1918716430664,283.27674865722656,19.91627890816826,10.961036037033665,355.0,rolled,1.0,True,scale,0.9442558288574219,40,18,58,0.04732632637023926,0.0012278556823730469,0.048554182052612305
gated_cost_merged_seed45,scale,10.09090909090909,129.0909090909091,2307.5736162550616,355,rolled,2364.0553859628453,0.0244766924486888,True,True,1.0009811545254046,2,709.4278335571289,283.77113342285156,22.07053358772059,11.048158538444813,355.0,rolled,1.0,True,scale,0.9459037780761719,40,18,58,0.04285407066345215,0.0011949539184570312,0.04404902458190918
gated_cost_merged_seed45,scale,10.09090909090909,140.0,2443.406284429296,355,rolled,2952.863152566282,0.2085027248163845,True,True,1.0009652615452678,2,706.1748504638672,282.4699401855469,25.054084935499933,10.257399193120452,355.0,rolled,1.0,True,scale,0.9415664672851562,40,18,58,0.04551362991333008,0.0012264251708984375,0.046740055084228516
gated_cost_merged_seed45,scale,10.90909090909091,20.0,939.0466900997784,355,rolled,1002.1046339121954,0.0671510207929243,True,True,1.000992387537183,2,417.773223058347,205.81584951450117,12.209855169755615,7.035611033394258,355.0,rolled,1.0,True,scale,0.8992919921875,40,18,58,0.04651498794555664,0.0012271404266357422,0.04774212837219238
gated_cost_merged_seed45,scale,10.90909090909091,30.909090909090907,1197.1649157491154,355,rolled,1245.3651459498824,0.04026198025574959,True,True,1.000962175735218,2,484.1343087103961,225.92523332644325,13.749826804590281,7.60440755732081,355.0,rolled,1.0,True,scale,0.9182319641113281,40,18,58,0.09235024452209473,0.0021753311157226562,0.09452557563781738
gated_cost_merged_seed45,scale,10.90909090909091,41.81818181818181,1403.509472950396,355,rolled,1462.314289756059,0.04189841104673565,True,True,1.0009786902056597,2,533.8399849000012,243.01829967619832,14.802016980328482,8.286220081387196,355.0,rolled,1.0,True,scale,0.9242172241210938,40,18,58,0.05409693717956543,0.0015549659729003906,0.05565190315246582
gated_cost_merged_seed45,scale,10.90909090909091,52.72727272727273,1588.7457907355176,355,rolled,1653.2383115778655,0.040593354341786,True,True,1.0009645671051173,2,564.8838900216188,260.922228169482,15.748068697647632,8.697838800631972,355.0,rolled,1.0,True,scale,0.9260139465332031,40,18,58,0.045507192611694336,0.001249074935913086,0.04675626754760742
gated_cost_merged_seed45,scale,10.90909090909091,63.63636363636363,1789.9941201560932,355,rolled,1843.5744584353477,0.029933248202280154,True,True,1.0009731546156877,2,603.5778263186073,274.5306197299419,16.21271049823655,9.517339149222508,355.0,rolled,1.0,True,scale,0.9254531860351562,40,18,58,0.047354698181152344,0.001371145248413086,0.04872584342956543
gated_cost_merged_seed45,scale,10.90909090909091,74.54545454545453,1942.2808212955651,355,rolled,2015.4893560086673,0.03769204427620804,True,True,1.0009613585479038,2,663.1921695559145,278.04107666015625,16.538137200858298,10.280735198374476,355.0,rolled,1.0,True,scale,0.9268035888671875,40,18,58,0.046439170837402344,0.0012111663818359375,0.04765033721923828
gated_cost_merged_seed45,scale,10.90909090909091,85.45454545454545,2177.190622234541,355,rolled,2199.6882539594862,0.010333331172377993,True,True,1.0009929895697731,2,699.7461318969727,279.89845275878906,17.660575856957585,10.867759758373746,355.0,rolled,1.0,True,scale,0.9329948425292969,40,18,58,0.04734301567077637,0.0012824535369873047,0.04862546920776367
gated_cost_merged_seed45,scale,10.90909090909091,96.36363636363636,2344.698716886334,355,rolled,2368.015064129734,0.009944282851983415,True,True,1.0009655828841661,2,712.9726409912109,285.1890563964844,19.246157957025464,11.028713442402278,355.0,rolled,1.0,True,scale,0.9506301879882812,40,18,58,0.04294276237487793,0.0012001991271972656,0.044142961502075195
gated_cost_merged_seed45,scale,10.90909090909091,107.27272727272728,2499.121791022924,355,rolled,2742.667591379146,0.097452553625462,True,True,1.0009839463583097,1,726.6622556194201,267.6760593208297,22.67082680650516,13.493007785505673,355.0,rolled,1.0,True,scale,0.9986495971679688,40,18,58,0.051203012466430664,0.002074003219604492,0.053277015686035156
gated_cost_merged_seed45,scale,10.90909090909091,118.18181818181816,2669.547168301596,355,rolled,3375.7186028326805,0.2645285473567269,True,True,1.000985270841115,3,728.0359268188477,291.21437072753906,26.653494786852754,9.722178033840231,355.0,rolled,1.0,True,scale,0.9707145690917969,40,18,58,0.04689931869506836,0.001234292984008789,0.04813361167907715
gated_cost_merged_seed45,scale,10.90909090909091,129.0909090909091,2855.841135487434,355,rolled,3147.478872977834,0.10211973413591978,True,True,1.0009871768322272,1,711.0157012939453,284.4062805175781,26.02872996376725,14.678805179056631,355.0,rolled,1.0,True,scale,0.9480209350585938,40,18,58,0.061409711837768555,0.0015208721160888672,0.06293058395385742
gated_cost_merged_seed45,scale,10.90909090909091,140.0,3091.557267278178,355,rolled,3865.2506758983754,0.25026009280473743,True,True,1.0009952606456571,3,725.6412506103516,290.2565002441406,32.73066195488119,9.520872431950437,355.0,rolled,1.0,True,scale,0.9675216674804688,40,18,58,0.04666709899902344,0.0012924671173095703,0.04795956611633301
gated_cost_merged_seed45,scale,11.727272727272728,20.0,1117.8784812198996,355,rolled,1180.3643018486407,0.05589679171617347,True,True,1.0009737886543353,2,436.48254051254645,217.637906636612,13.083855442722433,6.931870144122837,355.0,rolled,1.0,True,scale,0.8896675109863281,40,18,58,0.04506659507751465,0.0011868476867675781,0.04625344276428223
gated_cost_merged_seed45,scale,11.727272727272728,30.909090909090907,1399.1707585826318,355,rolled,1497.9716948862722,0.07061392306663576,True,True,1.0009731691871975,2,494.93331326176775,240.77238733374256,14.753383619179688,8.019843320708954,355.0,rolled,1.0,True,scale,0.8889923095703125,40,18,58,0.04447460174560547,0.001317739486694336,0.045792341232299805
gated_cost_merged_seed45,scale,11.727272727272728,41.81818181818181,1658.320920880548,355,rolled,1758.0727364903225,0.06015229884261934,True,True,1.00095847486498,2,539.4470826360783,262.2729725705705,15.785961953265407,8.738956820891401,355.0,rolled,1.0,True,scale,0.898468017578125,40,18,58,0.04541659355163574,0.0013306140899658203,0.04674720764160156
gated_cost_merged_seed45,scale,11.727272727272728,52.72727272727273,1896.895430152976,355,rolled,1990.414578737315,0.0493011618341013,True,True,1.0009749496782558,2,595.6335838946255,275.10223388671875,16.454045063237395,9.50116413387674,355.0,rolled,1.0,True,scale,0.9170074462890625,40,18,58,0.04618024826049805,0.0012145042419433594,0.047394752502441406
gated_cost_merged_seed45,scale,11.727272727272728,63.63636363636363,2122.483987052358,355,rolled,2227.629092645537,0.049538703818068235,True,True,1.0009662534792392,2,626.3683900701095,278.9131164550781,18.64745761705819,9.699505856176756,355.0,rolled,1.0,True,scale,0.9297103881835938,40,18,58,0.04294538497924805,0.001192331314086914,0.04413771629333496
gated_cost_merged_seed45,scale,11.727272727272728,74.54545454545453,2414.680044837911,355,rolled,2444.407254966785,0.012311034827336528,True,True,1.0009911101100715,2,703.0677795410156,281.22711181640625,18.527533981310437,10.905426360037497,355.0,rolled,1.0,True,scale,0.9374237060546875,40,18,58,0.04429340362548828,0.0012478828430175781,0.04554128646850586
gated_cost_merged_seed45,scale,11.727272727272728,85.45454545454545,2607.2244497923484,355,rolled,2693.528412187276,0.03310185373637518,True,True,1.0009628048904056,2,708.6210250854492,283.4484100341797,21.135492903018022,11.262344017491252,355.0,rolled,1.0,True,scale,0.9448280334472656,40,18,58,0.0445101261138916,0.0019016265869140625,0.046411752700805664
gated_cost_merged_seed45,scale,11.727272727272728,96.36363636363636,2824.34606849496,355,rolled,3565.309358665147,0.26234861883091837,True,True,1.0009771451244263,1,593.6025823701917,263.9795923726727,31.38242239169708,17.377363599786,355.0,rolled,1.0,True,scale,0.9948158264160156,40,18,58,0.05136370658874512,0.0012862682342529297,0.05264997482299805
gated_cost_merged_seed45,scale,11.727272727272728,107.27272727272728,3054.1802093068686,355,rolled,3463.204624227451,0.13392281623532898,True,True,1.0009740060896952,1,678.4720506039881,292.7593231201172,25.98630004965971,15.704817461768009,355.0,rolled,1.0,True,scale,0.9758644104003906,40,18,58,0.04282855987548828,0.0012929439544677734,0.044121503829956055
gated_cost_merged_seed45,scale,11.727272727272728,118.18181818181816,3357.8991517305085,355,rolled,4205.38964249396,0.2523871183941584,True,True,1.0009956859779086,1,749.150276184082,274.50960861264576,28.96678564026171,14.016599615091469,355.0,rolled,1.0,True,scale,0.9988670349121094,40,18,58,0.06357455253601074,0.0012433528900146484,0.06481790542602539
gated_cost_merged_seed45,scale,11.727272727272728,129.0909090909091,3650.466675336178,355,rolled,4418.747262013753,0.21046092322067914,True,True,1.0009681628799214,3,738.1467819213867,295.2587127685547,34.44684982299805,9.785160762279883,355.0,rolled,1.0,True,scale,0.9841957092285156,40,18,58,0.04372239112854004,0.0012235641479492188,0.04494595527648926
gated_cost_merged_seed45,scale,11.727272727272728,140.0,3950.7596541302537,355,rolled,4450.56676693571,0.12650911636270798,True,True,1.0009806181067846,2,732.3360443115234,292.9344177246094,34.175682067871094,10.634859973490691,355.0,rolled,1.0,True,scale,0.9764480590820312,40,18,58,0.04306387901306152,0.0013148784637451172,0.04437875747680664
gated_cost_merged_seed45,scale,12.545454545454549,20.0,1307.1994834284806,355,rolled,1334.1212986343644,0.020595032010932383,True,True,1.000965172679085,2,435.13058896553787,222.82216740571573,13.658403438815796,7.197992349840701,355.0,rolled,1.0,True,scale,0.8398513793945312,40,18,58,0.04407334327697754,0.001348257064819336,0.045421600341796875
gated_cost_merged_seed45,scale,12.545454545454549,30.909090909090907,1673.5520688887286,355,rolled,1659.7979253218052,-0.008218533395292818,True,True,1.000969364375416,2,481.67021080307904,252.68463383151257,15.346093508163829,7.6926856961936245,355.0,rolled,1.0,True,scale,0.8584709167480469,40,18,58,0.07562875747680664,0.0012059211730957031,0.07683467864990234
gated_cost_merged_seed45,scale,12.545454545454549,41.81818181818181,1957.4303873162305,355,rolled,2059.9039891903635,0.05235108361356914,True,True,1.0009691274528179,2,578.8004715508526,272.4723815917969,16.506587536622156,9.042507319718787,355.0,rolled,1.0,True,scale,0.9082412719726562,40,18,58,0.052854061126708984,0.0013735294342041016,0.054227590560913086
gated_cost_merged_seed45,scale,12.545454545454549,52.72727272727273,2222.5772160497027,355,rolled,2376.6222789726853,0.06930920636214144,True,True,1.000985911656683,2,647.7423810741108,276.0120391845703,17.85746235445525,10.154083930587321,355.0,rolled,1.0,True,scale,0.9200401306152344,40,18,58,0.04426860809326172,0.0012202262878417969,0.045488834381103516
gated_cost_merged_seed45,scale,12.545454545454549,63.63636363636363,2552.3230156844406,355,rolled,2661.081706746833,0.04261164844498615,True,True,1.0009999790088202,2,700.3297805786133,280.1319122314453,19.269846363752414,10.879335795139736,355.0,rolled,1.0,True,scale,0.9337730407714844,40,18,58,0.052347421646118164,0.0011928081512451172,0.05354022979736328
gated_cost_merged_seed45,scale,12.545454545454549,74.54545454545453,2864.0220557743514,355,rolled,3549.869882022638,0.23947016220266248,True,True,1.0009910446292694,3,730.1902770996094,292.07611083984375,23.003903344717468,9.874593329032079,355.0,rolled,1.0,True,scale,0.9735870361328125,40,18,58,0.05173444747924805,0.0012784004211425781,0.053012847900390625
gated_cost_merged_seed45,scale,12.545454545454549,85.45454545454545,3136.2352005841685,355,rolled,3932.2148914907466,0.25380101937454036,True,True,1.00096560328598,3,719.8219299316406,287.92877197265625,28.010570099369563,9.39847668963383,355.0,rolled,1.0,True,scale,0.9597625732421875,40,18,58,0.04747605323791504,0.001253366470336914,0.04872941970825195
gated_cost_merged_seed45,scale,12.545454545454549,96.36363636363636,3474.753399293351,355,rolled,4485.947592229052,0.2910117860856959,True,True,1.0009991751052485,1,691.3505021268363,283.795838697183,29.306135233157292,14.0419238906047,355.0,rolled,1.0,True,scale,0.994781494140625,40,18,58,0.046376705169677734,0.0011858940124511719,0.047562599182128906
gated_cost_merged_seed45,scale,12.545454545454549,107.27272727272728,3859.290256207383,355,rolled,4005.8351914119394,0.03797199108536847,True,True,1.0009639529032097,1,725.1850082441407,294.6425507374543,29.03954951448471,14.95653542266381,355.0,rolled,1.0,True,scale,0.9856948852539062,40,18,58,0.05567216873168945,0.0025980472564697266,0.05827021598815918
gated_cost_merged_seed45,scale,12.545454545454549,118.18181818181816,4215.558205846268,355,rolled,4771.478788948615,0.13187353986273498,True,True,1.000987746145235,2,730.5850982666016,292.2340393066406,34.093971252441406,10.894093661623895,355.0,rolled,1.0,True,scale,0.9741134643554688,40,18,58,0.1052851676940918,0.0020782947540283203,0.10736346244812012
gated_cost_merged_seed45,scale,12.545454545454549,129.0909090909091,4601.917380514503,355,rolled,5260.037865057576,0.1430100608345763,True,True,1.000961040284808,1,743.7257766723633,297.4903106689453,34.70720291137695,13.750562442831244,355.0,rolled,1.0,True,scale,0.9916343688964844,40,18,58,0.0896761417388916,0.001981019973754883,0.09165716171264648
gated_cost_merged_seed45,scale,12.545454545454549,140.0,5031.3200482783495,355,rolled,6382.519331875112,0.2685576092618327,True,True,1.000992884780967,1,722.3711013793945,288.9484405517578,33.71065139770508,14.583039311749577,460.0,rolled,0.0,True,scale,0.9631614685058594,40,18,58,0.07792520523071289,0.0019321441650390625,0.07985734939575195
gated_cost_merged_seed45,scale,13.363636363636363,20.0,1553.9456704912225,355,rolled,1836.5565673155888,0.18186665222023457,True,True,1.0009994840135044,3,455.85111906038,246.1412507083953,14.155083250926792,6.641479119616015,355.0,rolled,1.0,True,scale,0.8649482727050781,40,18,58,0.10336470603942871,0.0020313262939453125,0.10539603233337402
gated_cost_merged_seed45,scale,13.363636363636363,30.909090909090907,2055.764041961098,355,rolled,1938.7122953491112,-0.05693831793084832,True,True,1.0009764226571005,2,521.7740276732488,262.0697021484375,15.652845240554901,8.367316272794538,355.0,rolled,1.0,True,scale,0.873565673828125,40,18,58,0.09958744049072266,0.0019626617431640625,0.10155010223388672
gated_cost_merged_seed45,scale,13.363636363636363,41.81818181818181,2295.1327804460216,355,rolled,2438.881022985708,0.06263177615011513,True,True,1.000974775622109,2,631.6437363524047,273.7220764160156,17.664655224827044,9.748469746966077,355.0,rolled,1.0,True,scale,0.9124069213867188,40,18,58,0.06560111045837402,0.001958608627319336,0.06755971908569336
gated_cost_merged_seed45,scale,13.363636363636363,52.72727272727273,2698.233573079863,355,rolled,2819.7774592655446,0.04504572450595772,True,True,1.0009726044115979,2,686.4506116148347,276.47552490234375,20.012880164960634,10.574461487516865,355.0,rolled,1.0,True,scale,0.9215850830078125,40,18,58,0.08426380157470703,0.001951456069946289,0.08621525764465332
gated_cost_merged_seed45,scale,13.363636363636363,63.63636363636363,3099.504449257762,355,rolled,3815.9481567165003,0.2311478235271786,True,True,1.0009598701745694,3,721.1093902587891,288.4437561035156,23.936283222593094,9.758602247190902,355.0,rolled,1.0,True,scale,0.9614791870117188,40,18,58,0.07246136665344238,0.001955747604370117,0.0744171142578125
gated_cost_merged_seed45,scale,13.363636363636363,74.54545454545453,3409.0278837627866,355,rolled,4253.942106636627,0.24784608741341482,True,True,1.000976165527542,3,713.3417129516602,285.33668518066406,29.419324983385096,9.05816510049894,355.0,rolled,1.0,True,scale,0.9511222839355469,40,18,58,0.06520533561706543,0.0020368099212646484,0.06724214553833008
gated_cost_merged_seed45,scale,13.363636363636363,85.45454545454545,3859.8972334468967,355,rolled,3895.2933863194835,0.009170231934122742,True,True,1.0009873061474073,1,745.5968856811523,298.23875427246094,26.15768442469501,13.16539553164807,355.0,rolled,1.0,True,scale,0.9941291809082031,40,18,58,0.07226157188415527,0.0025200843811035156,0.07478165626525879
gated_cost_merged_seed45,scale,13.363636363636363,96.36363636363636,4319.916451720051,355,rolled,5022.27550907475,0.16258625952708933,True,True,1.0009860809797488,3,743.3309555053711,297.33238220214844,34.688777923583984,9.188137110301163,355.0,rolled,1.0,True,scale,0.9911079406738281,40,18,58,0.07233309745788574,0.002050638198852539,0.07438373565673828
gated_cost_merged_seed45,scale,13.363636363636363,107.27272727272728,4782.366988912803,355,rolled,5237.804875022738,0.0952327345780445,True,True,1.0009934155935485,2,743.708610534668,297.4834442138672,34.70640182495117,10.859338747619471,355.0,rolled,1.0,True,scale,0.9916114807128906,40,18,58,0.0607295036315918,0.00193023681640625,0.06265974044799805
gated_cost_merged_seed45,scale,13.363636363636363,118.18181818181816,5228.730538579276,355,rolled,6896.800834938986,0.31902013003962315,True,True,1.000963160664853,1,738.9364242553711,295.57456970214844,30.200386266995093,14.891279800323694,500.0,rolled,0.0,True,scale,0.9852485656738281,40,18,58,0.06688618659973145,0.0023162364959716797,0.06920242309570312
gated_cost_merged_seed45,scale,13.363636363636363,129.0909090909091,6054.672912989209,460,rolled,9459.912828197947,0.562415173229822,True,True,1.0009914236249977,1,714.6892547607422,285.8757019042969,33.35216522216797,18.678627204755777,550.0,rolled,0.0,True,scale,0.9529190063476562,40,18,58,0.06331562995910645,0.001898050308227539,0.06521368026733398
gated_cost_merged_seed45,scale,13.363636363636363,140.0,6583.558144781793,460,rolled,10883.414591262206,0.6531204482318624,True,True,1.0009725352970078,2,717.5216674804688,287.0086669921875,33.484344482421875,15.221384559200006,690.0,rolled,0.0,True,scale,0.956695556640625,40,18,58,0.06229043006896973,0.001963376998901367,0.0642538070678711
gated_cost_merged_seed45,scale,14.181818181818182,20.0,1796.9028968466985,355,rolled,1847.0559044753263,0.027910805707219367,True,True,1.0009782775846856,2,458.9733209724162,255.87615966796875,15.190322773977222,7.643818057080782,355.0,rolled,1.0,True,scale,0.8529205322265625,40,18,58,0.10984659194946289,0.0021457672119140625,0.11199235916137695
gated_cost_merged_seed45,scale,14.181818181818182,30.909090909090907,2224.07150895444,355,rolled,2405.444740910714,0.0815500901054837,True,True,1.00095440130009,2,571.2565866859112,269.6571350097656,17.809431650940642,8.933974904730386,355.0,rolled,1.0,True,scale,0.8988571166992188,40,18,58,0.08347797393798828,0.001990079879760742,0.08546805381774902
gated_cost_merged_seed45,scale,14.181818181818182,41.81818181818181,2615.0382292659383,355,rolled,2903.7404769722484,0.11040077520677435,True,True,1.0009627365888074,2,665.7205766893405,272.75733947753906,19.87034769486986,10.434323390031192,355.0,rolled,1.0,True,scale,0.9091911315917969,40,18,58,0.0783686637878418,0.002539396286010742,0.08090806007385254
gated_cost_merged_seed45,scale,14.181818181818182,52.72727272727273,3202.0654799770145,355,rolled,3941.7281022358334,0.23099547054363434,True,True,1.0009847876203015,3,710.7324600219727,284.29298400878906,24.19050226104614,9.181363986329801,355.0,rolled,1.0,True,scale,0.9476432800292969,40,18,58,0.12085270881652832,0.0020685195922851562,0.12292122840881348
gated_cost_merged_seed45,scale,14.181818181818182,63.63636363636363,3623.765744949169,355,rolled,4141.737805848201,0.1429375123436125,True,True,1.000955301354161,1,710.423469543457,284.1693878173828,24.930952045474413,16.059322440630076,355.0,rolled,1.0,True,scale,0.9472312927246094,40,18,58,0.09894132614135742,0.0020651817321777344,0.10100650787353516
gated_cost_merged_seed45,scale,14.181818181818182,74.54545454545453,4194.266016339479,355,rolled,5064.445521389247,0.20746883999723306,True,True,1.0009861139247231,1,710.528658998525,292.803955078125,29.279050317161317,12.791061035635844,355.0,rolled,1.0,True,scale,0.97601318359375,40,18,58,0.07357192039489746,0.0019600391387939453,0.0755319595336914
gated_cost_merged_seed45,scale,14.181818181818182,85.45454545454545,4739.8598837186255,355,rolled,5468.681638062583,0.15376440912261008,True,True,1.000985382555456,3,747.8971481323242,299.1588592529297,34.9018669128418,9.788092592284471,355.0,rolled,1.0,True,scale,0.9971961975097656,40,18,58,0.07929801940917969,0.002049684524536133,0.08134770393371582
gated_cost_merged_seed45,scale,14.181818181818182,96.36363636363636,5290.364352494784,355,rolled,6075.426382798108,0.14839469987225193,True,True,1.000987645445188,1,745.3393936157227,298.13575744628906,34.78250503540039,14.550872253994434,355.0,rolled,1.0,True,scale,0.9937858581542969,40,18,58,0.08061432838439941,0.0020837783813476562,0.08269810676574707
gated_cost_merged_seed45,scale,14.181818181818182,107.27272727272728,6179.874379812138,355,rolled,7676.023489601237,0.2421002463539689,True,True,1.0009661931878715,1,727.1003723144531,290.84014892578125,33.93135070800781,14.537313264695419,500.0,rolled,0.0,True,scale,0.9694671630859375,40,18,58,0.07021903991699219,0.001928567886352539,0.07214760780334473
gated_cost_merged_seed45,scale,14.181818181818182,118.18181818181816,6852.162427149681,460,rolled,11576.933098575404,0.6895298705566592,True,True,1.0009661500574525,2,719.5043563842773,287.80174255371094,33.57686996459961,15.1222040648583,690.0,rolled,0.0,True,scale,0.9593391418457031,40,18,58,0.0671238899230957,0.002058744430541992,0.0691826343536377
gated_cost_merged_seed45,scale,14.181818181818182,129.0909090909091,9553.512737278232,500,rolled,12868.537849002041,0.346995414449853,True,True,1.000974717869423,1,731.3661575317383,292.5464630126953,34.13042068481445,18.365871362149772,690.0,rolled,0.0,True,scale,0.9751548767089844,38,18,56,0.0771484375,0.002858400344848633,0.08000683784484863
gated_cost_merged_seed45,scale,14.181818181818182,140.0,12744.824501296387,690,rolled,14895.220088657417,0.16872696733817674,True,True,1.0009597592534802,1,732.1450016179806,295.0836181640625,34.426422119140625,24.590301513671875,690.0,rolled,1.0,True,scale,0.983612060546875,8,18,26,0.016446590423583984,0.002466917037963867,0.01891350746154785
gated_cost_merged_seed45,scale,15.0,20.0,2057.2483346770277,355,rolled,2049.0017700074054,-0.004008541181255582,True,True,1.0009804161841056,2,502.200650660991,254.44793701171875,15.557850994150593,7.794653255037439,355.0,rolled,1.0,True,scale,0.8481597900390625,40,18,58,0.08541631698608398,0.001983642578125,0.08739995956420898
gated_cost_merged_seed45,scale,15.0,30.909090909090907,2565.283454586496,355,rolled,3271.413532533864,0.27526395832977857,True,True,1.00096870752965,3,665.3777576282931,276.3175964355469,18.464377110337363,8.529691464117922,355.0,rolled,1.0,True,scale,0.9210586547851562,40,18,58,0.11135506629943848,0.002067089080810547,0.11342215538024902
gated_cost_merged_seed45,scale,15.0,41.81818181818181,3234.6725939942403,355,rolled,3531.95675098593,0.0919054860586669,True,True,1.0009995211055085,1,679.6450521401089,271.1187279032115,22.724349045875382,12.070321868747284,355.0,rolled,1.0,True,scale,0.9470252990722656,40,18,58,0.09959912300109863,0.001966714859008789,0.10156583786010742
gated_cost_merged_seed45,scale,15.0,52.72727272727273,3765.638206814382,355,rolled,4607.081636018506,0.22345307302263653,True,True,1.0009676652906838,3,691.8411254882812,276.7364501953125,30.376809742874,8.091688629471147,355.0,rolled,1.0,True,scale,0.922454833984375,40,18,58,0.11439657211303711,0.002829313278198242,0.11722588539123535
gated_cost_merged_seed45,scale,15.0,63.63636363636363,4414.262908667717,355,rolled,5456.411915589941,0.23608675524873937,True,True,1.000996352267199,1,642.524106970078,291.7396545410156,32.462722201966415,12.151814821353403,355.0,rolled,1.0,True,scale,0.9724655151367188,40,18,58,0.0742788314819336,0.001936197280883789,0.07621502876281738
gated_cost_merged_seed45,scale,15.0,74.54545454545453,5073.1569950190815,355,rolled,5969.250788188196,0.17663435096704388,True,True,1.0009969953802687,1,723.8302230834961,289.53208923339844,33.778743743896484,13.470151422847904,355.0,rolled,1.0,True,scale,0.9651069641113281,40,18,58,0.07766890525817871,0.0020987987518310547,0.07976770401000977
gated_cost_merged_seed45,scale,15.0,85.45454545454545,5700.335679671592,355,rolled,6546.517084668672,0.1484441360207459,True,True,1.0009811101346031,1,749.8884201049805,299.9553680419922,34.99479293823242,14.93293570996995,355.0,rolled,1.0,True,scale,0.9998512268066406,40,18,58,0.07676386833190918,0.0019757747650146484,0.07873964309692383
gated_cost_merged_seed45,scale,15.0,96.36363636363636,6971.155593281798,460,rolled,11629.836258734475,0.6682795417652582,True,True,1.000956959048949,1,715.6076431274414,286.24305725097656,33.395023345947266,18.106604109899894,620.0,rolled,0.0,True,scale,0.9541435241699219,40,18,58,0.09409666061401367,0.0031719207763671875,0.09726858139038086
gated_cost_merged_seed45,scale,15.0,107.27272727272728,8192.251861307222,460,rolled,12924.7018038652,0.5776738829173191,True,True,1.000966689022526,1,731.87255859375,292.7490234375,34.154052734375,16.11978832458084,690.0,rolled,0.0,True,scale,0.975830078125,39,18,57,0.07974767684936523,0.0019855499267578125,0.08173322677612305
gated_cost_merged_seed45,scale,15.0,118.18181818181816,13414.02255742561,620,rolled,15602.462978590222,0.16314572394640534,True,True,1.000999357012763,1,746.2577819824219,298.50311279296875,33.28785047487362,24.312968574847282,690.0,rolled,0.0,True,scale,0.9950103759765625,6,18,24,0.011075496673583984,0.001961231231689453,0.013036727905273438
gated_cost_merged_seed45,scale+thin,6.0,20.0,241.3288087904857,355,rolled,253.8913298437281,0.05205562119253151,True,True,1.0009942689162363,1,294.3432228157031,120.0,8.0,6.0,355.0,rolled,1.0,True,scale,0.868804931640625,40,52,92,0.04880952835083008,0.00341796875,0.05222749710083008
gated_cost_merged_seed45,scale+thin,6.0,30.909090909090907,292.67799548197263,355,rolled,300.9263243127664,0.0281822650083778,True,True,1.0009885588015968,2,367.86239196448184,133.99790398125296,8.0,6.0,355.0,rolled,1.0,True,thin_c3,0.9421043395996094,40,52,92,0.044783592224121094,0.003299713134765625,0.04808330535888672
gated_cost_merged_seed45,scale+thin,6.0,41.81818181818181,342.2853688824266,355,rolled,365.0084031250236,0.06638622713202288,True,True,1.000997471852221,2,427.60310877553763,136.1363473320872,8.757524704779907,6.7713154917963765,355.0,rolled,1.0,True,thin_c1,1.038381400730299,40,72,112,0.06729316711425781,0.004661083221435547,0.07195425033569336
gated_cost_merged_seed45,scale+thin,6.0,52.72727272727273,386.25765574493386,355,rolled,408.22617365178894,0.056875294457236714,True,True,1.0009962431305552,2,408.38725486222154,139.7896427748057,12.024005039640743,6.272357469194129,355.0,rolled,1.0,True,scale,0.9496803283691406,40,73,113,0.04381990432739258,0.004901409149169922,0.0487213134765625
gated_cost_merged_seed45,scale+thin,6.0,63.63636363636363,431.68145507497405,355,rolled,457.6333467112318,0.06011815270533327,True,True,1.0009954321436594,1,468.25746044979275,153.6051419260843,9.879889681417207,7.6606785768782535,355.0,rolled,1.0,True,thin_c1,0.9707374572753906,40,70,110,0.09941864013671875,0.019309520721435547,0.1187281608581543
gated_cost_merged_seed45,scale+thin,6.0,74.54545454545453,466.9500019446189,355,rolled,504.24085629539024,0.07986048655203579,True,True,1.000969889239513,2,505.0252966302593,158.36230028892962,9.901720833561793,8.23111831353513,355.0,rolled,1.0,True,scale,0.9326972961425781,40,53,93,0.04639124870300293,0.005780696868896484,0.052171945571899414
gated_cost_merged_seed45,scale+thin,6.0,85.45454545454545,518.2473353887603,355,rolled,542.0122117662476,0.045856244219104614,True,True,1.000979793988429,2,533.3929549817661,161.58406122833028,10.369075384692993,8.41340942389004,355.0,rolled,1.0,True,thin_c1,0.9320564270019531,40,70,110,0.05280637741088867,0.00490570068359375,0.05771207809448242
gated_cost_merged_seed45,scale+thin,6.0,96.36363636363636,549.7256874002802,355,rolled,585.1852292151792,0.06450406562333208,True,True,1.0009968388376866,2,567.5272445302039,165.93778163099333,10.171590231996735,8.952928357736036,355.0,rolled,1.0,True,scale,0.9277420043945312,40,53,93,0.04625105857849121,0.003572225570678711,0.04982328414916992
gated_cost_merged_seed45,scale+thin,6.0,107.27272727272728,586.6560772595034,355,rolled,629.398994279067,0.07285856002588816,True,True,1.0009623781261447,2,590.4113761166866,166.5436124978692,10.743408553977197,9.353258934971162,355.0,rolled,1.0,True,scale,0.9197425842285156,40,70,110,0.04875445365905762,0.005218982696533203,0.05397343635559082
gated_cost_merged_seed45,scale+thin,6.0,118.18181818181816,628.4217050081675,355,rolled,656.689892072186,0.04498283053996544,True,True,1.0009600187210617,2,535.7312650421487,162.87167392999962,15.76357810123876,8.23239485087547,355.0,rolled,1.0,True,scale,0.923187255859375,40,73,113,0.04686141014099121,0.006068229675292969,0.05292963981628418
gated_cost_merged_seed45,scale+thin,6.0,129.0909090909091,657.4964976148059,355,rolled,717.843851489269,0.091783536632339,True,True,1.0009691229463538,2,631.1709759303732,168.11408066690117,11.681572881295377,10.23800546048581,355.0,rolled,1.0,True,scale,0.9134483337402344,40,71,111,0.04332733154296875,0.0046541690826416016,0.04798150062561035
gated_cost_merged_seed45,scale+thin,6.0,140.0,697.879425726456,355,rolled,734.3319682355517,0.05223329584641428,True,True,1.000984236204959,2,632.751931087441,173.38411508725724,12.48365438912164,9.961790738062037,355.0,rolled,1.0,True,scale,0.9023017883300781,40,71,111,0.050332069396972656,0.005556344985961914,0.05588841438293457
gated_cost_merged_seed45,scale+thin,6.818181818181818,20.0,317.0885192434045,355,rolled,330.37523747571436,0.04190223683914163,True,True,1.0009932764451372,2,337.1898619285657,136.48919562800805,8.0,6.0,355.0,rolled,1.0,True,thin_c2,0.9438209533691406,40,52,92,0.04782557487487793,0.0035400390625,0.05136561393737793
gated_cost_merged_seed45,scale+thin,6.818181818181818,30.909090909090907,392.6423822212096,355,rolled,408.4285308120453,0.040204902235801025,True,True,1.0009807928968522,2,389.4194171036288,148.50881405915646,9.198874375056908,6.333810433818433,355.0,rolled,1.0,True,thin_c1,0.9363937377929688,40,70,110,0.053414344787597656,0.00568842887878418,0.059102773666381836
gated_cost_merged_seed45,scale+thin,6.818181818181818,41.81818181818181,455.0251859822217,355,rolled,483.90178515293906,0.0634615402845977,True,True,1.0009676575289053,2,430.85897630976604,158.4838398101843,9.894545812701908,7.018504252002135,355.0,rolled,1.0,True,thin_c1,0.946990966796875,40,70,110,0.05187273025512695,0.005022764205932617,0.05689549446105957
gated_cost_merged_seed45,scale+thin,6.818181818181818,52.72727272727273,519.9507333014534,355,rolled,552.3586189883529,0.06232876234470134,True,True,1.000969186741524,1,462.2518377971542,165.86079754878028,10.71866957377222,7.525985200708442,355.0,rolled,1.0,True,thin_c1,0.9679450988769531,40,71,111,0.05483508110046387,0.004733562469482422,0.05956864356994629
gated_cost_merged_seed45,scale+thin,6.818181818181818,63.63636363636363,570.1996303697795,355,rolled,619.4562629378705,0.08638489038680662,True,True,1.0009874566725394,2,505.96586882526327,172.18458325936814,10.741214145995764,8.27510709973055,355.0,rolled,1.0,True,thin_c1,0.9496574401855469,40,71,111,0.04794454574584961,0.0048367977142333984,0.05278134346008301
gated_cost_merged_seed45,scale+thin,6.818181818181818,74.54545454545453,645.0378754655677,355,rolled,679.5643648501195,0.05352629775365008,True,True,1.0009716239600566,2,541.1006231341099,177.1812911654197,11.027598476112699,8.76276225331777,355.0,rolled,1.0,True,scale,0.9362564086914062,40,54,94,0.04750800132751465,0.0036318302154541016,0.05113983154296875
gated_cost_merged_seed45,scale+thin,6.818181818181818,85.45454545454545,698.212152166206,355,rolled,729.6538822864238,0.04503177153630128,True,True,1.0009903297356335,2,568.9075877926832,180.9036188504388,11.64264528995522,8.919955720198846,355.0,rolled,1.0,True,thin_c1,0.94122314453125,40,71,111,0.0504457950592041,0.005591630935668945,0.05603742599487305
gated_cost_merged_seed45,scale+thin,6.818181818181818,96.36363636363636,733.8166260116295,355,rolled,777.8229028209194,0.059969037562515544,True,True,1.000986563471989,2,568.9429581511432,184.90749162019839,13.167224545126587,8.863233461566601,355.0,rolled,1.0,True,scale,0.9213790893554688,40,71,111,0.08239102363586426,0.005761861801147461,0.08815288543701172
gated_cost_merged_seed45,scale+thin,6.818181818181818,107.27272727272728,798.4291807439346,355,rolled,839.3708618218982,0.051277786515538284,True,True,1.0009787740485148,2,621.9944355564511,188.92640995044317,12.125618115958043,9.80833417416202,355.0,rolled,1.0,True,thin_c1,0.9256477355957031,40,71,111,0.07005715370178223,0.00675511360168457,0.0768122673034668
gated_cost_merged_seed45,scale+thin,6.818181818181818,118.18181818181816,860.6462645405438,355,rolled,869.0227717688409,0.00973281076490688,True,True,1.0009736749633187,1,579.5846384626308,208.11938607033562,13.4501232107581,9.43589088281156,355.0,rolled,1.0,True,thin_c1,0.9977684020996094,40,72,112,0.04586076736450195,0.004852771759033203,0.050713539123535156
gated_cost_merged_seed45,scale+thin,6.818181818181818,129.0909090909091,896.311601431932,355,rolled,926.0027720199856,0.03312594698162953,True,True,1.0009787866325035,2,649.4114860886932,200.3245949299926,12.870211207982887,10.207485482391517,355.0,rolled,1.0,True,thin_c1,0.9241714477539062,40,71,111,0.05060887336730957,0.00627589225769043,0.056884765625
gated_cost_merged_seed45,scale+thin,6.818181818181818,140.0,931.1411275891702,355,rolled,983.8174696006616,0.05657181328449797,True,True,1.00096616335007,2,685.4038238525391,203.06578673159873,12.38720075724429,10.915539770614593,355.0,rolled,1.0,True,scale,0.9138717651367188,40,54,94,0.04657745361328125,0.003847360610961914,0.050424814224243164
gated_cost_merged_seed45,scale+thin,7.636363636363637,20.0,409.6201332461394,355,rolled,424.2722480381742,0.03577000641037925,True,True,1.0009715624023028,2,361.490301825275,150.2283877135965,8.82201515469942,6.0,355.0,rolled,1.0,True,thin_c2,0.937835693359375,40,52,92,0.0516359806060791,0.0036513805389404297,0.05528736114501953
gated_cost_merged_seed45,scale+thin,7.636363636363637,30.909090909090907,501.774525145321,355,rolled,534.6022085281529,0.06542317662166004,True,True,1.000959964042054,2,412.15583280126316,164.15013123139053,10.105074342198229,6.689680566993172,355.0,rolled,1.0,True,thin_c1,0.9427108764648438,40,70,110,0.04842019081115723,0.005520343780517578,0.053940534591674805
gated_cost_merged_seed45,scale+thin,7.636363636363637,41.81818181818181,593.9298338756057,355,rolled,621.847618167034,0.04700518933230676,True,True,1.0009800500030421,2,441.60259386545596,176.15663163483364,11.460936360932651,6.85714950210474,355.0,rolled,1.0,True,thin_c1,0.943511962890625,40,70,110,0.05235028266906738,0.004812002182006836,0.05716228485107422
gated_cost_merged_seed45,scale+thin,7.636363636363637,52.72727272727273,675.9362632758116,355,rolled,759.7748762866855,0.12403331137253114,True,True,1.0009967008233756,2,555.7148433037299,170.6439808009673,10.955632730306824,8.808779101412206,355.0,rolled,1.0,True,thin_c1,1.0614670197860057,40,74,114,0.046831369400024414,0.006518840789794922,0.053350210189819336
gated_cost_merged_seed45,scale+thin,7.636363636363637,63.63636363636363,779.5020738899598,355,rolled,792.9303754854699,0.01722676827336542,True,True,1.0009844957397525,2,524.2858454245317,191.6858002781071,12.315041639529401,8.182248123304596,355.0,rolled,1.0,True,scale,0.9356498718261719,40,54,94,0.05604076385498047,0.003637552261352539,0.05967831611633301
gated_cost_merged_seed45,scale+thin,7.636363636363637,74.54545454545453,846.6406079690952,355,rolled,887.5751155243578,0.04834933166441838,True,True,1.0009663770010981,2,566.4559899776079,196.37759519283475,12.344660238479923,9.252375852536428,355.0,rolled,1.0,True,thin_c1,0.9442100524902344,40,71,111,0.06145119667053223,0.009516477584838867,0.0709676742553711
gated_cost_merged_seed45,scale+thin,7.636363636363637,85.45454545454545,921.2774310054268,355,rolled,963.5982016116596,0.04593705346721289,True,True,1.0009620639912167,2,602.3210729986575,201.18053058974888,12.549943902472581,9.798799094403009,355.0,rolled,1.0,True,scale,0.9341278076171875,40,54,94,0.07221865653991699,0.0037353038787841797,0.07595396041870117
gated_cost_merged_seed45,scale+thin,7.636363636363637,96.36363636363636,990.3158107657674,355,rolled,1048.6368893538543,0.05889139399177089,True,True,1.000998665512819,2,642.5945106619804,201.29617609322398,12.919101131691066,10.456870971135457,355.0,rolled,1.0,True,thin_c1,1.0324595310377038,40,74,114,0.054575443267822266,0.00498199462890625,0.059557437896728516
gated_cost_merged_seed45,scale+thin,7.636363636363637,107.27272727272728,1055.0870687226268,355,rolled,1072.2053305307097,0.01622450157483939,True,True,1.0009767031674046,2,627.80777180876,216.1517695514957,13.969869598906998,9.790647383948704,355.0,rolled,1.0,True,thin_c1,0.9214363098144531,40,71,111,0.043833255767822266,0.00473475456237793,0.048568010330200195
gated_cost_merged_seed45,scale+thin,7.636363636363637,118.18181818181816,1088.4839809208006,355,rolled,1167.7214396791999,0.07279616434168239,True,True,1.000960917564103,2,686.5917917124244,214.9383196579484,13.186251597758606,11.06458664838387,355.0,rolled,1.0,True,scale,0.9294815063476562,40,54,94,0.05543208122253418,0.004211902618408203,0.05964398384094238
gated_cost_merged_seed45,scale+thin,7.636363636363637,129.0909090909091,1173.7978050697595,355,rolled,1203.8759473631414,0.025624636682289887,True,True,1.0009628754182172,2,690.2790069580078,224.66465718302157,13.754080413467177,10.85606611639669,355.0,rolled,1.0,True,scale,0.9203720092773438,40,54,94,0.043976545333862305,0.0035185813903808594,0.047495126724243164
gated_cost_merged_seed45,scale+thin,7.636363636363637,140.0,1251.7374258469372,355,rolled,1258.4761539407473,0.005383499729786069,True,True,1.0009895690202204,2,685.72998046875,234.09115790443062,14.477619987341296,10.968211651570204,355.0,rolled,1.0,True,scale,0.914306640625,40,54,94,0.04438138008117676,0.0035660266876220703,0.04794740676879883
gated_cost_merged_seed45,scale+thin,8.454545454545455,20.0,516.1523336674153,355,rolled,532.7851340630185,0.03222459593938528,True,True,1.000971504221471,2,379.33535445852914,164.40978119815006,9.691492059529251,6.0,355.0,rolled,1.0,True,thin_c2,0.9261398315429688,40,70,110,0.04980945587158203,0.008065938949584961,0.05787539482116699
gated_cost_merged_seed45,scale+thin,8.454545454545455,30.909090909090907,633.218032838701,355,rolled,680.4494095498619,0.07458943722658025,True,True,1.0009956776493232,2,431.7465345651917,179.99484494396964,11.01038016732192,6.991615507869582,355.0,rolled,1.0,True,thin_c1,0.9397010803222656,40,70,110,0.06692719459533691,0.004679203033447266,0.07160639762878418
gated_cost_merged_seed45,scale+thin,8.454545454545455,41.81818181818181,757.3789000305048,355,rolled,808.6060720846834,0.06763744283358743,True,True,1.000994855706689,2,480.91444751787003,190.4554796999389,11.943836792351368,7.799924645602643,355.0,rolled,1.0,True,thin_c1,0.9493370056152344,40,71,111,0.04739236831665039,0.0072290897369384766,0.05462145805358887
gated_cost_merged_seed45,scale+thin,8.454545454545455,52.72727272727273,897.7427828478864,355,rolled,921.2646013070365,0.026201066617915315,True,True,1.0009665468934847,2,521.891754750154,200.63629099980807,12.539157178873376,8.480475556385306,355.0,rolled,1.0,True,thin_c1,0.94744873046875,40,71,111,0.044695377349853516,0.004571676254272461,0.04926705360412598
gated_cost_merged_seed45,scale+thin,8.454545454545455,63.63636363636363,969.5859503873623,355,rolled,1022.3260363063259,0.05439444115077496,True,True,1.0009837089900933,2,549.4411542802338,210.269172999109,13.299407841178203,8.92442758440833,355.0,rolled,1.0,True,thin_c1,0.9417953491210938,40,71,111,0.0449979305267334,0.0050296783447265625,0.05002760887145996
gated_cost_merged_seed45,scale+thin,8.454545454545455,74.54545454545453,1093.1775012217977,355,rolled,1130.7528432935214,0.03437259002287131,True,True,1.0009949793991528,2,606.8467298486386,210.72083647538736,13.609639396792675,9.680988658469637,355.0,rolled,1.0,True,thin_c1,1.0312472136124322,40,74,114,0.0510706901550293,0.007200479507446289,0.058271169662475586
gated_cost_merged_seed45,scale+thin,8.454545454545455,85.45454545454545,1181.2789978646645,355,rolled,1223.5232382416737,0.035761442007664464,True,True,1.000971713991578,2,624.9165214495259,220.31020723552294,14.062873948567761,10.190492489585711,355.0,rolled,1.0,True,thin_c1,0.9385795593261719,40,71,111,0.050071001052856445,0.005094051361083984,0.05516505241394043
gated_cost_merged_seed45,scale+thin,8.454545454545455,96.36363636363636,1257.923897819336,355,rolled,1312.4286532714111,0.04332913584562745,True,True,1.0009957852439044,2,651.3984759833065,226.15501099194574,14.49163753632552,10.628642698907022,355.0,rolled,1.0,True,thin_c1,0.9353981018066406,40,71,111,0.04444742202758789,0.00594782829284668,0.05039525032043457
gated_cost_merged_seed45,scale+thin,8.454545454545455,107.27272727272728,1352.4875507253705,355,rolled,1392.6036520219259,0.029660976380181964,True,True,1.0009847200428768,2,675.2685570831126,234.11969503177883,14.622827363951693,11.033214326244632,355.0,rolled,1.0,True,thin_c1,0.9309349060058594,40,71,111,0.046222686767578125,0.005360841751098633,0.05158352851867676
gated_cost_merged_seed45,scale+thin,8.454545454545455,118.18181818181816,1418.3994702060834,355,rolled,1469.8527653552403,0.036275602346129705,True,True,1.0009747348706917,2,696.9480514526367,240.81316407729813,14.879248456342534,11.366552739863657,355.0,rolled,1.0,True,scale,0.9292640686035156,40,54,94,0.05623817443847656,0.0039675235748291016,0.060205698013305664
gated_cost_merged_seed45,scale+thin,8.454545454545455,129.0909090909091,1503.943042662674,355,rolled,1514.5926987987418,0.007081156555778151,True,True,1.0009627191116115,2,689.7211074829102,255.29383675411438,15.689405513699903,10.918375664572308,355.0,rolled,1.0,True,scale,0.9196281433105469,40,54,94,0.04675912857055664,0.003865957260131836,0.05062508583068848
gated_cost_merged_seed45,scale+thin,8.454545454545455,140.0,1589.050557323039,355,rolled,1598.4280584024457,0.005901323300376545,True,True,1.0009766688839032,2,696.8536376953125,264.0031575157305,16.093508666657105,11.348026006810864,355.0,rolled,1.0,True,thin_c1,0.92913818359375,40,72,112,0.04646921157836914,0.004703998565673828,0.05117321014404297
gated_cost_merged_seed45,scale+thin,9.272727272727272,20.0,633.3700898588271,355,rolled,671.5257354427365,0.06024225992802088,True,True,1.000986171556024,2,389.7800744060058,176.74937270131622,10.843815600435759,6.277911413981257,355.0,rolled,1.0,True,thin_c1,0.9126014709472656,40,70,110,0.05091071128845215,0.005571126937866211,0.05648183822631836
gated_cost_merged_seed45,scale+thin,9.272727272727272,30.909090909090907,801.8071464602682,355,rolled,847.835812605122,0.05740615601651367,True,True,1.0009947452776125,2,448.4536442481922,195.63565113030126,11.96839005108459,7.24208930051259,355.0,rolled,1.0,True,thin_c1,0.9370803833007812,40,70,110,0.04993176460266113,0.0063190460205078125,0.056250810623168945
gated_cost_merged_seed45,scale+thin,9.272727272727272,41.81818181818181,962.5021253931346,355,rolled,1003.622515246669,0.04272238862510427,True,True,1.0009592734375004,2,498.37299411657415,208.5508150052618,12.87784165561514,8.064196390462383,355.0,rolled,1.0,True,thin_c1,0.940032958984375,40,70,110,0.04427289962768555,0.004515171051025391,0.04878807067871094
gated_cost_merged_seed45,scale+thin,9.272727272727272,52.72727272727273,1070.6846994207378,355,rolled,1141.4222347674684,0.06606756908453157,True,True,1.0009996737928848,2,539.2708674263524,219.16444530143826,13.699840236799002,8.670952560789093,355.0,rolled,1.0,True,scale,0.9387626647949219,40,53,93,0.0493776798248291,0.003500223159790039,0.05287790298461914
gated_cost_merged_seed45,scale+thin,9.272727272727272,63.63636363636363,1216.7126656588257,355,rolled,1275.5635382520916,0.0483687515173513,True,True,1.000962127859837,2,575.7863682223505,226.29590977372283,14.582793420963009,9.276485674392788,355.0,rolled,1.0,True,scale,0.9370803833007812,40,54,94,0.04380440711975098,0.0035784244537353516,0.04738283157348633
gated_cost_merged_seed45,scale+thin,9.272727272727272,74.54545454545453,1356.4151141978043,355,rolled,1394.0293253751565,0.027730604579408267,True,True,1.0009917857224406,2,610.9958328015363,236.88178399238788,14.738177162364668,9.926175798221102,355.0,rolled,1.0,True,thin_c1,0.9351806640625,40,71,111,0.04792332649230957,0.005202770233154297,0.05312609672546387
gated_cost_merged_seed45,scale+thin,9.272727272727272,85.45454545454545,1422.5235716023028,355,rolled,1502.927472318273,0.05652201645095046,True,True,1.0009849901979604,2,628.3706560178618,246.78274407837017,15.522804511700931,10.194649253615355,355.0,rolled,1.0,True,thin_c1,0.9336700439453125,40,71,111,0.04487180709838867,0.005513191223144531,0.0503849983215332
gated_cost_merged_seed45,scale+thin,9.272727272727272,96.36363636363636,1530.0841209322955,355,rolled,1612.1264067078607,0.05361946095197436,True,True,1.000974359861049,2,690.7553653855682,247.90730241677852,15.18268552772152,10.936505372289089,355.0,rolled,1.0,True,scale,0.9322395324707031,40,54,94,0.06726837158203125,0.006336212158203125,0.07360458374023438
gated_cost_merged_seed45,scale+thin,9.272727272727272,107.27272727272728,1647.0835657255905,355,rolled,1707.0672147809605,0.03641809699494235,True,True,1.000991380301521,2,700.6816864013672,259.0330568667605,15.714920808156734,11.172848150297751,355.0,rolled,1.0,True,scale,0.9342422485351562,40,55,95,0.053774356842041016,0.00360107421875,0.057375431060791016
gated_cost_merged_seed45,scale+thin,9.272727272727272,118.18181818181816,1794.0191544704012,355,rolled,1803.9719893794388,0.005547786312223473,True,True,1.0009771470468534,2,699.0594863891602,272.5896505206152,16.372390941033817,11.375344180427483,355.0,rolled,1.0,True,thin_c1,0.9320793151855469,40,72,112,0.04562211036682129,0.006009817123413086,0.051631927490234375
gated_cost_merged_seed45,scale+thin,9.272727272727272,129.0909090909091,1876.6125693849333,355,rolled,1876.3932522362231,-0.00011686863462821355,True,True,1.0009619530258662,2,701.8232345581055,280.7292938232422,17.658839649735075,10.882668727899983,355.0,rolled,1.0,True,scale,0.9357643127441406,40,56,96,0.04819655418395996,0.0043184757232666016,0.05251502990722656
gated_cost_merged_seed45,scale+thin,9.272727272727272,140.0,1975.8458780810136,355,rolled,1999.524361069414,0.01198397266258314,True,True,1.000981490125162,1,711.6680145263672,284.6672058105469,18.491599251509083,11.5116730952559,355.0,rolled,1.0,True,thin_c1,0.9488906860351562,40,74,114,0.04539656639099121,0.005034446716308594,0.050431013107299805
gated_cost_merged_seed45,scale+thin,10.09090909090909,20.0,771.2799576046779,355,rolled,820.1489372345334,0.06336088361692328,True,True,1.0009755266375662,2,403.3964113636069,191.85186084057625,11.543204512600003,6.485120233014894,355.0,rolled,1.0,True,thin_c1,0.9097061157226562,40,70,110,0.04520297050476074,0.0048675537109375,0.05007052421569824
gated_cost_merged_seed45,scale+thin,10.09090909090909,30.909090909090907,964.7090665866748,355,rolled,1036.9159096506155,0.07484830978050443,True,True,1.0009599207975624,2,463.9219541867283,211.703460200926,12.854830698269101,7.474011128073744,355.0,rolled,1.0,True,thin_c1,0.9275360107421875,40,70,110,0.046509742736816406,0.004664421081542969,0.051174163818359375
gated_cost_merged_seed45,scale+thin,10.09090909090909,41.81818181818181,1147.2574547707825,355,rolled,1216.2744361064385,0.060158233052794045,True,True,1.0009853778477684,2,523.5099859650188,224.86192751307993,13.72409842090277,8.172283160493373,355.0,rolled,1.0,True,scale,0.934356689453125,40,53,93,0.04687905311584473,0.0036284923553466797,0.050507545471191406
gated_cost_merged_seed45,scale+thin,10.09090909090909,52.72727272727273,1318.1429375417918,355,rolled,1383.9354382277297,0.0499130244620015,True,True,1.000993945141718,2,557.6070290670975,237.88415904754456,14.771443175541224,8.72595224526914,355.0,rolled,1.0,True,scale,0.934722900390625,40,53,93,0.05523395538330078,0.003692150115966797,0.05892610549926758
gated_cost_merged_seed45,scale+thin,10.09090909090909,63.63636363636363,1473.4968374975142,355,rolled,1544.137935357286,0.04794112621221765,True,True,1.0009585933153664,2,602.4531132380989,247.0390996272497,15.267305307606621,9.510675435306178,355.0,rolled,1.0,True,scale,0.9347457885742188,40,53,93,0.0502934455871582,0.006793498992919922,0.057086944580078125
gated_cost_merged_seed45,scale+thin,10.09090909090909,74.54545454545453,1593.8205978972342,355,rolled,1684.3748236133797,0.05681582094974548,True,True,1.0009955690371528,2,626.764105499714,260.84324647125106,15.7476343065179,9.989282825646054,355.0,rolled,1.0,True,scale,0.9322052001953125,40,53,93,0.04999256134033203,0.003992795944213867,0.0539853572845459
gated_cost_merged_seed45,scale+thin,10.09090909090909,85.45454545454545,1744.078619322344,355,rolled,1871.171010336931,0.072870792409558,True,True,1.0009912239442338,1,690.4360148681413,254.03112882841668,16.437062059699205,11.22495601944263,355.0,rolled,1.0,True,thin_c1,0.9927215576171875,40,73,113,0.04940509796142578,0.005135536193847656,0.05454063415527344
gated_cost_merged_seed45,scale+thin,10.09090909090909,96.36363636363636,1930.113776773892,355,rolled,1944.710523301681,0.007562635272303437,True,True,1.0009640363600925,2,698.0037689208984,274.8684702119711,16.52903558614034,10.923940629995915,355.0,rolled,1.0,True,scale,0.9306716918945312,40,55,95,0.046276092529296875,0.0044574737548828125,0.05073356628417969
gated_cost_merged_seed45,scale+thin,10.09090909090909,107.27272727272728,2067.605711285596,355,rolled,2096.218510079364,0.013838614701821999,True,True,1.0009861676096763,2,702.4927139282227,280.99708557128906,17.91787252681812,11.331967705450962,355.0,rolled,1.0,True,scale,0.9366569519042969,40,56,96,0.047978878021240234,0.003988027572631836,0.05196690559387207
gated_cost_merged_seed45,scale+thin,10.09090909090909,118.18181818181816,2170.353625378734,355,rolled,2193.5556844357498,0.010690450987205885,True,True,1.0009971562465496,2,720.8089828491211,288.32359313964844,18.7631791280651,11.156317310584527,355.0,rolled,1.0,True,thin_c1,0.9610786437988281,40,74,114,0.04732632637023926,0.00506281852722168,0.05238914489746094
gated_cost_merged_seed45,scale+thin,10.09090909090909,129.0909090909091,2307.5736162550616,355,rolled,2313.0512383704868,0.002373758339426154,True,True,1.000971293248696,2,739.288330078125,295.71533203125,19.239413299589913,11.513186105726016,355.0,rolled,1.0,True,thin_c1,0.9857177734375,40,75,115,0.04285407066345215,0.004937410354614258,0.047791481018066406
gated_cost_merged_seed45,scale+thin,10.09090909090909,140.0,2443.406284429296,355,rolled,2457.913010736234,0.005937091346364458,True,True,1.0009997398367658,1,750.0,300.0,20.15341927182623,12.080185429760432,355.0,rolled,1.0,True,thin_c2,1.1413808275305706,40,77,117,0.04551362991333008,0.0056264400482177734,0.05114006996154785
gated_cost_merged_seed45,scale+thin,10.90909090909091,20.0,939.0466900997784,355,rolled,988.7024701939433,0.05287892563562388,True,True,1.0009613555112968,2,418.45904427680256,206.1537191262924,12.229899005232637,6.7176213361015025,355.0,rolled,1.0,True,thin_c1,0.9007682800292969,40,70,110,0.04651498794555664,0.004638671875,0.05115365982055664
gated_cost_merged_seed45,scale+thin,10.90909090909091,30.909090909090907,1197.1649157491154,355,rolled,1245.3651459498824,0.04026198025574959,True,True,1.000962175735218,2,484.1343087103961,225.92523332644325,13.749826804590281,7.60440755732081,355.0,rolled,1.0,True,scale,0.9182319641113281,40,53,93,0.09235024452209473,0.006472587585449219,0.09882283210754395
gated_cost_merged_seed45,scale+thin,10.90909090909091,41.81818181818181,1403.509472950396,355,rolled,1462.314289756059,0.04189841104673565,True,True,1.0009786902056597,2,533.8399849000012,243.01829967619832,14.802016980328482,8.286220081387196,355.0,rolled,1.0,True,scale,0.9242172241210938,40,53,93,0.05409693717956543,0.003667593002319336,0.057764530181884766
gated_cost_merged_seed45,scale+thin,10.90909090909091,52.72727272727273,1588.7457907355176,355,rolled,1653.2383115778655,0.040593354341786,True,True,1.0009645671051173,2,564.8838900216188,260.922228169482,15.748068697647632,8.697838800631972,355.0,rolled,1.0,True,scale,0.9260139465332031,40,53,93,0.045507192611694336,0.0036954879760742188,0.049202680587768555
gated_cost_merged_seed45,scale+thin,10.90909090909091,63.63636363636363,1789.9941201560932,355,rolled,1843.5744584353477,0.029933248202280154,True,True,1.0009731546156877,2,603.5778263186073,274.5306197299419,16.21271049823655,9.517339149222508,355.0,rolled,1.0,True,scale,0.9254531860351562,40,53,93,0.047354698181152344,0.003701448440551758,0.0510561466217041
gated_cost_merged_seed45,scale+thin,10.90909090909091,74.54545454545453,1942.2808212955651,355,rolled,2015.4893560086673,0.03769204427620804,True,True,1.0009613585479038,2,663.1921695559145,278.04107666015625,16.538137200858298,10.280735198374476,355.0,rolled,1.0,True,scale,0.9268035888671875,40,54,94,0.046439170837402344,0.0037164688110351562,0.0501556396484375
gated_cost_merged_seed45,scale+thin,10.90909090909091,85.45454545454545,2177.190622234541,355,rolled,2199.6882539594862,0.010333331172377993,True,True,1.0009929895697731,2,699.7461318969727,279.89845275878906,17.660575856957585,10.867759758373746,355.0,rolled,1.0,True,scale,0.9329948425292969,40,56,96,0.04734301567077637,0.0038080215454101562,0.05115103721618652
gated_cost_merged_seed45,scale+thin,10.90909090909091,96.36363636363636,2344.698716886334,355,rolled,2358.306790021425,0.005803761923477399,True,True,1.0009889770783902,2,718.8949584960938,287.5579833984375,18.713786874587786,11.120323609358293,355.0,rolled,1.0,True,thin_c1,0.958526611328125,40,74,114,0.04294276237487793,0.005098581314086914,0.048041343688964844
gated_cost_merged_seed45,scale+thin,10.90909090909091,107.27272727272728,2499.121791022924,355,rolled,2518.207514514597,0.0076369721396654855,True,True,1.0009987701538885,2,750.0,300.0,18.338532234265493,12.029862060504875,355.0,rolled,1.0,True,thin_c2,1.166312786599864,40,78,118,0.051203012466430664,0.005695819854736328,0.05689883232116699
gated_cost_merged_seed45,scale+thin,10.90909090909091,118.18181818181816,2669.547168301596,355,rolled,2677.692735554847,0.003051291750890256,True,True,1.0009989374411021,2,750.0,300.0,20.871941652308898,11.720985743727972,355.0,rolled,1.0,True,thin_c3,1.6300236909285835,40,78,118,0.04689931869506836,0.005255699157714844,0.0521550178527832
gated_cost_merged_seed45,scale+thin,10.90909090909091,129.0909090909091,2855.841135487434,355,rolled,2920.926450768259,0.022790243642077334,True,True,1.0009986849862227,1,750.0,300.0,22.817869912258054,12.813754101026522,355.0,rolled,1.0,True,thin_c3,1.7819937001103936,40,80,120,0.061409711837768555,0.005551576614379883,0.06696128845214844
gated_cost_merged_seed45,scale+thin,10.90909090909091,140.0,3091.557267278178,355,rolled,3091.091140753941,-0.00015077402226078683,True,True,1.0009994652539909,1,750.0,300.0,25.29461721626237,12.671932605464002,355.0,rolled,1.0,True,thin_c1,1.2877359141474185,40,83,123,0.04666709899902344,0.005634307861328125,0.05230140686035156
gated_cost_merged_seed45,scale+thin,11.727272727272728,20.0,1117.8784812198996,355,rolled,1180.3643018486407,0.05589679171617347,True,True,1.0009737886543353,2,436.48254051254645,217.637906636612,13.083855442722433,6.931870144122837,355.0,rolled,1.0,True,scale,0.8896675109863281,40,52,92,0.04506659507751465,0.003439188003540039,0.04850578308105469
gated_cost_merged_seed45,scale+thin,11.727272727272728,30.909090909090907,1399.1707585826318,355,rolled,1493.6273346866012,0.06750896952681776,True,True,1.0009699441602038,2,495.12445312459863,240.86537198410917,14.759081275097568,7.937457899374265,355.0,rolled,1.0,True,thin_c1,0.8893356323242188,40,70,110,0.04447460174560547,0.004624366760253906,0.049098968505859375
gated_cost_merged_seed45,scale+thin,11.727272727272728,41.81818181818181,1658.320920880548,355,rolled,1753.717824990801,0.05752620190041286,True,True,1.000984222040946,2,539.6394740075561,262.36651104453506,15.79159194547047,8.66220174345507,355.0,rolled,1.0,True,thin_c1,0.8987884521484375,40,70,110,0.04541659355163574,0.004526853561401367,0.04994344711303711
gated_cost_merged_seed45,scale+thin,11.727272727272728,52.72727272727273,1896.895430152976,355,rolled,1990.414578737315,0.0493011618341013,True,True,1.0009749496782558,2,595.6335838946255,275.10223388671875,16.454045063237395,9.50116413387674,355.0,rolled,1.0,True,scale,0.9170074462890625,40,53,93,0.04618024826049805,0.0035517215728759766,0.04973196983337402
gated_cost_merged_seed45,scale+thin,11.727272727272728,63.63636363636363,2122.483987052358,355,rolled,2220.4030421323873,0.04613417848019504,True,True,1.0009676806698211,2,629.8148323151796,280.44776916503906,18.325023298514033,9.75287506712192,355.0,rolled,1.0,True,thin_c1,0.9348258972167969,40,71,111,0.04294538497924805,0.004819631576538086,0.04776501655578613
gated_cost_merged_seed45,scale+thin,11.727272727272728,74.54545454545453,2414.680044837911,355,rolled,2441.1547341877317,0.010964056876362701,True,True,1.0009715896904106,2,705.0590515136719,282.02362060546875,18.35158818707839,10.93631338187597,355.0,rolled,1.0,True,thin_c1,0.9400787353515625,40,73,113,0.04429340362548828,0.004781484603881836,0.04907488822937012
gated_cost_merged_seed45,scale+thin,11.727272727272728,85.45454545454545,2607.2244497923484,355,rolled,2652.09677301511,0.017210763433250068,True,True,1.000988650358184,2,731.3747406005859,292.5498962402344,19.017625164341325,11.623976205552136,355.0,rolled,1.0,True,thin_c1,0.9751663208007812,40,75,115,0.0445101261138916,0.007067203521728516,0.05157732963562012
gated_cost_merged_seed45,scale+thin,11.727272727272728,96.36363636363636,2824.34606849496,355,rolled,2866.250762081373,0.014836954314434719,True,True,1.0009997034764324,1,729.0845877613447,300.0,21.15639643239189,11.70989779195841,355.0,rolled,1.0,True,thin_c1,1.2218694935674255,40,82,122,0.05136370658874512,0.006351947784423828,0.057715654373168945
gated_cost_merged_seed45,scale+thin,11.727272727272728,107.27272727272728,3054.1802093068686,355,rolled,3073.2336760469493,0.006238488050580612,True,True,1.0009987809341612,1,750.0,300.0,23.049266261392894,11.938775591179624,355.0,rolled,1.0,True,thin_c3,1.7967151807702106,40,80,120,0.04282855987548828,0.0066449642181396484,0.04947352409362793
gated_cost_merged_seed45,scale+thin,11.727272727272728,118.18181818181816,3357.8991517305085,355,rolled,3505.010437329039,0.04381051334514207,True,True,1.0009994705437608,1,750.0,300.0,24.56843048621344,15.14690619653468,355.0,rolled,1.0,True,thin_c3,2.0994102146314537,40,85,125,0.06357455253601074,0.005495786666870117,0.06907033920288086
gated_cost_merged_seed45,scale+thin,11.727272727272728,129.0909090909091,3650.466675336178,355,rolled,3659.137970135983,0.0023753934965058407,True,True,1.0009993138268576,1,750.0,300.0,27.81901114410283,14.085728184832732,355.0,rolled,1.0,True,thin_c1,1.4167486439580501,40,85,125,0.04372239112854004,0.005609989166259766,0.049332380294799805
gated_cost_merged_seed45,scale+thin,11.727272727272728,140.0,3950.7596541302537,355,rolled,4033.0115999696013,0.020819273517020644,True,True,1.0009986458340339,1,750.0,300.0,29.639796210591147,16.494240405648082,355.0,rolled,1.0,True,thin_c1,1.5144316963527515,40,71,111,0.04306387901306152,0.0048372745513916016,0.047901153564453125
gated_cost_merged_seed45,scale+thin,12.545454545454549,20.0,1307.1994834284806,355,rolled,1321.9196095644315,0.011260810857531481,True,True,1.0009775327926893,2,435.58713989644804,223.0559585262121,13.672734209767942,6.957018484304847,355.0,rolled,1.0,True,thin_c1,0.8407325744628906,40,69,109,0.04407334327697754,0.005061626434326172,0.04913496971130371
gated_cost_merged_seed45,scale+thin,12.545454545454549,30.909090909090907,1673.5520688887286,355,rolled,1659.3831795703502,-0.00846635702693544,True,True,1.000954343111846,2,481.6894739301136,252.6947392856013,15.346707234614211,7.6847834909002035,355.0,rolled,1.0,True,thin_c1,0.8585052490234375,40,69,109,0.07562875747680664,0.004744768142700195,0.08037352561950684
gated_cost_merged_seed45,scale+thin,12.545454545454549,41.81818181818181,1957.4303873162305,355,rolled,2059.9039891903635,0.05235108361356914,True,True,1.0009691274528179,2,578.8004715508526,272.4723815917969,16.506587536622156,9.042507319718787,355.0,rolled,1.0,True,scale,0.9082412719726562,40,53,93,0.052854061126708984,0.004293918609619141,0.057147979736328125
gated_cost_merged_seed45,scale+thin,12.545454545454549,52.72727272727273,2222.5772160497027,355,rolled,2376.6222789726853,0.06930920636214144,True,True,1.000985911656683,2,647.7423810741108,276.0120391845703,17.85746235445525,10.154083930587321,355.0,rolled,1.0,True,scale,0.9200401306152344,40,54,94,0.04426860809326172,0.0036325454711914062,0.047901153564453125
gated_cost_merged_seed45,scale+thin,12.545454545454549,63.63636363636363,2552.3230156844406,355,rolled,2645.1704582955954,0.03637762228393197,True,True,1.0009632577618226,2,709.3849182128906,283.75396728515625,18.46306061520621,11.020003642954402,355.0,rolled,1.0,True,thin_c1,0.9458465576171875,40,73,113,0.052347421646118164,0.005460262298583984,0.05780768394470215
gated_cost_merged_seed45,scale+thin,12.545454545454549,74.54545454545453,2864.0220557743514,355,rolled,3310.9577313046943,0.15605175757262246,True,True,1.0009992583921008,2,750.0,300.0,18.83432307737792,10.57672716607599,355.0,rolled,1.0,True,thin_c3,1.4708929974099862,40,76,116,0.05173444747924805,0.00521397590637207,0.05694842338562012
gated_cost_merged_seed45,scale+thin,12.545454545454549,85.45454545454545,3136.2352005841685,355,rolled,3165.699500232919,0.009394799102842275,True,True,1.0009990820382457,2,750.0,300.0,21.604924746052806,11.949298378148145,355.0,rolled,1.0,True,thin_c2,1.2202498062797216,40,80,120,0.04747605323791504,0.005826711654663086,0.053302764892578125
gated_cost_merged_seed45,scale+thin,12.545454545454549,96.36363636363636,3474.753399293351,355,rolled,3540.9860770518508,0.01906111604120437,True,True,1.0009994858531934,1,750.0,300.0,24.358302208387077,13.306406012949006,355.0,rolled,1.0,True,thin_c3,1.9991137960682748,40,83,123,0.046376705169677734,0.005519866943359375,0.05189657211303711
gated_cost_merged_seed45,scale+thin,12.545454545454549,107.27272727272728,3859.290256207383,355,rolled,3929.369585568101,0.018158605522867875,True,True,1.0009984499489943,1,750.0,300.0,26.994114350447965,14.90863619714913,355.0,rolled,1.0,True,thin_c3,2.114932383661685,40,85,125,0.05567216873168945,0.013767480850219727,0.06943964958190918
gated_cost_merged_seed45,scale+thin,12.545454545454549,118.18181818181816,4215.558205846268,355,rolled,4337.041895477382,0.028817936723691078,True,True,1.000999811116665,1,750.0,300.0,29.46890207352438,16.856181144953375,355.0,rolled,1.0,True,thin_c1,1.5072234112283456,40,71,111,0.1052851676940918,0.008552312850952148,0.11383748054504395
gated_cost_merged_seed45,scale+thin,12.545454545454549,129.0909090909091,4601.917380514503,355,rolled,4757.439934623068,0.033795164330216176,True,True,1.000998711164392,1,750.0,300.0,31.809623447065395,19.06704487748241,355.0,rolled,1.0,True,thin_c2,1.8015252818232,40,71,111,0.0896761417388916,0.008517980575561523,0.09819412231445312
gated_cost_merged_seed45,scale+thin,12.545454545454549,140.0,5031.3200482783495,355,rolled,5377.730659864159,0.06885083999065941,True,True,1.0009980440974224,1,750.0,300.0,29.66813274724454,16.648175933167984,460.0,rolled,0.0,True,thin_c3,2.044541864809783,40,85,125,0.07792520523071289,0.010676145553588867,0.08860135078430176
gated_cost_merged_seed45,scale+thin,13.363636363636363,20.0,1553.9456704912225,355,rolled,1668.1661580672376,0.07350352701836,True,True,1.000998919776817,3,493.6676566496371,266.56065842832646,11.411045566459684,6.0,355.0,rolled,1.0,True,thin_c3,0.9367027282714844,40,52,92,0.10336470603942871,0.006118059158325195,0.1094827651977539
gated_cost_merged_seed45,scale+thin,13.363636363636363,30.909090909090907,2055.764041961098,355,rolled,1938.3207110078804,-0.05712879910146809,True,True,1.000977704543252,2,521.7876986084717,262.0765686035156,15.653255358770812,8.361151967524773,355.0,rolled,1.0,True,thin_c1,0.8735885620117188,40,69,109,0.09958744049072266,0.007942914962768555,0.10753035545349121
gated_cost_merged_seed45,scale+thin,13.363636363636363,41.81818181818181,2295.1327804460216,355,rolled,2438.881022985708,0.06263177615011513,True,True,1.000974775622109,2,631.6437363524047,273.7220764160156,17.664655224827044,9.748469746966077,355.0,rolled,1.0,True,scale,0.9124069213867188,40,54,94,0.06560111045837402,0.006008148193359375,0.0716092586517334
gated_cost_merged_seed45,scale+thin,13.363636363636363,52.72727272727273,2698.233573079863,355,rolled,2819.7774592655446,0.04504572450595772,True,True,1.0009726044115979,2,686.4506116148347,276.47552490234375,20.012880164960634,10.574461487516865,355.0,rolled,1.0,True,scale,0.9215850830078125,40,73,113,0.08426380157470703,0.008123159408569336,0.09238696098327637
gated_cost_merged_seed45,scale+thin,13.363636363636363,63.63636363636363,3099.504449257762,355,rolled,3567.0751370636344,0.1508533688079852,True,True,1.0009999431509196,2,750.0,300.0,19.05361401301741,10.699873635780154,355.0,rolled,1.0,True,thin_c3,1.4880188319994054,40,76,116,0.07246136665344238,0.008544445037841797,0.08100581169128418
gated_cost_merged_seed45,scale+thin,13.363636363636363,74.54545454545453,3409.0278837627866,355,rolled,3449.861404230465,0.011978054113950915,True,True,1.0009999741529811,1,750.0,300.0,22.37160113060305,12.02250032679891,355.0,rolled,1.0,True,thin_c2,1.2623823746390963,40,80,120,0.06520533561706543,0.010198831558227539,0.07540416717529297
gated_cost_merged_seed45,scale+thin,13.363636363636363,85.45454545454545,3859.8972334468967,355,rolled,3895.2933863194835,0.009170231934122742,True,True,1.0009873061474073,1,745.5968856811523,298.23875427246094,26.15768442469501,13.16539553164807,355.0,rolled,1.0,True,scale,0.9941291809082031,40,83,123,0.07226157188415527,0.013066291809082031,0.0853278636932373
gated_cost_merged_seed45,scale+thin,13.363636363636363,96.36363636363636,4319.916451720051,355,rolled,4355.5587493073335,0.00825069141628683,True,True,1.0009994881224553,1,750.0,300.0,28.745653859598743,15.024302797821639,355.0,rolled,1.0,True,thin_c2,1.620644710374915,40,70,110,0.07233309745788574,0.007857322692871094,0.08019042015075684
gated_cost_merged_seed45,scale+thin,13.363636363636363,107.27272727272728,4782.366988912803,355,rolled,4878.946687679588,0.020194957641412714,True,True,1.000998038943478,1,750.0,300.0,31.461313061574522,17.607716672441384,355.0,rolled,1.0,True,thin_c1,1.6078339949898097,40,71,111,0.0607295036315918,0.009357929229736328,0.07008743286132812
gated_cost_merged_seed45,scale+thin,13.363636363636363,118.18181818181816,5228.730538579276,355,rolled,6896.800834938986,0.31902013003962315,True,True,1.000963160664853,1,738.9364242553711,295.57456970214844,30.200386266995093,14.891279800323694,500.0,rolled,0.0,True,scale,0.9852485656738281,40,82,122,0.06688618659973145,0.010130882263183594,0.07701706886291504
gated_cost_merged_seed45,scale+thin,13.363636363636363,129.0909090909091,6054.672912989209,460,rolled,8796.95229097083,0.4529194916704014,True,True,1.000998244908116,1,750.0,300.0,29.725368010566935,16.670633374200197,550.0,rolled,0.0,True,thin_c3,1.87981421429178,40,82,122,0.06331562995910645,0.008992433547973633,0.07230806350708008
gated_cost_merged_seed45,scale+thin,13.363636363636363,140.0,6583.558144781793,460,rolled,10774.429902016796,0.6365663771887149,True,True,1.000999934450715,1,750.0,300.0,29.406148033148426,16.47809520314122,690.0,rolled,0.0,True,thin_c3,1.668234053902004,40,80,120,0.06229043006896973,0.008848428726196289,0.07113885879516602
gated_cost_merged_seed45,scale+thin,14.181818181818182,20.0,1796.9028968466985,355,rolled,1847.0559044753263,0.027910805707219367,True,True,1.0009782775846856,2,458.9733209724162,255.87615966796875,15.190322773977222,7.643818057080782,355.0,rolled,1.0,True,scale,0.8529205322265625,40,69,109,0.10984659194946289,0.008820295333862305,0.1186668872833252
gated_cost_merged_seed45,scale+thin,14.181818181818182,30.909090909090907,2224.07150895444,355,rolled,2402.397875647106,0.08018014077996038,True,True,1.0009775881810812,2,572.5512054411219,270.26824951171875,17.689974037482216,8.954221658535614,355.0,rolled,1.0,True,thin_c1,0.9008941650390625,40,70,110,0.08347797393798828,0.008382320404052734,0.09186029434204102
gated_cost_merged_seed45,scale+thin,14.181818181818182,41.81818181818181,2615.0382292659383,355,rolled,2869.1907095241686,0.09718882019157819,True,True,1.0009955032959592,2,683.9208514144494,280.2143096923828,18.243776047826184,10.71958954961667,355.0,rolled,1.0,True,thin_c1,0.9340476989746094,40,72,112,0.0783686637878418,0.010021686553955078,0.08839035034179688
gated_cost_merged_seed45,scale+thin,14.181818181818182,52.72727272727273,3202.0654799770145,355,rolled,3715.2685249224546,0.16027250165700047,True,True,0.9974816971723539,2,750.0,300.0,18.69269855748668,10.49719556301489,355.0,rolled,1.0,True,thin_c3,1.4598326309867526,40,77,117,0.12085270881652832,0.013159751892089844,0.13401246070861816
gated_cost_merged_seed45,scale+thin,14.181818181818182,63.63636363636363,3623.765744949169,355,rolled,3711.644222640407,0.02425059561692796,True,True,1.0009978222754803,1,750.0,300.0,22.290465623366487,12.517581456703974,355.0,rolled,1.0,True,thin_c3,1.7408053190811819,40,80,120,0.09894132614135742,0.00789189338684082,0.10683321952819824
gated_cost_merged_seed45,scale+thin,14.181818181818182,74.54545454545453,4194.266016339479,355,rolled,4258.194511623472,0.015241879040325099,True,True,1.000999081845482,1,750.0,300.0,26.00127454583142,14.145209286931223,355.0,rolled,1.0,True,thin_c3,2.0290853749150823,40,85,125,0.07357192039489746,0.010150432586669922,0.08372235298156738
gated_cost_merged_seed45,scale+thin,14.181818181818182,85.45454545454545,4739.8598837186255,355,rolled,4838.469342297248,0.02080429822774821,True,True,1.0009994609156183,1,750.0,300.0,29.44075501559795,16.32288708134626,355.0,rolled,1.0,True,thin_c2,1.6629512621008828,40,71,111,0.07929801940917969,0.009883403778076172,0.08918142318725586
gated_cost_merged_seed45,scale+thin,14.181818181818182,96.36363636363636,5290.364352494784,355,rolled,5482.005645252997,0.03622459248347247,True,True,1.0009998839942795,1,750.0,300.0,32.44955284373334,19.450625731395515,355.0,rolled,1.0,True,thin_c2,1.8377674268639603,40,72,112,0.08061432838439941,0.008397579193115234,0.08901190757751465
gated_cost_merged_seed45,scale+thin,14.181818181818182,107.27272727272728,6179.874379812138,355,rolled,7676.023489601237,0.2421002463539689,True,True,1.0009661931878715,1,727.1003723144531,290.84014892578125,33.93135070800781,14.537313264695419,500.0,rolled,0.0,True,scale,0.9694671630859375,40,85,125,0.07021903991699219,0.009212017059326172,0.07943105697631836
gated_cost_merged_seed45,scale+thin,14.181818181818182,118.18181818181816,6852.162427149681,460,rolled,11576.933098575404,0.6895298705566592,True,True,1.0009661500574525,2,719.5043563842773,287.80174255371094,33.57686996459961,15.1222040648583,690.0,rolled,0.0,True,scale,0.9593391418457031,40,80,120,0.0671238899230957,0.01060032844543457,0.07772421836853027
gated_cost_merged_seed45,scale+thin,14.181818181818182,129.0909090909091,9553.512737278232,500,rolled,12549.198995037483,0.3135690860671541,True,True,1.0009977175579932,1,750.0,300.0,32.04364728411241,17.95605021125408,690.0,rolled,0.0,True,thin_c3,1.8178614740786345,38,82,120,0.0771484375,0.0093231201171875,0.0864715576171875
gated_cost_merged_seed45,scale+thin,14.181818181818182,140.0,12744.824501296387,690,rolled,13462.86713941663,0.0563399392472768,True,True,1.0009978678042204,1,750.0,300.0,34.29331338833243,19.0583821651459,690.0,rolled,1.0,True,thin_c3,1.9449591595193616,8,83,91,0.016446590423583984,0.011293649673461914,0.0277402400970459
gated_cost_merged_seed45,scale+thin,15.0,20.0,2057.2483346770277,355,rolled,2049.0017700074054,-0.004008541181255582,True,True,1.0009804161841056,2,502.200650660991,254.44793701171875,15.557850994150593,7.794653255037439,355.0,rolled,1.0,True,scale,0.8481597900390625,40,52,92,0.08541631698608398,0.009478330612182617,0.0948946475982666
gated_cost_merged_seed45,scale+thin,15.0,30.909090909090907,2565.283454586496,355,rolled,2912.5152056993265,0.13535804415376054,True,True,1.0009997951822336,3,750.0,300.0,14.003089944867556,7.555661887277873,355.0,rolled,1.0,True,thin_c3,1.092564352284307,40,71,111,0.11135506629943848,0.01036691665649414,0.12172198295593262
gated_cost_merged_seed45,scale+thin,15.0,41.81818181818181,3234.6725939942403,355,rolled,3353.4386008567935,0.0367165465472654,True,True,1.000992805944746,1,725.7416786131688,289.5072362733557,18.803703092976072,11.741345642811204,355.0,rolled,1.0,True,thin_c1,1.0112568730893345,40,76,116,0.09959912300109863,0.012577295303344727,0.11217641830444336
gated_cost_merged_seed45,scale+thin,15.0,52.72727272727273,3765.638206814382,355,rolled,3815.65737624777,0.013283052350295421,True,True,1.0009992243462251,1,750.0,300.0,21.649561917162444,12.15767132814643,355.0,rolled,1.0,True,thin_c3,1.6907530411430023,40,80,120,0.11439657211303711,0.010372400283813477,0.12476897239685059
gated_cost_merged_seed45,scale+thin,15.0,63.63636363636363,4414.262908667717,355,rolled,4438.041983400491,0.005386873239036501,True,True,1.0009992337670117,1,750.0,300.0,26.038103157381098,13.58164729950857,355.0,rolled,1.0,True,thin_c2,1.4679045967433764,40,85,125,0.0742788314819336,0.010235309600830078,0.08451414108276367
gated_cost_merged_seed45,scale+thin,15.0,74.54545454545453,5073.1569950190815,355,rolled,5275.592121047587,0.03990318577313105,True,True,1.0009978172270853,1,750.0,300.0,29.418635157739278,17.6338596940739,355.0,rolled,1.0,True,thin_c2,1.6661126178243886,40,71,111,0.07766890525817871,0.009062528610229492,0.0867314338684082
gated_cost_merged_seed45,scale+thin,15.0,85.45454545454545,5700.335679671592,355,rolled,5936.3035743213395,0.0413954384285212,True,True,1.0009998264252233,1,750.0,300.0,33.25373790773429,19.93266327360465,355.0,rolled,1.0,True,thin_c2,1.8833121258279553,40,72,112,0.07676386833190918,0.009152889251708984,0.08591675758361816
gated_cost_merged_seed45,scale+thin,15.0,96.36363636363636,6971.155593281798,460,rolled,10992.356554517293,0.5768342002165012,True,True,1.0009991942420045,1,750.0,300.0,29.892925944511642,16.757554218872976,620.0,rolled,0.0,True,thin_c3,1.7848827859629752,40,80,120,0.09409666061401367,0.009790182113647461,0.10388684272766113
gated_cost_merged_seed45,scale+thin,15.0,107.27272727272728,8192.251861307222,460,rolled,12924.7018038652,0.5776738829173191,True,True,1.000966689022526,1,731.87255859375,292.7490234375,34.154052734375,16.11978832458084,690.0,rolled,0.0,True,scale,0.975830078125,39,81,120,0.07974767684936523,0.009147405624389648,0.08889508247375488
gated_cost_merged_seed45,scale+thin,15.0,118.18181818181816,13414.02255742561,620,rolled,14293.177893497825,0.06554002219010292,True,True,1.0009971801318611,1,750.0,300.0,34.298445461166885,19.219553985433812,690.0,rolled,0.0,True,thin_c3,1.945777959408968,6,83,89,0.011075496673583984,0.010660171508789062,0.021735668182373047
gated_cost_merged_seed46,none,6.0,20.0,241.3288087904857,355,rolled,306.1102682754742,0.26843649463015323,True,True,0.6722581072628809,1,250.76340547463505,150.51236797831154,9.73976814141692,6.038170273731753,355.0,rolled,1.0,False,original,,40,1,41,0.0943002700805664,0.0002257823944091797,0.09452605247497559
gated_cost_merged_seed46,none,6.0,30.909090909090907,292.67799548197263,355,rolled,362.7499261361592,0.23941646360804955,True,True,0.7415966530419259,2,276.0983257741695,169.93027267380728,10.592141658140843,6.0,355.0,rolled,1.0,False,original,,40,1,41,0.1242976188659668,0.0002455711364746094,0.1245431900024414
gated_cost_merged_seed46,none,6.0,41.81818181818181,342.2853688824266,355,rolled,407.0973935642607,0.18935084749151726,True,True,0.7821263510230951,1,316.66424935128856,171.12906983985528,11.677015042191789,6.0,355.0,rolled,1.0,False,original,,40,1,41,0.11931014060974121,0.0002582073211669922,0.1195683479309082
gated_cost_merged_seed46,none,6.0,52.72727272727273,386.25765574493386,355,rolled,437.61683946948716,0.13296612497039662,True,True,0.9073639294687778,1,362.5386204753224,164.12502219498936,12.170556529139173,6.4843124990444,355.0,rolled,1.0,False,original,,40,1,41,0.10837769508361816,0.00020813941955566406,0.10858583450317383
gated_cost_merged_seed46,none,6.0,63.63636363636363,431.68145507497405,355,rolled,514.7114964005733,0.19234099669900961,True,True,0.8418481784165761,1,402.6367693681778,174.6086989093356,12.68870141336831,7.5464743059035255,355.0,rolled,1.0,False,original,,40,1,41,0.08567380905151367,0.00022840499877929688,0.08590221405029297
gated_cost_merged_seed46,none,6.0,74.54545454545453,466.9500019446189,355,rolled,583.1871430115021,0.24892845183169987,True,True,0.7887079891501122,1,413.62479309687734,189.84749052719653,14.367092495188697,7.25202373955421,355.0,rolled,1.0,False,original,,40,1,41,0.0858154296875,0.00018095970153808594,0.08599638938903809
gated_cost_merged_seed46,none,6.0,85.45454545454545,518.2473353887603,355,rolled,561.1429313911071,0.08277050951003713,True,True,0.9106875008080513,1,436.6351684504145,187.88564000430446,13.397804551504866,7.076257613297453,355.0,rolled,1.0,False,original,,40,1,41,0.060803890228271484,0.0001671314239501953,0.06097102165222168
gated_cost_merged_seed46,none,6.0,96.36363636363636,549.7256874002802,355,rolled,647.3545781002567,0.17759564986252588,True,True,0.884029434530234,1,480.7386699311642,184.90060110391985,13.21767878800898,9.389700077812407,355.0,rolled,1.0,False,original,,40,1,41,0.06168031692504883,0.00017499923706054688,0.061855316162109375
gated_cost_merged_seed46,none,6.0,107.27272727272728,586.6560772595034,355,rolled,712.9731348520346,0.21531705285080635,True,True,0.8664292584378609,1,526.6173761310239,169.82244617405922,15.183068135278965,9.92378274362741,355.0,rolled,1.0,False,original,,40,1,41,0.0932931900024414,0.00015497207641601562,0.09344816207885742
gated_cost_merged_seed46,none,6.0,118.18181818181816,628.4217050081675,355,rolled,755.9902031779009,0.2029982369372099,True,True,0.7687927104742283,1,559.1448829860221,203.38561145886376,14.06256883740686,9.358522329446153,355.0,rolled,1.0,False,original,,40,1,41,0.0843813419342041,0.0002079010009765625,0.08458924293518066
gated_cost_merged_seed46,none,6.0,129.0909090909091,657.4964976148059,355,rolled,773.995512524948,0.1771857573884645,True,True,0.8009753494531188,2,559.2277936572146,193.3752081351868,16.62210191544679,8.585441336804458,355.0,rolled,1.0,False,original,,40,1,41,0.08506536483764648,0.000255584716796875,0.08532094955444336
gated_cost_merged_seed46,none,6.0,140.0,697.879425726456,355,rolled,864.0514298873389,0.23810990557273778,True,True,0.80224210690457,1,569.5256274660113,181.5383326299329,18.829217761475952,10.117863996675915,355.0,rolled,1.0,False,original,,40,1,41,0.09597921371459961,0.00023221969604492188,0.09621143341064453
gated_cost_merged_seed46,none,6.818181818181818,20.0,317.0885192434045,355,rolled,413.7685668895352,0.3048992372124228,True,True,0.7910108099694406,2,251.99057616849194,173.27818108939303,10.87025541444947,6.0,355.0,rolled,1.0,False,original,,40,1,41,0.10273098945617676,0.00019884109497070312,0.10292983055114746
gated_cost_merged_seed46,none,6.818181818181818,30.909090909090907,392.6423822212096,355,rolled,559.0078607689927,0.4237073889136477,True,True,0.7552247100286469,1,411.5687598236794,136.74492720840365,12.795917666498068,8.954842519943822,355.0,rolled,1.0,False,original,,40,1,41,0.08206820487976074,0.0002167224884033203,0.08228492736816406
gated_cost_merged_seed46,none,6.818181818181818,41.81818181818181,455.0251859822217,355,rolled,605.8025447695978,0.3313604684582605,True,True,0.6850580385201371,1,410.04475944535346,185.18235707771214,12.840604601786735,7.239216154142921,355.0,rolled,1.0,False,original,,40,1,41,0.07544517517089844,0.0002079010009765625,0.075653076171875
gated_cost_merged_seed46,none,6.818181818181818,52.72727272727273,519.9507333014534,355,rolled,637.4042227277096,0.22589349702514952,True,True,0.9059141261415105,1,424.0411332636764,156.66223224069537,14.748640485542065,8.390240295743954,355.0,rolled,1.0,False,original,,40,1,41,0.07777118682861328,0.00017642974853515625,0.07794761657714844
gated_cost_merged_seed46,none,6.818181818181818,63.63636363636363,570.1996303697795,355,rolled,683.0516731755694,0.19791672388949877,True,True,0.9494040079549669,1,441.39413599238935,170.45212467294928,14.108634808441433,8.93017105287103,355.0,rolled,1.0,False,original,,40,1,41,0.08512997627258301,0.00022554397583007812,0.08535552024841309
gated_cost_merged_seed46,none,6.818181818181818,74.54545454545453,645.0378754655677,355,rolled,769.0905077864585,0.19231836926064777,True,True,0.8831968627201305,1,477.5980412641655,178.52087258840524,15.41568286774771,9.100948440351956,355.0,rolled,1.0,False,original,,40,1,41,0.09192228317260742,0.0002803802490234375,0.09220266342163086
gated_cost_merged_seed46,none,6.818181818181818,85.45454545454545,698.212152166206,355,rolled,860.0926251315738,0.2318499792120961,True,True,0.9006696149527879,1,512.3512088641936,170.30663145989476,16.771713259717686,10.421183362753506,355.0,rolled,1.0,False,original,,40,1,41,0.07477426528930664,0.00015735626220703125,0.07493162155151367
gated_cost_merged_seed46,none,6.818181818181818,96.36363636363636,733.8166260116295,355,rolled,856.0248721057135,0.16653785395719176,True,True,0.984044514316201,1,522.5042615271295,186.35081068191013,14.347783936600386,10.741716446923585,355.0,rolled,1.0,False,original,,40,1,41,0.05131959915161133,0.0001468658447265625,0.05146646499633789
gated_cost_merged_seed46,none,6.818181818181818,107.27272727272728,798.4291807439346,355,rolled,968.9333063620244,0.21354946654031728,True,True,0.8054455700104148,1,538.3560852047883,207.53207073219943,18.057317962755242,9.08289513527052,355.0,rolled,1.0,False,original,,40,1,41,0.04786825180053711,0.00015735626220703125,0.04802560806274414
gated_cost_merged_seed46,none,6.818181818181818,118.18181818181816,860.6462645405438,355,rolled,979.6274964932983,0.1382463816493442,True,True,0.9264040448364972,1,581.0444613471717,191.57095527704683,16.304351340166374,10.83616896887314,355.0,rolled,1.0,False,original,,40,1,41,0.050339698791503906,0.000148773193359375,0.05048847198486328
gated_cost_merged_seed46,none,6.818181818181818,129.0909090909091,896.311601431932,355,rolled,995.4469864169982,0.110603706151621,True,True,0.8921939865498119,2,598.8586893872344,197.77662171389557,18.283903829595246,9.16680782979151,355.0,rolled,1.0,False,original,,40,1,41,0.05576062202453613,0.0001556873321533203,0.05591630935668945
gated_cost_merged_seed46,none,6.818181818181818,140.0,931.1411275891702,355,rolled,1064.7294618996827,0.14346733309523968,True,True,0.9150078916974174,1,611.1517681664482,214.74544207322305,15.655152630053461,11.253125759680804,355.0,rolled,1.0,False,original,,40,1,41,0.05310988426208496,0.0001475811004638672,0.05325746536254883
gated_cost_merged_seed46,none,7.636363636363637,20.0,409.6201332461394,355,rolled,654.950341564612,0.5989212648662816,True,True,0.720759692838969,1,285.8060476940776,179.4993589725198,12.697580433920336,6.0,355.0,rolled,1.0,False,original,,40,1,41,0.06473875045776367,0.0001933574676513672,0.06493210792541504
gated_cost_merged_seed46,none,7.636363636363637,30.909090909090907,501.774525145321,355,rolled,753.6133274952613,0.5018963493154703,True,True,0.752615536016316,1,324.01089101436537,188.32081131642113,13.983253740783832,6.0,355.0,rolled,1.0,False,original,,40,1,41,0.04782700538635254,0.00022077560424804688,0.048047780990600586
gated_cost_merged_seed46,none,7.636363636363637,41.81818181818181,593.9298338756057,355,rolled,704.4319709429049,0.18605251119687485,True,True,0.9357103729277554,1,394.6332085837098,172.8452234904329,14.487891699025365,7.70664446950743,355.0,rolled,1.0,False,original,,40,1,41,0.0633997917175293,0.00014853477478027344,0.06354832649230957
gated_cost_merged_seed46,none,7.636363636363637,52.72727272727273,675.9362632758116,355,rolled,821.7564600700427,0.21573069047596005,True,True,0.9788071020890986,1,438.54866262184044,173.93928095995554,14.749312135134609,9.775909502024039,355.0,rolled,1.0,False,original,,40,1,41,0.06966066360473633,0.00013828277587890625,0.06979894638061523
gated_cost_merged_seed46,none,7.636363636363637,63.63636363636363,779.5020738899598,355,rolled,919.9696804124912,0.18020170981913372,True,True,0.9213204155048758,1,469.8168588524729,182.35431307049126,16.841251870826397,9.352199777259507,355.0,rolled,1.0,False,original,,40,1,41,0.04981708526611328,0.0001418590545654297,0.04995894432067871
gated_cost_merged_seed46,none,7.636363636363637,74.54545454545453,846.6406079690952,355,rolled,998.2348253486018,0.17905379915941885,True,True,0.9425165200707103,1,505.1490495325491,187.85399616058595,16.69806108844446,10.210651864401328,355.0,rolled,1.0,False,original,,40,1,41,0.047768592834472656,0.00014638900756835938,0.047914981842041016
gated_cost_merged_seed46,none,7.636363636363637,85.45454545454545,921.2774310054268,355,rolled,1035.0799339824655,0.12352685428627233,True,True,0.991609505405259,1,523.4952308469564,194.87259816594903,16.51891484653313,10.320336580944765,355.0,rolled,1.0,False,original,,40,1,41,0.04721403121948242,0.00013947486877441406,0.047353506088256836
gated_cost_merged_seed46,none,7.636363636363637,96.36363636363636,990.3158107657674,355,rolled,1126.1963730126686,0.13720932329842409,True,True,0.9267215760620038,1,594.1241501939794,204.83537699253498,15.605998129896602,10.869983664628244,355.0,rolled,1.0,False,original,,40,1,41,0.0787198543548584,0.0001499652862548828,0.07886981964111328
gated_cost_merged_seed46,none,7.636363636363637,107.27272727272728,1055.0870687226268,355,rolled,1350.0809266368183,0.2795919565873694,True,True,0.990518169438081,3,571.6789705860022,217.37493078977522,19.713423772256853,7.603275677855577,355.0,rolled,1.0,False,original,,40,1,41,0.06698250770568848,0.0001404285430908203,0.0671229362487793
gated_cost_merged_seed46,none,7.636363636363637,118.18181818181816,1088.4839809208006,355,rolled,1467.611703902847,0.34830804093352313,True,True,0.9150695670601232,2,614.7919534365865,193.94366897553775,22.507187211006396,8.74974120671135,355.0,rolled,1.0,False,original,,40,1,41,0.05771636962890625,0.00014901161193847656,0.05786538124084473
gated_cost_merged_seed46,none,7.636363636363637,129.0909090909091,1173.7978050697595,355,rolled,1474.398803843665,0.25609265707907897,True,True,0.7965580769329778,1,637.0651684833463,217.34665761118856,22.303710100481222,11.284283140057582,355.0,rolled,1.0,False,original,,40,1,41,0.05102872848510742,0.0001404285430908203,0.05116915702819824
gated_cost_merged_seed46,none,7.636363636363637,140.0,1251.7374258469372,355,rolled,1420.1002902844714,0.1345033398866526,True,True,0.9456503980307202,1,656.0000229170852,201.56893118572395,21.192691962445878,11.788987984418304,355.0,rolled,1.0,False,original,,40,1,41,0.059500932693481445,0.00015854835510253906,0.059659481048583984
gated_cost_merged_seed46,none,8.454545454545455,20.0,516.1523336674153,355,rolled,790.5594256574486,0.5316397390675145,True,True,0.7762401270203803,1,306.65676554626083,184.57234677552725,13.533153096061397,6.0,355.0,rolled,1.0,False,original,,40,1,41,0.06002068519592285,0.00014328956604003906,0.06016397476196289
gated_cost_merged_seed46,none,8.454545454545455,30.909090909090907,633.218032838701,355,rolled,842.7129001932581,0.33084160034956156,True,True,0.8345644170656564,1,395.4724419439053,171.90047600854058,15.681538065357854,8.418473254682091,355.0,rolled,1.0,False,original,,40,1,41,0.057698726654052734,0.00013899803161621094,0.057837724685668945
gated_cost_merged_seed46,none,8.454545454545455,41.81818181818181,757.3789000305048,355,rolled,943.1491583657286,0.24528047761528804,True,True,0.9536136713793746,1,454.6462154999349,165.84692542148684,16.791592307674666,9.249865727922153,355.0,rolled,1.0,False,original,,40,1,41,0.061814069747924805,0.00014495849609375,0.061959028244018555
gated_cost_merged_seed46,none,8.454545454545455,52.72727272727273,897.7427828478864,355,rolled,1157.3234916919923,0.28914819902048644,True,True,0.8469476516899066,2,429.40685586859604,216.1704371894558,16.882934425891804,6.2429426582510175,355.0,rolled,1.0,False,original,,40,1,41,0.055908918380737305,0.0001385211944580078,0.05604743957519531
gated_cost_merged_seed46,none,8.454545454545455,63.63636363636363,969.5859503873623,355,rolled,1115.5049749767027,0.1504962242192595,True,True,0.9907063302545084,1,485.20476289044086,202.5635100356042,16.80220132018611,9.714338559900284,355.0,rolled,1.0,False,original,,40,1,41,0.062361717224121094,0.00015854835510253906,0.06252026557922363
gated_cost_merged_seed46,none,8.454545454545455,74.54545454545453,1093.1775012217977,355,rolled,1324.5039260957785,0.2116092076679562,True,True,0.9394854913994618,1,588.3313840425562,189.08806876440406,17.836036455721917,11.844825182524731,355.0,rolled,1.0,False,original,,40,1,41,0.047621726989746094,0.00014448165893554688,0.04776620864868164
gated_cost_merged_seed46,none,8.454545454545455,85.45454545454545,1181.2789978646645,355,rolled,1364.4839470395957,0.15509032963940028,True,True,0.9069658570744106,1,559.857508727702,220.20222089012566,18.751731880476573,10.403226355726737,355.0,rolled,1.0,False,original,,40,1,41,0.043999671936035156,0.00013685226440429688,0.04413652420043945
gated_cost_merged_seed46,none,8.454545454545455,96.36363636363636,1257.923897819336,355,rolled,1329.458178760062,0.05686693850457396,True,True,0.9587517571591564,2,597.2625371439891,228.6294468346819,17.8949916724098,9.187248417139458,355.0,rolled,1.0,False,original,,40,1,41,0.08767986297607422,0.0001583099365234375,0.08783817291259766
gated_cost_merged_seed46,none,8.454545454545455,107.27272727272728,1352.4875507253705,355,rolled,1691.3586591543792,0.2505539575926331,True,True,0.8342632864577654,1,505.0447775863853,264.13191272939656,22.17698044777014,11.411958965661313,355.0,rolled,1.0,False,original,,40,1,41,0.04663729667663574,0.0001430511474609375,0.04678034782409668
gated_cost_merged_seed46,none,8.454545454545455,118.18181818181816,1418.3994702060834,355,rolled,1628.7021335004822,0.1482675844935583,True,True,0.9624090024429672,1,616.0071428628174,228.5911528426541,20.526158857107678,12.104829570208398,355.0,rolled,1.0,False,original,,40,1,41,0.05187082290649414,0.00013518333435058594,0.05200600624084473
gated_cost_merged_seed46,none,8.454545454545455,129.0909090909091,1503.943042662674,355,rolled,1706.382776179694,0.1346059842523079,True,True,0.8621304625849305,2,699.6993871139242,236.95577596408077,21.105003188376244,10.831418299231368,355.0,rolled,1.0,False,original,,40,1,41,0.05362272262573242,0.00020837783813476562,0.05383110046386719
gated_cost_merged_seed46,none,8.454545454545455,140.0,1589.050557323039,355,rolled,1648.5654904483602,0.037453140084845286,True,True,1.0004334001403667,2,691.6094663721319,232.3311247478168,20.312922292137927,10.913648172615762,355.0,rolled,1.0,False,original,,40,1,41,0.045255422592163086,0.00014162063598632812,0.045397043228149414
gated_cost_merged_seed46,none,9.272727272727272,20.0,633.3700898588271,355,rolled,896.1450193905214,0.4148837050234952,True,True,0.8896014405538974,1,371.64042813464687,162.33597446912435,14.92682798985652,6.0,355.0,rolled,1.0,False,original,,40,1,41,0.06312847137451172,0.0001685619354248047,0.06329703330993652
gated_cost_merged_seed46,none,9.272727272727272,30.909090909090907,801.8071464602682,355,rolled,1052.306813407762,0.3124188504098184,True,True,0.8192200115801285,1,437.05721356273506,184.385488791694,16.498933355797128,8.770387199527002,355.0,rolled,1.0,False,original,,40,1,41,0.05693864822387695,0.00016546249389648438,0.05710411071777344
gated_cost_merged_seed46,none,9.272727272727272,41.81818181818181,962.5021253931346,355,rolled,1200.1652766409218,0.24692220928937011,True,True,0.8719083441888621,1,473.38934742888074,196.77013659233825,17.240416903197037,9.560347319641116,355.0,rolled,1.0,False,original,,40,1,41,0.05048012733459473,0.00014925003051757812,0.050629377365112305
gated_cost_merged_seed46,none,9.272727272727272,52.72727272727273,1070.6846994207378,355,rolled,1325.7553893767313,0.23823137670127523,True,True,0.8889416104856059,1,467.63553051637274,222.3523966351156,18.358456399982977,9.203384687324917,355.0,rolled,1.0,False,original,,40,1,41,0.05587458610534668,0.0002193450927734375,0.05609393119812012
gated_cost_merged_seed46,none,9.272727272727272,63.63636363636363,1216.7126656588257,355,rolled,1595.598662053591,0.31140137444826055,True,True,0.9853491054631807,3,549.120199048913,217.8200066378323,19.631526726082974,7.311856529078521,355.0,rolled,1.0,False,original,,40,1,41,0.05841541290283203,0.0001506805419921875,0.05856609344482422
gated_cost_merged_seed46,none,9.272727272727272,74.54545454545453,1356.4151141978043,355,rolled,1790.5660982930253,0.32007235804946166,True,True,0.9896167618098675,3,580.1046321084676,205.32401074791767,23.77247740989153,7.5460032905180245,355.0,rolled,1.0,False,original,,40,1,41,0.06692719459533691,0.00014328956604003906,0.06707048416137695
gated_cost_merged_seed46,none,9.272727272727272,85.45454545454545,1422.5235716023028,355,rolled,1913.7154869548046,0.34529615196409913,True,True,0.9524631812512492,2,539.4339679346394,239.41787492819822,22.32408638852547,8.16322478270773,355.0,rolled,1.0,False,original,,40,1,41,0.0770864486694336,0.0002219676971435547,0.07730841636657715
gated_cost_merged_seed46,none,9.272727272727272,96.36363636363636,1530.0841209322955,355,rolled,1935.6877420839544,0.26508583129698815,True,True,0.8463751199382937,1,658.1060929425821,229.09360661008435,22.5946809214574,12.004873104421451,355.0,rolled,1.0,False,original,,40,1,41,0.04873251914978027,0.00013780593872070312,0.04887032508850098
gated_cost_merged_seed46,none,9.272727272727272,107.27272727272728,1647.0835657255905,355,rolled,1985.7061610348771,0.2055892016384203,True,True,0.9328405144569519,1,648.5939394607921,248.59133820317385,19.632500821232146,13.797614608685596,355.0,rolled,1.0,False,original,,40,1,41,0.050818443298339844,0.0001380443572998047,0.05095648765563965
gated_cost_merged_seed46,none,9.272727272727272,118.18181818181816,1794.0191544704012,355,rolled,2149.6309354322816,0.1982207269502972,True,True,0.8644147368579717,1,711.3768712176338,241.79301434348554,22.586264075489677,13.127584309324059,355.0,rolled,1.0,False,original,,40,1,41,0.0581667423248291,0.0001499652862548828,0.058316707611083984
gated_cost_merged_seed46,none,9.272727272727272,129.0909090909091,1876.6125693849333,355,rolled,2468.2051705076074,0.31524493162516265,True,True,0.9589794190504689,1,694.4001019428964,229.5554991963204,26.064851396939737,10.944772397287531,355.0,rolled,1.0,False,original,,40,1,41,0.045652151107788086,0.00015687942504882812,0.045809030532836914
gated_cost_merged_seed46,none,9.272727272727272,140.0,1975.8458780810136,355,rolled,2552.954641890467,0.2920818724838774,True,True,0.9647044083045566,2,720.0522886612986,225.9976031291494,28.003888106379886,10.527609679894796,355.0,rolled,1.0,False,original,,40,1,41,0.07425475120544434,0.00021648406982421875,0.07447123527526855
gated_cost_merged_seed46,none,10.09090909090909,20.0,771.2799576046779,355,rolled,1025.5549119696648,0.32967919347298325,True,True,0.8640725927630094,1,450.9515262045172,164.3399973712468,15.276619925033309,8.566612375874612,355.0,rolled,1.0,False,original,,40,1,41,0.04682636260986328,0.00014901161193847656,0.04697537422180176
gated_cost_merged_seed46,none,10.09090909090909,30.909090909090907,964.7090665866748,355,rolled,1483.589183720575,0.5378617607169354,True,True,0.7575012893838102,2,430.4722474340703,213.07136232950788,19.098686803577365,6.0,355.0,rolled,1.0,False,original,,40,1,41,0.06817483901977539,0.0002892017364501953,0.06846404075622559
gated_cost_merged_seed46,none,10.09090909090909,41.81818181818181,1147.2574547707825,355,rolled,1417.5138651861807,0.23556736048352322,True,True,0.9946701179896886,1,504.9427692583621,195.00085298027412,17.747987325359446,10.642777008045407,355.0,rolled,1.0,False,original,,40,1,41,0.0527186393737793,0.00014162063598632812,0.052860260009765625
gated_cost_merged_seed46,none,10.09090909090909,52.72727272727273,1318.1429375417918,355,rolled,1816.4440758512155,0.37803270352357,True,True,0.8739711234724764,2,528.0916546599988,225.63893053795178,20.713487169666337,7.189618524055771,355.0,rolled,1.0,False,original,,40,1,41,0.05823254585266113,0.00014066696166992188,0.058373212814331055
gated_cost_merged_seed46,none,10.09090909090909,63.63636363636363,1473.4968374975142,355,rolled,1817.1622933844315,0.2332312137639705,True,True,0.8930701642580549,1,627.5528203729684,219.0943288258453,19.748888033104173,11.264811020394923,355.0,rolled,1.0,False,original,,40,1,41,0.04944491386413574,0.0001571178436279297,0.04960203170776367
gated_cost_merged_seed46,none,10.09090909090909,74.54545454545453,1593.8205978972342,355,rolled,2084.336962395929,0.3077613409852054,True,True,0.9998927327645267,2,594.14884060383,217.2679748204032,23.774640022149594,8.068355744482568,355.0,rolled,1.0,False,original,,40,1,41,0.04854249954223633,0.0001399517059326172,0.048682451248168945
gated_cost_merged_seed46,none,10.09090909090909,85.45454545454545,1744.078619322344,355,rolled,2122.346754490008,0.2168870892498178,True,True,0.9579546223015837,1,686.4737122442029,236.93095569722416,18.78522611808929,13.78071237598062,355.0,rolled,1.0,False,original,,40,1,41,0.04954981803894043,0.00014972686767578125,0.04969954490661621
gated_cost_merged_seed46,none,10.09090909090909,96.36363636363636,1930.113776773892,355,rolled,2509.379612348631,0.3001200460539475,True,True,0.76583224469351,1,664.9629378396842,268.17208316627176,24.998262936672056,12.505263977193447,355.0,rolled,1.0,False,original,,40,1,41,0.05325961112976074,0.00014519691467285156,0.053404808044433594
gated_cost_merged_seed46,none,10.09090909090909,107.27272727272728,2067.605711285596,355,rolled,2625.9309876620537,0.270034694395046,True,True,0.998211308760961,1,682.0772686146151,245.15032354018302,23.6924751177556,10.958042200626677,355.0,rolled,1.0,False,original,,40,1,41,0.0537874698638916,0.00015044212341308594,0.05393791198730469
gated_cost_merged_seed46,none,10.09090909090909,118.18181818181816,2170.353625378734,355,rolled,2518.4260420063,0.16037590029450918,True,True,0.9520591014325341,1,684.5262503858489,253.976486190274,25.525590302837557,12.957494254510387,355.0,rolled,1.0,False,original,,40,1,41,0.05087423324584961,0.00014209747314453125,0.05101633071899414
gated_cost_merged_seed46,none,10.09090909090909,129.0909090909091,2307.5736162550616,355,rolled,3065.217169050349,0.32832909314713865,True,True,0.9637605344301051,1,709.3033741160617,249.84664582864946,27.787064843332015,11.921117463765802,355.0,rolled,1.0,False,original,,40,1,41,0.04631376266479492,0.00014472007751464844,0.04645848274230957
gated_cost_merged_seed46,none,10.09090909090909,140.0,2443.406284429296,355,rolled,3159.9736290446,0.29326573692703406,True,True,0.8634102694005837,1,654.5239484040449,282.54059117942427,30.786390434323746,15.466952949167865,355.0,rolled,1.0,False,original,,40,1,41,0.05191493034362793,0.000148773193359375,0.052063703536987305
gated_cost_merged_seed46,none,10.90909090909091,20.0,939.0466900997784,355,rolled,1185.2449874668105,0.2621789735938181,True,True,0.8730004639334263,2,540.6575996226541,181.31952763258013,13.376784338991506,8.497302667016488,355.0,rolled,1.0,False,original,,40,1,41,0.04581141471862793,0.00015783309936523438,0.045969247817993164
gated_cost_merged_seed46,none,10.90909090909091,30.909090909090907,1197.1649157491154,355,rolled,1683.0190100537534,0.40583723087192136,True,True,0.9003229026475185,3,466.86796391954897,206.91899010805736,20.42844649234597,6.0,355.0,rolled,1.0,False,original,,40,1,41,0.05083918571472168,0.00021839141845703125,0.05105757713317871
gated_cost_merged_seed46,none,10.90909090909091,41.81818181818181,1403.509472950396,355,rolled,1691.39794645674,0.20512043492029847,True,True,0.9663762839525326,1,489.71314962238984,218.94954188593937,19.71231172758509,10.042739226052689,355.0,rolled,1.0,False,original,,40,1,41,0.05250406265258789,0.0001361370086669922,0.05264019966125488
gated_cost_merged_seed46,none,10.90909090909091,52.72727272727273,1588.7457907355176,355,rolled,1984.3609279084321,0.24901097424136215,True,True,0.8948343618556909,1,539.2423539409558,240.79074318572887,20.880187662677233,10.808467082941972,355.0,rolled,1.0,False,original,,40,1,41,0.05114579200744629,0.00014400482177734375,0.05128979682922363
gated_cost_merged_seed46,none,10.90909090909091,63.63636363636363,1789.9941201560932,355,rolled,2436.793639528507,0.36134170056156983,True,True,0.9258458115877262,2,602.8884477935643,225.52122854111815,24.922804681284006,8.498446178103762,355.0,rolled,1.0,False,original,,40,1,41,0.06772732734680176,0.0002205371856689453,0.0679478645324707
gated_cost_merged_seed46,none,10.90909090909091,74.54545454545453,1942.2808212955651,355,rolled,2356.2460447049793,0.21313355868554876,True,True,0.9035271879222861,1,655.663210134249,244.51419028765918,23.07364854222969,11.551855776628784,355.0,rolled,1.0,False,original,,40,1,41,0.045623779296875,0.00014400482177734375,0.045767784118652344
gated_cost_merged_seed46,none,10.90909090909091,85.45454545454545,2177.190622234541,355,rolled,2875.585351156285,0.3207779428174059,True,True,0.9759785580439402,1,610.5581845598466,246.21318025835018,27.33174005188054,9.629355685646493,355.0,rolled,1.0,False,original,,40,1,41,0.06177997589111328,0.0001773834228515625,0.061957359313964844
gated_cost_merged_seed46,none,10.90909090909091,96.36363636363636,2344.698716886334,355,rolled,2503.9215121804946,0.06790757130007827,True,True,0.9987991206128011,1,704.2749383256744,258.97711159429184,22.847158991505342,11.599809930522204,355.0,rolled,1.0,False,original,,40,1,41,0.05182075500488281,0.0001418590545654297,0.05196261405944824
gated_cost_merged_seed46,none,10.90909090909091,107.27272727272728,2499.121791022924,355,rolled,2868.819220103738,0.14793093734319057,True,True,0.9066231170177872,1,750.0,268.3601741018312,24.548370622981356,13.033782113512213,355.0,rolled,1.0,False,original,,40,1,41,0.0527644157409668,0.0001327991485595703,0.05289721488952637
gated_cost_merged_seed46,none,10.90909090909091,118.18181818181816,2669.547168301596,355,rolled,3482.4407359261027,0.3045061639205579,True,True,0.961890134442996,1,733.7452858183002,264.8752346234261,27.4124949107078,12.166345976377754,355.0,rolled,1.0,False,original,,40,1,41,0.05059003829956055,0.0002677440643310547,0.0508577823638916
gated_cost_merged_seed46,none,10.90909090909091,129.0909090909091,2855.841135487434,355,rolled,3117.577071161027,0.09164933315834473,True,True,0.9349926449676301,1,750.0,300.0,24.48487147148514,13.629535355928667,355.0,rolled,1.0,False,original,,40,1,41,0.05977630615234375,0.0001385211944580078,0.05991482734680176
gated_cost_merged_seed46,none,10.90909090909091,140.0,3091.557267278178,355,rolled,3880.472541708511,0.2551837815784333,True,True,0.8593286994968783,1,682.6755799958507,300.0,32.757153981885075,17.052989394590142,355.0,rolled,1.0,False,original,,40,1,41,0.048154592514038086,0.00013637542724609375,0.04829096794128418
gated_cost_merged_seed46,none,11.727272727272728,20.0,1117.8784812198996,355,rolled,1878.1902367986922,0.680138108347065,True,True,0.6437536281699123,2,413.70731633832276,219.28457607204442,20.975384588743516,6.0,355.0,rolled,1.0,False,original,,40,1,41,0.05258035659790039,0.0001571178436279297,0.05273747444152832
gated_cost_merged_seed46,none,11.727272727272728,30.909090909090907,1399.1707585826318,355,rolled,2002.3499839546962,0.4310976495700128,True,True,0.8158804915446805,2,441.6386275359709,228.03122089114976,21.47318791884233,6.0,355.0,rolled,1.0,False,original,,40,1,41,0.057167768478393555,0.00014328956604003906,0.057311058044433594
gated_cost_merged_seed46,none,11.727272727272728,41.81818181818181,1658.320920880548,355,rolled,2218.4817038071947,0.3377879250472267,True,True,0.9872365351544302,3,559.2669491704056,235.08417452502232,20.546512581425876,7.411052522679805,355.0,rolled,1.0,False,original,,40,1,41,0.05438637733459473,0.0003426074981689453,0.05472898483276367
gated_cost_merged_seed46,none,11.727272727272728,52.72727272727273,1896.895430152976,355,rolled,2476.888808310109,0.3057592785229914,True,True,0.8663074625862588,1,639.2520786333416,226.11947397752323,23.94809333836959,11.987314893798594,355.0,rolled,1.0,False,original,,40,1,41,0.06595969200134277,0.00014257431030273438,0.06610226631164551
gated_cost_merged_seed46,none,11.727272727272728,63.63636363636363,2122.483987052358,355,rolled,2954.0628939739036,0.3917951381467982,True,True,0.9733698824860625,3,667.8763646632335,231.3762754618826,26.889761314163813,9.010949622024206,355.0,rolled,1.0,False,original,,40,1,41,0.054250478744506836,0.00014901161193847656,0.05439949035644531
gated_cost_merged_seed46,none,11.727272727272728,74.54545454545453,2414.680044837911,355,rolled,3324.143174775078,0.3766391874076287,True,True,0.9012816447788045,2,678.590268353078,232.48038317528676,30.29515168444386,9.940068347699134,355.0,rolled,1.0,False,original,,40,1,41,0.06062793731689453,0.00013256072998046875,0.060760498046875
gated_cost_merged_seed46,none,11.727272727272728,85.45454545454545,2607.2244497923484,355,rolled,3458.9365850804825,0.3266738831618307,True,True,0.955106401905309,2,667.6801529473416,247.09351121559624,30.469739896611586,9.874979799979831,355.0,rolled,1.0,False,original,,40,1,41,0.050231218338012695,0.0001480579376220703,0.050379276275634766
gated_cost_merged_seed46,none,11.727272727272728,96.36363636363636,2824.34606849496,355,rolled,3601.792516456188,0.2752660010872939,True,True,0.8448606621118177,1,720.2273594387217,269.23610641027693,29.725603827201795,15.210482248206667,355.0,rolled,1.0,False,original,,40,1,41,0.049490928649902344,0.00013756752014160156,0.049628496170043945
gated_cost_merged_seed46,none,11.727272727272728,107.27272727272728,3054.1802093068686,355,rolled,4020.279369329868,0.3163202868904226,True,True,0.9537976803365589,3,749.8003055704497,271.3825402045004,32.83586404538384,9.710431741240626,355.0,rolled,1.0,False,original,,40,1,41,0.04609560966491699,0.0001678466796875,0.04626345634460449
gated_cost_merged_seed46,none,11.727272727272728,118.18181818181816,3357.8991517305085,355,rolled,4522.072994628089,0.3466970835909763,True,True,0.8163045837125192,2,750.0,290.0695034680737,35.0,10.609023362436199,355.0,rolled,1.0,False,original,,40,1,41,0.08061075210571289,0.00020313262939453125,0.08081388473510742
gated_cost_merged_seed46,none,11.727272727272728,129.0909090909091,3650.466675336178,355,rolled,4494.185828925701,0.23112638153636153,True,True,0.839428521185826,1,713.5010447796445,300.0,35.0,17.89141927744727,355.0,rolled,1.0,False,original,,40,1,41,0.06872892379760742,0.00014209747314453125,0.06887102127075195
gated_cost_merged_seed46,none,11.727272727272728,140.0,3950.7596541302537,355,rolled,4554.73756370058,0.1528763990841376,True,True,0.8621689430109848,1,750.0,300.0,35.0,17.575305851146542,355.0,rolled,1.0,False,original,,40,1,41,0.057739973068237305,0.00014162063598632812,0.05788159370422363
gated_cost_merged_seed46,none,12.545454545454549,20.0,1307.1994834284806,355,rolled,1880.3798047765297,0.43847961127151786,True,True,0.7105496257268114,1,552.2217029959188,218.15187026362753,16.769288256843414,10.410781899810837,355.0,rolled,1.0,False,original,,40,1,41,0.053041934967041016,0.0001289844512939453,0.05317091941833496
gated_cost_merged_seed46,none,12.545454545454549,30.909090909090907,1673.5520688887286,355,rolled,2177.4039503917493,0.3010673470336589,True,True,0.8583246906676434,1,547.8485141914164,235.21116041042114,18.61540725909218,11.687756202236923,355.0,rolled,1.0,False,original,,40,1,41,0.05640721321105957,0.0001468658447265625,0.05655407905578613
gated_cost_merged_seed46,none,12.545454545454549,41.81818181818181,1957.4303873162305,355,rolled,2664.8986002793085,0.3614270104047301,True,True,0.9549946498148861,1,644.0544378429365,214.11635458927506,21.92140966178203,14.385563213132995,355.0,rolled,1.0,False,original,,40,1,41,0.04626941680908203,0.00014734268188476562,0.0464167594909668
gated_cost_merged_seed46,none,12.545454545454549,52.72727272727273,2222.5772160497027,355,rolled,3082.2069983379733,0.3867716163383217,True,True,0.9694781640799985,1,613.2181932097375,242.56308237463816,24.659740147008943,9.878317766844793,355.0,rolled,1.0,False,original,,40,1,41,0.047470808029174805,0.0001385211944580078,0.04760932922363281
gated_cost_merged_seed46,none,12.545454545454549,63.63636363636363,2552.3230156844406,355,rolled,2948.9616445595548,0.15540299031028015,True,True,0.9079419457866623,1,729.1913017287657,263.1219322120466,22.56813700521458,11.792223302986473,355.0,rolled,1.0,False,original,,40,1,41,0.046538352966308594,0.0001366138458251953,0.04667496681213379
gated_cost_merged_seed46,none,12.545454545454549,74.54545454545453,2864.0220557743514,355,rolled,3313.6221441418347,0.15698206215312263,True,True,0.9504366874878849,1,690.8335681208074,286.2000463139158,22.67193152852962,14.611446838471679,355.0,rolled,1.0,False,original,,40,1,41,0.048554420471191406,0.00014090538024902344,0.04869532585144043
gated_cost_merged_seed46,none,12.545454545454549,85.45454545454545,3136.2352005841685,355,rolled,4223.002646907014,0.34651975276612546,True,True,0.8889225104910629,2,728.5274132808526,262.89394261895995,32.30753787975412,10.597903361552804,355.0,rolled,1.0,False,original,,40,1,41,0.04866766929626465,0.00014281272888183594,0.048810482025146484
gated_cost_merged_seed46,none,12.545454545454549,96.36363636363636,3474.753399293351,355,rolled,4687.050494067152,0.34888723183070824,True,True,0.7533541087717147,1,742.3984478279459,300.0,32.305143919054544,18.16779940833008,355.0,rolled,1.0,False,original,,40,1,41,0.05959343910217285,0.00013756752014160156,0.05973100662231445
gated_cost_merged_seed46,none,12.545454545454549,107.27272727272728,3859.290256207383,355,rolled,4606.071986000219,0.19350234893363946,True,True,0.836183683818015,1,750.0,300.0,32.40960173328416,17.081058398971297,355.0,rolled,1.0,False,original,,40,1,41,0.054442644119262695,0.0001571178436279297,0.054599761962890625
gated_cost_merged_seed46,none,12.545454545454549,118.18181818181816,4215.558205846268,355,rolled,4867.778471971149,0.15471741446254061,True,True,0.8585555454928618,1,750.0,300.0,35.0,17.528250752115504,355.0,rolled,1.0,False,original,,40,1,41,0.0469660758972168,0.000148773193359375,0.04711484909057617
gated_cost_merged_seed46,none,12.545454545454549,129.0909090909091,4601.917380514503,355,rolled,5048.436945941528,0.09702902692640342,True,True,0.921377912611553,1,750.0,300.0,35.0,19.324919568819773,355.0,rolled,1.0,False,original,,40,1,41,0.04802536964416504,0.0001361370086669922,0.04816150665283203
gated_cost_merged_seed46,none,12.545454545454549,140.0,5031.3200482783495,355,rolled,5419.271733438694,0.07710733593524759,True,True,0.9634265517254782,1,750.0,300.0,35.0,23.01291318574003,355.0,rolled,1.0,False,original,,40,1,41,0.04328656196594238,0.00019812583923339844,0.04348468780517578
gated_cost_merged_seed46,none,13.363636363636363,20.0,1553.9456704912225,355,rolled,2623.2536369358095,0.688124422076201,True,True,0.6548290315454139,3,485.38884583259306,238.29224372692994,23.623296820856,6.277694582455522,355.0,rolled,1.0,False,original,,40,1,41,0.045664072036743164,0.0001380443572998047,0.04580211639404297
gated_cost_merged_seed46,none,13.363636363636363,30.909090909090907,2055.764041961098,355,rolled,3075.811867083759,0.4961891561006123,True,True,0.7712803378601892,1,596.146632570218,232.80770419518086,23.838798900327337,9.710876024438091,355.0,rolled,1.0,False,original,,40,1,41,0.04882097244262695,0.0001385211944580078,0.04895949363708496
gated_cost_merged_seed46,none,13.363636363636363,41.81818181818181,2295.1327804460216,355,rolled,2800.992977434365,0.22040563460996698,True,True,0.8762404496933073,1,627.645232405532,271.04089888477523,20.390174665143896,11.466590739681303,355.0,rolled,1.0,False,original,,40,1,41,0.054419517517089844,0.00024318695068359375,0.05466270446777344
gated_cost_merged_seed46,none,13.363636363636363,52.72727272727273,2698.233573079863,355,rolled,3742.850748240698,0.38714853509456204,True,True,0.8972456096622032,2,596.3361284583642,264.815384460822,28.55890143554233,9.017417211306688,355.0,rolled,1.0,False,original,,40,1,41,0.0719294548034668,0.0004076957702636719,0.07233715057373047
gated_cost_merged_seed46,none,13.363636363636363,63.63636363636363,3099.504449257762,355,rolled,4449.146219537154,0.43543791995607245,True,True,0.7862920426774439,1,549.9498810388475,285.2845980436633,34.16953738597322,18.16803048085554,355.0,rolled,1.0,False,original,,40,1,41,0.04934430122375488,0.00014710426330566406,0.04949140548706055
gated_cost_merged_seed46,none,13.363636363636363,74.54545454545453,3409.0278837627866,355,rolled,4640.365250263714,0.36119897181416216,True,True,0.8550262224231816,2,710.803039933611,278.34408488407854,32.64818239601666,10.23411476491276,355.0,rolled,1.0,False,original,,40,1,41,0.04391837120056152,0.0001552104949951172,0.04407358169555664
gated_cost_merged_seed46,none,13.363636363636363,85.45454545454545,3859.8972334468967,355,rolled,4747.494084129102,0.22995349280052702,True,True,0.8445327545382244,1,750.0,300.0,29.197715196658407,18.24955821406356,355.0,rolled,1.0,False,original,,40,1,41,0.04754066467285156,0.00014901161193847656,0.04768967628479004
gated_cost_merged_seed46,none,13.363636363636363,96.36363636363636,4319.916451720051,355,rolled,5214.231758690106,0.20702143593864375,True,True,0.8172304015433427,1,750.0,300.0,35.0,17.798903081823546,355.0,rolled,1.0,False,original,,40,1,41,0.05000710487365723,0.0001342296600341797,0.050141334533691406
gated_cost_merged_seed46,none,13.363636363636363,107.27272727272728,4782.366988912803,355,rolled,5466.109549716942,0.14297157921784182,True,True,0.8892238945634309,1,750.0,300.0,35.0,20.150491541820447,355.0,rolled,1.0,False,original,,40,1,41,0.0447845458984375,0.00013899803161621094,0.04492354393005371
gated_cost_merged_seed46,none,13.363636363636363,118.18181818181816,5228.730538579276,355,rolled,8765.189949964515,0.6763514366043708,True,True,0.7872838754825391,1,750.0,300.0,35.0,21.369098064983746,500.0,rolled,0.0,False,original,,40,1,41,0.0555574893951416,0.00014925003051757812,0.05570673942565918
gated_cost_merged_seed46,none,13.363636363636363,129.0909090909091,6054.672912989209,460,rolled,9327.876096624108,0.540607763734492,True,True,0.8333830408654509,1,750.0,300.0,35.0,24.72340844409285,500.0,rolled,0.0,False,original,,40,1,41,0.054482221603393555,0.0002970695495605469,0.0547792911529541
gated_cost_merged_seed46,none,13.363636363636363,140.0,6583.558144781793,460,rolled,12543.171641129622,0.9052268340747457,True,True,0.8953376828819875,1,750.0,300.0,31.639261622296665,20.788144473822197,690.0,rolled,0.0,False,original,,40,1,41,0.06071162223815918,0.00016498565673828125,0.06087660789489746
gated_cost_merged_seed46,none,14.181818181818182,20.0,1796.9028968466985,355,rolled,2472.46905568976,0.375961416740204,True,True,0.6874897975239426,1,579.846667414981,252.2047818457757,18.270656741919314,10.261862247929365,355.0,rolled,1.0,False,original,,40,1,41,0.0593714714050293,0.00015354156494140625,0.0595250129699707
gated_cost_merged_seed46,none,14.181818181818182,30.909090909090907,2224.07150895444,355,rolled,3403.9509724210166,0.5305042840197393,True,True,0.7623412697317591,2,595.3945109726209,263.10465551304713,23.485614794978424,8.699674905911877,355.0,rolled,1.0,False,original,,40,1,41,0.05623340606689453,0.00016999244689941406,0.056403398513793945
gated_cost_merged_seed46,none,14.181818181818182,41.81818181818181,2615.0382292659383,355,rolled,3483.5556600546574,0.33212418123329646,True,True,0.8356990610694088,1,686.9133498545497,265.2191658539565,23.56475092956419,13.036064077471716,355.0,rolled,1.0,False,original,,40,1,41,0.0449213981628418,0.00013756752014160156,0.0450589656829834
gated_cost_merged_seed46,none,14.181818181818182,52.72727272727273,3202.0654799770145,355,rolled,4373.30828211018,0.3657772801515517,True,True,0.7530981907584658,1,693.8487448030717,300.0,25.810465792043388,16.624098092237624,355.0,rolled,1.0,False,original,,40,1,41,0.04786229133605957,0.00013136863708496094,0.04799365997314453
gated_cost_merged_seed46,none,14.181818181818182,63.63636363636363,3623.765744949169,355,rolled,5020.156609858492,0.38534247608461514,True,True,0.8310819253253721,2,707.2137580848818,284.1995892866813,32.432825485092906,10.629400762085643,355.0,rolled,1.0,False,original,,40,1,41,0.04481339454650879,0.00014710426330566406,0.04496049880981445
gated_cost_merged_seed46,none,14.181818181818182,74.54545454545453,4194.266016339479,355,rolled,5373.088427034812,0.281055709414479,True,True,0.7749201701173847,1,750.0,300.0,32.918695258644135,18.11349031464447,355.0,rolled,1.0,False,original,,40,1,41,0.04267239570617676,0.0001354217529296875,0.042807817459106445
gated_cost_merged_seed46,none,14.181818181818182,85.45454545454545,4739.8598837186255,355,rolled,5548.721789858739,0.1706510162712924,True,True,0.841692575003297,1,750.0,300.0,35.0,17.93307836710379,355.0,rolled,1.0,False,original,,40,1,41,0.045198678970336914,0.00013756752014160156,0.045336246490478516
gated_cost_merged_seed46,none,14.181818181818182,96.36363636363636,5290.364352494784,355,rolled,7320.38512490743,0.38372040887039216,True,True,0.7923722276698774,1,750.0,300.0,35.0,21.00192662379359,460.0,rolled,0.0,False,original,,40,1,41,0.05092597007751465,0.0001938343048095703,0.05111980438232422
gated_cost_merged_seed46,none,14.181818181818182,107.27272727272728,6179.874379812138,355,rolled,7884.475772727273,0.27583107489750514,True,True,0.8490326831064382,1,750.0,300.0,35.0,25.0,460.0,rolled,0.0,False,original,,40,1,41,0.06796145439147949,0.0001800060272216797,0.06814146041870117
gated_cost_merged_seed46,none,14.181818181818182,118.18181818181816,6852.162427149681,460,rolled,14067.246392796995,1.052964526506211,True,True,0.9040274464601694,1,716.1537966107808,300.0,32.78717831108875,23.308627891754174,690.0,rolled,0.0,False,original,,40,1,41,0.06225275993347168,0.0001461505889892578,0.06239891052246094
gated_cost_merged_seed46,none,14.181818181818182,129.0909090909091,9553.512737278232,500,rolled,14758.081692431799,0.5447806579924375,True,True,0.9334164598871394,1,750.0,300.0,32.18403087659608,25.0,690.0,rolled,0.0,False,original,,40,1,41,0.05678749084472656,0.00014519691467285156,0.056932687759399414
gated_cost_merged_seed46,none,14.181818181818182,140.0,12744.824501296387,690,rolled,15432.073285496006,0.210850199147605,True,True,0.9368838532422804,1,744.3432537934904,300.0,35.0,25.0,690.0,rolled,1.0,False,original,,8,1,9,0.014301776885986328,0.00014162063598632812,0.014443397521972656
gated_cost_merged_seed46,none,15.0,20.0,2057.2483346770277,355,rolled,3551.0089492334414,0.7260964023533516,True,True,0.6024616114187823,2,550.8802098818006,255.93070744215916,25.29888865363276,7.886062534348287,355.0,rolled,1.0,False,original,,40,1,41,0.046295881271362305,0.00013828277587890625,0.04643416404724121
gated_cost_merged_seed46,none,15.0,30.909090909090907,2565.283454586496,355,rolled,3751.392997601503,0.46236977862791323,True,True,0.7205330790213695,1,675.0548476100117,260.5556485374417,24.828896140194793,13.238746206424521,355.0,rolled,1.0,False,original,,40,1,41,0.048187971115112305,0.00014662742614746094,0.048334598541259766
gated_cost_merged_seed46,none,15.0,41.81818181818181,3234.6725939942403,355,rolled,4400.431780214266,0.36039480112592237,True,True,0.8840814461166586,3,701.9073858267036,273.068136062954,27.246710936065785,9.35367654125366,355.0,rolled,1.0,False,original,,40,1,41,0.05190396308898926,0.00013971328735351562,0.05204367637634277
gated_cost_merged_seed46,none,15.0,52.72727272727273,3765.638206814382,355,rolled,5440.319178662507,0.44472699709111324,True,True,0.7482269336744173,2,726.2253993962767,288.2988854473913,33.00899866978717,10.37661581788433,355.0,rolled,1.0,False,original,,40,1,41,0.05474567413330078,0.00014281272888183594,0.05488848686218262
gated_cost_merged_seed46,none,15.0,63.63636363636363,4414.262908667717,355,rolled,5791.690685886419,0.31204026713361926,True,True,0.7661185677934568,1,707.3743955420578,300.0,35.0,18.447760810192193,355.0,rolled,1.0,False,original,,40,1,41,0.04875826835632324,0.00016188621520996094,0.0489201545715332
gated_cost_merged_seed46,none,15.0,74.54545454545453,5073.1569950190815,355,rolled,5936.857146279346,0.1702490484935241,True,True,0.8443789079922542,1,750.0,300.0,35.0,18.498823696426346,355.0,rolled,1.0,False,original,,40,1,41,0.07149386405944824,0.00015592575073242188,0.07164978981018066
gated_cost_merged_seed46,none,15.0,85.45454545454545,5700.335679671592,355,rolled,6413.459408183044,0.12510205864798066,True,True,0.9315712038801804,1,750.0,300.0,35.0,22.463072776547325,355.0,rolled,1.0,False,original,,40,1,41,0.04838991165161133,0.0001456737518310547,0.04853558540344238
gated_cost_merged_seed46,none,15.0,96.36363636363636,6971.155593281798,460,rolled,14596.548321127497,1.09384916543742,True,True,0.7863448241432274,1,750.0,300.0,35.0,25.0,620.0,rolled,0.0,False,original,,40,1,41,0.06484627723693848,0.00023508071899414062,0.06508135795593262
gated_cost_merged_seed46,none,15.0,107.27272727272728,8192.251861307222,460,rolled,15167.664315294078,0.8514645999755435,True,True,0.9282844120875088,1,750.0,300.0,32.448701603974435,23.443231784597238,690.0,rolled,0.0,False,original,,40,1,41,0.04726672172546387,0.0001347064971923828,0.04740142822265625
gated_cost_merged_seed46,none,15.0,118.18181818181816,13414.02255742561,620,rolled,15770.840691713176,0.17569808938355344,True,True,0.9808549359843466,1,750.0,300.0,33.45477723506445,24.4364808514617,690.0,rolled,0.0,False,original,,6,1,7,0.008495807647705078,0.00014519691467285156,0.00864100456237793
gated_cost_merged_seed46,scale,6.0,20.0,241.3288087904857,355,rolled,242.2301544955332,0.003734927916666695,True,True,0.9976745313684464,1,250.0,125.00075586290811,8.088892600387647,6.0,355.0,rolled,1.0,True,scale,0.8305015563964844,40,18,58,0.0943002700805664,0.0023894309997558594,0.09668970108032227
gated_cost_merged_seed46,scale,6.0,30.909090909090907,292.67799548197263,355,rolled,311.69832709941494,0.06498722798111366,True,True,1.0009784232018866,2,252.4290536370124,155.36254265596034,9.684101804154487,6.0,355.0,rolled,1.0,True,scale,0.9142723083496094,40,18,58,0.1242976188659668,0.0046117305755615234,0.12890934944152832
gated_cost_merged_seed46,scale,6.0,41.81818181818181,342.2853688824266,355,rolled,356.68000254254184,0.04205448134436538,True,True,1.0009874188626224,1,292.77889549072705,158.22114481413104,10.796241046108497,6.0,355.0,rolled,1.0,True,scale,0.9245719909667969,40,18,58,0.11931014060974121,0.002045154571533203,0.12135529518127441
gated_cost_merged_seed46,scale,6.0,52.72727272727273,386.25765574493386,355,rolled,413.39183413793177,0.07024890766415262,True,True,1.0009999342742224,1,352.36130683061606,159.51764595012804,11.82890031920137,6.302282562519178,355.0,rolled,1.0,True,scale,0.9719276428222656,40,18,58,0.10837769508361816,0.0025827884674072266,0.11096048355102539
gated_cost_merged_seed46,scale,6.0,63.63636363636363,431.68145507497405,355,rolled,465.27802346171404,0.0778272218826379,True,True,1.000984166148305,1,382.81396150125846,166.0122791243171,12.06400513788258,7.174942638606197,355.0,rolled,1.0,True,scale,0.9507675170898438,40,18,58,0.08567380905151367,0.002009868621826172,0.08768367767333984
gated_cost_merged_seed46,scale,6.0,74.54545454545453,466.9500019446189,355,rolled,505.79847434404377,0.0831962142362992,True,True,1.0009655195606564,1,385.20449824648614,176.80300734476296,13.37992486967242,6.753734815921205,355.0,rolled,1.0,True,scale,0.9312896728515625,40,18,58,0.0858154296875,0.002028226852416992,0.08784365653991699
gated_cost_merged_seed46,scale,6.0,85.45454545454545,518.2473353887603,355,rolled,530.4544905038907,0.023554689588463098,True,True,1.0009649845117894,1,424.5276968337989,182.67575262488214,13.026296367892465,6.880039822346452,355.0,rolled,1.0,True,scale,0.9722709655761719,40,18,58,0.060803890228271484,0.002188444137573242,0.06299233436584473
gated_cost_merged_seed46,scale,6.0,96.36363636363636,549.7256874002802,355,rolled,602.0229993543961,0.09513346956995275,True,True,1.0009681061781932,1,463.6011315152297,178.30920050990994,12.746490401954201,9.054972801097483,355.0,rolled,1.0,True,scale,0.9643516540527344,40,18,58,0.06168031692504883,0.0020151138305664062,0.06369543075561523
gated_cost_merged_seed46,scale,6.0,107.27272727272728,586.6560772595034,355,rolled,656.6884191208638,0.11937546473311676,True,True,1.0009897137962604,1,505.4035413991833,162.9814540796452,14.571445517524808,9.524020987597497,355.0,rolled,1.0,True,scale,0.959716796875,40,18,58,0.0932931900024414,0.0019307136535644531,0.09522390365600586
gated_cost_merged_seed46,scale,6.0,118.18181818181816,628.4217050081675,355,rolled,646.5176466108621,0.028795857078901303,True,True,1.0009650552839129,1,517.0784790925501,188.08420830185193,13.004593134696371,8.654448319049816,355.0,rolled,1.0,True,scale,0.9247665405273438,40,18,58,0.0843813419342041,0.0019745826721191406,0.08635592460632324
gated_cost_merged_seed46,scale,6.0,129.0909090909091,657.4964976148059,355,rolled,678.2171701448872,0.031514498716342196,True,True,1.0009850526925803,2,523.4846079168329,181.01558284410612,15.559696071356097,8.03670068434566,355.0,rolled,1.0,True,scale,0.9360847473144531,40,18,58,0.08506536483764648,0.0022242069244384766,0.08728957176208496
gated_cost_merged_seed46,scale,6.0,140.0,697.879425726456,355,rolled,759.1853734635316,0.0878460454300674,True,True,1.0009650325113582,1,533.8477181709413,170.1658713168807,17.64966219629438,9.484030826535031,355.0,rolled,1.0,True,scale,0.9373550415039062,40,18,58,0.09597921371459961,0.0021696090698242188,0.09814882278442383
gated_cost_merged_seed46,scale,6.818181818181818,20.0,317.0885192434045,355,rolled,344.52429078390355,0.08652401419629675,True,True,1.0009946223110058,2,250.0,152.0718570624845,9.539919666897102,6.0,355.0,rolled,1.0,True,scale,0.8776168823242188,40,18,58,0.10273098945617676,0.0022804737091064453,0.1050114631652832
gated_cost_merged_seed46,scale,6.818181818181818,30.909090909090907,392.6423822212096,355,rolled,483.5893466967899,0.23162798667093967,True,True,1.00096118903385,1,382.79989250263026,127.18638668805305,11.901476461202847,8.328894436693965,355.0,rolled,1.0,True,scale,0.9300994873046875,40,18,58,0.08206820487976074,0.0021762847900390625,0.0842444896697998
gated_cost_merged_seed46,scale,6.818181818181818,41.81818181818181,455.0251859822217,355,rolled,488.084598559982,0.07265402794440468,True,True,1.0009840407876585,1,368.0554653072039,166.21936271814602,11.52570443267982,6.497907871512716,355.0,rolled,1.0,True,scale,0.8975982666015625,40,18,58,0.07544517517089844,0.0020294189453125,0.07747459411621094
gated_cost_merged_seed46,scale,6.818181818181818,52.72727272727273,519.9507333014534,355,rolled,603.3822903758421,0.16046050468019504,True,True,1.000968826093669,1,412.5691952559173,152.42391837102446,14.349633228753948,8.163252135887477,355.0,rolled,1.0,True,scale,0.9729461669921875,40,18,58,0.07777118682861328,0.0019371509552001953,0.07970833778381348
gated_cost_merged_seed46,scale,6.818181818181818,63.63636363636363,570.1996303697795,355,rolled,663.1099389069718,0.16294347380923274,True,True,1.0009859426553045,1,434.90314480338384,167.94551402912674,13.901158050680273,8.798847011852285,355.0,rolled,1.0,True,scale,0.9852943420410156,40,18,58,0.08512997627258301,0.0025353431701660156,0.08766531944274902
gated_cost_merged_seed46,scale,6.818181818181818,74.54545454545453,645.0378754655677,355,rolled,716.4400353389757,0.1106945228942908,True,True,1.0009787084015072,1,460.96052404910677,172.3019524205688,14.878664984644255,8.783909480248754,355.0,rolled,1.0,True,scale,0.9651641845703125,40,18,58,0.09192228317260742,0.0030736923217773438,0.09499597549438477
gated_cost_merged_seed46,scale,6.818181818181818,85.45454545454545,698.212152166206,355,rolled,811.0081743049197,0.1615497836707133,True,True,1.000973971221499,1,497.5168213699949,165.37564950806447,16.286112583595948,10.1194530857939,355.0,rolled,1.0,True,scale,0.9710464477539062,40,18,58,0.07477426528930664,0.0013072490692138672,0.07608151435852051
gated_cost_merged_seed46,scale,6.818181818181818,96.36363636363636,733.8166260116295,355,rolled,847.7961510925678,0.15532426091301443,True,True,1.0009914029903673,1,519.986855512463,185.4529794369026,14.278656849534016,10.68996325832318,355.0,rolled,1.0,True,scale,0.9951820373535156,40,18,58,0.05131959915161133,0.0012369155883789062,0.052556514739990234
gated_cost_merged_seed46,scale,6.818181818181818,107.27272727272728,798.4291807439346,355,rolled,852.3155145395351,0.06749043634075606,True,True,1.0009851224964208,1,504.92035742456386,194.64285852978037,16.935830559833114,8.51878298432547,355.0,rolled,1.0,True,scale,0.9378929138183594,40,18,58,0.04786825180053711,0.0012516975402832031,0.04911994934082031
gated_cost_merged_seed46,scale,6.818181818181818,118.18181818181816,860.6462645405438,355,rolled,937.379389101387,0.08915756417278727,True,True,1.0009699522997053,1,568.3771140243298,187.39451786322724,15.948900260191051,10.599929704739267,355.0,rolled,1.0,True,scale,0.9781990051269531,40,18,58,0.050339698791503906,0.0016205310821533203,0.05196022987365723
gated_cost_merged_seed46,scale,6.818181818181818,129.0909090909091,896.311601431932,355,rolled,931.1087997016992,0.03882265744878884,True,True,1.0009986003653626,2,579.1825957452199,191.27847549341453,17.683168113026095,8.865623305873381,355.0,rolled,1.0,True,scale,0.9671440124511719,40,18,58,0.05576062202453613,0.0012617111206054688,0.0570223331451416
gated_cost_merged_seed46,scale,6.818181818181818,140.0,931.1411275891702,355,rolled,1010.2711591355376,0.08498178117343393,True,True,1.0009770282704253,1,595.3171779817156,209.18151139938985,15.24953664546742,10.961563754982043,355.0,rolled,1.0,True,scale,0.974090576171875,40,18,58,0.05310988426208496,0.001253366470336914,0.054363250732421875
gated_cost_merged_seed46,scale,7.636363636363637,20.0,409.6201332461394,355,rolled,476.0165645469939,0.16209269494318798,True,True,1.0009649637341536,1,262.73716126845284,165.01103600308488,11.672692950699968,6.0,355.0,rolled,1.0,True,scale,0.9192848205566406,40,18,58,0.06473875045776367,0.0015642642974853516,0.06630301475524902
gated_cost_merged_seed46,scale,7.636363636363637,30.909090909090907,501.774525145321,355,rolled,662.2432046663383,0.31980236436782705,True,True,1.0009994906535262,1,300.82470210850266,174.84459175967086,12.982613417437259,6.0,355.0,rolled,1.0,True,scale,0.9284400939941406,40,18,58,0.04782700538635254,0.0012664794921875,0.04909348487854004
gated_cost_merged_seed46,scale,7.636363636363637,41.81818181818181,593.9298338756057,355,rolled,678.5545589353327,0.1424826978424711,True,True,1.0009654759632698,1,387.3169343462036,169.64077179150595,14.219294463699502,7.563767683764456,355.0,rolled,1.0,True,scale,0.9814605712890625,40,18,58,0.0633997917175293,0.0014085769653320312,0.06480836868286133
gated_cost_merged_seed46,scale,7.636363636363637,52.72727272727273,675.9362632758116,355,rolled,811.7247102035889,0.20088942449943634,True,True,1.0009890093648321,1,435.86360935528444,172.87432221231788,14.659008157256453,9.716055624953617,355.0,rolled,1.0,True,scale,0.9938774108886719,40,18,58,0.06966066360473633,0.0012183189392089844,0.07087898254394531
gated_cost_merged_seed46,scale,7.636363636363637,63.63636363636363,779.5020738899598,355,rolled,878.2976055685843,0.12674184583705325,True,True,1.0009658631901945,1,459.05285107709767,178.17638031482502,16.455400740393568,9.137930856886657,355.0,rolled,1.0,True,scale,0.9770889282226562,40,18,58,0.04981708526611328,0.0012362003326416016,0.05105328559875488
gated_cost_merged_seed46,scale,7.636363636363637,74.54545454545453,846.6406079690952,355,rolled,965.2456068998699,0.1400889560628117,True,True,1.0009883968261268,1,496.73195416375114,184.7238606044434,16.41982801488823,10.04051588057677,355.0,rolled,1.0,True,scale,0.98333740234375,40,18,58,0.047768592834472656,0.0015420913696289062,0.04931068420410156
gated_cost_merged_seed46,scale,7.636363636363637,85.45454545454545,921.2774310054268,355,rolled,1029.6145236837212,0.1175944281627108,True,True,1.0009743688747061,1,522.1113265997603,194.3574358485624,16.47524568764089,10.293053891847952,355.0,rolled,1.0,True,scale,0.9973564147949219,40,18,58,0.04721403121948242,0.0012805461883544922,0.048494577407836914
gated_cost_merged_seed46,scale,7.636363636363637,96.36363636363636,990.3158107657674,355,rolled,1078.6108277881378,0.08915844426849631,True,True,1.0009890251409537,1,581.436821882876,200.46118402834654,15.272737107209982,10.637858693030234,355.0,rolled,1.0,True,scale,0.9786453247070312,40,18,58,0.0787198543548584,0.0012776851654052734,0.07999753952026367
gated_cost_merged_seed46,scale,7.636363636363637,107.27272727272728,1055.0870687226268,355,rolled,1341.627354670932,0.27157975340861096,True,True,1.0009700641432167,3,569.8863676127444,216.6933123163057,19.65160876088602,7.579434229616451,355.0,rolled,1.0,True,scale,0.9968643188476562,40,18,58,0.06698250770568848,0.001234292984008789,0.06821680068969727
gated_cost_merged_seed46,scale,7.636363636363637,118.18181818181816,1088.4839809208006,355,rolled,1394.3799205642772,0.28102934448764655,True,True,1.000978517694189,2,599.2570493397392,189.04299276973498,21.93846312010328,8.528647892528092,355.0,rolled,1.0,True,scale,0.9747314453125,40,18,58,0.05771636962890625,0.0012214183807373047,0.058937788009643555
gated_cost_merged_seed46,scale,7.636363636363637,129.0909090909091,1173.7978050697595,355,rolled,1291.4750162970265,0.10025339178434854,True,True,1.0009693144168192,1,596.237627778542,203.41758104308872,20.87433414799677,10.561108256203793,355.0,rolled,1.0,True,scale,0.9359130859375,40,18,58,0.05102872848510742,0.0012280941009521484,0.05225682258605957
gated_cost_merged_seed46,scale,7.636363636363637,140.0,1251.7374258469372,355,rolled,1375.1518046283811,0.0985944625710465,True,True,1.000958969382016,1,645.5348125905499,198.3532891331929,20.85460359198175,11.600917505022105,355.0,rolled,1.0,True,scale,0.9840469360351562,40,18,58,0.059500932693481445,0.0013015270233154297,0.060802459716796875
gated_cost_merged_seed46,scale,8.454545454545455,20.0,516.1523336674153,355,rolled,705.7586167882549,0.3673455891861048,True,True,1.0009936336878018,1,287.3234359099424,172.93589057145948,12.679948669415712,6.0,355.0,rolled,1.0,True,scale,0.9369544982910156,40,18,58,0.06002068519592285,0.0014319419860839844,0.061452627182006836
gated_cost_merged_seed46,scale,8.454545454545455,30.909090909090907,633.218032838701,355,rolled,763.6678452029648,0.20601089292966043,True,True,1.0009981188817971,1,376.4685114661245,163.6400149784213,14.927981489547182,8.013934117455108,355.0,rolled,1.0,True,scale,0.9519462585449219,40,18,58,0.057698726654052734,0.001363515853881836,0.05906224250793457
gated_cost_merged_seed46,scale,8.454545454545455,41.81818181818181,757.3789000305048,355,rolled,919.2119393929021,0.21367513586116424,True,True,1.000956254422923,1,448.839652963719,163.7287937598385,16.577136699130907,9.131730083173148,355.0,rolled,1.0,True,scale,0.9872283935546875,40,18,58,0.061814069747924805,0.0012598037719726562,0.06307387351989746
gated_cost_merged_seed46,scale,8.454545454545455,52.72727272727273,897.7427828478864,355,rolled,1049.3958653919526,0.16892709742871012,True,True,1.0009858080657763,2,408.34471691916974,205.5674118240764,16.054837002917726,6.0,355.0,rolled,1.0,True,scale,0.9509506225585938,40,18,58,0.055908918380737305,0.0012335777282714844,0.05714249610900879
gated_cost_merged_seed46,scale,8.454545454545455,63.63636363636363,969.5859503873623,355,rolled,1109.0802181363806,0.14386993509269444,True,True,1.0009689573253786,1,483.80547547304747,201.97933487391094,16.75374526474307,9.686323270779479,355.0,rolled,1.0,True,scale,0.9971160888671875,40,18,58,0.062361717224121094,0.0011997222900390625,0.06356143951416016
gated_cost_merged_seed46,scale,8.454545454545455,74.54545454545453,1093.1775012217977,355,rolled,1280.4640330609843,0.17132307574009206,True,True,1.0009646232753677,1,578.4676586364168,185.91789488203577,17.53700470133159,11.646239646799343,355.0,rolled,1.0,True,scale,0.9832344055175781,40,18,58,0.047621726989746094,0.0012054443359375,0.048827171325683594
gated_cost_merged_seed46,scale,8.454545454545455,85.45454545454545,1181.2789978646645,355,rolled,1289.9525484890744,0.09199651464290261,True,True,1.0009762397810578,1,544.352421777922,214.10378597014918,18.232408251279413,10.11511210042211,355.0,rolled,1.0,True,scale,0.9723052978515625,40,18,58,0.043999671936035156,0.0012483596801757812,0.04524803161621094
gated_cost_merged_seed46,scale,8.454545454545455,96.36363636363636,1257.923897819336,355,rolled,1296.9783965610643,0.031046789721883006,True,True,1.0009956833808864,2,589.9216104217375,225.81937268573571,17.67504514237858,9.074328364038783,355.0,rolled,1.0,True,scale,0.9877090454101562,40,18,58,0.08767986297607422,0.0011997222900390625,0.08887958526611328
gated_cost_merged_seed46,scale,8.454545454545455,107.27272727272728,1352.4875507253705,355,rolled,1510.4611742160828,0.11680227548563189,True,True,1.0009868048404338,1,477.27294047049577,249.6075996724727,20.957493550665472,10.784428339402433,355.0,rolled,1.0,True,scale,0.9450111389160156,40,18,58,0.04663729667663574,0.0013020038604736328,0.047939300537109375
gated_cost_merged_seed46,scale,8.454545454545455,118.18181818181816,1418.3994702060834,355,rolled,1592.3745203947342,0.1226558905604875,True,True,1.0009620752723773,1,609.0984934181737,226.02745506831099,20.29595367583366,11.969071365037147,355.0,rolled,1.0,True,scale,0.9887847900390625,40,18,58,0.05187082290649414,0.0012197494506835938,0.053090572357177734
gated_cost_merged_seed46,scale,8.454545454545455,129.0909090909091,1503.943042662674,355,rolled,1566.0946967290397,0.04132580310776162,True,True,1.0009689373322317,2,670.32014839794,227.00638850513974,20.218838446499806,10.376624669700883,355.0,rolled,1.0,True,scale,0.9580116271972656,40,18,58,0.05362272262573242,0.001604318618774414,0.055227041244506836
gated_cost_merged_seed46,scale,8.454545454545455,140.0,1589.050557323039,355,rolled,1648.0372753917777,0.037120730864667745,True,True,1.0009929192462552,2,691.4986585810415,232.2939012857524,20.30966781087469,10.911899617534395,355.0,rolled,1.0,True,scale,0.9998397827148438,40,18,58,0.045255422592163086,0.0012238025665283203,0.046479225158691406
gated_cost_merged_seed46,scale,9.272727272727272,20.0,633.3700898588271,355,rolled,848.7827289298741,0.3401054810135741,True,True,1.000994191469346,1,359.9529445777391,157.23077361187237,14.4574036660178,6.0,355.0,rolled,1.0,True,scale,0.9685516357421875,40,18,58,0.06312847137451172,0.0014407634735107422,0.06456923484802246
gated_cost_merged_seed46,scale,9.272727272727272,30.909090909090907,801.8071464602682,355,rolled,945.4801303575242,0.1791864596512117,True,True,1.0009761279903053,1,414.2793676013776,174.77598200202067,15.639068443737724,8.313306244327045,355.0,rolled,1.0,True,scale,0.9478836059570312,40,18,58,0.05693864822387695,0.0016326904296875,0.05857133865356445
gated_cost_merged_seed46,scale,9.272727272727272,41.81818181818181,962.5021253931346,355,rolled,1113.660394449805,0.15704720547492776,True,True,1.0009776944608466,1,456.0099716672553,189.54618412894155,16.607475572186722,9.20936166822729,355.0,rolled,1.0,True,scale,0.963287353515625,40,18,58,0.05048012733459473,0.001239776611328125,0.05171990394592285
gated_cost_merged_seed46,scale,9.272727272727272,52.72727272727273,1070.6846994207378,355,rolled,1239.2763119168026,0.1574614941142581,True,True,1.0009968961070657,1,452.126408421992,214.97808428638479,17.749598596861592,8.898154636392594,355.0,rolled,1.0,True,scale,0.9668350219726562,40,18,58,0.05587458610534668,0.0014476776123046875,0.05732226371765137
gated_cost_merged_seed46,scale,9.272727272727272,63.63636363636363,1216.7126656588257,355,rolled,1581.205726504977,0.2995720116456465,True,True,1.0009800218411438,3,546.6379471725666,216.83536953812438,19.542784053466367,7.278803893935401,355.0,rolled,1.0,True,scale,0.9954795837402344,40,18,58,0.05841541290283203,0.0013141632080078125,0.059729576110839844
gated_cost_merged_seed46,scale,9.272727272727272,74.54545454545453,1356.4151141978043,355,rolled,1778.8641975044466,0.3114452787238974,True,True,1.0009751883186027,3,578.2059436992381,204.65198315536657,23.6946698475682,7.521305144372149,355.0,rolled,1.0,True,scale,0.9967269897460938,40,18,58,0.06692719459533691,0.001256704330444336,0.06818389892578125
gated_cost_merged_seed46,scale,9.272727272727272,85.45454545454545,1422.5235716023028,355,rolled,1858.966709686217,0.3068090728312594,True,True,1.0009840768349747,2,531.6617431387672,235.968315473838,22.002438461090698,8.045608129248993,355.0,rolled,1.0,True,scale,0.9855918884277344,40,18,58,0.0770864486694336,0.00177001953125,0.0788564682006836
gated_cost_merged_seed46,scale,9.272727272727272,96.36363636363636,1530.0841209322955,355,rolled,1762.4418716541304,0.15185946154402089,True,True,1.000988937010598,1,627.965323930632,218.6012900170642,21.55986135990719,11.455058855414478,355.0,rolled,1.0,True,scale,0.9542007446289062,40,18,58,0.04873251914978027,0.0012178421020507812,0.049950361251831055
gated_cost_merged_seed46,scale,9.272727272727272,107.27272727272728,1647.0835657255905,355,rolled,1907.857373523807,0.1583245763752962,True,True,1.0009841001287525,1,635.7528958137831,243.66965758002598,19.243811096263446,13.524445587769312,355.0,rolled,1.0,True,scale,0.9802017211914062,40,18,58,0.050818443298339844,0.0012543201446533203,0.052072763442993164
gated_cost_merged_seed46,scale,9.272727272727272,118.18181818181816,1794.0191544704012,355,rolled,1979.3173790810786,0.10328664783145967,True,True,1.0009577805747905,1,682.6144984071339,232.016844913605,21.673056781269267,12.596810131412202,355.0,rolled,1.0,True,scale,0.9595680236816406,40,18,58,0.0581667423248291,0.0012543201446533203,0.05942106246948242
gated_cost_merged_seed46,scale,9.272727272727272,129.0909090909091,1876.6125693849333,355,rolled,2408.797697802304,0.283588172166936,True,True,1.0009798113899155,1,685.9924102788997,226.776075847134,25.74926210886186,10.812254744436462,355.0,rolled,1.0,True,scale,0.9878921508789062,40,18,58,0.045652151107788086,0.0012238025665283203,0.046875953674316406
gated_cost_merged_seed46,scale,9.272727272727272,140.0,1975.8458780810136,355,rolled,2499.942303308222,0.26525167324094273,True,True,1.000976827123333,2,712.5370944864278,223.63886349688107,27.711611198043034,10.417732894295309,355.0,rolled,1.0,True,scale,0.98956298828125,40,18,58,0.07425475120544434,0.0012722015380859375,0.07552695274353027
gated_cost_merged_seed46,scale,10.09090909090909,20.0,771.2799576046779,355,rolled,952.7664061751493,0.23530554214594662,True,True,1.0009879534851587,1,434.6539387744727,158.40067724530383,14.724516130287805,8.257011219071344,355.0,rolled,1.0,True,scale,0.9638595581054688,40,18,58,0.04682636260986328,0.0012159347534179688,0.04804229736328125
gated_cost_merged_seed46,scale,10.09090909090909,30.909090909090907,964.7090665866748,355,rolled,1288.1094268490413,0.3352309742528064,True,True,1.0009685914779607,2,397.42127192402415,196.71208151588633,17.632319962087188,6.0,355.0,rolled,1.0,True,scale,0.9232215881347656,40,18,58,0.06817483901977539,0.002609729766845703,0.0707845687866211
gated_cost_merged_seed46,scale,10.09090909090909,41.81818181818181,1147.2574547707825,355,rolled,1412.8133423817455,0.2314701782992729,True,True,1.0009680400919982,1,504.10487060484576,194.67726986928773,17.718536433916075,10.625116455072614,355.0,rolled,1.0,True,scale,0.9983406066894531,40,18,58,0.0527186393737793,0.0023925304412841797,0.05511116981506348
gated_cost_merged_seed46,scale,10.09090909090909,52.72727272727273,1318.1429375417918,355,rolled,1683.4775055134921,0.27715853688296793,True,True,1.0009973899063964,2,508.39579243308987,217.22343438366423,19.940950838268982,6.921472389451533,355.0,rolled,1.0,True,scale,0.9627037048339844,40,18,58,0.05823254585266113,0.001401662826538086,0.05963420867919922
gated_cost_merged_seed46,scale,10.09090909090909,63.63636363636363,1473.4968374975142,355,rolled,1709.8664421290916,0.16041405628872019,True,True,1.0009998616685531,1,608.7437592856637,212.52761685996143,19.15697285184464,10.927181243679671,355.0,rolled,1.0,True,scale,0.9700279235839844,40,18,58,0.04944491386413574,0.0012760162353515625,0.050720930099487305
gated_cost_merged_seed46,scale,10.09090909090909,74.54545454545453,1593.8205978972342,355,rolled,2083.0967730665793,0.3069832174429537,True,True,1.0009627047763627,2,593.9720537631351,217.2033275195457,23.767565963915466,8.065955034384036,355.0,rolled,1.0,True,scale,0.9997024536132812,40,18,58,0.04854249954223633,0.0012540817260742188,0.04979658126831055
gated_cost_merged_seed46,scale,10.09090909090909,85.45454545454545,1744.078619322344,355,rolled,2072.799698707666,0.18847836086256559,True,True,1.000961325166794,1,678.4133862924831,234.14899814093428,18.564656789813693,13.618904237349684,355.0,rolled,1.0,True,scale,0.9882583618164062,40,18,58,0.04954981803894043,0.0012323856353759766,0.050782203674316406
gated_cost_merged_seed46,scale,10.09090909090909,96.36363636363636,1930.113776773892,355,rolled,2151.212604286871,0.11455222493802245,True,True,1.0009713881334081,1,615.6812455013153,248.29733023752144,23.145593211888485,11.578474622682513,355.0,rolled,1.0,True,scale,0.9258880615234375,40,18,58,0.05325961112976074,0.0012326240539550781,0.05449223518371582
gated_cost_merged_seed46,scale,10.09090909090909,107.27272727272728,2067.605711285596,355,rolled,2621.8455881487666,0.2680587859851457,True,True,1.0009751032612535,1,681.5464772831432,244.95954798933235,23.67403767526589,10.949514671448332,355.0,rolled,1.0,True,scale,0.9992218017578125,40,18,58,0.0537874698638916,0.0016450881958007812,0.05543255805969238
gated_cost_merged_seed46,scale,10.09090909090909,118.18181818181816,2170.353625378734,355,rolled,2447.51369011496,0.12770272157278553,True,True,1.0009913196469717,1,674.8201954210807,250.37529524495673,25.163657093778234,12.773766966668532,355.0,rolled,1.0,True,scale,0.9858207702636719,40,18,58,0.05087423324584961,0.0013282299041748047,0.052202463150024414
gated_cost_merged_seed46,scale,10.09090909090909,129.0909090909091,2307.5736162550616,355,rolled,2999.55466384627,0.299873877356172,True,True,1.0009939050129444,1,701.6649638334321,247.15607468769534,27.48782898802834,11.79274025658116,355.0,rolled,1.0,True,scale,0.9892311096191406,40,18,58,0.04631376266479492,0.0014221668243408203,0.04773592948913574
gated_cost_merged_seed46,scale,10.09090909090909,140.0,2443.406284429296,355,rolled,2894.363062172273,0.18456070143418923,True,True,1.0009788877335855,1,626.4123565496399,270.40556418628637,29.46412492414594,14.802652323348923,355.0,rolled,1.0,True,scale,0.9570503234863281,40,18,58,0.05191493034362793,0.0012230873107910156,0.053138017654418945
gated_cost_merged_seed46,scale,10.90909090909091,20.0,939.0466900997784,355,rolled,1109.7681579339267,0.18180295999553361,True,True,1.0009550953657809,2,523.1598156749055,175.4513220950328,12.943859540666907,8.222296884595497,355.0,rolled,1.0,True,scale,0.9676361083984375,40,18,58,0.04581141471862793,0.0021240711212158203,0.04793548583984375
gated_cost_merged_seed46,scale,10.90909090909091,30.909090909090907,1197.1649157491154,355,rolled,1539.9625183980374,0.28634116999195514,True,True,1.000959491748542,2,443.9309807831054,196.75316646303145,19.42480741468284,6.0,355.0,rolled,1.0,True,scale,0.9508705139160156,40,18,58,0.05083918571472168,0.0014023780822753906,0.05224156379699707
gated_cost_merged_seed46,scale,10.90909090909091,41.81818181818181,1403.509472950396,355,rolled,1659.3037038981263,0.1822532985188984,True,True,1.000976209738439,1,485.04474919778977,216.86231156530278,19.52439566997082,9.947002511400033,355.0,rolled,1.0,True,scale,0.9904670715332031,40,18,58,0.05250406265258789,0.0012476444244384766,0.05375170707702637
gated_cost_merged_seed46,scale,10.90909090909091,52.72727272727273,1588.7457907355176,355,rolled,1864.8583968997434,0.17379281680828126,True,True,1.0009761871023015,1,522.7530705349244,233.4276961681477,20.2417004789003,10.47795914784957,355.0,rolled,1.0,True,scale,0.96942138671875,40,18,58,0.05114579200744629,0.0013813972473144531,0.05252718925476074
gated_cost_merged_seed46,scale,10.90909090909091,63.63636363636363,1789.9941201560932,355,rolled,2334.1585055481005,0.3040034485390122,True,True,1.0009945434478844,2,590.0553578174897,220.72078124780057,24.392297593112755,8.317548161464744,355.0,rolled,1.0,True,scale,0.9787139892578125,40,18,58,0.06772732734680176,0.002149820327758789,0.06987714767456055
gated_cost_merged_seed46,scale,10.90909090909091,74.54545454545453,1942.2808212955651,355,rolled,2227.594649365211,0.14689628036348115,True,True,1.0009655008550866,1,637.5123162898572,237.7452408594154,22.434894775326917,11.232062772131275,355.0,rolled,1.0,True,scale,0.9723167419433594,40,18,58,0.045623779296875,0.0012331008911132812,0.04685688018798828
gated_cost_merged_seed46,scale,10.90909090909091,85.45454545454545,2177.190622234541,355,rolled,2834.4008499292377,0.30186159217431063,True,True,1.0009834090720648,1,606.1701702634647,244.44367330184255,27.135309852227895,9.560150568948197,355.0,rolled,1.0,True,scale,0.9928131103515625,40,18,58,0.06177997589111328,0.001230001449584961,0.06300997734069824
gated_cost_merged_seed46,scale,10.90909090909091,96.36363636363636,2344.698716886334,355,rolled,2500.8849919310096,0.06661251354804548,True,True,1.000983376828509,1,703.8477696123192,258.820032428858,22.833301347311124,11.59277421816963,355.0,rolled,1.0,True,scale,0.9993934631347656,40,18,58,0.05182075500488281,0.0012977123260498047,0.05311846733093262
gated_cost_merged_seed46,scale,10.90909090909091,107.27272727272728,2499.121791022924,355,rolled,2714.5440050388615,0.08619916595891972,True,True,1.0009951291670105,1,729.5551300048828,261.04472227332593,23.87918629500961,12.678483472371626,355.0,rolled,1.0,True,scale,0.9727401733398438,40,18,58,0.0527644157409668,0.002345561981201172,0.05510997772216797
gated_cost_merged_seed46,scale,10.90909090909091,118.18181818181816,2669.547168301596,355,rolled,3404.766152516231,0.27540962487746273,True,True,1.0009885048613612,1,725.5161783799998,261.9046032536718,27.105058024731083,12.029897851795269,355.0,rolled,1.0,True,scale,0.9887847900390625,40,18,58,0.05059003829956055,0.0012965202331542969,0.051886558532714844
gated_cost_merged_seed46,scale,10.90909090909091,129.0909090909091,2855.841135487434,355,rolled,2997.1025825772044,0.0494640424267368,True,True,1.0009973593933488,1,735.3658676147461,294.14634704589844,24.00711833741895,13.363593456264455,355.0,rolled,1.0,True,scale,0.9804878234863281,40,18,58,0.05977630615234375,0.0012149810791015625,0.06099128723144531
gated_cost_merged_seed46,scale,10.90909090909091,140.0,3091.557267278178,355,rolled,3544.9565660333715,0.1466572537905365,True,True,1.0009737481837602,1,652.4954984507003,286.73744201660156,31.309008468365537,16.29910185913671,355.0,rolled,1.0,True,scale,0.9557914733886719,40,18,58,0.048154592514038086,0.0012593269348144531,0.04941391944885254
gated_cost_merged_seed46,scale,11.727272727272728,20.0,1117.8784812198996,355,rolled,1535.0234019195957,0.3731576622214618,True,True,1.000976147808929,1,369.74270750290026,195.98124004217146,18.74633389952989,6.0,355.0,rolled,1.0,True,scale,0.8937301635742188,40,18,58,0.05258035659790039,0.0012958049774169922,0.05387616157531738
gated_cost_merged_seed46,scale,11.727272727272728,30.909090909090907,1399.1707585826318,355,rolled,1823.3872491710208,0.30319136387478735,True,True,1.0009852046488514,2,419.24872977003673,216.4706475969169,20.38455469648586,6.0,355.0,rolled,1.0,True,scale,0.9493026733398438,40,18,58,0.057167768478393555,0.0013735294342041016,0.058541297912597656
gated_cost_merged_seed46,scale,11.727272727272728,41.81818181818181,1658.320920880548,355,rolled,2201.5545927035846,0.32758054546799426,True,True,1.0009634157075529,3,557.1292482004474,234.1856060173545,20.467977098612657,7.3827250590425475,355.0,rolled,1.0,True,scale,0.9961776733398438,40,18,58,0.05438637733459473,0.0013511180877685547,0.05573749542236328
gated_cost_merged_seed46,scale,11.727272727272728,52.72727272727273,1896.895430152976,355,rolled,2295.0309036390404,0.20988793960769714,True,True,1.000983617544559,1,615.3371878284513,217.66017801310073,23.05217753877322,11.538860619951079,355.0,rolled,1.0,True,scale,0.9625892639160156,40,18,58,0.06595969200134277,0.0012440681457519531,0.06720376014709473
gated_cost_merged_seed46,scale,11.727272727272728,63.63636363636363,2122.483987052358,355,rolled,2908.3990342672364,0.3702807898712743,True,True,1.0009919793055566,3,662.6942490102908,229.58100513607135,26.681121122082327,8.941032814730516,355.0,rolled,1.0,True,scale,0.9922409057617188,40,18,58,0.054250478744506836,0.0012383460998535156,0.05548882484436035
gated_cost_merged_seed46,scale,11.727272727272728,74.54545454545453,2414.680044837911,355,rolled,3137.837758860753,0.2994838656031489,True,True,1.0009785145356755,2,659.2998986335074,225.8716344897466,29.433947650201322,9.657500791977645,355.0,rolled,1.0,True,scale,0.9715728759765625,40,18,58,0.06062793731689453,0.0013058185577392578,0.06193375587463379
gated_cost_merged_seed46,scale,11.727272727272728,85.45454545454545,2607.2244497923484,355,rolled,3368.9603728462143,0.2921635393203428,True,True,1.0009865741046755,2,658.9388569996363,243.85855283206686,30.07082881214972,9.745696159410027,355.0,rolled,1.0,True,scale,0.986907958984375,40,18,58,0.050231218338012695,0.0012326240539550781,0.05146384239196777
gated_cost_merged_seed46,scale,11.727272727272728,96.36363636363636,2824.34606849496,355,rolled,3275.8112106022845,0.15984767134004282,True,True,1.0009736352404373,1,686.8623346698014,256.76355973270125,28.34854490966968,14.505846260267893,355.0,rolled,1.0,True,scale,0.95367431640625,40,18,58,0.049490928649902344,0.0013232231140136719,0.050814151763916016
gated_cost_merged_seed46,scale,11.727272727272728,107.27272727272728,3054.1802093068686,355,rolled,3908.5302485768443,0.27973137821617483,True,True,1.000998514558647,3,739.3060073178176,267.5842364477472,32.37628921177135,9.574523331898387,355.0,rolled,1.0,True,scale,0.9860038757324219,40,18,58,0.04609560966491699,0.0013778209686279297,0.04747343063354492
gated_cost_merged_seed46,scale,11.727272727272728,118.18181818181816,3357.8991517305085,355,rolled,4016.0518732837863,0.19600133649460433,True,True,1.0009983477867836,2,706.7928314208984,273.35872755340523,32.983665466308594,9.997842214595655,355.0,rolled,1.0,True,scale,0.9423904418945312,40,18,58,0.08061075210571289,0.0016093254089355469,0.08222007751464844
gated_cost_merged_seed46,scale,11.727272727272728,129.0909090909091,3650.466675336178,355,rolled,4054.3481445126745,0.11063831150829566,True,True,1.0009969850338025,1,677.6877255840476,284.9418640136719,33.24321746826172,16.99338119588656,355.0,rolled,1.0,True,scale,0.9498062133789062,40,18,58,0.06872892379760742,0.0012483596801757812,0.0699772834777832
gated_cost_merged_seed46,scale,11.727272727272728,140.0,3950.7596541302537,355,rolled,4175.4831345473,0.05688108113134985,True,True,1.000985471133649,1,718.0967330932617,287.2386932373047,33.51118087768555,16.827692953097625,355.0,rolled,1.0,True,scale,0.9574623107910156,40,18,58,0.057739973068237305,0.0012662410736083984,0.0590062141418457
gated_cost_merged_seed46,scale,12.545454545454549,20.0,1307.1994834284806,355,rolled,1585.3630817884527,0.21279353448825858,True,True,1.0009980190641201,1,507.05497961512236,200.30902720667243,15.397712674281998,9.559274427910491,355.0,rolled,1.0,True,scale,0.9182090759277344,40,18,58,0.053041934967041016,0.0011951923370361328,0.05423712730407715
gated_cost_merged_seed46,scale,12.545454545454549,30.909090909090907,1673.5520688887286,355,rolled,2010.4411284343046,0.20130180937201247,True,True,1.0009934061642862,1,526.4251929672945,226.01335460381398,17.887461779459024,11.230712787819158,355.0,rolled,1.0,True,scale,0.9608955383300781,40,18,58,0.05640721321105957,0.0012691020965576172,0.05767631530761719
gated_cost_merged_seed46,scale,12.545454545454549,41.81818181818181,1957.4303873162305,355,rolled,2602.3237905473807,0.329459176382432,True,True,1.000964062172256,1,636.4479599545938,211.58757562119493,21.66251117731213,14.215665356581406,355.0,rolled,1.0,True,scale,0.988189697265625,40,18,58,0.04626941680908203,0.0012593269348144531,0.047528743743896484
gated_cost_merged_seed46,scale,12.545454545454549,52.72727272727273,2222.5772160497027,355,rolled,3029.454531710982,0.36303679792749,True,True,1.0009834963666462,1,607.9478815134884,240.4783708245357,24.447801691231923,9.793418436977616,355.0,rolled,1.0,True,scale,0.9914054870605469,40,18,58,0.047470808029174805,0.0012891292572021484,0.04875993728637695
gated_cost_merged_seed46,scale,12.545454545454549,63.63636363636363,2552.3230156844406,355,rolled,2800.5626724417916,0.09726028219464303,True,True,1.00099495776352,1,710.6071377316881,256.41600863909173,21.992965636303452,11.491686789134343,355.0,rolled,1.0,True,scale,0.9745140075683594,40,18,58,0.046538352966308594,0.0012238025665283203,0.047762155532836914
gated_cost_merged_seed46,scale,12.545454545454549,74.54545454545453,2864.0220557743514,355,rolled,3220.9172974051166,0.12461330069410752,True,True,1.0009828555786235,1,681.1013279510147,282.1681525035013,22.352536680145295,14.405605494880081,355.0,rolled,1.0,True,scale,0.9859123229980469,40,18,58,0.048554420471191406,0.001230478286743164,0.04978489875793457
gated_cost_merged_seed46,scale,12.545454545454549,85.45454545454545,3136.2352005841685,355,rolled,3952.67750521799,0.2603255981827344,True,True,1.0009780726723452,2,704.8243710297525,254.34054282114994,31.256394269461982,10.253094715271814,355.0,rolled,1.0,True,scale,0.9674644470214844,40,18,58,0.04866766929626465,0.0014040470123291016,0.05007171630859375
gated_cost_merged_seed46,scale,12.545454545454549,96.36363636363636,3474.753399293351,355,rolled,3989.902200039258,0.14825477999407702,True,True,1.0009719346736508,1,684.9649741571743,276.7913818359375,29.805951419213134,16.762301010499367,355.0,rolled,1.0,True,scale,0.922637939453125,40,18,58,0.05959343910217285,0.001234292984008789,0.06082773208618164
gated_cost_merged_seed46,scale,12.545454545454549,107.27272727272728,3859.290256207383,355,rolled,4158.288741327086,0.07747499287952915,True,True,1.0009677610675176,1,712.6121520996094,285.04486083984375,30.79396805312914,16.229559714440057,355.0,rolled,1.0,True,scale,0.9501495361328125,40,18,58,0.054442644119262695,0.0012087821960449219,0.05565142631530762
gated_cost_merged_seed46,scale,12.545454545454549,118.18181818181816,4215.558205846268,355,rolled,4457.232844124919,0.057329213944547,True,True,1.0009687026880518,1,717.6761627197266,287.0704650878906,33.491554260253906,16.772810318623222,355.0,rolled,1.0,True,scale,0.9569015502929688,40,18,58,0.0469660758972168,0.001241445541381836,0.04820752143859863
gated_cost_merged_seed46,scale,12.545454545454549,129.0909090909091,4601.917380514503,355,rolled,4813.661964783851,0.0460122524506675,True,True,1.0009872810093303,1,732.3532104492188,292.9412841796875,34.176483154296875,18.87022251719746,355.0,rolled,1.0,True,scale,0.976470947265625,40,18,58,0.04802536964416504,0.001355886459350586,0.049381256103515625
gated_cost_merged_seed46,scale,12.545454545454549,140.0,5031.3200482783495,355,rolled,5301.463431995826,0.0536923473611892,True,True,1.0009866005638712,1,741.8031692504883,296.7212677001953,34.61748123168945,22.761402579824406,355.0,rolled,1.0,True,scale,0.9890708923339844,40,18,58,0.04328656196594238,0.0016584396362304688,0.04494500160217285
gated_cost_merged_seed46,scale,13.363636363636363,20.0,1553.9456704912225,355,rolled,2034.0096292389758,0.30893226697944903,True,True,1.00095342763699,2,423.4579958930074,207.8884935898502,20.609196140439245,6.0,355.0,rolled,1.0,True,scale,0.8724098205566406,40,18,58,0.045664072036743164,0.0012202262878417969,0.04688429832458496
gated_cost_merged_seed46,scale,13.363636363636363,30.909090909090907,2055.764041961098,355,rolled,2684.594984820846,0.30588673117361964,True,True,1.00096890679659,1,556.945370469062,217.4987930436133,22.27121308701922,9.072310652317181,355.0,rolled,1.0,True,scale,0.9342422485351562,40,18,58,0.04882097244262695,0.0012104511260986328,0.050031423568725586
gated_cost_merged_seed46,scale,13.363636363636363,41.81818181818181,2295.1327804460216,355,rolled,2610.7275722012205,0.13750611487230305,True,True,1.0009667747962094,1,605.9530868458621,261.6734117635897,19.685466632664784,11.070292094274532,355.0,rolled,1.0,True,scale,0.9654388427734375,40,18,58,0.054419517517089844,0.0021390914916992188,0.05655860900878906
gated_cost_merged_seed46,scale,13.363636363636363,52.72727272727273,2698.233573079863,355,rolled,3520.853906084718,0.3048736555693678,True,True,1.0009642915247108,2,578.3808021418288,256.84195066279773,27.699009891083044,8.745908139770266,355.0,rolled,1.0,True,scale,0.9698905944824219,40,18,58,0.0719294548034668,0.002341032028198242,0.07427048683166504
gated_cost_merged_seed46,scale,13.363636363636363,63.63636363636363,3099.504449257762,355,rolled,3943.228562803063,0.27221258344937926,True,True,1.0009982920692935,1,517.7388425505721,268.5752332732989,32.16819813340886,17.10391327808509,355.0,rolled,1.0,True,scale,0.9414291381835938,40,18,58,0.04934430122375488,0.001348733901977539,0.05069303512573242
gated_cost_merged_seed46,scale,13.363636363636363,74.54545454545453,3409.0278837627866,355,rolled,4248.491377194796,0.24624717721740477,True,True,1.000979405885898,2,680.1278583892348,266.3319593641598,31.239228205014246,9.792454683677034,355.0,rolled,1.0,True,scale,0.9568443298339844,40,18,58,0.04391837120056152,0.001506805419921875,0.0454251766204834
gated_cost_merged_seed46,scale,13.363636363636363,85.45454545454545,3859.8972334468967,355,rolled,4322.277856838543,0.11979091551583597,True,True,1.0009729099658298,1,715.6248092651367,286.2499237060547,27.859479158115274,17.413115488149657,355.0,rolled,1.0,True,scale,0.9541664123535156,40,18,58,0.04754066467285156,0.0012140274047851562,0.04875469207763672
gated_cost_merged_seed46,scale,13.363636363636363,96.36363636363636,4319.916451720051,355,rolled,4649.559250281296,0.07630767915198738,True,True,1.0009720913793767,1,708.226203918457,283.2904815673828,33.05055618286133,16.807532751403222,355.0,rolled,1.0,True,scale,0.9443016052246094,40,18,58,0.05000710487365723,0.0012178421020507812,0.05122494697570801
gated_cost_merged_seed46,scale,13.363636363636363,107.27272727272728,4782.366988912803,355,rolled,5111.974491349618,0.06892141552519077,True,True,1.0009583584556765,1,725.2979278564453,290.1191711425781,33.84723663330078,19.48681301409493,355.0,rolled,1.0,True,scale,0.9670639038085938,40,18,58,0.0447845458984375,0.0012595653533935547,0.046044111251831055
gated_cost_merged_seed46,scale,13.363636363636363,118.18181818181816,5228.730538579276,355,rolled,7718.520251567031,0.4761747989530682,True,True,1.0009599884139688,1,703.7973403930664,281.51893615722656,32.843875885009766,20.052685846312244,500.0,rolled,0.0,True,scale,0.9383964538574219,40,18,58,0.0555574893951416,0.001216888427734375,0.05677437782287598
gated_cost_merged_seed46,scale,13.363636363636363,129.0909090909091,6054.672912989209,460,rolled,8463.101973660301,0.397780209646708,True,True,1.000991565350899,1,714.3888473510742,285.7555389404297,33.3381462097168,23.54950301462041,500.0,rolled,0.0,True,scale,0.9525184631347656,40,18,58,0.054482221603393555,0.0013163089752197266,0.05579853057861328
gated_cost_merged_seed46,scale,13.363636363636363,140.0,6583.558144781793,460,rolled,11828.405872896388,0.7966585260998604,True,True,1.000987153156997,1,729.5894622802734,291.8357849121094,30.77822916527509,20.222414864614098,690.0,rolled,0.0,True,scale,0.9727859497070312,40,18,58,0.06071162223815918,0.0013360977172851562,0.062047719955444336
gated_cost_merged_seed46,scale,14.181818181818182,20.0,1796.9028968466985,355,rolled,2045.7690424654495,0.1384972699723923,True,True,1.0009835673397687,1,527.4436087993791,229.41202867687514,16.619464538882774,9.334456781789783,355.0,rolled,1.0,True,scale,0.9096260070800781,40,18,58,0.0593714714050293,0.0012183189392089844,0.06058979034423828
gated_cost_merged_seed46,scale,14.181818181818182,30.909090909090907,2224.07150895444,355,rolled,2945.6492296521396,0.3244399821644768,True,True,1.0009680686335112,2,553.8647081423659,244.75264811994995,21.847452309755873,8.092857448123032,355.0,rolled,1.0,True,scale,0.9302482604980469,40,18,58,0.05623340606689453,0.0013604164123535156,0.05759382247924805
gated_cost_merged_seed46,scale,14.181818181818182,41.81818181818181,2615.0382292659383,355,rolled,3172.9915637245413,0.2133633566860798,True,True,1.000953481322343,1,655.5790075176634,253.12088862738784,22.489817718749798,12.441409024377208,355.0,rolled,1.0,True,scale,0.9543838500976562,40,18,58,0.0449213981628418,0.0012269020080566406,0.04614830017089844
gated_cost_merged_seed46,scale,14.181818181818182,52.72727272727273,3202.0654799770145,355,rolled,3750.861418465902,0.17138810618352085,True,True,1.0009789136591107,1,642.5771382220311,277.83164978027344,23.90321430866909,15.395668663584917,355.0,rolled,1.0,True,scale,0.9261054992675781,40,18,58,0.04786229133605957,0.001241922378540039,0.04910421371459961
gated_cost_merged_seed46,scale,14.181818181818182,63.63636363636363,3623.765744949169,355,rolled,4528.51573572392,0.24967121344303192,True,True,1.00098817335624,2,671.6917413585647,269.92477852565787,30.80378567047873,10.095505956809223,355.0,rolled,1.0,True,scale,0.9497718811035156,40,18,58,0.04481339454650879,0.0012319087982177734,0.04604530334472656
gated_cost_merged_seed46,scale,14.181818181818182,74.54545454545453,4194.266016339479,355,rolled,4665.695706703095,0.11239861480580418,True,True,1.000955298444931,1,698.887825012207,279.5551300048828,30.67530044207127,16.879063799175402,355.0,rolled,1.0,True,scale,0.9318504333496094,40,18,58,0.04267239570617676,0.0013625621795654297,0.04403495788574219
gated_cost_merged_seed46,scale,14.181818181818182,85.45454545454545,4739.8598837186255,355,rolled,5037.090380829876,0.06270870962499013,True,True,1.0009863886096124,1,714.5862579345703,285.8345031738281,33.34735870361328,17.086308484794788,355.0,rolled,1.0,True,scale,0.9527816772460938,40,18,58,0.045198678970336914,0.0012121200561523438,0.04641079902648926
gated_cost_merged_seed46,scale,14.181818181818182,96.36363636363636,5290.364352494784,355,rolled,6466.383569929298,0.22229456027540653,True,True,1.0009907757773655,1,704.8959732055664,281.95838928222656,32.895145416259766,19.738898008894505,460.0,rolled,0.0,True,scale,0.9398612976074219,40,18,58,0.05092597007751465,0.0014417171478271484,0.0523676872253418
gated_cost_merged_seed46,scale,14.181818181818182,107.27272727272728,6179.874379812138,355,rolled,7222.612276652329,0.1687312448043465,True,True,1.0009835451794362,1,717.8306579589844,287.13226318359375,33.49876403808594,23.927688598632812,460.0,rolled,0.0,True,scale,0.9571075439453125,40,18,58,0.06796145439147949,0.002050638198852539,0.07001209259033203
gated_cost_merged_seed46,scale,14.181818181818182,118.18181818181816,6852.162427149681,460,rolled,13323.128954124895,0.9443685253776106,True,True,1.0009614902767863,1,698.1477782641406,292.4571990966797,31.96282111714807,22.722586760030573,690.0,rolled,0.0,True,scale,0.9748573303222656,40,18,58,0.06225275993347168,0.0013396739959716797,0.06359243392944336
gated_cost_merged_seed46,scale,14.181818181818182,129.0909090909091,9553.512737278232,500,rolled,14224.095243068568,0.4888864058939824,True,True,1.0009806883802237,1,737.1768951416016,294.8707580566406,31.633765273000716,24.57256317138672,690.0,rolled,0.0,True,scale,0.9829025268554688,40,18,58,0.05678749084472656,0.0014967918395996094,0.05828428268432617
gated_cost_merged_seed46,scale,14.181818181818182,140.0,12744.824501296387,690,rolled,14895.220088657417,0.16872696733817674,True,True,1.0009597592534802,1,732.1450016179806,295.0836181640625,34.426422119140625,24.590301513671875,690.0,rolled,1.0,True,scale,0.983612060546875,8,18,26,0.014301776885986328,0.0012748241424560547,0.015576601028442383
gated_cost_merged_seed46,scale,15.0,20.0,2057.2483346770277,355,rolled,2709.693250100751,0.31714446157330445,True,True,1.000960630595584,2,481.2174330965922,223.56642311099927,22.099661668205183,6.888813034021575,355.0,rolled,1.0,True,scale,0.8735427856445312,40,18,58,0.046295881271362305,0.00157928466796875,0.047875165939331055
gated_cost_merged_seed46,scale,15.0,30.909090909090907,2565.283454586496,355,rolled,3170.3233133418726,0.2358569216488024,True,True,1.0009869961749718,1,620.575399840704,239.52783443352126,22.825111477025082,12.170329936194735,355.0,rolled,1.0,True,scale,0.9192962646484375,40,18,58,0.048187971115112305,0.0012061595916748047,0.04939413070678711
gated_cost_merged_seed46,scale,15.0,41.81818181818181,3234.6725939942403,355,rolled,4113.975724160468,0.27183682571114454,True,True,1.000980986359364,3,678.6768389538685,264.03058743135387,26.344945249720467,9.044104330285961,355.0,rolled,1.0,True,scale,0.9669036865234375,40,18,58,0.05190396308898926,0.0012500286102294922,0.05315399169921875
gated_cost_merged_seed46,scale,15.0,52.72727272727273,3765.638206814382,355,rolled,4640.325716578232,0.23228134561121555,True,True,1.0009548147922809,2,670.7079852883764,266.25943512861335,30.485575156975376,9.583359512226364,355.0,rolled,1.0,True,scale,0.923553466796875,40,18,58,0.05474567413330078,0.0014557838439941406,0.05620145797729492
gated_cost_merged_seed46,scale,15.0,63.63636363636363,4414.262908667717,355,rolled,4992.566286010638,0.13100791441474433,True,True,1.000975428172201,1,656.7628455436338,278.53546142578125,32.49580383300781,17.12785189846442,355.0,rolled,1.0,True,scale,0.9284515380859375,40,18,58,0.04875826835632324,0.0014483928680419922,0.050206661224365234
gated_cost_merged_seed46,scale,15.0,74.54545454545453,5073.1569950190815,355,rolled,5405.632518550975,0.0655362181494332,True,True,1.0009604603643467,1,715.6591415405273,286.26365661621094,33.39742660522461,17.65180304812539,355.0,rolled,1.0,True,scale,0.9542121887207031,40,18,58,0.07149386405944824,0.0012097358703613281,0.07270359992980957
gated_cost_merged_seed46,scale,15.0,85.45454545454545,5700.335679671592,355,rolled,6163.8930512474435,0.08132106556969614,True,True,1.0009793624492083,1,735.2628707885742,294.1051483154297,34.3122673034668,22.02168450188914,355.0,rolled,1.0,True,scale,0.9803504943847656,40,18,58,0.04838991165161133,0.0012857913970947266,0.049675703048706055
gated_cost_merged_seed46,scale,15.0,96.36363636363636,6971.155593281798,460,rolled,12830.939735967859,0.8405757215250249,True,True,1.0009573464657193,1,705.9774398803711,282.39097595214844,32.945613861083984,23.532581329345703,620.0,rolled,0.0,True,scale,0.9413032531738281,40,18,58,0.06484627723693848,0.001970529556274414,0.06681680679321289
gated_cost_merged_seed46,scale,15.0,107.27272727272728,8192.251861307222,460,rolled,14581.795305919313,0.7799495856310896,True,True,1.0009738426274377,1,736.2842559814453,294.5137023925781,31.855290824061665,23.014509963096998,690.0,rolled,0.0,True,scale,0.9817123413085938,40,18,58,0.04726672172546387,0.0018281936645507812,0.04909491539001465
gated_cost_merged_seed46,scale,15.0,118.18181818181816,13414.02255742561,620,rolled,15602.983891379921,0.16318455739755464,True,True,1.0009832059852788,1,746.2577819824219,298.50311279296875,33.28785047487362,24.314551999556976,690.0,rolled,0.0,True,scale,0.9950103759765625,6,18,24,0.008495807647705078,0.0012366771697998047,0.009732484817504883
gated_cost_merged_seed46,scale+thin,6.0,20.0,241.3288087904857,355,rolled,241.3245056357215,-1.7831086084511775e-05,True,True,1.0009887663388384,2,250.0,125.5226665016879,8.0,6.0,355.0,rolled,1.0,True,thin_c3,0.8339691162109375,40,69,109,0.0943002700805664,0.00840139389038086,0.10270166397094727
gated_cost_merged_seed46,scale+thin,6.0,30.909090909090907,292.67799548197263,355,rolled,306.10297520126267,0.045869453551443846,True,True,1.0009556405424047,2,255.345451739081,157.15749857726226,9.249513611893567,6.0,355.0,rolled,1.0,True,thin_c2,0.924835205078125,40,53,93,0.1242976188659668,0.008796453475952148,0.13309407234191895
gated_cost_merged_seed46,scale+thin,6.0,41.81818181818181,342.2853688824266,355,rolled,345.74892623040245,0.010118917321194503,True,True,1.0009812352928786,2,304.12181122180846,164.3509893491814,9.67536702975084,6.0,355.0,rolled,1.0,True,thin_c2,0.9603919982910156,40,70,110,0.11931014060974121,0.008028745651245117,0.12733888626098633
gated_cost_merged_seed46,scale+thin,6.0,52.72727272727273,386.25765574493386,355,rolled,392.5437985018042,0.01627448068245255,True,True,1.0009965000663616,2,373.62458723314006,169.14375520002542,9.942077657624793,6.183472316576087,355.0,rolled,1.0,True,thin_c2,1.0305787194293479,40,73,113,0.10837769508361816,0.008150100708007812,0.11652779579162598
gated_cost_merged_seed46,scale+thin,6.0,63.63636363636363,431.68145507497405,355,rolled,439.9973740330449,0.019264017159658905,True,True,1.0009949883679718,1,395.8863245692385,171.68128027031838,11.190979315640352,6.369568993720676,355.0,rolled,1.0,True,thin_c1,0.9832344055175781,40,72,112,0.08567380905151367,0.008107662200927734,0.0937814712524414
gated_cost_merged_seed46,scale+thin,6.0,74.54545454545453,466.9500019446189,355,rolled,483.98238629635836,0.03647582028227405,True,True,1.000990370265003,1,400.8536479425876,183.9857290971156,12.020293943468046,6.423488477173324,355.0,rolled,1.0,True,thin_c1,0.9691238403320312,40,71,111,0.0858154296875,0.00823354721069336,0.09404897689819336
gated_cost_merged_seed46,scale+thin,6.0,85.45454545454545,518.2473353887603,355,rolled,523.2236160885832,0.00960213465659193,True,True,1.0009810896406655,1,433.73697053971,186.63853530762063,12.16204978780802,6.982295545416571,355.0,rolled,1.0,True,thin_c1,0.9933624267578125,40,72,112,0.060803890228271484,0.008311748504638672,0.06911563873291016
gated_cost_merged_seed46,scale+thin,6.0,96.36363636363636,549.7256874002802,355,rolled,562.7967602694547,0.023777446040386403,True,True,1.000998000378364,1,479.64934967230226,184.4816292523584,11.962201210463382,7.7775270499598665,355.0,rolled,1.0,True,thin_c1,0.9977340698242188,40,72,112,0.06168031692504883,0.008104801177978516,0.06978511810302734
gated_cost_merged_seed46,scale+thin,6.0,107.27272727272728,586.6560772595034,355,rolled,614.3901092455684,0.047274771473639836,True,True,1.0009958005766648,1,546.7617708650457,176.3185675431655,11.330031772878927,8.952791201017291,355.0,rolled,1.0,True,thin_c1,1.0382524307914403,40,74,114,0.0932931900024414,0.00861668586730957,0.10190987586975098
gated_cost_merged_seed46,scale+thin,6.0,118.18181818181816,628.4217050081675,355,rolled,637.2776872077709,0.014092419356343417,True,True,1.000992261109058,1,525.6274166650599,191.1938332817375,12.36421948445781,8.551168685441796,355.0,rolled,1.0,True,thin_c1,0.9400558471679688,40,71,111,0.0843813419342041,0.008829116821289062,0.09321045875549316
gated_cost_merged_seed46,scale+thin,6.0,129.0909090909091,657.4964976148059,355,rolled,678.2171701448872,0.031514498716342196,True,True,1.0009850526925803,2,523.4846079168329,181.01558284410612,15.559696071356097,8.03670068434566,355.0,rolled,1.0,True,scale,0.9360847473144531,40,72,112,0.08506536483764648,0.00791168212890625,0.09297704696655273
gated_cost_merged_seed46,scale+thin,6.0,140.0,697.879425726456,355,rolled,717.481158363276,0.028087563430338407,True,True,1.000998940920491,1,593.909108386582,189.3106544650875,12.156901967386657,9.730457650668168,355.0,rolled,1.0,True,thin_c1,1.042813667629076,40,74,114,0.09597921371459961,0.009003877639770508,0.10498309135437012
gated_cost_merged_seed46,scale+thin,6.818181818181818,20.0,317.0885192434045,355,rolled,343.9487728346443,0.08470900698432798,True,True,1.0009949787053534,2,250.0,156.6506304099814,9.226201708389045,6.0,355.0,rolled,1.0,True,thin_c2,0.9040412902832031,40,53,93,0.10273098945617676,0.007259845733642578,0.10999083518981934
gated_cost_merged_seed46,scale+thin,6.818181818181818,30.909090909090907,392.6423822212096,355,rolled,428.7402892086588,0.09193583938453219,True,True,1.0009987412791759,1,422.6836895174125,140.4378951891299,9.039299200779158,6.9105266299192065,355.0,rolled,1.0,True,thin_c1,1.0270062521229621,40,72,112,0.08206820487976074,0.008663177490234375,0.09073138236999512
gated_cost_merged_seed46,scale+thin,6.818181818181818,41.81818181818181,455.0251859822217,355,rolled,461.6548234269203,0.014569825251294112,True,True,1.0009971834608873,2,384.5217631537358,173.6557895406446,10.251331690572966,6.0,355.0,rolled,1.0,True,thin_c2,0.9377555847167969,40,70,110,0.07544517517089844,0.007988452911376953,0.08343362808227539
gated_cost_merged_seed46,scale+thin,6.818181818181818,52.72727272727273,519.9507333014534,355,rolled,548.7365624634573,0.055362609028795515,True,True,1.0009969330547186,1,453.88830332502397,167.68928580007446,10.852506875436175,7.377446003399891,355.0,rolled,1.0,True,thin_c1,1.0703874405570653,40,74,114,0.07777118682861328,0.008544206619262695,0.08631539344787598
gated_cost_merged_seed46,scale+thin,6.818181818181818,63.63636363636363,570.1996303697795,355,rolled,604.4317252370691,0.06003528070526784,True,True,1.0009998792248387,1,465.2805033231634,179.67626638723604,11.65279395554502,7.54268847504407,355.0,rolled,1.0,True,thin_c1,1.0541157332710598,40,75,115,0.08512997627258301,0.010744810104370117,0.09587478637695312
gated_cost_merged_seed46,scale+thin,6.818181818181818,74.54545454545453,645.0378754655677,355,rolled,663.7392679385413,0.0289927044353411,True,True,1.0009969008021564,1,496.1496413220792,185.45525578119148,12.009068042949835,8.058842739746602,355.0,rolled,1.0,True,thin_c1,1.0388435430112088,40,74,114,0.09192228317260742,0.015133857727050781,0.1070561408996582
gated_cost_merged_seed46,scale+thin,6.818181818181818,85.45454545454545,698.212152166206,355,rolled,733.2919610710289,0.05024233507822469,True,True,1.0009995244958467,1,552.6708174437056,183.70895510070474,11.82473427824082,9.035496792095794,355.0,rolled,1.0,True,thin_c1,1.078695254118546,40,75,115,0.07477426528930664,0.00500798225402832,0.07978224754333496
gated_cost_merged_seed46,scale+thin,6.818181818181818,96.36363636363636,733.8166260116295,355,rolled,773.3540728661645,0.05387919195756736,True,True,1.0009959867668838,1,548.6258140564773,195.66704568425627,12.641035602548982,8.935288898449173,355.0,rolled,1.0,True,thin_c1,1.0499929942255437,40,75,115,0.05131959915161133,0.006059885025024414,0.05737948417663574
gated_cost_merged_seed46,scale+thin,6.818181818181818,107.27272727272728,798.4291807439346,355,rolled,815.833016844218,0.021797595228254897,True,True,1.0009972370452442,1,541.0719953073766,208.57903288792252,13.526163196450296,8.772284796871643,355.0,rolled,1.0,True,thin_c1,1.005044821034307,40,73,113,0.04786825180053711,0.005018949508666992,0.0528872013092041
gated_cost_merged_seed46,scale+thin,6.818181818181818,118.18181818181816,860.6462645405438,355,rolled,881.4823104596952,0.024209767447575824,True,True,1.0009942765261788,1,608.2304226220298,200.53419461242288,12.90196397187201,9.948037417320172,355.0,rolled,1.0,True,thin_c1,1.0467880912449048,40,74,114,0.050339698791503906,0.005228281021118164,0.05556797981262207
gated_cost_merged_seed46,scale+thin,6.818181818181818,129.0909090909091,896.311601431932,355,rolled,931.1087997016992,0.03882265744878884,True,True,1.0009986003653626,2,579.1825957452199,191.27847549341453,17.683168113026095,8.865623305873381,355.0,rolled,1.0,True,scale,0.9671440124511719,40,74,114,0.05576062202453613,0.005653858184814453,0.061414480209350586
gated_cost_merged_seed46,scale+thin,6.818181818181818,140.0,931.1411275891702,355,rolled,961.866703353279,0.032997764628505705,True,True,1.000994329473286,1,616.3945931108104,216.58765675545723,13.982000405648513,10.047339868496588,355.0,rolled,1.0,True,thin_c1,1.008578597359035,40,74,114,0.05310988426208496,0.005106687545776367,0.05821657180786133
gated_cost_merged_seed46,scale+thin,7.636363636363637,20.0,409.6201332461394,355,rolled,447.418092118634,0.09227563736419642,True,True,1.0009970620942494,2,272.5822411126511,171.1941994991857,10.095303952133955,6.0,355.0,rolled,1.0,True,thin_c2,0.9537315368652344,40,70,110,0.06473875045776367,0.005301475524902344,0.07004022598266602
gated_cost_merged_seed46,scale+thin,7.636363636363637,30.909090909090907,501.774525145321,355,rolled,516.3908749537866,0.02912931820170125,True,True,1.000990047780921,2,315.5603353584464,183.4092001905881,10.833141764044466,6.0,355.0,rolled,1.0,True,thin_c2,0.9739189147949219,40,71,111,0.04782700538635254,0.005146026611328125,0.052973031997680664
gated_cost_merged_seed46,scale+thin,7.636363636363637,41.81818181818181,593.9298338756057,355,rolled,622.9180160572648,0.04880741887051001,True,True,1.0009983448751687,1,415.0237499718174,181.77606764307538,11.85382541732112,6.6728787584969504,355.0,rolled,1.0,True,thin_c1,1.0516696034307065,40,73,113,0.0633997917175293,0.00882863998413086,0.07222843170166016
gated_cost_merged_seed46,scale+thin,7.636363636363637,52.72727272727273,675.9362632758116,355,rolled,715.5059458859831,0.05854055294859267,True,True,1.0009943007493762,1,471.3503760054199,186.94925437108006,12.139341328634284,7.628461060493432,355.0,rolled,1.0,True,thin_c1,1.0747960629670517,40,75,115,0.06966066360473633,0.005707740783691406,0.07536840438842773
gated_cost_merged_seed46,scale+thin,7.636363636363637,63.63636363636363,779.5020738899598,355,rolled,796.477927346421,0.0217778169232397,True,True,1.0009967626245995,1,503.28395419624223,195.344202783653,12.671920193213019,8.156222785332933,355.0,rolled,1.0,True,thin_c1,1.0712343431555706,40,75,115,0.04981708526611328,0.005151033401489258,0.05496811866760254
gated_cost_merged_seed46,scale+thin,7.636363636363637,74.54545454545453,846.6406079690952,355,rolled,875.6798872253524,0.03429941699337587,True,True,1.0009962663031384,1,539.9407828024619,200.79228859952917,12.99899681627006,8.772774670992819,355.0,rolled,1.0,True,thin_c1,1.0688741932744565,40,75,115,0.047768592834472656,0.005560159683227539,0.053328752517700195
gated_cost_merged_seed46,scale+thin,7.636363636363637,85.45454545454545,921.2774310054268,355,rolled,945.3986725007782,0.026182386199374134,True,True,1.0009987425495432,1,560.7275566332199,208.7324380158586,13.513687915543338,9.109973174747262,355.0,rolled,1.0,True,thin_c1,1.0711225692085597,40,75,115,0.04721403121948242,0.006285667419433594,0.053499698638916016
gated_cost_merged_seed46,scale+thin,7.636363636363637,96.36363636363636,990.3158107657674,355,rolled,1025.4164728458527,0.035443907588371716,True,True,1.000993594117668,1,606.9688812323848,209.2638374814083,13.49591065254688,9.90397608926809,355.0,rolled,1.0,True,thin_c1,1.0216196076766306,40,74,114,0.0787198543548584,0.005874156951904297,0.0845940113067627
gated_cost_merged_seed46,scale+thin,7.636363636363637,107.27272727272728,1055.0870687226268,355,rolled,1153.6406301115826,0.09340798907551078,True,True,1.00099673884422,3,692.9599681659957,263.4907576987868,11.204525100049375,7.272892694887908,355.0,rolled,1.0,True,thin_c3,1.212148782481318,40,76,116,0.06698250770568848,0.0058917999267578125,0.07287430763244629
gated_cost_merged_seed46,scale+thin,7.636363636363637,118.18181818181816,1088.4839809208006,355,rolled,1246.4022655531699,0.14508094505789476,True,True,1.0009956781607559,3,750.0,260.9615740946652,11.058919651097764,8.073320737092391,355.0,rolled,1.0,True,thin_c3,1.3455534561820652,40,77,117,0.05771636962890625,0.005315303802490234,0.06303167343139648
gated_cost_merged_seed46,scale+thin,7.636363636363637,129.0909090909091,1173.7978050697595,355,rolled,1212.697682665847,0.03314018600825003,True,True,1.0009970124052692,1,663.4077232612024,226.33391121906863,14.588733379044957,10.831012659013584,355.0,rolled,1.0,True,thin_c1,1.0413498588230299,40,74,114,0.05102872848510742,0.005000114440917969,0.05602884292602539
gated_cost_merged_seed46,scale+thin,7.636363636363637,140.0,1251.7374258469372,355,rolled,1300.729082825409,0.039138924799123606,True,True,1.0009925887478008,1,720.1239590057336,221.27227388277782,14.179161771347504,11.819514586656934,355.0,rolled,1.0,True,thin_c1,1.0977498991593073,40,77,117,0.059500932693481445,0.005904197692871094,0.06540513038635254
gated_cost_merged_seed46,scale+thin,8.454545454545455,20.0,516.1523336674153,355,rolled,551.0675176152405,0.06764511496003993,True,True,1.0009554390545783,2,300.2836803003806,180.73647738605783,10.668141479215473,6.0,355.0,rolled,1.0,True,thin_c2,0.979217529296875,40,70,110,0.06002068519592285,0.004933357238769531,0.06495404243469238
gated_cost_merged_seed46,scale+thin,8.454545454545455,30.909090909090907,633.218032838701,355,rolled,679.4418855877922,0.07299832024977364,True,True,1.0009977819940978,1,413.84833250077764,179.88794618036928,11.727047936886942,6.6574979785071795,355.0,rolled,1.0,True,thin_c1,1.0464656663977583,40,73,113,0.057698726654052734,0.00571751594543457,0.0634162425994873
gated_cost_merged_seed46,scale+thin,8.454545454545455,41.81818181818181,757.3789000305048,355,rolled,827.013366226759,0.09194138652852554,True,True,1.000993472499546,1,503.69303761996963,183.73834158857795,11.883758197980292,8.192989507019336,355.0,rolled,1.0,True,thin_c1,1.1078790946628736,40,76,116,0.061814069747924805,0.005212306976318359,0.06702637672424316
gated_cost_merged_seed46,scale+thin,8.454545454545455,52.72727272727273,897.7427828478864,355,rolled,986.4185436818889,0.09877635613254242,True,True,1.0009931146836957,2,439.0107479570232,221.00519360543387,13.109109394973688,6.134192902938179,355.0,rolled,1.0,True,thin_c2,1.0223654838230298,40,72,112,0.055908918380737305,0.005103111267089844,0.06101202964782715
gated_cost_merged_seed46,scale+thin,8.454545454545455,63.63636363636363,969.5859503873623,355,rolled,1012.9765718559264,0.0447517019519816,True,True,1.0009981842145022,1,517.6164055140642,216.09473766978803,14.063562965326119,8.349589111357327,355.0,rolled,1.0,True,thin_c1,1.0667999267578128,40,75,115,0.062361717224121094,0.005327939987182617,0.06768965721130371
gated_cost_merged_seed46,scale+thin,8.454545454545455,74.54545454545453,1093.1775012217977,355,rolled,1167.248571268761,0.067757587367264,True,True,1.0009934048240814,1,635.8260693426254,204.35272838234755,13.12899427122542,10.412908720667087,355.0,rolled,1.0,True,thin_c1,1.0807277778957203,40,76,116,0.047621726989746094,0.005208253860473633,0.05282998085021973
gated_cost_merged_seed46,scale+thin,8.454545454545455,85.45454545454545,1181.2789978646645,355,rolled,1202.951708778636,0.01834681811252729,True,True,1.0009978450035757,1,583.5538872422102,229.52244093648326,14.898119140695943,9.449335582072367,355.0,rolled,1.0,True,thin_c1,1.042325731360394,40,74,114,0.043999671936035156,0.004865884780883789,0.048865556716918945
gated_cost_merged_seed46,scale+thin,8.454545454545455,96.36363636363636,1257.923897819336,355,rolled,1296.9783965610643,0.031046789721883006,True,True,1.0009956833808864,2,589.9216104217375,225.81937268573571,17.67504514237858,9.074328364038783,355.0,rolled,1.0,True,scale,0.9877090454101562,40,74,114,0.08767986297607422,0.004870176315307617,0.09255003929138184
gated_cost_merged_seed46,scale+thin,8.454545454545455,107.27272727272728,1352.4875507253705,355,rolled,1510.4611742160828,0.11680227548563189,True,True,1.0009868048404338,1,477.27294047049577,249.6075996724727,20.957493550665472,10.784428339402433,355.0,rolled,1.0,True,scale,0.9450111389160156,40,74,114,0.04663729667663574,0.005629062652587891,0.05226635932922363
gated_cost_merged_seed46,scale+thin,8.454545454545455,118.18181818181816,1418.3994702060834,355,rolled,1457.259250119591,0.027396922185723503,True,True,1.000998394606363,1,662.7123267100473,245.9227567746299,15.91903105760083,10.768871509534295,355.0,rolled,1.0,True,thin_c1,1.0758192244819975,40,75,115,0.05187082290649414,0.005145549774169922,0.05701637268066406
gated_cost_merged_seed46,scale+thin,8.454545454545455,129.0909090909091,1503.943042662674,355,rolled,1566.0946967290397,0.04132580310776162,True,True,1.0009689373322317,2,670.32014839794,227.00638850513974,20.218838446499806,10.376624669700883,355.0,rolled,1.0,True,scale,0.9580116271972656,40,75,115,0.05362272262573242,0.005785703659057617,0.05940842628479004
gated_cost_merged_seed46,scale+thin,8.454545454545455,140.0,1589.050557323039,355,rolled,1610.887085655212,0.013741871353017023,True,True,1.000997338263957,2,738.2876177283111,248.01163222064935,16.000775209342933,11.650232829158535,355.0,rolled,1.0,True,thin_c1,1.0674920654296876,40,77,117,0.045255422592163086,0.005345344543457031,0.05060076713562012
gated_cost_merged_seed46,scale+thin,9.272727272727272,20.0,633.3700898588271,355,rolled,673.7426449917718,0.06374244028786305,True,True,1.0009969512070986,2,404.16891165652356,176.54471676616407,10.372758325238078,6.525160575534986,355.0,rolled,1.0,True,thin_c2,1.0875267625891645,40,74,114,0.06312847137451172,0.005661725997924805,0.06879019737243652
gated_cost_merged_seed46,scale+thin,9.272727272727272,30.909090909090907,801.8071464602682,355,rolled,857.79374674696,0.06982551918357849,True,True,1.0009947950961913,1,452.02645096293395,190.7007035261109,12.416451521714599,7.2864739808515555,355.0,rolled,1.0,True,thin_c1,1.034250063688859,40,73,113,0.05693864822387695,0.005807399749755859,0.06274604797363281
gated_cost_merged_seed46,scale+thin,9.272727272727272,41.81818181818181,962.5021253931346,355,rolled,1009.3268345896867,0.048648941089274415,True,True,1.000993894609106,1,494.62151893291536,205.5955512530019,13.377762052259955,7.980965832689044,355.0,rolled,1.0,True,thin_c1,1.0448513926630434,40,74,114,0.05048012733459473,0.005095243453979492,0.05557537078857422
gated_cost_merged_seed46,scale+thin,9.272727272727272,52.72727272727273,1070.6846994207378,355,rolled,1136.6088242923538,0.061571931407334246,True,True,1.0009973262086334,1,483.04494723355793,229.67930084624757,15.025797248079318,7.720150863539639,355.0,rolled,1.0,True,thin_c1,1.0329517663043477,40,74,114,0.05587458610534668,0.007145881652832031,0.06302046775817871
gated_cost_merged_seed46,scale+thin,9.272727272727272,63.63636363636363,1216.7126656588257,355,rolled,1362.671642059307,0.11996174653236429,True,True,1.000994198082896,3,661.8659645271581,262.5429715322111,11.164869535689375,7.231924438476562,355.0,rolled,1.0,True,thin_c3,1.2053207397460937,40,75,115,0.05841541290283203,0.007291555404663086,0.06570696830749512
gated_cost_merged_seed46,scale+thin,9.272727272727272,74.54545454545453,1356.4151141978043,355,rolled,1488.7223226807819,0.09754182705434183,True,True,1.0009992754439905,3,744.5480205092624,263.52760744168717,11.1874225880069,7.700831670346469,355.0,rolled,1.0,True,thin_c3,1.2834719450577448,40,76,116,0.06692719459533691,0.0051288604736328125,0.07205605506896973
gated_cost_merged_seed46,scale+thin,9.272727272727272,85.45454545454545,1422.5235716023028,355,rolled,1622.9406870113164,0.14088843194581843,True,True,1.0009938169239294,3,673.9654701612579,299.12721525268034,12.753151324252439,7.496362968113113,355.0,rolled,1.0,True,thin_c3,1.2493938280188521,40,75,115,0.0770864486694336,0.0053937435150146484,0.08248019218444824
gated_cost_merged_seed46,scale+thin,9.272727272727272,96.36363636363636,1530.0841209322955,355,rolled,1644.5861411090202,0.07483380724646532,True,True,1.0009998338457615,1,694.3056304600506,241.69504381971896,15.595310610191106,11.323115488530672,355.0,rolled,1.0,True,thin_c1,1.0550056258491847,40,75,115,0.04873251914978027,0.00542140007019043,0.0541539192199707
gated_cost_merged_seed46,scale+thin,9.272727272727272,107.27272727272728,1647.0835657255905,355,rolled,1718.6105974317074,0.043426474038436025,True,True,1.0009961446620197,1,675.5052213237565,258.90582183316087,16.785291074140552,10.955654696338975,355.0,rolled,1.0,True,thin_c1,1.0414917257557743,40,75,115,0.050818443298339844,0.0050966739654541016,0.055915117263793945
gated_cost_merged_seed46,scale+thin,9.272727272727272,118.18181818181816,1794.0191544704012,355,rolled,1851.933423952897,0.0322818568230908,True,True,1.0009975634358816,1,745.2984734872052,253.32277697138974,16.325104914451313,12.170420769281582,355.0,rolled,1.0,True,thin_c1,1.047684432319973,40,77,117,0.0581667423248291,0.005694389343261719,0.06386113166809082
gated_cost_merged_seed46,scale+thin,9.272727272727272,129.0909090909091,1876.6125693849333,355,rolled,1887.5321572105192,0.005818775811122743,True,True,1.000997160490929,2,750.0,274.24986936209666,16.01049219328149,11.822394263956745,355.0,rolled,1.0,True,thin_c2,1.1946996274201767,40,80,120,0.045652151107788086,0.006025552749633789,0.051677703857421875
gated_cost_merged_seed46,scale+thin,9.272727272727272,140.0,1975.8458780810136,355,rolled,2028.5897227929215,0.026694311179338535,True,True,1.0009986797069927,2,750.0,282.9774929083558,16.478521202139277,12.878569013688292,355.0,rolled,1.0,True,thin_c2,1.2521260800568954,40,81,121,0.07425475120544434,0.005463838577270508,0.07971858978271484
gated_cost_merged_seed46,scale+thin,10.09090909090909,20.0,771.2799576046779,355,rolled,888.9893552878806,0.1526156572883942,True,True,1.0009968973410945,1,478.2485184552291,174.28782407555298,11.271982408740955,7.779545495988707,355.0,rolled,1.0,True,thin_c1,1.0605319877292798,40,74,114,0.04682636260986328,0.005368709564208984,0.052195072174072266
gated_cost_merged_seed46,scale+thin,10.09090909090909,30.909090909090907,964.7090665866748,355,rolled,1174.7313472298708,0.2177053040314994,True,True,1.0009996267913972,3,493.0483955159425,244.04475306633952,10.371664949481145,6.872197663680367,355.0,rolled,1.0,True,thin_c3,1.1453662772800612,40,73,113,0.06817483901977539,0.007525920867919922,0.07570075988769531
gated_cost_merged_seed46,scale+thin,10.09090909090909,41.81818181818181,1147.2574547707825,355,rolled,1262.6109090537166,0.10054713857229304,True,True,1.0009979093556316,1,552.7580551381502,213.46635461672506,13.844256792772796,8.960768714769777,355.0,rolled,1.0,True,thin_c1,1.09469446596892,40,76,116,0.0527186393737793,0.006091117858886719,0.058809757232666016
gated_cost_merged_seed46,scale+thin,10.09090909090909,52.72727272727273,1318.1429375417918,355,rolled,1508.7576642186393,0.14460854073407658,True,True,1.000998855119451,3,634.6629363105384,271.1738860811681,11.543225995299,7.210827105978262,355.0,rolled,1.0,True,thin_c3,1.2018045176630436,40,75,115,0.05823254585266113,0.005870819091796875,0.06410336494445801
gated_cost_merged_seed46,scale+thin,10.09090909090909,63.63636363636363,1473.4968374975142,355,rolled,1617.9913783805705,0.09806233525988145,True,True,1.0009939748802308,1,659.2214792864885,230.1506468666895,14.852648306865259,10.749230838262015,355.0,rolled,1.0,True,thin_c1,1.0504637345023782,40,75,115,0.04944491386413574,0.005478858947753906,0.05492377281188965
gated_cost_merged_seed46,scale+thin,10.09090909090909,74.54545454545453,1593.8205978972342,355,rolled,1822.2540474348582,0.14332444306404482,True,True,1.000998515997521,3,750.0,288.9259403277634,12.285944078007446,7.978882499363112,355.0,rolled,1.0,True,thin_c3,1.329813749893852,40,78,118,0.04854249954223633,0.006080150604248047,0.054622650146484375
gated_cost_merged_seed46,scale+thin,10.09090909090909,85.45454545454545,1744.078619322344,355,rolled,1899.542256255756,0.08913797532465421,True,True,1.000994501756943,1,718.276733977297,247.90751634169214,15.989037078001603,11.719511121065784,355.0,rolled,1.0,True,thin_c1,1.046328098462976,40,75,115,0.04954981803894043,0.005559682846069336,0.055109500885009766
gated_cost_merged_seed46,scale+thin,10.09090909090909,96.36363636363636,1930.113776773892,355,rolled,1975.8782807602938,0.02371078044056835,True,True,1.0009991949514276,1,675.0311534832518,272.2324814370002,17.690318711246967,10.913362108890635,355.0,rolled,1.0,True,thin_c1,1.015141017747962,40,75,115,0.05325961112976074,0.005117893218994141,0.05837750434875488
gated_cost_merged_seed46,scale+thin,10.09090909090909,107.27272727272728,2067.605711285596,355,rolled,2122.185757809081,0.026397705435601836,True,True,1.0009936831274262,2,746.3970960379914,268.2679778418962,17.348958712911937,11.991384632157873,355.0,rolled,1.0,True,thin_c1,1.0942999134893001,40,78,118,0.0537874698638916,0.005528688430786133,0.059316158294677734
gated_cost_merged_seed46,scale+thin,10.09090909090909,118.18181818181816,2170.353625378734,355,rolled,2241.4663602348605,0.032765506056054494,True,True,1.0009972179050386,1,750.0,279.43909618100395,18.088463297101605,12.238636090348775,355.0,rolled,1.0,True,thin_c1,1.100255777110224,40,78,118,0.05087423324584961,0.005856513977050781,0.05673074722290039
gated_cost_merged_seed46,scale+thin,10.09090909090909,129.0909090909091,2307.5736162550616,355,rolled,2301.1977006486686,-0.0027630388740274934,True,True,1.0009998304016643,2,750.0,300.0,18.27434301751566,11.750014094520406,355.0,rolled,1.0,True,thin_c3,1.719598521356997,40,80,120,0.04631376266479492,0.0077495574951171875,0.05406332015991211
gated_cost_merged_seed46,scale+thin,10.09090909090909,140.0,2443.406284429296,355,rolled,2465.474332279609,0.009031673525169448,True,True,1.0009995468865742,1,737.973354887273,300.0,20.761497620015025,11.877301552374636,355.0,rolled,1.0,True,thin_c1,1.127496337890625,40,80,120,0.05191493034362793,0.005316972732543945,0.057231903076171875
gated_cost_merged_seed46,scale+thin,10.90909090909091,20.0,939.0466900997784,355,rolled,1106.1246716384042,0.17792297582229152,True,True,1.0009568362522665,2,539.5438792865173,180.94602091519735,11.675312715057368,8.479798762901998,355.0,rolled,1.0,True,thin_c1,0.9979400634765625,40,72,112,0.04581141471862793,0.006115436553955078,0.05192685127258301
gated_cost_merged_seed46,scale+thin,10.90909090909091,30.909090909090907,1197.1649157491154,355,rolled,1403.356558937155,0.1722332825457192,True,True,1.0009955478951147,3,562.1651483105426,249.1553367375804,10.57973710656499,7.224721228558085,355.0,rolled,1.0,True,thin_c3,1.2041202047596808,40,76,116,0.05083918571472168,0.006135702133178711,0.05697488784790039
gated_cost_merged_seed46,scale+thin,10.90909090909091,41.81818181818181,1403.509472950396,355,rolled,1492.212812529139,0.06320109788234969,True,True,1.0009984015060707,1,530.6635326059491,237.2583571612034,15.484738267073977,8.51978930241763,355.0,rolled,1.0,True,thin_c1,1.0836211627462637,40,76,116,0.05250406265258789,0.005166053771972656,0.05767011642456055
gated_cost_merged_seed46,scale+thin,10.90909090909091,52.72727272727273,1588.7457907355176,355,rolled,1692.9965451473179,0.06561827261461184,True,True,1.0009942094636843,1,565.6802575279514,252.59620024313645,16.48493891718457,9.082796650423848,355.0,rolled,1.0,True,thin_c1,1.0490278691830843,40,75,115,0.05114579200744629,0.0052835941314697266,0.056429386138916016
gated_cost_merged_seed46,scale+thin,10.90909090909091,63.63636363636363,1789.9941201560932,355,rolled,1990.4525106652827,0.11198829552116567,True,True,1.0009957189994696,3,750.0,293.88428847708275,12.50977533711567,7.818801548170006,355.0,rolled,1.0,True,thin_c3,1.3031335913616677,40,77,117,0.06772732734680176,0.00922846794128418,0.07695579528808594
gated_cost_merged_seed46,scale+thin,10.90909090909091,74.54545454545453,1942.2808212955651,355,rolled,2097.3744184128655,0.07985127352173914,True,True,1.000995391252086,1,698.1028536534343,260.3410582753655,16.856387495387413,11.340663921276064,355.0,rolled,1.0,True,thin_c1,1.0647278097401496,40,76,116,0.045623779296875,0.00548553466796875,0.05110931396484375
gated_cost_merged_seed46,scale+thin,10.90909090909091,85.45454545454545,2177.190622234541,355,rolled,2215.7970849444005,0.017732238195218766,True,True,1.0009986538945788,2,690.9057278207323,278.6140630120052,18.123465916966204,10.896548710148648,355.0,rolled,1.0,True,thin_c1,1.1315968654466708,40,78,118,0.06177997589111328,0.0054683685302734375,0.06724834442138672
gated_cost_merged_seed46,scale+thin,10.90909090909091,96.36363636363636,2344.698716886334,355,rolled,2424.556252530015,0.03405876203563115,True,True,1.0009956272929972,1,750.0,278.7700932575624,18.03729807830783,12.325439216865789,355.0,rolled,1.0,True,thin_c1,1.0764275326936144,40,77,117,0.05182075500488281,0.006622314453125,0.05844306945800781
gated_cost_merged_seed46,scale+thin,10.90909090909091,107.27272727272728,2499.121791022924,355,rolled,2497.3537596578713,-0.0007074610654844934,True,True,1.000998606709401,2,750.0,300.0,18.481868685122663,11.686633359988681,355.0,rolled,1.0,True,thin_c3,1.6184149037236755,40,78,118,0.0527644157409668,0.006619691848754883,0.05938410758972168
gated_cost_merged_seed46,scale+thin,10.90909090909091,118.18181818181816,2669.547168301596,355,rolled,2741.6635393336264,0.027014458440122683,True,True,1.0009987122776904,1,750.0,300.0,20.4191023631974,12.790690927147782,355.0,rolled,1.0,True,thin_c3,1.8111227947732673,40,80,120,0.05059003829956055,0.005566120147705078,0.056156158447265625
gated_cost_merged_seed46,scale+thin,10.90909090909091,129.0909090909091,2855.841135487434,355,rolled,2920.9264507678454,0.02279024364193243,True,True,1.0009986849864225,1,750.0,300.0,22.81786991225229,12.813754101026648,355.0,rolled,1.0,True,thin_c3,1.7819937001103936,40,80,120,0.05977630615234375,0.005507946014404297,0.06528425216674805
gated_cost_merged_seed46,scale+thin,10.90909090909091,140.0,3091.557267278178,355,rolled,3099.545039244332,0.0025837373451556623,True,True,1.0009983511134934,1,750.0,300.0,25.232100790604978,12.817274808645992,355.0,rolled,1.0,True,thin_c3,1.9660290261973508,40,83,123,0.048154592514038086,0.007974624633789062,0.05612921714782715
gated_cost_merged_seed46,scale+thin,11.727272727272728,20.0,1117.8784812198996,355,rolled,1273.0685615161915,0.13882553685704607,True,True,1.0009960021935487,3,453.02399211264867,240.12428627113727,10.21342719183441,6.570210014011549,355.0,rolled,1.0,True,thin_c3,1.0950350023352582,40,71,111,0.05258035659790039,0.0062601566314697266,0.05884051322937012
gated_cost_merged_seed46,scale+thin,11.727272727272728,30.909090909090907,1399.1707585826318,355,rolled,1594.1050346521884,0.13932129075297864,True,True,1.0009969399812764,3,521.3419170737975,269.18441105423415,11.461822690721815,7.08283041249151,355.0,rolled,1.0,True,thin_c3,1.1804717354152516,40,75,115,0.057167768478393555,0.006010293960571289,0.06317806243896484
gated_cost_merged_seed46,scale+thin,11.727272727272728,41.81818181818181,1658.320920880548,355,rolled,1875.3025027177084,0.1308441442817629,True,True,1.0009965041053688,3,670.2570959121143,281.73815088799097,12.006084623939781,7.190738843834921,355.0,rolled,1.0,True,thin_c3,1.1984564739724868,40,75,115,0.05438637733459473,0.005412101745605469,0.059798479080200195
gated_cost_merged_seed46,scale+thin,11.727272727272728,52.72727272727273,1896.895430152976,355,rolled,2121.600130411978,0.11845919215530024,True,True,1.000997665286484,1,695.7261961465889,246.0957840628046,15.892333181975143,11.336276392658991,355.0,rolled,1.0,True,thin_c1,1.0883440498683765,40,76,116,0.06595969200134277,0.007361173629760742,0.07332086563110352
gated_cost_merged_seed46,scale+thin,11.727272727272728,63.63636363636363,2122.483987052358,355,rolled,2559.7813609199466,0.20603094135701547,True,True,1.000998318934442,3,750.0,300.0,14.533747925224963,9.51165156725363,355.0,rolled,1.0,True,thin_c3,1.4775068863578462,40,78,118,0.054250478744506836,0.00759434700012207,0.061844825744628906
gated_cost_merged_seed46,scale+thin,11.727272727272728,74.54545454545453,2414.680044837911,355,rolled,2448.185394477811,0.013875689125574867,True,True,1.000997408391934,2,750.0,282.151493990037,16.49900914013305,11.716752946711459,355.0,rolled,1.0,True,thin_c2,1.2136572132939878,40,80,120,0.06062793731689453,0.005508899688720703,0.06613683700561523
gated_cost_merged_seed46,scale+thin,11.727272727272728,85.45454545454545,2607.2244497923484,355,rolled,3034.230648070535,0.16377807377197445,True,True,1.0009993473045113,2,750.0,300.0,17.8268096064354,10.875221528139587,355.0,rolled,1.0,True,thin_c3,1.6938009510869563,40,80,120,0.050231218338012695,0.005453586578369141,0.055684804916381836
gated_cost_merged_seed46,scale+thin,11.727272727272728,96.36363636363636,2824.34606849496,355,rolled,2862.9352397718976,0.013663046362268562,True,True,1.0009988208549305,1,750.0,300.0,20.140917441274254,12.155992655936258,355.0,rolled,1.0,True,thin_c3,1.7558028511379073,40,80,120,0.049490928649902344,0.005486011505126953,0.0549769401550293
gated_cost_merged_seed46,scale+thin,11.727272727272728,107.27272727272728,3054.1802093068686,355,rolled,3110.488437023906,0.018436445742609373,True,True,1.0009993198014049,1,750.0,300.0,22.819755464225825,12.50914483004064,355.0,rolled,1.0,True,thin_c1,1.2882171630859376,40,83,123,0.04609560966491699,0.00722813606262207,0.05332374572753906
gated_cost_merged_seed46,scale+thin,11.727272727272728,118.18181818181816,3357.8991517305085,355,rolled,3432.964064347619,0.022354725149629814,True,True,1.0009985726838617,1,750.0,300.0,25.022957956261088,14.032310299699061,355.0,rolled,1.0,True,thin_c1,1.3226769157077958,40,84,124,0.08061075210571289,0.0071065425872802734,0.08771729469299316
gated_cost_merged_seed46,scale+thin,11.727272727272728,129.0909090909091,3650.466675336178,355,rolled,3697.1148166084695,0.012778678843300372,True,True,1.0009985381799071,1,750.0,300.0,27.574069311496523,14.682701308229342,355.0,rolled,1.0,True,thin_c3,2.150762541397758,40,85,125,0.06872892379760742,0.005993366241455078,0.0747222900390625
gated_cost_merged_seed46,scale+thin,11.727272727272728,140.0,3950.7596541302537,355,rolled,4096.933310257144,0.03699887336200652,True,True,1.000999576450431,1,750.0,300.0,29.214584214942036,17.51154927153914,355.0,rolled,1.0,True,thin_c2,1.6545562744140625,40,71,111,0.057739973068237305,0.004958391189575195,0.0626983642578125
gated_cost_merged_seed46,scale+thin,12.545454545454549,20.0,1307.1994834284806,355,rolled,1490.1079652265175,0.13992392447884888,True,True,1.0009831557832838,1,531.8786663983557,210.11547572041522,13.641145687442858,8.610221018325294,355.0,rolled,1.0,True,thin_c1,0.9631614685058594,40,71,111,0.053041934967041016,0.00536036491394043,0.058402299880981445
gated_cost_merged_seed46,scale+thin,12.545454545454549,30.909090909090907,1673.5520688887286,355,rolled,1810.043007520083,0.08155762893113147,True,True,1.0009968904032214,1,558.658851489879,239.8524287802958,15.628199380713507,8.994671748836414,355.0,rolled,1.0,True,thin_c1,1.0197323475713316,40,73,113,0.05640721321105957,0.0054171085357666016,0.06182432174682617
gated_cost_merged_seed46,scale+thin,12.545454545454549,41.81818181818181,1957.4303873162305,355,rolled,2276.8911796901716,0.1632041652382558,True,True,1.0009945180408164,3,750.0,285.7093301833664,12.131443604505135,8.295289694858463,355.0,rolled,1.0,True,thin_c3,1.3343648164168649,40,77,117,0.04626941680908203,0.005101680755615234,0.051371097564697266
gated_cost_merged_seed46,scale+thin,12.545454545454549,52.72727272727273,2222.5772160497027,355,rolled,2426.4974520479363,0.09174944947949719,True,True,1.0009946567074806,1,678.9006846401504,268.5442873614209,17.439082609433846,10.936395510219509,355.0,rolled,1.0,True,thin_c1,1.1071111264436144,40,77,117,0.047470808029174805,0.0051653385162353516,0.052636146545410156
gated_cost_merged_seed46,scale+thin,12.545454545454549,63.63636363636363,2552.3230156844406,355,rolled,2744.014493567067,0.07510470920202925,True,True,1.0009949464959569,1,750.0,274.72027397521435,17.764048935208997,12.312021234180618,355.0,rolled,1.0,True,thin_c1,1.0440797225288723,40,77,117,0.046538352966308594,0.005481719970703125,0.05202007293701172
gated_cost_merged_seed46,scale+thin,12.545454545454549,74.54545454545453,2864.0220557743514,355,rolled,2904.424935435242,0.014107042080710038,True,True,1.0009952133116073,1,722.7509618692457,299.4228542238885,19.480154922238455,11.66450392262523,355.0,rolled,1.0,True,thin_c1,1.046201278023098,40,77,117,0.048554420471191406,0.005456447601318359,0.054010868072509766
gated_cost_merged_seed46,scale+thin,12.545454545454549,85.45454545454545,3136.2352005841685,355,rolled,3251.728279477131,0.03682538824621639,True,True,1.0009989107447173,1,750.0,300.0,21.162600047206638,13.131492054514041,355.0,rolled,1.0,True,thin_c1,1.2390650873598847,40,82,122,0.04866766929626465,0.00878286361694336,0.05745053291320801
gated_cost_merged_seed46,scale+thin,12.545454545454549,96.36363636363636,3474.753399293351,355,rolled,3554.2305187148063,0.022872736648770077,True,True,1.000998508730284,1,750.0,300.0,24.28763940048943,13.491864291830613,355.0,rolled,1.0,True,thin_c3,1.8962865414826764,40,82,122,0.05959343910217285,0.0055959224700927734,0.06518936157226562
gated_cost_merged_seed46,scale+thin,12.545454545454549,107.27272727272728,3859.290256207383,355,rolled,3943.7911815809675,0.021895457393408237,True,True,1.00099959867651,1,750.0,300.0,26.914246761840847,15.11414260606387,355.0,rolled,1.0,True,thin_c3,2.1019060217815895,40,85,125,0.054442644119262695,0.006371021270751953,0.06081366539001465
gated_cost_merged_seed46,scale+thin,12.545454545454549,118.18181818181816,4215.558205846268,355,rolled,4382.001843844774,0.03948317870873592,True,True,1.0009985407267308,1,750.0,300.0,29.209309337819597,17.508387451061367,355.0,rolled,1.0,True,thin_c2,1.6542575338612433,40,71,111,0.0469660758972168,0.005789518356323242,0.05275559425354004
gated_cost_merged_seed46,scale+thin,12.545454545454549,129.0909090909091,4601.917380514503,355,rolled,4757.439934628767,0.033795164331454554,True,True,1.0009987111625431,1,750.0,300.0,31.809623447136847,19.067044877480072,355.0,rolled,1.0,True,thin_c2,1.8015252818232,40,71,111,0.04802536964416504,0.004812479019165039,0.05283784866333008
gated_cost_merged_seed46,scale+thin,12.545454545454549,140.0,5031.3200482783495,355,rolled,5128.506264802386,0.019316246152397357,True,True,1.0009996545197049,1,750.0,300.0,34.39613009998113,20.61742595968908,355.0,rolled,1.0,True,thin_c2,1.948011050016984,40,73,113,0.04328656196594238,0.005696296691894531,0.048982858657836914
gated_cost_merged_seed46,scale+thin,13.363636363636363,20.0,1553.9456704912225,355,rolled,1782.8879990859164,0.14732968657927548,True,True,1.0009997745081247,3,542.1569166526377,266.1614275450171,11.346292241872991,6.701722810164742,355.0,rolled,1.0,True,thin_c3,1.1169538016941236,40,72,112,0.045664072036743164,0.005232572555541992,0.050896644592285156
gated_cost_merged_seed46,scale+thin,13.363636363636363,30.909090909090907,2055.764041961098,355,rolled,2172.1206680536334,0.056600185487015765,True,True,1.0009923956010058,1,626.1701913815045,244.5325306334168,15.86722637536114,10.14389749045986,355.0,rolled,1.0,True,thin_c1,1.0503627080502718,40,75,115,0.04882097244262695,0.0053081512451171875,0.05412912368774414
gated_cost_merged_seed46,scale+thin,13.363636363636363,41.81818181818181,2295.1327804460216,355,rolled,2473.9649967931095,0.07791802629926049,True,True,1.0009960479636266,1,630.6119201035078,272.32202659650494,17.74811763105248,10.149109037139741,355.0,rolled,1.0,True,thin_c1,1.0047266951851217,40,74,114,0.054419517517089844,0.010133028030395508,0.06455254554748535
gated_cost_merged_seed46,scale+thin,13.363636363636363,52.72727272727273,2698.233573079863,355,rolled,3149.005446879572,0.16706184308765426,True,True,1.0009966785933007,2,679.0486403944465,300.0,17.816085561113866,9.522685775158973,355.0,rolled,1.0,True,thin_c2,1.1387011586064875,40,78,118,0.0719294548034668,0.007769107818603516,0.07969856262207031
gated_cost_merged_seed46,scale+thin,13.363636363636363,63.63636363636363,3099.504449257762,355,rolled,3577.6886478074034,0.15427762933657085,True,True,1.000998453279218,2,694.2598430226551,300.0,21.38449945367125,9.632232077193237,355.0,rolled,1.0,True,thin_c2,1.262405660878057,40,81,121,0.04934430122375488,0.005573272705078125,0.05491757392883301
gated_cost_merged_seed46,scale+thin,13.363636363636363,74.54545454545453,3409.0278837627866,355,rolled,3489.0231564665437,0.023465713813833826,True,True,1.0009992472374383,1,750.0,300.0,22.197963898844478,12.516588888999177,355.0,rolled,1.0,True,thin_c1,1.223026043435802,40,82,122,0.04391837120056152,0.005884408950805664,0.04980278015136719
gated_cost_merged_seed46,scale+thin,13.363636363636363,85.45454545454545,3859.8972334468967,355,rolled,3960.5433970062463,0.026074829839309567,True,True,1.0009992380709274,1,750.0,300.0,25.32823155254573,14.223489404404118,355.0,rolled,1.0,True,thin_c3,1.9780439293902856,40,83,123,0.04754066467285156,0.005633115768432617,0.05317378044128418
gated_cost_merged_seed46,scale+thin,13.363636363636363,96.36363636363636,4319.916451720051,355,rolled,4492.455234748247,0.03994030554907995,True,True,1.00099869299993,1,750.0,300.0,28.074516108133942,16.828179668246378,355.0,rolled,1.0,True,thin_c2,1.5899889738663382,40,69,109,0.05000710487365723,0.004931926727294922,0.05493903160095215
gated_cost_merged_seed46,scale+thin,13.363636363636363,107.27272727272728,4782.366988912803,355,rolled,4954.359423263355,0.035963872021802235,True,True,1.0009989140318654,1,750.0,300.0,31.07094033829526,18.624269941456767,355.0,rolled,1.0,True,thin_c2,1.7596902598505433,40,71,111,0.0447845458984375,0.004770755767822266,0.049555301666259766
gated_cost_merged_seed46,scale+thin,13.363636363636363,118.18181818181816,5228.730538579276,355,rolled,6977.914729650705,0.3345332443822413,True,True,1.0009986288714614,1,750.0,300.0,28.610795006443738,16.050625328849673,500.0,rolled,0.0,True,thin_c3,1.8941159455672554,40,82,122,0.0555574893951416,0.00683903694152832,0.06239652633666992
gated_cost_merged_seed46,scale+thin,13.363636363636363,129.0909090909091,6054.672912989209,460,rolled,7536.486574214242,0.24473884593271236,True,True,1.0009999367241598,1,750.0,300.0,30.984516118895513,17.382280328376364,500.0,rolled,0.0,True,thin_c3,2.051263029679009,40,85,125,0.054482221603393555,0.0064313411712646484,0.0609135627746582
gated_cost_merged_seed46,scale+thin,13.363636363636363,140.0,6583.558144781793,460,rolled,10774.429902028922,0.6365663771905568,True,True,1.0009999344488933,1,750.0,300.0,29.40614803320148,16.4780952031396,690.0,rolled,0.0,True,thin_c3,1.668234053902004,40,80,120,0.06071162223815918,0.005330562591552734,0.06604218482971191
gated_cost_merged_seed46,scale+thin,14.181818181818182,20.0,1796.9028968466985,355,rolled,1968.133711147286,0.0952921911368013,True,True,1.0009651360911394,1,543.6283700965114,236.45160382933156,15.414888017500303,8.744854898984709,355.0,rolled,1.0,True,thin_c1,0.9375381469726562,40,70,110,0.0593714714050293,0.00480198860168457,0.06417346000671387
gated_cost_merged_seed46,scale+thin,14.181818181818182,30.909090909090907,2224.07150895444,355,rolled,2483.6464228916434,0.1167115863370923,True,True,1.0009985557490884,3,692.5774668701529,300.0,13.078487378654868,6.979346844217053,355.0,rolled,1.0,True,thin_c3,1.1632244740361755,40,73,113,0.05623340606689453,0.004974365234375,0.06120777130126953
gated_cost_merged_seed46,scale+thin,14.181818181818182,41.81818181818181,2615.0382292659383,355,rolled,2943.0873545966037,0.1254471623624223,True,True,1.0009962398896934,1,711.9521318504208,274.8867096225412,17.827469638629868,11.54161438388353,355.0,rolled,1.0,True,thin_c1,1.0364511506453804,40,75,115,0.0449213981628418,0.005211353302001953,0.05013275146484375
gated_cost_merged_seed46,scale+thin,14.181818181818182,52.72727272727273,3202.0654799770145,355,rolled,3250.096545360225,0.015000025978093067,True,True,1.0009974577517564,1,704.3543209625361,300.0,19.84903119479361,11.334962031444192,355.0,rolled,1.0,True,thin_c1,1.015141017747962,40,76,116,0.04786229133605957,0.005120992660522461,0.05298328399658203
gated_cost_merged_seed46,scale+thin,14.181818181818182,63.63636363636363,3623.765744949169,355,rolled,3707.1524495896583,0.023011063768874785,True,True,1.0009980956986329,1,750.0,300.0,22.307622305383486,12.465502182194575,355.0,rolled,1.0,True,thin_c3,1.8387846573539404,40,82,122,0.04481339454650879,0.0056018829345703125,0.0504152774810791
gated_cost_merged_seed46,scale+thin,14.181818181818182,74.54545454545453,4194.266016339479,355,rolled,4290.333455491437,0.022904469763651313,True,True,1.0009980244634877,1,750.0,300.0,25.870228478037678,14.527856786348536,355.0,rolled,1.0,True,thin_c3,2.0203719429347835,40,84,124,0.04267239570617676,0.005779266357421875,0.04845166206359863
gated_cost_merged_seed46,scale+thin,14.181818181818182,85.45454545454545,4739.8598837186255,355,rolled,4927.4392698502825,0.039574880003518755,True,True,1.0009999278371748,1,750.0,300.0,29.049765683192803,17.41275519600367,355.0,rolled,1.0,True,thin_c2,1.6452218428902003,40,70,110,0.045198678970336914,0.004849672317504883,0.0500483512878418
gated_cost_merged_seed46,scale+thin,14.181818181818182,96.36363636363636,5290.364352494784,355,rolled,5902.979336545299,0.11579825948313434,True,True,1.0009995479667206,1,750.0,300.0,28.779179068990462,16.149342475780337,460.0,rolled,0.0,True,thin_c3,1.9832807457965358,40,83,123,0.05092597007751465,0.0076351165771484375,0.058561086654663086
gated_cost_merged_seed46,scale+thin,14.181818181818182,107.27272727272728,6179.874379812138,355,rolled,6471.852224265505,0.0472465662744173,True,True,1.0009995917349035,1,750.0,300.0,31.65603166321105,17.76367892660973,460.0,rolled,0.0,True,thin_c3,2.18153540569803,40,85,125,0.06796145439147949,0.00984954833984375,0.07781100273132324
gated_cost_merged_seed46,scale+thin,14.181818181818182,118.18181818181816,6852.162427149681,460,rolled,11409.607869468817,0.6651105385741582,True,True,1.0009981251537297,2,750.0,300.0,29.938131892760186,15.950461634993617,690.0,rolled,0.0,True,thin_c3,1.695661461871603,40,80,120,0.06225275993347168,0.005532264709472656,0.06778502464294434
gated_cost_merged_seed46,scale+thin,14.181818181818182,129.0909090909091,9553.512737278232,500,rolled,12549.198995056418,0.3135690860691362,True,True,1.0009977175554612,1,750.0,300.0,32.04364728418942,17.95605021125172,690.0,rolled,0.0,True,thin_c3,1.8178614740786345,40,82,122,0.05678749084472656,0.006556272506713867,0.06334376335144043
gated_cost_merged_seed46,scale+thin,14.181818181818182,140.0,12744.824501296387,690,rolled,13462.86713941663,0.0563399392472768,True,True,1.0009978678042204,1,750.0,300.0,34.29331338833243,19.0583821651459,690.0,rolled,1.0,True,thin_c3,1.9449591595193616,8,83,91,0.014301776885986328,0.005717754364013672,0.02001953125
gated_cost_merged_seed46,scale+thin,15.0,20.0,2057.2483346770277,355,rolled,2300.3364052394277,0.1181617534766715,True,True,1.0009965720562877,3,615.4448829328846,285.92648901739693,12.210562154566762,6.703216473123302,355.0,rolled,1.0,True,thin_c3,1.1172027455205502,40,72,112,0.046295881271362305,0.0051763057708740234,0.05147218704223633
gated_cost_merged_seed46,scale+thin,15.0,30.909090909090907,2565.283454586496,355,rolled,2912.0488297976335,0.13517624128092043,True,True,1.0009938533419405,1,688.7249626521619,265.83199860440186,17.2399752244329,11.165295509856477,355.0,rolled,1.0,True,thin_c1,1.0202503768257474,40,74,114,0.048187971115112305,0.0050427913665771484,0.05323076248168945
gated_cost_merged_seed46,scale+thin,15.0,41.81818181818181,3234.6725939942403,355,rolled,3859.172701101086,0.19306439491475716,True,True,0.9561107125278661,2,750.0,300.0,18.089705216426026,10.516821752687497,355.0,rolled,1.0,True,thin_c2,1.1243516606869903,40,78,118,0.05190396308898926,0.005625486373901367,0.057529449462890625
gated_cost_merged_seed46,scale+thin,15.0,52.72727272727273,3765.638206814382,355,rolled,3798.228287076111,0.008654596770011826,True,True,1.000999205973098,2,750.0,300.0,21.706510042154637,11.971757802143667,355.0,rolled,1.0,True,thin_c1,1.1537246836786685,40,80,120,0.05474567413330078,0.006234407424926758,0.06098008155822754
gated_cost_merged_seed46,scale+thin,15.0,63.63636363636363,4414.262908667717,355,rolled,4450.213886814835,0.00814427660765869,True,True,1.0009983745221376,1,750.0,300.0,25.995371923378425,13.715346091124882,355.0,rolled,1.0,True,thin_c3,2.027202573029892,40,85,125,0.04875826835632324,0.007147550582885742,0.055905818939208984
gated_cost_merged_seed46,scale+thin,15.0,74.54545454545453,5073.1569950190815,355,rolled,5275.592121052856,0.0399031857741696,True,True,1.0009978172253875,1,750.0,300.0,29.41863515779426,17.6338596940721,355.0,rolled,1.0,True,thin_c2,1.6661126178243886,40,71,111,0.07149386405944824,0.005554914474487305,0.07704877853393555
gated_cost_merged_seed46,scale+thin,15.0,85.45454545454545,5700.335679671592,355,rolled,5936.303574331136,0.041395438430239725,True,True,1.0009998264224105,1,750.0,300.0,33.253737907837305,19.932663273601275,355.0,rolled,1.0,True,thin_c2,1.8833121258279553,40,72,112,0.04838991165161133,0.005470752716064453,0.05386066436767578
gated_cost_merged_seed46,scale+thin,15.0,96.36363636363636,6971.155593281798,460,rolled,10992.356554531409,0.576834200218526,True,True,1.0009991942398224,1,750.0,300.0,29.89292594457344,16.75755421887119,620.0,rolled,0.0,True,thin_c3,1.7848827859629752,40,80,120,0.06484627723693848,0.009671211242675781,0.07451748847961426
gated_cost_merged_seed46,scale+thin,15.0,107.27272727272728,8192.251861307222,460,rolled,13134.595476428367,0.6032948814066983,True,True,1.000999871833173,1,750.0,300.0,31.735423554480402,17.783333269341764,690.0,rolled,0.0,True,thin_c3,1.800375697923743,40,81,121,0.04726672172546387,0.005766391754150391,0.05303311347961426
gated_cost_merged_seed46,scale+thin,15.0,118.18181818181816,13414.02255742561,620,rolled,14293.177893497832,0.06554002219010346,True,True,1.00099718013186,1,750.0,300.0,34.29844546116691,19.219553985433812,690.0,rolled,0.0,True,thin_c3,1.945777959408968,6,83,89,0.008495807647705078,0.005751371383666992,0.01424717903137207
