arm,repair_mode,span_m,load_kNm,optimal,optimal_grade,optimal_type,achieved,gap,feasible,feasible_before,utilization,section_class,h,b,tf,tw,fy,section_type,grade_match,repaired,variant,scale,n_ec3_gen,n_ec3_repair,n_ec3,t_gen,t_repair,sec_per_design
e5_ppo_s43_anneal_linear,none,6.0,20.0,241.3288087904857,355,rolled,546.8169117309113,1.2658584131397301,True,True,0.320566264563135,1,333.46123827214285,152.83336840377737,14.99379431282955,10.376401199415074,355.0,rolled,1.0,False,original,,40,1,41,0.13632774353027344,0.00010085105895996094,0.1364285945892334
e5_ppo_s43_anneal_linear,none,6.0,30.909090909090907,292.67799548197263,355,rolled,581.929313615954,0.9882919884621039,True,True,0.43147626392999044,1,347.56786228998146,159.8014514794614,15.773170489305572,10.08605921438694,355.0,rolled,1.0,False,original,,40,1,41,0.04258108139038086,8.416175842285156e-05,0.04266524314880371
e5_ppo_s43_anneal_linear,none,6.0,41.81818181818181,342.2853688824266,355,rolled,616.4687573226374,0.8010374189683565,True,True,0.5163345949340599,1,361.6033554767288,165.35947235894682,16.559270757863832,9.864964188559352,355.0,rolled,1.0,False,original,,40,1,41,0.04362177848815918,9.226799011230469e-05,0.043714046478271484
e5_ppo_s43_anneal_linear,none,6.0,52.72727272727273,386.25765574493386,355,rolled,651.0099458616708,0.6854292366222164,True,True,0.5831561170384634,1,375.7750402783584,170.06068925666392,17.24850240203915,9.783191444325197,355.0,rolled,1.0,False,original,,40,1,41,0.04225659370422363,7.867813110351562e-05,0.04233527183532715
e5_ppo_s43_anneal_linear,none,6.0,63.63636363636363,431.68145507497405,355,rolled,686.6999587445423,0.5907562177422628,True,True,0.634381626091515,1,390.8481191692793,174.26941114384312,17.855013144294535,9.81834790758995,355.0,rolled,1.0,False,original,,40,1,41,0.05840325355529785,0.00013446807861328125,0.05853772163391113
e5_ppo_s43_anneal_linear,none,6.0,74.54545454545453,466.9500019446189,355,rolled,723.6585745453432,0.5497560157011635,True,True,0.6722812505761886,1,406.9295825329622,178.20445299456406,18.40234640700895,9.926040139441143,355.0,rolled,1.0,False,original,,40,1,41,0.04255032539367676,7.390975952148438e-05,0.04262423515319824
e5_ppo_s43_anneal_linear,none,6.0,85.45454545454545,518.2473353887603,355,rolled,753.4043832752652,0.4537544755731414,True,True,0.7101116772375416,1,421.6748196892537,181.42416742109177,18.823218921773567,9.955698970286555,355.0,rolled,1.0,False,original,,40,1,41,0.04281115531921387,7.963180541992188e-05,0.04289078712463379
e5_ppo_s43_anneal_linear,none,6.0,96.36363636363636,549.7256874002802,355,rolled,790.8549681300235,0.43863564366088303,True,True,0.7300013021612441,1,438.82942460845584,184.97189942327637,19.297498108628435,10.103607117783563,355.0,rolled,1.0,False,original,,40,1,41,0.043998003005981445,7.62939453125e-05,0.044074296951293945
e5_ppo_s43_anneal_linear,none,6.0,107.27272727272728,586.6560772595034,355,rolled,829.3150749156604,0.41363075754658624,True,True,0.7423939136642608,1,456.50142588288526,188.43891557741674,19.764191626751526,10.259528600164623,355.0,rolled,1.0,False,original,,40,1,41,0.04415488243103027,7.987022399902344e-05,0.0442347526550293
e5_ppo_s43_anneal_linear,none,6.0,118.18181818181816,628.4217050081675,355,rolled,856.3686537401016,0.36272927385436443,True,True,0.7650407019660951,1,470.882138897694,191.11991290392083,20.089631886135336,10.285783605733158,355.0,rolled,1.0,False,original,,40,1,41,0.044191598892211914,9.202957153320312e-05,0.04428362846374512
e5_ppo_s43_anneal_linear,none,6.0,129.0909090909091,657.4964976148059,355,rolled,882.5202967088723,0.3422433426039274,True,True,0.7848941921282243,1,484.7482378300522,193.77328846518222,20.386944425615866,10.311567282447832,355.0,rolled,1.0,False,original,,40,1,41,0.04674959182739258,8.082389831542969e-05,0.04683041572570801
e5_ppo_s43_anneal_linear,none,6.0,140.0,697.879425726456,355,rolled,921.0987566909306,0.3198537207657539,True,True,0.785014427426222,1,502.24313028825,197.10971207742253,20.80841907523689,10.467018227963175,355.0,rolled,1.0,False,original,,40,1,41,0.04522705078125,8.440017700195312e-05,0.04531145095825195
e5_ppo_s43_anneal_linear,none,6.818181818181818,20.0,317.0885192434045,355,rolled,674.667286214518,1.1276938308088906,True,True,0.3658903074102607,1,357.18136301895925,162.9103618774033,15.409185942320763,10.339627892527535,355.0,rolled,1.0,False,original,,40,1,41,0.043398380279541016,8.559226989746094e-05,0.04348397254943848
e5_ppo_s43_anneal_linear,none,6.818181818181818,30.909090909090907,392.6423822212096,355,rolled,725.2190362799267,0.8470217916295848,True,True,0.4823123467772602,1,373.61907972987416,170.8316426635202,16.4043978315595,10.03301701189804,355.0,rolled,1.0,False,original,,40,1,41,0.04335308074951172,7.510185241699219e-05,0.04342818260192871
e5_ppo_s43_anneal_linear,none,6.818181818181818,41.81818181818181,455.0251859822217,355,rolled,768.0057575841164,0.68783131405417,True,True,0.577060077679498,1,388.4390776100335,176.8887950504541,17.16352729308484,9.84003180997609,355.0,rolled,1.0,False,original,,40,1,41,0.04288458824157715,7.104873657226562e-05,0.042955636978149414
e5_ppo_s43_anneal_linear,none,6.818181818181818,52.72727272727273,519.9507333014534,355,rolled,816.4944094296199,0.5703303354247573,True,True,0.643811967674886,1,405.7429587610988,182.1850577799238,17.914051662380494,9.819989108714099,355.0,rolled,1.0,False,original,,40,1,41,0.04329729080200195,9.751319885253906e-05,0.04339480400085449
e5_ppo_s43_anneal_linear,none,6.818181818181818,63.63636363636363,570.1996303697795,355,rolled,866.4540244856234,0.5195625853417695,True,True,0.6919073380431235,1,424.6724167494833,186.96829089874223,18.566247485176255,9.90599753223594,355.0,rolled,1.0,False,original,,40,1,41,0.04225778579711914,7.104873657226562e-05,0.042328834533691406
e5_ppo_s43_anneal_linear,none,6.818181818181818,74.54545454545453,645.0378754655677,355,rolled,917.4935317585227,0.4223870669552625,True,True,0.7253529367848199,1,444.79129119182767,191.43055906889185,19.157419707258214,10.042497262070606,355.0,rolled,1.0,False,original,,40,1,41,0.043501853942871094,7.891654968261719e-05,0.04358077049255371
e5_ppo_s43_anneal_linear,none,6.818181818181818,85.45454545454545,698.212152166206,355,rolled,957.5925693219019,0.3714922697219851,True,True,0.7615053524726564,1,462.3243957922855,195.06346105546763,19.61171868114905,10.07933352744153,355.0,rolled,1.0,False,original,,40,1,41,0.04429340362548828,8.463859558105469e-05,0.044378042221069336
e5_ppo_s43_anneal_linear,none,6.818181818181818,96.36363636363636,733.8166260116295,355,rolled,1008.4326053037138,0.37422970474878847,True,True,0.7769119036665414,1,483.0012587393446,199.05512309096292,20.136168922283023,10.236148598156479,355.0,rolled,1.0,False,original,,40,1,41,0.04393720626831055,7.557868957519531e-05,0.04401278495788574
e5_ppo_s43_anneal_linear,none,6.818181818181818,107.27272727272728,798.4291807439346,355,rolled,1046.0059809817021,0.3100798495454392,True,True,0.8018239338782547,1,499.72214608150597,202.3744379883451,20.513094052399296,10.27508539183423,355.0,rolled,1.0,False,original,,40,1,41,0.04456186294555664,7.462501525878906e-05,0.04463648796081543
e5_ppo_s43_anneal_linear,none,6.818181818181818,118.18181818181816,852.2289524013323,460,rolled,1129.922010090298,0.32584325715115375,True,True,0.7709406971993011,1,529.3684162390172,207.21647114792378,21.34781531734271,10.710992114199692,355.0,rolled,0.0,False,original,,40,1,41,0.04571938514709473,8.440017700195312e-05,0.04580378532409668
e5_ppo_s43_anneal_linear,none,6.818181818181818,129.0909090909091,896.311601431932,355,rolled,1184.279110143781,0.32128057725884296,True,True,0.7713859331302928,1,550.0626189098699,210.82306661889302,21.836602858511753,10.918573764130697,355.0,rolled,1.0,False,original,,40,1,41,0.04503440856933594,8.893013000488281e-05,0.04512333869934082
e5_ppo_s43_anneal_linear,none,6.818181818181818,140.0,931.1411275891702,355,rolled,1231.2564229307804,0.3223091392371882,True,True,0.8394716644277809,1,596.7864847415165,201.73295370955682,18.939960544976962,13.739854567103327,355.0,rolled,1.0,False,original,,40,1,41,0.04483962059020996,8.916854858398438e-05,0.044928789138793945
e5_ppo_s43_anneal_linear,none,7.636363636363637,20.0,409.6201332461394,355,rolled,818.6398324259432,0.9985341685683822,True,True,0.40610288003137807,1,381.9268057255213,172.8183196490514,15.933987006851325,10.249162504177155,355.0,rolled,1.0,False,original,,40,1,41,0.05129361152648926,0.00012111663818359375,0.05141472816467285
e5_ppo_s43_anneal_linear,none,7.636363636363637,30.909090909090907,501.774525145321,355,rolled,879.2992822021736,0.7523792822035278,True,True,0.5344538548016806,1,399.2209979325895,181.35508854704065,16.913383116370262,9.946672124542484,355.0,rolled,1.0,False,original,,40,1,41,0.05339384078979492,0.00010251998901367188,0.053496360778808594
e5_ppo_s43_anneal_linear,none,7.636363636363637,41.81818181818181,593.9298338756057,355,rolled,944.6773985622109,0.5905538746855857,True,True,0.6234388290439825,1,418.7532335925195,188.35649470394677,17.84757927953839,9.847217038242231,355.0,rolled,1.0,False,original,,40,1,41,0.04328608512878418,7.081031799316406e-05,0.043356895446777344
e5_ppo_s43_anneal_linear,none,7.636363636363637,52.72727272727273,675.9362632758116,355,rolled,1012.4795855602465,0.49789209511179977,True,True,0.6849085104265673,1,440.8676333020673,194.40040334078697,18.642788642857777,9.912307699631118,355.0,rolled,1.0,False,original,,40,1,41,0.04478573799133301,6.937980651855469e-05,0.04485511779785156
e5_ppo_s43_anneal_linear,none,7.636363636363637,63.63636363636363,779.5020738899598,355,rolled,1070.0117348232282,0.37268619374357026,True,True,0.7383678831470464,1,461.5822283424543,199.39192663043426,19.250602637417046,9.953459582031762,355.0,rolled,1.0,False,original,,40,1,41,0.04304075241088867,9.012222290039062e-05,0.04313087463378906
e5_ppo_s43_anneal_linear,none,7.636363636363637,74.54545454545453,846.6406079690952,355,rolled,1137.4313863839955,0.34346424643207635,True,True,0.7674942903124123,1,485.64695731087215,204.29199552822658,19.889428898945237,10.116191205231154,355.0,rolled,1.0,False,original,,40,1,41,0.04358983039855957,7.82012939453125e-05,0.04366803169250488
e5_ppo_s43_anneal_linear,none,7.636363636363637,85.45454545454545,921.2774310054268,355,rolled,1205.9030902654545,0.30894674034227054,True,True,0.7852993710251613,1,510.0187170350316,208.96562545319276,20.506845255301563,10.292567601425636,355.0,rolled,1.0,False,original,,40,1,41,0.04543757438659668,7.82012939453125e-05,0.04551577568054199
e5_ppo_s43_anneal_linear,none,7.636363636363637,96.36363636363636,990.3158107657674,355,rolled,1310.6452001390392,0.32346185518897774,True,True,0.7637708372137334,1,542.9872264375223,213.97441734749518,21.465174863011296,10.749611894024648,355.0,rolled,1.0,False,original,,40,1,41,0.04334616661071777,6.794929504394531e-05,0.04341411590576172
e5_ppo_s43_anneal_linear,none,7.636363636363637,107.27272727272728,1055.0870687226268,355,rolled,1398.6818775343593,0.32565540702504864,True,True,0.7579876552510139,1,569.6389646477379,218.30854417235815,22.19990906291539,11.131408571738701,355.0,rolled,1.0,False,original,,40,1,41,0.04397106170654297,8.511543273925781e-05,0.04405617713928223
e5_ppo_s43_anneal_linear,none,7.636363636363637,118.18181818181816,1088.4839809208006,355,rolled,1463.8616483717358,0.3448628312686653,True,True,0.7625303578967448,1,545.7191209715456,218.66995624815328,20.97490121186487,10.599719030154718,460.0,rolled,0.0,False,original,,40,1,41,0.04413628578186035,6.794929504394531e-05,0.0442042350769043
e5_ppo_s43_anneal_linear,none,7.636363636363637,129.0909090909091,1173.7978050697595,355,rolled,1538.0011731882387,0.3102777723262435,True,True,0.7651221945937586,1,612.4854730461598,227.0485982579383,23.17212780642037,11.595986275488551,355.0,rolled,1.0,False,original,,40,1,41,0.04441237449645996,7.605552673339844e-05,0.04448843002319336
e5_ppo_s43_anneal_linear,none,7.636363636363637,140.0,1251.7374258469372,355,rolled,1456.3675616711052,0.16347688548635783,True,True,0.9010499548891333,1,595.298783275446,226.25782183025876,22.091599128062025,11.220171464944718,355.0,rolled,1.0,False,original,,40,1,41,0.04463768005371094,6.818771362304688e-05,0.044705867767333984
e5_ppo_s43_anneal_linear,none,8.454545454545455,20.0,516.1523336674153,355,rolled,969.5482218554246,0.8784148760240937,True,True,0.44941627071918067,1,406.0954904769133,182.093234415549,16.348658219700106,10.11091527505341,355.0,rolled,1.0,False,original,,40,1,41,0.04512643814086914,7.557868957519531e-05,0.045202016830444336
e5_ppo_s43_anneal_linear,none,8.454545454545455,30.909090909090907,633.218032838701,355,rolled,1055.4344299297525,0.6667788584577506,True,True,0.5758681290312374,1,427.52748768269237,191.71761440275614,17.54656348683265,9.84432068640771,355.0,rolled,1.0,False,original,,40,1,41,0.04432940483093262,9.202957153320312e-05,0.04442143440246582
e5_ppo_s43_anneal_linear,none,8.454545454545455,41.81818181818181,757.3789000305048,355,rolled,1144.6231055520323,0.5112952123513481,True,True,0.6598919234745633,1,452.30367726159454,199.5448148647798,18.543408241653797,9.840017759512028,355.0,rolled,1.0,False,original,,40,1,41,0.04492807388305664,8.082389831542969e-05,0.04500889778137207
e5_ppo_s43_anneal_linear,none,8.454545454545455,52.72727272727273,897.7427828478864,355,rolled,1223.4154153276986,0.36276831036913415,True,True,0.726097220397792,1,476.5507381915878,205.92977901602626,19.28785765035253,9.89328270678855,355.0,rolled,1.0,False,original,,40,1,41,0.044231414794921875,8.058547973632812e-05,0.0443120002746582
e5_ppo_s43_anneal_linear,none,8.454545454545455,63.63636363636363,969.5859503873623,355,rolled,1298.8509052905206,0.3395933643341393,True,True,0.7760401827285097,1,500.7240518270776,211.5896503564256,19.923762069122734,9.986549156260729,355.0,rolled,1.0,False,original,,40,1,41,0.04414844512939453,0.00011014938354492188,0.04425859451293945
e5_ppo_s43_anneal_linear,none,8.454545454545455,74.54545454545453,1093.1775012217977,355,rolled,1499.3932014928612,0.37159171298078636,True,True,0.7334033538283798,1,499.0987373913084,216.9078751908336,19.874456038427525,10.460038498675551,460.0,rolled,0.0,False,original,,40,1,41,0.044834136962890625,6.842613220214844e-05,0.04490256309509277
e5_ppo_s43_anneal_linear,none,8.454545454545455,85.45454545454545,1181.2789978646645,355,rolled,1580.6364355390724,0.3380720713703581,True,True,0.7541425325837793,1,519.8826800321581,222.14316888996106,20.509475169882542,10.529302242091218,460.0,rolled,0.0,False,original,,40,1,41,0.04407382011413574,8.225440979003906e-05,0.04415607452392578
e5_ppo_s43_anneal_linear,none,8.454545454545455,96.36363636363636,1257.923897819336,355,rolled,1470.0134645880762,0.16860285994757432,True,True,0.9253794726696797,1,554.3268893988696,223.65452410288316,20.906284594979184,10.536145409586663,355.0,rolled,1.0,False,original,,40,1,41,0.045430898666381836,8.58306884765625e-05,0.0455167293548584
e5_ppo_s43_anneal_linear,none,8.454545454545455,107.27272727272728,1345.9822136266182,460,rolled,1594.9487248173573,0.18497013457549563,True,True,0.8939598336590249,1,587.552256405493,229.01251998606654,21.813439518908943,11.056869457821726,355.0,rolled,0.0,False,original,,40,1,41,0.04807138442993164,7.43865966796875e-05,0.04814577102661133
e5_ppo_s43_anneal_linear,none,8.454545454545455,118.18181818181816,1418.3994702060834,355,rolled,1877.7884507340088,0.323878420838087,True,True,0.7533565248036627,1,599.0276017237568,234.11057084273895,22.45012020547066,11.375502565127597,460.0,rolled,0.0,False,original,,40,1,41,0.058440446853637695,7.700920104980469e-05,0.0585174560546875
e5_ppo_s43_anneal_linear,none,8.454545454545455,129.0909090909091,1503.943042662674,355,rolled,1873.3363603619823,0.24561656074774704,True,True,0.8064415288720893,1,659.0336943040129,242.30454989197355,23.71379456176289,11.947061492079342,355.0,rolled,1.0,False,original,,40,1,41,0.04521751403808594,7.009506225585938e-05,0.0452876091003418
e5_ppo_s43_anneal_linear,none,8.454545454545455,140.0,1589.050557323039,355,rolled,2069.1015873824495,0.3020992805088081,True,True,0.7345628740842599,1,703.0369928037733,252.56246267058214,24.84325487347635,12.572671901376347,355.0,rolled,1.0,False,original,,40,1,41,0.044664859771728516,9.465217590332031e-05,0.044759511947631836
e5_ppo_s43_anneal_linear,none,9.272727272727272,20.0,633.3700898588271,355,rolled,1138.2450978179452,0.7971248027699737,True,True,0.48615241014738986,1,431.8672395549919,191.06224973339937,16.92461643020827,9.916804461474806,355.0,rolled,1.0,False,original,,40,1,41,0.04575967788696289,7.510185241699219e-05,0.04583477973937988
e5_ppo_s43_anneal_linear,none,9.272727272727272,30.909090909090907,801.8071464602682,355,rolled,1242.4271001663444,0.5495335825469725,True,True,0.6172516238864992,1,456.16657455888253,201.68884062313813,18.112530788214062,9.671347339711208,355.0,rolled,1.0,False,original,,40,1,41,0.04601573944091797,7.867813110351562e-05,0.046094417572021484
e5_ppo_s43_anneal_linear,none,9.272727272727272,41.81818181818181,962.5021253931346,355,rolled,1357.5667545217225,0.410455851167314,True,True,0.6975199737190245,1,485.9756263044493,210.14718470123108,19.163903377657018,9.754500483428359,355.0,rolled,1.0,False,original,,40,1,41,0.0459287166595459,0.0001327991485595703,0.04606151580810547
e5_ppo_s43_anneal_linear,none,9.272727272727272,52.72727272727273,1070.6846994207378,355,rolled,1704.2139213875137,0.5917047495957755,True,True,0.7760693316225384,1,512.3914683641262,216.65199553418526,19.71145364376201,9.673306902461546,355.0,rolled,1.0,False,original,,40,1,41,0.044977664947509766,6.961822509765625e-05,0.04504728317260742
e5_ppo_s43_anneal_linear,none,9.272727272727272,63.63636363636363,1216.7126656588257,355,rolled,1659.4584610187542,0.36388689610639535,True,True,0.7751634017023049,1,553.6638768377193,227.33045314108574,19.546621874076592,12.235707819772843,355.0,rolled,1.0,False,original,,40,1,41,0.04560422897338867,7.581710815429688e-05,0.04568004608154297
e5_ppo_s43_anneal_linear,none,9.272727272727272,74.54545454545453,1356.4151141978043,355,rolled,1647.7192279753585,0.2147602977351325,True,True,0.8652133381856711,1,560.6105874394049,227.41005483397018,20.96768739417388,10.679682714668937,355.0,rolled,1.0,False,original,,40,1,41,0.04585456848144531,7.510185241699219e-05,0.045929670333862305
e5_ppo_s43_anneal_linear,none,9.272727272727272,85.45454545454545,1422.5235716023028,355,rolled,2043.7266938532402,0.43669091651762676,True,True,0.8801395727743359,1,587.1441053403427,235.12702712340513,21.732991840969465,10.133205512990548,355.0,rolled,1.0,False,original,,40,1,41,0.04508090019226074,7.43865966796875e-05,0.04515528678894043
e5_ppo_s43_anneal_linear,none,9.272727272727272,96.36363636363636,1530.0841209322955,355,rolled,2165.0586695414054,0.41499322809925876,True,True,0.8928890139440484,1,610.2888728673054,240.43950259637458,22.473478306359034,10.358366472969598,355.0,rolled,1.0,False,original,,40,1,41,0.04570889472961426,6.866455078125e-05,0.04577755928039551
e5_ppo_s43_anneal_linear,none,9.272727272727272,107.27272727272728,1647.0835657255905,355,rolled,2274.8787706778735,0.3811556486969865,True,True,0.9091919898292552,1,627.8227694780551,245.59674888430163,23.18883547550953,10.522147403938337,355.0,rolled,1.0,False,original,,40,1,41,0.04381442070007324,6.914138793945312e-05,0.043883562088012695
e5_ppo_s43_anneal_linear,none,9.272727272727272,118.18181818181816,1794.0191544704012,355,rolled,2325.0255855218948,0.2959870465866057,True,True,0.738430096126566,1,698.7957311989741,263.7612580068752,24.907055202044678,12.53316993557833,355.0,rolled,1.0,False,original,,40,1,41,0.04417872428894043,7.557868957519531e-05,0.044254302978515625
e5_ppo_s43_anneal_linear,none,9.272727272727272,129.0909090909091,1876.6125693849333,355,rolled,2518.300895453839,0.34193969311375844,True,True,0.9131396825517348,1,667.2876845463484,255.42882140206336,24.74413839996267,10.911284572469407,355.0,rolled,1.0,False,original,,40,1,41,0.045728206634521484,6.747245788574219e-05,0.04579567909240723
e5_ppo_s43_anneal_linear,none,9.272727272727272,140.0,1975.8458780810136,355,rolled,2626.5753180620814,0.32934220588757207,True,True,0.9170744366036636,1,684.7896933050565,259.9757740488693,25.43674422576271,11.025369426601516,355.0,rolled,1.0,False,original,,40,1,41,0.04365229606628418,9.584426879882812e-05,0.04374814033508301
e5_ppo_s43_anneal_linear,none,10.09090909090909,20.0,771.2799576046779,355,rolled,1315.5861623991648,0.7057180721834249,True,True,0.5234138539454872,1,457.683895117319,199.72421433072344,17.448783409275755,9.676521855265063,355.0,rolled,1.0,False,original,,40,1,41,0.04449009895324707,7.43865966796875e-05,0.04456448554992676
e5_ppo_s43_anneal_linear,none,10.09090909090909,30.909090909090907,964.7090665866748,355,rolled,1447.7303820404795,0.5006911743483727,True,True,0.6532537084798506,1,486.572791158791,211.4126350261079,18.697826294336654,9.497587961823559,355.0,rolled,1.0,False,original,,40,1,41,0.04596662521362305,7.43865966796875e-05,0.046041011810302734
e5_ppo_s43_anneal_linear,none,10.09090909090909,41.81818181818181,1147.2574547707825,355,rolled,1863.392917106783,0.6242151309263722,True,True,0.743005693953539,1,519.8419911271571,220.14988296683802,19.582183414842728,9.47928040388904,355.0,rolled,1.0,False,original,,40,1,41,0.0465390682220459,7.534027099609375e-05,0.04661440849304199
e5_ppo_s43_anneal_linear,none,10.09090909090909,52.72727272727273,1318.1429375417918,355,rolled,1707.2591852502383,0.29520034332096823,True,True,0.8193194336025118,1,541.8135608819965,226.97114418870245,20.296871962714864,10.255843734370586,355.0,rolled,1.0,False,original,,40,1,41,0.052349090576171875,7.43865966796875e-05,0.05242347717285156
e5_ppo_s43_anneal_linear,none,10.09090909090909,63.63636363636363,1473.4968374975142,355,rolled,2149.3746795243624,0.4586897133588102,True,True,0.8504371176039226,1,574.4841575444772,235.90008681856784,21.190306643211855,9.779060214411817,355.0,rolled,1.0,False,original,,40,1,41,0.04524636268615723,7.390975952148438e-05,0.04532027244567871
e5_ppo_s43_anneal_linear,none,10.09090909090909,74.54545454545453,1593.8205978972342,355,rolled,2294.622127156054,0.4396991293646249,True,True,0.8822104615552128,1,597.5272326361782,242.86348386231757,22.019371998114647,9.996407386027052,355.0,rolled,1.0,False,original,,40,1,41,0.05789542198181152,7.295608520507812e-05,0.0579683780670166
e5_ppo_s43_anneal_linear,none,10.09090909090909,85.45454545454545,1744.078619322344,355,rolled,2410.2998485821317,0.3819903655023567,True,True,0.7588113965371066,1,695.498158139512,271.7571694205038,18.769141776881956,15.29525488148413,355.0,rolled,1.0,False,original,,40,1,41,0.045472145080566406,9.059906005859375e-05,0.045562744140625
e5_ppo_s43_anneal_linear,none,10.09090909090909,96.36363636363636,1930.113776773892,355,rolled,2392.0208548234477,0.23931598417043323,True,True,0.789402747406126,1,711.3640444827395,255.98728660202949,23.832830628048892,11.917273214152164,355.0,rolled,1.0,False,original,,40,1,41,0.045539140701293945,0.00011444091796875,0.045653581619262695
e5_ppo_s43_anneal_linear,none,10.09090909090909,107.27272727272728,2067.605711285596,355,rolled,2530.469343829594,0.22386455503462435,True,True,0.7925018795493237,1,737.2926690034171,263.0027198560552,24.431114498465433,12.237119854739616,355.0,rolled,1.0,False,original,,40,1,41,0.04611682891845703,9.012222290039062e-05,0.04620695114135742
e5_ppo_s43_anneal_linear,none,10.09090909090909,118.18181818181816,2170.353625378734,355,rolled,2607.5312939961254,0.2014315379324891,True,True,0.8367958231085757,1,750.0,264.0794080470695,24.764993367144868,12.624902170584324,355.0,rolled,1.0,False,original,,40,1,41,0.047545671463012695,8.320808410644531e-05,0.04762887954711914
e5_ppo_s43_anneal_linear,none,10.09090909090909,129.0909090909091,2307.5736162550616,355,rolled,3104.334708274112,0.34528089869224027,True,True,0.8935411782559561,1,738.7560299995168,265.9935656975668,26.140848789402703,11.724035666937379,355.0,rolled,1.0,False,original,,40,1,41,0.04500985145568848,7.748603820800781e-05,0.045087337493896484
e5_ppo_s43_anneal_linear,none,10.09090909090909,140.0,2443.406284429296,355,rolled,3298.706101410695,0.35004404401831607,True,True,0.8707187852435285,2,749.1702754751454,276.25819169244426,27.510073394484433,11.711781905213513,355.0,rolled,1.0,False,original,,40,1,41,0.0497584342956543,7.843971252441406e-05,0.04983687400817871
e5_ppo_s43_anneal_linear,none,10.90909090909091,20.0,939.0466900997784,355,rolled,1511.4962231930508,0.6096071038091266,True,True,0.5544058970724618,1,484.688768548113,208.61468735258475,18.02993696699307,9.434087968706587,355.0,rolled,1.0,False,original,,40,1,41,0.04599165916442871,7.700920104980469e-05,0.046068668365478516
e5_ppo_s43_anneal_linear,none,10.90909090909091,30.909090909090907,1197.1649157491154,355,rolled,1677.3437650577844,0.40109666011069267,True,True,0.7028590213916748,1,509.87579269826233,220.14585566661447,19.06738170220135,9.856303814069252,355.0,rolled,1.0,False,original,,40,1,41,0.04756760597229004,8.296966552734375e-05,0.04765057563781738
e5_ppo_s43_anneal_linear,none,10.90909090909091,41.81818181818181,1403.509472950396,355,rolled,2156.0184030610376,0.5361623449029883,True,True,0.7751118543251017,1,550.4615829630259,231.57625784659757,20.19311891517117,9.316176507921465,355.0,rolled,1.0,False,original,,40,1,41,0.04721236228942871,7.534027099609375e-05,0.047287702560424805
e5_ppo_s43_anneal_linear,none,10.90909090909091,52.72727272727273,1588.7457907355176,355,rolled,2337.247912389476,0.4711276819858233,True,True,0.8352993371450502,1,576.7634409208605,241.20985445570025,21.15977578687777,9.509206484219666,355.0,rolled,1.0,False,original,,40,1,41,0.04684734344482422,8.797645568847656e-05,0.046935319900512695
e5_ppo_s43_anneal_linear,none,10.90909090909091,63.63636363636363,1789.9941201560932,355,rolled,2548.6167047947374,0.4238128919510025,True,True,0.862927669749031,1,607.4138289767477,249.27618476846283,22.245315537719968,9.916677523696384,355.0,rolled,1.0,False,original,,40,1,41,0.04573774337768555,8.106231689453125e-05,0.04581880569458008
e5_ppo_s43_anneal_linear,none,10.90909090909091,74.54545454545453,1942.2808212955651,355,rolled,2480.95553619749,0.27734131387994193,True,True,0.8068001373369394,1,701.100556019057,250.28788365468384,23.064547370658047,11.831096902565635,355.0,rolled,1.0,False,original,,40,1,41,0.049379587173461914,7.62939453125e-05,0.049455881118774414
e5_ppo_s43_anneal_linear,none,10.90909090909091,85.45454545454545,2177.190622234541,355,rolled,2641.9101345009876,0.2134491612817465,True,True,0.8199246612930411,1,734.3008903302782,256.38379473157363,23.848825853549375,12.113889582820274,355.0,rolled,1.0,False,original,,40,1,41,0.046118736267089844,9.799003601074219e-05,0.046216726303100586
e5_ppo_s43_anneal_linear,none,10.90909090909091,96.36363636363636,2344.698716886334,355,rolled,2807.546868443697,0.19740197246834634,True,True,0.8351164872278075,1,750.0,264.6722273281033,24.565175758068445,12.600161801010444,355.0,rolled,1.0,False,original,,40,1,41,0.04590201377868652,7.486343383789062e-05,0.045976877212524414
e5_ppo_s43_anneal_linear,none,10.90909090909091,107.27272727272728,2499.121791022924,355,rolled,2993.8465432406197,0.19795944079027794,True,True,0.8265941476253729,1,750.0,283.25841785341214,25.19151497317049,12.88127739405174,355.0,rolled,1.0,False,original,,40,1,41,0.04675030708312988,7.62939453125e-05,0.04682660102844238
e5_ppo_s43_anneal_linear,none,10.90909090909091,118.18181818181816,2669.547168301596,355,rolled,3516.3115762950592,0.31719402378351197,True,True,0.7501537867420887,1,750.0,300.0,28.20029844784684,15.032379967285907,355.0,rolled,1.0,False,original,,40,1,41,0.04863929748535156,0.00011491775512695312,0.048754215240478516
e5_ppo_s43_anneal_linear,none,10.90909090909091,129.0909090909091,2855.841135487434,355,rolled,3548.589171026848,0.24257232901758596,True,True,0.875566921078211,1,750.0,300.0,24.48487147148514,18.411090242080235,355.0,rolled,1.0,False,original,,40,1,41,0.04760313034057617,8.082389831542969e-05,0.0476839542388916
e5_ppo_s43_anneal_linear,none,10.90909090909091,140.0,3078.8301843712,460,rolled,3862.4416738491072,0.25451598254937424,True,True,0.7983908070300074,1,750.0,300.0,31.72732328426896,16.025329612115115,355.0,rolled,0.0,False,original,,40,1,41,0.04569673538208008,9.34600830078125e-05,0.04579019546508789
e5_ppo_s43_anneal_linear,none,11.727272727272728,20.0,1117.8784812198996,355,rolled,1725.3490465004688,0.5434137748296746,True,True,0.6014346250448369,1,502.20245970041816,216.71661023422323,18.334474243626847,9.742052608093449,355.0,rolled,1.0,False,original,,40,1,41,0.05977296829223633,8.225440979003906e-05,0.05985522270202637
e5_ppo_s43_anneal_linear,none,11.727272727272728,30.909090909090907,1399.1707585826318,355,rolled,2151.473523133528,0.5376775921996707,True,True,0.60912942550268,1,619.05833625567,226.58140969261473,20.826111212887064,10.611589400586887,355.0,rolled,1.0,False,original,,40,1,41,0.04582381248474121,7.677078247070312e-05,0.045900583267211914
e5_ppo_s43_anneal_linear,none,11.727272727272728,41.81818181818181,1658.320920880548,355,rolled,2346.616903745255,0.41505596063953065,True,True,0.6904985396399874,1,652.7759110511741,238.38526333418687,21.543016235595854,10.998220478859091,355.0,rolled,1.0,False,original,,40,1,41,0.046929359436035156,7.605552673339844e-05,0.047005414962768555
e5_ppo_s43_anneal_linear,none,11.727272727272728,52.72727272727273,1896.895430152976,355,rolled,2424.129073816527,0.27794555001960874,True,True,0.8089258470468098,1,666.9378418879425,244.16346497680976,21.80639227890395,11.051523321579214,355.0,rolled,1.0,False,original,,40,1,41,0.0477752685546875,9.202957153320312e-05,0.0478672981262207
e5_ppo_s43_anneal_linear,none,11.727272727272728,63.63636363636363,2122.483987052358,355,rolled,2544.2172365324473,0.19869796523920064,True,True,0.874792650955855,2,705.7101386011535,249.8670073961322,22.046489511952633,11.167691034350515,355.0,rolled,1.0,False,original,,40,1,41,0.047544240951538086,0.00010991096496582031,0.047654151916503906
e5_ppo_s43_anneal_linear,none,11.727272727272728,74.54545454545453,2414.680044837911,355,rolled,2919.4754939937416,0.2090527273934199,True,True,0.8250923119854253,1,744.0793433854102,260.3844816460465,24.060445406708865,12.344107591919173,355.0,rolled,1.0,False,original,,40,1,41,0.04643535614013672,8.726119995117188e-05,0.04652261734008789
e5_ppo_s43_anneal_linear,none,11.727272727272728,85.45454545454545,2607.2244497923484,355,rolled,3146.1789826673644,0.2067158172430996,True,True,0.8250205965827273,1,750.0,278.0372766418937,24.731784352217204,12.859128009125957,355.0,rolled,1.0,False,original,,40,1,41,0.04969358444213867,7.867813110351562e-05,0.04977226257324219
e5_ppo_s43_anneal_linear,none,11.727272727272728,96.36363636363636,2809.399526814627,460,rolled,3863.6380607469455,0.37525404410089114,True,True,0.8407527535320303,2,750.0,285.36262948491213,27.2699813569132,11.42903765457411,355.0,rolled,0.0,False,original,,40,1,41,0.04621148109436035,7.700920104980469e-05,0.046288490295410156
e5_ppo_s43_anneal_linear,none,11.727272727272728,107.27272727272728,3054.1802093068686,355,rolled,4053.3385075078822,0.32714451333170275,True,True,0.7613737791319906,1,750.0,300.0,29.910415025929616,16.48498316355421,355.0,rolled,1.0,False,original,,40,1,41,0.04625868797302246,8.20159912109375e-05,0.0463407039642334
e5_ppo_s43_anneal_linear,none,11.727272727272728,118.18181818181816,3357.8991517305085,355,rolled,4037.459651885352,0.20237668537622067,True,True,0.8271106188473566,1,750.0,300.0,30.797470471119414,15.587455597260838,355.0,rolled,1.0,False,original,,40,1,41,0.04608583450317383,8.082389831542969e-05,0.04616665840148926
e5_ppo_s43_anneal_linear,none,11.727272727272728,129.0909090909091,3564.383823711408,460,rolled,4552.079385908832,0.27710134796004876,True,True,0.7952123886024985,1,750.0,300.0,35.0,17.54702561092624,355.0,rolled,0.0,False,original,,40,1,41,0.04535198211669922,8.082389831542969e-05,0.04543280601501465
e5_ppo_s43_anneal_linear,none,11.727272727272728,140.0,3755.070343632353,460,rolled,4949.979555012287,0.3182122043082887,True,True,0.839478262538777,1,750.0,300.0,33.959703134917994,22.62893985619017,355.0,rolled,0.0,False,original,,40,1,41,0.0465703010559082,9.059906005859375e-05,0.0466609001159668
e5_ppo_s43_anneal_linear,none,12.545454545454549,20.0,1307.1994834284806,355,rolled,2162.3261297721915,0.6541669096295176,True,True,0.5217382009127332,1,621.8304075918619,223.20920520962522,19.65068343401473,10.043593674274533,355.0,rolled,1.0,False,original,,40,1,41,0.0463712215423584,7.653236389160156e-05,0.04644775390625
e5_ppo_s43_anneal_linear,none,12.545454545454549,30.909090909090907,1673.5520688887286,355,rolled,2294.926442384712,0.3712907324769335,True,True,0.7023650900333908,1,639.391868201659,235.0786963451763,19.945422132451572,10.245782646113042,355.0,rolled,1.0,False,original,,40,1,41,0.04725193977355957,7.581710815429688e-05,0.04732775688171387
e5_ppo_s43_anneal_linear,none,12.545454545454549,41.81818181818181,1957.4303873162305,355,rolled,2594.9943802063617,0.3257147722960787,True,True,0.7666402877093493,1,701.3068385925006,243.95890539090092,20.809206835048744,11.211238953561132,355.0,rolled,1.0,False,original,,40,1,41,0.04752540588378906,7.987022399902344e-05,0.047605276107788086
e5_ppo_s43_anneal_linear,none,12.545454545454549,52.72727272727273,2222.5772160497027,355,rolled,2879.017557637694,0.29535097221716133,True,True,0.7707709618327929,1,717.5,265.3198987504485,22.196117520390374,11.427175763193157,355.0,rolled,1.0,False,original,,40,1,41,0.046280622482299805,7.581710815429688e-05,0.0463564395904541
e5_ppo_s43_anneal_linear,none,12.545454545454549,63.63636363636363,2552.3230156844406,355,rolled,3192.4278477357293,0.2507930336864653,True,True,0.7993218781246033,1,749.4579725108545,266.8385881871994,24.373968766879702,12.246899793496583,355.0,rolled,1.0,False,original,,40,1,41,0.05230069160461426,7.43865966796875e-05,0.052375078201293945
e5_ppo_s43_anneal_linear,none,12.545454545454549,74.54545454545453,2864.0220557743514,355,rolled,3313.6221441418347,0.15698206215312263,True,True,0.9504366874878849,1,690.8335681208074,286.2000463139158,22.67193152852962,14.611446838471679,355.0,rolled,1.0,False,original,,40,1,41,0.04706311225891113,7.605552673339844e-05,0.04713916778564453
e5_ppo_s43_anneal_linear,none,12.545454545454549,85.45454545454545,3136.2352005841685,355,rolled,4307.344699986386,0.37341252313732143,True,True,0.8246228617998363,2,750.0,292.68851612027015,28.38633335764278,11.375881213358989,355.0,rolled,1.0,False,original,,40,1,41,0.04635143280029297,7.390975952148438e-05,0.04642534255981445
e5_ppo_s43_anneal_linear,none,12.545454545454549,96.36363636363636,3474.753399293351,355,rolled,4225.226684968244,0.21597886222012594,True,True,0.8172742730270672,1,750.0,300.0,30.038886602863126,15.292316068355532,355.0,rolled,1.0,False,original,,40,1,41,0.05702495574951172,0.00015974044799804688,0.057184696197509766
e5_ppo_s43_anneal_linear,none,12.545454545454549,107.27272727272728,3810.945853911128,460,rolled,4603.887659959095,0.20806955450027725,True,True,0.8333205893642172,1,750.0,300.0,32.61676319814069,16.888304080564744,355.0,rolled,0.0,False,original,,40,1,41,0.04629659652709961,7.62939453125e-05,0.04637289047241211
e5_ppo_s43_anneal_linear,none,12.545454545454549,118.18181818181816,4051.8868674716473,460,rolled,5457.756421974951,0.34696663566536295,True,True,0.8123862693459427,1,750.0,300.0,34.81933820839741,23.54254567439115,355.0,rolled,0.0,False,original,,40,1,41,0.04458785057067871,9.34600830078125e-05,0.04468131065368652
e5_ppo_s43_anneal_linear,none,12.545454545454549,129.0909090909091,4389.083655555064,460,rolled,5149.954782371276,0.17335534852547463,True,True,0.9398899023216138,1,750.0,300.0,33.13094383218248,21.86350448028698,355.0,rolled,0.0,False,original,,40,1,41,0.047762155532836914,0.00010275840759277344,0.04786491394042969
e5_ppo_s43_anneal_linear,none,12.545454545454549,140.0,4731.036754406592,460,rolled,5619.077100000001,0.18770523073325712,True,True,0.9444357648012299,1,750.0,300.0,35.0,25.0,355.0,rolled,0.0,False,original,,40,1,41,0.04580378532409668,7.724761962890625e-05,0.045881032943725586
e5_ppo_s43_anneal_linear,none,13.363636363636363,20.0,1553.9456704912225,355,rolled,2264.092336720343,0.45699581376267423,True,True,0.6280791443140626,1,610.0027858007826,230.37985704728328,18.968454431446993,9.848509368153797,355.0,rolled,1.0,False,original,,40,1,41,0.04629874229431152,8.225440979003906e-05,0.04638099670410156
e5_ppo_s43_anneal_linear,none,13.363636363636363,30.909090909090907,2055.764041961098,355,rolled,2561.8254448862717,0.24616706615921544,True,True,0.7510326813281666,2,659.3882232254141,244.152417815931,20.316495556130146,10.251956281484198,355.0,rolled,1.0,False,original,,40,1,41,0.04513049125671387,8.106231689453125e-05,0.0452115535736084
e5_ppo_s43_anneal_linear,none,13.363636363636363,41.81818181818181,2295.1327804460216,355,rolled,2914.7874740957236,0.26998642471974205,True,True,0.8086280870140111,2,713.2209934712316,255.2157224277782,21.550413094589732,11.199354335949849,355.0,rolled,1.0,False,original,,40,1,41,0.04530787467956543,8.273124694824219e-05,0.04539060592651367
e5_ppo_s43_anneal_linear,none,13.363636363636363,52.72727272727273,2698.233573079863,355,rolled,3428.7240205818207,0.27072913731043263,True,True,0.7670921882354729,1,750.0,271.7017927224792,24.31647961066582,12.196260336488217,355.0,rolled,1.0,False,original,,40,1,41,0.04483819007873535,7.605552673339844e-05,0.04491424560546875
e5_ppo_s43_anneal_linear,none,13.363636363636363,63.63636363636363,3099.504449257762,355,rolled,3823.160905029721,0.23347488852460038,True,True,0.7615001046107579,1,750.0,297.1261650817615,25.57032360664926,12.987775870781707,355.0,rolled,1.0,False,original,,40,1,41,0.04454493522644043,6.937980651855469e-05,0.044614315032958984
e5_ppo_s43_anneal_linear,none,13.363636363636363,74.54545454545453,3409.0278837627866,355,rolled,4755.987094879568,0.39511533992794645,True,True,0.701076052792186,1,750.0,300.0,31.675905662917806,16.294345174150983,355.0,rolled,1.0,False,original,,40,1,41,0.04641294479370117,7.534027099609375e-05,0.046488285064697266
e5_ppo_s43_anneal_linear,none,13.363636363636363,85.45454545454545,3859.8972334468967,355,rolled,4644.867223930384,0.2033655154550598,True,True,0.8200170366432828,1,750.0,300.0,31.19637705235662,15.664087793281752,355.0,rolled,1.0,False,original,,40,1,41,0.04490256309509277,6.818771362304688e-05,0.04497075080871582
e5_ppo_s43_anneal_linear,none,13.363636363636363,96.36363636363636,4245.414696419247,460,rolled,5617.142115076144,0.32310799220954023,True,True,0.7988105407267322,1,750.0,300.0,34.15494113198341,22.250902280910797,355.0,rolled,0.0,False,original,,40,1,41,0.04560542106628418,8.058547973632812e-05,0.04568600654602051
e5_ppo_s43_anneal_linear,none,13.363636363636363,107.27272727272728,4631.739739142465,460,rolled,5886.446376117403,0.2708931649098312,True,True,0.855366494936811,1,750.0,300.0,35.0,24.07485194789427,355.0,rolled,0.0,False,original,,40,1,41,0.04576873779296875,7.581710815429688e-05,0.04584455490112305
e5_ppo_s43_anneal_linear,none,13.363636363636363,118.18181818181816,5063.816158705762,460,rolled,5899.11223776112,0.16495387132475353,True,True,0.9412336785950437,1,750.0,300.0,35.0,24.19310331875098,355.0,rolled,0.0,False,original,,40,1,41,0.0469365119934082,7.534027099609375e-05,0.0470118522644043
e5_ppo_s43_anneal_linear,none,13.363636363636363,129.0909090909091,5459.024045280959,460,rolled,6707.570410227272,0.22871237689924,True,True,0.8695834342091,1,750.0,300.0,35.0,25.0,460.0,rolled,1.0,False,original,,40,1,41,0.04559803009033203,9.179115295410156e-05,0.04568982124328613
e5_ppo_s43_anneal_linear,none,13.363636363636363,140.0,5943.747564514266,460,rolled,11303.296285536817,0.9017120365307008,True,True,0.8592697624160732,1,750.0,300.0,35.0,25.0,550.0,rolled,0.0,False,original,,40,1,41,0.05138850212097168,7.939338684082031e-05,0.0514678955078125
e5_ppo_s43_anneal_linear,none,14.181818181818182,20.0,1796.9028968466985,355,rolled,2585.5463951352735,0.43889043735892963,True,True,0.6417191888335098,2,652.5129010676342,238.1485864068909,19.457794374938278,10.10434095798105,355.0,rolled,1.0,False,original,,40,1,41,0.047621726989746094,7.43865966796875e-05,0.04769611358642578
e5_ppo_s43_anneal_linear,none,14.181818181818182,30.909090909090907,2224.07150895444,355,rolled,3050.090082520659,0.3713992874062485,True,True,0.7402054114039115,1,710.415625030921,253.3919625719101,20.984816400747896,11.387595197233967,355.0,rolled,1.0,False,original,,40,1,41,0.04652142524719238,0.00010132789611816406,0.04662275314331055
e5_ppo_s43_anneal_linear,none,14.181818181818182,41.81818181818181,2615.0382292659383,355,rolled,3476.230374395133,0.329322965718531,True,True,0.7621488281040304,1,734.9460533403297,273.0200574332323,23.32413347378719,11.710302568420898,355.0,rolled,1.0,False,original,,40,1,41,0.046677350997924805,7.915496826171875e-05,0.04675650596618652
e5_ppo_s43_anneal_linear,none,14.181818181818182,52.72727272727273,3202.0654799770145,355,rolled,4165.935363083029,0.30101504454959915,True,True,0.7173729472313211,1,750.0,300.0,25.85165397154039,13.477314640354104,355.0,rolled,1.0,False,original,,40,1,41,0.057547807693481445,8.893013000488281e-05,0.05763673782348633
e5_ppo_s43_anneal_linear,none,14.181818181818182,63.63636363636363,3623.765744949169,355,rolled,4480.087129724792,0.2363070477083598,True,True,0.9444522767708204,1,713.6748761978641,296.4239817887966,23.34882622332391,19.42978472869673,355.0,rolled,1.0,False,original,,40,1,41,0.04559969902038574,9.894371032714844e-05,0.04569864273071289
e5_ppo_s43_anneal_linear,none,14.181818181818182,74.54545454545453,4194.266016339479,355,rolled,5172.972069147482,0.2333438196326333,True,True,0.7902171980360494,1,750.0,300.0,32.81220224211893,16.451929429658044,355.0,rolled,1.0,False,original,,40,1,41,0.0466306209564209,0.00010085105895996094,0.04673147201538086
e5_ppo_s43_anneal_linear,none,14.181818181818182,85.45454545454545,4665.282330709234,460,rolled,6218.830257766335,0.3330019100518028,True,True,0.7946416935644751,1,750.0,300.0,35.0,23.82842420044986,355.0,rolled,0.0,False,original,,40,1,41,0.04481649398803711,8.130073547363281e-05,0.04489779472351074
e5_ppo_s43_anneal_linear,none,14.181818181818182,96.36363636363636,5186.697126154381,460,rolled,6352.0001999999995,0.22467150973005034,True,True,0.8855069507845137,1,750.0,300.0,35.0,25.0,355.0,rolled,0.0,False,original,,40,1,41,0.04405713081359863,7.677078247070312e-05,0.044133901596069336
e5_ppo_s43_anneal_linear,none,14.181818181818182,107.27272727272728,5684.871516431859,460,rolled,6352.0001999999995,0.11735158510440133,True,True,0.9857530206846475,1,750.0,300.0,35.0,25.0,355.0,rolled,0.0,False,original,,40,1,41,0.04487490653991699,7.748603820800781e-05,0.044952392578125
e5_ppo_s43_anneal_linear,none,14.181818181818182,118.18181818181816,6186.248050426683,460,rolled,11995.334833630906,0.9390323077658604,True,True,0.8585538381223063,1,750.0,300.0,35.0,25.0,550.0,rolled,0.0,False,original,,40,1,41,0.04506111145019531,7.891654968261719e-05,0.04514002799987793
e5_ppo_s43_anneal_linear,none,14.181818181818182,129.0909090909091,8947.780102569574,500,rolled,15533.226001438308,0.7359865601723452,True,True,0.9334164598871394,1,750.0,300.0,32.18403087659608,25.0,690.0,rolled,0.0,False,original,,40,1,41,0.04464888572692871,8.606910705566406e-05,0.044734954833984375
e5_ppo_s43_anneal_linear,none,14.181818181818182,140.0,12705.653958132376,620,rolled,16243.099208811742,0.2784150475320627,True,True,0.9368838532422804,1,744.3432537934904,300.0,35.0,25.0,690.0,rolled,0.0,False,original,,8,1,9,0.00872492790222168,7.724761962890625e-05,0.008802175521850586
e5_ppo_s43_anneal_linear,none,15.0,20.0,2057.2483346770277,355,rolled,3149.42036257554,0.5308897372713026,True,True,0.6055777036356994,1,715.9478249258805,247.9968216480144,20.30201906265664,11.466200791715927,355.0,rolled,1.0,False,original,,40,1,41,0.04501938819885254,8.559226989746094e-05,0.04510498046875
e5_ppo_s43_anneal_linear,none,15.0,30.909090909090907,2565.283454586496,355,rolled,3473.9663650969665,0.3542231985653776,True,True,0.7278154937428247,2,730.4511105638165,269.3699385301015,21.91970742351877,11.418287794539768,355.0,rolled,1.0,False,original,,40,1,41,0.04649615287780762,8.368492126464844e-05,0.046579837799072266
e5_ppo_s43_anneal_linear,none,15.0,41.81818181818181,3234.6725939942403,355,rolled,4329.444222459415,0.3384489764119614,True,True,0.6792611009800698,1,750.0,300.0,25.222087322531124,13.371812349886493,355.0,rolled,1.0,False,original,,40,1,41,0.04503583908081055,9.250640869140625e-05,0.04512834548950195
e5_ppo_s43_anneal_linear,none,15.0,52.72727272727273,3765.638206814382,355,rolled,5399.695234360286,0.4339389335355899,True,True,0.66737862376387,1,750.0,300.0,31.639675545780683,16.829516661734225,355.0,rolled,1.0,False,original,,40,1,41,0.04484844207763672,8.916854858398438e-05,0.0449376106262207
e5_ppo_s43_anneal_linear,none,15.0,63.63636363636363,4414.262908667717,355,rolled,5742.463055568665,0.3008883191558286,True,True,0.7482660978574728,1,750.0,300.0,33.86605357552854,17.82300488372845,355.0,rolled,1.0,False,original,,40,1,41,0.04492688179016113,7.557868957519531e-05,0.04500246047973633
e5_ppo_s43_anneal_linear,none,15.0,74.54545454545453,5055.036012019389,460,rolled,6039.485221783703,0.1947462307733483,True,True,0.894332029235188,1,750.0,300.0,31.553069844807936,22.16911416966683,355.0,rolled,0.0,False,original,,40,1,41,0.045026540756225586,7.581710815429688e-05,0.04510235786437988
e5_ppo_s43_anneal_linear,none,15.0,85.45454545454545,5678.659053486651,460,rolled,6716.376286957321,0.18273983764415652,True,True,0.9081214783216026,1,750.0,300.0,35.0,24.982653680837476,355.0,rolled,0.0,False,original,,40,1,41,0.04545140266418457,8.749961853027344e-05,0.045538902282714844
e5_ppo_s43_anneal_linear,none,15.0,96.36363636363636,6293.677091962863,460,rolled,9854.996759999998,0.5658567505131464,True,True,0.8567073957673353,1,750.0,300.0,35.0,25.0,500.0,rolled,0.0,False,original,,40,1,41,0.0491786003112793,7.224082946777344e-05,0.04925084114074707
e5_ppo_s43_anneal_linear,none,15.0,107.27272727272728,7396.103440982998,460,rolled,15964.102069813907,1.1584476470886347,True,True,0.9282844120875088,1,750.0,300.0,32.448701603974435,23.443231784597238,690.0,rolled,0.0,False,original,,40,1,41,0.0472412109375,8.225440979003906e-05,0.04732346534729004
e5_ppo_s43_anneal_linear,none,15.0,118.18181818181816,13338.283576315587,620,rolled,16599.302683722348,0.244485663297582,True,True,0.9808549359843466,1,750.0,300.0,33.45477723506445,24.4364808514617,690.0,rolled,0.0,False,original,,6,1,7,0.0067365169525146484,9.131431579589844e-05,0.006827831268310547
e5_ppo_s43_anneal_linear,scale,6.0,20.0,241.3288087904857,355,rolled,269.00717370497756,0.11469150762900156,True,True,1.0009847836008892,1,250.0,120.0,9.513198262356042,6.583574497571994,355.0,rolled,1.0,True,scale,0.6344757080078125,40,18,58,0.13632774353027344,0.001077890396118164,0.1374056339263916
e5_ppo_s43_anneal_linear,scale,6.0,30.909090909090907,292.67799548197263,355,rolled,359.0385237146574,0.22673562501138633,True,True,1.000951442394609,1,273.00777800089946,125.520923891771,12.38951783097237,7.922402827359011,355.0,rolled,1.0,True,scale,0.7854804992675781,40,18,58,0.04258108139038086,0.0010828971862792969,0.043663978576660156
e5_ppo_s43_anneal_linear,scale,6.0,41.81818181818181,342.2853688824266,355,rolled,419.41799145014585,0.2253459527632159,True,True,1.0009596100560982,1,298.26372963451826,136.39456661333327,13.658694758948764,8.136984812299477,355.0,rolled,1.0,True,scale,0.8248367309570312,40,18,58,0.04362177848815918,0.0013437271118164062,0.044965505599975586
e5_ppo_s43_anneal_linear,scale,6.0,52.72727272727273,386.25765574493386,355,rolled,473.9864985108624,0.2271251882289176,True,True,1.0009686652558698,1,320.63955987740894,145.10858548591554,14.717721045648648,8.347755605537813,355.0,rolled,1.0,True,scale,0.8532752990722656,40,18,58,0.04225659370422363,0.0010166168212890625,0.043273210525512695
e5_ppo_s43_anneal_linear,scale,6.0,63.63636363636363,431.68145507497405,355,rolled,524.3757120157924,0.21472837401532402,True,True,1.000984088529512,1,341.543323130427,152.2856344519648,15.602634948842127,8.579780757641478,355.0,rolled,1.0,True,scale,0.8738517761230469,40,18,58,0.05840325355529785,0.0016181468963623047,0.060021400451660156
e5_ppo_s43_anneal_linear,scale,6.0,74.54545454545453,466.9500019446189,355,rolled,571.2355429938166,0.2233334203124516,True,True,1.0009844364245852,1,361.54305019158204,158.32857638989233,16.34985691936808,8.818948000780788,355.0,rolled,1.0,True,scale,0.8884658813476562,40,18,58,0.04255032539367676,0.001119852066040039,0.0436701774597168
e5_ppo_s43_anneal_linear,scale,6.0,85.45454545454545,518.2473353887603,355,rolled,613.9121932812396,0.184593053084811,True,True,1.0009782295578395,1,380.6420172011053,163.76994269443531,16.991548193183473,8.986918738684688,355.0,rolled,1.0,True,scale,0.9026908874511719,40,18,58,0.04281115531921387,0.0010137557983398438,0.04382491111755371
e5_ppo_s43_anneal_linear,scale,6.0,96.36363636363636,549.7256874002802,355,rolled,654.764028887342,0.19107410094623897,True,True,1.0009871326846909,1,399.2911853970792,168.3060543439369,17.558806367342367,9.19327883823137,355.0,rolled,1.0,True,scale,0.9099006652832031,40,18,58,0.043998003005981445,0.0010271072387695312,0.04502511024475098
e5_ppo_s43_anneal_linear,scale,6.0,107.27272727272728,586.6560772595034,355,rolled,693.2540829808506,0.18170442590368724,True,True,1.0009658919034838,1,417.37706089528,172.2887953523579,18.070305467700674,9.380237717825533,355.0,rolled,1.0,True,scale,0.9142951965332031,40,18,58,0.04415488243103027,0.0011909008026123047,0.04534578323364258
e5_ppo_s43_anneal_linear,scale,6.0,118.18181818181816,628.4217050081675,355,rolled,728.6133149673221,0.15943371968326986,True,True,1.0009723794159535,1,434.34056117096446,176.28855155975708,18.530628508374825,9.487582251166852,355.0,rolled,1.0,True,scale,0.9223976135253906,40,18,58,0.044191598892211914,0.0010783672332763672,0.04526996612548828
e5_ppo_s43_anneal_linear,scale,6.0,129.0909090909091,657.4964976148059,355,rolled,762.2719764889418,0.15935518934964524,True,True,1.0009784402229145,1,450.5145947676599,180.08873001884768,18.947188023976206,9.583349031791869,355.0,rolled,1.0,True,scale,0.9293785095214844,40,18,58,0.04674959182739258,0.0011582374572753906,0.04790782928466797
e5_ppo_s43_anneal_linear,scale,6.0,140.0,697.879425726456,355,rolled,795.456757799529,0.13981975750538864,True,True,1.0009619575464168,1,466.73373782928684,183.17374023125038,19.33723057143577,9.726983301216542,355.0,rolled,1.0,True,scale,0.9292984008789062,40,18,58,0.04522705078125,0.00107574462890625,0.04630279541015625
e5_ppo_s43_anneal_linear,scale,6.818181818181818,20.0,317.0885192434045,355,rolled,386.28625026677173,0.21822843409303458,True,True,1.000966842541472,1,270.2704651096905,123.27031540404496,11.659756870830009,7.82374538233176,355.0,rolled,1.0,True,scale,0.7566757202148438,40,18,58,0.043398380279541016,0.0010387897491455078,0.04443717002868652
e5_ppo_s43_anneal_linear,scale,6.818181818181818,30.909090909090907,392.6423822212096,355,rolled,479.5809181228344,0.22141913313027123,True,True,1.0009791646534856,1,303.82632187429783,138.91996545713775,13.34002497765616,8.158830266995869,355.0,rolled,1.0,True,scale,0.8131980895996094,40,18,58,0.04335308074951172,0.0011174678802490234,0.04447054862976074
e5_ppo_s43_anneal_linear,scale,6.818181818181818,41.81818181818181,455.0251859822217,355,rolled,559.6037194956773,0.229830208821763,True,True,1.0009561180100701,1,331.57438476044456,150.9935451158524,14.650910092617067,8.399521782130163,355.0,rolled,1.0,True,scale,0.853607177734375,40,18,58,0.04288458824157715,0.0009503364562988281,0.04383492469787598
e5_ppo_s43_anneal_linear,scale,6.818181818181818,52.72727272727273,519.9507333014534,355,rolled,631.9604574459579,0.21542372569280385,True,True,1.0009837222920779,1,356.95982211012716,160.28065160962183,15.760216059448867,8.639315827126685,355.0,rolled,1.0,True,scale,0.8797683715820312,40,18,58,0.04329729080200195,0.0010633468627929688,0.04436063766479492
e5_ppo_s43_anneal_linear,scale,6.818181818181818,63.63636363636363,570.1996303697795,355,rolled,698.2649920720658,0.2245974126977858,True,True,1.000978938313559,1,381.2338250490414,167.84381064300922,16.667156298395263,8.892739865345321,355.0,rolled,1.0,True,scale,0.8977127075195312,40,18,58,0.04225778579711914,0.001077890396118164,0.043335676193237305
e5_ppo_s43_anneal_linear,scale,6.818181818181818,74.54545454545453,645.0378754655677,355,rolled,759.3812547467941,0.17726614766411503,True,True,1.0009863658943627,1,404.65480897921674,174.15650406563168,17.42871806550714,9.136295812736346,355.0,rolled,1.0,True,scale,0.9097633361816406,40,18,58,0.043501853942871094,0.001093149185180664,0.04459500312805176
e5_ppo_s43_anneal_linear,scale,6.818181818181818,85.45454545454545,698.212152166206,355,rolled,815.019437713046,0.16729483321716038,True,True,1.0009599876475024,1,426.52099171292764,179.9573235017298,18.092944644947547,9.298768075092477,355.0,rolled,1.0,True,scale,0.9225578308105469,40,18,58,0.04429340362548828,0.0011744499206542969,0.04546785354614258
e5_ppo_s43_anneal_linear,scale,6.818181818181818,96.36363636363636,733.8166260116295,355,rolled,868.0702844297408,0.18295259831845734,True,True,1.0009778617151548,1,448.1281934616363,184.68318890691654,18.68232191761364,9.497090734854982,355.0,rolled,1.0,True,scale,0.9277992248535156,40,18,58,0.04393720626831055,0.0010592937469482422,0.04499650001525879
e5_ppo_s43_anneal_linear,scale,6.818181818181818,107.27272727272728,798.4291807439346,355,rolled,917.0158833171331,0.1485250106499184,True,True,1.0009662468787506,1,467.8966561643965,189.48594448013807,19.206689537305277,9.620702493058472,355.0,rolled,1.0,True,scale,0.9363136291503906,40,18,58,0.04456186294555664,0.0011475086212158203,0.04570937156677246
e5_ppo_s43_anneal_linear,scale,6.818181818181818,118.18181818181816,852.2289524013323,460,rolled,967.5216784642679,0.13528374709410462,True,True,1.0009633116553665,1,489.85116412803495,191.74780078394932,19.75420494310153,9.911418579490626,355.0,rolled,0.0,True,scale,0.9253501892089844,40,18,58,0.04571938514709473,0.0010464191436767578,0.046765804290771484
e5_ppo_s43_anneal_linear,scale,6.818181818181818,129.0909090909091,896.311601431932,355,rolled,1014.0661941127357,0.13137684761937815,True,True,1.0009990294399604,1,509.0005484850376,195.08516458541098,20.2065045868053,10.103504298530593,355.0,rolled,1.0,True,scale,0.9253501892089844,40,18,58,0.04503440856933594,0.001065969467163086,0.04610037803649902
e5_ppo_s43_anneal_linear,scale,6.818181818181818,140.0,931.1411275891702,355,rolled,1112.1479304622308,0.19439244762145527,True,True,1.000968344610201,1,567.186654592403,191.7272626995331,18.00056324041996,13.058375726918248,355.0,rolled,1.0,True,scale,0.9504013061523438,40,18,58,0.04483962059020996,0.0010809898376464844,0.045920610427856445
e5_ppo_s43_anneal_linear,scale,7.636363636363637,20.0,409.6201332461394,355,rolled,500.00460352673974,0.22065436472647357,True,True,1.0009845239254942,1,298.4837593681079,135.06111894539188,12.45274296600585,8.009934125493157,355.0,rolled,1.0,True,scale,0.7815208435058594,40,18,58,0.05129361152648926,0.0016758441925048828,0.05296945571899414
e5_ppo_s43_anneal_linear,scale,7.636363636363637,30.909090909090907,501.774525145321,355,rolled,619.0989850078331,0.23381908403686558,True,True,1.0009669891944721,1,334.98477016160626,152.1743419538927,14.191953292119097,8.346213482676937,355.0,rolled,1.0,True,scale,0.8390960693359375,40,18,58,0.05339384078979492,0.0011076927185058594,0.05450153350830078
e5_ppo_s43_anneal_linear,scale,7.636363636363637,41.81818181818181,593.9298338756057,355,rolled,721.9953009960597,0.2156239000233087,True,True,1.000973480161346,1,366.08640119679285,164.66679121888083,15.602879080997203,8.608726949776173,355.0,rolled,1.0,True,scale,0.8742294311523438,40,18,58,0.04328608512878418,0.0009503364562988281,0.04423642158508301
e5_ppo_s43_anneal_linear,scale,7.636363636363637,52.72727272727273,675.9362632758116,355,rolled,814.5312346132034,0.20504147930415004,True,True,1.0009855171139457,1,395.4293943320537,174.36443037378646,16.721360482942877,8.890690842374672,355.0,rolled,1.0,True,scale,0.8969345092773438,40,18,58,0.04478573799133301,0.0010058879852294922,0.0457916259765625
e5_ppo_s43_anneal_linear,scale,7.636363636363637,63.63636363636363,779.5020738899598,355,rolled,897.621025639918,0.15153128606894864,True,True,1.0009826657806173,1,422.7672310830051,182.62482293688686,17.63179662034543,9.116461355765633,355.0,rolled,1.0,True,scale,0.9159088134765625,40,18,58,0.04304075241088867,0.0010445117950439453,0.04408526420593262
e5_ppo_s43_anneal_linear,scale,7.636363636363637,74.54545454545453,846.6406079690952,355,rolled,975.0120171138744,0.1516244412758727,True,True,1.0009574062105022,1,449.638046524238,189.1445059153339,18.414701918702324,9.366113353149558,355.0,rolled,1.0,True,scale,0.9258537292480469,40,18,58,0.04358983039855957,0.001007080078125,0.04459691047668457
e5_ppo_s43_anneal_linear,scale,7.636363636363637,85.45454545454545,921.2774310054268,355,rolled,1046.9601645957184,0.13642224302958234,True,True,1.00095754020309,1,475.2203055783949,194.7079686811293,19.107669862249182,9.590309056049435,355.0,rolled,1.0,True,scale,0.9317703247070312,40,18,58,0.04543757438659668,0.0009610652923583984,0.04639863967895508
e5_ppo_s43_anneal_linear,scale,7.636363636363637,96.36363636363636,990.3158107657674,355,rolled,1119.2186572625842,0.13016337323458657,True,True,1.0009788941030295,1,501.7697931989959,197.731905862213,19.835782183418928,9.933623250076296,355.0,rolled,1.0,True,scale,0.9240913391113281,40,18,58,0.04334616661071777,0.0010576248168945312,0.044403791427612305
e5_ppo_s43_anneal_linear,scale,7.636363636363637,107.27272727272728,1055.0870687226268,355,rolled,1188.6353615231958,0.12657561329251557,True,True,1.0009718140338033,1,525.12722853383,201.2498580348666,20.465202423645525,10.26159742525625,355.0,rolled,1.0,True,scale,0.9218597412109375,40,18,58,0.04397106170654297,0.0009593963623046875,0.044930458068847656
e5_ppo_s43_anneal_linear,scale,7.636363636363637,118.18181818181816,1088.4839809208006,355,rolled,1256.0398164980277,0.1539350495865668,True,True,1.0009840890548807,1,505.4996484023842,202.55399114990834,19.429052016715527,9.818520255196722,460.0,rolled,0.0,True,scale,0.926300048828125,40,18,58,0.04413628578186035,0.0011179447174072266,0.04525423049926758
e5_ppo_s43_anneal_linear,scale,7.636363636363637,129.0909090909091,1173.7978050697595,355,rolled,1312.9452540624386,0.11854464916503184,True,True,1.0009619761468629,1,565.9013995537498,209.77986446251757,21.40971522324315,10.714025313724441,355.0,rolled,1.0,True,scale,0.9239425659179688,40,18,58,0.04441237449645996,0.001062631607055664,0.045475006103515625
e5_ppo_s43_anneal_linear,scale,7.636363636363637,140.0,1251.7374258469372,355,rolled,1368.597311685879,0.09335814638591107,True,True,1.0009708441020706,1,577.0817466870227,219.33399276408775,21.415563024983893,10.876817371424414,355.0,rolled,1.0,True,scale,0.9693984985351562,40,18,58,0.04463768005371094,0.0009708404541015625,0.0456085205078125
e5_ppo_s43_anneal_linear,scale,8.454545454545455,20.0,516.1523336674153,355,rolled,629.584784154383,0.2197654511818178,True,True,1.0009611331620836,1,327.24315526891553,146.73584410722282,13.17420810052532,8.147659589569502,355.0,rolled,1.0,True,scale,0.8058280944824219,40,18,58,0.04512643814086914,0.0011522769927978516,0.04627871513366699
e5_ppo_s43_anneal_linear,scale,8.454545454545455,30.909090909090907,633.218032838701,355,rolled,777.7222681975607,0.22820612784991404,True,True,1.000956347624945,1,366.9954509668766,164.5730260231911,15.062210419902716,8.450499707874124,355.0,rolled,1.0,True,scale,0.8584136962890625,40,18,58,0.04432940483093262,0.000995635986328125,0.04532504081726074
e5_ppo_s43_anneal_linear,scale,8.454545454545455,41.81818181818181,757.3789000305048,355,rolled,906.1884481238114,0.19647965910763163,True,True,1.000990481607227,1,402.4464726025101,177.54909125358643,16.499377767750797,8.755357598765036,355.0,rolled,1.0,True,scale,0.8897705078125,40,18,58,0.04492807388305664,0.0009567737579345703,0.04588484764099121
e5_ppo_s43_anneal_linear,scale,8.454545454545455,52.72727272727273,897.7427828478864,355,rolled,1020.0869055403456,0.1362797062030954,True,True,1.0009710027545315,1,435.15177441276,188.04022648943032,17.612280935754914,9.033832453943948,355.0,rolled,1.0,True,scale,0.9131278991699219,40,18,58,0.044231414794921875,0.001115560531616211,0.045346975326538086
e5_ppo_s43_anneal_linear,scale,8.454545454545455,63.63636363636363,969.5859503873623,355,rolled,1123.3676694797766,0.1586055563521485,True,True,1.0009694802293518,1,465.67161089736453,196.77763225305202,18.529028801413112,9.28745566731366,355.0,rolled,1.0,True,scale,0.9299964904785156,40,18,58,0.04414844512939453,0.0010552406311035156,0.04520368576049805
e5_ppo_s43_anneal_linear,scale,8.454545454545455,74.54545454545453,1093.1775012217977,355,rolled,1264.7490525764676,0.15694756904794674,True,True,1.0009620155267795,1,458.3855133603341,199.2139435994915,18.253227370497935,9.60677669121218,460.0,rolled,0.0,True,scale,0.918426513671875,40,18,58,0.044834136962890625,0.0010180473327636719,0.0458521842956543
e5_ppo_s43_anneal_linear,scale,8.454545454545455,85.45454545454545,1181.2789978646645,355,rolled,1352.2848101253514,0.1447632714793077,True,True,1.0009859148283864,1,480.8653008552451,205.47124542521996,18.970231797948532,9.739074381408148,460.0,rolled,0.0,True,scale,0.9249496459960938,40,18,58,0.04407382011413574,0.0011234283447265625,0.045197248458862305
e5_ppo_s43_anneal_linear,scale,8.454545454545455,96.36363636363636,1257.923897819336,355,rolled,1404.7412429330675,0.11671401216579605,True,True,1.0009739274689604,1,541.8804169600508,218.63274016401914,20.4368693456275,10.299574090461194,355.0,rolled,1.0,True,scale,0.9775466918945312,40,18,58,0.045430898666381836,0.0010654926300048828,0.04649639129638672
e5_ppo_s43_anneal_linear,scale,8.454545454545455,107.27272727272728,1345.9822136266182,460,rolled,1493.7350741777464,0.10977326375882965,True,True,1.0009966807159376,1,568.6040188885098,221.62699201685035,21.109968076904334,10.700291491526771,355.0,rolled,0.0,True,scale,0.9677505493164062,40,18,58,0.04807138442993164,0.0010836124420166016,0.04915499687194824
e5_ppo_s43_anneal_linear,scale,8.454545454545455,118.18181818181816,1418.3994702060834,355,rolled,1603.5674055980905,0.13054709853008023,True,True,1.0009868022986352,1,553.5630739684167,216.34223009304742,20.74621856512015,10.512133580768701,460.0,rolled,0.0,True,scale,0.924102783203125,40,18,58,0.058440446853637695,0.001207113265991211,0.059647560119628906
e5_ppo_s43_anneal_linear,scale,8.454545454545455,129.0909090909091,1503.943042662674,355,rolled,1651.4484513996138,0.09807911905745242,True,True,1.0009866457600864,1,618.7742736017101,227.50251337017613,22.265152952143477,11.217232685262637,355.0,rolled,1.0,True,scale,0.9389114379882812,40,18,58,0.04521751403808594,0.001001119613647461,0.0462186336517334
e5_ppo_s43_anneal_linear,scale,8.454545454545455,140.0,1589.050557323039,355,rolled,1725.9574254066745,0.08615639537251281,True,True,1.0009645890137189,1,642.0994678156471,230.67096686369368,22.68990237547857,11.482903488049804,355.0,rolled,1.0,True,scale,0.9133224487304688,40,18,58,0.044664859771728516,0.0011057853698730469,0.04577064514160156
e5_ppo_s43_anneal_linear,scale,9.272727272727272,20.0,633.3700898588271,355,rolled,774.6908452224196,0.2231250853590067,True,True,1.000958572863216,1,356.2842123503125,157.6235864204163,13.962563218227356,8.181219928210636,355.0,rolled,1.0,True,scale,0.8249855041503906,40,18,58,0.04575967788696289,0.0011570453643798828,0.04691672325134277
e5_ppo_s43_anneal_linear,scale,9.272727272727272,30.909090909090907,801.8071464602682,355,rolled,954.2879242098783,0.19017138774924341,True,True,1.0009823946848804,1,399.7861232965695,176.7608680729761,15.87389096606236,8.476005642755934,355.0,rolled,1.0,True,scale,0.87640380859375,40,18,58,0.04601573944091797,0.0011174678802490234,0.04713320732116699
e5_ppo_s43_anneal_linear,scale,9.272727272727272,41.81818181818181,962.5021253931346,355,rolled,1111.5219492130045,0.15482544909602422,True,True,1.0009611133716796,1,439.7369022776336,190.15248300743642,17.34053119272995,8.826397032433219,355.0,rolled,1.0,True,scale,0.9048538208007812,40,18,58,0.0459287166595459,0.001199960708618164,0.04712867736816406
e5_ppo_s43_anneal_linear,scale,9.272727272727272,52.72727272727273,1070.6846994207378,355,rolled,1478.2834743904214,0.38068982884522656,True,True,1.0009733405608998,1,477.2200660747582,201.7806423556188,18.358426693437554,9.0093150338592,355.0,rolled,1.0,True,scale,0.9313583374023438,40,18,58,0.044977664947509766,0.0010743141174316406,0.046051979064941406
e5_ppo_s43_anneal_linear,scale,9.272727272727272,63.63636363636363,1216.7126656588257,355,rolled,1438.6831777750274,0.18243461943088188,True,True,1.0009790549780009,1,515.520071846229,211.66887788577566,18.199987997101253,11.39274790756773,355.0,rolled,1.0,True,scale,0.9311065673828125,40,18,58,0.04560422897338867,0.0010590553283691406,0.04666328430175781
e5_ppo_s43_anneal_linear,scale,9.272727272727272,74.54545454545453,1356.4151141978043,355,rolled,1517.2803060286083,0.11859584145517357,True,True,1.0009981079524775,1,537.9632404813082,218.22322438699544,20.1206422224198,10.248248693869895,355.0,rolled,1.0,True,scale,0.9596023559570312,40,18,58,0.04585456848144531,0.0010249614715576172,0.04687952995300293
e5_ppo_s43_anneal_linear,scale,9.272727272727272,85.45454545454545,1422.5235716023028,355,rolled,1898.8540489490802,0.3348489169921086,True,True,1.0009907723445626,1,565.9513352417315,226.64019572294714,20.948546769561183,9.767450849279319,355.0,rolled,1.0,True,scale,0.9639053344726562,40,18,58,0.04508090019226074,0.0010654926300048828,0.046146392822265625
e5_ppo_s43_anneal_linear,scale,9.272727272727272,96.36363636363636,1530.0841209322955,355,rolled,2027.4746634698752,0.32507398497444356,True,True,1.0009643087167626,1,590.5794551514904,232.67445426804775,21.747692221834363,10.023840675849845,355.0,rolled,1.0,True,scale,0.9677047729492188,40,18,58,0.04570889472961426,0.0009555816650390625,0.04666447639465332
e5_ppo_s43_anneal_linear,scale,9.272727272727272,107.27272727272728,1647.0835657255905,355,rolled,2151.8346065987134,0.30645138557421325,True,True,1.0009708127176333,1,610.607841549099,238.8624752370682,22.552996587730437,10.233629659723292,355.0,rolled,1.0,True,scale,0.9725799560546875,40,18,58,0.04381442070007324,0.0010266304016113281,0.04484105110168457
e5_ppo_s43_anneal_linear,scale,9.272727272727272,118.18181818181816,1794.0191544704012,355,rolled,1948.537860723673,0.08612990885199669,True,True,1.0009717407969285,1,639.7212828076301,241.46353904824804,22.801474870881226,11.473647005652978,355.0,rolled,1.0,True,scale,0.9154624938964844,40,18,58,0.04417872428894043,0.0010571479797363281,0.04523587226867676
e5_ppo_s43_anneal_linear,scale,9.272727272727272,129.0909090909091,1876.6125693849333,355,rolled,2386.801731156382,0.27186707053692244,True,True,1.0009992273190613,1,649.632093039339,248.6704965682136,24.089439669714633,10.622585728343095,355.0,rolled,1.0,True,scale,0.973541259765625,40,18,58,0.045728206634521484,0.0010623931884765625,0.04679059982299805
e5_ppo_s43_anneal_linear,scale,9.272727272727272,140.0,1975.8458780810136,355,rolled,2495.1612835488563,0.2628319400965695,True,True,1.0009748489882841,1,667.439026713671,253.38871086515124,24.792247860606473,10.74601722425667,355.0,rolled,1.0,True,scale,0.9746627807617188,40,18,58,0.04365229606628418,0.001119852066040039,0.04477214813232422
e5_ppo_s43_anneal_linear,scale,10.09090909090909,20.0,771.2799576046779,355,rolled,934.8912902232722,0.2121296307591256,True,True,1.0009822714706516,1,385.821601404593,168.3649283586906,14.709098636304448,8.157182715087488,355.0,rolled,1.0,True,scale,0.842987060546875,40,18,58,0.04449009895324707,0.001149892807006836,0.045639991760253906
e5_ppo_s43_anneal_linear,scale,10.09090909090909,30.909090909090907,964.7090665866748,355,rolled,1149.9919612103977,0.1920609031687545,True,True,1.000998783176146,1,433.66200935652773,188.42325295345228,16.664591750168714,8.464803528688556,355.0,rolled,1.0,True,scale,0.8912582397460938,40,18,58,0.04596662521362305,0.0011644363403320312,0.04713106155395508
e5_ppo_s43_anneal_linear,scale,10.09090909090909,41.81818181818181,1147.2574547707825,355,rolled,1583.244077904752,0.38002509490869063,True,True,1.000974318374181,1,479.1738104553289,202.92715881566951,18.050233732715366,8.737699125954178,355.0,rolled,1.0,True,scale,0.9217681884765625,40,18,58,0.0465390682220459,0.0011239051818847656,0.047662973403930664
e5_ppo_s43_anneal_linear,scale,10.09090909090909,52.72727272727273,1318.1429375417918,355,rolled,1528.5039352940598,0.15958891237134787,True,True,1.000972835228731,1,512.6647089185001,214.760397246208,19.204927133574515,9.704092924945886,355.0,rolled,1.0,True,scale,0.9462013244628906,40,18,58,0.052349090576171875,0.0010976791381835938,0.05344676971435547
e5_ppo_s43_anneal_linear,scale,10.09090909090909,63.63636363636363,1473.4968374975142,355,rolled,1962.2176773079104,0.33167416948135847,True,True,1.0009946106863057,1,548.9029747937117,225.3957010098782,20.246724301269214,9.343608821731348,355.0,rolled,1.0,True,scale,0.9554710388183594,40,18,58,0.04524636268615723,0.0010709762573242188,0.046317338943481445
e5_ppo_s43_anneal_linear,scale,10.09090909090909,74.54545454545453,1593.8205978972342,355,rolled,2136.8270599981993,0.34069484534041444,True,True,1.0009706680571386,1,576.6161500548324,234.36422543583097,21.248781335308312,9.646572786114744,355.0,rolled,1.0,True,scale,0.9650039672851562,40,18,58,0.05789542198181152,0.0016450881958007812,0.059540510177612305
e5_ppo_s43_anneal_linear,scale,10.09090909090909,85.45454545454545,1744.078619322344,355,rolled,2065.3553072144177,0.1842099801767565,True,True,1.000995001265301,1,643.8101732271205,251.56073854796716,17.374257972189824,14.15854316730767,355.0,rolled,1.0,True,scale,0.9256820678710938,40,18,58,0.045472145080566406,0.0010945796966552734,0.04656672477722168
e5_ppo_s43_anneal_linear,scale,10.09090909090909,96.36363636363636,1930.113776773892,355,rolled,2093.1504052399673,0.08446995738177912,True,True,1.0009908633422706,1,665.4411405643534,239.4617401421977,22.29427551056205,11.147940272703583,355.0,rolled,1.0,True,scale,0.9354438781738281,40,18,58,0.045539140701293945,0.0010836124420166016,0.04662275314331055
e5_ppo_s43_anneal_linear,scale,10.09090909090909,107.27272727272728,2067.605711285596,355,rolled,2217.2813240449414,0.07239079092419415,True,True,1.0009622639190818,1,690.1599841158773,246.18982473220046,22.869314049989466,11.454841204357663,355.0,rolled,1.0,True,scale,0.9360733032226562,40,18,58,0.04611682891845703,0.0010914802551269531,0.047208309173583984
e5_ppo_s43_anneal_linear,scale,10.09090909090909,118.18181818181816,2170.353625378734,355,rolled,2355.6826750254777,0.08539117657123887,True,True,1.000972372741342,1,712.8610610961914,251.00256937878407,23.53866593299071,11.99973487674447,355.0,rolled,1.0,True,scale,0.9504814147949219,40,18,58,0.047545671463012695,0.0010006427764892578,0.04854631423950195
e5_ppo_s43_anneal_linear,scale,10.09090909090909,129.0909090909091,2307.5736162550616,355,rolled,2908.368631360494,0.26035789752201133,True,True,1.000964130762496,1,715.0583697201821,257.4610801401982,25.30230814963949,11.347954520989822,355.0,rolled,1.0,True,scale,0.9679222106933594,40,18,58,0.04500985145568848,0.0012145042419433594,0.046224355697631836
e5_ppo_s43_anneal_linear,scale,10.09090909090909,140.0,2443.406284429296,355,rolled,3041.7732093108752,0.24489047470111544,True,True,1.0009956867201588,2,719.4028286163613,265.28137999860996,26.41699125460349,11.246427289717053,355.0,rolled,1.0,True,scale,0.96026611328125,40,18,58,0.0497584342956543,0.001119852066040039,0.050878286361694336
e5_ppo_s43_anneal_linear,scale,10.90909090909091,20.0,939.0466900997784,355,rolled,1110.4884331791418,0.1825699881452613,True,True,1.0009903319142666,1,415.4477800327997,178.81270284534085,15.454241511529952,8.086366257204157,355.0,rolled,1.0,True,scale,0.8571434020996094,40,18,58,0.04599165916442871,0.001050710678100586,0.0470423698425293
e5_ppo_s43_anneal_linear,scale,10.90909090909091,30.909090909090907,1197.1649157491154,355,rolled,1389.0195514285615,0.16025748262042475,True,True,1.0009913716279604,1,463.9888385763392,200.33353485482107,17.351387175840514,8.96927256566562,355.0,rolled,1.0,True,scale,0.910003662109375,40,18,58,0.04756760597229004,0.0011391639709472656,0.048706769943237305
e5_ppo_s43_anneal_linear,scale,10.90909090909091,41.81818181818181,1403.509472950396,355,rolled,1876.8616373089867,0.33726324865020724,True,True,1.0009774153515167,1,513.590416980788,216.06475458301568,18.840537986248552,8.692157864341628,355.0,rolled,1.0,True,scale,0.9330177307128906,40,18,58,0.04721236228942871,0.0010802745819091797,0.04829263687133789
e5_ppo_s43_anneal_linear,scale,10.90909090909091,52.72727272727273,1588.7457907355176,355,rolled,2115.7269908514277,0.3316963627465798,True,True,1.0009856141156397,1,548.7507756307741,229.4945992260174,20.13207244322494,9.047356443947583,355.0,rolled,1.0,True,scale,0.9514312744140625,40,18,58,0.04684734344482422,0.001161336898803711,0.04800868034362793
e5_ppo_s43_anneal_linear,scale,10.90909090909091,63.63636363636363,1789.9941201560932,355,rolled,2346.859749007197,0.311099138584066,True,True,1.0009673135771953,1,582.8757413269684,239.20601418779717,21.346657199003634,9.516067115005189,355.0,rolled,1.0,True,scale,0.9596023559570312,40,18,58,0.04573774337768555,0.0011508464813232422,0.04688858985900879
e5_ppo_s43_anneal_linear,scale,10.90909090909091,74.54545454545453,1942.2808212955651,355,rolled,2205.9589075023246,0.13575693242487843,True,True,1.0009975495525667,1,661.1036122962748,236.00926083647784,21.748742675802582,11.156147049897372,355.0,rolled,1.0,True,scale,0.9429512023925781,40,18,58,0.049379587173461914,0.0010988712310791016,0.050478458404541016
e5_ppo_s43_anneal_linear,scale,10.90909090909091,85.45454545454545,2177.190622234541,355,rolled,2368.212961359834,0.08773799463146634,True,True,1.0009853108239046,1,695.2250487313578,242.74032420962595,22.579709945281348,11.46924862334631,355.0,rolled,1.0,True,scale,0.9467849731445312,40,18,58,0.046118736267089844,0.001207590103149414,0.04732632637023926
e5_ppo_s43_anneal_linear,scale,10.90909090909091,96.36363636363636,2344.698716886334,355,rolled,2539.3123012238543,0.08300153147008991,True,True,1.000973160254917,1,713.2730484008789,251.71142188448886,23.362237063281135,11.983141090868036,355.0,rolled,1.0,True,scale,0.9510307312011719,40,18,58,0.04590201377868652,0.0010693073272705078,0.04697132110595703
e5_ppo_s43_anneal_linear,scale,10.90909090909091,107.27272727272728,2499.121791022924,355,rolled,2685.7009570629516,0.07465789250857535,True,True,1.0009634964900536,1,710.3548049926758,268.28530423572596,23.859884941648794,12.200369721744249,355.0,rolled,1.0,True,scale,0.9471397399902344,40,18,58,0.04675030708312988,0.0010733604431152344,0.04782366752624512
e5_ppo_s43_anneal_linear,scale,10.90909090909091,118.18181818181816,2669.547168301596,355,rolled,2975.7993868522553,0.11472066206101225,True,True,1.0009879162199864,1,689.9528503417969,275.98114013671875,25.94250172610837,13.828844541133119,355.0,rolled,1.0,True,scale,0.9199371337890625,40,18,58,0.04863929748535156,0.0014438629150390625,0.050083160400390625
e5_ppo_s43_anneal_linear,scale,10.90909090909091,129.0909090909091,2855.841135487434,355,rolled,3286.7160162241967,0.15087494727301115,True,True,1.000973854540126,1,721.7960357666016,288.7184143066406,23.564110885830306,17.718735934499566,355.0,rolled,1.0,True,scale,0.9623947143554688,40,18,58,0.04760313034057617,0.0011935234069824219,0.048796653747558594
e5_ppo_s43_anneal_linear,scale,10.90909090909091,140.0,3078.8301843712,460,rolled,3383.820494345164,0.09906045209058947,True,True,1.0009676045237685,1,701.9948959350586,280.79795837402344,29.6965586763178,14.99959945784235,355.0,rolled,0.0,True,scale,0.9359931945800781,40,18,58,0.04569673538208008,0.0010859966278076172,0.046782732009887695
e5_ppo_s43_anneal_linear,scale,11.727272727272728,20.0,1117.8784812198996,355,rolled,1325.558483905167,0.18578048166615901,True,True,1.0009727223276672,1,440.18962087709,189.95606384261478,16.0705012697415,8.539086898697144,355.0,rolled,1.0,True,scale,0.8765182495117188,40,18,58,0.05977296829223633,0.0011241436004638672,0.060897111892700195
e5_ppo_s43_anneal_linear,scale,11.727272727272728,30.909090909090907,1399.1707585826318,355,rolled,1665.9606967157192,0.19067718253585228,True,True,1.000975697200102,1,544.7483819292038,199.38323914971653,18.326205658932302,9.337805206906056,355.0,rolled,1.0,True,scale,0.8799629211425781,40,18,58,0.04582381248474121,0.0010514259338378906,0.0468752384185791
e5_ppo_s43_anneal_linear,scale,11.727272727272728,41.81818181818181,1658.320920880548,355,rolled,1932.5112281497866,0.16534212637421639,True,True,1.00095611187671,1,592.3849755546033,216.33128000296168,19.54998481108997,9.980730690600383,355.0,rolled,1.0,True,scale,0.9074859619140625,40,18,58,0.046929359436035156,0.001065969467163086,0.04799532890319824
e5_ppo_s43_anneal_linear,scale,11.727272727272728,52.72727272727273,1896.895430152976,355,rolled,2165.6454656938104,0.14167888818160157,True,True,1.0009634235717142,1,630.3781770169946,230.77910755601525,20.61102691846141,10.445709760593294,355.0,rolled,1.0,True,scale,0.9451828002929688,40,18,58,0.0477752685546875,0.0011777877807617188,0.04895305633544922
e5_ppo_s43_anneal_linear,scale,11.727272727272728,63.63636363636363,2122.483987052358,355,rolled,2368.359148478072,0.11584311727466928,True,True,1.0009857337521761,2,680.8838641177405,241.07690141542264,21.2709130109485,10.774821288261418,355.0,rolled,1.0,True,scale,0.9648208618164062,40,18,58,0.047544240951538086,0.0012013912200927734,0.04874563217163086
e5_ppo_s43_anneal_linear,scale,11.727272727272728,74.54545454545453,2414.680044837911,355,rolled,2630.959979584852,0.08956877546128868,True,True,1.000991375386753,1,706.3565098527255,247.1836845228014,22.84064514633609,11.718294337003531,355.0,rolled,1.0,True,scale,0.9493026733398438,40,18,58,0.04643535614013672,0.0010991096496582031,0.04753446578979492
e5_ppo_s43_anneal_linear,scale,11.727272727272728,85.45454545454545,2607.2244497923484,355,rolled,2828.086409935787,0.08471152537750591,True,True,1.0009627858917052,1,711.0757827758789,263.6074321720109,23.448230556929442,12.191752686539292,355.0,rolled,1.0,True,scale,0.9481010437011719,40,18,58,0.04969358444213867,0.0010652542114257812,0.05075883865356445
e5_ppo_s43_anneal_linear,scale,11.727272727272728,96.36363636363636,2809.399526814627,460,rolled,3501.5720351436617,0.2463773848192531,True,True,1.000981589795017,2,713.994026184082,271.6629503312118,25.960805043983083,10.880352813865128,355.0,rolled,0.0,True,scale,0.9519920349121094,40,18,58,0.04621148109436035,0.0012426376342773438,0.047454118728637695
e5_ppo_s43_anneal_linear,scale,11.727272727272728,107.27272727272728,3054.1802093068686,355,rolled,3466.902126799477,0.1351334529098641,True,True,1.0009943414244722,1,693.6264038085938,277.4505615234375,27.662204814477448,15.245892784775098,355.0,rolled,1.0,True,scale,0.924835205078125,40,18,58,0.04625868797302246,0.0011534690856933594,0.04741215705871582
e5_ppo_s43_anneal_linear,scale,11.727272727272728,118.18181818181816,3357.8991517305085,355,rolled,3617.873771629986,0.07742180695495232,True,True,1.0009876585967306,1,709.9599838256836,283.98399353027344,29.153295516730545,14.755292964953155,355.0,rolled,1.0,True,scale,0.9466133117675781,40,18,58,0.04608583450317383,0.0011248588562011719,0.047210693359375
e5_ppo_s43_anneal_linear,scale,11.727272727272728,129.0909090909091,3564.383823711408,460,rolled,3982.4438445453684,0.11728816017312535,True,True,1.0009759047089968,1,701.5056610107422,280.6022644042969,32.73693084716797,16.412450399953645,355.0,rolled,0.0,True,scale,0.9353408813476562,40,18,58,0.04535198211669922,0.0011551380157470703,0.04650712013244629
e5_ppo_s43_anneal_linear,scale,11.727272727272728,140.0,3755.070343632353,460,rolled,4470.9162635327175,0.1906344900074263,True,True,1.000973425262026,1,712.7838134765625,285.113525390625,32.274568940051765,21.506056060836006,355.0,rolled,0.0,True,scale,0.95037841796875,40,18,58,0.0465703010559082,0.001102447509765625,0.04767274856567383
e5_ppo_s43_anneal_linear,scale,12.545454545454549,20.0,1307.1994834284806,355,rolled,1562.66767796038,0.1954316825935898,True,True,1.0009612036417808,1,528.621316268335,189.75132515321724,16.70514985378335,8.53811206936676,355.0,rolled,1.0,True,scale,0.8501052856445312,40,18,58,0.0463712215423584,0.0010564327239990234,0.04742765426635742
e5_ppo_s43_anneal_linear,scale,12.545454545454549,30.909090909090907,1673.5520688887286,355,rolled,1916.7304531851742,0.14530673339486877,True,True,1.0009810365634528,1,584.3368097259821,214.8371636993659,18.228014645064118,9.363565979364752,355.0,rolled,1.0,True,scale,0.9138946533203125,40,18,58,0.04725193977355957,0.0012311935424804688,0.04848313331604004
e5_ppo_s43_anneal_linear,scale,12.545454545454549,41.81818181818181,1957.4303873162305,355,rolled,2264.7668932886627,0.1570101843538923,True,True,1.0009707006615303,1,655.1664003402238,227.90834065824686,19.44012575638936,10.473628181496661,355.0,rolled,1.0,True,scale,0.9342079162597656,40,18,58,0.04752540588378906,0.0010776519775390625,0.048603057861328125
e5_ppo_s43_anneal_linear,scale,12.545454545454549,52.72727272727273,2222.5772160497027,355,rolled,2508.093158356179,0.1284616526457237,True,True,1.0009923680424755,1,669.6865558624268,247.63926020342248,20.716991631704385,10.665680808484213,355.0,rolled,1.0,True,scale,0.9333610534667969,40,18,58,0.046280622482299805,0.0010628700256347656,0.04734349250793457
e5_ppo_s43_anneal_linear,scale,12.545454545454549,63.63636363636363,2552.3230156844406,355,rolled,2832.509476402733,0.10977703801458553,True,True,1.0009772395276741,1,705.9475321283063,251.3470397496193,22.958916617438394,11.535895277058197,355.0,rolled,1.0,True,scale,0.9419441223144531,40,18,58,0.05230069160461426,0.0011394023895263672,0.053440093994140625
e5_ppo_s43_anneal_linear,scale,12.545454545454549,74.54545454545453,2864.0220557743514,355,rolled,3220.9172974051166,0.12461330069410752,True,True,1.0009828555786235,1,681.1013279510147,282.1681525035013,22.352536680145295,14.405605494880081,355.0,rolled,1.0,True,scale,0.9859123229980469,40,18,58,0.04706311225891113,0.001058816909790039,0.04812192916870117
e5_ppo_s43_anneal_linear,scale,12.545454545454549,85.45454545454545,3136.2352005841685,355,rolled,3864.19234564175,0.23211178323678944,True,True,1.000964630463907,2,710.3719711303711,277.22362416477296,26.88647410724334,10.774809547838377,355.0,rolled,1.0,True,scale,0.9471626281738281,40,18,58,0.04635143280029297,0.001134634017944336,0.047486066818237305
e5_ppo_s43_anneal_linear,scale,12.545454545454549,96.36363636363636,3474.753399293351,355,rolled,3768.571233428961,0.08455789530139403,True,True,1.000964084837727,1,708.3120346069336,283.32481384277344,28.369206516001253,14.442308677638948,355.0,rolled,1.0,True,scale,0.9444160461425781,40,18,58,0.05702495574951172,0.0019791126251220703,0.05900406837463379
e5_ppo_s43_anneal_linear,scale,12.545454545454549,107.27272727272728,3810.945853911128,460,rolled,4147.810782371442,0.08839404740284973,True,True,1.0009895155412205,1,711.8825912475586,284.75303649902344,30.959074538133866,16.029986227532195,355.0,rolled,0.0,True,scale,0.9491767883300781,40,18,58,0.04629659652709961,0.0010693073272705078,0.04736590385437012
e5_ppo_s43_anneal_linear,scale,12.545454545454549,118.18181818181816,4051.8868674716473,460,rolled,4844.08949191239,0.19551449740625967,True,True,1.0009848422770773,1,706.578254699707,282.6313018798828,32.80344962811769,22.179534445065915,355.0,rolled,0.0,True,scale,0.9421043395996094,40,18,58,0.04458785057067871,0.0010526180267333984,0.04564046859741211
e5_ppo_s43_anneal_linear,scale,12.545454545454549,129.0909090909091,4389.083655555064,460,rolled,4968.177218890477,0.13193951375305424,True,True,1.0009722425273553,1,736.6447448730469,294.65789794921875,32.54098088888175,21.47418090654896,355.0,rolled,0.0,True,scale,0.9821929931640625,40,18,58,0.047762155532836914,0.0011942386627197266,0.04895639419555664
e5_ppo_s43_anneal_linear,scale,12.545454545454549,140.0,4731.036754406592,460,rolled,5434.518617836788,0.14869507466306556,True,True,1.0009759055911267,1,737.5802993774414,295.03211975097656,34.420413970947266,24.586009979248047,355.0,rolled,0.0,True,scale,0.9834403991699219,40,18,58,0.04580378532409668,0.0010628700256347656,0.046866655349731445
e5_ppo_s43_anneal_linear,scale,13.363636363636363,20.0,1553.9456704912225,355,rolled,1795.92261143262,0.15571776126825942,True,True,1.0009505329405355,1,543.286058079781,205.18293901214741,16.89385208691873,8.771366225093733,355.0,rolled,1.0,True,scale,0.8906288146972656,40,18,58,0.04629874229431152,0.0010693073272705078,0.04736804962158203
e5_ppo_s43_anneal_linear,scale,13.363636363636363,30.909090909090907,2055.764041961098,355,rolled,2215.4879864758313,0.0776956602287705,True,True,1.0009724493037486,2,613.1985490650736,227.0497152999324,18.893339550662855,9.533814065004346,355.0,rolled,1.0,True,scale,0.9299507141113281,40,18,58,0.04513049125671387,0.0011076927185058594,0.04623818397521973
e5_ppo_s43_anneal_linear,scale,13.363636363636363,41.81818181818181,2295.1327804460216,355,rolled,2613.768241552867,0.13883094861506176,True,True,1.00099987285895,2,675.3893516475871,241.67822158717814,20.40730665660042,10.605302890784662,355.0,rolled,1.0,True,scale,0.9469566345214844,40,18,58,0.04530787467956543,0.0010025501251220703,0.0463104248046875
e5_ppo_s43_anneal_linear,scale,13.363636363636363,52.72727272727273,2698.233573079863,355,rolled,2982.437384194859,0.10532958078591959,True,True,1.0009896242486735,1,699.488639831543,253.40308990831838,22.678801664474776,11.374860738402052,355.0,rolled,1.0,True,scale,0.9326515197753906,40,18,58,0.04483819007873535,0.0010628700256347656,0.04590106010437012
e5_ppo_s43_anneal_linear,scale,13.363636363636363,63.63636363636363,3099.504449257762,355,rolled,3296.0560324918592,0.06341387355684075,True,True,1.0009919894402735,1,696.3815689086914,275.88424667127987,23.742269427601816,12.059263650039215,355.0,rolled,1.0,True,scale,0.9285087585449219,40,18,58,0.04454493522644043,0.0009648799896240234,0.04550981521606445
e5_ppo_s43_anneal_linear,scale,13.363636363636363,74.54545454545453,3409.0278837627866,355,rolled,3902.489565739631,0.14475143612852343,True,True,1.0009962766612566,1,679.3785095214844,271.75140380859375,28.69323943602166,14.760037250724382,355.0,rolled,1.0,True,scale,0.9058380126953125,40,18,58,0.04641294479370117,0.0010514259338378906,0.04746437072753906
e5_ppo_s43_anneal_linear,scale,13.363636363636363,85.45454545454545,3859.8972334468967,355,rolled,4156.020994839733,0.07671804286053423,True,True,1.0009891280889802,1,709.4364166259766,283.7745666503906,29.509127930315636,14.816899085040676,355.0,rolled,1.0,True,scale,0.9459152221679688,40,18,58,0.04490256309509277,0.0009834766387939453,0.04588603973388672
e5_ppo_s43_anneal_linear,scale,13.363636363636363,96.36363636363636,4245.414696419247,460,rolled,4948.317930111521,0.16556762624040722,True,True,1.0009870042172688,1,703.9346694946289,281.57386779785156,32.057129596468336,20.884242057426967,355.0,rolled,0.0,True,scale,0.9385795593261719,40,18,58,0.04560542106628418,0.0010776519775390625,0.04668307304382324
e5_ppo_s43_anneal_linear,scale,13.363636363636363,107.27272727272728,4631.739739142465,460,rolled,5386.119876544777,0.16287187534029723,True,True,1.000992418087404,1,717.4186706542969,286.96746826171875,33.47953796386719,23.02899770754309,355.0,rolled,0.0,True,scale,0.9565582275390625,40,18,58,0.04576873779296875,0.0010523796081542969,0.04682111740112305
e5_ppo_s43_anneal_linear,scale,13.363636363636363,118.18181818181816,5063.816158705762,460,rolled,5696.99367565612,0.12503959407408444,True,True,1.000961445609789,1,737.0395660400391,294.8158264160156,34.395179748535156,23.775032494952068,355.0,rolled,0.0,True,scale,0.9827194213867188,40,18,58,0.0469365119934082,0.0010833740234375,0.0480198860168457
e5_ppo_s43_anneal_linear,scale,13.363636363636363,129.0909090909091,5459.024045280959,460,rolled,6216.861280339009,0.1388228424663489,True,True,1.00096597383245,1,722.0449447631836,288.81797790527344,33.695430755615234,24.068164825439453,460.0,rolled,1.0,True,scale,0.9627265930175781,40,18,58,0.04559803009033203,0.0010287761688232422,0.04662680625915527
e5_ppo_s43_anneal_linear,scale,13.363636363636363,140.0,5943.747564514266,460,rolled,10385.03560484782,0.747220165750176,True,True,1.000983038730329,1,720.6888198852539,288.27552795410156,33.632144927978516,24.022960662841797,550.0,rolled,0.0,True,scale,0.9609184265136719,40,18,58,0.05138850212097168,0.0011014938354492188,0.0524899959564209
e5_ppo_s43_anneal_linear,scale,14.181818181818182,20.0,1796.9028968466985,355,rolled,2078.0336130022292,0.15645292611463535,True,True,1.000980664014831,2,584.9775768497728,213.5001205011606,17.443905531475046,9.058537968509835,355.0,rolled,1.0,True,scale,0.8964996337890625,40,18,58,0.047621726989746094,0.0010519027709960938,0.04867362976074219
e5_ppo_s43_anneal_linear,scale,14.181818181818182,30.909090909090907,2224.07150895444,355,rolled,2623.868553186003,0.1797590781689891,True,True,1.0009941343077424,1,658.9116846252178,235.0214705954424,19.46345243401124,10.562013659134939,355.0,rolled,1.0,True,scale,0.9275016784667969,40,18,58,0.04652142524719238,0.0010645389556884766,0.04758596420288086
e5_ppo_s43_anneal_linear,scale,14.181818181818182,41.81818181818181,2615.0382292659383,355,rolled,3021.0152563445713,0.15524707154762854,True,True,1.0009571938621005,1,685.1373543670773,254.51696623008132,21.743412361363088,10.91667297769761,355.0,rolled,1.0,True,scale,0.9322280883789062,40,18,58,0.046677350997924805,0.0010557174682617188,0.04773306846618652
e5_ppo_s43_anneal_linear,scale,14.181818181818182,52.72727272727273,3202.0654799770145,355,rolled,3487.076123256674,0.08900837445763449,True,True,1.000995581368472,1,686.1763000488281,274.47052001953125,23.651723029778903,12.330418526016109,355.0,rolled,1.0,True,scale,0.9149017333984375,40,18,58,0.057547807693481445,0.0010533332824707031,0.05860114097595215
e5_ppo_s43_anneal_linear,scale,14.181818181818182,63.63636363636363,3623.765744949169,355,rolled,4343.432771892274,0.1985964539639965,True,True,1.0009950321457042,1,702.7061106483906,291.86811851278395,22.989968416722302,19.131160298338152,355.0,rolled,1.0,True,scale,0.9846305847167969,40,18,58,0.04559969902038574,0.0012900829315185547,0.0468897819519043
e5_ppo_s43_anneal_linear,scale,14.181818181818182,74.54545454545453,4194.266016339479,355,rolled,4539.715062782494,0.08236221667802157,True,True,1.0009801780044485,1,702.5957107543945,281.0382843017578,30.73828340762465,15.412073401215645,355.0,rolled,1.0,True,scale,0.9367942810058594,40,18,58,0.0466306209564209,0.0010509490966796875,0.047681570053100586
e5_ppo_s43_anneal_linear,scale,14.181818181818182,85.45454545454545,4665.282330709234,460,rolled,5469.016342928016,0.17227982257969687,True,True,1.0009827406712064,1,703.333854675293,281.3335418701172,32.82224655151367,22.34578325832058,355.0,rolled,0.0,True,scale,0.9377784729003906,40,18,58,0.04481649398803711,0.0011920928955078125,0.04600858688354492
e5_ppo_s43_anneal_linear,scale,14.181818181818182,96.36363636363636,5186.697126154381,460,rolled,5931.616255878729,0.14362109674151338,True,True,1.0009756634208151,1,724.757194519043,289.9028778076172,33.82200241088867,24.158573150634766,355.0,rolled,0.0,True,scale,0.9663429260253906,40,18,58,0.04405713081359863,0.001188516616821289,0.04524564743041992
e5_ppo_s43_anneal_linear,scale,14.181818181818182,107.27272727272728,5684.871516431859,460,rolled,6297.597531451257,0.10778185808568261,True,True,1.0009992056347297,1,746.7813491821289,298.71253967285156,34.849796295166016,24.892711639404297,355.0,rolled,0.0,True,scale,0.9957084655761719,40,18,58,0.04487490653991699,0.0010595321655273438,0.045934438705444336
e5_ppo_s43_anneal_linear,scale,14.181818181818182,118.18181818181816,6186.248050426683,460,rolled,11026.985862236537,0.7824997918529915,True,True,1.00095529991393,1,720.8776473999023,288.35105895996094,33.64095687866211,24.029254913330078,550.0,rolled,0.0,True,scale,0.9611701965332031,40,18,58,0.04506111145019531,0.0010695457458496094,0.04613065719604492
e5_ppo_s43_anneal_linear,scale,14.181818181818182,129.0909090909091,8947.780102569574,500,rolled,14971.037339944918,0.6731566006685411,True,True,1.0009806883802237,1,737.1768951416016,294.8707580566406,31.633765273000716,24.57256317138672,690.0,rolled,0.0,True,scale,0.9829025268554688,40,18,58,0.04464888572692871,0.001135110855102539,0.04578399658203125
e5_ppo_s43_anneal_linear,scale,14.181818181818182,140.0,12705.653958132376,620,rolled,15677.870426510572,0.23392864925900173,True,True,1.0009597592534802,1,732.1450016179806,295.0836181640625,34.426422119140625,24.590301513671875,690.0,rolled,0.0,True,scale,0.983612060546875,8,18,26,0.00872492790222168,0.00096893310546875,0.00969386100769043
e5_ppo_s43_anneal_linear,scale,15.0,20.0,2057.2483346770277,355,rolled,2467.7162272566443,0.19952277304628702,True,True,1.0009936042431247,1,633.7437173268354,219.52218047833824,17.97097020490326,10.149667979102029,355.0,rolled,1.0,True,scale,0.8851814270019531,40,18,58,0.04501938819885254,0.001058816909790039,0.04607820510864258
e5_ppo_s43_anneal_linear,scale,15.0,30.909090909090907,2565.283454586496,355,rolled,2961.3609448125194,0.1543991130952302,True,True,1.000983443868644,2,674.4100310973421,248.70355591704376,20.238001354709986,10.542263151123235,355.0,rolled,1.0,True,scale,0.92327880859375,40,18,58,0.04649615287780762,0.0010046958923339844,0.0475008487701416
e5_ppo_s43_anneal_linear,scale,15.0,41.81818181818181,3234.6725939942403,355,rolled,3535.10046072587,0.09287736486512699,True,True,1.0009797295805265,1,677.7133941650391,271.0853576660156,22.791128543039427,12.083008445039416,355.0,rolled,1.0,True,scale,0.9036178588867188,40,18,58,0.04503583908081055,0.000946044921875,0.04598188400268555
e5_ppo_s43_anneal_linear,scale,15.0,52.72727272727273,3765.638206814382,355,rolled,4340.130060020245,0.15256161682400865,True,True,1.0009935339820437,1,672.4004745483398,268.96018981933594,28.366043802051248,15.08823331969238,355.0,rolled,1.0,True,scale,0.8965339660644531,40,18,58,0.04484844207763672,0.0010442733764648438,0.04589271545410156
e5_ppo_s43_anneal_linear,scale,15.0,63.63636363636363,4414.262908667717,355,rolled,4898.525199717524,0.10970399839550188,True,True,1.000959601290833,1,692.6994323730469,277.07977294921875,31.278661451311752,16.46131382152099,355.0,rolled,1.0,True,scale,0.9235992431640625,40,18,58,0.04492688179016113,0.0011172294616699219,0.046044111251831055
e5_ppo_s43_anneal_linear,scale,15.0,74.54545454545453,5055.036012019389,460,rolled,5681.001718321947,0.12383011808703154,True,True,1.000957995138863,1,727.4007797241211,290.96031188964844,30.602303477070596,21.50110791041162,355.0,rolled,0.0,True,scale,0.9698677062988281,40,18,58,0.045026540756225586,0.0011591911315917969,0.04618573188781738
e5_ppo_s43_anneal_linear,scale,15.0,85.45454545454545,5678.659053486651,460,rolled,6364.616910735629,0.12079574610625823,True,True,1.0009915658989312,1,730.0958633422852,292.03834533691406,34.07114028930664,24.319642810256475,355.0,rolled,0.0,True,scale,0.9734611511230469,40,18,58,0.04545140266418457,0.0009405612945556641,0.046391963958740234
e5_ppo_s43_anneal_linear,scale,15.0,96.36363636363636,6293.677091962863,460,rolled,9090.00039095289,0.44430676345962844,True,True,1.0009810048583743,1,720.3025817871094,288.12103271484375,33.61412048339844,24.010086059570312,500.0,rolled,0.0,True,scale,0.9604034423828125,40,18,58,0.0491786003112793,0.0010352134704589844,0.05021381378173828
e5_ppo_s43_anneal_linear,scale,15.0,107.27272727272728,7396.103440982998,460,rolled,15347.30205487187,1.0750523809375085,True,True,1.0009738426274377,1,736.2842559814453,294.5137023925781,31.855290824061665,23.014509963096998,690.0,rolled,0.0,True,scale,0.9817123413085938,40,18,58,0.0472412109375,0.0011005401611328125,0.04834175109863281
e5_ppo_s43_anneal_linear,scale,15.0,118.18181818181816,13338.283576315587,620,rolled,16422.578035322866,0.23123623375978997,True,True,1.0009832059852788,1,746.2577819824219,298.50311279296875,33.28785047487362,24.314551999556976,690.0,rolled,0.0,True,scale,0.9950103759765625,6,18,24,0.0067365169525146484,0.0011909008026123047,0.007927417755126953
e5_ppo_s43_anneal_linear,scale+thin,6.0,20.0,241.3288087904857,355,rolled,251.82393447470267,0.043488905186319905,True,True,1.0009929669523052,2,274.26494850685185,125.70227392120984,8.0,6.0,355.0,rolled,1.0,True,thin_c3,0.822479248046875,40,69,109,0.13632774353027344,0.0039637088775634766,0.14029145240783691
e5_ppo_s43_anneal_linear,scale+thin,6.0,30.909090909090907,292.67799548197263,355,rolled,302.0752389108496,0.032107789358752005,True,True,1.000988496212167,2,315.9459540425447,145.26263076342306,8.529606590186944,6.0,355.0,rolled,1.0,True,thin_c2,0.9090194702148438,40,69,109,0.04258108139038086,0.004776954650878906,0.047358036041259766
e5_ppo_s43_anneal_linear,scale+thin,6.0,41.81818181818181,342.2853688824266,355,rolled,348.1013256370981,0.01699154355811585,True,True,1.0009886417226155,2,346.6147154139765,158.50523946919037,9.319396921175585,6.0,355.0,rolled,1.0,True,thin_c2,0.9585494995117188,40,70,110,0.04362177848815918,0.00417637825012207,0.04779815673828125
e5_ppo_s43_anneal_linear,scale+thin,6.0,52.72727272727273,386.25765574493386,355,rolled,389.1264955070969,0.007427269646293989,True,True,1.0009768309390576,2,374.23549562633906,169.3639531869402,9.968204985659609,6.0,355.0,rolled,1.0,True,thin_c2,0.9959030151367188,40,71,111,0.04225659370422363,0.004256486892700195,0.04651308059692383
e5_ppo_s43_anneal_linear,scale+thin,6.0,63.63636363636363,431.68145507497405,355,rolled,440.19988054103214,0.019733128133981613,True,True,1.0009792962441006,1,389.30049516225375,173.57936426591607,11.327470104735903,6.251428557505449,355.0,rolled,1.0,True,thin_c1,0.9960403442382812,40,72,112,0.05840325355529785,0.005267620086669922,0.06367087364196777
e5_ppo_s43_anneal_linear,scale+thin,6.0,74.54545454545453,466.9500019446189,355,rolled,482.83883423816013,0.03402683847814965,True,True,1.0009999192548475,1,412.2547024090913,180.53645370276817,11.772917525692984,6.628425817850472,355.0,rolled,1.0,True,thin_c1,1.0130860967221467,40,73,113,0.04255032539367676,0.0041179656982421875,0.046668291091918945
e5_ppo_s43_anneal_linear,scale+thin,6.0,85.45454545454545,518.2473353887603,355,rolled,523.2171452032027,0.009589648561751414,True,True,1.0009959215084743,1,433.7687536783675,186.6275416857385,12.161266646838419,6.9828703866132145,355.0,rolled,1.0,True,thin_c1,1.0286807118291441,40,73,113,0.04281115531921387,0.004319906234741211,0.04713106155395508
e5_ppo_s43_anneal_linear,scale+thin,6.0,96.36363636363636,549.7256874002802,355,rolled,561.692497089683,0.021768692938464083,True,True,1.0009951940527537,1,454.96014873883,191.77119435234914,12.485689370112189,7.334192190220227,355.0,rolled,1.0,True,thin_c1,1.0367585289996604,40,74,114,0.043998003005981445,0.004530906677246094,0.04852890968322754
e5_ppo_s43_anneal_linear,scale+thin,6.0,107.27272727272728,586.6560772595034,355,rolled,598.616690764945,0.02038777738622308,True,True,1.0009968707026884,1,475.4561953436345,196.2632420738686,12.766697558210673,7.675222994697056,355.0,rolled,1.0,True,thin_c1,1.0415218187415083,40,74,114,0.04415488243103027,0.004555463790893555,0.04871034622192383
e5_ppo_s43_anneal_linear,scale+thin,6.0,118.18181818181816,628.4217050081675,355,rolled,634.2547162099064,0.009282001489211978,True,True,1.0009961971214596,1,494.18002838586494,200.57597471218537,13.037599251708532,7.986230558101418,355.0,rolled,1.0,True,thin_c1,1.049477114470109,40,75,115,0.044191598892211914,0.004498720169067383,0.0486903190612793
e5_ppo_s43_anneal_linear,scale+thin,6.0,129.0909090909091,657.4964976148059,355,rolled,668.749457490797,0.017114859040030433,True,True,1.0009957836257357,1,511.83828206107154,204.60226430387775,13.29030091278958,8.279643619700083,355.0,rolled,1.0,True,thin_c1,1.0558847709324048,40,75,115,0.04674959182739258,0.00463557243347168,0.05138516426086426
e5_ppo_s43_anneal_linear,scale+thin,6.0,140.0,697.879425726456,355,rolled,702.2503523019293,0.006263154370718654,True,True,1.0009978803365418,1,529.9049538444016,207.96583682632698,13.497548642809699,8.58177925251273,355.0,rolled,1.0,True,thin_c1,1.0550765593155567,40,75,115,0.04522705078125,0.0042111873626708984,0.0494382381439209
e5_ppo_s43_anneal_linear,scale+thin,6.818181818181818,20.0,317.0885192434045,355,rolled,330.0436714666277,0.04085657927362081,True,True,1.000975647966181,2,309.8590290383552,141.3266530060803,8.304669826679183,6.0,355.0,rolled,1.0,True,thin_c2,0.8675117492675781,40,69,109,0.043398380279541016,0.00401616096496582,0.047414541244506836
e5_ppo_s43_anneal_linear,scale+thin,6.818181818181818,30.909090909090907,392.6423822212096,355,rolled,400.97793712476044,0.021229381444753788,True,True,1.0009634536766872,2,349.4483721297043,159.7799541719635,9.405674458418959,6.0,355.0,rolled,1.0,True,thin_c2,0.9353065490722656,40,70,110,0.04335308074951172,0.0042057037353515625,0.04755878448486328
e5_ppo_s43_anneal_linear,scale+thin,6.818181818181818,41.81818181818181,455.0251859822217,355,rolled,462.1145574596735,0.01558017379224535,True,True,1.000999497488985,2,382.5801294255621,174.22072599058816,10.268534446785285,6.0,355.0,rolled,1.0,True,thin_c2,0.9849166870117188,40,71,111,0.04288458824157715,0.0040740966796875,0.04695868492126465
e5_ppo_s43_anneal_linear,scale+thin,6.818181818181818,52.72727272727273,519.9507333014534,355,rolled,538.0073537395516,0.03472756028911967,True,True,1.0009912957620506,1,401.9771940719747,180.49416939194407,11.782014781257717,6.451758014433521,355.0,rolled,1.0,True,thin_c1,0.9907188415527344,40,72,112,0.04329729080200195,0.004315376281738281,0.047612667083740234
e5_ppo_s43_anneal_linear,scale+thin,6.818181818181818,63.63636363636363,570.1996303697795,355,rolled,599.5025234198354,0.05139058583930108,True,True,1.0009961764076694,1,429.5222755518292,189.10351272057704,12.334254494837602,6.903487115377474,355.0,rolled,1.0,True,thin_c1,1.0114202350118888,40,73,113,0.04225778579711914,0.004258155822753906,0.04651594161987305
e5_ppo_s43_anneal_linear,scale+thin,6.818181818181818,74.54545454545453,645.0378754655677,355,rolled,657.184591256424,0.018831011717085927,True,True,1.0009968704448229,1,455.9525271436752,196.23416399658035,12.787434008167576,7.339828737923574,355.0,rolled,1.0,True,thin_c1,1.0250931980298912,40,74,114,0.043501853942871094,0.004546165466308594,0.04804801940917969
e5_ppo_s43_anneal_linear,scale+thin,6.818181818181818,85.45454545454545,698.212152166206,355,rolled,711.842468752205,0.019521740696879758,True,True,1.0009964426779219,1,480.18631806106373,202.59974598994685,13.191246089368057,7.740350454168247,355.0,rolled,1.0,True,thin_c1,1.0386350416100545,40,74,114,0.04429340362548828,0.004538059234619141,0.04883146286010742
e5_ppo_s43_anneal_linear,scale+thin,6.818181818181818,96.36363636363636,733.8166260116295,355,rolled,764.0619761404557,0.041216496133663336,True,True,1.000994142579703,1,504.3696860091814,207.8615078435813,13.520201003548838,8.14283250193526,355.0,rolled,1.0,True,thin_c1,1.0442409349524457,40,74,114,0.04393720626831055,0.004418134689331055,0.0483553409576416
e5_ppo_s43_anneal_linear,scale+thin,6.818181818181818,107.27272727272728,798.4291807439346,355,rolled,814.1810043724435,0.019728516953541386,True,True,1.0009959470286316,1,525.9035063489872,212.97720616952097,13.842327757493566,8.500115729333274,355.0,rolled,1.0,True,thin_c1,1.0523918350883152,40,75,115,0.04456186294555664,0.004601240158081055,0.049163103103637695
e5_ppo_s43_anneal_linear,scale+thin,6.818181818181818,118.18181818181816,852.2289524013323,460,rolled,862.9977576771455,0.01263604720946153,True,True,1.000993984408999,1,551.8494214889308,216.0164570043556,14.018389340696887,8.93860743589866,355.0,rolled,0.0,True,thin_c1,1.0424675982931388,40,74,114,0.04571938514709473,0.004483222961425781,0.05020260810852051
e5_ppo_s43_anneal_linear,scale+thin,6.818181818181818,129.0909090909091,896.311601431932,355,rolled,910.1431816773722,0.015431664862245625,True,True,1.0009986544511758,1,573.2817565201864,219.72228941093496,14.244947166414665,9.297756695597963,355.0,rolled,1.0,True,thin_c1,1.0422118079144023,40,74,114,0.04503440856933594,0.004913330078125,0.04994773864746094
e5_ppo_s43_anneal_linear,scale+thin,6.818181818181818,140.0,931.1411275891702,355,rolled,967.1812196798395,0.0387052950651865,True,True,1.0009993028342563,1,629.754205946548,212.87709980838275,13.714610365945482,10.286634297456246,355.0,rolled,1.0,True,thin_c1,1.0552420707370924,40,75,115,0.04483962059020996,0.004701137542724609,0.04954075813293457
e5_ppo_s43_anneal_linear,scale+thin,7.636363636363637,20.0,409.6201332461394,355,rolled,424.83445440685716,0.03714251308925658,True,True,1.0009598572256349,2,340.04137734339923,153.86555372043745,9.061305013357325,6.0,355.0,rolled,1.0,True,thin_c2,0.8903312683105469,40,69,109,0.05129361152648926,0.007398366928100586,0.058691978454589844
e5_ppo_s43_anneal_linear,scale+thin,7.636363636363637,30.909090909090907,501.774525145321,355,rolled,516.0467352883552,0.02844347297005718,True,True,1.0009723515396558,2,382.46749528421145,173.74443436801693,10.249316632379834,6.0,355.0,rolled,1.0,True,thin_c2,0.9580345153808594,40,70,110,0.05339384078979492,0.004369258880615234,0.057763099670410156
e5_ppo_s43_anneal_linear,scale+thin,7.636363636363637,41.81818181818181,593.9298338756057,355,rolled,621.9840313780799,0.0472348683335377,True,True,1.0009774304823003,1,407.95629333887325,183.49999771105746,11.979057245644668,6.546900319039846,355.0,rolled,1.0,True,thin_c1,0.9742164611816406,40,72,112,0.04328608512878418,0.00406646728515625,0.04735255241394043
e5_ppo_s43_anneal_linear,scale+thin,7.636363636363637,52.72727272727273,675.9362632758116,355,rolled,708.8723736960108,0.0487266510315334,True,True,1.0009984944077652,1,440.91120155174934,194.41961474273907,12.681795237803074,7.0857618523357235,355.0,rolled,1.0,True,thin_c1,1.0000988238790762,40,73,113,0.04478573799133301,0.004408597946166992,0.0491943359375
e5_ppo_s43_anneal_linear,scale+thin,7.636363636363637,63.63636363636363,779.5020738899598,355,rolled,789.3167247004699,0.01259092328200221,True,True,1.0009960133975913,1,471.1149782914661,203.50983512367338,13.263576134659946,7.581989434669875,355.0,rolled,1.0,True,thin_c1,1.0206523331351902,40,73,113,0.04304075241088867,0.0043604373931884766,0.04740118980407715
e5_ppo_s43_anneal_linear,scale+thin,7.636363636363637,74.54545454545453,846.6406079690952,355,rolled,865.0085586696107,0.021695097692722518,True,True,1.0009937418239727,1,501.05486069988035,210.77347612408192,13.721695017492248,8.07835704876673,355.0,rolled,1.0,True,thin_c1,1.0317265518851904,40,74,114,0.04358983039855957,0.004601240158081055,0.048191070556640625
e5_ppo_s43_anneal_linear,scale+thin,7.636363636363637,85.45454545454545,921.2774310054268,355,rolled,936.8944857148655,0.01695152207559795,True,True,1.000998399137449,1,529.5226912871905,216.95682272163612,14.108208753836527,8.552172301011508,355.0,rolled,1.0,True,thin_c1,1.038241683296535,40,74,114,0.04543757438659668,0.0042536258697509766,0.049691200256347656
e5_ppo_s43_anneal_linear,scale+thin,7.636363636363637,96.36363636363636,990.3158107657674,355,rolled,1006.5687825442385,0.01641190779929422,True,True,1.000998257693282,1,561.0756959116425,221.10252189210212,14.352835725506814,9.084273217861822,355.0,rolled,1.0,True,thin_c1,1.0333128821331519,40,74,114,0.04334616661071777,0.004525423049926758,0.04787158966064453
e5_ppo_s43_anneal_linear,scale+thin,7.636363636363637,107.27272727272728,1055.0870687226268,355,rolled,1073.3905519213902,0.017347841463854784,True,True,1.0009944998635094,1,588.3042729884937,225.46184045874966,14.616996310116553,9.541445505618688,355.0,rolled,1.0,True,thin_c1,1.0327669093919836,40,74,114,0.04397106170654297,0.004445075988769531,0.0484161376953125
e5_ppo_s43_anneal_linear,scale+thin,7.636363636363637,118.18181818181816,1088.4839809208006,355,rolled,1196.4828494409935,0.09921952955966472,True,True,1.0009899426775073,1,539.4363896975431,216.15246232131565,15.867717704621462,9.853129114130141,460.0,rolled,0.0,True,thin_c1,0.9884872436523438,40,72,112,0.04413628578186035,0.004389524459838867,0.04852581024169922
e5_ppo_s43_anneal_linear,scale+thin,7.636363636363637,129.0909090909091,1173.7978050697595,355,rolled,1199.0689741901992,0.021529405670457722,True,True,1.0009990552205803,1,632.8720144383121,234.60589692070474,15.185705717615722,10.284599533427732,355.0,rolled,1.0,True,thin_c1,1.0332849386463994,40,74,114,0.04441237449645996,0.004227638244628906,0.04864001274108887
e5_ppo_s43_anneal_linear,scale+thin,7.636363636363637,140.0,1251.7374258469372,355,rolled,1255.1432863399473,0.002720906495789769,True,True,1.0009994364873214,1,639.0084074998434,242.87073058780163,15.739491847539474,10.3689755089027,355.0,rolled,1.0,True,thin_c1,1.0734246826171874,40,75,115,0.04463768005371094,0.004395008087158203,0.04903268814086914
e5_ppo_s43_anneal_linear,scale+thin,8.454545454545455,20.0,516.1523336674153,355,rolled,533.4744719565591,0.033560127813556315,True,True,1.0009543966777603,2,370.124660364937,165.9639127330804,9.791695664731153,6.0,355.0,rolled,1.0,True,thin_c2,0.9114227294921875,40,70,110,0.04512643814086914,0.00407862663269043,0.04920506477355957
e5_ppo_s43_anneal_linear,scale+thin,8.454545454545455,30.909090909090907,633.218032838701,355,rolled,676.9288158000373,0.06902959280136413,True,True,1.0009783603377806,1,405.2462966704207,181.72598366556417,11.861811050858538,6.504832026768448,355.0,rolled,1.0,True,thin_c1,0.9478836059570312,40,71,111,0.04432940483093262,0.0043141841888427734,0.04864358901977539
e5_ppo_s43_anneal_linear,scale+thin,8.454545454545455,41.81818181818181,757.3789000305048,355,rolled,798.8311361625,0.054731173696977296,True,True,1.0009752297747028,1,444.68947999690255,196.18562576261354,12.797254368402035,7.146225401850874,355.0,rolled,1.0,True,thin_c1,0.9831657409667969,40,72,112,0.04492807388305664,0.004195690155029297,0.04912376403808594
e5_ppo_s43_anneal_linear,scale+thin,8.454545454545455,52.72727272727273,897.7427828478864,355,rolled,909.4973327922444,0.013093449670594245,True,True,1.000996203387289,1,480.51697800187526,207.64369281827223,13.533191943226104,7.733116981613547,355.0,rolled,1.0,True,thin_c1,1.0083228069802987,40,73,113,0.044231414794921875,0.004560947418212891,0.048792362213134766
e5_ppo_s43_anneal_linear,scale+thin,8.454545454545455,63.63636363636363,969.5859503873623,355,rolled,1012.1071645467596,0.043855023004829484,True,True,1.0009925852376402,1,513.7193419535655,217.08103604902556,14.135040404933344,8.280031919332353,355.0,rolled,1.0,True,thin_c1,1.0259529976222828,40,74,114,0.04414844512939453,0.004399299621582031,0.04854774475097656
e5_ppo_s43_anneal_linear,scale+thin,8.454545454545455,74.54545454545453,1093.1775012217977,355,rolled,1182.411862667027,0.08162842845328949,True,True,1.0009581116286237,1,485.9788895238634,211.20600077089634,15.56656032693631,8.822074137350771,460.0,rolled,0.0,True,thin_c1,0.9737129211425781,40,72,112,0.044834136962890625,0.004307270050048828,0.04914140701293945
e5_ppo_s43_anneal_linear,scale+thin,8.454545454545455,85.45454545454545,1181.2789978646645,355,rolled,1275.4750069940374,0.07974069572018637,True,True,1.0009810122564284,1,509.9230745515005,217.8874811985953,16.046090551559452,9.26908736344625,460.0,rolled,0.0,True,thin_c1,0.9808425903320312,40,72,112,0.04407382011413574,0.004399299621582031,0.04847311973571777
e5_ppo_s43_anneal_linear,scale+thin,8.454545454545455,96.36363636363636,1257.923897819336,355,rolled,1286.040405893428,0.022351517546358095,True,True,1.0009982239212636,1,594.8124992789702,239.98927167496683,15.595389741790914,9.616174421945828,355.0,rolled,1.0,True,thin_c1,1.0730356233016307,40,75,115,0.045430898666381836,0.005578041076660156,0.05100893974304199
e5_ppo_s43_anneal_linear,scale+thin,8.454545454545455,107.27272727272728,1345.9822136266182,460,rolled,1371.4556940203465,0.018925569844710284,True,True,1.0009951058480697,1,626.2033320719232,244.07769953740245,15.836318562236563,10.145632646399072,355.0,rolled,0.0,True,thin_c1,1.06578321373981,40,75,115,0.04807138442993164,0.004324674606323242,0.05239605903625488
e5_ppo_s43_anneal_linear,scale+thin,8.454545454545455,118.18181818181816,1418.3994702060834,355,rolled,1541.0478947935771,0.08646959277958122,True,True,1.000977098071751,1,589.9785702646119,230.57404946312604,16.904473848162752,10.795644779274674,460.0,rolled,0.0,True,thin_c1,0.984893798828125,40,72,112,0.058440446853637695,0.004311561584472656,0.06275200843811035
e5_ppo_s43_anneal_linear,scale+thin,8.454545454545455,129.0909090909091,1503.943042662674,355,rolled,1535.0905953484787,0.02071059328859892,True,True,1.0009957482746294,1,683.4613761602103,251.2857878897076,16.258857982838453,11.112022865607386,355.0,rolled,1.0,True,thin_c1,1.03706590735394,40,75,115,0.04521751403808594,0.00458526611328125,0.04980278015136719
e5_ppo_s43_anneal_linear,scale+thin,8.454545454545455,140.0,1589.050557323039,355,rolled,1613.440474342261,0.015348735700587215,True,True,1.000996787280218,1,709.0363293702518,254.71769380796044,16.462000872651622,11.543128067342655,355.0,rolled,1.0,True,thin_c1,1.0085334578804348,40,75,115,0.044664859771728516,0.0042574405670166016,0.04892230033874512
e5_ppo_s43_anneal_linear,scale+thin,9.272727272727272,20.0,633.3700898588271,355,rolled,678.6987720758003,0.0715674499676431,True,True,1.0009511592966307,1,390.7174138500183,172.85716827496108,11.276805067680487,6.277649996227574,355.0,rolled,1.0,True,thin_c1,0.9047164916992188,40,70,110,0.04575967788696289,0.004541873931884766,0.050301551818847656
e5_ppo_s43_anneal_linear,scale+thin,9.272727272727272,30.909090909090907,801.8071464602682,355,rolled,851.5270424909492,0.06200979406354632,True,True,1.000990181921112,1,437.8116054257073,193.5734006706965,12.627972143915082,7.034615620585812,355.0,rolled,1.0,True,thin_c1,0.9597625732421875,40,71,111,0.04601573944091797,0.004523515701293945,0.050539255142211914
e5_ppo_s43_anneal_linear,scale+thin,9.272727272727272,41.81818181818181,962.5021253931346,355,rolled,1004.0242247293216,0.04313974820494789,True,True,1.0009862471061486,1,481.88232574109395,208.37714615821534,13.581381356124883,7.754722494136438,355.0,rolled,1.0,True,thin_c1,0.9915771484375,40,72,112,0.0459287166595459,0.00441431999206543,0.05034303665161133
e5_ppo_s43_anneal_linear,scale+thin,9.272727272727272,52.72727272727273,1070.6846994207378,355,rolled,1142.1922657752407,0.06678676401483077,True,True,1.0009951691664072,1,520.9150592132137,220.25598404802096,14.342144338088648,8.395667177442606,355.0,rolled,1.0,True,thin_c1,1.016634919539742,40,73,113,0.044977664947509766,0.00435638427734375,0.049334049224853516
e5_ppo_s43_anneal_linear,scale+thin,9.272727272727272,63.63636363636363,1216.7126656588257,355,rolled,1271.191053817349,0.04477506456220242,True,True,1.0009979012795605,1,559.0526199766317,229.54303277807898,14.928045848434376,9.027853935211082,355.0,rolled,1.0,True,thin_c1,1.0097328783118207,40,73,113,0.04560422897338867,0.004820823669433594,0.050425052642822266
e5_ppo_s43_anneal_linear,scale+thin,9.272727272727272,74.54545454545453,1356.4151141978043,355,rolled,1390.3189125548945,0.02499514934787584,True,True,1.0009954201053146,1,588.7384119785016,238.82002507733037,15.523106027476265,9.514693582216655,355.0,rolled,1.0,True,thin_c1,1.050173552139946,40,75,115,0.04585456848144531,0.004353523254394531,0.050208091735839844
e5_ppo_s43_anneal_linear,scale+thin,9.272727272727272,85.45454545454545,1422.5235716023028,355,rolled,1503.4527504065707,0.056891274366097706,True,True,1.0009954819714484,1,616.7067001070996,246.96562851331828,16.043379100305202,9.974889908007441,355.0,rolled,1.0,True,thin_c1,1.0503498110563858,40,75,115,0.04508090019226074,0.00467991828918457,0.04976081848144531
e5_ppo_s43_anneal_linear,scale+thin,9.272727272727272,96.36363636363636,1530.0841209322955,355,rolled,1612.0998241957438,0.0536020877162462,True,True,1.0009954403541368,1,644.4537584190552,253.89966622303615,16.48168123818329,10.434384646513585,355.0,rolled,1.0,True,thin_c1,1.055981498386549,40,75,115,0.04570889472961426,0.004205465316772461,0.04991436004638672
e5_ppo_s43_anneal_linear,scale+thin,9.272727272727272,107.27272727272728,1647.0835657255905,355,rolled,1715.161455531808,0.04133238362816597,True,True,1.0009961326314725,1,667.3497201275078,261.05921862060376,16.940937568884074,10.809861423743879,355.0,rolled,1.0,True,thin_c1,1.0629587720788045,40,76,116,0.04381442070007324,0.0048198699951171875,0.04863429069519043
e5_ppo_s43_anneal_linear,scale+thin,9.272727272727272,118.18181818181816,1794.0191544704012,355,rolled,1819.6514967477556,0.014287663659266286,True,True,1.000995541151982,1,700.8069534045896,264.5203961575539,17.136889027568152,11.376469142720435,355.0,rolled,1.0,True,thin_c1,1.0028781260614812,40,75,115,0.04417872428894043,0.00472569465637207,0.0489044189453125
e5_ppo_s43_anneal_linear,scale+thin,9.272727272727272,129.0909090909091,1876.6125693849333,355,rolled,1912.0242278694227,0.018869988969590943,True,True,1.0009996493730293,1,712.9955770168165,272.92519271669534,17.693127203626563,11.564586699070738,355.0,rolled,1.0,True,thin_c1,1.0684980309527852,40,77,117,0.045728206634521484,0.0045702457427978516,0.050298452377319336
e5_ppo_s43_anneal_linear,scale+thin,9.272727272727272,140.0,1975.8458780810136,355,rolled,2000.7369520871412,0.012597679951789755,True,True,1.0009952923196954,2,733.8219415692453,278.59053536970043,18.059710567861586,11.81480690823239,355.0,rolled,1.0,True,thin_c1,1.071601907481318,40,77,117,0.04365229606628418,0.0044329166412353516,0.04808521270751953
e5_ppo_s43_anneal_linear,scale+thin,10.09090909090909,20.0,771.2799576046779,355,rolled,840.1185817804413,0.08925244782653478,True,True,1.0009881281476054,1,420.2233175201312,183.37715796979202,11.956436497742654,6.758211364606274,355.0,rolled,1.0,True,thin_c1,0.91815185546875,40,70,110,0.04449009895324707,0.004451274871826172,0.04894137382507324
e5_ppo_s43_anneal_linear,scale+thin,10.09090909090909,30.909090909090907,964.7090665866748,355,rolled,1052.2224718938085,0.09071481583227245,True,True,1.0009967935431126,1,471.52701843413143,204.87534704880676,13.355773164685573,7.585578655740944,355.0,rolled,1.0,True,thin_c1,0.9690780639648438,40,71,111,0.04596662521362305,0.004002571105957031,0.04996919631958008
e5_ppo_s43_anneal_linear,scale+thin,10.09090909090909,41.81818181818181,1147.2574547707825,355,rolled,1239.7241248667906,0.08059801199067612,True,True,1.0009606565958038,1,519.7468052156959,220.10957231932213,14.333567735079068,8.37594792843109,355.0,rolled,1.0,True,thin_c1,0.99981689453125,40,72,112,0.0465390682220459,0.004434347152709961,0.05097341537475586
e5_ppo_s43_anneal_linear,scale+thin,10.09090909090909,52.72727272727273,1318.1429375417918,355,rolled,1406.930386915024,0.06735798284426739,True,True,1.0009973208677316,1,557.2553307602278,233.4398567322856,15.194614654690161,8.986957668930915,355.0,rolled,1.0,True,thin_c1,1.028500153914742,40,74,114,0.052349090576171875,0.00446629524230957,0.056815385818481445
e5_ppo_s43_anneal_linear,scale+thin,10.09090909090909,63.63636363636363,1473.4968374975142,355,rolled,1563.3849869502365,0.06100328630863036,True,True,1.0009940144424434,1,594.2874663990725,244.03190771692272,15.8703733538603,9.596787811128825,355.0,rolled,1.0,True,thin_c1,1.0344714620838995,40,74,114,0.04524636268615723,0.00453948974609375,0.04978585243225098
e5_ppo_s43_anneal_linear,scale+thin,10.09090909090909,74.54545454545453,1593.8205978972342,355,rolled,1708.6506163229317,0.07204701619316221,True,True,1.0009967015729082,1,624.9449499634587,254.00734808467,16.51170552171225,10.098551642235257,355.0,rolled,1.0,True,thin_c1,1.045885301672894,40,74,114,0.05789542198181152,0.004810810089111328,0.06270623207092285
e5_ppo_s43_anneal_linear,scale+thin,10.09090909090909,85.45454545454545,1744.078619322344,355,rolled,1852.7007934675457,0.06228054913453765,True,True,1.0009983170971675,1,665.3004040961468,259.9577763298965,16.868569286225274,10.777434124061042,355.0,rolled,1.0,True,thin_c1,0.9565811157226562,40,72,112,0.045472145080566406,0.004393577575683594,0.04986572265625
e5_ppo_s43_anneal_linear,scale+thin,10.09090909090909,96.36363636363636,1930.113776773892,355,rolled,2008.2282336483777,0.040471425992850515,True,True,1.0009984354628296,1,723.4467675612365,260.33530435695724,16.82648665890032,11.776601324741037,355.0,rolled,1.0,True,thin_c1,1.0169852878736412,40,75,115,0.045539140701293945,0.004211902618408203,0.04975104331970215
e5_ppo_s43_anneal_linear,scale+thin,10.09090909090909,107.27272727272728,2067.605711285596,355,rolled,2135.073587182521,0.03263091968099405,True,True,1.0009975701428924,1,749.2436808810709,267.2658147720856,17.266820139126743,12.202562039993488,355.0,rolled,1.0,True,thin_c1,1.0162093187415082,40,76,116,0.04611682891845703,0.005072832107543945,0.05118966102600098
e5_ppo_s43_anneal_linear,scale+thin,10.09090909090909,118.18181818181816,2170.353625378734,355,rolled,2183.6251760809405,0.006114925488186639,True,True,1.0009987913534868,2,750.0,291.3871994066653,17.05997934168178,11.757613394106224,355.0,rolled,1.0,True,thin_c2,1.103407499893852,40,77,117,0.047545671463012695,0.0048449039459228516,0.05239057540893555
e5_ppo_s43_anneal_linear,scale+thin,10.09090909090909,129.0909090909091,2307.5736162550616,355,rolled,2323.911703518214,0.007080201969750068,True,True,1.000998712481553,2,750.0,300.0,18.089817778586895,12.166575788668153,355.0,rolled,1.0,True,thin_c2,1.1604649552055029,40,78,118,0.04500985145568848,0.0047397613525390625,0.04974961280822754
e5_ppo_s43_anneal_linear,scale+thin,10.09090909090909,140.0,2443.406284429296,355,rolled,2468.9525345611496,0.01045517902390933,True,True,1.0009981738483018,1,750.0,300.0,20.06162031420877,12.285401260900882,355.0,rolled,1.0,True,thin_c3,1.7050774615743887,40,80,120,0.0497584342956543,0.004876136779785156,0.05463457107543945
e5_ppo_s43_anneal_linear,scale+thin,10.90909090909091,20.0,939.0466900997784,355,rolled,1023.7610524669141,0.0902131526155897,True,True,1.0009689582094548,1,449.88245572799036,193.6337170102828,12.61801055774387,7.242083233432496,355.0,rolled,1.0,True,thin_c1,0.9281883239746094,40,70,110,0.04599165916442871,0.004246234893798828,0.05023789405822754
e5_ppo_s43_anneal_linear,scale+thin,10.90909090909091,30.909090909090907,1197.1649157491154,355,rolled,1277.8576804336442,0.06740321539913824,True,True,1.0009629715745247,1,501.6716907787018,216.6036223169983,14.11666672685683,8.074031803424218,355.0,rolled,1.0,True,thin_c1,0.9839096069335938,40,72,112,0.04756760597229004,0.004443168640136719,0.05201077461242676
e5_ppo_s43_anneal_linear,scale+thin,10.90909090909091,41.81818181818181,1403.509472950396,355,rolled,1504.2461502309202,0.0717748467124771,True,True,1.0009944932857202,1,552.7924904727449,232.55685822852018,15.13988236886699,8.91245747205629,355.0,rolled,1.0,True,thin_c1,1.0042344599184783,40,73,113,0.04721236228942871,0.00473332405090332,0.05194568634033203
e5_ppo_s43_anneal_linear,scale+thin,10.90909090909091,52.72727272727273,1588.7457907355176,355,rolled,1704.4270808036235,0.07281296400134013,True,True,1.0009963709270162,1,590.4763119216035,246.94475265413317,16.072504789254733,9.523773106728742,355.0,rolled,1.0,True,thin_c1,1.0237755551545518,40,74,114,0.04684734344482422,0.0047283172607421875,0.051575660705566406
e5_ppo_s43_anneal_linear,scale+thin,10.90909090909091,63.63636363636363,1789.9941201560932,355,rolled,1892.7158220116228,0.05738661412282845,True,True,1.0009959414032608,1,629.1056233810588,258.1782668283949,16.789939623243065,10.159431919896308,355.0,rolled,1.0,True,thin_c1,1.0357117229959238,40,74,114,0.04573774337768555,0.0047833919525146484,0.050521135330200195
e5_ppo_s43_anneal_linear,scale+thin,10.90909090909091,74.54545454545453,1942.2808212955651,355,rolled,2119.6051538136753,0.09129695900504697,True,True,1.0009935538417523,1,717.703302300623,256.2149453207937,16.553527021187886,11.688367051483363,355.0,rolled,1.0,True,thin_c1,1.0236809771993887,40,75,115,0.049379587173461914,0.0047147274017333984,0.05409431457519531
e5_ppo_s43_anneal_linear,scale+thin,10.90909090909091,85.45454545454545,2177.190622234541,355,rolled,2296.8676989196756,0.054968579904273625,True,True,1.000998110133426,1,750.0,264.40554476972187,17.06334215093602,12.348042784374666,355.0,rolled,1.0,True,thin_c1,1.031288054093071,40,76,116,0.046118736267089844,0.004900217056274414,0.05101895332336426
e5_ppo_s43_anneal_linear,scale+thin,10.90909090909091,96.36363636363636,2344.698716886334,355,rolled,2347.780152049686,0.0013142136945612135,True,True,1.0009951927596867,2,750.0,290.5352086027297,17.01177889080591,11.69567466783826,355.0,rolled,1.0,True,thin_c2,1.0977170197860056,40,77,117,0.04590201377868652,0.005007266998291016,0.05090928077697754
e5_ppo_s43_anneal_linear,scale+thin,10.90909090909091,107.27272727272728,2499.121791022924,355,rolled,2502.6464815712347,0.001410371659745401,True,True,1.0009988745644112,2,750.0,300.0,18.44541891408671,11.773828737652437,355.0,rolled,1.0,True,thin_c2,1.1089241890285324,40,77,117,0.04675030708312988,0.0049283504486083984,0.05167865753173828
e5_ppo_s43_anneal_linear,scale+thin,10.90909090909091,118.18181818181816,2669.547168301596,355,rolled,2677.6927355556495,0.0030512917511909174,True,True,1.0009989374406798,2,750.0,300.0,20.871941652320015,11.720985743727729,355.0,rolled,1.0,True,thin_c3,1.6300236909285835,40,77,117,0.04863929748535156,0.0062830448150634766,0.05492234230041504
e5_ppo_s43_anneal_linear,scale+thin,10.90909090909091,129.0909090909091,2855.841135487434,355,rolled,2920.9264507686544,0.022790243642215706,True,True,1.0009986849860317,1,750.0,300.0,22.817869912263543,12.813754101026403,355.0,rolled,1.0,True,thin_c3,1.7819937001103936,40,80,120,0.04760313034057617,0.004841327667236328,0.0524444580078125
e5_ppo_s43_anneal_linear,scale+thin,10.90909090909091,140.0,3078.8301843712,460,rolled,3163.025913002123,0.02734666207260098,True,True,1.0009979474528563,1,750.0,300.0,24.763471541114434,13.906339033210832,355.0,rolled,0.0,True,thin_c3,1.9339382005774461,40,83,123,0.04569673538208008,0.005248308181762695,0.05094504356384277
e5_ppo_s43_anneal_linear,scale+thin,11.727272727272728,20.0,1117.8784812198996,355,rolled,1225.752638246725,0.0964990013128316,True,True,1.0009653288678348,1,474.04092955822097,204.56399880522588,13.331714885524276,7.629616226569034,355.0,rolled,1.0,True,thin_c1,0.9439239501953125,40,70,110,0.05977296829223633,0.004494667053222656,0.06426763534545898
e5_ppo_s43_anneal_linear,scale+thin,11.727272727272728,30.909090909090907,1399.1707585826318,355,rolled,1576.9865366703746,0.12708654536767988,True,True,1.0009923228261788,3,679.3095286966771,248.63393579462368,10.584956656942841,6.583962986158288,355.0,rolled,1.0,True,thin_c3,1.0973271643597147,40,71,111,0.04582381248474121,0.004553318023681641,0.05037713050842285
e5_ppo_s43_anneal_linear,scale+thin,11.727272727272728,41.81818181818181,1658.320920880548,355,rolled,1847.966501648692,0.11436000015452039,True,True,1.000999770039821,3,737.455791601483,269.30925314806706,11.466747983246886,7.095044105647758,355.0,rolled,1.0,True,thin_c3,1.129722741168478,40,72,112,0.046929359436035156,0.004304647445678711,0.05123400688171387
e5_ppo_s43_anneal_linear,scale+thin,11.727272727272728,52.72727272727273,1896.895430152976,355,rolled,2098.2577835533693,0.1061536393622681,True,True,1.0009985188647068,1,679.9590337180322,248.93047490739428,16.1030818397409,11.057815091543953,355.0,rolled,1.0,True,thin_c1,1.0195238461701766,40,74,114,0.0477752685546875,0.004847526550292969,0.05262279510498047
e5_ppo_s43_anneal_linear,scale+thin,11.727272727272728,63.63636363636363,2122.483987052358,355,rolled,2311.908208201681,0.08924647832674111,True,True,1.0009939507566687,2,730.8303497322083,258.76118595068334,16.734235022816215,11.5652122562864,355.0,rolled,1.0,True,thin_c1,1.035595650050951,40,75,115,0.047544240951538086,0.004550933837890625,0.05209517478942871
e5_ppo_s43_anneal_linear,scale+thin,11.727272727272728,74.54545454545453,2414.680044837911,355,rolled,2556.767967170431,0.05884337456478957,True,True,1.00099911795741,1,750.0,270.89220387142245,17.483991857035136,12.620918373313488,355.0,rolled,1.0,True,thin_c1,1.0403546407948367,40,77,117,0.04643535614013672,0.004823923110961914,0.05125927925109863
e5_ppo_s43_anneal_linear,scale+thin,11.727272727272728,85.45454545454545,2607.2244497923484,355,rolled,2715.2470641665655,0.04143203489167204,True,True,1.0009958425925602,1,750.0,287.1148286468577,18.584573009078095,12.58589951355048,355.0,rolled,1.0,True,thin_c1,1.03264868694803,40,76,116,0.04969358444213867,0.004621028900146484,0.054314613342285156
e5_ppo_s43_anneal_linear,scale+thin,11.727272727272728,96.36363636363636,2809.399526814627,460,rolled,2850.7246296869553,0.014709585617103012,True,True,1.0009995095864932,2,750.0,300.0,20.213604884451726,11.972526152441416,355.0,rolled,0.0,True,thin_c3,1.661760081415591,40,80,120,0.04621148109436035,0.005355119705200195,0.05156660079956055
e5_ppo_s43_anneal_linear,scale+thin,11.727272727272728,107.27272727272728,3054.1802093068686,355,rolled,3126.8031303805296,0.023778204328729652,True,True,1.0009990987755424,1,750.0,300.0,22.719477925938246,12.758500445750716,355.0,rolled,1.0,True,thin_c3,1.7743096393087634,40,80,120,0.04625868797302246,0.004977226257324219,0.05123591423034668
e5_ppo_s43_anneal_linear,scale+thin,11.727272727272728,118.18181818181816,3357.8991517305085,355,rolled,3433.9984255699846,0.02266276335316921,True,True,1.0009996399813341,1,750.0,300.0,25.016388488551158,14.048368748732893,355.0,rolled,1.0,True,thin_c3,1.9536901059358018,40,83,123,0.04608583450317383,0.0051898956298828125,0.05127573013305664
e5_ppo_s43_anneal_linear,scale+thin,11.727272727272728,129.0909090909091,3564.383823711408,460,rolled,3738.5926555040824,0.04887488003782936,True,True,1.0009998842953636,1,750.0,300.0,27.306040960180866,15.334161150082412,355.0,rolled,0.0,True,thin_c3,2.1325037417204484,40,85,125,0.04535198211669922,0.005635976791381836,0.050987958908081055
e5_ppo_s43_anneal_linear,scale+thin,11.727272727272728,140.0,3755.070343632353,460,rolled,4096.933310261509,0.09104036285468504,True,True,1.0009995764488377,1,750.0,300.0,29.214584215000283,17.511549271537234,355.0,rolled,0.0,True,thin_c2,1.6545562744140625,40,71,111,0.0465703010559082,0.004335641860961914,0.05090594291687012
e5_ppo_s43_anneal_linear,scale+thin,12.545454545454549,20.0,1307.1994834284806,355,rolled,1500.6968897189263,0.14802439011293592,True,True,1.0009964347729512,3,648.160527365939,232.66053637016802,9.900859468011982,6.254057564113451,355.0,rolled,1.0,True,thin_c3,1.0423429273522418,40,70,110,0.0463712215423584,0.004194021224975586,0.050565242767333984
e5_ppo_s43_anneal_linear,scale+thin,12.545454545454549,30.909090909090907,1673.5520688887286,355,rolled,1856.2948074594265,0.10919453416949411,True,True,1.0009985026184212,3,711.9938161255145,261.7715151294738,11.147905701981008,6.848386061363297,355.0,rolled,1.0,True,thin_c3,1.1135484380307406,40,72,112,0.04725193977355957,0.004615068435668945,0.051867008209228516
e5_ppo_s43_anneal_linear,scale+thin,12.545454545454549,41.81818181818181,1957.4303873162305,355,rolled,2229.774315538766,0.13913339140296968,True,True,1.0009612535796817,2,698.5860856672055,243.01245532230294,15.695012434822779,11.167744423776847,355.0,rolled,1.0,True,thin_c1,0.9961204528808594,40,72,112,0.04752540588378906,0.004664182662963867,0.05218958854675293
e5_ppo_s43_anneal_linear,scale+thin,12.545454545454549,52.72727272727273,2222.5772160497027,355,rolled,2455.3373719674037,0.10472534058069634,True,True,1.00098882556123,2,710.6437015533447,262.784550444289,17.02333833033862,11.317979766768296,355.0,rolled,1.0,True,thin_c1,0.9904441833496094,40,73,113,0.046280622482299805,0.0044460296630859375,0.05072665214538574
e5_ppo_s43_anneal_linear,scale+thin,12.545454545454549,63.63636363636363,2552.3230156844406,355,rolled,2764.424553810779,0.08310136954568045,True,True,1.0009962240102495,1,750.0,274.3701121539326,17.724105765805025,12.551894788558569,355.0,rolled,1.0,True,thin_c1,1.0282250180451769,40,76,116,0.05230069160461426,0.004913806915283203,0.05721449851989746
e5_ppo_s43_anneal_linear,scale+thin,12.545454545454549,74.54545454545453,2864.0220557743514,355,rolled,2904.424935435242,0.014107042080710038,True,True,1.0009952133116073,1,722.7509618692457,299.4228542238885,19.480154922238455,11.66450392262523,355.0,rolled,1.0,True,thin_c1,1.046201278023098,40,77,117,0.04706311225891113,0.004689693450927734,0.05175280570983887
e5_ppo_s43_anneal_linear,scale+thin,12.545454545454549,85.45454545454545,3136.2352005841685,355,rolled,3195.9839227577713,0.019051097367465856,True,True,1.0009992861639658,1,750.0,300.0,21.449078581321825,12.36591013806054,355.0,rolled,1.0,True,thin_c3,1.7180367511251695,40,80,120,0.04635143280029297,0.004912853240966797,0.051264286041259766
e5_ppo_s43_anneal_linear,scale+thin,12.545454545454549,96.36363636363636,3474.753399293351,355,rolled,3562.8890977023293,0.02536459088777417,True,True,1.0009995427327654,1,750.0,300.0,24.241357911241472,13.613137446398568,355.0,rolled,1.0,True,thin_c3,1.8931630010190217,40,82,122,0.05702495574951172,0.009189844131469727,0.06621479988098145
e5_ppo_s43_anneal_linear,scale+thin,12.545454545454549,107.27272727272728,3810.945853911128,460,rolled,3943.7911815809325,0.0348588861564294,True,True,1.0009995986765226,1,750.0,300.0,26.91424676184043,15.114142606063883,355.0,rolled,0.0,True,thin_c3,2.1019060217815895,40,85,125,0.04629659652709961,0.005258083343505859,0.05155467987060547
e5_ppo_s43_anneal_linear,scale+thin,12.545454545454549,118.18181818181816,4051.8868674716473,460,rolled,4382.001843850537,0.0814719135001119,True,True,1.0009985407247042,1,750.0,300.0,29.209309337891455,17.508387451059015,355.0,rolled,0.0,True,thin_c2,1.6542575338612433,40,71,111,0.04458785057067871,0.0043294429779052734,0.048917293548583984
e5_ppo_s43_anneal_linear,scale+thin,12.545454545454549,129.0909090909091,4389.083655555064,460,rolled,4757.439934631028,0.08392555439442409,True,True,1.0009987111618104,1,750.0,300.0,31.809623447165183,19.06704487747914,355.0,rolled,0.0,True,thin_c2,1.8015252818232,40,71,111,0.047762155532836914,0.004572391510009766,0.05233454704284668
e5_ppo_s43_anneal_linear,scale+thin,12.545454545454549,140.0,4731.036754406592,460,rolled,5128.506264804618,0.08401319436544513,True,True,1.0009996545190334,1,750.0,300.0,34.39613010000926,20.61742595968816,355.0,rolled,0.0,True,thin_c2,1.948011050016984,40,73,113,0.04580378532409668,0.004736423492431641,0.05054020881652832
e5_ppo_s43_anneal_linear,scale+thin,13.363636363636363,20.0,1553.9456704912225,355,rolled,1742.5700186834838,0.12138413316125442,True,True,1.0009935977168212,3,655.3191492911271,247.4944958420934,10.541173298217881,6.445732687245243,355.0,rolled,1.0,True,thin_c3,1.0742887812075406,40,70,110,0.04629874229431152,0.004387378692626953,0.05068612098693848
e5_ppo_s43_anneal_linear,scale+thin,13.363636363636363,30.909090909090907,2055.764041961098,355,rolled,2167.0847848415783,0.05415054481363815,True,True,1.0009990978192884,3,742.4914862604112,274.9231563334305,11.710286248128725,7.139871072422431,355.0,rolled,1.0,True,thin_c3,1.1260308572520379,40,72,112,0.04513049125671387,0.004137516021728516,0.04926800727844238
e5_ppo_s43_anneal_linear,scale+thin,13.363636363636363,41.81818181818181,2295.1327804460216,355,rolled,2567.5060187274426,0.11867428351072991,True,True,1.0009957475073021,2,718.7706610489224,257.2015899681894,16.647524161006892,11.28649800420728,355.0,rolled,1.0,True,thin_c1,1.007781133237092,40,74,114,0.04530787467956543,0.0047740936279296875,0.05008196830749512
e5_ppo_s43_anneal_linear,scale+thin,13.363636363636363,52.72727272727273,2698.233573079863,355,rolled,2914.085133273786,0.07999735914172251,True,True,1.0009965900962794,1,750.0,274.0320289812468,17.718212855786266,12.300860927351756,355.0,rolled,1.0,True,thin_c1,1.0085764478600543,40,76,116,0.04483819007873535,0.0045239925384521484,0.0493621826171875
e5_ppo_s43_anneal_linear,scale+thin,13.363636363636363,63.63636363636363,3099.504449257762,355,rolled,3136.9870745050594,0.01209310257846964,True,True,1.0009837906286312,1,746.5410232543945,295.7558284210565,19.203574166254725,12.083093577004178,355.0,rolled,1.0,True,thin_c1,0.9953880310058594,40,75,115,0.04454493522644043,0.0044977664947509766,0.049042701721191406
e5_ppo_s43_anneal_linear,scale+thin,13.363636363636363,74.54545454545453,3409.0278837627866,355,rolled,3485.651795719745,0.022476763044948573,True,True,1.0009986943044065,1,750.0,300.0,22.21294319713532,12.474047449766726,355.0,rolled,1.0,True,thin_c3,1.73475109597911,40,80,120,0.04641294479370117,0.004853010177612305,0.05126595497131348
e5_ppo_s43_anneal_linear,scale+thin,13.363636363636363,85.45454545454545,3859.8972334468967,355,rolled,3960.543397005746,0.026074829839179973,True,True,1.0009992380711221,1,750.0,300.0,25.32823155254002,14.223489404404242,355.0,rolled,1.0,True,thin_c3,1.9780439293902856,40,83,123,0.04490256309509277,0.0057108402252197266,0.0506134033203125
e5_ppo_s43_anneal_linear,scale+thin,13.363636363636363,96.36363636363636,4245.414696419247,460,rolled,4492.455234752484,0.0581899663516031,True,True,1.0009986929984303,1,750.0,300.0,28.07451610818342,16.828179668244754,355.0,rolled,0.0,True,thin_c2,1.5899889738663382,40,69,109,0.04560542106628418,0.004553079605102539,0.05015850067138672
e5_ppo_s43_anneal_linear,scale+thin,13.363636363636363,107.27272727272728,4631.739739142465,460,rolled,4954.359423267623,0.06965410456868402,True,True,1.0009989140304916,1,750.0,300.0,31.070940338345434,18.624269941455125,355.0,rolled,0.0,True,thin_c2,1.7596902598505433,40,71,111,0.04576873779296875,0.0042455196380615234,0.05001425743103027
e5_ppo_s43_anneal_linear,scale+thin,13.363636363636363,118.18181818181816,5063.816158705762,460,rolled,5408.3391404438735,0.06803623412469352,True,True,1.0009999557666476,1,750.0,300.0,34.0376282247732,20.402535916902764,355.0,rolled,0.0,True,thin_c2,1.927707439920177,40,73,113,0.0469365119934082,0.004408597946166992,0.051345109939575195
e5_ppo_s43_anneal_linear,scale+thin,13.363636363636363,129.0909090909091,5459.024045280959,460,rolled,5695.3572738337725,0.04329221241608394,True,True,1.0009992269940933,1,750.0,300.0,31.914463362505803,19.116065322083177,460.0,rolled,1.0,True,thin_c2,1.5981200508449387,40,69,109,0.04559803009033203,0.0042552947998046875,0.04985332489013672
e5_ppo_s43_anneal_linear,scale+thin,13.363636363636363,140.0,5943.747564514266,460,rolled,9154.970509619749,0.5402690659807504,True,True,1.0009983919669692,1,750.0,300.0,31.941835103948446,17.913676363131533,550.0,rolled,0.0,True,thin_c3,2.019982246730639,40,85,125,0.05138850212097168,0.005641937255859375,0.057030439376831055
e5_ppo_s43_anneal_linear,scale+thin,14.181818181818182,20.0,1796.9028968466985,355,rolled,2026.8579757216162,0.12797301361050462,True,True,1.0009952294440658,3,702.541343214185,256.40753999669136,10.917233325184451,6.759278303170905,355.0,rolled,1.0,True,thin_c3,1.076670426078465,40,70,110,0.047621726989746094,0.004591464996337891,0.052213191986083984
e5_ppo_s43_anneal_linear,scale+thin,14.181818181818182,30.909090909090907,2224.07150895444,355,rolled,2562.1013587804964,0.15198695206745746,True,True,1.0009955451911239,3,750.0,290.84372526220636,12.375369112124755,7.851753337375433,355.0,rolled,1.0,True,thin_c3,1.1478016994310458,40,72,112,0.04652142524719238,0.0045664310455322266,0.05108785629272461
e5_ppo_s43_anneal_linear,scale+thin,14.181818181818182,41.81818181818181,2615.0382292659383,355,rolled,2958.516092140767,0.13134716694801266,True,True,1.0009695433527779,2,731.8004178428632,271.8515069249617,17.61397132363116,11.660181415612639,355.0,rolled,1.0,True,thin_c1,0.9957199096679688,40,74,114,0.046677350997924805,0.004366636276245117,0.05104398727416992
e5_ppo_s43_anneal_linear,scale+thin,14.181818181818182,52.72727272727273,3202.0654799770145,355,rolled,3284.4625104137535,0.025732462671978356,True,True,1.0009912299417336,1,737.5373840332031,295.01495361328125,19.163775047418614,11.930126248768463,355.0,rolled,1.0,True,thin_c1,0.9833831787109375,40,75,115,0.057547807693481445,0.00485539436340332,0.062403202056884766
e5_ppo_s43_anneal_linear,scale+thin,14.181818181818182,63.63636363636363,3623.765744949169,355,rolled,3675.570931933236,0.01429595361021153,True,True,1.0009992899546167,1,750.0,300.0,22.428040558493354,12.099362669405924,355.0,rolled,1.0,True,thin_c3,1.7710083671238108,40,80,120,0.04559969902038574,0.005028247833251953,0.050627946853637695
e5_ppo_s43_anneal_linear,scale+thin,14.181818181818182,74.54545454545453,4194.266016339479,355,rolled,4290.333455491021,0.022904469763551996,True,True,1.0009980244636425,1,750.0,300.0,25.870228478033187,14.527856786348636,355.0,rolled,1.0,True,thin_c3,2.0203719429347835,40,84,124,0.0466306209564209,0.005163669586181641,0.05179429054260254
e5_ppo_s43_anneal_linear,scale+thin,14.181818181818182,85.45454545454545,4665.282330709234,460,rolled,4927.439269856674,0.05619315629019741,True,True,1.0009999278350423,1,750.0,300.0,29.04976568326328,17.41275519600136,355.0,rolled,0.0,True,thin_c2,1.6452218428902003,40,70,110,0.04481649398803711,0.004033327102661133,0.04884982109069824
e5_ppo_s43_anneal_linear,scale+thin,14.181818181818182,96.36363636363636,5186.697126154381,460,rolled,5482.00564526545,0.05693575543903443,True,True,1.0009998839905343,1,750.0,300.0,32.44955284387165,19.45062573139099,355.0,rolled,0.0,True,thin_c2,1.8377674268639603,40,72,112,0.04405713081359863,0.0045092105865478516,0.048566341400146484
e5_ppo_s43_anneal_linear,scale+thin,14.181818181818182,107.27272727272728,5684.871516431859,460,rolled,6179.527501007772,0.08701269380427203,True,True,1.0009996175354359,1,750.0,300.0,35.0,23.482654292454047,355.0,rolled,0.0,True,thin_c1,1.9356414794921877,40,58,98,0.04487490653991699,0.003556489944458008,0.048431396484375
e5_ppo_s43_anneal_linear,scale+thin,14.181818181818182,118.18181818181816,6186.248050426683,460,rolled,9738.372752648045,0.5741969402562773,True,True,1.0009990286409027,1,750.0,300.0,32.01204307697873,17.95305052253355,550.0,rolled,0.0,True,thin_c3,2.0244221562924594,40,85,125,0.04506111145019531,0.005385398864746094,0.050446510314941406
e5_ppo_s43_anneal_linear,scale+thin,14.181818181818182,129.0909090909091,8947.780102569574,500,rolled,13207.30225367267,0.4760423370127156,True,True,1.0009977175554612,1,750.0,300.0,32.04364728418942,17.95605021125172,690.0,rolled,0.0,True,thin_c3,1.8178614740786345,40,82,122,0.04464888572692871,0.004731178283691406,0.04938006401062012
e5_ppo_s43_anneal_linear,scale+thin,14.181818181818182,140.0,12705.653958132376,620,rolled,14169.40171749512,0.11520444080927127,True,True,1.0009978678042204,1,750.0,300.0,34.29331338833243,19.0583821651459,690.0,rolled,0.0,True,thin_c3,1.9449591595193616,8,83,91,0.00872492790222168,0.004868268966674805,0.013593196868896484
e5_ppo_s43_anneal_linear,scale+thin,15.0,20.0,2057.2483346770277,355,rolled,2381.3812681623754,0.15755654192143703,True,True,1.000995945837825,3,750.0,264.91481665444803,11.262474362355555,7.371805235647135,355.0,rolled,1.0,True,thin_c3,1.068218596085258,40,70,110,0.04501938819885254,0.004204988479614258,0.0492243766784668
e5_ppo_s43_anneal_linear,scale+thin,15.0,30.909090909090907,2565.283454586496,355,rolled,2918.5167425306217,0.13769756605749597,True,True,1.0009861856230147,2,712.5035870532973,262.7513938597204,17.03329563511667,11.137735152920541,355.0,rolled,1.0,True,thin_c1,0.9754295349121094,40,73,113,0.04649615287780762,0.0044023990631103516,0.05089855194091797
e5_ppo_s43_anneal_linear,scale+thin,15.0,41.81818181818181,3234.6725939942403,355,rolled,3351.0247526973917,0.03597030466674755,True,True,1.0009714077362748,1,724.3709564208984,289.7483825683594,18.82166566773881,11.717151087020023,355.0,rolled,1.0,True,thin_c1,0.9658279418945312,40,74,114,0.04503583908081055,0.004347801208496094,0.04938364028930664
e5_ppo_s43_anneal_linear,scale+thin,15.0,52.72727272727273,3765.638206814382,355,rolled,3815.657376249494,0.013283052350753232,True,True,1.0009992243454928,1,750.0,300.0,21.64956191717986,12.157671328146046,355.0,rolled,1.0,True,thin_c3,1.6907530411430023,40,80,120,0.04484844207763672,0.004912376403808594,0.04976081848144531
e5_ppo_s43_anneal_linear,scale+thin,15.0,63.63636363636363,4414.262908667717,355,rolled,4518.136412794024,0.02353133609743637,True,True,1.000998651396779,1,750.0,300.0,25.75445071335989,14.462839858272066,355.0,rolled,1.0,True,thin_c3,2.0113301152768353,40,83,123,0.04492688179016113,0.004897594451904297,0.04982447624206543
e5_ppo_s43_anneal_linear,scale+thin,15.0,74.54545454545453,5055.036012019389,460,rolled,5275.5921210563165,0.043630966923382905,True,True,1.000997817224273,1,750.0,300.0,29.418635157830344,17.633859694070917,355.0,rolled,0.0,True,thin_c2,1.6661126178243886,40,71,111,0.045026540756225586,0.0045490264892578125,0.0495755672454834
e5_ppo_s43_anneal_linear,scale+thin,15.0,85.45454545454545,5678.659053486651,460,rolled,5936.303574334413,0.0453706620561363,True,True,1.0009998264214692,1,750.0,300.0,33.25373790787178,19.932663273600145,355.0,rolled,0.0,True,thin_c2,1.8833121258279553,40,72,112,0.04545140266418457,0.0043392181396484375,0.04979062080383301
e5_ppo_s43_anneal_linear,scale+thin,15.0,96.36363636363636,6293.677091962863,460,rolled,8178.8126106717555,0.2995284777346209,True,True,1.0009992157337202,1,750.0,300.0,32.022902986035454,17.96481424772612,500.0,rolled,0.0,True,thin_c3,2.1200071915336283,40,85,125,0.0491786003112793,0.00512242317199707,0.05430102348327637
e5_ppo_s43_anneal_linear,scale+thin,15.0,107.27272727272728,7396.103440982998,460,rolled,13823.324978324494,0.8690010339400106,True,True,1.000999871833173,1,750.0,300.0,31.735423554480402,17.783333269341764,690.0,rolled,0.0,True,thin_c3,1.800375697923743,40,81,121,0.0472412109375,0.005217313766479492,0.05245852470397949
e5_ppo_s43_anneal_linear,scale+thin,15.0,118.18181818181816,13338.283576315587,620,rolled,15043.314375966862,0.1278298508122027,True,True,1.00099718013186,1,750.0,300.0,34.29844546116691,19.219553985433812,690.0,rolled,0.0,True,thin_c3,1.945777959408968,6,83,89,0.0067365169525146484,0.004832267761230469,0.011568784713745117
