arm,repair_mode,span_m,load_kNm,optimal,optimal_grade,optimal_type,achieved,gap,feasible,feasible_before,utilization,section_class,h,b,tf,tw,fy,section_type,grade_match,repaired,variant,scale,n_ec3_gen,n_ec3_repair,n_ec3,t_gen,t_repair,sec_per_design
e5_ppo_s44_anneal_linear,none,6.0,20.0,241.3288087904857,355,rolled,469.95145839657374,0.9473491820223222,True,True,0.4577224379037726,3,440.296767979788,153.87989451544644,10.912494332742055,6.0,355.0,welded,1.0,False,original,,40,1,41,0.13904523849487305,9.822845458984375e-05,0.1391434669494629
e5_ppo_s44_anneal_linear,none,6.0,30.909090909090907,292.67799548197263,355,rolled,612.6534373205792,1.0932678465003198,True,True,0.49592032414734827,1,330.21254067193007,121.96321755374652,20.038323846669886,13.01159043625839,355.0,rolled,1.0,False,original,,40,1,41,0.044280052185058594,9.679794311523438e-05,0.04437685012817383
e5_ppo_s44_anneal_linear,none,6.0,41.81818181818181,342.2853688824266,355,rolled,603.2622789687167,0.7624541795005396,True,True,0.5900744574191572,1,335.8573647620223,147.8152180133222,18.158888674085503,10.555846238386758,355.0,rolled,1.0,False,original,,40,1,41,0.045404672622680664,9.083747863769531e-05,0.04549551010131836
e5_ppo_s44_anneal_linear,none,6.0,52.72727272727273,386.25765574493386,355,rolled,674.4147427665584,0.74602297905497,True,True,0.6348880419300508,1,365.6606206506137,148.68425857720425,18.703204732911285,12.108224415273373,355.0,rolled,1.0,False,original,,40,1,41,0.04298853874206543,7.796287536621094e-05,0.04306650161743164
e5_ppo_s44_anneal_linear,none,6.0,63.63636363636363,431.68145507497405,355,rolled,682.4800455429632,0.5809806919420032,True,True,0.615562523394151,1,464.1986497624529,168.24898522519058,14.408322289414732,11.029379187288246,355.0,rolled,1.0,False,original,,40,1,41,0.043869972229003906,7.82012939453125e-05,0.04394817352294922
e5_ppo_s44_anneal_linear,none,6.0,74.54545454545453,466.9500019446189,355,rolled,757.4867642982782,0.6222010089810803,True,True,0.6843697060245073,1,475.42154027166464,153.3926251867158,16.469064325998996,12.788059127226427,355.0,rolled,1.0,False,original,,40,1,41,0.044137001037597656,8.0108642578125e-05,0.04421710968017578
e5_ppo_s44_anneal_linear,none,6.0,85.45454545454545,518.2473353887603,355,rolled,674.3000305934024,0.30111625192936115,True,True,0.8884636432908058,1,469.78748666530237,162.56219899317185,13.163226004390841,11.849997010934947,355.0,rolled,1.0,False,original,,40,1,41,0.046772003173828125,7.486343383789062e-05,0.046846866607666016
e5_ppo_s44_anneal_linear,none,6.0,96.36363636363636,549.7256874002802,355,rolled,906.8937698955132,0.6497205618757318,True,True,0.6663317921215194,1,395.774580526056,200.1251504412637,19.717451286365595,13.839857733831037,355.0,rolled,1.0,False,original,,40,1,41,0.04525327682495117,7.43865966796875e-05,0.04532766342163086
e5_ppo_s44_anneal_linear,none,6.0,107.27272727272728,586.6560772595034,355,rolled,968.5712038950189,0.6510034438228072,True,True,0.7125892365838652,1,425.3738314208593,197.26053416139484,19.457730316751515,15.57541460341839,355.0,rolled,1.0,False,original,,40,1,41,0.043998003005981445,7.867813110351562e-05,0.04407668113708496
e5_ppo_s44_anneal_linear,none,6.0,118.18181818181816,628.4217050081675,355,rolled,826.806094555105,0.3156867243221002,True,True,0.8164491253901731,3,577.4243597161607,219.20133049764573,12.590041493240104,11.17557530455839,355.0,rolled,1.0,False,original,,40,1,41,0.04502153396606445,7.367134094238281e-05,0.045095205307006836
e5_ppo_s44_anneal_linear,none,6.0,129.0909090909091,657.4964976148059,355,rolled,939.7535143546697,0.4292905251416625,True,True,0.688954336073402,1,571.8388691383827,202.56014402672307,16.094458028297886,12.541567332504407,355.0,rolled,1.0,False,original,,40,1,41,0.04501605033874512,7.414817810058594e-05,0.0450901985168457
e5_ppo_s44_anneal_linear,none,6.0,140.0,697.879425726456,355,rolled,1108.2972269398244,0.588092707828641,True,True,0.7136720626816833,1,424.2457178552452,239.2138804347867,20.400856815941683,15.415923403130858,355.0,rolled,1.0,False,original,,40,1,41,0.04512739181518555,0.00010585784912109375,0.04523324966430664
e5_ppo_s44_anneal_linear,none,6.818181818181818,20.0,317.0885192434045,355,rolled,683.4279813595721,1.155322378086344,True,True,0.4229330763171197,1,328.65498000327835,132.62288717903613,19.214878923696862,11.740711957175977,355.0,rolled,1.0,False,original,,40,1,41,0.047519683837890625,0.0001246929168701172,0.04764437675476074
e5_ppo_s44_anneal_linear,none,6.818181818181818,30.909090909090907,392.6423822212096,355,rolled,725.9704894507353,0.8489356277431431,True,True,0.7954887092205486,1,411.5687598236794,143.8722792987352,14.692323720062788,9.814792665477487,355.0,welded,1.0,False,original,,40,1,41,0.05395984649658203,7.224082946777344e-05,0.054032087326049805
e5_ppo_s44_anneal_linear,none,6.818181818181818,41.81818181818181,455.0251859822217,355,rolled,764.9508804034801,0.6811176698983152,True,True,0.8667828838850722,1,406.2260563393839,169.4870916012482,14.408249313084381,9.33489588331886,355.0,welded,1.0,False,original,,40,1,41,0.04518485069274902,7.414817810058594e-05,0.04525899887084961
e5_ppo_s44_anneal_linear,none,6.818181818181818,52.72727272727273,519.9507333014534,355,rolled,900.6689000821589,0.7322196938992975,True,True,0.6543619464385951,1,417.6685434550932,160.75820288324695,18.764379852736663,13.611465271526036,355.0,rolled,1.0,False,original,,40,1,41,0.04698634147644043,8.416175842285156e-05,0.04707050323486328
e5_ppo_s44_anneal_linear,none,6.818181818181818,63.63636363636363,570.1996303697795,355,rolled,900.4678589142048,0.5792150870568673,True,True,0.8843918723733623,1,456.4948567948145,138.15255734817114,17.969836746415414,14.836711697949438,355.0,rolled,1.0,False,original,,40,1,41,0.04597783088684082,7.891654968261719e-05,0.04605674743652344
e5_ppo_s44_anneal_linear,none,6.818181818181818,74.54545454545453,645.0378754655677,355,rolled,900.3715828944548,0.39584296851498124,True,True,0.7117326016400656,1,518.4153510185196,193.38440548085893,14.684338983503359,11.295796072766093,355.0,rolled,1.0,False,original,,40,1,41,0.04964256286621094,8.463859558105469e-05,0.04972720146179199
e5_ppo_s44_anneal_linear,none,6.818181818181818,85.45454545454545,698.212152166206,355,rolled,1018.9360074112295,0.459350147730853,True,True,0.9368003893830255,1,451.4851867467917,157.44009899676257,18.91734039385501,16.251051178410197,355.0,rolled,1.0,False,original,,40,1,41,0.04421806335449219,8.7738037109375e-05,0.04430580139160156
e5_ppo_s44_anneal_linear,none,6.818181818181818,96.36363636363636,733.8166260116295,355,rolled,1142.9740335406816,0.5575744580125768,True,True,0.7507318231275585,1,450.41042840724566,216.69313389239028,18.827950744196144,14.688201213241916,355.0,rolled,1.0,False,original,,40,1,41,0.04474592208862305,7.033348083496094e-05,0.04481625556945801
e5_ppo_s44_anneal_linear,none,6.818181818181818,107.27272727272728,798.4291807439346,355,rolled,1277.7212106077297,0.6002937285148019,True,True,0.6747369067590526,1,494.45199828169683,229.56860811431469,19.486470828186196,15.263348842552865,355.0,rolled,1.0,False,original,,40,1,41,0.044310569763183594,7.128715515136719e-05,0.04438185691833496
e5_ppo_s44_anneal_linear,none,6.818181818181818,118.18181818181816,852.2289524013323,460,rolled,1033.551206670643,0.21276237302006412,True,True,0.9088100203813827,1,545.2476970748273,217.4078724996836,14.198086599741712,12.938457540280139,355.0,rolled,0.0,False,original,,40,1,41,0.0479276180267334,8.392333984375e-05,0.04801154136657715
e5_ppo_s44_anneal_linear,none,6.818181818181818,129.0909090909091,896.311601431932,355,rolled,1294.020430617245,0.4437171498728123,True,True,0.7591835053458226,1,474.9405237147537,255.78696681706094,18.425191686074204,15.239029100967533,355.0,rolled,1.0,False,original,,40,1,41,0.04375648498535156,7.867813110351562e-05,0.04383516311645508
e5_ppo_s44_anneal_linear,none,6.818181818181818,140.0,931.1411275891702,355,rolled,1307.1382247623874,0.4038024806687642,True,True,0.815067811321699,1,443.3571426815431,286.794020844114,18.845641713726117,13.448285841205031,355.0,rolled,1.0,False,original,,40,1,41,0.044585227966308594,7.748603820800781e-05,0.0446627140045166
e5_ppo_s44_anneal_linear,none,7.636363636363637,20.0,409.6201332461394,355,rolled,746.1474615298077,0.8215595400957749,True,True,0.5034679795787995,1,350.5740156802883,152.39718416580095,17.122875616728727,9.707716816786776,355.0,rolled,1.0,False,original,,40,1,41,0.04424405097961426,6.842613220214844e-05,0.044312477111816406
e5_ppo_s44_anneal_linear,none,7.636363636363637,30.909090909090907,501.774525145321,355,rolled,837.8452953769847,0.6697645125254872,True,True,0.6063782909475769,1,376.92372487494316,170.103385080469,17.407728187676,9.898408574695337,355.0,rolled,1.0,False,original,,40,1,41,0.048249244689941406,7.62939453125e-05,0.048325538635253906
e5_ppo_s44_anneal_linear,none,7.636363636363637,41.81818181818181,593.9298338756057,355,rolled,916.3614466893822,0.5428782903694099,True,True,0.6624362648457779,1,464.2013118946434,171.51444098535595,16.65390105157933,10.369403143506904,355.0,rolled,1.0,False,original,,40,1,41,0.045135498046875,7.462501525878906e-05,0.04521012306213379
e5_ppo_s44_anneal_linear,none,7.636363636363637,52.72727272727273,675.9362632758116,355,rolled,1096.1104825763634,0.6216181053288191,True,True,0.6103122626769121,1,446.4770049036512,210.43754782204795,18.278825613714034,10.940705364272175,355.0,rolled,1.0,False,original,,40,1,41,0.04423785209655762,7.319450378417969e-05,0.0443110466003418
e5_ppo_s44_anneal_linear,none,7.636363636363637,63.63636363636363,779.5020738899598,355,rolled,1152.8804735616332,0.4789960311566563,True,True,0.7392093284389631,1,451.1606487463937,201.9213395365081,18.211295648440395,13.150786962580725,355.0,rolled,1.0,False,original,,40,1,41,0.04345893859863281,6.842613220214844e-05,0.04352736473083496
e5_ppo_s44_anneal_linear,none,7.636363636363637,74.54545454545453,846.6406079690952,355,rolled,1214.7103275774705,0.43474139575149096,True,True,0.7861825600607038,1,440.61166529111443,219.33939798499415,18.918866126286243,12.901185942984243,355.0,rolled,1.0,False,original,,40,1,41,0.04466414451599121,7.462501525878906e-05,0.04473876953125
e5_ppo_s44_anneal_linear,none,7.636363636363637,85.45454545454545,921.2774310054268,355,rolled,1266.3758749323606,0.37458688589637334,True,True,0.7726212290921965,1,440.49663840270676,242.92238043843017,18.55995899186972,12.525060815001359,355.0,rolled,1.0,False,original,,40,1,41,0.0451970100402832,9.703636169433594e-05,0.04529404640197754
e5_ppo_s44_anneal_linear,none,7.636363636363637,96.36363636363636,990.3158107657674,355,rolled,1289.0720014822082,0.30167769459868143,True,True,0.7866557417535649,1,491.32300964705144,254.18661489051357,16.52013282310273,12.925077543379057,355.0,rolled,1.0,False,original,,40,1,41,0.04610395431518555,6.890296936035156e-05,0.0461728572845459
e5_ppo_s44_anneal_linear,none,7.636363636363637,107.27272727272728,1055.0870687226268,355,rolled,1416.0810052559239,0.34214611024504865,True,True,0.7904856624754049,1,495.68975482766655,257.02848973414416,17.902921748527998,14.198573595594713,355.0,rolled,1.0,False,original,,40,1,41,0.05155158042907715,0.0001049041748046875,0.051656484603881836
e5_ppo_s44_anneal_linear,none,7.636363636363637,118.18181818181816,1088.4839809208006,355,rolled,1488.550685450054,0.3675448711618318,True,True,0.7964885029109746,1,508.9776576300298,269.79833869567454,18.037484854412554,14.389845779485753,355.0,rolled,1.0,False,original,,40,1,41,0.050217628479003906,6.818771362304688e-05,0.05028581619262695
e5_ppo_s44_anneal_linear,none,7.636363636363637,129.0909090909091,1173.7978050697595,355,rolled,1684.598831294005,0.4351695189904434,True,True,0.7169440947678983,1,553.5783187229417,277.1055684399568,18.965523499337817,15.912381301653475,355.0,rolled,1.0,False,original,,40,1,41,0.04532170295715332,7.2479248046875e-05,0.045394182205200195
e5_ppo_s44_anneal_linear,none,7.636363636363637,140.0,1251.7374258469372,355,rolled,1654.2920983564663,0.32159673762023766,True,True,0.7941245739656883,1,543.5752946295505,286.8575948607345,18.353490156846714,15.4866517846061,355.0,rolled,1.0,False,original,,40,1,41,0.04561424255371094,9.274482727050781e-05,0.045706987380981445
e5_ppo_s44_anneal_linear,none,8.454545454545455,20.0,516.1523336674153,355,rolled,938.3949716650401,0.8180581786726909,True,True,0.5020859339495557,1,392.4884991689801,166.94127395825512,17.317690089842525,10.156854180247095,355.0,rolled,1.0,False,original,,40,1,41,0.04702162742614746,0.00011467933654785156,0.04713630676269531
e5_ppo_s44_anneal_linear,none,8.454545454545455,30.909090909090907,633.218032838701,355,rolled,995.8042866571402,0.5726088566887046,True,True,0.5969088800954994,1,382.6768636631974,193.10912646805258,17.487405684332565,9.315102192057454,355.0,rolled,1.0,False,original,,40,1,41,0.05944943428039551,9.131431579589844e-05,0.059540748596191406
e5_ppo_s44_anneal_linear,none,8.454545454545455,41.81818181818181,757.3789000305048,355,rolled,1150.3490331312512,0.5188554012858276,True,True,0.6848065076663192,1,420.5464801905866,208.85298482999158,17.983995298368008,10.483322553522168,355.0,rolled,1.0,False,original,,40,1,41,0.04497838020324707,8.082389831542969e-05,0.0450592041015625
e5_ppo_s44_anneal_linear,none,8.454545454545455,52.72727272727273,897.7427828478864,355,rolled,1217.3769393626526,0.35604202297321624,True,True,0.7120754298254461,1,414.88396155034314,236.59761512347063,17.77293579221558,10.033885772839891,355.0,rolled,1.0,False,original,,40,1,41,0.04600238800048828,0.0001544952392578125,0.046156883239746094
e5_ppo_s44_anneal_linear,none,8.454545454545455,63.63636363636363,969.5859503873623,355,rolled,1292.448874427791,0.33299051405544877,True,True,0.772917319973561,1,428.80582948091933,251.81856267318938,17.611742118482667,10.416419042211924,355.0,rolled,1.0,False,original,,40,1,41,0.04758405685424805,7.462501525878906e-05,0.047658681869506836
e5_ppo_s44_anneal_linear,none,8.454545454545455,74.54545454545453,1093.1775012217977,355,rolled,1350.3868010755764,0.2352859435602241,True,True,0.7890190125727424,2,472.90321671295317,264.8863910615829,16.81550443352401,10.568965501227531,355.0,rolled,1.0,False,original,,40,1,41,0.05132627487182617,8.320808410644531e-05,0.05140948295593262
e5_ppo_s44_anneal_linear,none,8.454545454545455,85.45454545454545,1181.2789978646645,355,rolled,1511.1956023635096,0.2792876239188353,True,True,0.8215920216338516,1,441.2471501362053,285.7038578127619,19.07478430848307,10.581251737354034,355.0,rolled,1.0,False,original,,40,1,41,0.0462956428527832,7.915496826171875e-05,0.04637479782104492
e5_ppo_s44_anneal_linear,none,8.454545454545455,96.36363636363636,1257.923897819336,355,rolled,1611.2256496818047,0.28086099045811297,True,True,0.821952225719493,1,487.697687143848,283.2156786662917,18.595246554259575,12.50950191125548,355.0,rolled,1.0,False,original,,40,1,41,0.04611659049987793,9.512901306152344e-05,0.04621171951293945
e5_ppo_s44_anneal_linear,none,8.454545454545455,107.27272727272728,1345.9822136266182,460,rolled,1697.2589382388762,0.26098169875943383,True,True,0.8324204750772808,1,508.9508640742771,290.37286006361046,18.8707324911345,12.887673819291363,355.0,rolled,0.0,False,original,,40,1,41,0.04931163787841797,8.630752563476562e-05,0.049397945404052734
e5_ppo_s44_anneal_linear,none,8.454545454545455,118.18181818181816,1418.3994702060834,355,rolled,1807.9829904100366,0.2746641749290483,True,True,0.8153372209121408,2,545.2967675011527,300.0,18.474783164801387,13.88446592552827,355.0,rolled,1.0,False,original,,40,1,41,0.047335147857666016,0.00012826919555664062,0.047463417053222656
e5_ppo_s44_anneal_linear,none,8.454545454545455,129.0909090909091,1503.943042662674,355,rolled,1938.8709294423472,0.289191727639931,True,True,0.801386772814882,2,573.3652551137341,300.0,19.157079355217444,14.881203376378608,355.0,rolled,1.0,False,original,,40,1,41,0.0515904426574707,0.00011324882507324219,0.051703691482543945
e5_ppo_s44_anneal_linear,none,8.454545454545455,140.0,1589.050557323039,355,rolled,2067.015098692415,0.3007862394098833,True,True,0.9300740508018078,1,682.281850535145,225.8207600377089,20.176975859917878,18.116693027050847,355.0,rolled,1.0,False,original,,40,1,41,0.046944618225097656,9.5367431640625e-05,0.04703998565673828
e5_ppo_s44_anneal_linear,none,9.272727272727272,20.0,633.3700898588271,355,rolled,1175.6359713335332,0.8561595979304496,True,True,0.46292714767156135,1,408.24263082468934,197.39476934673937,18.168376793671698,9.636309547539678,355.0,rolled,1.0,False,original,,40,1,41,0.0457608699798584,8.130073547363281e-05,0.04584217071533203
e5_ppo_s44_anneal_linear,none,9.272727272727272,30.909090909090907,801.8071464602682,355,rolled,1357.3970623935295,0.6929221301980405,True,True,0.5002534783504159,1,426.7529186394966,226.77683829207174,18.868554036538495,9.926606577209538,355.0,rolled,1.0,False,original,,40,1,41,0.046142578125,9.465217590332031e-05,0.04623723030090332
e5_ppo_s44_anneal_linear,none,9.272727272727272,41.81818181818181,962.5021253931346,355,rolled,1333.3662952194445,0.38531257234868976,True,True,0.6744102590430127,1,419.7280136822587,243.0886007210191,17.81357226972617,9.213951190609787,355.0,rolled,1.0,False,original,,40,1,41,0.04727506637573242,7.414817810058594e-05,0.04734921455383301
e5_ppo_s44_anneal_linear,none,9.272727272727272,52.72727272727273,1070.6846994207378,355,rolled,1411.0769888204563,0.3179201959119035,True,True,0.7521567173682798,2,428.32745709948847,273.00236246301256,17.24570410365576,8.872772590800272,355.0,rolled,1.0,False,original,,40,1,41,0.044762372970581055,7.224082946777344e-05,0.04483461380004883
e5_ppo_s44_anneal_linear,none,9.272727272727272,63.63636363636363,1216.7126656588257,355,rolled,1560.1566791165083,0.2822720788163362,True,True,0.7999323843354488,1,435.4501539972556,279.9871556707007,18.788067451832703,9.434704044079986,355.0,rolled,1.0,False,original,,40,1,41,0.05663609504699707,7.176399230957031e-05,0.05670785903930664
e5_ppo_s44_anneal_linear,none,9.272727272727272,74.54545454545453,1356.4151141978043,355,rolled,1712.0957996174182,0.26222111630624706,True,True,0.797263610433168,1,474.8175546675423,287.82082272612297,19.046168579538715,10.764339294859523,355.0,rolled,1.0,False,original,,40,1,41,0.044968366622924805,9.441375732421875e-05,0.04506278038024902
e5_ppo_s44_anneal_linear,none,9.272727272727272,85.45454545454545,1422.5235716023028,355,rolled,1772.7389903470432,0.24619305137437167,True,True,0.8336162791765598,2,517.2848744710986,290.3580463384726,18.237508118939008,11.707053766563405,355.0,rolled,1.0,False,original,,40,1,41,0.044742584228515625,6.794929504394531e-05,0.04481053352355957
e5_ppo_s44_anneal_linear,none,9.272727272727272,96.36363636363636,1530.0841209322955,355,rolled,1954.7715661966415,0.2775582332071911,True,True,0.8240270567012442,1,532.7458606657068,300.0,19.376605717347587,12.670685600815384,355.0,rolled,1.0,False,original,,40,1,41,0.046648502349853516,9.417533874511719e-05,0.04674267768859863
e5_ppo_s44_anneal_linear,none,9.272727272727272,107.27272727272728,1647.0835657255905,355,rolled,2146.5529769703085,0.3032447300417854,True,True,0.8160555290217517,1,607.1817928181706,296.14656598174,19.576044113568326,14.163233176447413,355.0,rolled,1.0,False,original,,40,1,41,0.04737210273742676,8.296966552734375e-05,0.0474550724029541
e5_ppo_s44_anneal_linear,none,9.272727272727272,118.18181818181816,1794.0191544704012,355,rolled,2300.543913950519,0.2823407755808744,True,True,0.8129637375569437,1,631.477317804507,300.0,20.178606894425823,15.126655364796873,355.0,rolled,1.0,False,original,,40,1,41,0.04633760452270508,7.915496826171875e-05,0.0464167594909668
e5_ppo_s44_anneal_linear,none,9.272727272727272,129.0909090909091,1876.6125693849333,355,rolled,2450.5028953138535,0.30581183100410275,True,True,0.8019693083012077,1,670.6841160076716,300.0,20.51407228544212,16.060263886836815,355.0,rolled,1.0,False,original,,40,1,41,0.04580259323120117,8.821487426757812e-05,0.04589080810546875
e5_ppo_s44_anneal_linear,none,9.272727272727272,140.0,1975.8458780810136,355,rolled,2589.504513893459,0.310580214084534,True,True,0.7993074206425923,1,699.313677701714,300.0,21.098874763262593,16.790576629140666,355.0,rolled,1.0,False,original,,40,1,41,0.04773569107055664,7.367134094238281e-05,0.04780936241149902
e5_ppo_s44_anneal_linear,none,10.09090909090909,20.0,771.2799576046779,355,rolled,1274.6921363048275,0.6526970832531023,True,True,0.5101461543606229,1,396.3397194760147,219.61677148549265,17.188102472842544,8.751093021004774,355.0,rolled,1.0,False,original,,40,1,41,0.04522705078125,7.271766662597656e-05,0.04529976844787598
e5_ppo_s44_anneal_linear,none,10.09090909090909,30.909090909090907,964.7090665866748,355,rolled,1393.6722174550453,0.4446554569929815,True,True,0.656742972996711,1,412.8928382231544,241.53645811756792,17.319634623526692,8.858777510586862,355.0,rolled,1.0,False,original,,40,1,41,0.04537534713745117,7.796287536621094e-05,0.04545331001281738
e5_ppo_s44_anneal_linear,none,10.09090909090909,41.81818181818181,1147.2574547707825,355,rolled,1662.3984146370574,0.44901949228928567,True,True,0.6374487448006336,1,479.3964943834716,248.46831614770656,19.148958168373145,10.113494641801626,355.0,rolled,1.0,False,original,,40,1,41,0.043152570724487305,7.033348083496094e-05,0.043222904205322266
e5_ppo_s44_anneal_linear,none,10.09090909090909,52.72727272727273,1318.1429375417918,355,rolled,1740.4798283931955,0.32040295390044793,True,True,0.7434670853111598,1,465.5568745179282,274.93070113462915,19.131887128476375,9.626792324409177,355.0,rolled,1.0,False,original,,40,1,41,0.04596734046936035,8.320808410644531e-05,0.0460505485534668
e5_ppo_s44_anneal_linear,none,10.09090909090909,63.63636363636363,1473.4968374975142,355,rolled,1864.2858953272723,0.26521200988354166,True,True,0.7978364000355206,2,475.58223499487974,300.0,18.943005844300338,9.843500532938613,355.0,rolled,1.0,False,original,,40,1,41,0.044119834899902344,7.843971252441406e-05,0.04419827461242676
e5_ppo_s44_anneal_linear,none,10.09090909090909,74.54545454545453,1593.8205978972342,355,rolled,2052.1759525245075,0.2875827776551467,True,True,0.7944872281057799,2,526.3266080801494,300.0,19.37295421115546,11.54723341948823,355.0,rolled,1.0,False,original,,40,1,41,0.04422736167907715,9.012222290039062e-05,0.04431748390197754
e5_ppo_s44_anneal_linear,none,10.09090909090909,85.45454545454545,1744.078619322344,355,rolled,2233.9854090566682,0.2808971936853833,True,True,0.76736130056361,1,596.8128122097952,300.0,19.35617233812825,12.845120691557318,355.0,rolled,1.0,False,original,,40,1,41,0.04506516456604004,9.107589721679688e-05,0.045156240463256836
e5_ppo_s44_anneal_linear,none,10.09090909090909,96.36363636363636,1930.113776773892,355,rolled,2445.6452831747065,0.26709902421530035,True,True,0.7982564983082038,1,650.3081501798152,300.0,20.065129238547687,13.968149852297541,355.0,rolled,1.0,False,original,,40,1,41,0.04504132270812988,7.104873657226562e-05,0.04511237144470215
e5_ppo_s44_anneal_linear,none,10.09090909090909,107.27272727272728,2067.605711285596,355,rolled,2623.484783145279,0.26885158462541114,True,True,0.7694931385884867,1,750.0,294.71067211606317,19.342111787958764,14.981662394703752,355.0,rolled,1.0,False,original,,40,1,41,0.04492807388305664,7.033348083496094e-05,0.0449984073638916
e5_ppo_s44_anneal_linear,none,10.09090909090909,118.18181818181816,2170.353625378734,355,rolled,2787.0257097145404,0.2841343812016788,True,True,0.8089256242841523,1,714.4785728070849,300.0,21.336246240448613,15.82390226633304,355.0,rolled,1.0,False,original,,40,1,41,0.04593348503112793,8.940696716308594e-05,0.046022891998291016
e5_ppo_s44_anneal_linear,none,10.09090909090909,129.0909090909091,2307.5736162550616,355,rolled,2926.368624083239,0.26815829556606463,True,True,0.8175910321470211,1,750.0,300.0,21.50804949304747,16.547842860778143,355.0,rolled,1.0,False,original,,40,1,41,0.04470348358154297,7.653236389160156e-05,0.04478001594543457
e5_ppo_s44_anneal_linear,none,10.09090909090909,140.0,2443.406284429296,355,rolled,3081.3474686182194,0.26108682303644254,True,True,0.8377886185932693,1,750.0,300.0,22.894464825660148,17.28205925854656,355.0,rolled,1.0,False,original,,40,1,41,0.04412436485290527,0.00010132789611816406,0.04422569274902344
e5_ppo_s44_anneal_linear,none,10.90909090909091,20.0,939.0466900997784,355,rolled,1523.8900087230027,0.6228053671762388,True,True,0.5464824919396157,1,449.31753736724016,222.98762801504796,17.7711105616912,9.488085639237509,355.0,rolled,1.0,False,original,,40,1,41,0.05367898941040039,7.152557373046875e-05,0.05375051498413086
e5_ppo_s44_anneal_linear,none,10.90909090909091,30.909090909090907,1197.1649157491154,355,rolled,1800.673172031845,0.5041145529269789,True,True,0.6248319040404176,1,510.75528420647083,238.0757840052742,18.706188892138798,10.768079933244175,355.0,rolled,1.0,False,original,,40,1,41,0.04287266731262207,8.225440979003906e-05,0.04295492172241211
e5_ppo_s44_anneal_linear,none,10.90909090909091,41.81818181818181,1403.509472950396,355,rolled,1946.1616584226908,0.38663948903141726,True,True,0.712019217680978,1,528.0708288058722,257.96483230719457,19.122334634086364,10.758247413418369,355.0,rolled,1.0,False,original,,40,1,41,0.04883623123168945,8.130073547363281e-05,0.048917531967163086
e5_ppo_s44_anneal_linear,none,10.90909090909091,52.72727272727273,1588.7457907355176,355,rolled,2045.2774331081432,0.28735348665268345,True,True,0.7376833197294954,1,510.86733016948716,290.75540415019105,19.416949857215798,9.77709479731113,355.0,rolled,1.0,False,original,,40,1,41,0.04414820671081543,6.628036499023438e-05,0.044214487075805664
e5_ppo_s44_anneal_linear,none,10.90909090909091,63.63636363636363,1789.9941201560932,355,rolled,2225.8693851721755,0.24350653452318186,True,True,0.7692426147523708,2,557.5166640214696,300.0,19.063394469701464,11.306964328341527,355.0,rolled,1.0,False,original,,40,1,41,0.04504704475402832,7.367134094238281e-05,0.0451207160949707
e5_ppo_s44_anneal_linear,none,10.90909090909091,74.54545454545453,1942.2808212955651,355,rolled,2500.682140505173,0.2874977259143895,True,True,0.7584258106321716,1,599.3240917535725,300.0,20.735746325645145,12.559862367990158,355.0,rolled,1.0,False,original,,40,1,41,0.043370723724365234,7.343292236328125e-05,0.043444156646728516
e5_ppo_s44_anneal_linear,none,10.90909090909091,85.45454545454545,2177.190622234541,355,rolled,2730.519442154449,0.25414808160068386,True,True,0.7934306781197342,1,681.3775588418372,300.0,20.608573400366847,13.85639917794093,355.0,rolled,1.0,False,original,,40,1,41,0.04455399513244629,6.794929504394531e-05,0.044621944427490234
e5_ppo_s44_anneal_linear,none,10.90909090909091,96.36363636363636,2344.698716886334,355,rolled,2934.10587947681,0.2513786348521508,True,True,0.8066667368278281,1,717.7035285796643,300.0,21.29371467447265,14.875280006680244,355.0,rolled,1.0,False,original,,40,1,41,0.04533839225769043,8.344650268554688e-05,0.04542183876037598
e5_ppo_s44_anneal_linear,none,10.90909090909091,107.27272727272728,2499.121791022924,355,rolled,3107.675632614859,0.24350707667706176,True,True,0.827903953234227,1,750.0,300.0,21.679170193848975,15.794615319638275,355.0,rolled,1.0,False,original,,40,1,41,0.04512429237365723,9.34600830078125e-05,0.04521775245666504
e5_ppo_s44_anneal_linear,none,10.90909090909091,118.18181818181816,2669.547168301596,355,rolled,3313.904399613137,0.24137323324445709,True,True,0.8522685013790412,1,750.0,300.0,23.248722238082646,16.806277442752464,355.0,rolled,1.0,False,original,,40,1,41,0.05979728698730469,0.0001323223114013672,0.059929609298706055
e5_ppo_s44_anneal_linear,none,10.90909090909091,129.0909090909091,2855.841135487434,355,rolled,3548.589171026848,0.24257232901758596,True,True,0.875566921078211,1,750.0,300.0,24.48487147148514,18.411090242080235,355.0,rolled,1.0,False,original,,40,1,41,0.07365965843200684,0.00013756752014160156,0.07379722595214844
e5_ppo_s44_anneal_linear,none,10.90909090909091,140.0,3078.8301843712,460,rolled,3776.694054175244,0.22666526830435474,True,True,0.8616352670149457,1,750.0,300.0,27.919320481400565,18.18028501149319,355.0,rolled,0.0,False,original,,40,1,41,0.06311821937561035,0.00011110305786132812,0.06322932243347168
e5_ppo_s44_anneal_linear,none,11.727272727272728,20.0,1117.8784812198996,355,rolled,1837.695168234772,0.6439131793908072,True,True,0.5384507469948603,1,507.31075509022634,227.05661645174504,18.62415376816384,10.290791212358762,355.0,rolled,1.0,False,original,,40,1,41,0.06435108184814453,0.00012803077697753906,0.06447911262512207
e5_ppo_s44_anneal_linear,none,11.727272727272728,30.909090909090907,1399.1707585826318,355,rolled,2080.249168667855,0.48677290166867093,True,True,0.6389155684550224,1,551.6524741596063,248.06014528284388,19.227928094897134,10.736973808181911,355.0,rolled,1.0,False,original,,40,1,41,0.06345295906066895,0.00012111663818359375,0.06357407569885254
e5_ppo_s44_anneal_linear,none,11.727272727272728,41.81818181818181,1658.320920880548,355,rolled,2214.8767426246995,0.33561406283690076,True,True,0.7224840291624711,1,559.8087986815879,278.0591166617416,19.293735909889598,10.156736288171304,355.0,rolled,1.0,False,original,,40,1,41,0.06282567977905273,0.000148773193359375,0.06297445297241211
e5_ppo_s44_anneal_linear,none,11.727272727272728,52.72727272727273,1896.895430152976,355,rolled,2383.508190276673,0.25653114683525485,True,True,0.741222979230012,2,564.1474205238608,300.0,19.396969516865656,10.669553116759893,355.0,rolled,1.0,False,original,,40,1,41,0.06271481513977051,0.0001232624053955078,0.06283807754516602
e5_ppo_s44_anneal_linear,none,11.727272727272728,63.63636363636363,2122.483987052358,355,rolled,2735.3858730987918,0.2887663180430462,True,True,0.7870910250669129,1,626.6725814283626,300.0,20.960243882302873,12.335104515861833,355.0,rolled,1.0,False,original,,40,1,41,0.07489514350891113,0.0016140937805175781,0.07650923728942871
e5_ppo_s44_anneal_linear,none,11.727272727272728,74.54545454545453,2414.680044837911,355,rolled,3018.304219271189,0.24998101745351423,True,True,0.7805133179270412,1,703.0720949615836,300.0,21.280102453764734,13.728493639777275,355.0,rolled,1.0,False,original,,40,1,41,0.08053421974182129,0.0001373291015625,0.08067154884338379
e5_ppo_s44_anneal_linear,none,11.727272727272728,85.45454545454545,2607.2244497923484,355,rolled,3264.389396162257,0.2520553788233492,True,True,0.7846681044679487,1,750.0,296.5786751526985,23.065196670187962,14.114694994307753,355.0,rolled,1.0,False,original,,40,1,41,0.07459092140197754,0.00016617774963378906,0.07475709915161133
e5_ppo_s44_anneal_linear,none,11.727272727272728,96.36363636363636,2809.399526814627,460,rolled,3510.1069777910548,0.2494153801509709,True,True,0.8232461898678638,1,750.0,300.0,24.145919985539905,15.54248050869536,355.0,rolled,0.0,False,original,,40,1,41,0.07273745536804199,0.00015783309936523438,0.07289528846740723
e5_ppo_s44_anneal_linear,none,11.727272727272728,107.27272727272728,3054.1802093068686,355,rolled,3751.681430901487,0.22837592211132593,True,True,0.8419825746617355,1,750.0,300.0,26.614917652782193,16.03477814667613,355.0,rolled,1.0,False,original,,40,1,41,0.07330465316772461,0.000141143798828125,0.07344579696655273
e5_ppo_s44_anneal_linear,none,11.727272727272728,118.18181818181816,3357.8991517305085,355,rolled,3995.9131071769216,0.19000390619760266,True,True,0.8707113869502103,1,750.0,300.0,28.266788451619355,17.22985280953052,355.0,rolled,1.0,False,original,,40,1,41,0.06668925285339355,0.0001239776611328125,0.06681323051452637
e5_ppo_s44_anneal_linear,none,11.727272727272728,129.0909090909091,3564.383823711408,460,rolled,4233.037350411996,0.18759302021642388,True,True,0.8971767806056413,1,750.0,300.0,29.882784171826795,18.391143053769746,355.0,rolled,0.0,False,original,,40,1,41,0.06927847862243652,0.00012087821960449219,0.06939935684204102
e5_ppo_s44_anneal_linear,none,11.727272727272728,140.0,3755.070343632353,460,rolled,4551.720343688574,0.2121531495161302,True,True,0.9061882415185936,1,750.0,300.0,31.88963365828298,20.103734958278896,355.0,rolled,0.0,False,original,,19,1,20,0.03225588798522949,0.00012087821960449219,0.032376766204833984
e5_ppo_s44_anneal_linear,none,12.545454545454549,20.0,1307.1994834284806,355,rolled,2137.421339584229,0.6351148900229591,True,True,0.5378419668945137,1,542.5564537034501,234.59249329179593,20.00562717456256,10.08535929373827,355.0,rolled,1.0,False,original,,40,1,41,0.0671854019165039,0.00011205673217773438,0.06729745864868164
e5_ppo_s44_anneal_linear,none,12.545454545454549,30.909090909090907,1673.5520688887286,355,rolled,2385.406706703556,0.42535553631594686,True,True,0.6416323440806689,1,599.3240107418252,258.98688237953314,19.761096791657735,10.532305752286165,355.0,rolled,1.0,False,original,,40,1,41,0.06482744216918945,0.00010657310485839844,0.06493401527404785
e5_ppo_s44_anneal_linear,none,12.545454545454549,41.81818181818181,1957.4303873162305,355,rolled,2548.0969267580704,0.30175608965163947,True,True,0.6607618440407741,1,587.6195438292071,300.0,19.601103457650733,9.976513261038402,355.0,rolled,1.0,False,original,,40,1,41,0.06428384780883789,0.00011420249938964844,0.06439805030822754
e5_ppo_s44_anneal_linear,none,12.545454545454549,52.72727272727273,2222.5772160497027,355,rolled,2933.683154727172,0.3199465618303033,True,True,0.7187786473955687,1,593.1897360518441,300.0,22.363959996786033,11.707604067274286,355.0,rolled,1.0,False,original,,40,1,41,0.06901717185974121,0.00013303756713867188,0.06915020942687988
e5_ppo_s44_anneal_linear,none,12.545454545454549,63.63636363636363,2552.3230156844406,355,rolled,3281.76075948857,0.2857936629970484,True,True,0.7456180024857243,1,750.0,292.61407865199374,22.11517025759404,13.107768974095533,355.0,rolled,1.0,False,original,,40,1,41,0.07259774208068848,0.00011444091796875,0.07271218299865723
e5_ppo_s44_anneal_linear,none,12.545454545454549,74.54545454545453,2864.0220557743514,355,rolled,3574.1148069331534,0.24793550375323936,True,True,0.7752719366176829,1,750.0,298.4064539774334,24.388604897364676,13.71197245800489,355.0,rolled,1.0,False,original,,40,1,41,0.06699085235595703,0.00015282630920410156,0.06714367866516113
e5_ppo_s44_anneal_linear,none,12.545454545454549,85.45454545454545,3136.2352005841685,355,rolled,3861.6270968082563,0.23129384431657843,True,True,0.8167210054909974,1,750.0,300.0,26.26168628558528,14.850565868352943,355.0,rolled,1.0,False,original,,40,1,41,0.09023666381835938,0.00011658668518066406,0.09035325050354004
e5_ppo_s44_anneal_linear,none,12.545454545454549,96.36363636363636,3474.753399293351,355,rolled,4148.003389750517,0.19375475410545193,True,True,0.8544674209037576,1,750.0,300.0,28.226008156064907,16.027729774203173,355.0,rolled,1.0,False,original,,40,1,41,0.06388521194458008,0.0001888275146484375,0.06407403945922852
e5_ppo_s44_anneal_linear,none,12.545454545454549,107.27272727272728,3810.945853911128,460,rolled,4432.388697556796,0.1630678753957862,True,True,0.8908867618311165,1,750.0,300.0,29.950614001174905,17.39525188695871,355.0,rolled,0.0,False,original,,40,1,41,0.06369805335998535,0.00014710426330566406,0.06384515762329102
e5_ppo_s44_anneal_linear,none,12.545454545454549,118.18181818181816,4051.8868674716473,460,rolled,4758.585152342687,0.17441214623843024,True,True,0.9104811008681133,1,750.0,300.0,32.17525076574792,18.778721485082368,355.0,rolled,0.0,False,original,,20,1,21,0.03395223617553711,0.00010585784912109375,0.0340580940246582
e5_ppo_s44_anneal_linear,none,12.545454545454549,129.0909090909091,4389.083655555064,460,rolled,5127.952075444669,0.1683422959948492,True,True,0.9420195316791404,1,750.0,300.0,33.13094383218248,21.64588141113773,355.0,rolled,0.0,False,original,,9,1,10,0.014714241027832031,0.00012826919555664062,0.014842510223388672
e5_ppo_s44_anneal_linear,none,12.545454545454549,140.0,4731.036754406592,460,rolled,5308.451456948793,0.1220482385820368,True,True,0.9740417255293968,1,750.0,300.0,35.0,21.91079308778881,355.0,rolled,0.0,False,original,,9,1,10,0.014163970947265625,0.00011181831359863281,0.014275789260864258
e5_ppo_s44_anneal_linear,none,13.363636363636363,20.0,1553.9456704912225,355,rolled,2443.921269485521,0.572719893555201,True,True,0.5360705900452447,1,609.8918022516627,245.90333867921902,19.64865055463862,10.256366797863809,355.0,rolled,1.0,False,original,,40,1,41,0.06336164474487305,0.00011372566223144531,0.06347537040710449
e5_ppo_s44_anneal_linear,none,13.363636363636363,30.909090909090907,2055.764041961098,355,rolled,2875.1423770667557,0.3985760614452673,True,True,0.6195305509937266,1,682.6337071461326,254.7844156819134,21.84927949391153,11.142786004748517,355.0,rolled,1.0,False,original,,40,1,41,0.06288862228393555,9.608268737792969e-05,0.06298470497131348
e5_ppo_s44_anneal_linear,none,13.363636363636363,41.81818181818181,2295.1327804460216,355,rolled,3070.432736100595,0.33780178744338546,True,True,0.6880383615515195,1,670.4075605008439,300.0,20.710716875148545,11.234948152482993,355.0,rolled,1.0,False,original,,40,1,41,0.06663393974304199,0.0001266002655029297,0.06676054000854492
e5_ppo_s44_anneal_linear,none,13.363636363636363,52.72727272727273,2698.233573079863,355,rolled,3462.337284885939,0.2831866445623904,True,True,0.7213225460384047,1,750.0,295.05162919858594,22.414358693371284,12.414472466329917,355.0,rolled,1.0,False,original,,40,1,41,0.06076502799987793,0.00010585784912109375,0.06087088584899902
e5_ppo_s44_anneal_linear,none,13.363636363636363,63.63636363636363,3099.504449257762,355,rolled,3837.2856316165153,0.23803198041397533,True,True,0.7603521646749553,1,750.0,299.34183603661273,25.196025603088604,13.260393403113687,355.0,rolled,1.0,False,original,,40,1,41,0.06118273735046387,0.00011038780212402344,0.06129312515258789
e5_ppo_s44_anneal_linear,none,13.363636363636363,74.54545454545453,3409.0278837627866,355,rolled,4167.210285393919,0.22240428282864974,True,True,0.8188472442748006,1,750.0,300.0,27.106375030289175,14.648546572948998,355.0,rolled,1.0,False,original,,40,1,41,0.06141185760498047,9.560585021972656e-05,0.061507463455200195
e5_ppo_s44_anneal_linear,none,13.363636363636363,85.45454545454545,3859.8972334468967,355,rolled,4505.694883568608,0.16730954506397896,True,True,0.8604786024061598,1,750.0,300.0,29.49499973335734,15.785606956220198,355.0,rolled,1.0,False,original,,40,1,41,0.06301736831665039,0.000102996826171875,0.06312036514282227
e5_ppo_s44_anneal_linear,none,13.363636363636363,96.36363636363636,4245.414696419247,460,rolled,4850.741899469045,0.1425837630327034,True,True,0.8926416310681562,1,750.0,300.0,31.99096572333293,16.910648219316894,355.0,rolled,0.0,False,original,,40,1,41,0.06043076515197754,0.00011396408081054688,0.060544729232788086
e5_ppo_s44_anneal_linear,none,13.363636363636363,107.27272727272728,4631.739739142465,460,rolled,5510.303960185162,0.18968341714410705,True,True,0.9930362158559624,1,658.7564453543768,300.0,35.0,23.749902932934457,355.0,rolled,0.0,False,original,,8,1,9,0.011852502822875977,0.00011229515075683594,0.011964797973632812
e5_ppo_s44_anneal_linear,none,13.363636363636363,118.18181818181816,5063.816158705762,460,rolled,5614.69425473451,0.1087871436804973,True,True,0.9664242578348035,1,750.0,300.0,35.0,21.537712210331602,355.0,rolled,0.0,False,original,,9,1,10,0.013850212097167969,0.00010228157043457031,0.013952493667602539
e5_ppo_s44_anneal_linear,none,13.363636363636363,129.0909090909091,5459.024045280959,460,rolled,6434.575135000969,0.17870430348503816,True,True,0.8888502552082281,1,750.0,300.0,35.0,22.725611899919958,460.0,rolled,1.0,False,original,,8,1,9,0.012073993682861328,8.916854858398438e-05,0.012163162231445312
e5_ppo_s44_anneal_linear,none,13.363636363636363,140.0,5943.747564514266,460,rolled,12689.394618584516,1.1349147959014168,True,True,0.8369848542315026,1,750.0,300.0,35.0,16.265949941857247,690.0,rolled,0.0,False,original,,40,1,41,0.05888247489929199,0.00010228157043457031,0.05898475646972656
e5_ppo_s44_anneal_linear,none,14.181818181818182,20.0,1796.9028968466985,355,rolled,2968.625498249623,0.6520789762536007,True,True,0.5279550901363972,1,686.2506574685057,238.85963872113737,22.01279519076015,11.278713127040607,355.0,rolled,1.0,False,original,,40,1,41,0.06729984283447266,0.00010776519775390625,0.06740760803222656
e5_ppo_s44_anneal_linear,none,14.181818181818182,30.909090909090907,2224.07150895444,355,rolled,3421.137433453973,0.5382317608404085,True,True,0.6426135992143984,1,744.6729886312366,244.3247982646138,24.44519845347431,12.247166534195099,355.0,rolled,1.0,False,original,,40,1,41,0.06800007820129395,0.00011181831359863281,0.06811189651489258
e5_ppo_s44_anneal_linear,none,14.181818181818182,41.81818181818181,2615.0382292659383,355,rolled,3625.5602826863446,0.3864272583518092,True,True,0.6678766499551142,2,750.0,300.0,22.101679294159688,11.941721151057832,355.0,rolled,1.0,False,original,,40,1,41,0.0601038932800293,0.00012636184692382812,0.060230255126953125
e5_ppo_s44_anneal_linear,none,14.181818181818182,52.72727272727273,3202.0654799770145,355,rolled,4008.366827272539,0.2518066392887482,True,True,0.7443254445882002,1,750.0,300.0,25.047270125901477,12.789101035325265,355.0,rolled,1.0,False,original,,40,1,41,0.062165260314941406,0.00010037422180175781,0.062265634536743164
e5_ppo_s44_anneal_linear,none,14.181818181818182,63.63636363636363,3623.765744949169,355,rolled,4422.364690840038,0.22037819276921028,True,True,0.8070190215229563,1,750.0,300.0,27.6879652237301,14.170876601673358,355.0,rolled,1.0,False,original,,40,1,41,0.06313633918762207,0.00013399124145507812,0.06327033042907715
e5_ppo_s44_anneal_linear,none,14.181818181818182,74.54545454545453,4194.266016339479,355,rolled,4826.621124764009,0.1507665717818285,True,True,0.8532278290486431,1,750.0,300.0,30.569529378943326,15.290319759254627,355.0,rolled,1.0,False,original,,40,1,41,0.06313538551330566,0.00011706352233886719,0.06325244903564453
e5_ppo_s44_anneal_linear,none,14.181818181818182,85.45454545454545,4665.282330709234,460,rolled,5623.4373992138435,0.20537986783726916,True,True,0.9602299822638238,1,639.2300682128713,300.0,35.0,22.208014358209915,355.0,rolled,0.0,False,original,,9,1,10,0.01778244972229004,0.0001246929168701172,0.017907142639160156
e5_ppo_s44_anneal_linear,none,14.181818181818182,96.36363636363636,5186.697126154381,460,rolled,5926.452235378396,0.14262546881593177,True,True,0.940731343361185,1,729.9246294528111,300.0,35.0,21.90282800784053,355.0,rolled,0.0,False,original,,10,1,11,0.015623331069946289,0.0001232624053955078,0.015746593475341797
e5_ppo_s44_anneal_linear,none,14.181818181818182,107.27272727272728,5684.871516431859,460,rolled,13016.523956453753,1.2896777735134541,True,True,0.7651057116993958,1,742.2579638891389,300.0,35.0,22.66320211589582,620.0,rolled,0.0,False,original,,9,1,10,0.015014410018920898,9.131431579589844e-05,0.015105724334716797
e5_ppo_s44_anneal_linear,none,14.181818181818182,118.18181818181816,6186.248050426683,460,rolled,8557.504213625336,0.38331087662013497,True,True,0.9361656527169288,1,750.0,300.0,35.0,20.44213977831071,500.0,rolled,0.0,False,original,,40,1,41,0.062444448471069336,0.0001475811004638672,0.0625920295715332
e5_ppo_s44_anneal_linear,none,14.181818181818182,129.0909090909091,8947.780102569574,500,rolled,14221.019492289959,0.5893349332764722,True,True,0.9060593955342362,1,750.0,300.0,35.0,18.62155737628578,690.0,rolled,0.0,False,original,,19,1,20,0.030012845993041992,9.655952453613281e-05,0.030109405517578125
e5_ppo_s44_anneal_linear,none,14.181818181818182,140.0,12705.653958132376,620,rolled,15758.450169553043,0.2402706874813552,True,True,0.9449007932209179,1,750.0,300.0,35.0,23.346750647737252,690.0,rolled,0.0,False,original,,8,1,9,0.01186227798461914,9.870529174804688e-05,0.011960983276367188
e5_ppo_s44_anneal_linear,none,15.0,20.0,2057.2483346770277,355,rolled,3594.3476041696376,0.7471627239080608,True,True,0.5773140758821316,1,520.419918490752,300.0,21.742568426449182,8.503126039634317,355.0,rolled,1.0,False,original,,40,1,41,0.06197404861450195,0.00011444091796875,0.0620884895324707
e5_ppo_s44_anneal_linear,none,15.0,30.909090909090907,2565.283454586496,355,rolled,4101.2606717035915,0.5987553595182263,True,True,0.5632375669152498,1,673.8595133735554,300.0,25.28230841249726,12.879260739189716,355.0,rolled,1.0,False,original,,40,1,41,0.07271218299865723,0.00011038780212402344,0.07282257080078125
e5_ppo_s44_anneal_linear,none,15.0,41.81818181818181,3234.6725939942403,355,rolled,4178.6507319835355,0.29183112372546227,True,True,0.6969609270708728,1,750.0,300.0,24.80949663710773,12.491753821677857,355.0,rolled,1.0,False,original,,40,1,41,0.06627082824707031,0.00012683868408203125,0.06639766693115234
e5_ppo_s44_anneal_linear,none,15.0,52.72727272727273,3765.638206814382,355,rolled,4780.4961115465485,0.26950488841324616,True,True,0.7547997485173097,1,750.0,300.0,28.544623233803513,14.304847553613534,355.0,rolled,1.0,False,original,,40,1,41,0.060970306396484375,0.00011920928955078125,0.061089515686035156
e5_ppo_s44_anneal_linear,none,15.0,63.63636363636363,4414.262908667717,355,rolled,5592.802437400892,0.266984444088962,True,True,0.8508783122109913,1,660.7165981404962,300.0,33.381874931989216,19.53704284302795,355.0,rolled,1.0,False,original,,40,1,41,0.06955361366271973,0.00013899803161621094,0.06969261169433594
e5_ppo_s44_anneal_linear,none,15.0,74.54545454545453,5055.036012019389,460,rolled,5502.926136507446,0.08860275642410977,True,True,0.9371243794063356,1,750.0,300.0,31.553069844807936,17.750951863848467,355.0,rolled,0.0,False,original,,40,1,41,0.06811308860778809,0.00014495849609375,0.06825804710388184
e5_ppo_s44_anneal_linear,none,15.0,85.45454545454545,5678.659053486651,460,rolled,6007.201457150457,0.057855631156810444,True,True,0.9626068062750899,1,750.0,300.0,35.0,19.083928703164432,355.0,rolled,0.0,False,original,,7,1,8,0.010231494903564453,0.00011730194091796875,0.010348796844482422
e5_ppo_s44_anneal_linear,none,15.0,96.36363636363636,6293.677091962863,460,rolled,9294.3018223005,0.4767681415002189,True,True,0.8832666212181589,1,750.0,300.0,35.0,21.82060246554008,500.0,rolled,0.0,False,original,,11,1,12,0.020894765853881836,0.00015091896057128906,0.021045684814453125
e5_ppo_s44_anneal_linear,none,15.0,107.27272727272728,7396.103440982998,460,rolled,14464.585561246362,0.9557035237089531,True,True,0.9038334023534773,1,750.0,300.0,35.0,16.921688662276974,690.0,rolled,0.0,False,original,,22,1,23,0.04086136817932129,0.00011849403381347656,0.040979862213134766
e5_ppo_s44_anneal_linear,none,15.0,118.18181818181816,13338.283576315587,620,rolled,15953.380487519438,0.19605947768627477,True,True,0.9988301432435206,1,750.0,300.0,33.45477723506445,22.57609839524081,690.0,rolled,0.0,False,original,,6,1,7,0.012433528900146484,0.00013685226440429688,0.012570381164550781
e5_ppo_s44_anneal_linear,scale,6.0,20.0,241.3288087904857,355,rolled,327.35967114299496,0.35648815731402633,True,True,1.0009619756613415,1,348.33369067419517,121.73959809666806,8.633243988653975,6.0,355.0,welded,1.0,True,scale,0.7911338806152344,40,18,58,0.13904523849487305,0.000949859619140625,0.13999509811401367
e5_ppo_s44_anneal_linear,scale,6.0,30.909090909090907,292.67799548197263,355,rolled,385.77407469791825,0.31808362997237977,True,True,1.0009929270788176,1,250.0,120.0,14.209916114046269,9.226999724344976,355.0,rolled,1.0,True,scale,0.709136962890625,40,18,58,0.044280052185058594,0.0010352134704589844,0.04531526565551758
e5_ppo_s44_anneal_linear,scale,6.0,41.81818181818181,342.2853688824266,355,rolled,443.68719587100543,0.2962493761262985,True,True,1.000972401007492,1,288.031667552849,126.76650328699124,15.573084096010332,9.052706039745022,355.0,rolled,1.0,True,scale,0.8576011657714844,40,18,58,0.045404672622680664,0.0011281967163085938,0.04653286933898926
e5_ppo_s44_anneal_linear,scale,6.0,52.72727272727273,386.25765574493386,355,rolled,518.3316572439611,0.3419323851181933,True,True,1.0009610591254252,1,320.56679227997375,130.34828784629352,16.396696849436722,10.615019616014349,355.0,rolled,1.0,True,scale,0.876678466796875,40,18,58,0.04298853874206543,0.0009999275207519531,0.04398846626281738
e5_ppo_s44_anneal_linear,scale,6.0,63.63636363636363,431.68145507497405,355,rolled,518.9034650718958,0.20205178835345863,True,True,1.000992666311997,1,404.76427979546156,146.70697419271113,12.563531146676711,9.617216089745892,355.0,rolled,1.0,True,scale,0.8719635009765625,40,18,58,0.043869972229003906,0.0010788440704345703,0.04494881629943848
e5_ppo_s44_anneal_linear,scale,6.0,74.54545454545453,466.9500019446189,355,rolled,613.5195491568397,0.3138870255955245,True,True,1.0009836336758053,1,427.8637893769508,138.04833040876457,14.821617602745091,11.508833684365792,355.0,rolled,1.0,True,scale,0.8999671936035156,40,18,58,0.044137001037597656,0.0011713504791259766,0.04530835151672363
e5_ppo_s44_anneal_linear,scale,6.0,85.45454545454545,518.2473353887603,355,rolled,630.7780684837578,0.2171371185354637,True,True,1.000975292812315,1,454.37366001732164,157.228498914054,12.731337779355114,11.461196106504362,355.0,rolled,1.0,True,scale,0.9671897888183594,40,18,58,0.046772003173828125,0.0010399818420410156,0.04781198501586914
e5_ppo_s44_anneal_linear,scale,6.0,96.36363636363636,549.7256874002802,355,rolled,703.335712848104,0.27943032128308265,True,True,1.0009826502039396,1,348.53871283151136,176.24012701194312,17.36416493078805,12.18806471580136,355.0,rolled,1.0,True,scale,0.8806495666503906,40,18,58,0.04525327682495117,0.0011110305786132812,0.04636430740356445
e5_ppo_s44_anneal_linear,scale,6.0,107.27272727272728,586.6560772595034,355,rolled,788.740846571164,0.3444688926699207,True,True,1.000983575101446,1,383.85938095443146,178.00884994972063,17.558748946116403,14.05532866891729,355.0,rolled,1.0,True,scale,0.90240478515625,40,18,58,0.043998003005981445,0.0011267662048339844,0.04512476921081543
e5_ppo_s44_anneal_linear,scale,6.0,118.18181818181816,628.4217050081675,355,rolled,730.4036417193073,0.16228264539305562,True,True,1.0009772763829874,3,542.7186322851005,206.0263725992353,11.833324979539652,10.503874390180712,355.0,rolled,1.0,True,scale,0.9398956298828125,40,18,58,0.04502153396606445,0.001142263412475586,0.04616379737854004
e5_ppo_s44_anneal_linear,scale,6.0,129.0909090909091,657.4964976148059,355,rolled,754.1149872067105,0.14694905591498447,True,True,1.000961172297588,1,512.2541420017138,181.45368981037655,14.417440354641588,11.234755383013448,355.0,rolled,1.0,True,scale,0.8958015441894531,40,18,58,0.04501605033874512,0.0010807514190673828,0.0460968017578125
e5_ppo_s44_anneal_linear,scale,6.0,140.0,697.879425726456,355,rolled,893.8240680720808,0.280771484474781,True,True,1.0009631425877337,1,380.9915701306467,214.82473026396246,18.320879017023252,13.84418655317252,355.0,rolled,1.0,True,scale,0.8980445861816406,40,18,58,0.04512739181518555,0.0009965896606445312,0.04612398147583008
e5_ppo_s44_anneal_linear,scale,6.818181818181818,20.0,317.0885192434045,355,rolled,395.67854825608237,0.247848863150893,True,True,1.0009987192250236,1,250.0,120.0,13.067223016220897,7.984359522787601,355.0,rolled,1.0,True,scale,0.6800575256347656,40,18,58,0.047519683837890625,0.0018143653869628906,0.049334049224853516
e5_ppo_s44_anneal_linear,scale,6.818181818181818,30.909090909090907,392.6423822212096,355,rolled,643.8263103559963,0.6397269869692085,True,True,1.0009627114766693,1,387.5852836614688,135.4883645855719,13.836153305528489,9.242852156605133,355.0,welded,1.0,True,scale,0.9417266845703125,40,18,58,0.05395984649658203,0.0010309219360351562,0.05499076843261719
e5_ppo_s44_anneal_linear,scale,6.818181818181818,41.81818181818181,455.0251859822217,355,rolled,707.725363910107,0.5553542654620409,True,True,1.0009899785794294,1,390.7359605936545,163.02425832012761,13.858838072950746,8.978940304516158,355.0,welded,1.0,True,scale,0.9618682861328125,40,18,58,0.04518485069274902,0.0009980201721191406,0.046182870864868164
e5_ppo_s44_anneal_linear,scale,6.818181818181818,52.72727272727273,519.9507333014534,355,rolled,708.9492002161373,0.3634930288772335,True,True,1.0009648536191331,1,370.55846848530484,142.62580792913073,16.647889742393808,12.07618769451309,355.0,rolled,1.0,True,scale,0.88720703125,40,18,58,0.04698634147644043,0.0010938644409179688,0.0480802059173584
e5_ppo_s44_anneal_linear,scale,6.818181818181818,63.63636363636363,570.1996303697795,355,rolled,842.5873635203221,0.4777059097248043,True,True,1.0009930587975295,1,441.5798541685954,133.63871513287313,17.382710389401527,14.35195356618622,355.0,rolled,1.0,True,scale,0.9673271179199219,40,18,58,0.04597783088684082,0.0010833740234375,0.04706120491027832
e5_ppo_s44_anneal_linear,scale,6.818181818181818,74.54545454545453,645.0378754655677,355,rolled,742.3442156579646,0.1508536845563747,True,True,1.0009810832913637,1,470.727561961892,175.5954362358431,13.33356173798868,10.2567227905293,355.0,rolled,1.0,True,scale,0.9080123901367188,40,18,58,0.04964256286621094,0.0010900497436523438,0.05073261260986328
e5_ppo_s44_anneal_linear,scale,6.818181818181818,85.45454545454545,698.212152166206,355,rolled,981.7112572279087,0.40603576460556523,True,True,1.0009829132842762,1,443.1614108543538,154.537465335678,18.56857213624278,15.951439780303598,355.0,rolled,1.0,True,scale,0.9815635681152344,40,18,58,0.04421806335449219,0.0009877681732177734,0.04520583152770996
e5_ppo_s44_anneal_linear,scale,6.818181818181818,96.36363636363636,733.8166260116295,355,rolled,961.9457160107775,0.31088024161983563,True,True,1.0009937323888465,1,413.2049710375157,198.7935324469793,17.272696969878123,13.4749050513174,355.0,rolled,1.0,True,scale,0.9173965454101562,40,18,58,0.04474592208862305,0.0010628700256347656,0.04580879211425781
e5_ppo_s44_anneal_linear,scale,6.818181818181818,107.27272727272728,798.4291807439346,355,rolled,1007.9993459329496,0.2624780885309684,True,True,1.0009704120190408,1,439.17358369413546,203.90345004086566,17.30793536461788,13.556947152913978,355.0,rolled,1.0,True,scale,0.8882026672363281,40,18,58,0.044310569763183594,0.0011665821075439453,0.04547715187072754
e5_ppo_s44_anneal_linear,scale,6.818181818181818,118.18181818181816,852.2289524013323,460,rolled,976.6821777705638,0.14603261836922893,True,True,1.0009844926437161,1,530.034906942666,211.3420415843749,13.80195010456917,12.577465572317458,355.0,rolled,0.0,True,scale,0.9720993041992188,40,18,58,0.0479276180267334,0.0010390281677246094,0.04896664619445801
e5_ppo_s44_anneal_linear,scale,6.818181818181818,129.0909090909091,896.311601431932,355,rolled,1087.3577283188047,0.21314699774237073,True,True,1.0009929168803102,1,435.36637416526423,234.47366299860596,16.889923047467487,13.96924565121307,355.0,rolled,1.0,True,scale,0.9166755676269531,40,18,58,0.04375648498535156,0.001043558120727539,0.0448000431060791
e5_ppo_s44_anneal_linear,scale,6.818181818181818,140.0,931.1411275891702,355,rolled,1146.3943838046464,0.2311714624535931,True,True,1.0009714429687862,1,415.20251639133755,268.58166402880653,17.648881926706775,12.594275776513335,355.0,rolled,1.0,True,scale,0.9364967346191406,40,18,58,0.044585227966308594,0.0010368824005126953,0.04562211036682129
e5_ppo_s44_anneal_linear,scale,7.636363636363637,20.0,409.6201332461394,355,rolled,512.1208777961253,0.2502336585306308,True,True,1.0009941402069062,1,290.43812943801106,126.25565820913755,14.185694724328211,8.042498836972435,355.0,rolled,1.0,True,scale,0.8284645080566406,40,18,58,0.04424405097961426,0.001064300537109375,0.04530835151672363
e5_ppo_s44_anneal_linear,scale,7.636363636363637,30.909090909090907,501.774525145321,355,rolled,633.0073338461033,0.261537407987732,True,True,1.0009568976072951,1,327.62416526348085,147.85479360305948,15.130892645489846,8.60375092546217,355.0,rolled,1.0,True,scale,0.8692054748535156,40,18,58,0.048249244689941406,0.0010390281677246094,0.049288272857666016
e5_ppo_s44_anneal_linear,scale,7.636363636363637,41.81818181818181,593.9298338756057,355,rolled,733.0908985075182,0.23430556388089904,True,True,1.0009945511562068,1,415.1947685189253,153.40736184461755,14.895719626093879,9.274687140102083,355.0,rolled,1.0,True,scale,0.8944282531738281,40,18,58,0.045135498046875,0.001043081283569336,0.046178579330444336
e5_ppo_s44_anneal_linear,scale,7.636363636363637,52.72727272727273,675.9362632758116,355,rolled,822.7538982230833,0.2172063298331483,True,True,1.0009762271842386,1,386.8182046726137,182.31862682782074,15.836386711442096,9.478795011566312,355.0,rolled,1.0,True,scale,0.8663787841796875,40,18,58,0.04423785209655762,0.0010731220245361328,0.04531097412109375
e5_ppo_s44_anneal_linear,scale,7.636363636363637,63.63636363636363,779.5020738899598,355,rolled,968.2749434546342,0.24217109342973092,True,True,1.0009785299151923,1,413.46468130295705,185.05014240871523,16.689681540973545,12.051995127400803,355.0,rolled,1.0,True,scale,0.9164466857910156,40,18,58,0.04345893859863281,0.0009450912475585938,0.044404029846191406
e5_ppo_s44_anneal_linear,scale,7.636363636363637,74.54545454545453,846.6406079690952,355,rolled,1053.0528115757452,0.24380144498595163,True,True,1.0009684558735044,1,410.2463304173455,204.22333366921006,17.615047479140067,12.012083673827012,355.0,rolled,1.0,True,scale,0.9310836791992188,40,18,58,0.04466414451599121,0.0010495185852050781,0.04571366310119629
e5_ppo_s44_anneal_linear,scale,7.636363636363637,85.45454545454545,921.2774310054268,355,rolled,1078.7382728381644,0.17091577035692096,True,True,1.0009601145325546,1,406.55502005898626,224.20446523733514,17.129857171203305,11.559966426412597,355.0,rolled,1.0,True,scale,0.9229469299316406,40,18,58,0.0451970100402832,0.001071929931640625,0.04626893997192383
e5_ppo_s44_anneal_linear,scale,7.636363636363637,96.36363636363636,990.3158107657674,355,rolled,1110.8252820784094,0.12168792015898171,True,True,1.0009962174761236,1,456.09088556507635,235.95922846659437,15.335495918162373,11.998237304195863,355.0,rolled,1.0,True,scale,0.9282913208007812,40,18,58,0.04610395431518555,0.0010073184967041016,0.04711127281188965
e5_ppo_s44_anneal_linear,scale,7.636363636363637,107.27272727272728,1055.0870687226268,355,rolled,1223.2525512607112,0.15938540763434728,True,True,1.0009862455032545,1,460.70609640303485,238.88852052420077,16.639410261446407,13.196499124723369,355.0,rolled,1.0,True,scale,0.9294242858886719,40,18,58,0.05155158042907715,0.001712799072265625,0.05326437950134277
e5_ppo_s44_anneal_linear,scale,7.636363636363637,118.18181818181816,1088.4839809208006,355,rolled,1290.6716883146898,0.1857516609687255,True,True,1.0009967690217818,1,473.9415636056238,251.22644301328836,16.795852720173837,13.399303302485249,355.0,rolled,1.0,True,scale,0.9311637878417969,40,18,58,0.050217628479003906,0.0010268688201904297,0.051244497299194336
e5_ppo_s44_anneal_linear,scale,7.636363636363637,129.0909090909091,1173.7978050697595,355,rolled,1368.1062985951048,0.16553830028145045,True,True,1.000973977779637,1,498.87385725703825,249.72207024645598,17.091355537262217,14.339924035344373,355.0,rolled,1.0,True,scale,0.9011802673339844,40,18,58,0.04532170295715332,0.0010528564453125,0.04637455940246582
e5_ppo_s44_anneal_linear,scale,7.636363636363637,140.0,1251.7374258469372,355,rolled,1430.5399557406706,0.14284347995167915,True,True,1.0009644188707691,1,505.4795712373153,266.75357671505344,17.06721116071639,14.401291194293968,355.0,rolled,1.0,True,scale,0.9299163818359375,40,18,58,0.04561424255371094,0.0011699199676513672,0.046784162521362305
e5_ppo_s44_anneal_linear,scale,8.454545454545455,20.0,516.1523336674153,355,rolled,647.7592193075296,0.25497682962122525,True,True,1.0009534461217982,1,326.0925679855558,138.70039209579485,14.388115944624031,8.438654047963931,355.0,rolled,1.0,True,scale,0.8308334350585938,40,18,58,0.04702162742614746,0.0013866424560546875,0.04840826988220215
e5_ppo_s44_anneal_linear,scale,8.454545454545455,30.909090909090907,633.218032838701,355,rolled,739.0744446616969,0.1671721371364682,True,True,1.0009615348872778,1,329.67749609363244,166.36420785252403,15.065462970498267,8.024994082831846,355.0,rolled,1.0,True,scale,0.8615036010742188,40,18,58,0.05944943428039551,0.0010998249053955078,0.060549259185791016
e5_ppo_s44_anneal_linear,scale,8.454545454545455,41.81818181818181,757.3789000305048,355,rolled,926.1782681648546,0.22287307994393693,True,True,1.0009615391273774,1,377.3518467863067,187.40154357424083,16.136846123072907,9.406572905414317,355.0,rolled,1.0,True,scale,0.8972892761230469,40,18,58,0.04497838020324707,0.0009796619415283203,0.04595804214477539
e5_ppo_s44_anneal_linear,scale,8.454545454545455,52.72727272727273,897.7427828478864,355,rolled,990.120232055212,0.10289968460039192,True,True,1.000999025520664,1,374.16062165070065,213.3741454474833,16.02841594484353,9.048999928338613,355.0,rolled,1.0,True,scale,0.9018440246582031,40,18,58,0.04600238800048828,0.00125885009765625,0.04726123809814453
e5_ppo_s44_anneal_linear,scale,8.454545454545455,63.63636363636363,969.5859503873623,355,rolled,1102.8054114820384,0.1373982998015319,True,True,1.0009746533804655,1,396.0987197989469,232.61113408184102,16.26840874575981,9.621908014879514,355.0,rolled,1.0,True,scale,0.9237251281738281,40,18,58,0.04758405685424805,0.0010120868682861328,0.04859614372253418
e5_ppo_s44_anneal_linear,scale,8.454545454545455,74.54545454545453,1093.1775012217977,355,rolled,1166.5326862311988,0.06710272112938216,True,True,1.0009835413614474,2,439.5331464357154,246.19487623821422,15.628930638162196,9.823174165771801,355.0,rolled,1.0,True,scale,0.9294357299804688,40,18,58,0.05132627487182617,0.0011065006256103516,0.05243277549743652
e5_ppo_s44_anneal_linear,scale,8.454545454545455,85.45454545454545,1181.2789978646645,355,rolled,1335.0284400242222,0.1301550628069088,True,True,1.0009972293024112,1,414.73131778415586,268.5350770200509,17.928524706083117,9.945393359445182,355.0,rolled,1.0,True,scale,0.9399070739746094,40,18,58,0.0462956428527832,0.0011072158813476562,0.04740285873413086
e5_ppo_s44_anneal_linear,scale,8.454545454545455,96.36363636363636,1257.923897819336,355,rolled,1425.0617736938134,0.13286803451641074,True,True,1.0009687134581242,1,458.65840644839693,266.35199485776604,17.488018452661073,11.76464101292179,355.0,rolled,1.0,True,scale,0.9404563903808594,40,18,58,0.04611659049987793,0.0010335445404052734,0.0471501350402832
e5_ppo_s44_anneal_linear,scale,8.454545454545455,107.27272727272728,1345.9822136266182,460,rolled,1512.6115651263833,0.12379758797168539,True,True,1.000972931973999,1,480.46915487639484,274.1231276374128,17.814695940059735,12.166458857556576,355.0,rolled,0.0,True,scale,0.9440383911132812,40,18,58,0.04931163787841797,0.0011510848999023438,0.05046272277832031
e5_ppo_s44_anneal_linear,scale,8.454545454545455,118.18181818181816,1418.3994702060834,355,rolled,1590.4962308245451,0.12133165884040926,True,True,1.0009621820388466,2,511.44869544618,281.378173828125,17.32800249594134,13.02261888901324,355.0,rolled,1.0,True,scale,0.93792724609375,40,18,58,0.047335147857666016,0.0010488033294677734,0.04838395118713379
e5_ppo_s44_anneal_linear,scale,8.454545454545455,129.0909090909091,1503.943042662674,355,rolled,1687.7471571666633,0.12221481086050376,True,True,1.000971714350031,2,534.9468259066084,279.89845275878906,17.873456236342342,13.8840860007908,355.0,rolled,1.0,True,scale,0.9329948425292969,40,18,58,0.0515904426574707,0.0011050701141357422,0.052695512771606445
e5_ppo_s44_anneal_linear,scale,8.454545454545455,140.0,1589.050557323039,355,rolled,1983.7533207936515,0.24838905323159788,True,True,1.0009821896710493,1,668.3990556180214,221.22585062135323,19.766422922460595,17.748061890704832,355.0,rolled,1.0,True,scale,0.9796524047851562,40,18,58,0.046944618225097656,0.001046895980834961,0.04799151420593262
e5_ppo_s44_anneal_linear,scale,9.272727272727272,20.0,633.3700898588271,355,rolled,770.6473348852295,0.21674096586562897,True,True,1.0009902114691158,1,330.5291460094212,159.81849912906898,14.709826001901506,7.801931804614702,355.0,rolled,1.0,True,scale,0.8096389770507812,40,18,58,0.0457608699798584,0.0010404586791992188,0.04680132865905762
e5_ppo_s44_anneal_linear,scale,9.272727272727272,30.909090909090907,801.8071464602682,355,rolled,922.6672623324107,0.1507346453641661,True,True,1.000961125240394,1,351.840316950983,186.96822254009473,15.55635062505705,8.184080885744347,355.0,rolled,1.0,True,scale,0.8244590759277344,40,18,58,0.046142578125,0.0011320114135742188,0.04727458953857422
e5_ppo_s44_anneal_linear,scale,9.272727272727272,41.81818181818181,962.5021253931346,355,rolled,1069.3722997635016,0.1110337022130894,True,True,1.0009870930744742,1,375.88732786593664,217.69794147899097,15.952940623312854,8.251551907963277,355.0,rolled,1.0,True,scale,0.8955497741699219,40,18,58,0.04727506637573242,0.001163482666015625,0.04843854904174805
e5_ppo_s44_anneal_linear,scale,9.272727272727272,52.72727272727273,1070.6846994207378,355,rolled,1197.383309364561,0.11833419307511323,True,True,1.0009528440652298,2,394.56372963098323,251.4824313643199,15.886278636744665,8.173359394937323,355.0,rolled,1.0,True,scale,0.921173095703125,40,18,58,0.044762372970581055,0.001421213150024414,0.04618358612060547
e5_ppo_s44_anneal_linear,scale,9.272727272727272,63.63636363636363,1216.7126656588257,355,rolled,1360.5507493768876,0.11821861297069378,True,True,1.0009783859570196,1,406.6415143916403,261.4636829198578,17.545080948929204,8.81052011373453,355.0,rolled,1.0,True,scale,0.9338417053222656,40,18,58,0.05663609504699707,0.0010156631469726562,0.05765175819396973
e5_ppo_s44_anneal_linear,scale,9.272727272727272,74.54545454545453,1356.4151141978043,355,rolled,1487.3841099158988,0.09655524650766713,True,True,1.0009949211584566,1,442.5621873369164,268.2685414947891,17.752321800423324,10.033094810290514,355.0,rolled,1.0,True,scale,0.93206787109375,40,18,58,0.044968366622924805,0.001069784164428711,0.046038150787353516
e5_ppo_s44_anneal_linear,scale,9.272727272727272,85.45454545454545,1422.5235716023028,355,rolled,1583.90452291705,0.11344694354201157,True,True,1.0009769826298842,2,488.9583654797328,274.4580457464744,17.238822552809822,11.065975745250624,355.0,rolled,1.0,True,scale,0.9452400207519531,40,18,58,0.044742584228515625,0.0009953975677490234,0.04573798179626465
e5_ppo_s44_anneal_linear,scale,9.272727272727272,96.36363636363636,1530.0841209322955,355,rolled,1732.9555471504016,0.1325884135667616,True,True,1.000981636132763,1,501.60954119526576,282.4665069580078,18.244140445605787,11.930147674751494,355.0,rolled,1.0,True,scale,0.9415550231933594,40,18,58,0.046648502349853516,0.001104593276977539,0.047753095626831055
e5_ppo_s44_anneal_linear,scale,9.272727272727272,107.27272727272728,1647.0835657255905,355,rolled,1900.9860993887612,0.15415279403344598,True,True,1.0009863034059772,1,571.3962753199988,278.69255427665473,18.42228937741327,13.328493672296593,355.0,rolled,1.0,True,scale,0.9410629272460938,40,18,58,0.04737210273742676,0.001112222671508789,0.04848432540893555
e5_ppo_s44_anneal_linear,scale,9.272727272727272,118.18181818181816,1794.0191544704012,355,rolled,2032.5566841456528,0.13296264372699432,True,True,1.0009671666466524,1,593.5589047965391,281.98585510253906,18.966939066342185,14.218342826278855,355.0,rolled,1.0,True,scale,0.9399528503417969,40,18,58,0.04633760452270508,0.0011014938354492188,0.0474390983581543
e5_ppo_s44_anneal_linear,scale,9.272727272727272,129.0909090909091,1876.6125693849333,355,rolled,2148.7874155232716,0.14503518231658474,True,True,1.0009692812995858,1,628.0397570079773,280.92498779296875,19.20971835457302,15.039098121204963,355.0,rolled,1.0,True,scale,0.9364166259765625,40,18,58,0.04580259323120117,0.0012819766998291016,0.04708456993103027
e5_ppo_s44_anneal_linear,scale,9.272727272727272,140.0,1975.8458780810136,355,rolled,2266.846690553463,0.1472791049649459,True,True,1.0009632983349828,1,654.2967468880528,280.68809509277344,19.740676553003894,15.709716565142449,355.0,rolled,1.0,True,scale,0.9356269836425781,40,18,58,0.04773569107055664,0.0010371208190917969,0.04877281188964844
e5_ppo_s44_anneal_linear,scale,10.09090909090909,20.0,771.2799576046779,355,rolled,909.9921178148963,0.17984670655906745,True,True,1.0009905310761977,1,334.87579653343954,185.55884679066946,14.522590655564759,7.3939832470526445,355.0,rolled,1.0,True,scale,0.8449211120605469,40,18,58,0.04522705078125,0.0011138916015625,0.0463409423828125
e5_ppo_s44_anneal_linear,scale,10.09090909090909,30.909090909090907,964.7090665866748,355,rolled,1128.8783239769016,0.17017488803239822,True,True,1.0009732040729438,1,371.60418442531136,217.38318086119764,15.58769758883916,7.972913276949914,355.0,rolled,1.0,True,scale,0.9000015258789062,40,18,58,0.04537534713745117,0.0011782646179199219,0.046553611755371094
e5_ppo_s44_anneal_linear,scale,10.09090909090909,41.81818181818181,1147.2574547707825,355,rolled,1278.2285922069914,0.11416019733981717,True,True,1.000958677289088,1,420.3698500612086,217.87516184968896,16.791204709203452,8.868250552471215,355.0,rolled,1.0,True,scale,0.8768730163574219,40,18,58,0.043152570724487305,0.0010526180267333984,0.0442051887512207
e5_ppo_s44_anneal_linear,scale,10.09090909090909,52.72727272727273,1318.1429375417918,355,rolled,1456.7873624228841,0.1051816316215681,True,True,1.0009851674525194,1,425.92813574079406,251.52828236815685,17.5033588028812,8.807348644878589,355.0,rolled,1.0,True,scale,0.9148788452148438,40,18,58,0.04596734046936035,0.0011136531829833984,0.04708099365234375
e5_ppo_s44_anneal_linear,scale,10.09090909090909,63.63636363636363,1473.4968374975142,355,rolled,1621.6283129453338,0.100530568969117,True,True,1.000980927813443,2,443.5524942461516,279.7954559326172,17.667223189800815,9.180555731955065,355.0,rolled,1.0,True,scale,0.9326515197753906,40,18,58,0.044119834899902344,0.001074075698852539,0.04519391059875488
e5_ppo_s44_anneal_linear,scale,10.09090909090909,74.54545454545453,1593.8205978972342,355,rolled,1782.0847399557235,0.11812128812168118,True,True,1.0009752862846,2,490.46972448295327,279.56199645996094,18.053139188660094,10.760558761137704,355.0,rolled,1.0,True,scale,0.9318733215332031,40,18,58,0.04422736167907715,0.0010488033294677734,0.04527616500854492
e5_ppo_s44_anneal_linear,scale,10.09090909090909,85.45454545454545,1744.078619322344,355,rolled,1902.4590276157724,0.09081036057592784,True,True,1.0009726380243906,1,550.751422986206,276.8463134765625,17.862283182759406,11.85374769873052,355.0,rolled,1.0,True,scale,0.922821044921875,40,18,58,0.04506516456604004,0.0010797977447509766,0.046144962310791016
e5_ppo_s44_anneal_linear,scale,10.09090909090909,96.36363636363636,1930.113776773892,355,rolled,2143.0604607476675,0.11032856536038384,True,True,1.0009600820112419,1,608.7509826237687,280.828857421875,18.78289106027868,13.075531877727501,355.0,rolled,1.0,True,scale,0.93609619140625,40,18,58,0.04504132270812988,0.0011184215545654297,0.04615974426269531
e5_ppo_s44_anneal_linear,scale,10.09090909090909,107.27272727272728,2067.605711285596,355,rolled,2257.7685339586865,0.09197247890887812,True,True,1.0009833633978809,1,695.7635879516602,273.3986061854899,17.94338279486972,13.898260241626058,355.0,rolled,1.0,True,scale,0.9276847839355469,40,18,58,0.04492807388305664,0.0009989738464355469,0.04592704772949219
e5_ppo_s44_anneal_linear,scale,10.09090909090909,118.18181818181816,2170.353625378734,355,rolled,2462.788612300519,0.13474070930296186,True,True,1.0009776207272698,1,671.6334069267772,282.0098876953125,20.056774687028156,14.874989670100605,355.0,rolled,1.0,True,scale,0.940032958984375,40,18,58,0.04593348503112793,0.0010294914245605469,0.04696297645568848
e5_ppo_s44_anneal_linear,scale,10.09090909090909,129.0909090909091,2307.5736162550616,355,rolled,2603.2012028662,0.12811187670402896,True,True,1.000974810894862,1,707.3764801025391,282.9505920410156,20.285717792350823,15.607406448196231,355.0,rolled,1.0,True,scale,0.9431686401367188,40,18,58,0.04470348358154297,0.0010344982147216797,0.04573798179626465
e5_ppo_s44_anneal_linear,scale,10.09090909090909,140.0,2443.406284429296,355,rolled,2778.77696464778,0.13725538906715876,True,True,1.0009744187400997,1,712.2259140014648,284.89036560058594,21.74137484804025,16.41164060166107,355.0,rolled,1.0,True,scale,0.9496345520019531,40,18,58,0.04412436485290527,0.0016353130340576172,0.04575967788696289
e5_ppo_s44_anneal_linear,scale,10.90909090909091,20.0,939.0466900997784,355,rolled,1101.2833025557898,0.17276735455909323,True,True,1.0009575629980867,1,381.96721344867507,189.5629612089288,15.107315020267043,8.065871752563778,355.0,rolled,1.0,True,scale,0.8501052856445312,40,18,58,0.05367898941040039,0.0009281635284423828,0.05460715293884277
e5_ppo_s44_anneal_linear,scale,10.90909090909091,30.909090909090907,1197.1649157491154,355,rolled,1395.1580609082891,0.16538502135712965,True,True,1.0009661303052684,1,449.5801498775723,209.56052725250623,16.465676353856885,9.478345383744662,355.0,rolled,1.0,True,scale,0.8802261352539062,40,18,58,0.04287266731262207,0.0011148452758789062,0.04398751258850098
e5_ppo_s44_anneal_linear,scale,10.90909090909091,41.81818181818181,1403.509472950396,355,rolled,1610.0489516266348,0.1471593050541088,True,True,1.0009777722366853,1,480.3106997159124,234.6338073393476,17.392859872735528,9.785242927621493,355.0,rolled,1.0,True,scale,0.9095573425292969,40,18,58,0.04883623123168945,0.0013933181762695312,0.050229549407958984
e5_ppo_s44_anneal_linear,scale,10.90909090909091,52.72727272727273,1588.7457907355176,355,rolled,1704.2036142401023,0.07267230804188812,True,True,1.0009892385872945,1,466.3293588114036,265.4070307125062,17.72415897877948,8.924717003053972,355.0,rolled,1.0,True,scale,0.9128189086914062,40,18,58,0.04414820671081543,0.0010221004486083984,0.04517030715942383
e5_ppo_s44_anneal_linear,scale,10.90909090909091,63.63636363636363,1789.9941201560932,355,rolled,1901.9467472771626,0.06254357255168341,True,True,1.0009970991720007,2,515.355827429514,277.313232421875,17.621771804420696,10.45190275590408,355.0,rolled,1.0,True,scale,0.92437744140625,40,18,58,0.04504704475402832,0.0009889602661132812,0.0460360050201416
e5_ppo_s44_anneal_linear,scale,10.90909090909091,74.54545454545453,1942.2808212955651,355,rolled,2119.5538915233374,0.09127056617360062,True,True,1.000997777304474,1,551.7657278136852,276.1940002441406,19.09029575242558,11.563195433103488,355.0,rolled,1.0,True,scale,0.9206466674804688,40,18,58,0.043370723724365234,0.0010323524475097656,0.044403076171875
e5_ppo_s44_anneal_linear,scale,10.90909090909091,85.45454545454545,2177.190622234541,355,rolled,2391.168039393751,0.09828143432824267,True,True,1.0009909109817718,1,637.6321963109071,280.7395935058594,19.28547506384885,12.966799575566869,355.0,rolled,1.0,True,scale,0.9357986450195312,40,18,58,0.04455399513244629,0.0011093616485595703,0.04566335678100586
e5_ppo_s44_anneal_linear,scale,10.90909090909091,96.36363636363636,2344.698716886334,355,rolled,2594.904600524148,0.10671131511944425,True,True,1.0009577427453014,1,674.944229456445,282.1266174316406,20.02507897887819,13.989041438777367,355.0,rolled,1.0,True,scale,0.9404220581054688,40,18,58,0.04533839225769043,0.001157522201538086,0.046495914459228516
e5_ppo_s44_anneal_linear,scale,10.90909090909091,107.27272727272728,2499.121791022924,355,rolled,2790.307253713813,0.1165151149243124,True,True,1.000962421864589,1,710.6723785400391,284.2689514160156,20.542383261915962,14.966395783109697,355.0,rolled,1.0,True,scale,0.9475631713867188,40,18,58,0.04512429237365723,0.0010383129119873047,0.04616260528564453
e5_ppo_s44_anneal_linear,scale,10.90909090909091,118.18181818181816,2669.547168301596,355,rolled,3023.316993455144,0.13252053732342234,True,True,1.000972269420171,1,716.3629531860352,286.54518127441406,22.206031093699643,16.052526054605337,355.0,rolled,1.0,True,scale,0.9551506042480469,40,18,58,0.05979728698730469,0.001890420913696289,0.06168770790100098
e5_ppo_s44_anneal_linear,scale,10.90909090909091,129.0909090909091,2855.841135487434,355,rolled,3286.7160162241967,0.15087494727301115,True,True,1.000973854540126,1,721.7960357666016,288.7184143066406,23.564110885830306,17.718735934499566,355.0,rolled,1.0,True,scale,0.9623947143554688,40,18,58,0.07365965843200684,0.0020945072174072266,0.07575416564941406
e5_ppo_s44_anneal_linear,scale,10.90909090909091,140.0,3078.8301843712,460,rolled,3462.8035130028634,0.12471403281051156,True,True,1.000976972588558,1,718.1568145751953,287.2627258300781,26.733933682702183,17.40839409589749,355.0,rolled,0.0,True,scale,0.9575424194335938,40,18,58,0.06311821937561035,0.0019485950469970703,0.06506681442260742
e5_ppo_s44_anneal_linear,scale,11.727272727272728,20.0,1117.8784812198996,355,rolled,1329.4228027979075,0.18923731436994592,True,True,1.0009734371800743,1,431.48817137884987,193.12077114313843,15.84059074693635,8.752731215943752,355.0,rolled,1.0,True,scale,0.8505401611328125,40,18,58,0.06435108184814453,0.0017707347869873047,0.06612181663513184
e5_ppo_s44_anneal_linear,scale,11.727272727272728,30.909090909090907,1399.1707585826318,355,rolled,1636.975030884932,0.16996086492201803,True,True,1.0009793649552419,1,489.36050910376485,220.0494780140242,17.056732494246155,9.524567032913385,355.0,rolled,1.0,True,scale,0.8870811462402344,40,18,58,0.06345295906066895,0.0016336441040039062,0.06508660316467285
e5_ppo_s44_anneal_linear,scale,11.727272727272728,41.81818181818181,1658.320920880548,355,rolled,1847.7421284595066,0.11422469872621407,True,True,1.0009820819763422,1,511.31156884585306,253.97036185755707,17.622285323518778,9.276840196311982,355.0,rolled,1.0,True,scale,0.9133682250976562,40,18,58,0.06282567977905273,0.0017940998077392578,0.06461977958679199
e5_ppo_s44_anneal_linear,scale,11.727272727272728,52.72727272727273,1896.895430152976,355,rolled,1998.9990587683833,0.05382670388276132,True,True,1.0009670813831135,2,516.6430330091982,274.7383117675781,17.763635528236154,9.771116702043715,355.0,rolled,1.0,True,scale,0.9157943725585938,40,18,58,0.06271481513977051,0.0018384456634521484,0.06455326080322266
e5_ppo_s44_anneal_linear,scale,11.727272727272728,63.63636363636363,2122.483987052358,355,rolled,2387.1758104708324,0.12470851371937586,True,True,1.0009653270067718,1,585.428143076222,280.25550842285156,19.580746019672517,11.5232699584729,355.0,rolled,1.0,True,scale,0.9341850280761719,40,18,58,0.07489514350891113,0.001733541488647461,0.0766286849975586
e5_ppo_s44_anneal_linear,scale,11.727272727272728,74.54545454545453,2414.680044837911,355,rolled,2626.4048446202046,0.08768234128364867,True,True,1.0009878248867303,1,655.8419482015072,279.8469543457031,19.850572866168616,12.806257109486756,355.0,rolled,1.0,True,scale,0.9328231811523438,40,18,58,0.08053421974182129,0.0022749900817871094,0.0828092098236084
e5_ppo_s44_anneal_linear,scale,11.727272727272728,85.45454545454545,2607.2244497923484,355,rolled,2850.4436587608902,0.09328664012333611,True,True,1.0009731062494218,1,700.836181640625,277.1374216667367,21.55323248416612,13.189451926443585,355.0,rolled,1.0,True,scale,0.9344482421875,40,18,58,0.07459092140197754,0.002290487289428711,0.07688140869140625
e5_ppo_s44_anneal_linear,scale,11.727272727272728,96.36363636363636,2809.399526814627,460,rolled,3145.325294987308,0.11957208825814925,True,True,1.000972385478595,1,709.9599838256836,283.98399353027344,22.856849283186882,14.712718947419148,355.0,rolled,0.0,True,scale,0.9466133117675781,40,18,58,0.07273745536804199,0.0021257400512695312,0.07486319541931152
e5_ppo_s44_anneal_linear,scale,11.727272727272728,107.27272727272728,3054.1802093068686,355,rolled,3401.333303652059,0.11366490205369219,True,True,1.0009646424777416,1,714.1227722167969,285.64910888671875,25.341758368702113,15.267733629314225,355.0,rolled,1.0,True,scale,0.9521636962890625,40,18,58,0.07330465316772461,0.002070188522338867,0.07537484169006348
e5_ppo_s44_anneal_linear,scale,11.727272727272728,118.18181818181816,3357.8991517305085,355,rolled,3690.562099610309,0.09906877272009824,True,True,1.0009814794472007,1,720.7746505737305,288.3098602294922,27.165312758743333,16.558454850968225,355.0,rolled,1.0,True,scale,0.9610328674316406,40,18,58,0.06668925285339355,0.0018575191497802734,0.06854677200317383
e5_ppo_s44_anneal_linear,scale,11.727272727272728,129.0909090909091,3564.383823711408,460,rolled,3975.4852004290588,0.11533588890816827,True,True,1.0009840370985414,1,726.8257141113281,290.73028564453125,28.959434593763604,17.822874244506384,355.0,rolled,0.0,True,scale,0.9691009521484375,40,18,58,0.06927847862243652,0.0019059181213378906,0.07118439674377441
e5_ppo_s44_anneal_linear,scale,11.727272727272728,140.0,3755.070343632353,460,rolled,4297.9299061907595,0.1445670820731651,True,True,1.0009792106874669,1,728.7912368774414,291.51649475097656,30.987847409851383,19.535234488133778,355.0,rolled,0.0,True,scale,0.9717216491699219,19,18,37,0.03225588798522949,0.002004384994506836,0.03426027297973633
e5_ppo_s44_anneal_linear,scale,12.545454545454549,20.0,1307.1994834284806,355,rolled,1549.0810449249163,0.1850379873636705,True,True,1.0009511956927568,1,461.88827003513927,199.7128965108624,17.031157704516513,8.585851527652672,355.0,rolled,1.0,True,scale,0.851318359375,40,18,58,0.0671854019165039,0.0018699169158935547,0.06905531883239746
e5_ppo_s44_anneal_linear,scale,12.545454545454549,30.909090909090907,1673.5520688887286,355,rolled,1887.437754020357,0.12780342429002087,True,True,1.000989195565353,1,533.109937564088,230.37368471917839,17.57786587552007,9.368683318823214,355.0,rolled,1.0,True,scale,0.8895187377929688,40,18,58,0.06482744216918945,0.0018038749694824219,0.06663131713867188
e5_ppo_s44_anneal_linear,scale,12.545454545454549,41.81818181818181,1957.4303873162305,355,rolled,2011.8099582133138,0.027781100799013043,True,True,1.0009999198118782,1,522.133714081334,266.5672302246094,17.416706193506567,8.86470502431364,355.0,rolled,1.0,True,scale,0.8885574340820312,40,18,58,0.06428384780883789,0.0018341541290283203,0.06611800193786621
e5_ppo_s44_anneal_linear,scale,12.545454545454549,52.72727272727273,2222.5772160497027,355,rolled,2423.418098695652,0.09036396179877791,True,True,1.0009635074615233,1,539.1395573892222,272.6646423339844,20.32620384565066,10.640832251970814,355.0,rolled,1.0,True,scale,0.9088821411132812,40,18,58,0.06901717185974121,0.001798391342163086,0.0708155632019043
e5_ppo_s44_anneal_linear,scale,12.545454545454549,63.63636363636363,2552.3230156844406,355,rolled,2798.973031113577,0.09663746082037095,True,True,1.0009638654176347,1,692.6393508911133,270.23470066549083,20.42378289608852,12.105275458464272,355.0,rolled,1.0,True,scale,0.9235191345214844,40,18,58,0.07259774208068848,0.0017409324645996094,0.07433867454528809
e5_ppo_s44_anneal_linear,scale,12.545454545454549,74.54545454545453,2864.0220557743514,355,rolled,3105.319082651759,0.0842511063736091,True,True,1.0009921527403611,1,699.0852355957031,278.1487282427898,22.73295146736627,12.781116661714854,355.0,rolled,1.0,True,scale,0.9321136474609375,40,18,58,0.06699085235595703,0.0020079612731933594,0.06899881362915039
e5_ppo_s44_anneal_linear,scale,12.545454545454549,85.45454545454545,3136.2352005841685,355,rolled,3448.694361619346,0.09962873989073832,True,True,1.0009935834140535,1,708.7669372558594,283.50677490234375,24.817886607744647,14.034120116038556,355.0,rolled,1.0,True,scale,0.9450225830078125,40,18,58,0.09023666381835938,0.0017251968383789062,0.09196186065673828
e5_ppo_s44_anneal_linear,scale,12.545454545454549,96.36363636363636,3474.753399293351,355,rolled,3795.8923044707503,0.09242063199152735,True,True,1.0009824103240894,1,717.4615859985352,286.98463439941406,27.001435437410557,15.332373898341004,355.0,rolled,1.0,True,scale,0.9566154479980469,40,18,58,0.06388521194458008,0.0019223690032958984,0.06580758094787598
e5_ppo_s44_anneal_linear,scale,12.545454545454549,107.27272727272728,3810.945853911128,460,rolled,4150.230748608874,0.08902905150162184,True,True,1.0009996567539396,1,725.7356643676758,290.2942657470703,28.981638333816644,16.83247291336673,355.0,rolled,0.0,True,scale,0.9676475524902344,40,18,58,0.06369805335998535,0.0018401145935058594,0.06553816795349121
e5_ppo_s44_anneal_linear,scale,12.545454545454549,118.18181818181816,4051.8868674716473,460,rolled,4508.831820547201,0.11277337399123488,True,True,1.0009773085416365,1,730.0529479980469,292.02117919921875,31.31951556548091,18.27928130642486,355.0,rolled,0.0,True,scale,0.9734039306640625,20,18,38,0.03395223617553711,0.0015668869018554688,0.03551912307739258
e5_ppo_s44_anneal_linear,scale,12.545454545454549,129.0909090909091,4389.083655555064,460,rolled,4953.293544403668,0.12854844726746312,True,True,1.0009833149985143,1,737.116813659668,294.8467254638672,32.56183433482104,21.27405751284384,355.0,rolled,0.0,True,scale,0.9828224182128906,9,18,27,0.014714241027832031,0.0018186569213867188,0.01653289794921875
e5_ppo_s44_anneal_linear,scale,12.545454545454549,140.0,4731.036754406592,460,rolled,5225.790721313182,0.10457622559067317,True,True,1.0009944826986672,1,744.1377639770508,297.6551055908203,34.7264289855957,21.73953143374798,355.0,rolled,0.0,True,scale,0.9921836853027344,9,18,27,0.014163970947265625,0.001714468002319336,0.01587843894958496
e5_ppo_s44_anneal_linear,scale,13.363636363636363,20.0,1553.9456704912225,355,rolled,1782.375343394817,0.14699978077829773,True,True,1.0009761652147082,1,520.8453284075918,210.00053569838244,16.779874418895524,8.758899059439738,355.0,rolled,1.0,True,scale,0.8539962768554688,40,18,58,0.06336164474487305,0.0016179084777832031,0.06497955322265625
e5_ppo_s44_anneal_linear,scale,13.363636363636363,30.909090909090907,2055.764041961098,355,rolled,2250.5355511594976,0.09474409767990549,True,True,1.0009912499120048,1,603.9500062217263,225.4167173777573,19.330824640136388,9.858413972890144,355.0,rolled,1.0,True,scale,0.884735107421875,40,18,58,0.06288862228393555,0.0017080307006835938,0.06459665298461914
e5_ppo_s44_anneal_linear,scale,13.363636363636363,41.81818181818181,2295.1327804460216,355,rolled,2509.37244802775,0.09334521706412759,True,True,1.0009666712369496,1,606.0684438051338,271.2089538574219,18.7231061911543,10.156728450257624,355.0,rolled,1.0,True,scale,0.9040298461914062,40,18,58,0.06663393974304199,0.0015757083892822266,0.06820964813232422
e5_ppo_s44_anneal_linear,scale,13.363636363636363,52.72727272727273,2698.233573079863,355,rolled,2908.5099239412148,0.07793111499288567,True,True,1.0009912837473265,1,687.403678894043,270.4261004997187,20.543616834498792,11.378338726511984,355.0,rolled,1.0,True,scale,0.9165382385253906,40,18,58,0.06076502799987793,0.0017421245574951172,0.06250715255737305
e5_ppo_s44_anneal_linear,scale,13.363636363636363,63.63636363636363,3099.504449257762,355,rolled,3305.542774851639,0.06647460230076999,True,True,1.000958914350649,1,696.0983276367188,277.82846860905465,23.385215047202568,12.30738356228322,355.0,rolled,1.0,True,scale,0.928131103515625,40,18,58,0.06118273735046387,0.0018153190612792969,0.06299805641174316
e5_ppo_s44_anneal_linear,scale,13.363636363636363,74.54545454545453,3409.0278837627866,355,rolled,3732.695833154673,0.09494435376534117,True,True,1.0009807673522684,1,709.8226547241211,283.92906188964844,25.654292111929987,13.863826955014112,355.0,rolled,1.0,True,scale,0.9464302062988281,40,18,58,0.06141185760498047,0.0016901493072509766,0.06310200691223145
e5_ppo_s44_anneal_linear,scale,13.363636363636363,85.45454545454545,3859.8972334468967,355,rolled,4143.271367328075,0.07341494261185927,True,True,1.0009770403045868,1,719.2039489746094,287.68157958984375,28.283893710980866,15.137427813166173,355.0,rolled,1.0,True,scale,0.9589385986328125,40,18,58,0.06301736831665039,0.0016770362854003906,0.06469440460205078
e5_ppo_s44_anneal_linear,scale,13.363636363636363,96.36363636363636,4245.414696419247,460,rolled,4549.15317894653,0.07154506785484777,True,True,1.0009674195510943,1,726.3107299804688,290.5242919921875,30.98050888972546,16.37651367015329,355.0,rolled,0.0,True,scale,0.968414306640625,40,18,58,0.06043076515197754,0.0017936229705810547,0.062224388122558594
e5_ppo_s44_anneal_linear,scale,13.363636363636363,107.27272727272728,4631.739739142465,460,rolled,5484.98282575763,0.18421654381926422,True,True,1.0009689509515205,1,657.2411326386606,299.30992126464844,34.919490814208984,23.695271922998852,355.0,rolled,0.0,True,scale,0.9976997375488281,8,18,26,0.011852502822875977,0.0016040802001953125,0.013456583023071289
e5_ppo_s44_anneal_linear,scale,13.363636363636363,118.18181818181816,5063.816158705762,460,rolled,5503.955935691429,0.08691859324888287,True,True,1.0009731073453851,1,742.5670623779297,297.0268249511719,34.65312957763672,21.324260915156273,355.0,rolled,0.0,True,scale,0.9900894165039062,9,18,27,0.013850212097167969,0.001718759536743164,0.015568971633911133
e5_ppo_s44_anneal_linear,scale,13.363636363636363,129.0909090909091,5459.024045280959,460,rolled,6034.79884466108,0.10547211270810349,True,True,1.0009743258456267,1,726.3278961181641,290.5311584472656,33.895301818847656,22.008327839022368,460.0,rolled,1.0,True,scale,0.9684371948242188,8,18,26,0.012073993682861328,0.0016491413116455078,0.013723134994506836
e5_ppo_s44_anneal_linear,scale,13.363636363636363,140.0,5943.747564514266,460,rolled,11535.225669211517,0.9407327690159394,True,True,1.000997384562523,1,717.066764831543,286.8267059326172,33.46311569213867,15.551696135625868,690.0,rolled,0.0,True,scale,0.9560890197753906,40,18,58,0.05888247489929199,0.0017786026000976562,0.06066107749938965
e5_ppo_s44_anneal_linear,scale,14.181818181818182,20.0,1796.9028968466985,355,rolled,2164.234908088063,0.20442507599379942,True,True,1.000968497849649,1,585.9455572504452,203.94697271604437,18.795318305806973,9.63017197341631,355.0,rolled,1.0,True,scale,0.8538360595703125,40,18,58,0.06729984283447266,0.001749277114868164,0.06904911994934082
e5_ppo_s44_anneal_linear,scale,14.181818181818182,30.909090909090907,2224.07150895444,355,rolled,2742.3119505219456,0.23301428910041472,True,True,1.000999524107156,1,666.7127625722933,218.74630032617515,21.88601713955086,10.965003912260398,355.0,rolled,1.0,True,scale,0.8953094482421875,40,18,58,0.06800007820129395,0.002175569534301758,0.0701756477355957
e5_ppo_s44_anneal_linear,scale,14.181818181818182,41.81818181818181,2615.0382292659383,355,rolled,2933.8764665886542,0.12192488574525212,True,True,1.0009721798599456,2,674.6749877929688,269.8699951171875,19.881933610655064,10.742374095755974,355.0,rolled,1.0,True,scale,0.899566650390625,40,18,58,0.0601038932800293,0.0017447471618652344,0.06184864044189453
e5_ppo_s44_anneal_linear,scale,14.181818181818182,52.72727272727273,3202.0654799770145,355,rolled,3422.8392412206254,0.06894729749411482,True,True,1.0009713318191724,1,693.0599212646484,277.2239685058594,23.145678748468878,11.81815114211755,355.0,rolled,1.0,True,scale,0.9240798950195312,40,18,58,0.062165260314941406,0.0015718936920166016,0.06373715400695801
e5_ppo_s44_anneal_linear,scale,14.181818181818182,63.63636363636363,3623.765744949169,355,rolled,3936.0906250541757,0.0861879332405323,True,True,1.000986279979277,1,707.5653076171875,283.026123046875,26.121391507763438,13.369094215824285,355.0,rolled,1.0,True,scale,0.94342041015625,40,18,58,0.06313633918762207,0.0018036365509033203,0.06493997573852539
e5_ppo_s44_anneal_linear,scale,14.181818181818182,74.54545454545453,4194.266016339479,355,rolled,4421.6611645482235,0.054215719108632474,True,True,1.000968950612112,1,717.8478240966797,287.1391296386719,29.25902686444532,14.634830358564535,355.0,rolled,1.0,True,scale,0.9571304321289062,40,18,58,0.06313538551330566,0.0018422603607177734,0.06497764587402344
e5_ppo_s44_anneal_linear,scale,14.181818181818182,85.45454545454545,4665.282330709234,460,rolled,5490.756845967399,0.17693988417902967,True,True,1.0009723883407946,1,631.6439905524624,296.4397430419922,34.58463668823242,21.944460232735402,355.0,rolled,0.0,True,scale,0.9881324768066406,9,18,27,0.01778244972229004,0.0019240379333496094,0.01970648765563965
e5_ppo_s44_anneal_linear,scale,14.181818181818182,96.36363636363636,5186.697126154381,460,rolled,5723.263634629433,0.10345051878378773,True,True,1.0009972386032127,1,717.3027561873174,294.81239318847656,34.394779205322266,21.52408380862353,355.0,rolled,0.0,True,scale,0.9827079772949219,10,18,28,0.015623331069946289,0.0018873214721679688,0.017510652542114258
e5_ppo_s44_anneal_linear,scale,14.181818181818182,107.27272727272728,5684.871516431859,460,rolled,11267.77109379764,0.9820625780597975,True,True,1.0009580253030748,1,693.5676717327758,280.32073974609375,32.70408630371094,21.17655194047718,620.0,rolled,0.0,True,scale,0.9344024658203125,9,18,27,0.015014410018920898,0.0012569427490234375,0.016271352767944336
e5_ppo_s44_anneal_linear,scale,14.181818181818182,118.18181818181816,6186.248050426683,460,rolled,8261.80032892309,0.33551067813280605,True,True,1.0009905022888497,1,736.9279861450195,294.7711944580078,34.38997268676758,20.08584653243401,500.0,rolled,0.0,True,scale,0.9825706481933594,40,18,58,0.062444448471069336,0.0018069744110107422,0.06425142288208008
e5_ppo_s44_anneal_linear,scale,14.181818181818182,129.0909090909091,8947.780102569574,500,rolled,13490.541756527116,0.5076970602633583,True,True,1.0009888381531158,1,731.6579818725586,292.66319274902344,34.144039154052734,18.166148119009748,690.0,rolled,0.0,True,scale,0.9755439758300781,19,18,37,0.030012845993041992,0.0018017292022705078,0.0318145751953125
e5_ppo_s44_anneal_linear,scale,14.181818181818182,140.0,12705.653958132376,620,rolled,15281.444501389979,0.20272789985823148,True,True,1.0009821521706204,1,739.3054962158203,295.7221984863281,34.50092315673828,23.013841430203218,690.0,rolled,0.0,True,scale,0.9857406616210938,8,18,26,0.01186227798461914,0.0016086101531982422,0.013470888137817383
e5_ppo_s44_anneal_linear,scale,15.0,20.0,2057.2483346770277,355,rolled,2729.7001992476953,0.3268695632101398,True,True,1.0009730692857899,1,453.5251218390477,261.43798828125,18.947777831594326,7.410133886346361,355.0,rolled,1.0,True,scale,0.8714599609375,40,18,58,0.06197404861450195,0.0018832683563232422,0.0638573169708252
e5_ppo_s44_anneal_linear,scale,15.0,30.909090909090907,2565.283454586496,355,rolled,3025.4173278878607,0.17936960240346403,True,True,1.000951320891563,1,578.7664157698416,257.6648712158203,21.714542470482524,11.06177686572763,355.0,rolled,1.0,True,scale,0.8588829040527344,40,18,58,0.07271218299865723,0.002064228057861328,0.07477641105651855
e5_ppo_s44_anneal_linear,scale,15.0,41.81818181818181,3234.6725939942403,355,rolled,3458.193006120507,0.0691014022690498,True,True,1.0009805053659149,1,682.2881698608398,272.91526794433594,22.569634740934525,11.36396780445965,355.0,rolled,1.0,True,scale,0.9097175598144531,40,18,58,0.06627082824707031,0.002134084701538086,0.0684049129486084
e5_ppo_s44_anneal_linear,scale,15.0,52.72727272727273,3765.638206814382,355,rolled,4111.959136400935,0.09196872098860763,True,True,1.000974542172006,1,695.5833435058594,278.23333740234375,26.473552624112113,13.266951586245487,355.0,rolled,1.0,True,scale,0.9274444580078125,40,18,58,0.060970306396484375,0.0017681121826171875,0.06273841857910156
e5_ppo_s44_anneal_linear,scale,15.0,63.63636363636363,4414.262908667717,355,rolled,5106.909479681697,0.1569110370961185,True,True,1.0009775592072008,1,631.36362610244,286.6722106933594,31.898852946141947,18.669090874072324,355.0,rolled,1.0,True,scale,0.9555740356445312,40,18,58,0.06955361366271973,0.0034329891204833984,0.07298660278320312
e5_ppo_s44_anneal_linear,scale,15.0,74.54545454545453,5055.036012019389,460,rolled,5309.060903856164,0.05025184612587896,True,True,1.0009645632938715,1,736.6704940795898,294.66819763183594,30.99228740306996,17.435469973232355,355.0,rolled,0.0,True,scale,0.9822273254394531,40,18,58,0.06811308860778809,0.002447843551635742,0.07056093215942383
e5_ppo_s44_anneal_linear,scale,15.0,85.45454545454545,5678.659053486651,460,rolled,5878.652332380394,0.035218398746962774,True,True,1.0009999286234712,1,741.9319152832031,296.77276611328125,34.62348937988281,18.878634365155843,355.0,rolled,0.0,True,scale,0.9892425537109375,7,18,25,0.010231494903564453,0.0018362998962402344,0.012067794799804688
e5_ppo_s44_anneal_linear,scale,15.0,96.36363636363636,6293.677091962863,460,rolled,8710.673064926039,0.3840355864538589,True,True,1.0009587668488968,1,726.0704040527344,290.42816162109375,33.88328552246094,21.124391531771703,500.0,rolled,0.0,True,scale,0.9680938720703125,11,18,29,0.020894765853881836,0.0017855167388916016,0.022680282592773438
e5_ppo_s44_anneal_linear,scale,15.0,107.27272727272728,7396.103440982998,460,rolled,13710.84895911997,0.8537935642092229,True,True,1.0009881697529188,1,731.3575744628906,292.54302978515625,34.13002014160156,16.501073567812114,690.0,rolled,0.0,True,scale,0.9751434326171875,22,18,40,0.04086136817932129,0.0018537044525146484,0.04271507263183594
e5_ppo_s44_anneal_linear,scale,15.0,118.18181818181816,13338.283576315587,620,rolled,15935.445433243009,0.19471484783387935,True,True,1.0009722875722815,1,749.6051788330078,299.8420715332031,33.43716569614523,22.56421369988809,690.0,rolled,0.0,True,scale,0.9994735717773438,6,18,24,0.012433528900146484,0.0017910003662109375,0.014224529266357422
e5_ppo_s44_anneal_linear,scale+thin,6.0,20.0,241.3288087904857,355,rolled,322.96537890772476,0.3382794226946747,True,True,1.0009861756147305,2,356.2446013842812,124.50439264915735,8.0,6.0,355.0,welded,1.0,True,thin_c3,0.8091011047363281,40,69,109,0.13904523849487305,0.0037488937377929688,0.14279413223266602
e5_ppo_s44_anneal_linear,scale+thin,6.0,30.909090909090907,292.67799548197263,355,rolled,313.7700267976575,0.07206565454622313,True,True,1.000998440053802,1,355.0978138262138,131.15453408407691,8.60289104959239,6.452168287194293,355.0,rolled,1.0,True,thin_c3,1.0753613811990488,40,72,112,0.044280052185058594,0.004012584686279297,0.04829263687133789
e5_ppo_s44_anneal_linear,scale+thin,6.0,41.81818181818181,342.2853688824266,355,rolled,352.1771915731935,0.028899344202365528,True,True,1.000997309984555,2,354.52849484909893,156.03262651449322,9.133021688404066,6.333554634425951,355.0,rolled,1.0,True,thin_c2,1.0555924390709919,40,73,113,0.045404672622680664,0.004340171813964844,0.04974484443664551
e5_ppo_s44_anneal_linear,scale+thin,6.0,52.72727272727273,386.25765574493386,355,rolled,393.7391279381383,0.019369123386760456,True,True,1.0009987054855647,2,398.90920084576476,162.20373597202132,9.49658162535673,6.545564575195312,355.0,rolled,1.0,True,thin_c2,1.0909274291992188,40,74,114,0.04298853874206543,0.004334926605224609,0.04732346534729004
e5_ppo_s44_anneal_linear,scale+thin,6.0,63.63636363636363,431.68145507497405,355,rolled,446.89538980417444,0.03524342903856745,True,True,1.000965633900649,1,440.96782210195477,159.82896250039323,10.33407407649695,7.175345524091214,355.0,rolled,1.0,True,thin_c1,0.9499549865722656,40,70,110,0.043869972229003906,0.004198551177978516,0.04806852340698242
e5_ppo_s44_anneal_linear,scale+thin,6.0,74.54545454545453,466.9500019446189,355,rolled,501.3536276219008,0.07367732205591081,True,True,1.0009959878252124,1,493.79560277107475,159.32093394722924,10.238081969760179,8.08530006169904,355.0,rolled,1.0,True,thin_c1,1.0386479386039404,40,73,113,0.044137001037597656,0.004497051239013672,0.04863405227661133
e5_ppo_s44_anneal_linear,scale+thin,6.0,85.45454545454545,518.2473353887603,355,rolled,532.1016767596997,0.026733068218376014,True,True,1.0009967774165844,1,492.39301743818453,170.38446947962615,10.990593344045983,8.032834077790355,355.0,rolled,1.0,True,thin_c1,1.0481186311141304,40,74,114,0.046772003173828125,0.004801750183105469,0.051573753356933594
e5_ppo_s44_anneal_linear,scale+thin,6.0,96.36363636363636,549.7256874002802,355,rolled,640.4780394355638,0.16508661340615632,True,True,1.0009957238721778,2,413.6804521477534,209.17933286831885,12.37924871868875,6.271455608865489,355.0,rolled,1.0,True,thin_c2,1.0452426014775815,40,73,113,0.04525327682495117,0.004694461822509766,0.04994773864746094
e5_ppo_s44_anneal_linear,scale+thin,6.0,107.27272727272728,586.6560772595034,355,rolled,602.9298996049764,0.027739970617016926,True,True,1.000996632697877,1,444.4853564247178,206.12320824340728,13.471952228119237,7.117257625922478,355.0,rolled,1.0,True,thin_c1,1.0449287746263587,40,74,114,0.043998003005981445,0.004690408706665039,0.048688411712646484
e5_ppo_s44_anneal_linear,scale+thin,6.0,118.18181818181816,628.4217050081675,355,rolled,685.3394805924007,0.09057258069005351,True,True,1.0009803177362142,3,548.8046899705549,208.3367564957387,11.966024124459324,8.96383535414331,355.0,rolled,1.0,True,thin_c1,0.9504356384277344,40,70,110,0.04502153396606445,0.0041866302490234375,0.04920816421508789
e5_ppo_s44_anneal_linear,scale+thin,6.0,129.0909090909091,657.4964976148059,355,rolled,673.0850434320112,0.023708941224410623,True,True,1.000983170010148,1,547.468355809777,193.92747675580878,12.524319418012904,8.919836479985188,355.0,rolled,1.0,True,thin_c1,0.9573822021484375,40,71,111,0.04501605033874512,0.004227638244628906,0.04924368858337402
e5_ppo_s44_anneal_linear,scale+thin,6.0,140.0,697.879425726456,355,rolled,829.2401196365338,0.18822835158571719,True,True,1.0009996390820417,2,439.7054028487532,247.93093067701994,14.746675068125043,6.218642418902853,355.0,rolled,1.0,True,thin_c2,1.0364404031504755,40,73,113,0.04512739181518555,0.004538059234619141,0.04966545104980469
e5_ppo_s44_anneal_linear,scale+thin,6.818181818181818,20.0,317.0885192434045,355,rolled,334.41286738562053,0.05463568401515494,True,True,1.0009963765930974,2,335.3004769843786,135.3045596014783,8.161762270720107,6.12132170304008,355.0,rolled,1.0,True,thin_c3,1.0202202838400134,40,72,112,0.047519683837890625,0.007955789566040039,0.055475473403930664
e5_ppo_s44_anneal_linear,scale+thin,6.818181818181818,30.909090909090907,392.6423822212096,355,rolled,521.1079629718583,0.3271821549775361,True,True,1.0009969157979486,2,448.7480708810737,156.86906804158244,9.284623915067975,6.542013602878737,355.0,welded,1.0,True,thin_c2,1.0903356004797895,40,74,114,0.05395984649658203,0.004161834716796875,0.058121681213378906
e5_ppo_s44_anneal_linear,scale+thin,6.818181818181818,41.81818181818181,455.0251859822217,355,rolled,592.1098326582941,0.3012682614043882,True,True,1.00099504010864,2,432.5725701752597,180.47947855966626,10.752311488526985,6.38914067807405,355.0,welded,1.0,True,thin_c2,1.0648567796790083,40,73,113,0.04518485069274902,0.004039764404296875,0.0492246150970459
e5_ppo_s44_anneal_linear,scale+thin,6.818181818181818,52.72727272727273,519.9507333014534,355,rolled,544.6059841826167,0.04741843659804752,True,True,1.0009962974133901,1,442.44719708353034,170.29536312572588,11.042702378221337,7.173979754416082,355.0,rolled,1.0,True,thin_c1,1.0593261188009513,40,74,114,0.04698634147644043,0.004809856414794922,0.05179619789123535
e5_ppo_s44_anneal_linear,scale+thin,6.818181818181818,63.63636363636363,570.1996303697795,355,rolled,645.5468539763215,0.13214183172598457,True,True,1.0009934770739752,1,540.3048834000189,163.51663173933474,10.468687320966385,8.874525180235143,355.0,rolled,1.0,True,thin_c1,1.1835946787958562,40,78,118,0.04597783088684082,0.00449061393737793,0.05046844482421875
e5_ppo_s44_anneal_linear,scale+thin,6.818181818181818,74.54545454545453,645.0378754655677,355,rolled,663.9381025872672,0.029300957107453385,True,True,1.0009861421810058,1,496.75472426488096,185.3043449292848,11.998121221860375,8.06963692527962,355.0,rolled,1.0,True,thin_c1,0.9582176208496094,40,71,111,0.04964256286621094,0.004397869110107422,0.05404043197631836
e5_ppo_s44_anneal_linear,scale+thin,6.818181818181818,85.45454545454545,698.212152166206,355,rolled,725.3894890458668,0.03892418199159517,True,True,1.0009972013445565,1,537.2900104669517,187.3616121215733,12.090548138581969,8.761585558579734,355.0,rolled,1.0,True,thin_c1,1.1900501417077107,40,79,119,0.04421806335449219,0.00455474853515625,0.04877281188964844
e5_ppo_s44_anneal_linear,scale+thin,6.818181818181818,96.36363636363636,733.8166260116295,355,rolled,770.6802931434141,0.05023553000174242,True,True,1.0009973385674766,1,460.30787102775906,221.45480840899359,14.4940788112701,7.350134986278441,355.0,rolled,1.0,True,thin_c1,1.0219742750084917,40,74,114,0.04474592208862305,0.004420042037963867,0.049165964126586914
e5_ppo_s44_anneal_linear,scale+thin,6.818181818181818,107.27272727272728,798.4291807439346,355,rolled,818.9618750329679,0.02571636255816956,True,True,1.0009648824128277,1,485.5850440736194,225.45177909383207,14.735919178941257,7.774670774319377,355.0,rolled,1.0,True,thin_c1,0.9820671081542969,40,72,112,0.044310569763183594,0.00543975830078125,0.049750328063964844
e5_ppo_s44_anneal_linear,scale+thin,6.818181818181818,118.18181818181816,852.2289524013323,460,rolled,862.5063470803016,0.012059429159277619,True,True,1.0009984359886281,1,546.0586986198406,217.7312450172407,14.141514078899245,8.834612606089646,355.0,rolled,0.0,True,thin_c1,1.001487400220788,40,73,113,0.0479276180267334,0.004123210906982422,0.05205082893371582
e5_ppo_s44_anneal_linear,scale+thin,6.818181818181818,129.0909090909091,896.311601431932,355,rolled,1037.3545252251083,0.15735925270614437,True,True,1.0009961208584437,3,543.0026445821865,292.44293231701226,12.48868001124475,6.8598397163722815,355.0,rolled,1.0,True,thin_c3,1.1433066193953803,40,72,112,0.04375648498535156,0.0045223236083984375,0.04827880859375
e5_ppo_s44_anneal_linear,scale+thin,6.818181818181818,140.0,931.1411275891702,355,rolled,1146.3943838046464,0.2311714624535931,True,True,1.0009714429687862,1,415.20251639133755,268.58166402880653,17.648881926706775,12.594275776513335,355.0,rolled,1.0,True,scale,0.9364967346191406,40,72,112,0.044585227966308594,0.004389762878417969,0.04897499084472656
e5_ppo_s44_anneal_linear,scale+thin,7.636363636363637,20.0,409.6201332461394,355,rolled,424.10325838773247,0.03535745429995796,True,True,1.0009838969403857,2,350.2570675841418,152.25940442395182,8.923501248393956,6.0,355.0,rolled,1.0,True,thin_c2,0.9990959167480469,40,70,110,0.04424405097961426,0.004326581954956055,0.04857063293457031
e5_ppo_s44_anneal_linear,scale+thin,7.636363636363637,30.909090909090907,501.774525145321,355,rolled,518.4157696006464,0.033164785419319324,True,True,1.0009984493719406,2,384.06397246340975,173.32573539952574,10.201476093909797,6.113660888671876,355.0,rolled,1.0,True,thin_c2,1.0189434814453127,40,72,112,0.048249244689941406,0.004393339157104492,0.0526425838470459
e5_ppo_s44_anneal_linear,scale+thin,7.636363636363637,41.81818181818181,593.9298338756057,355,rolled,640.5518197416501,0.07849746419003599,True,True,1.0009870612560259,1,463.3566462689806,171.20235149122288,11.079912502411519,7.531304936463873,355.0,rolled,1.0,True,thin_c1,0.9981803894042969,40,72,112,0.045135498046875,0.004409074783325195,0.049544572830200195
e5_ppo_s44_anneal_linear,scale+thin,7.636363636363637,52.72727272727273,675.9362632758116,355,rolled,708.8941089128465,0.04875880675096529,True,True,1.0009877868792996,1,422.7739238594766,199.2655989960613,13.031809411773256,6.761381614996371,355.0,rolled,1.0,True,thin_c1,0.9469108581542969,40,71,111,0.04423785209655762,0.0044939517974853516,0.04873180389404297
e5_ppo_s44_anneal_linear,scale+thin,7.636363636363637,63.63636363636363,779.5020738899598,355,rolled,788.9846056965508,0.012164857701109437,True,True,1.0009995866655375,1,460.9038975085227,206.2820253519778,13.46361342569834,7.399254453854821,355.0,rolled,1.0,True,thin_c1,1.0215959631878397,40,73,113,0.04345893859863281,0.004041910171508789,0.0475008487701416
e5_ppo_s44_anneal_linear,scale+thin,7.636363636363637,74.54545454545453,846.6406079690952,355,rolled,987.7702754740196,0.16669371416457746,True,True,1.000994302509283,2,466.12731013072244,232.04125456117183,13.760908546719952,6.486634417856581,355.0,rolled,1.0,True,thin_c2,1.0579095989724867,40,74,114,0.04466414451599121,0.004479408264160156,0.04914355278015137
e5_ppo_s44_anneal_linear,scale+thin,7.636363636363637,85.45454545454545,921.2774310054268,355,rolled,1056.3211357333023,0.14658310318152143,True,True,1.0009964865554966,2,448.47569532791783,247.322621740962,14.711138016999785,6.1928201702801084,355.0,rolled,1.0,True,thin_c2,1.018113774838655,40,72,112,0.0451970100402832,0.004454851150512695,0.0496518611907959
e5_ppo_s44_anneal_linear,scale+thin,7.636363636363637,96.36363636363636,990.3158107657674,355,rolled,1108.7378942042092,0.11958011994867697,True,True,1.0009978841983047,3,547.8043010744309,283.40728640533547,12.100985365025647,6.689745324176291,355.0,rolled,1.0,True,thin_c3,1.114957554029382,40,71,111,0.04610395431518555,0.003975868225097656,0.0500798225402832
e5_ppo_s44_anneal_linear,scale+thin,7.636363636363637,107.27272727272728,1055.0870687226268,355,rolled,1184.5851141958267,0.12273683311272182,True,True,1.0009962783260093,3,566.182888338323,293.5810782563149,12.538738811943936,6.853273235818614,355.0,rolled,1.0,True,thin_c3,1.142212205969769,40,72,112,0.05155158042907715,0.008039712905883789,0.05959129333496094
e5_ppo_s44_anneal_linear,scale+thin,7.636363636363637,118.18181818181816,1088.4839809208006,355,rolled,1255.2490422382104,0.1532085581786287,True,True,1.0009997275580165,3,582.1637666984777,300.0,13.194792203691547,6.862742495329483,355.0,rolled,1.0,True,thin_c3,1.1437904158882473,40,71,111,0.050217628479003906,0.003964900970458984,0.05418252944946289
e5_ppo_s44_anneal_linear,scale+thin,7.636363636363637,129.0909090909091,1173.7978050697595,355,rolled,1319.9253872288446,0.12449127228551989,True,True,1.0009962340974743,3,634.7181861280217,300.0,13.593282839430303,6.879440519913382,355.0,rolled,1.0,True,thin_c3,1.1465734199855637,40,71,111,0.04532170295715332,0.004169464111328125,0.049491167068481445
e5_ppo_s44_anneal_linear,scale+thin,7.636363636363637,140.0,1251.7374258469372,355,rolled,1405.2259054077651,0.1226203486381948,True,True,1.0009972712026107,3,645.1407023622261,300.0,14.576892500275042,7.121081941024118,355.0,rolled,1.0,True,thin_c3,1.1868469901706864,40,72,112,0.04561424255371094,0.00487971305847168,0.05049395561218262
e5_ppo_s44_anneal_linear,scale+thin,8.454545454545455,20.0,516.1523336674153,355,rolled,532.3747691800678,0.031429549872200126,True,True,1.0009723809662423,2,384.704427410025,163.63039259797617,9.624165108397374,6.0,355.0,rolled,1.0,True,thin_c2,0.9801673889160156,40,70,110,0.04702162742614746,0.005797147750854492,0.05281877517700195
e5_ppo_s44_anneal_linear,scale+thin,8.454545454545455,30.909090909090907,633.218032838701,355,rolled,629.4149692893681,-0.0060059305833156575,True,True,1.000972135363408,2,373.8173593999988,188.63838028071046,11.151097468859927,6.0,355.0,rolled,1.0,True,thin_c2,0.9768486022949219,40,71,111,0.05944943428039551,0.004108428955078125,0.06355786323547363
e5_ppo_s44_anneal_linear,scale+thin,8.454545454545455,41.81818181818181,757.3789000305048,355,rolled,907.5702842845973,0.198304156939206,True,True,1.0009992107785386,2,423.7862656730371,210.4619362779077,12.471240628668747,6.046222507642661,355.0,rolled,1.0,True,thin_c2,1.0077037512737768,40,72,112,0.04497838020324707,0.004023075103759766,0.049001455307006836
e5_ppo_s44_anneal_linear,scale+thin,8.454545454545455,52.72727272727273,897.7427828478864,355,rolled,990.120232055212,0.10289968460039192,True,True,1.000999025520664,1,374.16062165070065,213.3741454474833,16.02841594484353,9.048999928338613,355.0,rolled,1.0,True,scale,0.9018440246582031,40,71,111,0.04600238800048828,0.004721879959106445,0.05072426795959473
e5_ppo_s44_anneal_linear,scale+thin,8.454545454545455,63.63636363636363,969.5859503873623,355,rolled,1102.8054114820384,0.1373982998015319,True,True,1.0009746533804655,1,396.0987197989469,232.61113408184102,16.26840874575981,9.621908014879514,355.0,rolled,1.0,True,scale,0.9237251281738281,40,71,111,0.04758405685424805,0.00424957275390625,0.0518336296081543
e5_ppo_s44_anneal_linear,scale+thin,8.454545454545455,74.54545454545453,1093.1775012217977,355,rolled,1166.5326862311988,0.06710272112938216,True,True,1.0009835413614474,2,439.5331464357154,246.19487623821422,15.628930638162196,9.823174165771801,355.0,rolled,1.0,True,scale,0.9294357299804688,40,71,111,0.05132627487182617,0.004389762878417969,0.05571603775024414
e5_ppo_s44_anneal_linear,scale+thin,8.454545454545455,85.45454545454545,1181.2789978646645,355,rolled,1335.0284400242222,0.1301550628069088,True,True,1.0009972293024112,1,414.73131778415586,268.5350770200509,17.928524706083117,9.945393359445182,355.0,rolled,1.0,True,scale,0.9399070739746094,40,71,111,0.0462956428527832,0.004398345947265625,0.05069398880004883
e5_ppo_s44_anneal_linear,scale+thin,8.454545454545455,96.36363636363636,1257.923897819336,355,rolled,1425.0617736938134,0.13286803451641074,True,True,1.0009687134581242,1,458.65840644839693,266.35199485776604,17.488018452661073,11.76464101292179,355.0,rolled,1.0,True,scale,0.9404563903808594,40,71,111,0.04611659049987793,0.004117727279663086,0.050234317779541016
e5_ppo_s44_anneal_linear,scale+thin,8.454545454545455,107.27272727272728,1345.9822136266182,460,rolled,1512.6115651263833,0.12379758797168539,True,True,1.000972931973999,1,480.46915487639484,274.1231276374128,17.814695940059735,12.166458857556576,355.0,rolled,0.0,True,scale,0.9440383911132812,40,72,112,0.04931163787841797,0.004288911819458008,0.05360054969787598
e5_ppo_s44_anneal_linear,scale+thin,8.454545454545455,118.18181818181816,1418.3994702060834,355,rolled,1590.4962308245451,0.12133165884040926,True,True,1.0009621820388466,2,511.44869544618,281.378173828125,17.32800249594134,13.02261888901324,355.0,rolled,1.0,True,scale,0.93792724609375,40,72,112,0.047335147857666016,0.00429987907409668,0.051635026931762695
e5_ppo_s44_anneal_linear,scale+thin,8.454545454545455,129.0909090909091,1503.943042662674,355,rolled,1680.7065986914026,0.11753341118276353,True,True,1.0009985708930047,3,695.3155313778565,300.0,15.591285876386854,7.276152768342393,355.0,rolled,1.0,True,thin_c3,1.2126921280570655,40,72,112,0.0515904426574707,0.004263877868652344,0.05585432052612305
e5_ppo_s44_anneal_linear,scale+thin,8.454545454545455,140.0,1589.050557323039,355,rolled,1636.2101565444,0.02967784694075909,True,True,1.0009934734118602,1,742.844214287343,245.86561247145696,15.821847545646241,12.14730958269159,355.0,rolled,1.0,True,thin_c1,1.0887644361413045,40,78,118,0.046944618225097656,0.0045354366302490234,0.05148005485534668
e5_ppo_s44_anneal_linear,scale+thin,9.272727272727272,20.0,633.3700898588271,355,rolled,660.5297995026142,0.04288126338558357,True,True,1.0009982419453105,2,376.23031881589907,181.9160748937228,10.761204447881589,6.0,355.0,rolled,1.0,True,thin_c2,0.9215850830078125,40,70,110,0.0457608699798584,0.004422903060913086,0.050183773040771484
e5_ppo_s44_anneal_linear,scale+thin,9.272727272727272,30.909090909090907,801.8071464602682,355,rolled,911.6974087729066,0.13705323380786769,True,True,1.0009981480660668,3,432.7511531479206,229.9643048511555,9.790374151200615,6.084333124575409,355.0,rolled,1.0,True,thin_c3,1.014055520762568,40,70,110,0.046142578125,0.004058122634887695,0.050200700759887695
e5_ppo_s44_anneal_linear,scale+thin,9.272727272727272,41.81818181818181,962.5021253931346,355,rolled,1069.3722997635016,0.1110337022130894,True,True,1.0009870930744742,1,375.88732786593664,217.69794147899097,15.952940623312854,8.251551907963277,355.0,rolled,1.0,True,scale,0.8955497741699219,40,70,110,0.04727506637573242,0.004199028015136719,0.05147409439086914
e5_ppo_s44_anneal_linear,scale+thin,9.272727272727272,52.72727272727273,1070.6846994207378,355,rolled,1197.383309364561,0.11833419307511323,True,True,1.0009528440652298,2,394.56372963098323,251.4824313643199,15.886278636744665,8.173359394937323,355.0,rolled,1.0,True,scale,0.921173095703125,40,70,110,0.044762372970581055,0.007856130599975586,0.05261850357055664
e5_ppo_s44_anneal_linear,scale+thin,9.272727272727272,63.63636363636363,1216.7126656588257,355,rolled,1360.5507493768876,0.11821861297069378,True,True,1.0009783859570196,1,406.6415143916403,261.4636829198578,17.545080948929204,8.81052011373453,355.0,rolled,1.0,True,scale,0.9338417053222656,40,71,111,0.05663609504699707,0.004381418228149414,0.061017513275146484
e5_ppo_s44_anneal_linear,scale+thin,9.272727272727272,74.54545454545453,1356.4151141978043,355,rolled,1487.3841099158988,0.09655524650766713,True,True,1.0009949211584566,1,442.5621873369164,268.2685414947891,17.752321800423324,10.033094810290514,355.0,rolled,1.0,True,scale,0.93206787109375,40,71,111,0.044968366622924805,0.004300832748413086,0.04926919937133789
e5_ppo_s44_anneal_linear,scale+thin,9.272727272727272,85.45454545454545,1422.5235716023028,355,rolled,1583.90452291705,0.11344694354201157,True,True,1.0009769826298842,2,488.9583654797328,274.4580457464744,17.238822552809822,11.065975745250624,355.0,rolled,1.0,True,scale,0.9452400207519531,40,72,112,0.044742584228515625,0.0042896270751953125,0.04903221130371094
e5_ppo_s44_anneal_linear,scale+thin,9.272727272727272,96.36363636363636,1530.0841209322955,355,rolled,1732.9555471504016,0.1325884135667616,True,True,1.000981636132763,1,501.60954119526576,282.4665069580078,18.244140445605787,11.930147674751494,355.0,rolled,1.0,True,scale,0.9415550231933594,40,72,112,0.046648502349853516,0.004307270050048828,0.050955772399902344
e5_ppo_s44_anneal_linear,scale+thin,9.272727272727272,107.27272727272728,1647.0835657255905,355,rolled,1830.488750936203,0.1113514754364129,True,True,1.0009973297153008,3,725.795753105146,300.0,15.166911868215537,7.172109852666442,355.0,rolled,1.0,True,thin_c3,1.1953516421110737,40,72,112,0.04737210273742676,0.004599571228027344,0.0519716739654541
e5_ppo_s44_anneal_linear,scale+thin,9.272727272727272,118.18181818181816,1794.0191544704012,355,rolled,1819.3176006375163,0.014101547413290177,True,True,1.0009713470522805,1,611.4738554057925,290.496826171875,19.00391905902177,9.77337096783606,355.0,rolled,1.0,True,thin_c1,0.96832275390625,40,72,112,0.04633760452270508,0.0042994022369384766,0.050637006759643555
e5_ppo_s44_anneal_linear,scale+thin,9.272727272727272,129.0909090909091,1876.6125693849333,355,rolled,1908.5386672613063,0.01701262071735823,True,True,1.0009622727269805,1,650.7588539552586,291.08734130859375,18.998253865037505,10.44757162362237,355.0,rolled,1.0,True,thin_c1,0.9702911376953125,40,74,114,0.04580259323120117,0.005022525787353516,0.05082511901855469
e5_ppo_s44_anneal_linear,scale+thin,9.272727272727272,140.0,1975.8458780810136,355,rolled,1999.3122024321774,0.011876596556182244,True,True,1.000967788753831,1,683.2676428072446,293.1163787841797,19.0981108521551,11.001534491615102,355.0,rolled,1.0,True,thin_c1,0.9770545959472656,40,75,115,0.04773569107055664,0.004804849624633789,0.05254054069519043
e5_ppo_s44_anneal_linear,scale+thin,10.09090909090909,20.0,771.2799576046779,355,rolled,788.1830127090153,0.021915589712498625,True,True,1.0009692535123174,2,356.4069929180904,197.48955068900358,11.719507118339994,6.0,355.0,rolled,1.0,True,thin_c2,0.8992462158203125,40,69,109,0.04522705078125,0.004553794860839844,0.049780845642089844
e5_ppo_s44_anneal_linear,scale+thin,10.09090909090909,30.909090909090907,964.7090665866748,355,rolled,1128.8783239769016,0.17017488803239822,True,True,1.0009732040729438,1,371.60418442531136,217.38318086119764,15.58769758883916,7.972913276949914,355.0,rolled,1.0,True,scale,0.9000015258789062,40,70,110,0.04537534713745117,0.004317045211791992,0.049692392349243164
e5_ppo_s44_anneal_linear,scale+thin,10.09090909090909,41.81818181818181,1147.2574547707825,355,rolled,1278.2285922069914,0.11416019733981717,True,True,1.000958677289088,1,420.3698500612086,217.87516184968896,16.791204709203452,8.868250552471215,355.0,rolled,1.0,True,scale,0.8768730163574219,40,70,110,0.043152570724487305,0.004328250885009766,0.04748082160949707
e5_ppo_s44_anneal_linear,scale+thin,10.09090909090909,52.72727272727273,1318.1429375417918,355,rolled,1456.7873624228841,0.1051816316215681,True,True,1.0009851674525194,1,425.92813574079406,251.52828236815685,17.5033588028812,8.807348644878589,355.0,rolled,1.0,True,scale,0.9148788452148438,40,71,111,0.04596734046936035,0.0041522979736328125,0.050119638442993164
e5_ppo_s44_anneal_linear,scale+thin,10.09090909090909,63.63636363636363,1473.4968374975142,355,rolled,1621.6283129453338,0.100530568969117,True,True,1.000980927813443,2,443.5524942461516,279.7954559326172,17.667223189800815,9.180555731955065,355.0,rolled,1.0,True,scale,0.9326515197753906,40,71,111,0.044119834899902344,0.004291057586669922,0.048410892486572266
e5_ppo_s44_anneal_linear,scale+thin,10.09090909090909,74.54545454545453,1593.8205978972342,355,rolled,1782.0847399557235,0.11812128812168118,True,True,1.0009752862846,2,490.46972448295327,279.56199645996094,18.053139188660094,10.760558761137704,355.0,rolled,1.0,True,scale,0.9318733215332031,40,72,112,0.04422736167907715,0.0039653778076171875,0.048192739486694336
e5_ppo_s44_anneal_linear,scale+thin,10.09090909090909,85.45454545454545,1744.078619322344,355,rolled,1902.4590276157724,0.09081036057592784,True,True,1.0009726380243906,1,550.751422986206,276.8463134765625,17.862283182759406,11.85374769873052,355.0,rolled,1.0,True,scale,0.922821044921875,40,72,112,0.04506516456604004,0.0043506622314453125,0.04941582679748535
e5_ppo_s44_anneal_linear,scale+thin,10.09090909090909,96.36363636363636,1930.113776773892,355,rolled,1971.9750156732102,0.021688482514894906,True,True,1.0009745811005375,1,621.9162099530391,286.90223693847656,18.74779654684083,9.962190637988746,355.0,rolled,1.0,True,thin_c1,0.9563407897949219,40,72,112,0.04504132270812988,0.0044400691986083984,0.04948139190673828
e5_ppo_s44_anneal_linear,scale+thin,10.09090909090909,107.27272727272728,2067.605711285596,355,rolled,2105.179613751797,0.01817266331830669,True,True,1.0009786513055736,1,706.9816589355469,277.8067198381658,18.031437283205555,11.448640711324307,355.0,rolled,1.0,True,thin_c1,0.9426422119140625,40,73,113,0.04492807388305664,0.004398822784423828,0.04932689666748047
e5_ppo_s44_anneal_linear,scale+thin,10.09090909090909,118.18181818181816,2170.353625378734,355,rolled,2218.107274451126,0.02200270431232569,True,True,1.0009617634065018,1,698.7386979369337,293.3910369873047,19.09873739120267,11.266937540080928,355.0,rolled,1.0,True,thin_c1,0.9779701232910156,40,75,115,0.04593348503112793,0.004419803619384766,0.050353288650512695
e5_ppo_s44_anneal_linear,scale+thin,10.09090909090909,129.0909090909091,2307.5736162550616,355,rolled,2338.979996940458,0.013610131639642151,True,True,1.0009791196328,1,737.8463745117188,295.1385498046875,19.171803689991894,11.93512436208103,355.0,rolled,1.0,True,thin_c1,0.983795166015625,40,75,115,0.04470348358154297,0.004227876663208008,0.04893136024475098
e5_ppo_s44_anneal_linear,scale+thin,10.09090909090909,140.0,2443.406284429296,355,rolled,2457.913010739311,0.005937091347623878,True,True,1.000999739834994,1,750.0,300.0,20.153419271873048,12.080185429758899,355.0,rolled,1.0,True,thin_c2,1.1413808275305706,40,77,117,0.04412436485290527,0.0076656341552734375,0.05178999900817871
e5_ppo_s44_anneal_linear,scale+thin,10.90909090909091,20.0,939.0466900997784,355,rolled,1101.2833025557898,0.17276735455909323,True,True,1.0009575629980867,1,381.96721344867507,189.5629612089288,15.107315020267043,8.065871752563778,355.0,rolled,1.0,True,scale,0.8501052856445312,40,70,110,0.05367898941040039,0.004578590393066406,0.0582575798034668
e5_ppo_s44_anneal_linear,scale+thin,10.90909090909091,30.909090909090907,1197.1649157491154,355,rolled,1264.4186059074882,0.05617746500388329,True,True,1.0009718942456651,1,475.7955595340896,221.78018390606675,14.498128147103369,7.615694212753948,355.0,rolled,1.0,True,thin_c1,0.9315528869628906,40,70,110,0.04287266731262207,0.003873109817504883,0.04674577713012695
e5_ppo_s44_anneal_linear,scale+thin,10.90909090909091,41.81818181818181,1403.509472950396,355,rolled,1587.4189055289921,0.13103540526305804,True,True,1.0009969637302183,3,576.2444556339032,281.4978526681636,12.023711780769503,6.547354152513587,355.0,rolled,1.0,True,thin_c3,1.0912256920855978,40,71,111,0.04883623123168945,0.005308628082275391,0.054144859313964844
e5_ppo_s44_anneal_linear,scale+thin,10.90909090909091,52.72727272727273,1588.7457907355176,355,rolled,1704.2036142401023,0.07267230804188812,True,True,1.0009892385872945,1,466.3293588114036,265.4070307125062,17.72415897877948,8.924717003053972,355.0,rolled,1.0,True,scale,0.9128189086914062,40,71,111,0.04414820671081543,0.004479169845581055,0.048627376556396484
e5_ppo_s44_anneal_linear,scale+thin,10.90909090909091,63.63636363636363,1789.9941201560932,355,rolled,1901.9467472771626,0.06254357255168341,True,True,1.0009970991720007,2,515.355827429514,277.313232421875,17.621771804420696,10.45190275590408,355.0,rolled,1.0,True,scale,0.92437744140625,40,71,111,0.04504704475402832,0.004069328308105469,0.04911637306213379
e5_ppo_s44_anneal_linear,scale+thin,10.90909090909091,74.54545454545453,1942.2808212955651,355,rolled,2119.5538915233374,0.09127056617360062,True,True,1.000997777304474,1,551.7657278136852,276.1940002441406,19.09029575242558,11.563195433103488,355.0,rolled,1.0,True,scale,0.9206466674804688,40,72,112,0.043370723724365234,0.0044689178466796875,0.04783964157104492
e5_ppo_s44_anneal_linear,scale+thin,10.90909090909091,85.45454545454545,2177.190622234541,355,rolled,2220.3654236363946,0.01983051045734408,True,True,1.0009607636953315,1,653.4772188889552,287.7159118652344,18.766270901108822,10.502964772635089,355.0,rolled,1.0,True,thin_c1,0.9590530395507812,40,73,113,0.04455399513244629,0.00545811653137207,0.05001211166381836
e5_ppo_s44_anneal_linear,scale+thin,10.90909090909091,96.36363636363636,2344.698716886334,355,rolled,2382.3327822498513,0.0160507041235106,True,True,1.0009747824460826,1,698.3033240984803,291.8907165527344,18.997418125320145,11.263292307384217,355.0,rolled,1.0,True,thin_c1,0.9729690551757812,40,75,115,0.04533839225769043,0.004553556442260742,0.04989194869995117
e5_ppo_s44_anneal_linear,scale+thin,10.90909090909091,107.27272727272728,2499.121791022924,355,rolled,2540.2296146223675,0.01644890767112943,True,True,1.0009848507461023,1,739.537239074707,295.8148956298828,19.215738206148163,11.962475148824797,355.0,rolled,1.0,True,thin_c1,0.9860496520996094,40,75,115,0.04512429237365723,0.004690885543823242,0.04981517791748047
e5_ppo_s44_anneal_linear,scale+thin,10.90909090909091,118.18181818181816,2669.547168301596,355,rolled,2677.6927355557705,0.0030512917512362293,True,True,1.0009989374406159,2,750.0,300.0,20.8719416523217,11.720985743727692,355.0,rolled,1.0,True,thin_c3,1.6300236909285835,40,77,117,0.05979728698730469,0.008459329605102539,0.06825661659240723
e5_ppo_s44_anneal_linear,scale+thin,10.90909090909091,129.0909090909091,2855.841135487434,355,rolled,2920.9264507686544,0.022790243642215706,True,True,1.0009986849860317,1,750.0,300.0,22.817869912263543,12.813754101026403,355.0,rolled,1.0,True,thin_c3,1.7819937001103936,40,80,120,0.07365965843200684,0.009525060653686523,0.08318471908569336
e5_ppo_s44_anneal_linear,scale+thin,10.90909090909091,140.0,3078.8301843712,460,rolled,3163.025913002378,0.027346662072683693,True,True,1.0009979474527424,1,750.0,300.0,24.763471541117994,13.906339033210754,355.0,rolled,0.0,True,thin_c3,1.9339382005774461,40,83,123,0.06311821937561035,0.008443117141723633,0.07156133651733398
e5_ppo_s44_anneal_linear,scale+thin,11.727272727272728,20.0,1117.8784812198996,355,rolled,1215.6369830678832,0.08745002564259337,True,True,1.000954315528467,1,461.6546449595782,206.62235247725175,13.485837139893507,7.411295722326868,355.0,rolled,1.0,True,thin_c1,0.910003662109375,40,70,110,0.06435108184814453,0.006093263626098633,0.07044434547424316
e5_ppo_s44_anneal_linear,scale+thin,11.727272727272728,30.909090909090907,1399.1707585826318,355,rolled,1518.6890854777605,0.08542082956064737,True,True,1.0009926082018858,1,514.4995184128112,231.35367149374855,15.10281064955647,8.256889420868626,355.0,rolled,1.0,True,thin_c1,0.9326515197753906,40,70,110,0.06345295906066895,0.006710052490234375,0.07016301155090332
e5_ppo_s44_anneal_linear,scale+thin,11.727272727272728,41.81818181818181,1658.320920880548,355,rolled,1847.7421284595066,0.11422469872621407,True,True,1.0009820819763422,1,511.31156884585306,253.97036185755707,17.622285323518778,9.276840196311982,355.0,rolled,1.0,True,scale,0.9133682250976562,40,70,110,0.06282567977905273,0.0071871280670166016,0.07001280784606934
e5_ppo_s44_anneal_linear,scale+thin,11.727272727272728,52.72727272727273,1896.895430152976,355,rolled,1998.9990587683833,0.05382670388276132,True,True,1.0009670813831135,2,516.6430330091982,274.7383117675781,17.763635528236154,9.771116702043715,355.0,rolled,1.0,True,scale,0.9157943725585938,40,71,111,0.06271481513977051,0.007251262664794922,0.06996607780456543
e5_ppo_s44_anneal_linear,scale+thin,11.727272727272728,63.63636363636363,2122.483987052358,355,rolled,2239.512072304511,0.05513732304509789,True,True,1.0009854746223286,1,600.2592156744183,287.3554229736328,18.803771411687922,9.588523147880085,355.0,rolled,1.0,True,thin_c1,0.9578514099121094,40,72,112,0.07489514350891113,0.013448476791381836,0.08834362030029297
e5_ppo_s44_anneal_linear,scale+thin,11.727272727272728,74.54545454545453,2414.680044837911,355,rolled,2455.451592189768,0.016884865321605706,True,True,1.0009956679828989,1,675.482286913832,288.2274627685547,18.77536709299453,10.880147895890822,355.0,rolled,1.0,True,thin_c1,0.9607582092285156,40,73,113,0.08053421974182129,0.009541034698486328,0.09007525444030762
e5_ppo_s44_anneal_linear,scale+thin,11.727272727272728,85.45454545454545,2607.2244497923484,355,rolled,2670.749971568397,0.02436519102952879,True,True,1.0009905011096025,1,736.0782623291016,291.07348780035386,18.897968161866064,11.915125661154958,355.0,rolled,1.0,True,thin_c1,0.9814376831054688,40,75,115,0.07459092140197754,0.010589361190795898,0.08518028259277344
e5_ppo_s44_anneal_linear,scale+thin,11.727272727272728,96.36363636363636,2809.399526814627,460,rolled,2858.456233623226,0.017461634182099093,True,True,1.0009981440097722,1,750.0,300.0,20.167601346552896,12.088686324309725,355.0,rolled,0.0,True,thin_c2,1.1421840236497962,40,77,117,0.07273745536804199,0.009433746337890625,0.08217120170593262
e5_ppo_s44_anneal_linear,scale+thin,11.727272727272728,107.27272727272728,3054.1802093068686,355,rolled,3126.803130380328,0.02377820432866369,True,True,1.0009990987756354,1,750.0,300.0,22.719477925935646,12.758500445750771,355.0,rolled,1.0,True,thin_c3,1.7743096393087634,40,80,120,0.07330465316772461,0.009586572647094727,0.08289122581481934
e5_ppo_s44_anneal_linear,scale+thin,11.727272727272728,118.18181818181816,3357.8991517305085,355,rolled,3433.9984255702107,0.02266276335323652,True,True,1.0009996399812389,1,750.0,300.0,25.01638848855409,14.048368748732829,355.0,rolled,1.0,True,thin_c3,1.9536901059358018,40,83,123,0.06668925285339355,0.008665800094604492,0.07535505294799805
e5_ppo_s44_anneal_linear,scale+thin,11.727272727272728,129.0909090909091,3564.383823711408,460,rolled,3738.5926555040437,0.048874880037818515,True,True,1.000999884295379,1,750.0,300.0,27.30604096018036,15.334161150082425,355.0,rolled,0.0,True,thin_c3,2.1325037417204484,40,85,125,0.06927847862243652,0.010642528533935547,0.07992100715637207
e5_ppo_s44_anneal_linear,scale+thin,11.727272727272728,140.0,3755.070343632353,460,rolled,4096.933310258861,0.09104036285397975,True,True,1.0009995764498039,1,750.0,300.0,29.21458421496495,17.511549271538392,355.0,rolled,0.0,True,thin_c2,1.6545562744140625,19,71,90,0.03225588798522949,0.007944583892822266,0.04020047187805176
e5_ppo_s44_anneal_linear,scale+thin,12.545454545454549,20.0,1307.1994834284806,355,rolled,1450.2164206021619,0.1094071249160695,True,True,1.0009639503775303,1,497.9318973592267,215.2975685639196,14.032379920162668,8.013051949493683,355.0,rolled,1.0,True,thin_c1,0.9177513122558594,40,70,110,0.0671854019165039,0.007641315460205078,0.07482671737670898
e5_ppo_s44_anneal_linear,scale+thin,12.545454545454549,30.909090909090907,1673.5520688887286,355,rolled,1807.6982219625943,0.08015654580914315,True,True,1.0009770988060036,1,556.1209397923155,240.31746741552087,15.66271651806239,8.949827657365795,355.0,rolled,1.0,True,thin_c1,0.9279136657714844,40,70,110,0.06482744216918945,0.007409572601318359,0.07223701477050781
e5_ppo_s44_anneal_linear,scale+thin,12.545454545454549,41.81818181818181,1957.4303873162305,355,rolled,2011.8099582133138,0.027781100799013043,True,True,1.0009999198118782,1,522.133714081334,266.5672302246094,17.416706193506567,8.86470502431364,355.0,rolled,1.0,True,scale,0.8885574340820312,40,71,111,0.06428384780883789,0.007645368576049805,0.0719292163848877
e5_ppo_s44_anneal_linear,scale+thin,12.545454545454549,52.72727272727273,2222.5772160497027,355,rolled,2423.418098695652,0.09036396179877791,True,True,1.0009635074615233,1,539.1395573892222,272.6646423339844,20.32620384565066,10.640832251970814,355.0,rolled,1.0,True,scale,0.9088821411132812,40,72,112,0.06901717185974121,0.006487369537353516,0.07550454139709473
e5_ppo_s44_anneal_linear,scale+thin,12.545454545454549,63.63636363636363,2552.3230156844406,355,rolled,2692.5485831784345,0.054940368688557395,True,True,1.000974100007315,1,719.9077606201172,280.87352811770086,18.224529382665015,11.663117260303824,355.0,rolled,1.0,True,thin_c1,0.9598770141601562,40,73,113,0.07259774208068848,0.007671356201171875,0.08026909828186035
e5_ppo_s44_anneal_linear,scale+thin,12.545454545454549,74.54545454545453,2864.0220557743514,355,rolled,2921.0624657813337,0.019916190900827448,True,True,1.0009704762438074,1,741.7259216308594,295.1144027960112,19.16564751683237,12.001915553446638,355.0,rolled,1.0,True,thin_c1,0.9889678955078125,40,75,115,0.06699085235595703,0.008004903793334961,0.07499575614929199
e5_ppo_s44_anneal_linear,scale+thin,12.545454545454549,85.45454545454545,3136.2352005841685,355,rolled,3176.707758224075,0.012904822199676808,True,True,1.000998755115386,1,750.0,300.0,21.548264655663026,12.100786167301298,355.0,rolled,1.0,True,thin_c3,1.6828420887822686,40,80,120,0.09023666381835938,0.008253812789916992,0.09849047660827637
e5_ppo_s44_anneal_linear,scale+thin,12.545454545454549,96.36363636363636,3474.753399293351,355,rolled,3562.8890977024066,0.025364590887796416,True,True,1.0009995427327332,1,750.0,300.0,24.241357911242403,13.613137446398547,355.0,rolled,1.0,True,thin_c3,1.8931630010190217,40,82,122,0.06388521194458008,0.007106781005859375,0.07099199295043945
e5_ppo_s44_anneal_linear,scale+thin,12.545454545454549,107.27272727272728,3810.945853911128,460,rolled,3943.7911815809266,0.034858886156427855,True,True,1.0009995986765248,1,750.0,300.0,26.914246761840353,15.114142606063883,355.0,rolled,0.0,True,thin_c3,2.1019060217815895,40,85,125,0.06369805335998535,0.008589029312133789,0.07228708267211914
e5_ppo_s44_anneal_linear,scale+thin,12.545454545454549,118.18181818181816,4051.8868674716473,460,rolled,4382.001843845437,0.08147191349885334,True,True,1.0009985407264983,1,750.0,300.0,29.20930933782784,17.5083874510611,355.0,rolled,0.0,True,thin_c2,1.6542575338612433,20,71,91,0.03395223617553711,0.006902933120727539,0.04085516929626465
e5_ppo_s44_anneal_linear,scale+thin,12.545454545454549,129.0909090909091,4389.083655555064,460,rolled,4757.4399346308,0.08392555439437208,True,True,1.000998711161884,1,750.0,300.0,31.809623447162334,19.067044877479237,355.0,rolled,0.0,True,thin_c2,1.8015252818232,9,71,80,0.014714241027832031,0.007074832916259766,0.021789073944091797
e5_ppo_s44_anneal_linear,scale+thin,12.545454545454549,140.0,4731.036754406592,460,rolled,5128.50626480115,0.08401319436471212,True,True,1.0009996545200774,1,750.0,300.0,34.39613009996554,20.61742595968959,355.0,rolled,0.0,True,thin_c2,1.948011050016984,9,73,82,0.014163970947265625,0.007531404495239258,0.021695375442504883
e5_ppo_s44_anneal_linear,scale+thin,13.363636363636363,20.0,1553.9456704912225,355,rolled,1712.798959323151,0.10222576750814774,True,True,1.0009996952748232,3,625.6102019535242,252.2408676492957,10.761464172328914,6.154634638247282,355.0,rolled,1.0,True,thin_c3,1.0257724397078805,40,70,110,0.06336164474487305,0.007275581359863281,0.07063722610473633
e5_ppo_s44_anneal_linear,scale+thin,13.363636363636363,30.909090909090907,2055.764041961098,355,rolled,2162.471097080782,0.05190627569197611,True,True,1.0009942949464161,3,738.4498165315154,275.617074055679,11.742423068596082,7.098904678261871,355.0,rolled,1.0,True,thin_c3,1.081765826681386,40,71,111,0.06288862228393555,0.006730318069458008,0.06961894035339355
e5_ppo_s44_anneal_linear,scale+thin,13.363636363636363,41.81818181818181,2295.1327804460216,355,rolled,2461.18878041136,0.07235136955042228,True,True,1.0009603611399307,1,615.4208625091728,275.39405822753906,17.97430370924697,9.879948917752577,355.0,rolled,1.0,True,thin_c1,0.9179801940917969,40,71,111,0.06663393974304199,0.006877422332763672,0.07351136207580566
e5_ppo_s44_anneal_linear,scale+thin,13.363636363636363,52.72727272727273,2698.233573079863,355,rolled,2845.588828006767,0.054611749107660514,True,True,1.000995060002771,1,713.7966156005859,280.80913913251953,18.227275109384344,11.5581687382357,355.0,rolled,1.0,True,thin_c1,0.9517288208007812,40,73,113,0.06076502799987793,0.0072934627532958984,0.06805849075317383
e5_ppo_s44_anneal_linear,scale+thin,13.363636363636363,63.63636363636363,3099.504449257762,355,rolled,3132.4154420417785,0.010618146649828986,True,True,1.0009733187069971,1,742.9018020629883,296.50878589925753,19.25891461181611,12.018569090469985,355.0,rolled,1.0,True,thin_c1,0.9905357360839844,40,75,115,0.06118273735046387,0.007744789123535156,0.06892752647399902
e5_ppo_s44_anneal_linear,scale+thin,13.363636363636363,74.54545454545453,3409.0278837627866,355,rolled,3485.6517957192295,0.0224767630447973,True,True,1.0009986943046332,1,750.0,300.0,22.21294319712946,12.474047449766854,355.0,rolled,1.0,True,thin_c3,1.73475109597911,40,80,120,0.06141185760498047,0.007926464080810547,0.06933832168579102
e5_ppo_s44_anneal_linear,scale+thin,13.363636363636363,85.45454545454545,3859.8972334468967,355,rolled,3960.5433970056956,0.026074829839166896,True,True,1.0009992380711412,1,750.0,300.0,25.328231552539453,14.223489404404257,355.0,rolled,1.0,True,thin_c3,1.9780439293902856,40,83,123,0.06301736831665039,0.007933855056762695,0.07095122337341309
e5_ppo_s44_anneal_linear,scale+thin,13.363636363636363,96.36363636363636,4245.414696419247,460,rolled,4492.455234746774,0.05818996635025816,True,True,1.0009986930004517,1,750.0,300.0,28.074516108116725,16.82817966824694,355.0,rolled,0.0,True,thin_c2,1.5899889738663382,40,69,109,0.06043076515197754,0.0073130130767822266,0.06774377822875977
e5_ppo_s44_anneal_linear,scale+thin,13.363636363636363,107.27272727272728,4631.739739142465,460,rolled,4801.148529483575,0.036575628140210426,True,True,1.000999416830388,1,750.0,300.0,31.856802133075387,16.56255792208843,355.0,rolled,0.0,True,thin_c2,1.7957546731700065,8,71,79,0.011852502822875977,0.006977081298828125,0.0188295841217041
e5_ppo_s44_anneal_linear,scale+thin,13.363636363636363,118.18181818181816,5063.816158705762,460,rolled,5408.33914044073,0.0680362341240728,True,True,1.000999955767575,1,750.0,300.0,34.03762822473601,20.402535916903982,355.0,rolled,0.0,True,thin_c2,1.927707439920177,9,73,82,0.013850212097167969,0.006911516189575195,0.020761728286743164
e5_ppo_s44_anneal_linear,scale+thin,13.363636363636363,129.0909090909091,5459.024045280959,460,rolled,5695.35727382903,0.04329221241521527,True,True,1.000999226995519,1,750.0,300.0,31.914463362455713,19.116065322085042,460.0,rolled,1.0,True,thin_c2,1.5981200508449387,8,69,77,0.012073993682861328,0.006858348846435547,0.018932342529296875
e5_ppo_s44_anneal_linear,scale+thin,13.363636363636363,140.0,5943.747564514266,460,rolled,11338.943700459116,0.9077095010150815,True,True,1.0009999344505613,1,750.0,300.0,29.406148033152906,16.478095203141084,690.0,rolled,0.0,True,thin_c3,1.668234053902004,40,80,120,0.05888247489929199,0.007385969161987305,0.0662684440612793
e5_ppo_s44_anneal_linear,scale+thin,14.181818181818182,20.0,1796.9028968466985,355,rolled,2063.032506151187,0.1481046136502463,True,True,1.000995683644868,3,726.7773835195085,252.96556202735627,10.756001533657232,7.004245119756587,355.0,rolled,1.0,True,thin_c3,1.0590552819293477,40,70,110,0.06729984283447266,0.007282257080078125,0.07458209991455078
e5_ppo_s44_anneal_linear,scale+thin,14.181818181818182,30.909090909090907,2224.07150895444,355,rolled,2647.0469126698395,0.1901806673087794,True,True,1.0009987136686935,3,750.0,289.8598347069619,12.302632109953343,8.531165709952438,355.0,rolled,1.0,True,thin_c3,1.1863709159519362,40,73,113,0.06800007820129395,0.007783174514770508,0.07578325271606445
e5_ppo_s44_anneal_linear,scale+thin,14.181818181818182,41.81818181818181,2615.0382292659383,355,rolled,2898.8402054913313,0.10852689381334912,True,True,1.0009934138937975,2,695.0769424438477,278.03077697753906,18.072425846421133,11.067220033592404,355.0,rolled,1.0,True,thin_c1,0.9267692565917969,40,72,112,0.0601038932800293,0.007384300231933594,0.06748819351196289
e5_ppo_s44_anneal_linear,scale+thin,14.181818181818182,52.72727272727273,3202.0654799770145,355,rolled,3284.462510412869,0.025732462671702133,True,True,1.0009912299421797,1,737.5373840332031,295.01495361328125,19.163775047408805,11.930126248768834,355.0,rolled,1.0,True,thin_c1,0.9833831787109375,40,75,115,0.062165260314941406,0.007470130920410156,0.06963539123535156
e5_ppo_s44_anneal_linear,scale+thin,14.181818181818182,63.63636363636363,3623.765744949169,355,rolled,3711.644222639867,0.024250595616779003,True,True,1.000997822275709,1,750.0,300.0,22.290465623360717,12.517581456704102,355.0,rolled,1.0,True,thin_c3,1.7408053190811819,40,80,120,0.06313633918762207,0.00804758071899414,0.07118391990661621
e5_ppo_s44_anneal_linear,scale+thin,14.181818181818182,74.54545454545453,4194.266016339479,355,rolled,4290.333455490622,0.02290446976345702,True,True,1.0009980244637902,1,750.0,300.0,25.8702284780289,14.527856786348726,355.0,rolled,1.0,True,thin_c3,2.0203719429347835,40,84,124,0.06313538551330566,0.008602380752563477,0.07173776626586914
e5_ppo_s44_anneal_linear,scale+thin,14.181818181818182,85.45454545454545,4665.282330709234,460,rolled,4732.932262518325,0.014500715500921583,True,True,1.0009982917484195,1,750.0,300.0,29.89342549219152,15.036058349443206,355.0,rolled,0.0,True,thin_c2,1.6833941915760868,9,71,80,0.01778244972229004,0.0071794986724853516,0.02496194839477539
e5_ppo_s44_anneal_linear,scale+thin,14.181818181818182,96.36363636363636,5186.697126154381,460,rolled,5444.853830982648,0.049772851305793175,True,True,1.0009994684683063,1,750.0,300.0,32.624484530159144,18.982704188080124,355.0,rolled,0.0,True,thin_c2,1.8457653543223502,10,72,82,0.015623331069946289,0.007758378982543945,0.023381710052490234
e5_ppo_s44_anneal_linear,scale+thin,14.181818181818182,107.27272727272728,5684.871516431859,460,rolled,9707.542849277948,0.7076098942990607,True,True,1.000998937763072,1,750.0,300.0,28.326530764056255,15.70126294383324,620.0,rolled,0.0,True,thin_c3,1.6907606041949725,9,80,89,0.015014410018920898,0.00799870491027832,0.02301311492919922
e5_ppo_s44_anneal_linear,scale+thin,14.181818181818182,118.18181818181816,6186.248050426683,460,rolled,8147.180261404436,0.31698247386677325,True,True,1.0009978023695338,1,750.0,300.0,32.9077685014343,19.706003897441736,500.0,rolled,0.0,True,thin_c2,1.5841336789338483,40,69,109,0.062444448471069336,0.008600950241088867,0.0710453987121582
e5_ppo_s44_anneal_linear,scale+thin,14.181818181818182,129.0909090909091,8947.780102569574,500,rolled,13207.302253651967,0.47604233701040194,True,True,1.0009977175580895,1,750.0,300.0,32.04364728410948,17.95605021125417,690.0,rolled,0.0,True,thin_c3,1.8178614740786345,19,82,101,0.030012845993041992,0.007666826248168945,0.03767967224121094
e5_ppo_s44_anneal_linear,scale+thin,14.181818181818182,140.0,12705.653958132376,620,rolled,14204.49663834585,0.1179665907124856,True,True,1.0009981525165939,1,750.0,300.0,34.25807915454238,19.196934231135955,690.0,rolled,0.0,True,thin_c3,1.9434879468834918,8,83,91,0.01186227798461914,0.007939815521240234,0.019802093505859375
e5_ppo_s44_anneal_linear,scale+thin,15.0,20.0,2057.2483346770277,355,rolled,2195.425357424288,0.06716594220451902,True,True,1.000987054518364,3,513.6780283723645,296.11358642578125,12.690199683350917,6.0,355.0,rolled,1.0,True,thin_c3,0.9870452880859375,40,69,109,0.06197404861450195,0.006970405578613281,0.06894445419311523
e5_ppo_s44_anneal_linear,scale+thin,15.0,30.909090909090907,2565.283454586496,355,rolled,2803.2455926273688,0.09276251231239871,True,True,1.0009927694518725,1,621.9134339429645,276.873779296875,18.067171935226376,9.987832473171006,355.0,rolled,1.0,True,thin_c1,0.92291259765625,40,71,111,0.07271218299865723,0.007749795913696289,0.08046197891235352
e5_ppo_s44_anneal_linear,scale+thin,15.0,41.81818181818181,3234.6725939942403,355,rolled,3351.0247526963676,0.03597030466643095,True,True,1.0009714077368004,1,724.3709564208984,289.7483825683594,18.82166566772789,11.717151087020435,355.0,rolled,1.0,True,thin_c1,0.9658279418945312,40,74,114,0.06627082824707031,0.008943319320678711,0.07521414756774902
e5_ppo_s44_anneal_linear,scale+thin,15.0,52.72727272727273,3765.638206814382,355,rolled,3815.6573762487997,0.013283052350568827,True,True,1.0009992243457877,1,750.0,300.0,21.64956191717284,12.157671328146202,355.0,rolled,1.0,True,thin_c3,1.6907530411430023,40,80,120,0.060970306396484375,0.009380102157592773,0.07035040855407715
e5_ppo_s44_anneal_linear,scale+thin,15.0,63.63636363636363,4414.262908667717,355,rolled,4438.041983407792,0.005386873240690554,True,True,1.0009992337643443,1,750.0,300.0,26.0381031574562,13.58164729950611,355.0,rolled,1.0,True,thin_c2,1.4679045967433764,40,85,125,0.06955361366271973,0.008653402328491211,0.07820701599121094
e5_ppo_s44_anneal_linear,scale+thin,15.0,74.54545454545453,5055.036012019389,460,rolled,5275.59212105119,0.04363096692236871,True,True,1.0009978172259244,1,750.0,300.0,29.41863515777686,17.633859694072672,355.0,rolled,0.0,True,thin_c2,1.6661126178243886,40,71,111,0.06811308860778809,0.006681919097900391,0.07479500770568848
e5_ppo_s44_anneal_linear,scale+thin,15.0,85.45454545454545,5678.659053486651,460,rolled,5878.652332380394,0.035218398746962774,True,True,1.0009999286234712,1,741.9319152832031,296.77276611328125,34.62348937988281,18.878634365155843,355.0,rolled,0.0,True,scale,0.9892425537109375,7,72,79,0.010231494903564453,0.010064125061035156,0.02029561996459961
e5_ppo_s44_anneal_linear,scale+thin,15.0,96.36363636363636,6293.677091962863,460,rolled,8178.81261066862,0.2995284777341228,True,True,1.0009992157344203,1,750.0,300.0,32.022902986013314,17.964814247726697,500.0,rolled,0.0,True,thin_c3,2.1200071915336283,11,85,96,0.020894765853881836,0.011093616485595703,0.03198838233947754
e5_ppo_s44_anneal_linear,scale+thin,15.0,107.27272727272728,7396.103440982998,460,rolled,13710.84895911997,0.8537935642092229,True,True,1.0009881697529188,1,731.3575744628906,292.54302978515625,34.13002014160156,16.501073567812114,690.0,rolled,0.0,True,scale,0.9751434326171875,22,81,103,0.04086136817932129,0.008304119110107422,0.04916548728942871
e5_ppo_s44_anneal_linear,scale+thin,15.0,118.18181818181816,13338.283576315587,620,rolled,15043.314375959275,0.12782985081163387,True,True,1.0009971801327344,1,750.0,300.0,34.298445461139536,19.219553985434647,690.0,rolled,0.0,True,thin_c3,1.945777959408968,6,83,89,0.012433528900146484,0.008660316467285156,0.02109384536743164
