arm,repair_mode,span_m,load_kNm,optimal,optimal_grade,optimal_type,achieved,gap,feasible,feasible_before,utilization,section_class,h,b,tf,tw,fy,section_type,grade_match,repaired,variant,scale,n_ec3_gen,n_ec3_repair,n_ec3,t_gen,t_repair,sec_per_design
e5_ppo_s45_anneal_linear,none,6.0,20.0,241.3288087904857,355,rolled,493.73212333787694,1.0458896963541557,True,True,0.5894316358434887,1,310.44335977798835,134.2580645168527,13.968141258593313,8.550528611645353,355.0,welded,1.0,False,original,,40,1,41,0.1876058578491211,0.00013184547424316406,0.18773770332336426
e5_ppo_s45_anneal_linear,none,6.0,30.909090909090907,292.67799548197263,355,rolled,561.6440394048304,0.9189828004662026,True,True,0.6939330102733661,1,337.10964906226263,147.16765541707682,14.59259248717582,8.831054212450868,355.0,welded,1.0,False,original,,40,1,41,0.05824708938598633,0.00012302398681640625,0.058370113372802734
e5_ppo_s45_anneal_linear,none,6.0,41.81818181818181,342.2853688824266,355,rolled,617.5227305456935,0.8041166426772091,True,True,0.7670096603409678,1,358.00109985599886,158.13906587759362,15.041614523735849,9.011256795001731,355.0,welded,1.0,False,original,,40,1,41,0.059287071228027344,0.00010251998901367188,0.059389591217041016
e5_ppo_s45_anneal_linear,none,6.0,52.72727272727273,386.25765574493386,355,rolled,665.6292646597493,0.7232778554926537,True,True,0.8230119075092193,1,374.9442090876224,168.20093854244558,15.369411423482191,9.130574726477047,355.0,welded,1.0,False,original,,40,1,41,0.08422565460205078,9.655952453613281e-05,0.08432221412658691
e5_ppo_s45_anneal_linear,none,6.0,63.63636363636363,431.68145507497405,355,rolled,713.5936358544707,0.6530560381161946,True,True,0.8583273775712884,1,390.12994909848453,178.4274604048004,15.651815740310141,9.271044823809035,355.0,welded,1.0,False,original,,40,1,41,0.05711174011230469,9.942054748535156e-05,0.05721116065979004
e5_ppo_s45_anneal_linear,none,6.0,74.54545454545453,466.9500019446189,355,rolled,720.6917783560912,0.5434024528424062,True,True,0.946266471360333,1,387.89986021559264,187.86833142237202,15.837764595025904,8.56185968461189,355.0,welded,1.0,False,original,,40,1,41,0.058103084564208984,9.703636169433594e-05,0.05820012092590332
e5_ppo_s45_anneal_linear,none,6.0,85.45454545454545,518.2473353887603,355,rolled,787.8293816447792,0.5201802842918496,True,True,0.9266510926331956,1,411.285709342663,197.32787582364836,16.054517220312732,9.23909773687409,355.0,welded,1.0,False,original,,40,1,41,0.05748796463012695,0.00011467933654785156,0.057602643966674805
e5_ppo_s45_anneal_linear,none,6.0,96.36363636363636,549.7256874002802,355,rolled,767.8919506553358,0.39686386911768745,True,True,0.7354012981351243,1,436.83574193878735,207.30311250503993,16.35156170144763,10.092334555220098,355.0,rolled,1.0,False,original,,40,1,41,0.05832982063293457,9.34600830078125e-05,0.05842328071594238
e5_ppo_s45_anneal_linear,none,6.0,107.27272727272728,586.6560772595034,355,rolled,855.0613286813572,0.45751720953045977,True,True,0.6967837039985283,1,456.8306931661634,219.03789430792713,17.01496364121509,10.966973009534058,355.0,rolled,1.0,False,original,,40,1,41,0.05872011184692383,9.322166442871094e-05,0.05881333351135254
e5_ppo_s45_anneal_linear,none,6.0,118.18181818181816,628.4217050081675,355,rolled,944.7147857647091,0.5033134251027036,True,True,0.6584423100493177,1,473.88346823232905,232.3524297869881,17.83591474827821,11.569671063737605,355.0,rolled,1.0,False,original,,40,1,41,0.05673503875732422,9.322166442871094e-05,0.05682826042175293
e5_ppo_s45_anneal_linear,none,6.0,129.0909090909091,657.4964976148059,355,rolled,946.4506916337411,0.43947640035676505,True,True,0.6392142594910798,1,600.1737965458309,205.04747059147172,16.574621777176997,11.6146261251459,355.0,rolled,1.0,False,original,,40,1,41,0.05840110778808594,9.441375732421875e-05,0.058495521545410156
e5_ppo_s45_anneal_linear,none,6.0,140.0,697.879425726456,355,rolled,1039.421401346067,0.4893996914496849,True,True,0.6508574621117291,1,465.7638119279742,250.31060004107493,20.572637388275645,10.358632325151445,355.0,rolled,1.0,False,original,,40,1,41,0.05709028244018555,9.369850158691406e-05,0.05718398094177246
e5_ppo_s45_anneal_linear,none,6.818181818181818,20.0,317.0885192434045,355,rolled,615.2104480055145,0.9401851870053508,True,True,0.647430660996852,1,325.64622799675976,148.8414207783359,14.764062853002008,7.9913740594893214,355.0,welded,1.0,False,original,,40,1,41,0.06458711624145508,0.00010180473327636719,0.06468892097473145
e5_ppo_s45_anneal_linear,none,6.818181818181818,30.909090909090907,392.6423822212096,355,rolled,724.6387402287905,0.8455438664808695,True,True,0.7673019186496592,1,375.95407729813525,156.75449162758684,14.741591263395954,9.647091152573852,355.0,welded,1.0,False,original,,40,1,41,0.05787158012390137,9.036064147949219e-05,0.05796194076538086
e5_ppo_s45_anneal_linear,none,6.818181818181818,41.81818181818181,455.0251859822217,355,rolled,749.3775257299375,0.6468924112680136,True,True,0.878012891091722,1,364.68815429199066,175.71635918087827,15.743032865816174,8.113182922647317,355.0,welded,1.0,False,original,,40,1,41,0.05944347381591797,9.72747802734375e-05,0.059540748596191406
e5_ppo_s45_anneal_linear,none,6.818181818181818,52.72727272727273,519.9507333014534,355,rolled,842.9580027032015,0.6212266830566757,True,True,0.9036954873208088,1,393.123488815968,186.36989677740462,16.046545257375307,9.09409761888916,355.0,welded,1.0,False,original,,40,1,41,0.057120323181152344,9.751319885253906e-05,0.05721783638000488
e5_ppo_s45_anneal_linear,none,6.818181818181818,63.63636363636363,570.1996303697795,355,rolled,901.7081384407917,0.5813902542448617,True,True,0.9389474944361639,1,406.0435611309449,198.98645118998346,16.460199348176126,9.003474453808108,355.0,welded,1.0,False,original,,40,1,41,0.06045413017272949,0.00011301040649414062,0.06056714057922363
e5_ppo_s45_anneal_linear,none,6.818181818181818,74.54545454545453,645.0378754655677,355,rolled,883.8309168644133,0.3702000308532153,True,True,0.7516801770019019,1,437.9484480554033,207.7400430221773,16.560760527297823,10.170096053929175,355.0,rolled,1.0,False,original,,40,1,41,0.0632474422454834,0.00010633468627929688,0.0633537769317627
e5_ppo_s45_anneal_linear,none,6.818181818181818,85.45454545454545,698.212152166206,355,rolled,984.331370198056,0.40978836753866854,True,True,0.7268050137538508,1,459.4226317773341,221.07591665252065,17.11489693394309,11.009055717579525,355.0,rolled,1.0,False,original,,40,1,41,0.06406259536743164,0.00015974044799804688,0.06422233581542969
e5_ppo_s45_anneal_linear,none,6.818181818181818,96.36363636363636,733.8166260116295,355,rolled,1113.4694163792872,0.5173673870420604,True,True,0.6543477140566488,1,454.03839091980035,230.95683357244909,20.730218888850082,10.373045527379654,355.0,rolled,1.0,False,original,,40,1,41,0.07383847236633301,0.00011920928955078125,0.07395768165588379
e5_ppo_s45_anneal_linear,none,6.818181818181818,107.27272727272728,798.4291807439346,355,rolled,1167.8135229701443,0.4626388302617355,True,True,0.6708397963806749,1,465.0923136139997,241.72565085690033,20.87284657782541,10.48898848254045,355.0,rolled,1.0,False,original,,40,1,41,0.05988049507141113,9.489059448242188e-05,0.059975385665893555
e5_ppo_s45_anneal_linear,none,6.818181818181818,118.18181818181816,852.2289524013323,460,rolled,1216.6373553109531,0.4275944884092759,True,True,0.6867752028166894,1,475.09124076651364,253.10671304939817,20.906164059985805,10.515241793728368,355.0,rolled,0.0,False,original,,40,1,41,0.06134438514709473,0.00011730194091796875,0.061461687088012695
e5_ppo_s45_anneal_linear,none,6.818181818181818,129.0909090909091,896.311601431932,355,rolled,1255.366786048943,0.4005919191979559,True,True,0.7071937968658158,1,481.92770645689524,265.9048303256649,20.767829121162983,10.39165943908197,355.0,rolled,1.0,False,original,,40,1,41,0.05985307693481445,0.0001220703125,0.05997514724731445
e5_ppo_s45_anneal_linear,none,6.818181818181818,140.0,931.1411275891702,355,rolled,1258.4519767970266,0.3515158331103914,True,True,0.8152992243049286,1,526.0372478133932,240.64495018723252,18.939960544976962,13.40492970168496,355.0,rolled,1.0,False,original,,40,1,41,0.05955815315246582,9.846687316894531e-05,0.059656620025634766
e5_ppo_s45_anneal_linear,none,7.636363636363637,20.0,409.6201332461394,355,rolled,781.6736895404183,0.9082892321377014,True,True,0.6761326515210897,1,344.77283935441125,163.94645797108967,15.514138035144178,8.234293167290534,355.0,welded,1.0,False,original,,40,1,41,0.06302428245544434,0.00010132789611816406,0.0631256103515625
e5_ppo_s45_anneal_linear,none,7.636363636363637,30.909090909090907,501.774525145321,355,rolled,886.2195579670351,0.7661708866355331,True,True,0.8091913927941964,1,372.0247536815451,179.20366963453344,16.031270541061012,8.679222769185232,355.0,welded,1.0,False,original,,40,1,41,0.059403181076049805,9.107589721679688e-05,0.0594942569732666
e5_ppo_s45_anneal_linear,none,7.636363636363637,41.81818181818181,593.9298338756057,355,rolled,951.2687417314314,0.6016517229384839,True,True,0.9242529291658798,1,387.57054921214956,192.7306669347678,16.343385774487864,8.551833278054975,355.0,welded,1.0,False,original,,40,1,41,0.06675076484680176,0.00012350082397460938,0.06687426567077637
e5_ppo_s45_anneal_linear,none,7.636363636363637,52.72727272727273,675.9362632758116,355,rolled,972.9409072605803,0.4393974108525936,True,True,0.7283965019993061,1,430.3794789780498,203.17053626745346,16.619709574894166,10.213553021168405,355.0,rolled,1.0,False,original,,40,1,41,0.06085371971130371,0.00010633468627929688,0.06096005439758301
e5_ppo_s45_anneal_linear,none,7.636363636363637,63.63636363636363,779.5020738899598,355,rolled,1081.8329204453764,0.387851240788483,True,True,0.7291521434561472,1,454.46116736693597,218.27440040781335,17.097895864264885,10.838908878056479,355.0,rolled,1.0,False,original,,40,1,41,0.06552910804748535,0.00010752677917480469,0.06563663482666016
e5_ppo_s45_anneal_linear,none,7.636363636363637,74.54545454545453,846.6406079690952,355,rolled,1240.4271114078267,0.4651164847659963,True,True,0.6874151826924793,1,483.92211313226323,233.5450967569138,18.047022777907248,11.950335788207845,355.0,rolled,1.0,False,original,,40,1,41,0.06505274772644043,0.00011301040649414062,0.06516575813293457
e5_ppo_s45_anneal_linear,none,7.636363636363637,85.45454545454545,921.2774310054268,355,rolled,1318.82459902538,0.4315173200173742,True,True,0.6754330676024635,1,468.51954212509077,240.331202676709,21.10887947705079,10.570078156018539,355.0,rolled,1.0,False,original,,40,1,41,0.05875205993652344,0.00010132789611816406,0.0588533878326416
e5_ppo_s45_anneal_linear,none,7.636363636363637,96.36363636363636,990.3158107657674,355,rolled,1371.2179075599965,0.3846268964439681,True,True,0.7078898806412633,1,476.87011758828413,254.16038243147744,20.96725767678491,10.521766788187126,355.0,rolled,1.0,False,original,,40,1,41,0.0589451789855957,0.00012421607971191406,0.05906939506530762
e5_ppo_s45_anneal_linear,none,7.636363636363637,107.27272727272728,1055.0870687226268,355,rolled,1422.7100651121211,0.34842906077369357,True,True,0.7345111706451181,1,485.20970328856316,269.0397249719777,20.776477894545568,10.429394479253018,355.0,rolled,1.0,False,original,,40,1,41,0.05948472023010254,0.0001068115234375,0.05959153175354004
e5_ppo_s45_anneal_linear,none,7.636363636363637,118.18181818181816,1088.4839809208006,355,rolled,1495.7199006373742,0.37413129348221846,True,True,0.7430462100978625,1,500.184947631984,280.6514332556635,20.80768992870739,10.768700686542815,355.0,rolled,1.0,False,original,,40,1,41,0.0641484260559082,0.00013518333435058594,0.06428360939025879
e5_ppo_s45_anneal_linear,none,7.636363636363637,129.0909090909091,1173.7978050697595,355,rolled,1566.042832027433,0.33416745649337964,True,True,0.750977105774233,1,514.5134185548,292.0064198172885,20.778435460905868,11.130064567606967,355.0,rolled,1.0,False,original,,40,1,41,0.06940364837646484,0.00010514259338378906,0.06950879096984863
e5_ppo_s45_anneal_linear,none,7.636363636363637,140.0,1251.7374258469372,355,rolled,1629.378409386879,0.301693450832491,True,True,0.7609277377444089,1,529.958664317563,300.0,20.760364079010692,11.5600293334174,355.0,rolled,1.0,False,original,,40,1,41,0.059778690338134766,9.822845458984375e-05,0.05987691879272461
e5_ppo_s45_anneal_linear,none,8.454545454545455,20.0,516.1523336674153,355,rolled,943.1378178743123,0.8272470283589316,True,True,0.45421593708586955,1,379.8457745584559,186.2340824764466,17.363723302128193,8.683678072163048,355.0,rolled,1.0,False,original,,40,1,41,0.058548927307128906,0.00010251998901367188,0.05865144729614258
e5_ppo_s45_anneal_linear,none,8.454545454545455,30.909090909090907,633.218032838701,355,rolled,1045.3095007492373,0.6507892172039704,True,True,0.5711418872392179,1,405.95331987453443,201.79106914131367,17.746451629465817,8.981975367680148,355.0,rolled,1.0,False,original,,40,1,41,0.06312680244445801,0.00010752677917480469,0.06323432922363281
e5_ppo_s45_anneal_linear,none,8.454545454545455,41.81818181818181,757.3789000305048,355,rolled,1153.9651155555011,0.5236298707410822,True,True,0.6714047496613308,1,442.9027266562177,208.19866072803563,17.101055895999234,10.910519054216248,355.0,rolled,1.0,False,original,,40,1,41,0.06166815757751465,9.584426879882812e-05,0.06176400184631348
e5_ppo_s45_anneal_linear,none,8.454545454545455,52.72727272727273,897.7427828478864,355,rolled,1278.0584502984912,0.42363544961524413,True,True,0.7639436445061928,1,490.790962961468,197.6481096308604,17.462871477690374,12.99119003954093,355.0,rolled,1.0,False,original,,40,1,41,0.0648355484008789,0.00010967254638671875,0.06494522094726562
e5_ppo_s45_anneal_linear,none,8.454545454545455,63.63636363636363,969.5859503873623,355,rolled,1413.8624231400147,0.45821257267100257,True,True,0.669637542311654,1,460.7300711568945,232.61451790118608,21.029147568447243,10.520540401999396,355.0,rolled,1.0,False,original,,40,1,41,0.07784152030944824,0.00011968612670898438,0.07796120643615723
e5_ppo_s45_anneal_linear,none,8.454545454545455,74.54545454545453,1093.1775012217977,355,rolled,1499.2363105058078,0.3714481946711998,True,True,0.7011171824044085,1,473.7331447305444,251.02654225671685,20.92917537493192,10.505795097103078,355.0,rolled,1.0,False,original,,40,1,41,0.061989784240722656,0.00010466575622558594,0.06209444999694824
e5_ppo_s45_anneal_linear,none,8.454545454545455,85.45454545454545,1181.2789978646645,355,rolled,1568.4840790620383,0.32778461472463655,True,True,0.7364652830800356,1,484.9298111918901,267.40574165166754,20.73549798268307,10.485888874791696,355.0,rolled,1.0,False,original,,40,1,41,0.06317806243896484,0.00012421607971191406,0.06330227851867676
e5_ppo_s45_anneal_linear,none,8.454545454545455,96.36363636363636,1257.923897819336,355,rolled,1661.8156357554542,0.3210780386923896,True,True,0.7515955984723525,1,502.84539189880053,280.01210043272226,20.793076522012303,10.908383606620824,355.0,rolled,1.0,False,original,,40,1,41,0.06102943420410156,0.0001220703125,0.06115150451660156
e5_ppo_s45_anneal_linear,none,8.454545454545455,107.27272727272728,1345.9822136266182,460,rolled,1748.9332429284407,0.29937321995965316,True,True,0.7658013502672505,1,519.8999532235582,292.133828583621,20.76396356747334,11.327431426860354,355.0,rolled,0.0,False,original,,40,1,41,0.05890369415283203,0.00011110305786132812,0.05901479721069336
e5_ppo_s45_anneal_linear,none,8.454545454545455,118.18181818181816,1418.3994702060834,355,rolled,1825.6085006407477,0.2870905122204394,True,True,0.7814775452593563,1,538.7578602541454,300.0,20.761503551447877,11.791144660317629,355.0,rolled,1.0,False,original,,40,1,41,0.06535673141479492,0.00012540817260742188,0.06548213958740234
e5_ppo_s45_anneal_linear,none,8.454545454545455,129.0909090909091,1503.943042662674,355,rolled,1896.2825842454668,0.26087393634812817,True,True,0.7880266264469534,1,568.0281504011565,300.0,21.00903598183975,12.212045010461482,355.0,rolled,1.0,False,original,,40,1,41,0.06475543975830078,0.00010895729064941406,0.0648643970489502
e5_ppo_s45_anneal_linear,none,8.454545454545455,140.0,1589.050557323039,355,rolled,1971.1633577307402,0.24046610640974178,True,True,0.8244024539329888,1,600.7915250171849,300.0,21.375798543691904,12.46331108942072,355.0,rolled,1.0,False,original,,40,1,41,0.06760907173156738,0.00011086463928222656,0.06771993637084961
e5_ppo_s45_anneal_linear,none,9.272727272727272,20.0,633.3700898588271,355,rolled,1079.4696622848198,0.7043268691854783,True,True,0.5562746363553055,1,402.1389612549247,184.5335074949302,16.761048920899377,10.012187058524491,355.0,rolled,1.0,False,original,,40,1,41,0.08493208885192871,0.00012803077697753906,0.08506011962890625
e5_ppo_s45_anneal_linear,none,9.272727272727272,30.909090909090907,801.8071464602682,355,rolled,1280.0794259451825,0.5964929117885008,True,True,0.6187726660691455,1,442.36708565746864,208.0057356685276,17.420448159585593,10.956313563182796,355.0,rolled,1.0,False,original,,40,1,41,0.06842446327209473,0.00012922286987304688,0.06855368614196777
e5_ppo_s45_anneal_linear,none,9.272727272727272,41.81818181818181,962.5021253931346,355,rolled,1494.3078514653976,0.552524209601144,True,True,0.5882605375032993,1,447.8485226281512,224.15187313676304,20.986429052949994,10.505384501837888,355.0,rolled,1.0,False,original,,40,1,41,0.06484341621398926,0.00011467933654785156,0.06495809555053711
e5_ppo_s45_anneal_linear,none,9.272727272727272,52.72727272727273,1070.6846994207378,355,rolled,1584.767524214718,0.4801439911041125,True,True,0.6553619928162072,1,464.66254624867867,241.25170109907805,20.871070462391614,10.473538750669508,355.0,rolled,1.0,False,original,,40,1,41,0.06894207000732422,0.00011396408081054688,0.06905603408813477
e5_ppo_s45_anneal_linear,none,9.272727272727272,63.63636363636363,1216.7126656588257,355,rolled,1656.7166151201739,0.3616334093334146,True,True,0.7785115824181565,1,551.6136049137687,227.33045314108574,19.546621874076592,12.235707819772843,355.0,rolled,1.0,False,original,,40,1,41,0.05526089668273926,8.487701416015625e-05,0.055345773696899414
e5_ppo_s45_anneal_linear,none,9.272727272727272,74.54545454545453,1356.4151141978043,355,rolled,1782.8136521054976,0.31435696450482936,True,True,0.7391282608529514,1,497.926177663574,275.3554296194155,20.680330590581686,10.782629571545971,355.0,rolled,1.0,False,original,,40,1,41,0.04468083381652832,0.00012493133544921875,0.04480576515197754
e5_ppo_s45_anneal_linear,none,9.272727272727272,85.45454545454545,1422.5235716023028,355,rolled,1892.7524996380353,0.3305596739645416,True,True,0.7613775082861151,1,518.8013818188375,288.79927274038613,20.686963367860315,11.245656931381932,355.0,rolled,1.0,False,original,,40,1,41,0.0449826717376709,6.890296936035156e-05,0.04505157470703125
e5_ppo_s45_anneal_linear,none,9.272727272727272,96.36363636363636,1530.0841209322955,355,rolled,1989.459720210556,0.30022898283419763,True,True,0.7838525245512687,1,539.5090485173525,300.0,20.624178132002566,11.696811669913437,355.0,rolled,1.0,False,original,,40,1,41,0.04244279861450195,7.2479248046875e-05,0.04251527786254883
e5_ppo_s45_anneal_linear,none,9.272727272727272,107.27272727272728,1647.0835657255905,355,rolled,2078.334366772033,0.2618269103161522,True,True,0.7956214434469481,1,573.5032426101083,300.0,20.94020064391241,12.135684073235495,355.0,rolled,1.0,False,original,,40,1,41,0.0426788330078125,6.628036499023438e-05,0.042745113372802734
e5_ppo_s45_anneal_linear,none,9.272727272727272,118.18181818181816,1794.0191544704012,355,rolled,2171.771654272523,0.21056213299664306,True,True,0.8404770744906268,1,611.9178225638647,300.0,21.455162999041015,12.297789136031115,355.0,rolled,1.0,False,original,,40,1,41,0.04273557662963867,9.72747802734375e-05,0.04283285140991211
e5_ppo_s45_anneal_linear,none,9.272727272727272,129.0909090909091,1876.6125693849333,355,rolled,2262.712115868837,0.2057428116931185,True,True,0.8340028114167012,1,652.7539193372054,300.0,21.8999113302432,12.41923703189529,355.0,rolled,1.0,False,original,,40,1,41,0.04287147521972656,8.654594421386719e-05,0.04295802116394043
e5_ppo_s45_anneal_linear,none,9.272727272727272,140.0,1975.8458780810136,355,rolled,2360.266855396133,0.1945602041028007,True,True,0.8215058897082599,1,695.2939431253462,300.0,22.403226940995374,12.534189284017872,355.0,rolled,1.0,False,original,,40,1,41,0.042221784591674805,6.532669067382812e-05,0.04228711128234863
e5_ppo_s45_anneal_linear,none,10.09090909090909,20.0,771.2799576046779,355,rolled,1342.221589905129,0.7402521311115011,True,True,0.5138660567032493,1,433.3337828315045,205.8968037515336,17.942162619483593,9.803671165572728,355.0,rolled,1.0,False,original,,40,1,41,0.04344964027404785,7.534027099609375e-05,0.043524980545043945
e5_ppo_s45_anneal_linear,none,10.09090909090909,30.909090909090907,964.7090665866748,355,rolled,1515.705645990794,0.5711531056234918,True,True,0.6541276400141754,1,438.51402254326774,215.5296872377738,20.17156760460681,10.167448188961338,355.0,rolled,1.0,False,original,,40,1,41,0.044173240661621094,6.604194641113281e-05,0.04423928260803223
e5_ppo_s45_anneal_linear,none,10.09090909090909,41.81818181818181,1147.2574547707825,355,rolled,1714.3712702977639,0.4943213166048143,True,True,0.6348835460449475,1,462.6828314406187,244.35788282057976,20.589424792704857,10.323651127054257,355.0,rolled,1.0,False,original,,40,1,41,0.0429837703704834,6.794929504394531e-05,0.043051719665527344
e5_ppo_s45_anneal_linear,none,10.09090909090909,52.72727272727273,1318.1429375417918,355,rolled,1829.4602659035345,0.38790734585681563,True,True,0.6992281314933263,1,481.66330849922025,264.9875960396499,20.40645215093655,10.358505536156724,355.0,rolled,1.0,False,original,,40,1,41,0.04355764389038086,8.249282836914062e-05,0.04364013671875
e5_ppo_s45_anneal_linear,none,10.09090909090909,63.63636363636363,1473.4968374975142,355,rolled,1975.995441635527,0.34102455556770783,True,True,0.7327685846662807,1,508.1632267608663,280.7955178359643,20.531846521424132,10.882007268149275,355.0,rolled,1.0,False,original,,40,1,41,0.043354034423828125,6.699562072753906e-05,0.043421030044555664
e5_ppo_s45_anneal_linear,none,10.09090909090909,74.54545454545453,1593.8205978972342,355,rolled,2105.584350051992,0.3210924446766091,True,True,0.7623701553843181,1,533.0803628318854,295.4605228647928,20.499089609492522,11.359233476439602,355.0,rolled,1.0,False,original,,40,1,41,0.04512214660644531,0.00013113021850585938,0.04525327682495117
e5_ppo_s45_anneal_linear,none,10.09090909090909,85.45454545454545,1744.078619322344,355,rolled,2217.451037922619,0.27141690366240623,True,True,0.7876158370214549,1,566.2876936732104,300.0,20.7080696317093,11.848068734505578,355.0,rolled,1.0,False,original,,40,1,41,0.058429718017578125,8.320808410644531e-05,0.05851292610168457
e5_ppo_s45_anneal_linear,none,10.09090909090909,96.36363636363636,1930.113776773892,355,rolled,2335.658197491603,0.21011425626709032,True,True,0.844611584078981,1,610.3291024729022,300.0,21.3374085728701,12.040700993273791,355.0,rolled,1.0,False,original,,40,1,41,0.0425868034362793,6.747245788574219e-05,0.04265427589416504
e5_ppo_s45_anneal_linear,none,10.09090909090909,107.27272727272728,2067.605711285596,355,rolled,2445.1343651700654,0.18259218951844042,True,True,0.844548865202575,1,656.1243968007983,300.0,21.86401605827137,12.148061197625923,355.0,rolled,1.0,False,original,,40,1,41,0.044739723205566406,6.747245788574219e-05,0.04480719566345215
e5_ppo_s45_anneal_linear,none,10.09090909090909,118.18181818181816,2170.353625378734,355,rolled,2563.099981170729,0.1809596146911126,True,True,0.8366450880077035,1,703.5925546926672,300.0,22.43784070138343,12.276818572099142,355.0,rolled,1.0,False,original,,40,1,41,0.04402446746826172,6.651878356933594e-05,0.044090986251831055
e5_ppo_s45_anneal_linear,none,10.09090909090909,129.0909090909091,2307.5736162550616,355,rolled,2690.4247274968766,0.16591068148159033,True,True,0.8260420589312362,1,747.8092890170412,300.0,23.166944670345423,12.430923862508676,355.0,rolled,1.0,False,original,,40,1,41,0.04256796836853027,6.556510925292969e-05,0.0426335334777832
e5_ppo_s45_anneal_linear,none,10.09090909090909,140.0,2443.406284429296,355,rolled,2838.3381900545373,0.16163169757807386,True,True,0.8409070230124094,1,750.0,300.0,24.799537970488146,12.826990761943158,355.0,rolled,1.0,False,original,,40,1,41,0.04384779930114746,6.723403930664062e-05,0.0439150333404541
e5_ppo_s45_anneal_linear,none,10.90909090909091,20.0,939.0466900997784,355,rolled,1597.9590398200146,0.7016822024581371,True,True,0.5936152416569629,2,596.0868472415086,209.91154330137195,13.376784338991506,8.497302667016488,355.0,rolled,1.0,False,original,,40,1,41,0.04332399368286133,6.914138793945312e-05,0.04339313507080078
e5_ppo_s45_anneal_linear,none,10.90909090909091,30.909090909090907,1197.1649157491154,355,rolled,1797.2232820412733,0.5012328363437519,True,True,0.5948564382796965,1,466.8584569514121,236.1060716336835,20.187880311991346,10.42054735116474,355.0,rolled,1.0,False,original,,40,1,41,0.04239034652709961,8.630752563476562e-05,0.042476654052734375
e5_ppo_s45_anneal_linear,none,10.90909090909091,41.81818181818181,1403.509472950396,355,rolled,1959.705971545228,0.39628980731111146,True,True,0.6695092666878409,1,482.46354459223903,265.5774805974639,20.186753280554182,10.22074994151,355.0,rolled,1.0,False,original,,40,1,41,0.04822373390197754,8.511543273925781e-05,0.0483088493347168
e5_ppo_s45_anneal_linear,none,10.90909090909091,52.72727272727273,1588.7457907355176,355,rolled,2138.8258785786306,0.34623543366774284,True,True,0.7149329726242514,1,514.7421347797818,283.44245876473826,20.32285816124142,10.784923432881273,355.0,rolled,1.0,False,original,,40,1,41,0.04425454139709473,8.320808410644531e-05,0.04433774948120117
e5_ppo_s45_anneal_linear,none,10.90909090909091,63.63636363636363,1789.9941201560932,355,rolled,2295.35619090722,0.2823261065835555,True,True,0.7528816512418187,1,544.1473451752856,300.0,20.28729785661005,11.27699038735489,355.0,rolled,1.0,False,original,,40,1,41,0.04492378234863281,7.891654968261719e-05,0.04500269889831543
e5_ppo_s45_anneal_linear,none,10.90909090909091,74.54545454545453,1942.2808212955651,355,rolled,2428.847273757884,0.2505129264149162,True,True,0.7799278819998865,1,591.1489941640095,300.0,20.76299216509605,11.701728088584172,355.0,rolled,1.0,False,original,,40,1,41,0.043322086334228516,7.343292236328125e-05,0.0433955192565918
e5_ppo_s45_anneal_linear,none,10.90909090909091,85.45454545454545,2177.190622234541,355,rolled,2575.726768768864,0.18305064447011482,True,True,0.843917567998373,1,643.2838605251626,300.0,21.569620818965518,11.813577699059175,355.0,rolled,1.0,False,original,,40,1,41,0.044020891189575195,9.369850158691406e-05,0.04411458969116211
e5_ppo_s45_anneal_linear,none,10.90909090909091,96.36363636363636,2344.698716886334,355,rolled,2716.060572578083,0.15838361364606482,True,True,0.8450026902189223,1,695.7470221528807,300.0,22.228901489511617,11.954249157326382,355.0,rolled,1.0,False,original,,40,1,41,0.04243278503417969,9.34600830078125e-05,0.0425262451171875
e5_ppo_s45_anneal_linear,none,10.90909090909091,107.27272727272728,2499.121791022924,355,rolled,2867.6116299016085,0.14744773152006202,True,True,0.8398483062434478,1,746.1327632556106,300.0,23.008455583087265,12.1359421981927,355.0,rolled,1.0,False,original,,40,1,41,0.043797969818115234,6.914138793945312e-05,0.04386711120605469
e5_ppo_s45_anneal_linear,none,10.90909090909091,118.18181818181816,2669.547168301596,355,rolled,3051.9492321073844,0.14324604125615745,True,True,0.856378785117437,1,750.0,300.0,24.94625171949637,12.523070750638613,355.0,rolled,1.0,False,original,,40,1,41,0.04332566261291504,7.987022399902344e-05,0.04340553283691406
e5_ppo_s45_anneal_linear,none,10.90909090909091,129.0909090909091,2855.841135487434,355,rolled,3416.1956807421566,0.19621348620958276,True,True,0.8340285899706699,1,750.0,300.0,28.002654964992757,14.072768695766616,355.0,rolled,1.0,False,original,,40,1,41,0.04275107383728027,8.368492126464844e-05,0.04283475875854492
e5_ppo_s45_anneal_linear,none,10.90909090909091,140.0,3078.8301843712,460,rolled,3859.462836189797,0.2535484599901791,True,True,0.7979769463791507,1,750.0,300.0,31.782132814060954,15.946231619475267,355.0,rolled,0.0,False,original,,40,1,41,0.04205775260925293,6.985664367675781e-05,0.04212760925292969
e5_ppo_s45_anneal_linear,none,11.727272727272728,20.0,1117.8784812198996,355,rolled,1856.8907363658666,0.6610846058504589,True,True,0.5586539542787533,1,460.586645810024,222.6594932413181,20.443768548861822,10.316107343390216,355.0,rolled,1.0,False,original,,40,1,41,0.04354453086853027,6.842613220214844e-05,0.04361295700073242
e5_ppo_s45_anneal_linear,none,11.727272727272728,30.909090909090907,1399.1707585826318,355,rolled,2056.02476623422,0.4694595020817795,True,True,0.6123535738330962,1,478.8784925024206,260.87444105124416,20.04558241666944,10.063035556950883,355.0,rolled,1.0,False,original,,40,1,41,0.045174360275268555,7.653236389160156e-05,0.045250892639160156
e5_ppo_s45_anneal_linear,none,11.727272727272728,41.81818181818181,1658.320920880548,355,rolled,2262.1106651937657,0.3640970434073838,True,True,0.6818888056267263,1,515.5688484034863,282.9278603642749,20.089860659606153,10.511928889307404,355.0,rolled,1.0,False,original,,40,1,41,0.05034923553466797,0.00010919570922851562,0.050458431243896484
e5_ppo_s45_anneal_linear,none,11.727272727272728,52.72727272727273,1896.895430152976,355,rolled,2455.239969524035,0.29434650455456646,True,True,0.7314082538041823,1,552.0531697032725,300.0,20.177417488160195,11.0533113392024,355.0,rolled,1.0,False,original,,40,1,41,0.05311751365661621,8.440017700195312e-05,0.053201913833618164
e5_ppo_s45_anneal_linear,none,11.727272727272728,63.63636363636363,2122.483987052358,355,rolled,2633.4432058820253,0.24073643049683133,True,True,0.8210967485633237,1,610.6263521411831,300.0,20.984930844864998,11.361274885922327,355.0,rolled,1.0,False,original,,40,1,41,0.04149818420410156,7.367134094238281e-05,0.041571855545043945
e5_ppo_s45_anneal_linear,none,11.727272727272728,74.54545454545453,2414.680044837911,355,rolled,2799.4163750840457,0.1593322192182861,True,True,0.8388396814272523,1,669.0631325699516,300.0,21.732062683646525,11.52993358147366,355.0,rolled,1.0,False,original,,40,1,41,0.04212760925292969,7.200241088867188e-05,0.04219961166381836
e5_ppo_s45_anneal_linear,none,11.727272727272728,85.45454545454545,2607.2244497923484,355,rolled,2976.5669997266555,0.14166120218906478,True,True,0.8444297391421874,1,727.346519564018,300.0,22.53141090370237,11.747460328047627,355.0,rolled,1.0,False,original,,40,1,41,0.042615652084350586,6.890296936035156e-05,0.04268455505371094
e5_ppo_s45_anneal_linear,none,11.727272727272728,96.36363636363636,2809.399526814627,460,rolled,3219.8212715620816,0.14608877834218265,True,True,0.8523529078225607,1,750.0,300.0,24.419471392609413,12.325392480763341,355.0,rolled,0.0,False,original,,40,1,41,0.04407238960266113,7.05718994140625e-05,0.044142961502075195
e5_ppo_s45_anneal_linear,none,11.727272727272728,107.27272727272728,3054.1802093068686,355,rolled,3682.023009470557,0.20556835456221306,True,True,0.825310157499391,1,750.0,300.0,28.06824998271135,14.11893317304383,355.0,rolled,1.0,False,original,,40,1,41,0.04220175743103027,7.176399230957031e-05,0.042273521423339844
e5_ppo_s45_anneal_linear,none,11.727272727272728,118.18181818181816,3357.8991517305085,355,rolled,4258.441112067145,0.26818612461084124,True,True,0.7807021540517836,1,750.0,300.0,32.664455026819525,16.37133670496424,355.0,rolled,1.0,False,original,,40,1,41,0.04984331130981445,0.00016045570373535156,0.050003767013549805
e5_ppo_s45_anneal_linear,none,11.727272727272728,129.0909090909091,3564.383823711408,460,rolled,4562.56944232259,0.2800443689512155,True,True,0.7943232016011181,1,750.0,300.0,35.0,17.658628873968492,355.0,rolled,0.0,False,original,,40,1,41,0.0445246696472168,7.581710815429688e-05,0.044600486755371094
e5_ppo_s45_anneal_linear,none,11.727272727272728,140.0,3755.070343632353,460,rolled,4554.781140323164,0.21296825984815923,True,True,0.8621649356890628,1,750.0,300.0,35.0,17.57576946097675,355.0,rolled,0.0,False,original,,40,1,41,0.04456138610839844,7.700920104980469e-05,0.04463839530944824
e5_ppo_s45_anneal_linear,none,12.545454545454549,20.0,1307.1994834284806,355,rolled,2162.3798906346356,0.6542080363765257,True,True,0.5007158493936696,1,475.72618517789954,252.02225523244357,20.239136039641345,10.159841937575083,355.0,rolled,1.0,False,original,,40,1,41,0.050889015197753906,0.00011110305786132812,0.051000118255615234
e5_ppo_s45_anneal_linear,none,12.545454545454549,30.909090909090907,1673.5520688887286,355,rolled,2329.883745011203,0.39217882032095436,True,True,0.6270457615615823,1,508.16529285972814,278.3256266610105,19.841954245814215,10.056325045314994,355.0,rolled,1.0,False,original,,40,1,41,0.05267643928527832,9.059906005859375e-05,0.052767038345336914
e5_ppo_s45_anneal_linear,none,12.545454545454549,41.81818181818181,1957.4303873162305,355,rolled,2581.5376619005715,0.31884008679360204,True,True,0.690897104789489,1,551.3251643859355,300.0,20.01904677262749,10.65287198862852,355.0,rolled,1.0,False,original,,40,1,41,0.0449519157409668,7.62939453125e-05,0.0450282096862793
e5_ppo_s45_anneal_linear,none,12.545454545454549,52.72727272727273,2222.5772160497027,355,rolled,2792.521273958296,0.25643386146177793,True,True,0.7995576295849071,1,619.6936132822308,300.0,20.910486039315508,10.968897977958497,355.0,rolled,1.0,False,original,,40,1,41,0.04268240928649902,8.130073547363281e-05,0.042763710021972656
e5_ppo_s45_anneal_linear,none,12.545454545454549,63.63636363636363,2552.3230156844406,355,rolled,2997.397291341422,0.17438007372966793,True,True,0.8282502649156821,1,685.2099302557184,300.0,21.814466896961708,11.193828643447025,355.0,rolled,1.0,False,original,,40,1,41,0.042676687240600586,7.200241088867188e-05,0.04274868965148926
e5_ppo_s45_anneal_linear,none,12.545454545454549,74.54545454545453,2864.0220557743514,355,rolled,3272.712246762096,0.1426979901093137,True,True,0.8288012474762732,2,745.6860200499555,300.0,23.248180120731636,11.704100072435281,355.0,rolled,1.0,False,original,,40,1,41,0.04412221908569336,7.128715515136719e-05,0.04419350624084473
e5_ppo_s45_anneal_linear,none,12.545454545454549,85.45454545454545,3136.2352005841685,355,rolled,3749.811361939421,0.19564099058672813,True,True,0.8192890409259301,1,750.0,300.0,26.73056357801632,13.381051590527914,355.0,rolled,1.0,False,original,,40,1,41,0.04138970375061035,8.654594421386719e-05,0.04147624969482422
e5_ppo_s45_anneal_linear,none,12.545454545454549,96.36363636363636,3474.753399293351,355,rolled,4549.0004679949525,0.30915778625328283,True,True,0.864751549926626,1,750.0,300.0,29.43079305103549,11.891955949579902,355.0,rolled,1.0,False,original,,40,1,41,0.0428004264831543,6.794929504394531e-05,0.04286837577819824
e5_ppo_s45_anneal_linear,none,12.545454545454549,107.27272727272728,3810.945853911128,460,rolled,4615.609422577026,0.21114536902697825,True,True,0.8353586221642131,1,750.0,300.0,32.40960173328416,17.17519208955534,355.0,rolled,0.0,False,original,,40,1,41,0.041768789291381836,7.486343383789062e-05,0.04184365272521973
e5_ppo_s45_anneal_linear,none,12.545454545454549,118.18181818181816,4051.8868674716473,460,rolled,4877.068044218616,0.2036535578945906,True,True,0.8577758955091418,1,750.0,300.0,35.0,17.62063659159893,355.0,rolled,0.0,False,original,,40,1,41,0.04454541206359863,6.961822509765625e-05,0.04461503028869629
e5_ppo_s45_anneal_linear,none,12.545454545454549,129.0909090909091,4389.083655555064,460,rolled,4930.740968721332,0.1234101137445209,True,True,0.9320499967023194,1,750.0,300.0,35.0,18.15441985476965,355.0,rolled,0.0,False,original,,40,1,41,0.042621612548828125,6.842613220214844e-05,0.04269003868103027
e5_ppo_s45_anneal_linear,none,12.545454545454549,140.0,4731.036754406592,460,rolled,5092.425811654968,0.07638686317787963,True,True,0.9949444227057894,1,750.0,300.0,35.0,19.762393779536797,355.0,rolled,0.0,False,original,,40,1,41,0.05544638633728027,7.414817810058594e-05,0.05552053451538086
e5_ppo_s45_anneal_linear,none,13.363636363636363,20.0,1553.9456704912225,355,rolled,2456.270916782037,0.5806671773830921,True,True,0.5014885222689119,1,504.5920209064819,270.0374269461473,20.135581415507364,10.16376105023039,355.0,rolled,1.0,False,original,,40,1,41,0.04180455207824707,6.914138793945312e-05,0.04187369346618652
e5_ppo_s45_anneal_linear,none,13.363636363636363,30.909090909090907,2055.764041961098,355,rolled,2649.653565985762,0.2888899270064683,True,True,0.629283294476652,1,539.9413982589825,296.7898156877062,19.817356155090888,10.110806978104703,355.0,rolled,1.0,False,original,,40,1,41,0.0426640510559082,6.699562072753906e-05,0.04273104667663574
e5_ppo_s45_anneal_linear,none,13.363636363636363,41.81818181818181,2295.1327804460216,355,rolled,2909.7808705139905,0.26780502431258996,True,True,0.7615234309303186,1,616.417904956462,300.0,20.727802095007828,10.498871544310788,355.0,rolled,1.0,False,original,,40,1,41,0.04180431365966797,8.440017700195312e-05,0.04188871383666992
e5_ppo_s45_anneal_linear,none,13.363636363636363,52.72727272727273,2698.233573079863,355,rolled,3189.359684592641,0.18201764162032433,True,True,0.8003803565396839,2,694.2759229551135,300.0,21.784070806521704,11.030508861232198,355.0,rolled,1.0,False,original,,40,1,41,0.042815208435058594,7.271766662597656e-05,0.04288792610168457
e5_ppo_s45_anneal_linear,none,13.363636363636363,63.63636363636363,3099.504449257762,355,rolled,3597.8603558935492,0.16078567228871965,True,True,0.8037392742182312,1,750.0,300.0,23.988203915874227,12.034609413041723,355.0,rolled,1.0,False,original,,40,1,41,0.04128146171569824,6.842613220214844e-05,0.04134988784790039
e5_ppo_s45_anneal_linear,none,13.363636363636363,74.54545454545453,3409.0278837627866,355,rolled,4583.074807591124,0.344393464606238,True,True,0.8527144062211547,1,606.8556214650761,300.0,32.44447424222224,17.76785351900365,355.0,rolled,1.0,False,original,,40,1,41,0.0470576286315918,8.082389831542969e-05,0.04713845252990723
e5_ppo_s45_anneal_linear,none,13.363636363636363,85.45454545454545,3859.8972334468967,355,rolled,4755.514256809583,0.23203131306242,True,True,0.8951582209963533,1,750.0,300.0,26.31215834626062,20.65418892272838,355.0,rolled,1.0,False,original,,40,1,41,0.044535160064697266,6.985664367675781e-05,0.04460501670837402
e5_ppo_s45_anneal_linear,none,13.363636363636363,96.36363636363636,4245.414696419247,460,rolled,5183.933732075611,0.22106651593964402,True,True,0.8194650799043396,1,750.0,300.0,35.0,17.516033800427717,355.0,rolled,0.0,False,original,,40,1,41,0.04212236404418945,9.1552734375e-05,0.04221391677856445
e5_ppo_s45_anneal_linear,none,13.363636363636363,107.27272727272728,4631.739739142465,460,rolled,5236.606297146364,0.13059165498704955,True,True,0.9079129646147344,1,750.0,300.0,35.0,18.00779687201041,355.0,rolled,0.0,False,original,,40,1,41,0.04206562042236328,7.867813110351562e-05,0.0421442985534668
e5_ppo_s45_anneal_linear,none,13.363636363636363,118.18181818181816,5063.816158705762,460,rolled,5245.461777935376,0.03587129025553717,True,True,0.999444122671089,1,750.0,300.0,35.0,18.090473658821466,355.0,rolled,0.0,False,original,,40,1,41,0.04158282279968262,6.651878356933594e-05,0.04164934158325195
e5_ppo_s45_anneal_linear,none,13.363636363636363,129.0909090909091,5459.024045280959,460,rolled,5956.8155684843905,0.0911869079664058,True,True,0.9219990443975209,1,750.0,300.0,35.0,18.745284138262022,460.0,rolled,1.0,False,original,,40,1,41,0.041614532470703125,6.699562072753906e-05,0.041681528091430664
e5_ppo_s45_anneal_linear,none,13.363636363636363,140.0,5943.747564514266,460,rolled,12122.93599745927,1.0396115188061454,True,True,0.8482892452210562,2,750.0,300.0,35.0,14.372052537974266,690.0,rolled,0.0,False,original,,40,1,41,0.042523860931396484,8.034706115722656e-05,0.04260420799255371
e5_ppo_s45_anneal_linear,none,14.181818181818182,20.0,1796.9028968466985,355,rolled,2804.06891193384,0.5605010804170723,True,True,0.48854974872006646,1,538.0696377287906,285.58622457107543,20.428780014005223,10.270495906566019,355.0,rolled,1.0,False,original,,40,1,41,0.04373002052307129,9.703636169433594e-05,0.043827056884765625
e5_ppo_s45_anneal_linear,none,14.181818181818182,30.909090909090907,2224.07150895444,355,rolled,3059.0812943573874,0.3754419684983485,True,True,0.6742507092444108,1,603.403529686896,300.0,20.734389824726648,10.42810545814181,355.0,rolled,1.0,False,original,,40,1,41,0.0435938835144043,7.367134094238281e-05,0.04366755485534668
e5_ppo_s45_anneal_linear,none,14.181818181818182,41.81818181818181,2615.0382292659383,355,rolled,3379.8795154389127,0.29247805160679097,True,True,0.7449977795426959,2,696.5866609060163,300.0,21.682273598940245,11.038079226653425,355.0,rolled,1.0,False,original,,40,1,41,0.04572653770446777,7.62939453125e-05,0.04580283164978027
e5_ppo_s45_anneal_linear,none,14.181818181818182,52.72727272727273,3202.0654799770145,355,rolled,3934.991293167164,0.2288915756948888,True,True,0.7567520706066665,1,750.0,300.0,24.710054272896688,12.439026358519751,355.0,rolled,1.0,False,original,,40,1,41,0.042902231216430664,7.224082946777344e-05,0.04297447204589844
e5_ppo_s45_anneal_linear,none,14.181818181818182,63.63636363636363,3623.765744949169,355,rolled,4968.170112442971,0.37099648876797364,True,True,0.7069392436233385,1,750.0,300.0,31.384187023064666,15.847506338341002,355.0,rolled,1.0,False,original,,40,1,41,0.043082475662231445,6.771087646484375e-05,0.04315018653869629
e5_ppo_s45_anneal_linear,none,14.181818181818182,74.54545454545453,4194.266016339479,355,rolled,5222.782908680585,0.24521975676658145,True,True,0.8537201126985611,1,727.9908416629249,300.0,29.998621749507286,19.828684112884194,355.0,rolled,1.0,False,original,,40,1,41,0.044438838958740234,6.866455078125e-05,0.044507503509521484
e5_ppo_s45_anneal_linear,none,14.181818181818182,85.45454545454545,4665.282330709234,460,rolled,5522.687097977623,0.18378411133330985,True,True,0.8435255174191025,1,750.0,300.0,35.0,17.70403557828032,355.0,rolled,0.0,False,original,,40,1,41,0.0428311824798584,7.033348083496094e-05,0.04290151596069336
e5_ppo_s45_anneal_linear,none,14.181818181818182,96.36363636363636,5186.697126154381,460,rolled,5563.850077809241,0.07271543768249597,True,True,0.9479422632713583,1,750.0,300.0,35.0,18.066170983606803,355.0,rolled,0.0,False,original,,40,1,41,0.04412841796875,7.486343383789062e-05,0.04420328140258789
e5_ppo_s45_anneal_linear,none,14.181818181818182,107.27272727272728,5684.871516431859,460,rolled,6247.8997861736025,0.09903975280959931,True,True,0.904755775000814,1,750.0,300.0,35.0,18.167333464492128,460.0,rolled,1.0,False,original,,40,1,41,0.05436277389526367,7.748603820800781e-05,0.05444025993347168
e5_ppo_s45_anneal_linear,none,14.181818181818182,118.18181818181816,6186.248050426683,460,rolled,10961.190757367696,0.7718640875727044,True,True,0.8935591835646898,1,750.0,300.0,35.0,20.657968159661827,550.0,rolled,0.0,False,original,,40,1,41,0.04227757453918457,7.200241088867188e-05,0.04234957695007324
e5_ppo_s45_anneal_linear,none,14.181818181818182,129.0909090909091,8947.780102569574,500,rolled,13320.398766127202,0.4886819538962434,True,True,0.9248247839847592,2,750.0,300.0,35.0,15.807754092575916,690.0,rolled,0.0,False,original,,14,1,15,0.014711141586303711,8.606910705566406e-05,0.014797210693359375
e5_ppo_s45_anneal_linear,none,14.181818181818182,140.0,12705.653958132376,620,rolled,16117.49296353632,0.26852919311722356,True,True,0.9355183124101035,1,750.0,300.0,35.0,24.43656183024637,690.0,rolled,0.0,False,original,,8,1,9,0.008326053619384766,6.699562072753906e-05,0.008393049240112305
e5_ppo_s45_anneal_linear,none,15.0,20.0,2057.2483346770277,355,rolled,3213.892546205875,0.5622287752199987,True,True,0.4824144791830538,1,583.7607754871813,293.16657495690333,21.021798442197888,10.803018841217094,355.0,rolled,1.0,False,original,,40,1,41,0.04409527778625488,6.866455078125e-05,0.04416394233703613
e5_ppo_s45_anneal_linear,none,15.0,30.909090909090907,2565.283454586496,355,rolled,3506.936699887516,0.36707570994442296,True,True,0.6640702811212963,1,680.374601461179,300.0,21.55724661282731,10.829305727012201,355.0,rolled,1.0,False,original,,40,1,41,0.04293990135192871,6.556510925292969e-05,0.04300546646118164
e5_ppo_s45_anneal_linear,none,15.0,41.81818181818181,3234.6725939942403,355,rolled,4116.53667081585,0.2726285431356951,True,True,0.7078635395381162,1,750.0,300.0,24.46992380312684,12.269147151045356,355.0,rolled,1.0,False,original,,40,1,41,0.04487013816833496,0.00013113021850585938,0.04500126838684082
e5_ppo_s45_anneal_linear,none,15.0,52.72727272727273,3765.638206814382,355,rolled,5263.986498917394,0.397900225622198,True,True,0.7665545781926437,2,750.0,300.0,29.15657194140996,10.916421270599635,355.0,rolled,1.0,False,original,,40,1,41,0.04588723182678223,6.794929504394531e-05,0.04595518112182617
e5_ppo_s45_anneal_linear,none,15.0,63.63636363636363,4414.262908667717,355,rolled,5862.048443836383,0.32797900014651066,True,True,0.7936547629316876,2,750.0,300.0,34.07212644212855,10.921425414337328,355.0,rolled,1.0,False,original,,40,1,41,0.043564796447753906,8.058547973632812e-05,0.043645381927490234
e5_ppo_s45_anneal_linear,none,15.0,74.54545454545453,5055.036012019389,460,rolled,5637.529813262154,0.11523039595717334,True,True,0.9839712941173653,1,750.0,300.0,28.66751299441015,21.201707213480443,355.0,rolled,0.0,False,original,,40,1,41,0.0435483455657959,6.818771362304688e-05,0.043616533279418945
e5_ppo_s45_anneal_linear,none,15.0,85.45454545454545,5678.659053486651,460,rolled,5885.11483212472,0.03635643145564568,True,True,0.9718706822077272,1,750.0,300.0,35.0,18.068445081621842,355.0,rolled,0.0,False,original,,40,1,41,0.043709754943847656,7.462501525878906e-05,0.043784379959106445
e5_ppo_s45_anneal_linear,none,15.0,96.36363636363636,6293.677091962863,460,rolled,9177.339242978569,0.4581840010028784,True,True,0.8886237948386353,1,750.0,300.0,35.0,21.15737098025866,500.0,rolled,0.0,False,original,,40,1,41,0.04223442077636719,6.580352783203125e-05,0.04230022430419922
e5_ppo_s45_anneal_linear,none,15.0,107.27272727272728,7396.103440982998,460,rolled,13829.220726859934,0.8697981764600531,True,True,0.9156535869356659,2,750.0,300.0,35.0,15.034656040207938,690.0,rolled,0.0,False,original,,15,1,16,0.015988588333129883,6.914138793945312e-05,0.016057729721069336
e5_ppo_s45_anneal_linear,none,15.0,118.18181818181816,13338.283576315587,620,rolled,16599.302683722348,0.244485663297582,True,True,0.9808549359843466,1,750.0,300.0,33.45477723506445,24.4364808514617,690.0,rolled,0.0,False,original,,6,1,7,0.0066699981689453125,6.842613220214844e-05,0.006738424301147461
e5_ppo_s45_anneal_linear,scale,6.0,20.0,241.3288087904857,355,rolled,366.4765103746966,0.5185775465906364,True,True,1.0009791541065753,1,263.13504321758234,120.0,11.839542827966309,7.247517606327632,355.0,welded,1.0,True,scale,0.8476104736328125,40,18,58,0.1876058578491211,0.0016465187072753906,0.18925237655639648
e5_ppo_s45_anneal_linear,scale,6.0,30.909090909090907,292.67799548197263,355,rolled,459.86355113170646,0.5712269396078721,True,True,1.0009991087406325,1,305.03881189656835,133.16689950259288,13.204330066377793,7.9909142092300725,355.0,welded,1.0,True,scale,0.9048652648925781,40,18,58,0.05824708938598633,0.0016105175018310547,0.05985760688781738
e5_ppo_s45_anneal_linear,scale,6.0,41.81818181818181,342.2853688824266,355,rolled,533.1585235824668,0.5576433352183519,True,True,1.0009582743533445,1,332.648879634568,146.940283456666,13.976426947370827,8.373115273004615,355.0,welded,1.0,True,scale,0.9291839599609375,40,18,58,0.059287071228027344,0.0016994476318359375,0.06098651885986328
e5_ppo_s45_anneal_linear,scale,6.0,52.72727272727273,386.25765574493386,355,rolled,596.8155130695661,0.5451228064814712,True,True,1.0009677548300064,1,355.03445189119714,159.2693701506043,14.55328667138078,8.645735858554987,355.0,welded,1.0,True,scale,0.9468994140625,40,18,58,0.08422565460205078,0.002994537353515625,0.0872201919555664
e5_ppo_s45_anneal_linear,scale,6.0,63.63636363636363,431.68145507497405,355,rolled,654.4258363462224,0.5159924723487652,True,True,1.0009887351856481,1,373.6061574998194,170.87023959152793,14.988889599850458,8.878373579459549,355.0,welded,1.0,True,scale,0.9576454162597656,40,18,58,0.05711174011230469,0.001584768295288086,0.05869650840759277
e5_ppo_s45_anneal_linear,scale,6.0,74.54545454545453,466.9500019446189,355,rolled,697.9456407248518,0.4946903047826294,True,True,1.0009835562351685,1,381.7294255800526,184.87985584394454,15.58582871870885,8.42566372023799,355.0,welded,1.0,True,scale,0.9840927124023438,40,18,58,0.058103084564208984,0.0015492439270019531,0.05965232849121094
e5_ppo_s45_anneal_linear,scale,6.0,85.45454545454545,518.2473353887603,355,rolled,753.7470657383894,0.45441570900305794,True,True,1.0009960470514125,1,402.29103095345135,193.01238238455772,15.70341039649051,9.037041815985193,355.0,welded,1.0,True,scale,0.9781303405761719,40,18,58,0.05748796463012695,0.0016744136810302734,0.05916237831115723
e5_ppo_s45_anneal_linear,scale,6.0,96.36363636363636,549.7256874002802,355,rolled,637.1125602428646,0.15896450692680475,True,True,1.0009688235036727,1,397.90206321771103,188.82689363080382,14.8942028162829,9.192839222318478,355.0,rolled,1.0,True,scale,0.9108734130859375,40,18,58,0.05832982063293457,0.0016710758209228516,0.06000089645385742
e5_ppo_s45_anneal_linear,scale,6.0,107.27272727272728,586.6560772595034,355,rolled,685.6445405867174,0.16873338087560144,True,True,1.000973732259402,1,409.078028012129,196.1417899537332,15.23638380075879,9.820591652694869,355.0,rolled,1.0,True,scale,0.8954696655273438,40,18,58,0.05872011184692383,0.0016813278198242188,0.06040143966674805
e5_ppo_s45_anneal_linear,scale,6.0,118.18181818181816,628.4217050081675,355,rolled,730.4603415038359,0.16237287108716636,True,True,1.0009659960739798,1,416.69618369585396,204.3126153479341,15.683513155787894,10.17346690075337,355.0,rolled,1.0,True,scale,0.8793220520019531,40,18,58,0.05673503875732422,0.001584768295288086,0.058319807052612305
e5_ppo_s45_anneal_linear,scale,6.0,129.0909090909091,657.4964976148059,355,rolled,726.5166958369076,0.10497424468797276,True,True,1.0009886433972313,1,525.8366268984364,179.65041278112895,14.52169897717715,10.176045437976397,355.0,rolled,1.0,True,scale,0.8761405944824219,40,18,58,0.05840110778808594,0.0015926361083984375,0.059993743896484375
e5_ppo_s45_anneal_linear,scale,6.0,140.0,697.879425726456,355,rolled,790.0858100038814,0.13212366044670734,True,True,1.0009603466558799,1,406.0757416387119,218.23306136851377,17.936234569894403,9.031163856175853,355.0,rolled,1.0,True,scale,0.8718490600585938,40,18,58,0.05709028244018555,0.001649618148803711,0.05873990058898926
e5_ppo_s45_anneal_linear,scale,6.818181818181818,20.0,317.0885192434045,355,rolled,486.4181527311867,0.5340137633863711,True,True,1.0009620121449805,1,289.56034666025056,132.34783545046312,13.12801067627145,7.105824800097135,355.0,welded,1.0,True,scale,0.8891868591308594,40,18,58,0.06458711624145508,0.0016744136810302734,0.06626152992248535
e5_ppo_s45_anneal_linear,scale,6.818181818181818,30.909090909090907,392.6423822212096,355,rolled,628.4022810192706,0.60044434700184,True,True,1.0009691510842305,1,350.1006373893314,145.97486966190957,13.727848184381218,8.98368435246609,355.0,welded,1.0,True,scale,0.9312324523925781,40,18,58,0.05787158012390137,0.0016727447509765625,0.05954432487487793
e5_ppo_s45_anneal_linear,scale,6.818181818181818,41.81818181818181,455.0251859822217,355,rolled,696.8686190335596,0.5314946084342395,True,True,1.0009971873267733,1,351.6792777554901,169.44833979191498,15.181459454529831,7.823775675067075,355.0,welded,1.0,True,scale,0.9643287658691406,40,18,58,0.05944347381591797,0.0016238689422607422,0.06106734275817871
e5_ppo_s45_anneal_linear,scale,6.818181818181818,52.72727272727273,519.9507333014534,355,rolled,796.2946655827245,0.5314809934522284,True,True,1.0009719060274163,1,382.0875858229691,181.13805446789183,15.596080907441587,8.83880486232252,355.0,welded,1.0,True,scale,0.9719276428222656,40,18,58,0.057120323181152344,0.0016765594482421875,0.05879688262939453
e5_ppo_s45_anneal_linear,scale,6.818181818181818,63.63636363636363,570.1996303697795,355,rolled,869.7589931844911,0.5253587460595947,True,True,1.0009814819488732,1,398.7852598634751,195.42943477810195,16.165962233668246,8.842531303133118,355.0,welded,1.0,True,scale,0.9821243286132812,40,18,58,0.06045413017272949,0.0014581680297851562,0.06191229820251465
e5_ppo_s45_anneal_linear,scale,6.818181818181818,74.54545454545453,645.0378754655677,355,rolled,745.7965085951803,0.15620576242424247,True,True,1.0009664466265236,1,402.29864514915994,190.8296244047371,15.21268439779645,9.342231675210629,355.0,rolled,1.0,True,scale,0.9185981750488281,40,18,58,0.0632474422454834,0.001714468002319336,0.06496191024780273
e5_ppo_s45_anneal_linear,scale,6.818181818181818,85.45454545454545,698.212152166206,355,rolled,812.6729871215568,0.16393417759950987,True,True,1.0009971672482043,1,417.4453564007064,200.87629218787077,15.551115152319994,10.003162382056054,355.0,rolled,1.0,True,scale,0.90863037109375,40,18,58,0.06406259536743164,0.0017049312591552734,0.06576752662658691
e5_ppo_s45_anneal_linear,scale,6.818181818181818,96.36363636363636,733.8166260116295,355,rolled,853.6748736359559,0.16333542110618093,True,True,1.0009971625903225,1,397.5572510581415,202.22643217933094,18.151436090214975,9.082666900945899,355.0,rolled,1.0,True,scale,0.8756027221679688,40,18,58,0.07383847236633301,0.001767873764038086,0.0756063461303711
e5_ppo_s45_anneal_linear,scale,6.818181818181818,107.27272727272728,798.4291807439346,355,rolled,908.1636538262596,0.13743795408389284,True,True,1.0009949269232377,1,410.1422131453535,213.1660543819098,18.4067447246134,9.249727041190493,355.0,rolled,1.0,True,scale,0.8818511962890625,40,18,58,0.05988049507141113,0.001615285873413086,0.06149578094482422
e5_ppo_s45_anneal_linear,scale,6.818181818181818,118.18181818181816,852.2289524013323,460,rolled,959.092913696329,0.12539348844449044,True,True,1.0009915144878434,1,421.81963458406847,224.72605690859766,18.561972370001588,9.336176023446189,355.0,rolled,0.0,True,scale,0.8878707885742188,40,18,58,0.06134438514709473,0.001689910888671875,0.0630342960357666
e5_ppo_s45_anneal_linear,scale,6.818181818181818,129.0909090909091,896.311601431932,355,rolled,1007.0475606981945,0.12354627463189437,True,True,1.0009636065841638,1,431.63988570791025,238.1583981024279,18.600763699942995,9.30731857186148,355.0,rolled,1.0,True,scale,0.8956527709960938,40,18,58,0.05985307693481445,0.0037081241607666016,0.06356120109558105
e5_ppo_s45_anneal_linear,scale,6.818181818181818,140.0,931.1411275891702,355,rolled,1111.0986729914268,0.19326559644958127,True,True,1.000985697581631,1,494.2816499486816,226.1177958876378,17.7966008814933,12.595706478841162,355.0,rolled,1.0,True,scale,0.9396324157714844,40,18,58,0.05955815315246582,0.0016412734985351562,0.06119942665100098
e5_ppo_s45_anneal_linear,scale,7.636363636363637,20.0,409.6201332461394,355,rolled,632.851934243987,0.5449727268745073,True,True,1.000996212633567,1,310.22111487214295,147.5164141884416,13.959374545149089,7.4090859689648445,355.0,welded,1.0,True,scale,0.8997840881347656,40,18,58,0.06302428245544434,0.0015616416931152344,0.06458592414855957
e5_ppo_s45_anneal_linear,scale,7.636363636363637,30.909090909090907,501.774525145321,355,rolled,789.2511701048475,0.5729199681396125,True,True,1.000964979643843,1,351.0821828423172,169.11567008925752,15.128814412465898,8.190639050294598,355.0,welded,1.0,True,scale,0.9437065124511719,40,18,58,0.059403181076049805,0.0016646385192871094,0.061067819595336914
e5_ppo_s45_anneal_linear,scale,7.636363636363637,41.81818181818181,593.9298338756057,355,rolled,910.2862508166752,0.5326494796139977,True,True,1.0009784148344962,1,379.1299964417174,188.53335790793298,15.987457775424177,8.365590540535077,355.0,welded,1.0,True,scale,0.9782218933105469,40,18,58,0.06675076484680176,0.0015137195587158203,0.06826448440551758
e5_ppo_s45_anneal_linear,scale,7.636363636363637,52.72727272727273,675.9362632758116,355,rolled,810.1835799587454,0.19860943106133522,True,True,1.0009835645789227,1,392.73539376729656,185.39977963721802,15.166030219872695,9.320202201686095,355.0,rolled,1.0,True,scale,0.9125328063964844,40,18,58,0.06085371971130371,0.0018362998962402344,0.06269001960754395
e5_ppo_s45_anneal_linear,scale,7.636363636363637,63.63636363636363,779.5020738899598,355,rolled,898.9852729535213,0.15328143832549784,True,True,1.0009994681908339,1,414.2790501442231,198.97522112981233,15.586150295638742,9.880564494909837,355.0,rolled,1.0,True,scale,0.9115829467773438,40,18,58,0.06552910804748535,0.0017681121826171875,0.06729722023010254
e5_ppo_s45_anneal_linear,scale,7.636363636363637,74.54545454545453,846.6406079690952,355,rolled,993.4108731671249,0.1733560424772199,True,True,1.0009637928585347,1,433.06620838265724,209.00158681369092,16.150441393215754,10.694461914957502,355.0,rolled,1.0,True,scale,0.8949089050292969,40,18,58,0.06505274772644043,0.0017838478088378906,0.06683659553527832
e5_ppo_s45_anneal_linear,scale,7.636363636363637,85.45454545454545,921.2774310054268,355,rolled,1033.7340574411628,0.12206597345276067,True,True,1.0009705471960901,1,414.79986180567147,212.7752221512961,18.688570065270564,9.35813037489271,355.0,rolled,1.0,True,scale,0.8853416442871094,40,18,58,0.05875205993652344,0.001605987548828125,0.06035804748535156
e5_ppo_s45_anneal_linear,scale,7.636363636363637,96.36363636363636,990.3158107657674,355,rolled,1104.5692879443563,0.11537074934736401,True,True,1.0009752387339224,1,427.999589523521,228.11355826605066,18.818494487519366,9.443476746207729,355.0,rolled,1.0,True,scale,0.8975181579589844,40,18,58,0.0589451789855957,0.002313852310180664,0.06125903129577637
e5_ppo_s45_anneal_linear,scale,7.636363636363637,107.27272727272728,1055.0870687226268,355,rolled,1171.1727535685081,0.11002474420089711,True,True,1.000978498081122,1,440.2321497686959,244.10051096433665,18.850557740594088,9.462619402021236,355.0,rolled,1.0,True,scale,0.9073028564453125,40,18,58,0.05948472023010254,0.0016083717346191406,0.06109309196472168
e5_ppo_s45_anneal_linear,scale,7.636363636363637,118.18181818181816,1088.4839809208006,355,rolled,1239.3634119784456,0.13861428712070606,True,True,1.000969428478509,1,455.3075139760382,255.47091525726108,18.940789037887086,9.80251477289426,355.0,rolled,1.0,True,scale,0.9102783203125,40,18,58,0.0641484260559082,0.0018172264099121094,0.06596565246582031
e5_ppo_s45_anneal_linear,scale,7.636363636363637,129.0909090909091,1173.7978050697595,355,rolled,1305.574149919115,0.11226494399648654,True,True,1.0009734117537727,1,469.7812281469232,266.6191581822489,18.971942378517923,10.162408235360834,355.0,rolled,1.0,True,scale,0.9130592346191406,40,18,58,0.06940364837646484,0.0016024112701416016,0.07100605964660645
e5_ppo_s45_anneal_linear,scale,7.636363636363637,140.0,1251.7374258469372,355,rolled,1369.2938056408295,0.09391456815661847,True,True,1.0009770357791261,1,485.824419014536,275.0164031982422,19.031468860318363,10.597325627142089,355.0,rolled,1.0,True,scale,0.9167213439941406,40,18,58,0.059778690338134766,0.0016024112701416016,0.06138110160827637
e5_ppo_s45_anneal_linear,scale,8.454545454545455,20.0,516.1523336674153,355,rolled,608.7353837452495,0.17937156153107778,True,True,1.0009747504942959,1,305.16448785823457,149.61869318340132,13.949850396428703,6.97638449367457,355.0,rolled,1.0,True,scale,0.8033905029296875,40,18,58,0.058548927307128906,0.0015974044799804688,0.060146331787109375
e5_ppo_s45_anneal_linear,scale,8.454545454545455,30.909090909090907,633.218032838701,355,rolled,761.1288657116921,0.20200124797389296,True,True,1.0009880424870974,1,346.40387772649615,172.19026281822377,15.14321809766849,7.664406089768876,355.0,rolled,1.0,True,scale,0.8533096313476562,40,18,58,0.06312680244445801,0.0015943050384521484,0.06472110748291016
e5_ppo_s45_anneal_linear,scale,8.454545454545455,41.81818181818181,757.3789000305048,355,rolled,921.568566383044,0.21678669203212036,True,True,1.0009899887132905,1,395.80004600570237,186.05674459630305,15.282359540848773,9.750185952133062,355.0,rolled,1.0,True,scale,0.8936500549316406,40,18,58,0.06166815757751465,0.0015645027160644531,0.0632326602935791
e5_ppo_s45_anneal_linear,scale,8.454545454545455,52.72727272727273,897.7427828478864,355,rolled,1101.606196715741,0.2270844363918403,True,True,1.0009716736096268,1,455.6531578129205,183.49764377410997,16.212630496041765,12.061095684293035,355.0,rolled,1.0,True,scale,0.92840576171875,40,18,58,0.0648355484008789,0.0017745494842529297,0.06661009788513184
e5_ppo_s45_anneal_linear,scale,8.454545454545455,63.63636363636363,969.5859503873623,355,rolled,1108.3707948808321,0.1431382585917457,True,True,1.0009970610266585,1,407.92988195670137,205.95663007317006,18.619183383681268,9.314874528445678,355.0,rolled,1.0,True,scale,0.8853988647460938,40,18,58,0.07784152030944824,0.0018024444580078125,0.07964396476745605
e5_ppo_s45_anneal_linear,scale,8.454545454545455,74.54545454545453,1093.1775012217977,355,rolled,1204.8305543093481,0.10213625231287748,True,True,1.000992339375152,1,424.67990498229193,225.03371212130912,18.762039997516634,9.417960540081877,355.0,rolled,1.0,True,scale,0.896453857421875,40,18,58,0.061989784240722656,0.0017936229705810547,0.06378340721130371
e5_ppo_s45_anneal_linear,scale,8.454545454545455,85.45454545454545,1181.2789978646645,355,rolled,1296.6842253691066,0.09769514882856127,True,True,1.0009753458069013,1,440.9160821052483,243.1351697098412,18.853480070764515,9.534157177717116,355.0,rolled,1.0,True,scale,0.9092369079589844,40,18,58,0.06317806243896484,0.0016491413116455078,0.06482720375061035
e5_ppo_s45_anneal_linear,scale,8.454545454545455,96.36363636363636,1257.923897819336,355,rolled,1389.9362064541247,0.10494459073687813,True,True,1.0009838358788512,1,459.87572780606894,256.0842170488057,19.01624505850523,9.97622913742865,355.0,rolled,1.0,True,scale,0.9145469665527344,40,18,58,0.06102943420410156,0.0018711090087890625,0.06290054321289062
e5_ppo_s45_anneal_linear,scale,8.454545454545455,107.27272727272728,1345.9822136266182,460,rolled,1478.8798224868822,0.09873652676448397,True,True,1.0009693198150122,1,478.0789299934817,268.63443114044924,19.09369951509255,10.416246938570696,355.0,rolled,0.0,True,scale,0.9195594787597656,40,18,58,0.05890369415283203,0.0017926692962646484,0.06069636344909668
e5_ppo_s45_anneal_linear,scale,8.454545454545455,118.18181818181816,1418.3994702060834,355,rolled,1562.8712464662653,0.10185549226071781,True,True,1.0009841420056456,1,498.4841975743197,277.57415771484375,19.209522870622937,10.909723491938477,355.0,rolled,1.0,True,scale,0.9252471923828125,40,18,58,0.06535673141479492,0.0016548633575439453,0.06701159477233887
e5_ppo_s45_anneal_linear,scale,8.454545454545455,129.0909090909091,1503.943042662674,355,rolled,1632.2611326961714,0.08532111017071169,True,True,1.0009904985001503,1,527.0030765045764,278.33290100097656,19.49168644019786,11.330046383054151,355.0,rolled,1.0,True,scale,0.9277763366699219,40,18,58,0.06475543975830078,0.0018045902252197266,0.06656002998352051
e5_ppo_s45_anneal_linear,scale,8.454545454545455,140.0,1589.050557323039,355,rolled,1751.1849669247135,0.1020322536967049,True,True,1.0009652355850416,1,566.2764479345174,282.76519775390625,20.147773007849008,11.74730208289501,355.0,rolled,1.0,True,scale,0.9425506591796875,40,18,58,0.06760907173156738,0.001703500747680664,0.06931257247924805
e5_ppo_s45_anneal_linear,scale,9.272727272727272,20.0,633.3700898588271,355,rolled,787.8585361782539,0.24391496976729823,True,True,1.0009989264888663,1,343.55403491548697,157.65005927093353,14.319244194149395,8.55357872201841,355.0,rolled,1.0,True,scale,0.8543167114257812,40,18,58,0.08493208885192871,0.0018970966339111328,0.08682918548583984
e5_ppo_s45_anneal_linear,scale,9.272727272727272,30.909090909090907,801.8071464602682,355,rolled,982.7459190563709,0.22566370653453477,True,True,1.000976763425914,1,387.6010738550719,182.2541710880436,15.263758612728939,9.599898003873658,355.0,rolled,1.0,True,scale,0.8761978149414062,40,18,58,0.06842446327209473,0.0018630027770996094,0.07028746604919434
e5_ppo_s45_anneal_linear,scale,9.272727272727272,41.81818181818181,962.5021253931346,355,rolled,1093.7012981235462,0.13631052780981978,True,True,1.0009755121614692,1,383.14262512700213,191.76603865245326,17.954274968246622,8.987549121256567,355.0,rolled,1.0,True,scale,0.8555183410644531,40,18,58,0.06484341621398926,0.0018041133880615234,0.06664752960205078
e5_ppo_s45_anneal_linear,scale,9.272727272727272,52.72727272727273,1070.6846994207378,355,rolled,1230.3025098433654,0.1490801264919393,True,True,1.0009877081240441,1,409.4122579850857,212.56588138450033,18.3894143256395,9.228191907490308,355.0,rolled,1.0,True,scale,0.8810958862304688,40,18,58,0.06894207000732422,0.0018193721771240234,0.07076144218444824
e5_ppo_s45_anneal_linear,scale,9.272727272727272,63.63636363636363,1216.7126656588257,355,rolled,1439.6268694853486,0.18321022712936033,True,True,1.0009942526622693,1,514.2044455656356,211.913427399729,18.221015170595553,11.405910404535716,355.0,rolled,1.0,True,scale,0.9321823120117188,40,18,58,0.05526089668273926,0.001050710678100586,0.056311607360839844
e5_ppo_s45_anneal_linear,scale,9.272727272727272,74.54545454545453,1356.4151141978043,355,rolled,1480.2614105136288,0.09130412586788983,True,True,1.0009861826019542,1,453.71296798692674,250.90532458076825,18.844026669237046,9.825189124551665,355.0,rolled,1.0,True,scale,0.9112052917480469,40,18,58,0.04468083381652832,0.0015265941619873047,0.046207427978515625
e5_ppo_s45_anneal_linear,scale,9.272727272727272,85.45454545454545,1422.5235716023028,355,rolled,1598.6201109413087,0.123791649470282,True,True,1.0009801431297418,1,476.78967934519596,265.4127715741076,19.01176630680632,10.335001698611487,355.0,rolled,1.0,True,scale,0.9190216064453125,40,18,58,0.0449826717376709,0.0009789466857910156,0.045961618423461914
e5_ppo_s45_anneal_linear,scale,9.272727272727272,96.36363636363636,1530.0841209322955,355,rolled,1709.5513548737003,0.11729239685988878,True,True,1.0009780466994473,1,500.11770944942754,278.09600830078125,19.118338709980588,10.842788784163075,355.0,rolled,1.0,True,scale,0.9269866943359375,40,18,58,0.04244279861450195,0.0011186599731445312,0.043561458587646484
e5_ppo_s45_anneal_linear,scale,9.272727272727272,107.27272727272728,1647.0835657255905,355,rolled,1803.0276831414865,0.09467893473103649,True,True,1.000997092830629,1,534.1698426509746,279.42466735839844,19.50402866447782,11.303364951101473,355.0,rolled,1.0,True,scale,0.9314155578613281,40,18,58,0.0426788330078125,0.0009682178497314453,0.043647050857543945
e5_ppo_s45_anneal_linear,scale,9.272727272727272,118.18181818181816,1794.0191544704012,355,rolled,1955.3548213228248,0.08992973483610898,True,True,1.000968688658657,1,580.6291167622974,284.66033935546875,20.358113267446374,11.668976095948713,355.0,rolled,1.0,True,scale,0.9488677978515625,40,18,58,0.04273557662963867,0.001027822494506836,0.04376339912414551
e5_ppo_s45_anneal_linear,scale,9.272727272727272,129.0909090909091,1876.6125693849333,355,rolled,2028.3972484288936,0.08088226708068373,True,True,1.0009772904721492,1,618.0325423412108,284.0423583984375,20.735008209863135,11.758631253495832,355.0,rolled,1.0,True,scale,0.946807861328125,40,18,58,0.04287147521972656,0.0010499954223632812,0.043921470642089844
e5_ppo_s45_anneal_linear,scale,9.272727272727272,140.0,1975.8458780810136,355,rolled,2097.527188365457,0.061584413862594854,True,True,1.0009601537778465,1,655.4532055166815,282.80982971191406,21.11950932060089,11.815973123299974,355.0,rolled,1.0,True,scale,0.9426994323730469,40,18,58,0.042221784591674805,0.0009777545928955078,0.04319953918457031
e5_ppo_s45_anneal_linear,scale,10.09090909090909,20.0,771.2799576046779,355,rolled,937.573545970509,0.21560729891423616,True,True,1.000984753863642,1,362.17053152345903,172.08387115912822,14.99565192013984,8.19368564739224,355.0,rolled,1.0,True,scale,0.8357772827148438,40,18,58,0.04344964027404785,0.0009870529174804688,0.04443669319152832
e5_ppo_s45_anneal_linear,scale,10.09090909090909,30.909090909090907,964.7090665866748,355,rolled,1195.9002852122358,0.2396486429256436,True,True,1.0009916707514241,1,389.5144164171027,191.44637578083078,17.91759437510645,9.031336386474706,355.0,rolled,1.0,True,scale,0.8882598876953125,40,18,58,0.044173240661621094,0.0009713172912597656,0.04514455795288086
e5_ppo_s45_anneal_linear,scale,10.09090909090909,41.81818181818181,1147.2574547707825,355,rolled,1312.5883932474046,0.14410970945458323,True,True,1.000957503539278,1,404.8510075004053,213.81501177070214,18.015903778461666,9.033273499379925,355.0,rolled,1.0,True,scale,0.8750076293945312,40,18,58,0.0429837703704834,0.001032114028930664,0.04401588439941406
e5_ppo_s45_anneal_linear,scale,10.09090909090909,52.72727272727273,1318.1429375417918,355,rolled,1476.0699117369384,0.1198102039598718,True,True,1.0009745537654091,1,432.6488339450622,238.02222924905502,18.32987394362155,9.30441506037808,355.0,rolled,1.0,True,scale,0.8982391357421875,40,18,58,0.04355764389038086,0.0009963512420654297,0.04455399513244629
e5_ppo_s45_anneal_linear,scale,10.09090909090909,63.63636363636363,1473.4968374975142,355,rolled,1636.3761522773705,0.1105393039434542,True,True,1.0009753159244086,1,462.43621276831993,255.5281629843081,18.684290492699944,9.902790999806786,355.0,rolled,1.0,True,scale,0.9100151062011719,40,18,58,0.043354034423828125,0.0010421276092529297,0.044396162033081055
e5_ppo_s45_anneal_linear,scale,10.09090909090909,74.54545454545453,1593.8205978972342,355,rolled,1783.4750876105165,0.11899362447912777,True,True,1.000993986819849,1,490.6139427840557,271.92345125916586,18.86608451185522,10.454330550229244,355.0,rolled,1.0,True,scale,0.9203376770019531,40,18,58,0.04512214660644531,0.0010695457458496094,0.04619169235229492
e5_ppo_s45_anneal_linear,scale,10.09090909090909,85.45454545454545,1744.078619322344,355,rolled,1915.782667716065,0.09844971808692664,True,True,1.0009840789054125,1,526.3604191898655,278.84788513183594,19.248004739883118,11.012696365045027,355.0,rolled,1.0,True,scale,0.9294929504394531,40,18,58,0.058429718017578125,0.0010364055633544922,0.05946612358093262
e5_ppo_s45_anneal_linear,scale,10.09090909090909,96.36363636363636,1930.113776773892,355,rolled,2112.5081326362565,0.09449927670441764,True,True,1.0009865094273047,1,580.4417325981591,285.30921936035156,20.292531276994804,11.45107666980785,355.0,rolled,1.0,True,scale,0.9510307312011719,40,18,58,0.0425868034362793,0.0009989738464355469,0.043585777282714844
e5_ppo_s45_anneal_linear,scale,10.09090909090909,107.27272727272728,2067.605711285596,355,rolled,2212.2168550967563,0.06994135439935688,True,True,1.0009683286665814,1,624.092078570144,285.3538513183594,20.796603958380636,11.554986829312261,355.0,rolled,1.0,True,scale,0.9511795043945312,40,18,58,0.044739723205566406,0.0011451244354248047,0.04588484764099121
e5_ppo_s45_anneal_linear,scale,10.09090909090909,118.18181818181816,2170.353625378734,355,rolled,2306.963729830336,0.06294370781524751,True,True,1.0009998812733412,1,667.5116422448007,284.61570739746094,21.28720634565262,11.647251341627612,355.0,rolled,1.0,True,scale,0.9487190246582031,40,18,58,0.04402446746826172,0.001003265380859375,0.045027732849121094
e5_ppo_s45_anneal_linear,scale,10.09090909090909,129.0909090909091,2307.5736162550616,355,rolled,2404.3028569882936,0.04191816029263368,True,True,1.0009756594739176,1,706.927731854172,283.59947204589844,21.900444258088342,11.75134481483407,355.0,rolled,1.0,True,scale,0.9453315734863281,40,18,58,0.04256796836853027,0.0009737014770507812,0.043541669845581055
e5_ppo_s45_anneal_linear,scale,10.09090909090909,140.0,2443.406284429296,355,rolled,2562.036362797117,0.04855110634845937,True,True,1.0009926550785238,1,712.5606536865234,285.0242614746094,23.561566649833058,12.18667856288162,355.0,rolled,1.0,True,scale,0.9500808715820312,40,18,58,0.04384779930114746,0.0009748935699462891,0.04482269287109375
e5_ppo_s45_anneal_linear,scale,10.90909090909091,20.0,939.0466900997784,355,rolled,1237.7092521642917,0.31804868193803965,True,True,1.0009887352041975,2,524.6093617518939,184.74079954170045,11.772758159060404,7.478380959729667,355.0,rolled,1.0,True,scale,0.8800888061523438,40,18,58,0.04332399368286133,0.000978231430053711,0.04430222511291504
e5_ppo_s45_anneal_linear,scale,10.90909090909091,30.909090909090907,1197.1649157491154,355,rolled,1345.8833395258498,0.12422551130616385,True,True,1.0009888450031812,1,404.00609846626946,204.31951355836628,17.470020387786334,9.017646818948455,355.0,rolled,1.0,True,scale,0.8653717041015625,40,18,58,0.04239034652709961,0.0012178421020507812,0.04360818862915039
e5_ppo_s45_anneal_linear,scale,10.90909090909091,41.81818181818181,1403.509472950396,355,rolled,1564.3201836978287,0.11457757417866479,True,True,1.0009772351249009,1,431.0541886996952,237.27862284932178,18.035734835021497,9.13166833706283,355.0,rolled,1.0,True,scale,0.8934440612792969,40,18,58,0.04822373390197754,0.0011034011840820312,0.04932713508605957
e5_ppo_s45_anneal_linear,scale,10.90909090909091,52.72727272727273,1588.7457907355176,355,rolled,1751.3631998062563,0.10235583944203817,True,True,1.000995334255602,1,465.78995040760486,256.48696675651024,18.390146163409128,9.75927286990165,355.0,rolled,1.0,True,scale,0.9048995971679688,40,18,58,0.04425454139709473,0.0010972023010253906,0.04535174369812012
e5_ppo_s45_anneal_linear,scale,10.90909090909091,63.63636363636363,1789.9941201560932,355,rolled,1934.509429006573,0.08073507461459017,True,True,1.0009732532006625,1,499.5476218993908,275.4112243652344,18.624498472503895,10.352699099121295,355.0,rolled,1.0,True,scale,0.9180374145507812,40,18,58,0.04492378234863281,0.000989675521850586,0.0459134578704834
e5_ppo_s45_anneal_linear,scale,10.90909090909091,74.54545454545453,1942.2808212955651,355,rolled,2092.120672346238,0.07714633713508254,True,True,1.0009988572622208,1,548.6434728055294,278.4290313720703,19.270065989711927,10.86033605694613,355.0,rolled,1.0,True,scale,0.9280967712402344,40,18,58,0.043322086334228516,0.001024484634399414,0.04434657096862793
e5_ppo_s45_anneal_linear,scale,10.90909090909091,85.45454545454545,2177.190622234541,355,rolled,2333.2861873957463,0.07169586510573793,True,True,1.0009732037514396,1,612.2612372159924,285.5323791503906,20.529417166036737,11.243863155634546,355.0,rolled,1.0,True,scale,0.9517745971679688,40,18,58,0.044020891189575195,0.0013051033020019531,0.04532599449157715
e5_ppo_s45_anneal_linear,scale,10.90909090909091,96.36363636363636,2344.698716886334,355,rolled,2463.251926101375,0.05056223571976659,True,True,1.000992409074971,1,662.57652699424,285.6971740722656,21.169114460947483,11.384317341346367,355.0,rolled,1.0,True,scale,0.9523239135742188,40,18,58,0.04243278503417969,0.0009777545928955078,0.043410539627075195
e5_ppo_s45_anneal_linear,scale,10.90909090909091,107.27272727272728,2499.121791022924,355,rolled,2592.51499778737,0.03737041031770559,True,True,1.0009858120123405,1,709.4414887990979,285.24742126464844,21.877008741192817,11.539154055504321,355.0,rolled,1.0,True,scale,0.9508247375488281,40,18,58,0.043797969818115234,0.0010268688201904297,0.044824838638305664
e5_ppo_s45_anneal_linear,scale,10.90909090909091,118.18181818181816,2669.547168301596,355,rolled,2788.8040534757083,0.04467307661395827,True,True,1.0009973856267804,1,716.9380187988281,286.77520751953125,23.84655504564345,11.9710207109872,355.0,rolled,1.0,True,scale,0.9559173583984375,40,18,58,0.04332566261291504,0.0009763240814208984,0.04430198669433594
e5_ppo_s45_anneal_linear,scale,10.90909090909091,129.0909090909091,2855.841135487434,355,rolled,3072.5085131704072,0.075868147912924,True,True,1.000975111414362,1,711.273193359375,284.50927734375,26.556717092654875,13.34611083952769,355.0,rolled,1.0,True,scale,0.9483642578125,40,18,58,0.04275107383728027,0.0009734630584716797,0.04372453689575195
e5_ppo_s45_anneal_linear,scale,10.90909090909091,140.0,3078.8301843712,460,rolled,3380.053335848418,0.09783688395881364,True,True,1.0009851527078006,1,701.8747329711914,280.74989318847656,29.742767976165297,14.923009413087962,355.0,rolled,0.0,True,scale,0.9358329772949219,40,18,58,0.04205775260925293,0.0010879039764404297,0.04314565658569336
e5_ppo_s45_anneal_linear,scale,11.727272727272728,20.0,1117.8784812198996,355,rolled,1357.5168875095121,0.21436892320183487,True,True,1.00097187555937,1,393.8136703180648,190.37971044582,17.479958658378177,8.82054252604478,355.0,rolled,1.0,True,scale,0.8550262451171875,40,18,58,0.04354453086853027,0.0010221004486083984,0.04456663131713867
e5_ppo_s45_anneal_linear,scale,11.727272727272728,30.909090909090907,1399.1707585826318,355,rolled,1604.1660542443872,0.14651199248147292,True,True,1.000948747479104,1,422.9955733276863,230.431592745738,17.706355077083813,8.888725556635467,355.0,rolled,1.0,True,scale,0.8833045959472656,40,18,58,0.045174360275268555,0.0011620521545410156,0.04633641242980957
e5_ppo_s45_anneal_linear,scale,11.727272727272728,41.81818181818181,1658.320920880548,355,rolled,1818.5487648620601,0.09662052861060995,True,True,1.0009842875394532,1,462.2662859590615,253.6771017293545,18.01285182630596,9.42514339447247,355.0,rolled,1.0,True,scale,0.8966140747070312,40,18,58,0.05034923553466797,0.0018787384033203125,0.05222797393798828
e5_ppo_s45_anneal_linear,scale,11.727272727272728,52.72727272727273,1896.895430152976,355,rolled,2041.4934671622962,0.07622878663251305,True,True,1.0009773803261277,1,503.3938811475023,273.5572814941406,18.39893158544478,10.079046004868559,355.0,rolled,1.0,True,scale,0.9118576049804688,40,18,58,0.05311751365661621,0.001055002212524414,0.054172515869140625
e5_ppo_s45_anneal_linear,scale,11.727272727272728,63.63636363636363,2122.483987052358,355,rolled,2352.3556973745085,0.10830315409888655,True,True,1.0009735168419047,1,577.1185851293465,283.5376739501953,19.833394932529096,10.737831514210624,355.0,rolled,1.0,True,scale,0.9451255798339844,40,18,58,0.04149818420410156,0.0010797977447509766,0.04257798194885254
e5_ppo_s45_anneal_linear,scale,11.727272727272728,74.54545454545453,2414.680044837911,355,rolled,2532.567995528648,0.048821354590127826,True,True,1.0009746417365208,1,636.376168386818,285.3435516357422,20.670346501740926,10.966640660873024,355.0,rolled,1.0,True,scale,0.9511451721191406,40,18,58,0.04212760925292969,0.0010712146759033203,0.04319882392883301
e5_ppo_s45_anneal_linear,scale,11.727272727272728,85.45454545454545,2607.2244497923484,355,rolled,2704.3138968967455,0.03723862251757026,True,True,1.0009583177881216,1,693.2854467408067,285.95123291015625,21.4762824237301,11.197335881227891,355.0,rolled,1.0,True,scale,0.9531707763671875,40,18,58,0.042615652084350586,0.0009663105010986328,0.04358196258544922
e5_ppo_s45_anneal_linear,scale,11.727272727272728,96.36363636363636,2809.399526814627,460,rolled,2939.8775324867074,0.04644337853221613,True,True,1.0009609825319905,1,716.6547775268555,286.6619110107422,23.333774450925215,11.777401874976839,355.0,rolled,0.0,True,scale,0.9555397033691406,40,18,58,0.04407238960266113,0.001096963882446289,0.04516935348510742
e5_ppo_s45_anneal_linear,scale,11.727272727272728,107.27272727272728,3054.1802093068686,355,rolled,3297.939450260907,0.07981167588318516,True,True,1.0009794861165249,1,709.8054885864258,283.9221954345703,26.56399719032582,13.362261678948627,355.0,rolled,1.0,True,scale,0.9464073181152344,40,18,58,0.04220175743103027,0.0009849071502685547,0.04318666458129883
e5_ppo_s45_anneal_linear,scale,11.727272727272728,118.18181818181816,3357.8991517305085,355,rolled,3689.5365180230815,0.0987633491380056,True,True,1.000970837182831,1,698.1067657470703,279.2427062988281,30.404369404884815,15.23858789074518,355.0,rolled,1.0,True,scale,0.9308090209960938,40,18,58,0.04984331130981445,0.001332998275756836,0.05117630958557129
e5_ppo_s45_anneal_linear,scale,11.727272727272728,129.0909090909091,3564.383823711408,460,rolled,3989.0820133798043,0.119150521008195,True,True,1.0009813776743062,1,701.2825012207031,280.51300048828125,32.72651672363281,16.511583233153004,355.0,rolled,0.0,True,scale,0.9350433349609375,40,18,58,0.0445246696472168,0.0010411739349365234,0.04556584358215332
e5_ppo_s45_anneal_linear,scale,11.727272727272728,140.0,3755.070343632353,460,rolled,4175.523082722166,0.11196933761914583,True,True,1.0009808756499456,1,718.0967330932617,287.2386932373047,33.51118087768555,16.82813684203696,355.0,rolled,0.0,True,scale,0.9574623107910156,40,18,58,0.04456138610839844,0.001079559326171875,0.04564094543457031
e5_ppo_s45_anneal_linear,scale,12.545454545454549,20.0,1307.1994834284806,355,rolled,1529.3948939928366,0.16997819642767079,True,True,1.0009584600028376,1,400.08371824909244,211.94965527746191,17.021028173719063,8.544384282080376,355.0,rolled,1.0,True,scale,0.8409957885742188,40,18,58,0.050889015197753906,0.0014226436614990234,0.05231165885925293
e5_ppo_s45_anneal_linear,scale,12.545454545454549,30.909090909090907,1673.5520688887286,355,rolled,1837.3441483907966,0.09787091931404866,True,True,1.0009649068213555,1,451.26653616104824,247.16178620021805,17.620270587126093,8.9303284452399,355.0,rolled,1.0,True,scale,0.888031005859375,40,18,58,0.05267643928527832,0.0013470649719238281,0.05402350425720215
e5_ppo_s45_anneal_linear,scale,12.545454545454549,41.81818181818181,1957.4303873162305,355,rolled,2085.897499353411,0.06563048825113917,True,True,1.0009607105198737,1,495.58147587103826,269.6674346923828,17.994949960537603,9.57577553759932,355.0,rolled,1.0,True,scale,0.8988914489746094,40,18,58,0.0449519157409668,0.0009980201721191406,0.04594993591308594
e5_ppo_s45_anneal_linear,scale,12.545454545454549,52.72727272727273,2222.5772160497027,355,rolled,2463.4408223363716,0.10837131081311446,True,True,1.000964744152671,1,582.0359928156706,281.7695617675781,19.639794958816637,10.302338587742131,355.0,rolled,1.0,True,scale,0.9392318725585938,40,18,58,0.04268240928649902,0.0009784698486328125,0.043660879135131836
e5_ppo_s45_anneal_linear,scale,12.545454545454549,63.63636363636363,2552.3230156844406,355,rolled,2698.316376200954,0.057200189638756685,True,True,1.0009952972927416,1,650.1265879557144,284.6397399902344,20.69754728525585,10.620694915219998,355.0,rolled,1.0,True,scale,0.9487991333007812,40,18,58,0.042676687240600586,0.0009694099426269531,0.04364609718322754
e5_ppo_s45_anneal_linear,scale,12.545454545454549,74.54545454545453,2864.0220557743514,355,rolled,2948.506164209814,0.029498414045076336,True,True,1.000982646900798,2,707.787861613655,284.75303649902344,22.066632941515223,11.109260117047954,355.0,rolled,1.0,True,scale,0.9491767883300781,40,18,58,0.04412221908569336,0.0011882781982421875,0.04531049728393555
e5_ppo_s45_anneal_linear,scale,12.545454545454549,85.45454545454545,3136.2352005841685,355,rolled,3353.054279018796,0.069133551716479,True,True,1.000969563873591,1,709.2132568359375,283.685302734375,25.276893402966724,12.653358904544005,355.0,rolled,1.0,True,scale,0.94561767578125,40,18,58,0.04138970375061035,0.0010223388671875,0.04241204261779785
e5_ppo_s45_anneal_linear,scale,12.545454545454549,96.36363636363636,3474.753399293351,355,rolled,4186.888489233177,0.20494550493414893,True,True,1.000986551824061,1,719.5301055908203,287.8120422363281,28.235122175510863,11.408827093443481,355.0,rolled,1.0,True,scale,0.9593734741210938,40,18,58,0.0428004264831543,0.0009756088256835938,0.04377603530883789
e5_ppo_s45_anneal_linear,scale,12.545454545454549,107.27272727272728,3810.945853911128,460,rolled,4164.590646539148,0.09279711813934036,True,True,1.0009768358645548,1,712.4147415161133,284.9658966064453,30.78543738861042,16.314480043960213,355.0,rolled,0.0,True,scale,0.9498863220214844,40,18,58,0.041768789291381836,0.001070261001586914,0.04283905029296875
e5_ppo_s45_anneal_linear,scale,12.545454545454549,118.18181818181816,4051.8868674716473,460,rolled,4463.389290454606,0.10155822125402385,True,True,1.0009931963107193,1,717.4873352050781,286.99493408203125,33.48274230957031,16.85677812363121,355.0,rolled,0.0,True,scale,0.9566497802734375,40,18,58,0.04454541206359863,0.0009641647338867188,0.04550957679748535
e5_ppo_s45_anneal_linear,scale,12.545454545454549,129.0909090909091,4389.083655555064,460,rolled,4732.456658148964,0.07823341488588596,True,True,1.0009779795097793,1,734.7650527954102,293.90602111816406,34.28903579711914,17.785644350746484,355.0,rolled,0.0,True,scale,0.9796867370605469,40,18,58,0.042621612548828125,0.0009810924530029297,0.043602705001831055
e5_ppo_s45_anneal_linear,scale,12.545454545454549,140.0,4731.036754406592,460,rolled,5074.724651367376,0.07264536607978488,True,True,1.0009789017780888,1,748.6953735351562,299.4781494140625,34.939117431640625,19.72801705695887,355.0,rolled,0.0,True,scale,0.998260498046875,40,18,58,0.05544638633728027,0.0013117790222167969,0.05675816535949707
e5_ppo_s45_anneal_linear,scale,13.363636363636363,20.0,1553.9456704912225,355,rolled,1738.580455289905,0.11881675679196504,True,True,1.0009766427109252,1,424.5214532579077,227.18686814599994,16.94039130731387,8.550937059723326,355.0,rolled,1.0,True,scale,0.8413162231445312,40,18,58,0.04180455207824707,0.0010573863983154297,0.0428619384765625
e5_ppo_s45_anneal_linear,scale,13.363636363636363,30.909090909090907,2055.764041961098,355,rolled,2088.329682057851,0.015841137130546943,True,True,1.000963491648712,1,479.34876194465625,263.4838357762799,17.593437303732614,8.976164492745953,355.0,rolled,1.0,True,scale,0.8877792358398438,40,18,58,0.0426640510559082,0.0010371208190917969,0.043701171875
e5_ppo_s45_anneal_linear,scale,13.363636363636363,41.81818181818181,2295.1327804460216,355,rolled,2505.452297337651,0.09163718922212306,True,True,1.0009893398096408,1,571.9896521784187,278.3775329589844,19.23384803623449,9.742166531195066,355.0,rolled,1.0,True,scale,0.9279251098632812,40,18,58,0.04180431365966797,0.0014226436614990234,0.04322695732116699
e5_ppo_s45_anneal_linear,scale,13.363636363636363,52.72727272727273,2698.233573079863,355,rolled,2824.8386204851117,0.04692145582516673,True,True,1.0009564702668348,2,653.3970591595959,282.33604431152344,20.501427935051588,10.38103412874502,355.0,rolled,1.0,True,scale,0.9411201477050781,40,18,58,0.042815208435058594,0.0010743141174316406,0.043889522552490234
e5_ppo_s45_anneal_linear,scale,13.363636363636363,63.63636363636363,3099.504449257762,355,rolled,3194.1724948804713,0.03054296168065809,True,True,1.0009571222491764,1,706.6726684570312,282.6690673828125,22.60241076362966,11.339372730336402,355.0,rolled,1.0,True,scale,0.942230224609375,40,18,58,0.04128146171569824,0.000988006591796875,0.04226946830749512
e5_ppo_s45_anneal_linear,scale,13.363636363636363,74.54545454545453,3409.0278837627866,355,rolled,4177.490902921991,0.22541998638949143,True,True,1.0009694684171222,1,579.3815518104301,286.41815185546875,30.975621167932182,16.96345255783904,355.0,rolled,1.0,True,scale,0.9547271728515625,40,18,58,0.0470576286315918,0.0010287761688232422,0.04808640480041504
e5_ppo_s45_anneal_linear,scale,13.363636363636363,85.45454545454545,3859.8972334468967,355,rolled,4474.087508283494,0.15912088786056194,True,True,1.0009799237350911,1,727.4694442749023,290.98777770996094,25.521721613103264,20.033721783421413,355.0,rolled,1.0,True,scale,0.9699592590332031,40,18,58,0.044535160064697266,0.0009794235229492188,0.045514583587646484
e5_ppo_s45_anneal_linear,scale,13.363636363636363,96.36363636363636,4245.414696419247,460,rolled,4629.491556760694,0.0904686321139353,True,True,1.0009831165483138,1,708.7583541870117,283.5033416748047,33.07538986206055,16.552847051033623,355.0,rolled,0.0,True,scale,0.9450111389160156,40,18,58,0.04212236404418945,0.0010685920715332031,0.043190956115722656
e5_ppo_s45_anneal_linear,scale,13.363636363636363,107.27272727272728,4631.739739142465,460,rolled,4954.7664741606095,0.06974198750596272,True,True,1.0009714333101036,1,729.5379638671875,291.815185546875,34.04510498046875,17.516495284987176,355.0,rolled,0.0,True,scale,0.97271728515625,40,18,58,0.04206562042236328,0.001081228256225586,0.04314684867858887
e5_ppo_s45_anneal_linear,scale,13.363636363636363,118.18181818181816,5063.816158705762,460,rolled,5240.900524435867,0.03497053608979457,True,True,1.0009742430401567,1,749.6738433837891,299.8695373535156,34.984779357910156,18.082606555255847,355.0,rolled,0.0,True,scale,0.9995651245117188,40,18,58,0.04158282279968262,0.0009870529174804688,0.042569875717163086
e5_ppo_s45_anneal_linear,scale,13.363636363636363,129.0909090909091,5459.024045280959,460,rolled,5697.650696495707,0.043712328290810135,True,True,1.000983913433912,1,733.5033416748047,293.4013366699219,34.23015594482422,18.33297140807854,460.0,rolled,1.0,True,scale,0.9780044555664062,40,18,58,0.041614532470703125,0.0009784698486328125,0.04259300231933594
e5_ppo_s45_anneal_linear,scale,13.363636363636363,140.0,5943.747564514266,460,rolled,11099.245773678975,0.8673817575874836,True,True,1.0009777448853414,2,719.4271087646484,287.7708435058594,33.573265075683594,13.786192272544605,690.0,rolled,0.0,True,scale,0.9592361450195312,40,18,58,0.042523860931396484,0.0011286735534667969,0.04365253448486328
e5_ppo_s45_anneal_linear,scale,14.181818181818182,20.0,1796.9028968466985,355,rolled,1958.9767072232676,0.09019619850409552,True,True,1.0009851047886535,1,449.73716832396536,238.70282012765415,17.075079193453487,8.584434843413444,355.0,rolled,1.0,True,scale,0.8358345031738281,40,18,58,0.04373002052307129,0.0011527538299560547,0.044882774353027344
e5_ppo_s45_anneal_linear,scale,14.181818181818182,30.909090909090907,2224.07150895444,355,rolled,2474.4625957750154,0.11258230043974028,True,True,1.0009943388463929,1,542.6912055481724,269.8150634765625,18.648169022354708,9.378866453762734,355.0,rolled,1.0,True,scale,0.899383544921875,40,18,58,0.0435938835144043,0.0010638236999511719,0.04465770721435547
e5_ppo_s45_anneal_linear,scale,14.181818181818182,41.81818181818181,2615.0382292659383,355,rolled,2889.5914167702,0.10499012382749404,True,True,1.000978663368471,2,644.0843749632479,277.3887634277344,20.048063539706156,10.206130490995854,355.0,rolled,1.0,True,scale,0.9246292114257812,40,18,58,0.04572653770446777,0.0010478496551513672,0.04677438735961914
e5_ppo_s45_anneal_linear,scale,14.181818181818182,52.72727272727273,3202.0654799770145,355,rolled,3390.2106737269114,0.058757447318425055,True,True,1.0009697568138596,1,696.1498260498047,278.4599304199219,22.935866645011018,11.545901380949946,355.0,rolled,1.0,True,scale,0.9281997680664062,40,18,58,0.042902231216430664,0.0010025501251220703,0.043904781341552734
e5_ppo_s45_anneal_linear,scale,14.181818181818182,63.63636363636363,3623.765744949169,355,rolled,4107.554812137597,0.13350450918708986,True,True,1.0009789799565922,1,681.9534301757812,272.7813720703125,28.536738658209586,14.409681742885443,355.0,rolled,1.0,True,scale,0.909271240234375,40,18,58,0.043082475662231445,0.0009686946868896484,0.044051170349121094
e5_ppo_s45_anneal_linear,scale,14.181818181818182,74.54545454545453,4194.266016339479,355,rolled,4786.300830247631,0.141153377397089,True,True,1.000985010899803,1,696.9071567770106,287.1906280517578,28.71774340309373,18.982040812730414,355.0,rolled,1.0,True,scale,0.9573020935058594,40,18,58,0.044438838958740234,0.0009868144989013672,0.0454256534576416
e5_ppo_s45_anneal_linear,scale,14.181818181818182,85.45454545454545,4665.282330709234,460,rolled,5019.479863892289,0.07592199315603027,True,True,1.0009706079090848,1,715.0154113769531,286.00616455078125,33.36738586425781,16.878211042715087,355.0,rolled,0.0,True,scale,0.9533538818359375,40,18,58,0.0428311824798584,0.001081228256225586,0.043912410736083984
e5_ppo_s45_anneal_linear,scale,14.181818181818182,96.36363636363636,5186.697126154381,460,rolled,5396.771613832486,0.04050255539672546,True,True,1.0009664505264348,1,738.6531829833984,295.4612731933594,34.470481872558594,17.792846268484638,355.0,rolled,0.0,True,scale,0.9848709106445312,40,18,58,0.04412841796875,0.0010862350463867188,0.04521465301513672
e5_ppo_s45_anneal_linear,scale,14.181818181818182,107.27272727272728,5684.871516431859,460,rolled,5919.980091902092,0.041356884635063804,True,True,1.0009910729986171,1,730.0529479980469,292.02117919921875,34.06913757324219,17.6841538040214,460.0,rolled,1.0,True,scale,0.9734039306640625,40,18,58,0.05436277389526367,0.0010712146759033203,0.05543398857116699
e5_ppo_s45_anneal_linear,scale,14.181818181818182,118.18181818181816,6186.248050426683,460,rolled,10302.482914305036,0.6653847098152561,True,True,1.000962624390646,1,728.3706665039062,291.3482666015625,33.990631103515625,20.06221071609248,550.0,rolled,0.0,True,scale,0.971160888671875,40,18,58,0.04227757453918457,0.0010504722595214844,0.043328046798706055
e5_ppo_s45_anneal_linear,scale,14.181818181818182,129.0909090909091,8947.780102569574,500,rolled,12774.704738577871,0.4276954274847795,True,True,1.0009839966168166,2,735.3744506835938,294.1497802734375,34.317474365234375,15.499491309825794,690.0,rolled,0.0,True,scale,0.980499267578125,14,18,32,0.014711141586303711,0.0010857582092285156,0.015796899795532227
e5_ppo_s45_anneal_linear,scale,14.181818181818182,140.0,12705.653958132376,620,rolled,15545.69456906165,0.22352573273975238,True,True,1.0009840660318485,1,737.4601364135742,294.9840545654297,34.4148063659668,24.02798696108297,690.0,rolled,0.0,True,scale,0.9832801818847656,8,18,26,0.008326053619384766,0.0010743141174316406,0.009400367736816406
e5_ppo_s45_anneal_linear,scale,15.0,20.0,2057.2483346770277,355,rolled,2190.171194344004,0.06461196610366644,True,True,1.000968377287661,1,481.90148581601136,242.01250579986097,17.353745453975485,8.918020959075557,355.0,rolled,1.0,True,scale,0.8255119323730469,40,18,58,0.04409527778625488,0.0010714530944824219,0.045166730880737305
e5_ppo_s45_anneal_linear,scale,15.0,30.909090909090907,2565.283454586496,355,rolled,2831.893947645059,0.10393022750834313,True,True,1.0009765664808217,1,611.3960408874724,269.5850372314453,19.371703769088327,9.73139595869096,355.0,rolled,1.0,True,scale,0.8986167907714844,40,18,58,0.04293990135192871,0.0009632110595703125,0.04390311241149902
e5_ppo_s45_anneal_linear,scale,15.0,41.81818181818181,3234.6725939942403,355,rolled,3435.1324860460254,0.06197223559007965,True,True,1.0009890895657443,1,685.1205825805664,274.04823303222656,22.353131268933772,11.207793658521188,355.0,rolled,1.0,True,scale,0.9134941101074219,40,18,58,0.04487013816833496,0.0013442039489746094,0.04621434211730957
e5_ppo_s45_anneal_linear,scale,15.0,52.72727272727273,3765.638206814382,355,rolled,4559.176585562229,0.21073144448976594,True,True,1.0009850354431096,2,697.9866027832031,279.19464111328125,27.134528797585066,10.159354396288183,355.0,rolled,1.0,True,scale,0.9306488037109375,40,18,58,0.04588723182678223,0.0010592937469482422,0.04694652557373047
e5_ppo_s45_anneal_linear,scale,15.0,63.63636363636363,4414.262908667717,355,rolled,5156.636409175396,0.1681760955039574,True,True,1.000969712789816,2,703.4282684326172,281.3713073730469,31.956395873338234,10.243252490697714,355.0,rolled,1.0,True,scale,0.9379043579101562,40,18,58,0.043564796447753906,0.0010955333709716797,0.044660329818725586
e5_ppo_s45_anneal_linear,scale,15.0,74.54545454545453,5055.036012019389,460,rolled,5585.9063779685475,0.10501811751427781,True,True,1.0009578204727878,1,746.5581893920898,298.62327575683594,28.5359554606414,21.104410865756225,355.0,rolled,0.0,True,scale,0.9954109191894531,40,18,58,0.0435483455657959,0.001079559326171875,0.04462790489196777
e5_ppo_s45_anneal_linear,scale,15.0,85.45454545454545,5678.659053486651,460,rolled,5789.733058490234,0.01955990031403353,True,True,1.0009860947202123,1,743.8974380493164,297.55897521972656,34.715213775634766,17.92142667433768,355.0,rolled,0.0,True,scale,0.9918632507324219,40,18,58,0.043709754943847656,0.0010578632354736328,0.04476761817932129
e5_ppo_s45_anneal_linear,scale,15.0,96.36363636363636,6293.677091962863,460,rolled,8627.918293121938,0.3708867117030745,True,True,1.0009955282106158,1,727.203369140625,290.88134765625,33.9361572265625,20.514281945336247,500.0,rolled,0.0,True,scale,0.9696044921875,40,18,58,0.04223442077636719,0.0009753704071044922,0.04320979118347168
e5_ppo_s45_anneal_linear,scale,15.0,107.27272727272728,7396.103440982998,460,rolled,13198.83661656739,0.7845662546349088,True,True,1.0009675351705427,2,733.6921691894531,293.47686767578125,34.23896789550781,14.707745870876634,690.0,rolled,0.0,True,scale,0.9782562255859375,15,18,33,0.015988588333129883,0.0009849071502685547,0.016973495483398438
e5_ppo_s45_anneal_linear,scale,15.0,118.18181818181816,13338.283576315587,620,rolled,16422.578035322866,0.23123623375978997,True,True,1.0009832059852788,1,746.2577819824219,298.50311279296875,33.28785047487362,24.314551999556976,690.0,rolled,0.0,True,scale,0.9950103759765625,6,18,24,0.0066699981689453125,0.0010287761688232422,0.007698774337768555
e5_ppo_s45_anneal_linear,scale+thin,6.0,20.0,241.3288087904857,355,rolled,317.4301014342396,0.31534276005076,True,True,1.0009948702916485,2,312.40453119916987,135.10621626788998,8.05053859544837,6.037903946586277,355.0,welded,1.0,True,thin_c3,1.0063173244310462,40,71,111,0.1876058578491211,0.006483793258666992,0.19408965110778809
e5_ppo_s45_anneal_linear,scale+thin,6.0,30.909090909090907,292.67799548197263,355,rolled,387.43258215097006,0.32375029257993465,True,True,1.0009982699473967,2,350.17592215806786,152.87183143784011,9.056856116662647,6.232558275305705,355.0,welded,1.0,True,thin_c2,1.038759712550951,40,73,113,0.05824708938598633,0.0067980289459228516,0.06504511833190918
e5_ppo_s45_anneal_linear,scale+thin,6.0,41.81818181818181,342.2853688824266,355,rolled,447.05084434972184,0.30607640580536083,True,True,1.0009963607457353,2,378.03484261997687,166.9885285412609,9.922369211584938,6.335760020380435,355.0,welded,1.0,True,thin_c2,1.0559600033967391,40,73,113,0.059287071228027344,0.006561279296875,0.06584835052490234
e5_ppo_s45_anneal_linear,scale+thin,6.0,52.72727272727273,386.25765574493386,355,rolled,500.58042503670623,0.29597541328026306,True,True,1.0009949401621423,2,399.76640286263216,179.33623864428924,10.681203115660994,6.397214196246604,355.0,welded,1.0,True,thin_c2,1.0662023660411006,40,73,113,0.08422565460205078,0.008653402328491211,0.09287905693054199
e5_ppo_s45_anneal_linear,scale+thin,6.0,63.63636363636363,431.68145507497405,355,rolled,549.8671314441308,0.27377983228079683,True,True,1.0009937486388312,2,416.91262188633164,190.6766207151819,11.380709900095908,6.4119038722826085,355.0,welded,1.0,True,thin_c2,1.0686506453804347,40,73,113,0.05711174011230469,0.006407499313354492,0.06351923942565918
e5_ppo_s45_anneal_linear,scale+thin,6.0,74.54545454545453,466.9500019446189,355,rolled,603.6577575452403,0.29276743769418634,True,True,1.0009931478166605,2,420.5760887582849,203.69413896476135,12.178932012388072,6.505432951554007,355.0,welded,1.0,True,thin_c2,1.0842388252590012,40,75,115,0.058103084564208984,0.006772279739379883,0.06487536430358887
e5_ppo_s45_anneal_linear,scale+thin,6.0,85.45454545454545,518.2473353887603,355,rolled,643.2435798954144,0.2411903274194142,True,True,1.000999644548642,2,440.9325796911441,211.55193909109056,12.668756487592912,6.432500371518342,355.0,welded,1.0,True,thin_c2,1.072083395253057,40,74,114,0.05748796463012695,0.00693058967590332,0.06441855430603027
e5_ppo_s45_anneal_linear,scale+thin,6.0,96.36363636363636,549.7256874002802,355,rolled,566.4561497849675,0.03043420158116979,True,True,1.0009796727750822,1,424.46775000813216,201.43380517390742,13.176992509608349,6.784961690301975,355.0,rolled,1.0,True,thin_c1,0.9716873168945312,40,72,112,0.05832982063293457,0.006861209869384766,0.06519103050231934
e5_ppo_s45_anneal_linear,scale+thin,6.0,107.27272727272728,586.6560772595034,355,rolled,605.4153494509347,0.03197660932630776,True,True,1.0009805955678241,1,435.8768195141632,208.99108171195502,13.67661751277961,6.961841755395091,355.0,rolled,1.0,True,thin_c1,0.954132080078125,40,71,111,0.05872011184692383,0.006702423095703125,0.06542253494262695
e5_ppo_s45_anneal_linear,scale+thin,6.0,118.18181818181816,628.4217050081675,355,rolled,730.4603415038359,0.16237287108716636,True,True,1.0009659960739798,1,416.69618369585396,204.3126153479341,15.683513155787894,10.17346690075337,355.0,rolled,1.0,True,scale,0.8793220520019531,40,71,111,0.05673503875732422,0.007717132568359375,0.0644521713256836
e5_ppo_s45_anneal_linear,scale+thin,6.0,129.0909090909091,657.4964976148059,355,rolled,676.1867240370691,0.02842635130387093,True,True,1.0009878692410625,1,558.4892097778334,190.8060639712213,12.299637620995748,9.11739438665222,355.0,rolled,1.0,True,thin_c1,0.9305458068847656,40,71,111,0.05840110778808594,0.006807565689086914,0.06520867347717285
e5_ppo_s45_anneal_linear,scale+thin,6.0,140.0,697.879425726456,355,rolled,790.0858100038814,0.13212366044670734,True,True,1.0009603466558799,1,406.0757416387119,218.23306136851377,17.936234569894403,9.031163856175853,355.0,rolled,1.0,True,scale,0.8718490600585938,40,71,111,0.05709028244018555,0.0075457096099853516,0.0646359920501709
e5_ppo_s45_anneal_linear,scale+thin,6.818181818181818,20.0,317.0885192434045,355,rolled,423.61137342592957,0.3359404321439833,True,True,1.0009924709641655,2,332.18188882181727,151.82864113986437,8.999351778404368,6.120418913468069,355.0,welded,1.0,True,thin_c2,1.0200698189113448,40,71,111,0.06458711624145508,0.006578683853149414,0.07116580009460449
e5_ppo_s45_anneal_linear,scale+thin,6.818181818181818,30.909090909090907,392.6423822212096,355,rolled,516.3885939555884,0.31516264503678004,True,True,1.0009973349558094,2,398.0357425024635,165.96146772496303,9.857906679414697,6.3524100394870935,355.0,welded,1.0,True,thin_c2,1.0587350065811822,40,73,113,0.05787158012390137,0.006520509719848633,0.06439208984375
e5_ppo_s45_anneal_linear,scale+thin,6.818181818181818,41.81818181818181,455.0251859822217,355,rolled,605.3407698128402,0.3303456346183252,True,True,1.0009943103117975,2,392.41064583525474,189.0737858591926,11.278984494229444,6.456101870329484,355.0,welded,1.0,True,thin_c2,1.0760169783882474,40,73,113,0.05944347381591797,0.006772279739379883,0.06621575355529785
e5_ppo_s45_anneal_linear,scale+thin,6.818181818181818,52.72727272727273,519.9507333014534,355,rolled,674.7429945973464,0.2977056312874717,True,True,1.0009992931286629,2,423.9176335352852,200.96862144270753,12.012785281657248,6.4699919327445645,355.0,welded,1.0,True,thin_c2,1.0783319887907608,40,74,114,0.057120323181152344,0.006926536560058594,0.06404685974121094
e5_ppo_s45_anneal_linear,scale+thin,6.818181818181818,63.63636363636363,570.1996303697795,355,rolled,742.5366751008568,0.30223983943889127,True,True,1.0009964215017721,3,484.8973291009647,237.6296731329919,10.167240981632677,7.165201601774795,355.0,welded,1.0,True,thin_c3,1.1942002669624658,40,74,114,0.06045413017272949,0.006580829620361328,0.06703495979309082
e5_ppo_s45_anneal_linear,scale+thin,6.818181818181818,74.54545454545453,645.0378754655677,355,rolled,660.0103770424748,0.02321181770310844,True,True,1.0009980937685667,1,429.93438439069314,203.93858662272743,13.340625813004383,6.872572966336575,355.0,rolled,1.0,True,thin_c1,0.9817008972167969,40,72,112,0.0632474422454834,0.00702214241027832,0.07026958465576172
e5_ppo_s45_anneal_linear,scale+thin,6.818181818181818,85.45454545454545,698.212152166206,355,rolled,717.0087884279869,0.026921095835218962,True,True,1.0009969960927079,1,443.92826422536496,213.61996809323668,13.98140332092837,7.088471265604352,355.0,rolled,1.0,True,thin_c1,0.9662742614746094,40,71,111,0.06406259536743164,0.008832454681396484,0.07289505004882812
e5_ppo_s45_anneal_linear,scale+thin,6.818181818181818,96.36363636363636,733.8166260116295,355,rolled,853.461902091698,0.16304519663223374,True,True,1.000987757383199,2,451.793694285004,229.815018172097,13.637856408850764,6.27734175861919,355.0,rolled,1.0,True,thin_c2,0.99505615234375,40,71,111,0.07383847236633301,0.0075762271881103516,0.08141469955444336
e5_ppo_s45_anneal_linear,scale+thin,6.818181818181818,107.27272727272728,798.4291807439346,355,rolled,908.1636538262596,0.13743795408389284,True,True,1.0009949269232377,1,410.1422131453535,213.1660543819098,18.4067447246134,9.249727041190493,355.0,rolled,1.0,True,scale,0.8818511962890625,40,71,111,0.05988049507141113,0.0068743228912353516,0.06675481796264648
e5_ppo_s45_anneal_linear,scale+thin,6.818181818181818,118.18181818181816,852.2289524013323,460,rolled,959.092913696329,0.12539348844449044,True,True,1.0009915144878434,1,421.81963458406847,224.72605690859766,18.561972370001588,9.336176023446189,355.0,rolled,0.0,True,scale,0.8878707885742188,40,71,111,0.06134438514709473,0.0069427490234375,0.06828713417053223
e5_ppo_s45_anneal_linear,scale+thin,6.818181818181818,129.0909090909091,896.311601431932,355,rolled,1007.0475606981945,0.12354627463189437,True,True,1.0009636065841638,1,431.63988570791025,238.1583981024279,18.600763699942995,9.30731857186148,355.0,rolled,1.0,True,scale,0.8956527709960938,40,71,111,0.05985307693481445,0.012777566909790039,0.07263064384460449
e5_ppo_s45_anneal_linear,scale+thin,6.818181818181818,140.0,931.1411275891702,355,rolled,961.1366739110821,0.03221374873599854,True,True,1.0009968751390836,1,531.0259412165829,242.92711533903528,15.86905287646435,8.511501356673463,355.0,rolled,1.0,True,thin_c1,1.0094835364300274,40,74,114,0.05955815315246582,0.007149696350097656,0.06670784950256348
e5_ppo_s45_anneal_linear,scale+thin,7.636363636363637,20.0,409.6201332461394,355,rolled,547.8325002052662,0.3374159513689613,True,True,1.00099996391464,2,352.2415146561488,167.49796412728472,9.966543222253579,6.129975585937501,355.0,welded,1.0,True,thin_c2,1.0216625976562501,40,72,112,0.06302428245544434,0.0062139034271240234,0.06923818588256836
e5_ppo_s45_anneal_linear,scale+thin,7.636363636363637,30.909090909090907,501.774525145321,355,rolled,674.6419264417746,0.34451211178245594,True,True,1.000999029094646,2,392.8176708227095,189.21958125662152,11.29544737285464,6.335347316576088,355.0,welded,1.0,True,thin_c2,1.055891219429348,40,73,113,0.059403181076049805,0.006450653076171875,0.06585383415222168
e5_ppo_s45_anneal_linear,scale+thin,7.636363636363637,41.81818181818181,593.9298338756057,355,rolled,781.3724927830332,0.3155973116963947,True,True,1.000997894576941,3,461.7448210247503,229.6159692491552,9.81445179654402,7.148295792289403,355.0,welded,1.0,True,thin_c3,1.191382632048234,40,74,114,0.06675076484680176,0.0067675113677978516,0.07351827621459961
e5_ppo_s45_anneal_linear,scale+thin,7.636363636363637,52.72727272727273,675.9362632758116,355,rolled,708.9411602670874,0.04882841590910232,True,True,1.0009639299664228,1,422.3561615885016,199.3829446737529,13.040260061258,6.753895382150957,355.0,rolled,1.0,True,thin_c1,0.9813575744628906,40,72,112,0.06085371971130371,0.011761903762817383,0.0726156234741211
e5_ppo_s45_anneal_linear,scale+thin,7.636363636363637,63.63636363636363,779.5020738899598,355,rolled,791.1576875357629,0.014952639686560337,True,True,1.00096879062521,1,441.1780807261375,211.89463029701673,13.867507559160517,7.045587055786281,355.0,rolled,1.0,True,thin_c1,0.9707717895507812,40,72,112,0.06552910804748535,0.007503032684326172,0.07303214073181152
e5_ppo_s45_anneal_linear,scale+thin,7.636363636363637,74.54545454545453,846.6406079690952,355,rolled,868.476927975501,0.025791722958796334,True,True,1.000999878665773,1,460.77306795602965,222.3731625782498,14.55586550834686,7.35578398937514,355.0,rolled,1.0,True,thin_c1,0.9521636962890625,40,71,111,0.06505274772644043,0.006535053253173828,0.07158780097961426
e5_ppo_s45_anneal_linear,scale+thin,7.636363636363637,85.45454545454545,921.2774310054268,355,rolled,1033.7340574411628,0.12206597345276067,True,True,1.0009705471960901,1,414.79986180567147,212.7752221512961,18.688570065270564,9.35813037489271,355.0,rolled,1.0,True,scale,0.8853416442871094,40,71,111,0.05875205993652344,0.006573200225830078,0.06532526016235352
e5_ppo_s45_anneal_linear,scale+thin,7.636363636363637,96.36363636363636,990.3158107657674,355,rolled,1104.5692879443563,0.11537074934736401,True,True,1.0009752387339224,1,427.999589523521,228.11355826605066,18.818494487519366,9.443476746207729,355.0,rolled,1.0,True,scale,0.8975181579589844,40,71,111,0.0589451789855957,0.006791114807128906,0.06573629379272461
e5_ppo_s45_anneal_linear,scale+thin,7.636363636363637,107.27272727272728,1055.0870687226268,355,rolled,1171.1727535685081,0.11002474420089711,True,True,1.000978498081122,1,440.2321497686959,244.10051096433665,18.850557740594088,9.462619402021236,355.0,rolled,1.0,True,scale,0.9073028564453125,40,71,111,0.05948472023010254,0.0069544315338134766,0.06643915176391602
e5_ppo_s45_anneal_linear,scale+thin,7.636363636363637,118.18181818181816,1088.4839809208006,355,rolled,1239.3634119784456,0.13861428712070606,True,True,1.000969428478509,1,455.3075139760382,255.47091525726108,18.940789037887086,9.80251477289426,355.0,rolled,1.0,True,scale,0.9102783203125,40,71,111,0.0641484260559082,0.007062673568725586,0.07121109962463379
e5_ppo_s45_anneal_linear,scale+thin,7.636363636363637,129.0909090909091,1173.7978050697595,355,rolled,1305.574149919115,0.11226494399648654,True,True,1.0009734117537727,1,469.7812281469232,266.6191581822489,18.971942378517923,10.162408235360834,355.0,rolled,1.0,True,scale,0.9130592346191406,40,71,111,0.06940364837646484,0.007093191146850586,0.07649683952331543
e5_ppo_s45_anneal_linear,scale+thin,7.636363636363637,140.0,1251.7374258469372,355,rolled,1369.2938056408295,0.09391456815661847,True,True,1.0009770357791261,1,485.824419014536,275.0164031982422,19.031468860318363,10.597325627142089,355.0,rolled,1.0,True,scale,0.9167213439941406,40,72,112,0.059778690338134766,0.00725555419921875,0.06703424453735352
e5_ppo_s45_anneal_linear,scale+thin,8.454545454545455,20.0,516.1523336674153,355,rolled,536.6280167866746,0.0396698450896725,True,True,1.0009768163683552,2,347.221615263627,170.23882656001442,10.05152031307384,6.0,355.0,rolled,1.0,True,thin_c2,0.9141120910644531,40,70,110,0.058548927307128906,0.006423473358154297,0.0649724006652832
e5_ppo_s45_anneal_linear,scale+thin,8.454545454545455,30.909090909090907,633.218032838701,355,rolled,657.6660136123435,0.03860910382485916,True,True,1.000958188229621,2,388.16932357693025,192.95100933441805,11.421768999696935,6.0,355.0,rolled,1.0,True,thin_c2,0.9561920166015625,40,70,110,0.06312680244445801,0.006516218185424805,0.06964302062988281
e5_ppo_s45_anneal_linear,scale+thin,8.454545454545455,41.81818181818181,757.3789000305048,355,rolled,796.5895152520976,0.05177146500914337,True,True,1.0009815226910843,1,426.65780128390503,200.562284831963,13.11529265060514,6.824863753065324,355.0,rolled,1.0,True,thin_c1,0.9633216857910156,40,71,111,0.06166815757751465,0.006849527359008789,0.06851768493652344
e5_ppo_s45_anneal_linear,scale+thin,8.454545454545455,52.72727272727273,897.7427828478864,355,rolled,916.225004952494,0.020587436020345375,True,True,1.0009991708349604,1,502.5927148597335,202.40083355827252,13.151656082972588,8.126256520133717,355.0,rolled,1.0,True,thin_c1,1.0240463920261549,40,73,113,0.0648355484008789,0.008030891418457031,0.07286643981933594
e5_ppo_s45_anneal_linear,scale+thin,8.454545454545455,63.63636363636363,969.5859503873623,355,rolled,1103.2049366383615,0.13781035729490157,True,True,1.0009986480756194,2,463.6664013008115,234.0970193995382,13.888819083573239,6.445821660415825,355.0,rolled,1.0,True,thin_c2,1.0063732114045516,40,72,112,0.07784152030944824,0.007329463958740234,0.08517098426818848
e5_ppo_s45_anneal_linear,scale+thin,8.454545454545455,74.54545454545453,1093.1775012217977,355,rolled,1204.8305543093481,0.10213625231287748,True,True,1.000992339375152,1,424.67990498229193,225.03371212130912,18.762039997516634,9.417960540081877,355.0,rolled,1.0,True,scale,0.896453857421875,40,71,111,0.061989784240722656,0.007200479507446289,0.06919026374816895
e5_ppo_s45_anneal_linear,scale+thin,8.454545454545455,85.45454545454545,1181.2789978646645,355,rolled,1296.6842253691066,0.09769514882856127,True,True,1.0009753458069013,1,440.9160821052483,243.1351697098412,18.853480070764515,9.534157177717116,355.0,rolled,1.0,True,scale,0.9092369079589844,40,71,111,0.06317806243896484,0.0068051815032958984,0.06998324394226074
e5_ppo_s45_anneal_linear,scale+thin,8.454545454545455,96.36363636363636,1257.923897819336,355,rolled,1389.9362064541247,0.10494459073687813,True,True,1.0009838358788512,1,459.87572780606894,256.0842170488057,19.01624505850523,9.97622913742865,355.0,rolled,1.0,True,scale,0.9145469665527344,40,71,111,0.06102943420410156,0.007491588592529297,0.06852102279663086
e5_ppo_s45_anneal_linear,scale+thin,8.454545454545455,107.27272727272728,1345.9822136266182,460,rolled,1478.8798224868822,0.09873652676448397,True,True,1.0009693198150122,1,478.0789299934817,268.63443114044924,19.09369951509255,10.416246938570696,355.0,rolled,0.0,True,scale,0.9195594787597656,40,72,112,0.05890369415283203,0.006954193115234375,0.0658578872680664
e5_ppo_s45_anneal_linear,scale+thin,8.454545454545455,118.18181818181816,1418.3994702060834,355,rolled,1562.8712464662653,0.10185549226071781,True,True,1.0009841420056456,1,498.4841975743197,277.57415771484375,19.209522870622937,10.909723491938477,355.0,rolled,1.0,True,scale,0.9252471923828125,40,72,112,0.06535673141479492,0.007253885269165039,0.07261061668395996
e5_ppo_s45_anneal_linear,scale+thin,8.454545454545455,129.0909090909091,1503.943042662674,355,rolled,1632.2611326961714,0.08532111017071169,True,True,1.0009904985001503,1,527.0030765045764,278.33290100097656,19.49168644019786,11.330046383054151,355.0,rolled,1.0,True,scale,0.9277763366699219,40,72,112,0.06475543975830078,0.0074100494384765625,0.07216548919677734
e5_ppo_s45_anneal_linear,scale+thin,8.454545454545455,140.0,1589.050557323039,355,rolled,1738.2335589877466,0.09388184723085574,True,True,1.0009995323415577,3,737.6454497944619,300.0,15.78538745925041,7.3667362378991195,355.0,rolled,1.0,True,thin_c3,1.2277893729831866,40,73,113,0.06760907173156738,0.012140989303588867,0.07975006103515625
e5_ppo_s45_anneal_linear,scale+thin,9.272727272727272,20.0,633.3700898588271,355,rolled,674.4648309050235,0.06488266766016074,True,True,1.000999980099351,1,380.702308710612,174.6966573906587,11.413312073770669,6.100675124272255,355.0,rolled,1.0,True,thin_c1,0.9466934204101562,40,70,110,0.08493208885192871,0.0076944828033447266,0.09262657165527344
e5_ppo_s45_anneal_linear,scale+thin,9.272727272727272,30.909090909090907,801.8071464602682,355,rolled,846.4283005364214,0.055650731317551654,True,True,1.0009623392688287,1,419.8744446482203,197.42945526262167,12.910567129701736,6.716213323737212,355.0,rolled,1.0,True,thin_c1,0.9491539001464844,40,71,111,0.06842446327209473,0.007147073745727539,0.07557153701782227
e5_ppo_s45_anneal_linear,scale+thin,9.272727272727272,41.81818181818181,962.5021253931346,355,rolled,1074.4836147084106,0.11634414757218026,True,True,1.0009956841406602,3,492.09371452136486,246.29695599191848,10.482374322062833,6.592769961149794,355.0,rolled,1.0,True,thin_c3,1.0987949935249657,40,71,111,0.06484341621398926,0.00726771354675293,0.07211112976074219
e5_ppo_s45_anneal_linear,scale+thin,9.272727272727272,52.72727272727273,1070.6846994207378,355,rolled,1225.6478177183715,0.14473272886170113,True,True,1.0009963651411369,3,516.7105604502045,268.2749076525647,11.440012212066856,6.672075009553329,355.0,rolled,1.0,True,thin_c3,1.1120125015922215,40,71,111,0.06894207000732422,0.0073223114013671875,0.0762643814086914
e5_ppo_s45_anneal_linear,scale+thin,9.272727272727272,63.63636363636363,1216.7126656588257,355,rolled,1270.6953850427003,0.044367680971451086,True,True,1.0009923432670338,1,557.7471649142075,229.8582098204841,14.950956866920743,9.004592350738962,355.0,rolled,1.0,True,thin_c1,1.0111193051545522,40,73,113,0.05526089668273926,0.004047393798828125,0.05930829048156738
e5_ppo_s45_anneal_linear,scale+thin,9.272727272727272,74.54545454545453,1356.4151141978043,355,rolled,1480.2614105136288,0.09130412586788983,True,True,1.0009861826019542,1,453.71296798692674,250.90532458076825,18.844026669237046,9.825189124551665,355.0,rolled,1.0,True,scale,0.9112052917480469,40,71,111,0.04468083381652832,0.0051441192626953125,0.04982495307922363
e5_ppo_s45_anneal_linear,scale+thin,9.272727272727272,85.45454545454545,1422.5235716023028,355,rolled,1598.6201109413087,0.123791649470282,True,True,1.0009801431297418,1,476.78967934519596,265.4127715741076,19.01176630680632,10.335001698611487,355.0,rolled,1.0,True,scale,0.9190216064453125,40,72,112,0.0449826717376709,0.004068613052368164,0.04905128479003906
e5_ppo_s45_anneal_linear,scale+thin,9.272727272727272,96.36363636363636,1530.0841209322955,355,rolled,1709.5513548737003,0.11729239685988878,True,True,1.0009780466994473,1,500.11770944942754,278.09600830078125,19.118338709980588,10.842788784163075,355.0,rolled,1.0,True,scale,0.9269866943359375,40,72,112,0.04244279861450195,0.004163503646850586,0.04660630226135254
e5_ppo_s45_anneal_linear,scale+thin,9.272727272727272,107.27272727272728,1647.0835657255905,355,rolled,1803.0276831414865,0.09467893473103649,True,True,1.000997092830629,1,534.1698426509746,279.42466735839844,19.50402866447782,11.303364951101473,355.0,rolled,1.0,True,scale,0.9314155578613281,40,72,112,0.0426788330078125,0.004033565521240234,0.046712398529052734
e5_ppo_s45_anneal_linear,scale+thin,9.272727272727272,118.18181818181816,1794.0191544704012,355,rolled,1955.3548213228248,0.08992973483610898,True,True,1.000968688658657,1,580.6291167622974,284.66033935546875,20.358113267446374,11.668976095948713,355.0,rolled,1.0,True,scale,0.9488677978515625,40,73,113,0.04273557662963867,0.0042760372161865234,0.047011613845825195
e5_ppo_s45_anneal_linear,scale+thin,9.272727272727272,129.0909090909091,1876.6125693849333,355,rolled,1912.1941501880065,0.01896053633208647,True,True,1.0009690056057778,1,640.39077843179,294.31800842285156,19.229590622610417,10.260961822010783,355.0,rolled,1.0,True,thin_c1,0.9810600280761719,40,74,114,0.04287147521972656,0.004498481750488281,0.047369956970214844
e5_ppo_s45_anneal_linear,scale+thin,9.272727272727272,140.0,1975.8458780810136,355,rolled,1999.6599031556018,0.012052572186306842,True,True,1.0009912386964193,1,680.9633722379475,293.81675720214844,19.148328366116502,10.960106232767947,355.0,rolled,1.0,True,thin_c1,0.9793891906738281,40,75,115,0.042221784591674805,0.004209041595458984,0.04643082618713379
e5_ppo_s45_anneal_linear,scale+thin,10.09090909090909,20.0,771.2799576046779,355,rolled,828.0089863376794,0.07355179941299368,True,True,1.0009834945938423,1,395.40153828410104,187.87345034391626,12.290500607021393,6.319751558205877,355.0,rolled,1.0,True,thin_c1,0.9124641418457031,40,70,110,0.04344964027404785,0.004067659378051758,0.04751729965209961
e5_ppo_s45_anneal_linear,scale+thin,10.09090909090909,30.909090909090907,964.7090665866748,355,rolled,1168.6020769649622,0.21135181314269166,True,True,1.0009978291791406,3,495.5836088639598,243.57939479136576,10.35530891074974,6.7808587646484355,355.0,rolled,1.0,True,thin_c3,1.130143127441406,40,72,112,0.044173240661621094,0.004013538360595703,0.0481867790222168
e5_ppo_s45_anneal_linear,scale+thin,10.09090909090909,41.81818181818181,1147.2574547707825,355,rolled,1307.3828351001105,0.13957231627779695,True,True,1.0009996692723886,3,505.53467375125837,266.98933735150746,11.3888829338321,6.5556961192255425,355.0,rolled,1.0,True,thin_c3,1.0926160198709238,40,71,111,0.0429837703704834,0.004004478454589844,0.04698824882507324
e5_ppo_s45_anneal_linear,scale+thin,10.09090909090909,52.72727272727273,1318.1429375417918,355,rolled,1476.0699117369384,0.1198102039598718,True,True,1.0009745537654091,1,432.6488339450622,238.02222924905502,18.32987394362155,9.30441506037808,355.0,rolled,1.0,True,scale,0.8982391357421875,40,71,111,0.04355764389038086,0.004037380218505859,0.04759502410888672
e5_ppo_s45_anneal_linear,scale+thin,10.09090909090909,63.63636363636363,1473.4968374975142,355,rolled,1636.3761522773705,0.1105393039434542,True,True,1.0009753159244086,1,462.43621276831993,255.5281629843081,18.684290492699944,9.902790999806786,355.0,rolled,1.0,True,scale,0.9100151062011719,40,71,111,0.043354034423828125,0.003979206085205078,0.0473332405090332
e5_ppo_s45_anneal_linear,scale+thin,10.09090909090909,74.54545454545453,1593.8205978972342,355,rolled,1783.4750876105165,0.11899362447912777,True,True,1.000993986819849,1,490.6139427840557,271.92345125916586,18.86608451185522,10.454330550229244,355.0,rolled,1.0,True,scale,0.9203376770019531,40,72,112,0.04512214660644531,0.004616737365722656,0.04973888397216797
e5_ppo_s45_anneal_linear,scale+thin,10.09090909090909,85.45454545454545,1744.078619322344,355,rolled,1915.782667716065,0.09844971808692664,True,True,1.0009840789054125,1,526.3604191898655,278.84788513183594,19.248004739883118,11.012696365045027,355.0,rolled,1.0,True,scale,0.9294929504394531,40,72,112,0.058429718017578125,0.004245758056640625,0.06267547607421875
e5_ppo_s45_anneal_linear,scale+thin,10.09090909090909,96.36363636363636,1930.113776773892,355,rolled,2112.5081326362565,0.09449927670441764,True,True,1.0009865094273047,1,580.4417325981591,285.30921936035156,20.292531276994804,11.45107666980785,355.0,rolled,1.0,True,scale,0.9510307312011719,40,73,113,0.0425868034362793,0.004128932952880859,0.046715736389160156
e5_ppo_s45_anneal_linear,scale+thin,10.09090909090909,107.27272727272728,2067.605711285596,355,rolled,2099.032981083461,0.01519983700292842,True,True,1.0009906752116902,1,645.2742561905557,295.0389862060547,19.272836831827792,10.343112148657275,355.0,rolled,1.0,True,thin_c1,0.9834632873535156,40,74,114,0.044739723205566406,0.004270792007446289,0.049010515213012695
e5_ppo_s45_anneal_linear,scale+thin,10.09090909090909,118.18181818181816,2170.353625378734,355,rolled,2217.7737718118383,0.021849041501165286,True,True,1.0009829445059333,1,692.3600456846838,295.2106475830078,19.229660982564237,11.152561633800856,355.0,rolled,1.0,True,thin_c1,0.9840354919433594,40,75,115,0.04402446746826172,0.004297971725463867,0.048322439193725586
e5_ppo_s45_anneal_linear,scale+thin,10.09090909090909,129.0909090909091,2307.5736162550616,355,rolled,2338.6089459557247,0.013449334609324447,True,True,1.0009926134349734,1,736.5726374460035,295.49217224121094,19.197287051355048,11.912309851993312,355.0,rolled,1.0,True,thin_c1,0.9849739074707031,40,75,115,0.04256796836853027,0.004347801208496094,0.04691576957702637
e5_ppo_s45_anneal_linear,scale+thin,10.09090909090909,140.0,2443.406284429296,355,rolled,2457.913010737091,0.005937091346715279,True,True,1.0009997398362727,1,750.0,300.0,20.15341927183926,12.080185429760006,355.0,rolled,1.0,True,thin_c2,1.1413808275305706,40,77,117,0.04384779930114746,0.0044291019439697266,0.04827690124511719
e5_ppo_s45_anneal_linear,scale+thin,10.90909090909091,20.0,939.0466900997784,355,rolled,1087.4544663550973,0.1580408917042771,True,True,1.0009680061190074,3,590.6772608707065,208.00656145355563,8.836221024700459,6.0,355.0,rolled,1.0,True,thin_c3,0.9909248352050781,40,52,92,0.04332399368286133,0.0028846263885498047,0.04620862007141113
e5_ppo_s45_anneal_linear,scale+thin,10.90909090909091,30.909090909090907,1197.1649157491154,355,rolled,1316.5899381732236,0.09975653383508908,True,True,1.0009982301158222,3,502.58144442801046,254.1723915525636,10.83261589039416,6.4591068699048915,355.0,rolled,1.0,True,thin_c3,1.0765178116508152,40,70,110,0.04239034652709961,0.005034208297729492,0.0474245548248291
e5_ppo_s45_anneal_linear,scale+thin,10.90909090909091,41.81818181818181,1403.509472950396,355,rolled,1564.3201836978287,0.11457757417866479,True,True,1.0009772351249009,1,431.0541886996952,237.27862284932178,18.035734835021497,9.13166833706283,355.0,rolled,1.0,True,scale,0.8934440612792969,40,70,110,0.04822373390197754,0.00425410270690918,0.05247783660888672
e5_ppo_s45_anneal_linear,scale+thin,10.90909090909091,52.72727272727273,1588.7457907355176,355,rolled,1751.3631998062563,0.10235583944203817,True,True,1.000995334255602,1,465.78995040760486,256.48696675651024,18.390146163409128,9.75927286990165,355.0,rolled,1.0,True,scale,0.9048995971679688,40,71,111,0.04425454139709473,0.004300594329833984,0.04855513572692871
e5_ppo_s45_anneal_linear,scale+thin,10.90909090909091,63.63636363636363,1789.9941201560932,355,rolled,1934.509429006573,0.08073507461459017,True,True,1.0009732532006625,1,499.5476218993908,275.4112243652344,18.624498472503895,10.352699099121295,355.0,rolled,1.0,True,scale,0.9180374145507812,40,72,112,0.04492378234863281,0.004190206527709961,0.04911398887634277
e5_ppo_s45_anneal_linear,scale+thin,10.90909090909091,74.54545454545453,1942.2808212955651,355,rolled,2092.120672346238,0.07714633713508254,True,True,1.0009988572622208,1,548.6434728055294,278.4290313720703,19.270065989711927,10.86033605694613,355.0,rolled,1.0,True,scale,0.9280967712402344,40,72,112,0.043322086334228516,0.004074811935424805,0.04739689826965332
e5_ppo_s45_anneal_linear,scale+thin,10.90909090909091,85.45454545454545,2177.190622234541,355,rolled,2221.5832578485315,0.020389870854959167,True,True,1.0009975336151957,1,630.4743293059039,294.02618408203125,19.221331269876448,10.091143580478668,355.0,rolled,1.0,True,thin_c1,0.9800872802734375,40,74,114,0.044020891189575195,0.004976987838745117,0.04899787902832031
e5_ppo_s45_anneal_linear,scale+thin,10.90909090909091,96.36363636363636,2344.698716886334,355,rolled,2379.407746318109,0.014803193767200582,True,True,1.0009846863304137,1,685.1095325868836,295.4132080078125,19.251851145685656,11.027331814687772,355.0,rolled,1.0,True,thin_c1,0.984710693359375,40,75,115,0.04243278503417969,0.004439830780029297,0.046872615814208984
e5_ppo_s45_anneal_linear,scale+thin,10.90909090909091,107.27272727272728,2499.121791022924,355,rolled,2539.1490751188185,0.016016539986036825,True,True,1.000973867238655,1,737.2267825113372,296.4191436767578,19.259438588233294,11.92118674325441,355.0,rolled,1.0,True,thin_c1,0.9880638122558594,40,75,115,0.043797969818115234,0.0045468807220458984,0.04834485054016113
e5_ppo_s45_anneal_linear,scale+thin,10.90909090909091,118.18181818181816,2669.547168301596,355,rolled,2677.6927355551584,0.0030512917510069435,True,True,1.0009989374409383,2,750.0,300.0,20.87194165231321,11.720985743727878,355.0,rolled,1.0,True,thin_c3,1.6300236909285835,40,77,117,0.04332566261291504,0.004266262054443359,0.0475919246673584
e5_ppo_s45_anneal_linear,scale+thin,10.90909090909091,129.0909090909091,2855.841135487434,355,rolled,2920.9264507680396,0.022790243642000423,True,True,1.0009986849863288,1,750.0,300.0,22.81786991225499,12.813754101026587,355.0,rolled,1.0,True,thin_c3,1.7819937001103936,40,80,120,0.04275107383728027,0.00448155403137207,0.047232627868652344
e5_ppo_s45_anneal_linear,scale+thin,10.90909090909091,140.0,3078.8301843712,460,rolled,3163.025913002111,0.02734666207259699,True,True,1.0009979474528612,1,750.0,300.0,24.763471541114264,13.906339033210834,355.0,rolled,0.0,True,thin_c3,1.9339382005774461,40,83,123,0.04205775260925293,0.005081653594970703,0.04713940620422363
e5_ppo_s45_anneal_linear,scale+thin,11.727272727272728,20.0,1117.8784812198996,355,rolled,1200.0120642608802,0.07347272930001404,True,True,1.0009616340131267,1,436.5772596902044,211.05273521846573,13.815725612220314,6.968608256704439,355.0,rolled,1.0,True,thin_c1,0.9478721618652344,40,70,110,0.04354453086853027,0.004677534103393555,0.04822206497192383
e5_ppo_s45_anneal_linear,scale+thin,11.727272727272728,30.909090909090907,1399.1707585826318,355,rolled,1560.5946763806244,0.11537113451507228,True,True,1.0009944268811821,3,504.5596910871452,274.8645626190491,11.743499995008495,6.321766782014268,355.0,rolled,1.0,True,thin_c3,1.053627797002378,40,70,110,0.045174360275268555,0.00448298454284668,0.049657344818115234
e5_ppo_s45_anneal_linear,scale+thin,11.727272727272728,41.81818181818181,1658.320920880548,355,rolled,1818.5487648620601,0.09662052861060995,True,True,1.0009842875394532,1,462.2662859590615,253.6771017293545,18.01285182630596,9.42514339447247,355.0,rolled,1.0,True,scale,0.8966140747070312,40,70,110,0.05034923553466797,0.007907629013061523,0.05825686454772949
e5_ppo_s45_anneal_linear,scale+thin,11.727272727272728,52.72727272727273,1896.895430152976,355,rolled,2041.4934671622962,0.07622878663251305,True,True,1.0009773803261277,1,503.3938811475023,273.5572814941406,18.39893158544478,10.079046004868559,355.0,rolled,1.0,True,scale,0.9118576049804688,40,71,111,0.05311751365661621,0.004563093185424805,0.057680606842041016
e5_ppo_s45_anneal_linear,scale+thin,11.727272727272728,63.63636363636363,2122.483987052358,355,rolled,2352.3556973745085,0.10830315409888655,True,True,1.0009735168419047,1,577.1185851293465,283.5376739501953,19.833394932529096,10.737831514210624,355.0,rolled,1.0,True,scale,0.9451255798339844,40,72,112,0.04149818420410156,0.0041239261627197266,0.04562211036682129
e5_ppo_s45_anneal_linear,scale+thin,11.727272727272728,74.54545454545453,2414.680044837911,355,rolled,2449.1583946302035,0.014278641125146275,True,True,1.0009860622032005,1,654.5304883863986,293.4837341308594,19.156504519981425,10.506306065009573,355.0,rolled,1.0,True,thin_c1,0.9782791137695312,40,74,114,0.04212760925292969,0.004427194595336914,0.0465548038482666
e5_ppo_s45_anneal_linear,scale+thin,11.727272727272728,85.45454545454545,2607.2244497923484,355,rolled,2657.5845744299895,0.019315607692177023,True,True,1.0009831735235082,1,716.9001250397927,295.69129943847656,19.233708312581097,11.57342683971803,355.0,rolled,1.0,True,thin_c1,0.9856376647949219,40,75,115,0.042615652084350586,0.004194974899291992,0.04681062698364258
e5_ppo_s45_anneal_linear,scale+thin,11.727272727272728,96.36363636363636,2809.399526814627,460,rolled,2858.4562336212225,0.01746163418138591,True,True,1.0009981440108138,1,750.0,300.0,20.167601346526652,12.088686324310583,355.0,rolled,0.0,True,thin_c2,1.1421840236497962,40,77,117,0.04407238960266113,0.004431247711181641,0.04850363731384277
e5_ppo_s45_anneal_linear,scale+thin,11.727272727272728,107.27272727272728,3054.1802093068686,355,rolled,3126.8031303800335,0.02377820432856721,True,True,1.0009990987757718,1,750.0,300.0,22.719477925931837,12.758500445750855,355.0,rolled,1.0,True,thin_c3,1.7743096393087634,40,80,120,0.04220175743103027,0.004575014114379883,0.046776771545410156
e5_ppo_s45_anneal_linear,scale+thin,11.727272727272728,118.18181818181816,3357.8991517305085,355,rolled,3433.998425570215,0.022662763353237875,True,True,1.000999639981237,1,750.0,300.0,25.016388488554146,14.048368748732825,355.0,rolled,1.0,True,thin_c3,1.9536901059358018,40,83,123,0.04984331130981445,0.006430625915527344,0.0562739372253418
e5_ppo_s45_anneal_linear,scale+thin,11.727272727272728,129.0909090909091,3564.383823711408,460,rolled,3738.592655504107,0.04887488003783625,True,True,1.0009998842953545,1,750.0,300.0,27.30604096018118,15.334161150082407,355.0,rolled,0.0,True,thin_c3,2.1325037417204484,40,85,125,0.0445246696472168,0.005045413970947266,0.04957008361816406
e5_ppo_s45_anneal_linear,scale+thin,11.727272727272728,140.0,3755.070343632353,460,rolled,4096.9333102571445,0.09104036285352271,True,True,1.0009995764504307,1,750.0,300.0,29.214584214942043,17.51154927153914,355.0,rolled,0.0,True,thin_c2,1.6545562744140625,40,71,111,0.04456138610839844,0.004746913909912109,0.04930830001831055
e5_ppo_s45_anneal_linear,scale+thin,12.545454545454549,20.0,1307.1994834284806,355,rolled,1443.089108611959,0.1039547727077367,True,True,1.0009943369291596,3,477.5054368626451,252.9648374072045,10.79890461549993,6.02244045091712,355.0,rolled,1.0,True,thin_c3,1.0037400751528534,40,70,110,0.050889015197753906,0.005461215972900391,0.0563502311706543
e5_ppo_s45_anneal_linear,scale+thin,12.545454545454549,30.909090909090907,1673.5520688887286,355,rolled,1811.023053996308,0.08214323752643245,True,True,1.0009999754476857,3,528.2078928863383,289.30309657228617,12.378626070426522,6.2366466223675285,355.0,rolled,1.0,True,thin_c3,1.0394411037279214,40,70,110,0.05267643928527832,0.005304574966430664,0.057981014251708984
e5_ppo_s45_anneal_linear,scale+thin,12.545454545454549,41.81818181818181,1957.4303873162305,355,rolled,2085.897499353411,0.06563048825113917,True,True,1.0009607105198737,1,495.58147587103826,269.6674346923828,17.994949960537603,9.57577553759932,355.0,rolled,1.0,True,scale,0.8988914489746094,40,71,111,0.0449519157409668,0.004163265228271484,0.04911518096923828
e5_ppo_s45_anneal_linear,scale+thin,12.545454545454549,52.72727272727273,2222.5772160497027,355,rolled,2376.8978926539144,0.06943321270902504,True,True,1.0009778869719193,1,593.5034828899509,287.3210906982422,18.809307632116564,9.472410534094983,355.0,rolled,1.0,True,thin_c1,0.9577369689941406,40,72,112,0.04268240928649902,0.004582405090332031,0.047264814376831055
e5_ppo_s45_anneal_linear,scale+thin,12.545454545454549,63.63636363636363,2552.3230156844406,355,rolled,2647.985995724184,0.03748074967466052,True,True,1.0009808434047864,1,667.7545167644781,292.3576354980469,19.064678617573986,10.736647876755066,355.0,rolled,1.0,True,thin_c1,0.9745254516601562,40,74,114,0.042676687240600586,0.004347085952758789,0.047023773193359375
e5_ppo_s45_anneal_linear,scale+thin,12.545454545454549,74.54545454545453,2864.0220557743514,355,rolled,2888.9170243948206,0.008692310371799239,True,True,1.0009914518243281,2,737.3571295672198,296.649169921875,19.298556250927568,11.573371903901611,355.0,rolled,1.0,True,thin_c1,0.98883056640625,40,75,115,0.04412221908569336,0.0043108463287353516,0.04843306541442871
e5_ppo_s45_anneal_linear,scale+thin,12.545454545454549,85.45454545454545,3136.2352005841685,355,rolled,3176.707758223822,0.01290482219959619,True,True,1.0009987551155044,1,750.0,300.0,21.54826465565997,12.100786167301367,355.0,rolled,1.0,True,thin_c3,1.6828420887822686,40,80,120,0.04138970375061035,0.0045506954193115234,0.045940399169921875
e5_ppo_s45_anneal_linear,scale+thin,12.545454545454549,96.36363636363636,3474.753399293351,355,rolled,3562.8890977016035,0.025364590887565295,True,True,1.0009995427330693,1,750.0,300.0,24.241357911232665,13.613137446398758,355.0,rolled,1.0,True,thin_c3,1.8931630010190217,40,82,122,0.0428004264831543,0.004507303237915039,0.047307729721069336
e5_ppo_s45_anneal_linear,scale+thin,12.545454545454549,107.27272727272728,3810.945853911128,460,rolled,3943.7911815809894,0.03485888615644432,True,True,1.0009995986765015,1,750.0,300.0,26.914246761841113,15.114142606063865,355.0,rolled,0.0,True,thin_c3,2.1019060217815895,40,85,125,0.041768789291381836,0.0050220489501953125,0.04679083824157715
e5_ppo_s45_anneal_linear,scale+thin,12.545454545454549,118.18181818181816,4051.8868674716473,460,rolled,4382.001843844864,0.08147191349871193,True,True,1.0009985407266992,1,750.0,300.0,29.209309337820706,17.50838745106133,355.0,rolled,0.0,True,thin_c2,1.6542575338612433,40,71,111,0.04454541206359863,0.004559993743896484,0.04910540580749512
e5_ppo_s45_anneal_linear,scale+thin,12.545454545454549,129.0909090909091,4389.083655555064,460,rolled,4732.456658148964,0.07823341488588596,True,True,1.0009779795097793,1,734.7650527954102,293.90602111816406,34.28903579711914,17.785644350746484,355.0,rolled,0.0,True,scale,0.9796867370605469,40,71,111,0.042621612548828125,0.004069805145263672,0.0466914176940918
e5_ppo_s45_anneal_linear,scale+thin,12.545454545454549,140.0,4731.036754406592,460,rolled,5074.724651367376,0.07264536607978488,True,True,1.0009789017780888,1,748.6953735351562,299.4781494140625,34.939117431640625,19.72801705695887,355.0,rolled,0.0,True,scale,0.998260498046875,40,73,113,0.05544638633728027,0.004252910614013672,0.059699296951293945
e5_ppo_s45_anneal_linear,scale+thin,13.363636363636363,20.0,1553.9456704912225,355,rolled,1665.2776306410583,0.07164469277400305,True,True,1.0009643997424238,3,496.929130147095,265.93655491904536,11.371129746570102,6.0,355.0,rolled,1.0,True,thin_c3,0.9848136901855469,40,69,109,0.04180455207824707,0.004584312438964844,0.046388864517211914
e5_ppo_s45_anneal_linear,scale+thin,13.363636363636363,30.909090909090907,2055.764041961098,355,rolled,2084.6881193632967,0.014069745754773754,True,True,1.0009960983828647,3,556.1062549460006,300.0,13.097077309776049,6.179629012398096,355.0,rolled,1.0,True,thin_c3,1.029938168733016,40,70,110,0.0426640510559082,0.0043718814849853516,0.047035932540893555
e5_ppo_s45_anneal_linear,scale+thin,13.363636363636363,41.81818181818181,2295.1327804460216,355,rolled,2444.252360291624,0.06497209273296312,True,True,1.0009607614881697,1,581.0968091070396,282.80982971191406,18.51757622251672,9.27056850448761,355.0,rolled,1.0,True,thin_c1,0.9426994323730469,40,71,111,0.04180431365966797,0.0052187442779541016,0.04702305793762207
e5_ppo_s45_anneal_linear,scale+thin,13.363636363636363,52.72727272727273,2698.233573079863,355,rolled,2786.3618514257646,0.03266147127704314,True,True,1.0009980036306039,2,670.5431404172688,289.7449493408203,18.89344197502098,10.65344743733731,355.0,rolled,1.0,True,thin_c1,0.9658164978027344,40,73,113,0.042815208435058594,0.004123210906982422,0.046938419342041016
e5_ppo_s45_anneal_linear,scale+thin,13.363636363636363,63.63636363636363,3099.504449257762,355,rolled,3122.9904702532062,0.007577347082391911,True,True,1.000961631096731,2,742.060661315918,296.8242645263672,19.28780966982765,11.907213626294016,355.0,rolled,1.0,True,thin_c1,0.9894142150878906,40,75,115,0.04128146171569824,0.0043528079986572266,0.04563426971435547
e5_ppo_s45_anneal_linear,scale+thin,13.363636363636363,74.54545454545453,3409.0278837627866,355,rolled,3973.377349034564,0.16554557032512876,True,True,1.0009990940930724,2,750.0,300.0,22.84857146544534,10.662988148564876,355.0,rolled,1.0,True,thin_c3,1.7771646914274795,40,81,121,0.0470576286315918,0.004855155944824219,0.051912784576416016
e5_ppo_s45_anneal_linear,scale+thin,13.363636363636363,85.45454545454545,3859.8972334468967,355,rolled,3960.543397006665,0.026074829839418074,True,True,1.0009992380707649,1,750.0,300.0,25.328231552550502,14.223489404404011,355.0,rolled,1.0,True,thin_c3,1.9780439293902856,40,83,123,0.044535160064697266,0.004994630813598633,0.0495297908782959
e5_ppo_s45_anneal_linear,scale+thin,13.363636363636363,96.36363636363636,4245.414696419247,460,rolled,4492.455234747967,0.05818996635053901,True,True,1.0009986930000287,1,750.0,300.0,28.074516108130673,16.828179668246484,355.0,rolled,0.0,True,thin_c2,1.5899889738663382,40,69,109,0.04212236404418945,0.004046440124511719,0.04616880416870117
e5_ppo_s45_anneal_linear,scale+thin,13.363636363636363,107.27272727272728,4631.739739142465,460,rolled,4954.359423261022,0.06965410456725885,True,True,1.0009989140326152,1,750.0,300.0,31.070940338267857,18.624269941457662,355.0,rolled,0.0,True,thin_c2,1.7596902598505433,40,71,111,0.04206562042236328,0.004083871841430664,0.046149492263793945
e5_ppo_s45_anneal_linear,scale+thin,13.363636363636363,118.18181818181816,5063.816158705762,460,rolled,5240.900524435867,0.03497053608979457,True,True,1.0009742430401567,1,749.6738433837891,299.8695373535156,34.984779357910156,18.082606555255847,355.0,rolled,0.0,True,scale,0.9995651245117188,40,73,113,0.04158282279968262,0.00433039665222168,0.0459132194519043
e5_ppo_s45_anneal_linear,scale+thin,13.363636363636363,129.0909090909091,5459.024045280959,460,rolled,5695.357273820734,0.043292212413695505,True,True,1.000999226998013,1,750.0,300.0,31.914463362368057,19.116065322088307,460.0,rolled,1.0,True,thin_c2,1.5981200508449387,40,69,109,0.041614532470703125,0.004072904586791992,0.04568743705749512
e5_ppo_s45_anneal_linear,scale+thin,13.363636363636363,140.0,5943.747564514266,460,rolled,11099.245773678975,0.8673817575874836,True,True,1.0009777448853414,2,719.4271087646484,287.7708435058594,33.573265075683594,13.786192272544605,690.0,rolled,0.0,True,scale,0.9592361450195312,40,80,120,0.042523860931396484,0.005109548568725586,0.04763340950012207
e5_ppo_s45_anneal_linear,scale+thin,14.181818181818182,20.0,1796.9028968466985,355,rolled,1902.7096167645902,0.05888282561265112,True,True,1.0009612809040762,3,522.4105600225187,277.27500132258325,11.870616546212595,6.0,355.0,rolled,1.0,True,thin_c3,0.9708976745605469,40,69,109,0.04373002052307129,0.004567384719848633,0.04829740524291992
e5_ppo_s45_anneal_linear,scale+thin,14.181818181818182,30.909090909090907,2224.07150895444,355,rolled,2474.4625957750154,0.11258230043974028,True,True,1.0009943388463929,1,542.6912055481724,269.8150634765625,18.648169022354708,9.378866453762734,355.0,rolled,1.0,True,scale,0.899383544921875,40,71,111,0.0435938835144043,0.004195451736450195,0.04778933525085449
e5_ppo_s45_anneal_linear,scale+thin,14.181818181818182,41.81818181818181,2615.0382292659383,355,rolled,2854.1456124499646,0.0914355210979633,True,True,1.000966054763193,2,660.4504838366921,284.4371795654297,18.546851542988282,10.465467076830198,355.0,rolled,1.0,True,thin_c1,0.9481239318847656,40,72,112,0.04572653770446777,0.004152774810791016,0.04987931251525879
e5_ppo_s45_anneal_linear,scale+thin,14.181818181818182,52.72727272727273,3202.0654799770145,355,rolled,3284.4625104124334,0.02573246267156608,True,True,1.0009912299423989,1,737.5373840332031,295.01495361328125,19.163775047403984,11.930126248769016,355.0,rolled,1.0,True,thin_c1,0.9833831787109375,40,75,115,0.042902231216430664,0.004737138748168945,0.04763936996459961
e5_ppo_s45_anneal_linear,scale+thin,14.181818181818182,63.63636363636363,3623.765744949169,355,rolled,3711.644222640387,0.02425059561692244,True,True,1.0009978222754883,1,750.0,300.0,22.290465623366273,12.51758145670398,355.0,rolled,1.0,True,thin_c3,1.7408053190811819,40,80,120,0.043082475662231445,0.004639387130737305,0.04772186279296875
e5_ppo_s45_anneal_linear,scale+thin,14.181818181818182,74.54545454545453,4194.266016339479,355,rolled,4258.194511625148,0.01524187904072474,True,True,1.0009990818448622,1,750.0,300.0,26.001274545849434,14.14520928693083,355.0,rolled,1.0,True,thin_c3,2.0290853749150823,40,85,125,0.044438838958740234,0.004941225051879883,0.04938006401062012
e5_ppo_s45_anneal_linear,scale+thin,14.181818181818182,85.45454545454545,4665.282330709234,460,rolled,4927.439269850034,0.05619315628877408,True,True,1.0009999278372583,1,750.0,300.0,29.04976568319006,17.412755196003758,355.0,rolled,0.0,True,thin_c2,1.6452218428902003,40,70,110,0.0428311824798584,0.004328727722167969,0.04715991020202637
e5_ppo_s45_anneal_linear,scale+thin,14.181818181818182,96.36363636363636,5186.697126154381,460,rolled,5396.771613832486,0.04050255539672546,True,True,1.0009664505264348,1,738.6531829833984,295.4612731933594,34.470481872558594,17.792846268484638,355.0,rolled,0.0,True,scale,0.9848709106445312,40,72,112,0.04412841796875,0.004614591598510742,0.04874300956726074
e5_ppo_s45_anneal_linear,scale+thin,14.181818181818182,107.27272727272728,5684.871516431859,460,rolled,5842.897571480743,0.0277976475971562,True,True,1.0009995917360912,1,750.0,300.0,31.65603166317175,17.763678926610712,460.0,rolled,1.0,True,thin_c3,2.18153540569803,40,85,125,0.05436277389526367,0.004839420318603516,0.05920219421386719
e5_ppo_s45_anneal_linear,scale+thin,14.181818181818182,118.18181818181816,6186.248050426683,460,rolled,9738.372752641044,0.5741969402551456,True,True,1.0009990286420614,1,750.0,300.0,32.01204307694168,17.95305052253456,550.0,rolled,0.0,True,thin_c3,2.0244221562924594,40,85,125,0.04227757453918457,0.005237579345703125,0.047515153884887695
e5_ppo_s45_anneal_linear,scale+thin,14.181818181818182,129.0909090909091,8947.780102569574,500,rolled,12774.704738577871,0.4276954274847795,True,True,1.0009839966168166,2,735.3744506835938,294.1497802734375,34.317474365234375,15.499491309825794,690.0,rolled,0.0,True,scale,0.980499267578125,14,82,96,0.014711141586303711,0.0048139095306396484,0.01952505111694336
e5_ppo_s45_anneal_linear,scale+thin,14.181818181818182,140.0,12705.653958132376,620,rolled,14204.49663835005,0.11796659071281615,True,True,1.0009981525160974,1,750.0,300.0,34.25807915455841,19.196934231135458,690.0,rolled,0.0,True,thin_c3,1.9434879468834918,8,83,91,0.008326053619384766,0.004718780517578125,0.01304483413696289
e5_ppo_s45_anneal_linear,scale+thin,15.0,20.0,2057.2483346770277,355,rolled,2142.6360244421767,0.04150577658800446,True,True,1.0009716202927477,3,566.7385763606553,284.6179707585598,12.191742991168812,6.0,355.0,rolled,1.0,True,thin_c3,0.9708404541015625,40,69,109,0.04409527778625488,0.003978729248046875,0.04807400703430176
e5_ppo_s45_anneal_linear,scale+thin,15.0,30.909090909090907,2565.283454586496,355,rolled,2800.4368511099437,0.0916676073761028,True,True,1.000999008622984,2,626.353464396005,276.1802673339844,18.02146696181992,9.969468502425592,355.0,rolled,1.0,True,thin_c1,0.9206008911132812,40,71,111,0.04293990135192871,0.0041429996490478516,0.04708290100097656
e5_ppo_s45_anneal_linear,scale+thin,15.0,41.81818181818181,3234.6725939942403,355,rolled,3351.0247526960593,0.035970304666335634,True,True,1.000971407736959,1,724.3709564208984,289.7483825683594,18.821665667724595,11.717151087020559,355.0,rolled,1.0,True,thin_c1,0.9658279418945312,40,74,114,0.04487013816833496,0.005784749984741211,0.05065488815307617
e5_ppo_s45_anneal_linear,scale+thin,15.0,52.72727272727273,3765.638206814382,355,rolled,3809.15893909612,0.011557332354176162,True,True,1.0009997446136139,1,750.0,300.0,21.670798359158862,12.088357750295716,355.0,rolled,1.0,True,thin_c1,1.1073553732167123,40,80,120,0.04588723182678223,0.004717111587524414,0.05060434341430664
e5_ppo_s45_anneal_linear,scale+thin,15.0,63.63636363636363,4414.262908667717,355,rolled,4511.23927057667,0.0219688686232378,True,True,1.0009997108891502,1,750.0,300.0,25.779063090337914,14.386861991994055,355.0,rolled,1.0,True,thin_c1,1.3173062531844426,40,84,124,0.043564796447753906,0.0052607059478759766,0.04882550239562988
e5_ppo_s45_anneal_linear,scale+thin,15.0,74.54545454545453,5055.036012019389,460,rolled,5275.592121054524,0.043630966923028286,True,True,1.0009978172248504,1,750.0,300.0,29.41863515781165,17.633859694071536,355.0,rolled,0.0,True,thin_c2,1.6661126178243886,40,71,111,0.0435483455657959,0.00439143180847168,0.04793977737426758
e5_ppo_s45_anneal_linear,scale+thin,15.0,85.45454545454545,5678.659053486651,460,rolled,5789.733058490234,0.01955990031403353,True,True,1.0009860947202123,1,743.8974380493164,297.55897521972656,34.715213775634766,17.92142667433768,355.0,rolled,0.0,True,scale,0.9918632507324219,40,72,112,0.043709754943847656,0.0041658878326416016,0.04787564277648926
e5_ppo_s45_anneal_linear,scale+thin,15.0,96.36363636363636,6293.677091962863,460,rolled,8178.812610667964,0.2995284777340184,True,True,1.0009992157345662,1,750.0,300.0,32.022902986008695,17.964814247726817,500.0,rolled,0.0,True,thin_c3,2.1200071915336283,40,85,125,0.04223442077636719,0.0049321651458740234,0.04716658592224121
e5_ppo_s45_anneal_linear,scale+thin,15.0,107.27272727272728,7396.103440982998,460,rolled,13198.83661656739,0.7845662546349088,True,True,1.0009675351705427,2,733.6921691894531,293.47686767578125,34.23896789550781,14.707745870876634,690.0,rolled,0.0,True,scale,0.9782562255859375,15,82,97,0.015988588333129883,0.004548311233520508,0.02053689956665039
e5_ppo_s45_anneal_linear,scale+thin,15.0,118.18181818181816,13338.283576315587,620,rolled,15043.314375966862,0.1278298508122027,True,True,1.00099718013186,1,750.0,300.0,34.29844546116691,19.219553985433812,690.0,rolled,0.0,True,thin_c3,1.945777959408968,6,83,89,0.0066699981689453125,0.004606723785400391,0.011276721954345703
